step,portfolio_value,prev_prices,curr_prices,returns,action,expert_action,sub_expert_action,real_action,reward
1,0.99869660080162,"[0.9885573704058791, 0.9985930337798049, 0.9908326828163129, 1.0023039276882448, 1.0165618792530844, 1.001073726502613, 0.9876267338004543, 0.998615912584635, 0.9999732979621867, 0.9899201326042356, 0.9916551910174316, 0.9899075688415572, 1.0012853523857776, 0.9988873817471067, 1.0262732746744685, 1.0099071107067468, 0.9972234813012338, 0.9896523389525078, 1.000659706362693, 0.9728987878293861, 1.0033271912852748, 0.9891897839900257, 0.984346431487927, 1.0340052077310662, 0.9854505906979627, 0.9997942444172536, 1.0022255054311031, 1.0057070449413033, 1.0086300273693651, 0.9989476722336481]","[0.9759219850313715, 0.9730219181755363, 1.0003322930921683, 0.9804625423841149, 1.010372376650018, 1.0105079806967996, 0.9816433649373182, 1.004906125611541, 0.9926959685902826, 1.0050329088285943, 1.0021701392468696, 1.0110585114337827, 0.9924839864470287, 1.0121047793197662, 0.9878227661889812, 0.9763252229761674, 1.0337983972416558, 0.9766770408783633, 0.9855064396201845, 0.9779084152293426, 0.9966255558048025, 1.0185680558548054, 0.9867919561542445, 1.0107112201610597, 1.0192080535111108, 1.01468649820365, 1.0278790623161496, 0.9981437436152535, 0.9713994670785299, 0.9998560060514758]","[-0.02407801496862849, -0.026978081824463707, 0.00033229309216831204, -0.0195374576158851, 0.01037237665001789, 0.01050798069679959, -0.018356635062681814, 0.0049061256115410234, -0.00730403140971736, 0.005032908828594307, 0.0021701392468695957, 0.01105851143378267, -0.007516013552971268, 0.012104779319766168, -0.012177233811018762, -0.023674777023832583, 0.033798397241655787, -0.023322959121636733, -0.014493560379815529, -0.022091584770657424, -0.0033744441951975013, 0.018568055854805365, -0.013208043845755468, 0.010711220161059742, 0.019208053511110768, 0.014686498203650089, 0.02787906231614956, -0.001856256384746513, -0.028600532921470134, -0.00014399394852415703]","[0.10514972358942032, 0.0, 0.09993533045053482, 0.0, 0.0, 0.09891641139984131, 0.0, 0.10276100039482117, 0.0, 0.09420352429151535, 0.0, 0.10514972358942032, 0.0, 0.0, 0.0, 0.10514972358942032, 0.09499295800924301, 0.10290193557739258, 0.0, 0.0, 0.09083970636129379, 0.0, 0.0, 0.0, 0.0, 0.0, 0.0, 0.0, 0.0, 0.0]","[0.0, 0.1, 0.1, 0.1, 0.1, 0.1, 0.1, 0.1, 0.1, 0.0, 0.0, 0.0, 0.0, 0.0, 0.0, 0.0, 0.0, 0.0, 0.0, 0.0, 0.0, 0.0, 0.0, 0.0, 0.0, 0.0, 0.0, 0.0, 0.1, 0.1]","[0.009797125429685099, 0.08846589548107409, 0.10015550987776456, 0.09906850951323357, 0.07617719781853614, 0.11244764056135832, 0.08665029048681927, 0.10716252526614797, 0.09764277665435964, 0.009338569753365947, 0.0007724108426170597, 0.0, 0.0, 0.0, 0.0, 0.0021657792157645287, 0.004163716164455586, 0.0, 0.0, 5.656011079270296e-05, 0.0, 0.004534711898796575, 0.0008918287958305656, 0.0, 0.007448637809229808, 0.0, 0.0, 0.0, 0.09832587652912984, 0.09473443779103888]","[0.10514972358942032, 0.0, 0.09993533045053482, 0.0, 0.0, 0.09891641139984131, 0.0, 0.10276100039482117, 0.0, 0.09420352429151535, 0.0, 0.10514972358942032, 0.0, 0.0, 0.0, 0.10514972358942032, 0.09499295800924301, 0.10290193557739258, 0.0, 0.0, 0.09083970636129379, 0.0, 0.0, 0.0, 0.0, 0.0, 0.0, 0.0, 0.0, 0.0]",-0.0013042120604092452
2,0.9980125000551382,"[0.9759219850313715, 0.9730219181755363, 1.0003322930921683, 0.9804625423841149, 1.010372376650018, 1.0105079806967996, 0.9816433649373182, 1.004906125611541, 0.9926959685902826, 1.0050329088285943, 1.0021701392468696, 1.0110585114337827, 0.9924839864470287, 1.0121047793197662, 0.9878227661889812, 0.9763252229761674, 1.0337983972416558, 0.9766770408783633, 0.9855064396201845, 0.9779084152293426, 0.9966255558048025, 1.0185680558548054, 0.9867919561542445, 1.0107112201610597, 1.0192080535111108, 1.01468649820365, 1.0278790623161496, 0.9981437436152535, 0.9713994670785299, 0.9998560060514758]","[0.995746931442276, 0.9827743142041678, 0.9996764231923156, 1.005161736956155, 1.0011301823898922, 1.0177832179928399, 0.9783880803840763, 1.0130437075211933, 1.0154233684875404, 0.9747267321148013, 0.9823806711047672, 0.9956027422993313, 0.9676079762987245, 1.011641983800259, 0.9915168829401776, 1.0089403957126997, 1.006358912741058, 0.9992660879388213, 1.012366976144713, 1.0181834246346149, 0.9942269093290511, 0.9810556545054012, 0.9895564022283487, 0.9936624073201062, 0.989354465607653, 0.9975964511155861, 0.9958217762027488, 1.011632949045956, 1.0125686755124848, 1.0180752571718465]","[-0.004253068557724005, -0.01722568579583217, -0.00032357680768435593, 0.005161736956154961, 0.0011301823898921537, 0.017783217992839884, -0.02161191961592368, 0.013043707521193326, 0.015423368487540445, -0.02527326788519868, -0.017619328895232766, -0.0043972577006686775, -0.032392023701275474, 0.011641983800259048, -0.00848311705982241, 0.008940395712699667, 0.006358912741057932, -0.0007339120611786765, 0.012366976144712938, 0.018183424634614864, -0.005773090670948888, -0.01894434549459878, -0.01044359777165127, -0.006337592679893755, -0.010645534392346945, -0.002403548884413853, -0.00417822379725119, 0.01163294904595591, 0.01256867551248475, 0.018075257171846548]","[0.0, 0.0, 0.0, 0.09597794711589813, 0.0, 0.0, 0.0, 0.0, 0.10376249253749847, 0.0, 0.0, 0.10376249253749847, 0.0, 0.0, 0.0, 0.0, 0.10376249253749847, 0.0, 0.09774576872587204, 0.0, 0.09921051561832428, 0.10363008081912994, 0.09857673197984695, 0.0, 0.0, 0.10204491019248962, 0.09152655303478241, 0.0, 0.0, 0.0]","[0.0, 0.1, 0.1, 0.1, 0.1, 0.1, 0.1, 0.1, 0.1, 0.0, 0.0, 0.0, 0.0, 0.0, 0.0, 0.0, 0.0, 0.0, 0.0, 0.0, 0.0, 0.0, 0.0, 0.0, 0.0, 0.0, 0.0, 0.0, 0.1, 0.1]","[0.0, 0.11022985377416053, 0.10546452560473343, 0.09127018744393699, 0.08402553176303407, 0.09394004878766746, 0.09998516445077082, 0.10104482015489077, 0.09759269813824938, 0.0, 0.014896087382649695, 0.00014043482856844022, 0.0, 0.0014612808272222433, 0.0, 0.007580217856698984, 0.002573908990870794, 0.0, 0.0, 0.0, 0.002044819821577332, 0.0, 0.0, 0.0018942597393506245, 0.0, 0.006762299803392086, 0.0, 0.0004491984089346549, 0.08360087983465186, 0.0950437823886399]","[0.0, 0.0, 0.0, 0.09597794711589813, 0.0, 0.0, 0.0, 0.0, 0.10376249253749847, 0.0, 0.0, 0.10376249253749847, 0.0, 0.0, 0.0, 0.0, 0.10376249253749847, 0.0, 0.09774576872587204, 0.0, 0.09921051561832428, 0.10363008081912994, 0.09857673197984695, 0.0, 0.0, 0.10204491019248962, 0.09152655303478241, 0.0, 0.0, 0.0]",-0.0006852431932078659
3,1.0030763746135523,"[0.995746931442276, 0.9827743142041678, 0.9996764231923156, 1.005161736956155, 1.0011301823898922, 1.0177832179928399, 0.9783880803840763, 1.0130437075211933, 1.0154233684875404, 0.9747267321148013, 0.9823806711047672, 0.9956027422993313, 0.9676079762987245, 1.011641983800259, 0.9915168829401776, 1.0089403957126997, 1.006358912741058, 0.9992660879388213, 1.012366976144713, 1.0181834246346149, 0.9942269093290511, 0.9810556545054012, 0.9895564022283487, 0.9936624073201062, 0.989354465607653, 0.9975964511155861, 0.9958217762027488, 1.011632949045956, 1.0125686755124848, 1.0180752571718465]","[0.9885071901063606, 0.9973031370450968, 0.9758643694125704, 1.0254853620331517, 1.0241875402340384, 1.0180010472247014, 0.9984403777926956, 0.9869419395724484, 0.994757121263959, 1.0122127071310678, 1.00694698976271, 1.0149937080987632, 1.0163599472272622, 0.9922231716603653, 0.9997844233688433, 0.9659404829500091, 0.9979362562451372, 0.9953295014472554, 0.9952175397283927, 0.9825289604268009, 0.992555521750149, 1.0016357647070169, 1.0128070531573647, 1.0033636766953227, 0.9945639448285989, 1.0096426395323064, 0.9991081809494803, 0.9768163583658561, 1.0014193585468172, 1.0077562644314566]","[-0.011492809893639433, -0.002696862954903234, -0.024135630587429624, 0.02548536203315166, 0.02418754023403835, 0.018001047224701416, -0.0015596222073044341, -0.013058060427551643, -0.005242878736041012, 0.012212707131067813, 0.00694698976270991, 0.014993708098763214, 0.016359947227262195, -0.007776828339634667, -0.00021557663115667758, -0.034059517049990884, -0.0020637437548628457, -0.004670498552744595, -0.004782460271607336, -0.017471039573199065, -0.00744447824985095, 0.0016357647070168735, 0.012807053157364745, 0.0033636766953226704, -0.005436055171401111, 0.009642639532306374, -0.0008918190505197154, -0.02318364163414388, 0.0014193585468171843, 0.007756264431456605]","[0.10568314790725708, 0.0, 0.0, 0.0, 0.10568314790725708, 0.10568314790725708, 0.0, 0.0, 0.0, 0.10072667896747589, 0.0, 0.0, 0.0, 0.0, 0.0, 0.0, 0.10528896003961563, 0.10568314790725708, 0.10568314790725708, 0.0, 0.0, 0.10568314790725708, 0.0798109769821167, 0.0, 0.0, 0.0, 0.0, 0.0, 0.0, 0.0800744891166687]","[0.0, 0.1, 0.1, 0.1, 0.1, 0.1, 0.1, 0.1, 0.1, 0.0, 0.0, 0.0, 0.0, 0.0, 0.0, 0.0, 0.0, 0.0, 0.0, 0.0, 0.0, 0.0, 0.0, 0.0, 0.0, 0.0, 0.0, 0.0, 0.1, 0.1]","[0.0, 0.08860905422499782, 0.10138690518158376, 0.08832353374606922, 0.08308443593481582, 0.09736035880220476, 0.09322737745114837, 0.09984527755242609, 0.08276164037684887, 0.0, 0.003067571231355434, 0.0, 0.0, 0.0, 0.004322470778662932, 0.004725961272244746, 0.00382325040157039, 0.02311272255196548, 0.0, 0.0026099911918328438, 0.00874904941604906, 0.01629719652534067, 0.0, 0.007785383186293173, 0.004898283442386377, 0.007761617437334278, 0.011191335110903537, 0.0, 0.0787354682972813, 0.08832111588668515]","[0.10568314790725708, 0.0, 0.0, 0.0, 0.10568314790725708, 0.10568314790725708, 0.0, 0.0, 0.0, 0.10072667896747589, 0.0, 0.0, 0.0, 0.0, 0.0, 0.0, 0.10528896003961563, 0.10568314790725708, 0.10568314790725708, 0.0, 0.0, 0.10568314790725708, 0.0798109769821167, 0.0, 0.0, 0.0, 0.0, 0.0, 0.0, 0.0800744891166687]",0.005005459563055966
4,1.003164947182174,"[0.9885071901063606, 0.9973031370450968, 0.9758643694125704, 1.0254853620331517, 1.0241875402340384, 1.0180010472247014, 0.9984403777926956, 0.9869419395724484, 0.994757121263959, 1.0122127071310678, 1.00694698976271, 1.0149937080987632, 1.0163599472272622, 0.9922231716603653, 0.9997844233688433, 0.9659404829500091, 0.9979362562451372, 0.9953295014472554, 0.9952175397283927, 0.9825289604268009, 0.992555521750149, 1.0016357647070169, 1.0128070531573647, 1.0033636766953227, 0.9945639448285989, 1.0096426395323064, 0.9991081809494803, 0.9768163583658561, 1.0014193585468172, 1.0077562644314566]","[0.9977167111954294, 0.9982461183194365, 1.0102875994193217, 1.0059682034355544, 0.9745077584944176, 1.0168179563096955, 0.9926699433746977, 0.9936457214721467, 0.995761193396769, 0.9778125391555462, 0.9837062258755168, 0.9944508217034274, 1.001193180483769, 1.025985414809132, 0.982411240418234, 0.9994641318226462, 1.017267153992177, 0.9997484990364042, 1.014776861059282, 0.9905231697213639, 1.0070723899941403, 0.9913821116300141, 1.006025416333812, 0.9993161093162155, 0.9909494404562483, 0.9954769581923767, 0.9992557065969377, 1.0089467158984575, 1.0230396459432438, 1.006815345279897]","[-0.0022832888045706268, -0.0017538816805634516, 0.010287599419321669, 0.005968203435554376, -0.02549224150558238, 0.016817956309695514, -0.007330056625302284, -0.006354278527853308, -0.004238806603230949, -0.022187460844453777, -0.016293774124483185, -0.005549178296572643, 0.0011931804837690407, 0.02598541480913208, -0.017588759581765978, -0.0005358681773538487, 0.01726715399217693, -0.00025150096359582985, 0.014776861059281998, -0.009476830278636106, 0.007072389994140282, -0.008617888369985893, 0.006025416333812039, -0.0006838906837844938, -0.009050559543751668, -0.004523041807623307, -0.0007442934030622572, 0.008946715898457525, 0.023039645943243814, 0.006815345279896912]","[0.0, 0.0, 0.0, 0.0, 0.1042214035987854, 0.0, 0.0, 0.0, 0.0, 0.0, 0.0, 0.1042214035987854, 0.0, 0.0, 0.1042214035987854, 0.0888591930270195, 0.088578000664711, 0.1042214035987854, 0.1042214035987854, 0.0, 0.0930129811167717, 0.1042214035987854, 0.0, 0.0, 0.0, 0.0, 0.0, 0.0, 0.1042214035987854, 0.0]","[0.0, 0.1, 0.1, 0.1, 0.1, 0.1, 0.1, 0.1, 0.1, 0.0, 0.0, 0.0, 0.0, 0.0, 0.0, 0.0, 0.0, 0.0, 0.0, 0.0, 0.0, 0.0, 0.0, 0.0, 0.0, 0.0, 0.0, 0.0, 0.1, 0.1]","[0.0, 0.08612204783830989, 0.0892694101333503, 0.0831078529584507, 0.0848944588983326, 0.10235510602314868, 0.08547650841151314, 0.09259262365636782, 0.08618288658785599, 0.0, 0.004586301809011303, 0.00549390742836655, 0.003821519838560156, 0.0020846512746282757, 0.007428930459371843, 0.0021028361955064924, 0.001699909545078765, 0.007014873138774176, 0.0070006839327076045, 0.009559852693727576, 0.007269783666997226, 0.0, 0.0, 0.007331105912269727, 0.008517990773661076, 0.010784521009276711, 0.010213708496300067, 0.0, 0.09536155993614959, 0.09972696938228383]","[0.0, 0.0, 0.0, 0.0, 0.1042214035987854, 0.0, 0.0, 0.0, 0.0, 0.0, 0.0, 0.1042214035987854, 0.0, 0.0, 0.1042214035987854, 0.0888591930270195, 0.088578000664711, 0.1042214035987854, 0.1042214035987854, 0.0, 0.0930129811167717, 0.1042214035987854, 0.0, 0.0, 0.0, 0.0, 0.0, 0.0, 0.1042214035987854, 0.0]",-6.81503745360224e-05
5,1.0022234869829931,"[0.9977167111954294, 0.9982461183194365, 1.0102875994193217, 1.0059682034355544, 0.9745077584944176, 1.0168179563096955, 0.9926699433746977, 0.9936457214721467, 0.995761193396769, 0.9778125391555462, 0.9837062258755168, 0.9944508217034274, 1.001193180483769, 1.025985414809132, 0.982411240418234, 0.9994641318226462, 1.017267153992177, 0.9997484990364042, 1.014776861059282, 0.9905231697213639, 1.0070723899941403, 0.9913821116300141, 1.006025416333812, 0.9993161093162155, 0.9909494404562483, 0.9954769581923767, 0.9992557065969377, 1.0089467158984575, 1.0230396459432438, 1.006815345279897]","[0.9855434583628819, 0.977234833864851, 1.0102382661233684, 1.000762184711294, 1.0043585672243358, 0.9943810236224062, 0.991711059781321, 1.0002208723620414, 0.9927259725233781, 0.9965120320678791, 1.0179367540942343, 0.9963104384203324, 0.9932212112250985, 1.013306128082111, 1.0039170942081899, 1.0129840390100575, 0.9729668859540755, 0.9991896450882816, 1.0131462018305082, 1.0126422406787725, 0.9942897700134475, 1.0009284468676372, 1.024098381654675, 1.0016100373152366, 0.9800932085001078, 0.9887682504906794, 0.9834890175472338, 0.9891788696554012, 1.019316123312922, 0.9951327377379395]","[-0.01445654163711807, -0.022765166135149006, 0.010238266123368422, 0.0007621847112939673, 0.0043585672243358076, -0.005618976377593787, -0.008288940218678986, 0.00022087236204137994, -0.007274027476621869, -0.0034879679321209167, 0.017936754094234342, -0.0036895615796675996, -0.006778788774901456, 0.013306128082110957, 0.003917094208189864, 0.012984039010057513, -0.027033114045924456, -0.0008103549117184361, 0.013146201830508186, 0.01264224067877251, -0.005710229986552462, 0.000928446867637156, 0.024098381654674927, 0.0016100373152365677, -0.019906791499892162, -0.011231749509320599, -0.016510982452766165, -0.01082113034459875, 0.019316123312921984, -0.004867262262060468]","[0.0, 0.0, 0.10662882030010223, 0.10662882030010223, 0.0, 0.10662882030010223, 0.0, 0.0, 0.0, 0.10662882030010223, 0.0, 0.0, 0.0, 0.0, 0.0, 0.0, 0.0, 0.0, 0.0, 0.10646434128284454, 0.10662882030010223, 0.10662882030010223, 0.0, 0.06462903320789337, 0.0, 0.08250495791435242, 0.0, 0.10662882030010223, 0.0, 0.0]","[0.0, 0.1, 0.1, 0.1, 0.1, 0.1, 0.1, 0.1, 0.1, 0.0, 0.0, 0.0, 0.0, 0.0, 0.0, 0.0, 0.0, 0.0, 0.0, 0.0, 0.0, 0.0, 0.0, 0.0, 0.0, 0.0, 0.0, 0.0, 0.1, 0.1]","[0.0, 0.10362876414050576, 0.08610668052801394, 0.09642117236301025, 0.0780650451993469, 0.09102545839475434, 0.09259826549359293, 0.08769855454341732, 0.10159917172882048, 0.0, 0.0030434484351241813, 0.0, 0.015880736901852516, 0.0, 0.0, 0.017043775484353624, 0.0, 0.0038980743985564596, 0.013323638790411608, 0.00679693308686774, 0.0, 0.0, 0.0, 0.0019516917840611536, 0.0, 0.0, 0.0, 0.010829136948511989, 0.10019509668518779, 0.08989435509361092]","[0.0, 0.0, 0.10662882030010223, 0.10662882030010223, 0.0, 0.10662882030010223, 0.0, 0.0, 0.0, 0.10662882030010223, 0.0, 0.0, 0.0, 0.0, 0.0, 0.0, 0.0, 0.0, 0.0, 0.10646434128284454, 0.10662882030010223, 0.10662882030010223, 0.0, 0.06462903320789337, 0.0, 0.08250495791435242, 0.0, 0.10662882030010223, 0.0, 0.0]",-0.0009902560191820792
6,0.9948953023931182,"[0.9855434583628819, 0.977234833864851, 1.0102382661233684, 1.000762184711294, 1.0043585672243358, 0.9943810236224062, 0.991711059781321, 1.0002208723620414, 0.9927259725233781, 0.9965120320678791, 1.0179367540942343, 0.9963104384203324, 0.9932212112250985, 1.013306128082111, 1.0039170942081899, 1.0129840390100575, 0.9729668859540755, 0.9991896450882816, 1.0131462018305082, 1.0126422406787725, 0.9942897700134475, 1.0009284468676372, 1.024098381654675, 1.0016100373152366, 0.9800932085001078, 0.9887682504906794, 0.9834890175472338, 0.9891788696554012, 1.019316123312922, 0.9951327377379395]","[0.9796628668139802, 1.0185221177213495, 0.9971543043299338, 1.006847489131668, 1.0002507188207295, 0.9988377009760168, 0.9904823004192743, 0.9720982858468388, 1.0038278055336562, 0.9999326768660268, 0.9943828177994656, 0.9781535840479907, 1.0064103129950894, 1.001176906348684, 1.012712496426227, 1.009020421780791, 0.9845483029408739, 1.0210145167069125, 0.9937731066405117, 1.0036589846872987, 0.9869751662046337, 1.0114620012819044, 1.006619737956277, 1.0031224332067799, 1.0026311581070955, 0.9847416364905273, 0.997069668138657, 1.0011568270097286, 0.9985537388968935, 0.9951537727116311]","[-0.020337133186019818, 0.018522117721349485, -0.002845695670066206, 0.006847489131668105, 0.0002507188207294675, -0.0011622990239832376, -0.00951769958072568, -0.027901714153161228, 0.0038278055336562478, -6.732313397317391e-05, -0.005617182200534421, -0.021846415952009313, 0.006410312995089429, 0.0011769063486839482, 0.012712496426227071, 0.009020421780790988, -0.01545169705912608, 0.021014516706912456, -0.006226893359488339, 0.0036589846872987497, -0.013024833795366342, 0.011462001281904444, 0.006619737956276905, 0.003122433206779851, 0.002631158107095466, -0.015258363509472739, -0.0029303318613429497, 0.0011568270097286337, -0.0014462611031065276, -0.004846227288368921]","[0.0, 0.0, 0.0, 0.0, 0.0, 0.0, 0.0, 0.1005064994096756, 0.0, 0.0, 0.0, 0.09544146806001663, 0.0, 0.0, 0.0, 0.0, 0.1005064994096756, 0.0, 0.1005064994096756, 0.0, 0.1005064994096756, 0.0, 0.1005064994096756, 0.1005064994096756, 0.1005064994096756, 0.0, 0.1005064994096756, 0.1005064994096756, 0.0, 0.0]","[0.0, 0.1, 0.1, 0.1, 0.1, 0.1, 0.1, 0.1, 0.1, 0.0, 0.0, 0.0, 0.0, 0.0, 0.0, 0.0, 0.0, 0.0, 0.0, 0.0, 0.0, 0.0, 0.0, 0.0, 0.0, 0.0, 0.0, 0.0, 0.1, 0.1]","[0.0, 0.08776767634800756, 0.0898052865626066, 0.07991150053385504, 0.09630416612469363, 0.09773696420859027, 0.08751863147997795, 0.1047190034700543, 0.10143206899074621, 0.0, 0.0, 0.0013729354179515818, 0.013133534997614457, 0.0030982115353331897, 0.0, 0.006532256819156434, 0.0, 0.004185921962717058, 0.01250585052836586, 0.0042643147814269864, 0.013716873759847753, 0.007520875105182734, 0.0, 0.00877289596565522, 0.005887690579687132, 0.0, 0.0, 0.0, 0.08577735830897432, 0.08803598251955576]","[0.0, 0.0, 0.0, 0.0, 0.0, 0.0, 0.0, 0.1005065068602562, 0.0, 0.0, 0.0, 0.09544147551059723, 0.0, 0.0, 0.0, 0.0, 0.1005065068602562, 0.0, 0.1005065068602562, 0.0, 0.1005065068602562, 0.0, 0.1005065068602562, 0.1005065068602562, 0.1005065068602562, 0.0, 0.1005065068602562, 0.1005065068602562, 0.0, 0.0]",-0.007762415028079048
7,1.0011131055415408,"[0.9796628668139802, 1.0185221177213495, 0.9971543043299338, 1.006847489131668, 1.0002507188207295, 0.9988377009760168, 0.9904823004192743, 0.9720982858468388, 1.0038278055336562, 0.9999326768660268, 0.9943828177994656, 0.9781535840479907, 1.0064103129950894, 1.001176906348684, 1.012712496426227, 1.009020421780791, 0.9845483029408739, 1.0210145167069125, 0.9937731066405117, 1.0036589846872987, 0.9869751662046337, 1.0114620012819044, 1.006619737956277, 1.0031224332067799, 1.0026311581070955, 0.9847416364905273, 0.997069668138657, 1.0011568270097286, 0.9985537388968935, 0.9951537727116311]","[1.0042578173695744, 0.9864596559964539, 1.0139622681407838, 0.9948483965232366, 1.0021997712217283, 1.0122824158032087, 0.992983520126526, 0.991485897861731, 1.0174238662505197, 0.9994598009119492, 1.0106205766820398, 0.9983038480235178, 1.0049682845901182, 1.009603054209685, 1.0078381357424246, 1.0177697805641148, 1.0085693916941998, 0.9903850004169464, 1.016650035505686, 0.9826644989257032, 1.007175411711264, 1.0083826164730427, 0.9835025642479982, 0.9933934067660165, 1.0146782060887292, 1.010762065507296, 1.0177389028986095, 0.996176240833525, 1.0165899227564552, 0.9739560590737716]","[0.004257817369574424, -0.01354034400354609, 0.013962268140783829, -0.005151603476763356, 0.0021997712217283194, 0.012282415803208657, -0.00701647987347398, -0.008514102138268975, 0.017423866250519726, -0.0005401990880508079, 0.01062057668203975, -0.0016961519764822075, 0.0049682845901182215, 0.009603054209684991, 0.007838135742424646, 0.017769780564114823, 0.00856939169419979, -0.009614999583053563, 0.016650035505686, -0.017335501074296822, 0.0071754117112639015, 0.008382616473042726, -0.0164974357520018, -0.006606593233983493, 0.014678206088729162, 0.01076206550729597, 0.017738902898609465, -0.003823759166475038, 0.01658992275645521, -0.026043940926228415]","[0.0, 0.0, 0.0, 0.0, 0.0, 0.0, 0.0, 0.0, 0.10252215713262558, 0.0, 0.0, 0.10252215713262558, 0.0, 0.0, 0.0, 0.10252215713262558, 0.08945336937904358, 0.0, 0.10108692198991776, 0.10252215713262558, 0.10252215713262558, 0.0, 0.09180448949337006, 0.0, 0.0, 0.10252215713262558, 0.10252215713262558, 0.0, 0.0, 0.0]","[0.0, 0.1, 0.1, 0.1, 0.1, 0.1, 0.1, 0.1, 0.1, 0.0, 0.0, 0.0, 0.0, 0.0, 0.0, 0.0, 0.0, 0.0, 0.0, 0.0, 0.0, 0.0, 0.0, 0.0, 0.0, 0.0, 0.0, 0.0, 0.1, 0.1]","[0.0, 0.10737019176244852, 0.08230603442539801, 0.08182997715829161, 0.09321000612816774, 0.09404128809925859, 0.08951046576488841, 0.09235348255943597, 0.08360522321556904, 0.0, 0.0, 0.0029826319727369772, 0.0, 0.005893107521911133, 0.016679387623040234, 0.009889283190709476, 0.007118259257656455, 0.0, 0.0, 0.0, 0.007398091105333042, 0.009761999051567395, 0.0, 0.018715629931959108, 0.0, 0.0, 0.0006483508944171198, 0.0, 0.09243317144022126, 0.10425341889698979]","[0.0, 0.0, 0.0, 0.0, 0.0, 0.0, 0.0, 0.0, 0.10252217203378677, 0.0, 0.0, 0.10252217203378677, 0.0, 0.0, 0.0, 0.10252217203378677, 0.08945337682962418, 0.0, 0.10108693689107895, 0.10252217203378677, 0.10252217203378677, 0.0, 0.09180449694395065, 0.0, 0.0, 0.10252217203378677, 0.10252217203378677, 0.0, 0.0, 0.0]",0.005933584502269275
8,1.0032266228722135,"[1.0042578173695744, 0.9864596559964539, 1.0139622681407838, 0.9948483965232366, 1.0021997712217283, 1.0122824158032087, 0.992983520126526, 0.991485897861731, 1.0174238662505197, 0.9994598009119492, 1.0106205766820398, 0.9983038480235178, 1.0049682845901182, 1.009603054209685, 1.0078381357424246, 1.0177697805641148, 1.0085693916941998, 0.9903850004169464, 1.016650035505686, 0.9826644989257032, 1.007175411711264, 1.0083826164730427, 0.9835025642479982, 0.9933934067660165, 1.0146782060887292, 1.010762065507296, 1.0177389028986095, 0.996176240833525, 1.0165899227564552, 0.9739560590737716]","[0.9864019289014226, 0.9872442782684128, 0.9906556280331292, 0.9943496374654816, 1.0071055542368883, 1.004850945488951, 0.9976317293892335, 0.9858804765265071, 0.9965044480594671, 0.9896629077787638, 1.0052658334030053, 1.0238611673515756, 1.0086994015385045, 0.9967815526812203, 1.023199164381791, 1.0024837195167287, 0.9812158919469439, 0.9746321888197415, 0.9794756462281273, 1.0157958099853794, 1.0087105130444043, 1.0244571440089727, 1.0063905932398785, 1.0163447441972355, 1.0040940948720676, 1.020595854719576, 1.0162344707097861, 1.0055645775743638, 1.010267974234949, 0.9985361200838225]","[-0.013598071098577358, -0.012755721731587233, -0.009344371966870768, -0.005650362534518449, 0.007105554236888301, 0.004850945488950931, -0.0023682706107664986, -0.014119523473492879, -0.0034955519405328594, -0.010337092221236244, 0.005265833403005349, 0.02386116735157562, 0.008699401538504459, -0.003218447318779738, 0.023199164381791038, 0.002483719516728655, -0.01878410805305608, -0.025367811180258548, -0.020524353771872672, 0.01579580998537944, 0.008710513044404289, 0.024457144008972698, 0.00639059323987845, 0.016344744197235528, 0.004094094872067577, 0.020595854719575923, 0.01623447070978612, 0.005564577574363794, 0.010267974234948962, -0.0014638799161774685]","[0.0751970037817955, 0.0, 0.11845234781503677, 0.0, 0.0, 0.06015867739915848, 0.0, 0.0, 0.0, 0.0, 0.12347868084907532, 0.0, 0.0, 0.0, 0.0, 0.0, 0.12347868084907532, 0.04917890951037407, 0.0, 0.0, 0.0, 0.10529680550098419, 0.0, 0.09780151396989822, 0.0, 0.0, 0.12347868084907532, 0.12347868084907532, 0.0, 0.0]","[0.0, 0.1, 0.1, 0.1, 0.1, 0.1, 0.1, 0.1, 0.1, 0.0, 0.0, 0.0, 0.0, 0.0, 0.0, 0.0, 0.0, 0.0, 0.0, 0.0, 0.0, 0.0, 0.0, 0.0, 0.0, 0.0, 0.0, 0.0, 0.1, 0.1]","[0.00017159302249620382, 0.10242593131007068, 0.08633855364933428, 0.08435838170920092, 0.10367379315667836, 0.08967005440043974, 0.08685687955424223, 0.08932541082935783, 0.09506026385289265, 0.0, 0.004489900315919352, 0.0, 0.004723883278227146, 0.0, 0.016172971920637803, 0.011212631227630864, 0.003166942945150006, 0.0, 0.014395740856264608, 0.0, 0.0025624348923942377, 0.0, 4.282017464046603e-05, 0.006904620665406916, 0.0, 0.005327548817447682, 0.0, 0.006712508446131624, 0.10618040060362897, 0.0802267343718073]","[0.0751970112323761, 0.0, 0.11845236271619797, 0.0, 0.0, 0.060158684849739075, 0.0, 0.0, 0.0, 0.0, 0.12347869575023651, 0.0, 0.0, 0.0, 0.0, 0.0, 0.12347869575023651, 0.049178916960954666, 0.0, 0.0, 0.0, 0.10529682040214539, 0.0, 0.09780152887105942, 0.0, 0.0, 0.12347869575023651, 0.12347869575023651, 0.0, 0.0]",0.0016173073322292707
9,1.0002523702618147,"[0.9864019289014226, 0.9872442782684128, 0.9906556280331292, 0.9943496374654816, 1.0071055542368883, 1.004850945488951, 0.9976317293892335, 0.9858804765265071, 0.9965044480594671, 0.9896629077787638, 1.0052658334030053, 1.0238611673515756, 1.0086994015385045, 0.9967815526812203, 1.023199164381791, 1.0024837195167287, 0.9812158919469439, 0.9746321888197415, 0.9794756462281273, 1.0157958099853794, 1.0087105130444043, 1.0244571440089727, 1.0063905932398785, 1.0163447441972355, 1.0040940948720676, 1.020595854719576, 1.0162344707097861, 1.0055645775743638, 1.010267974234949, 0.9985361200838225]","[0.9934406540932827, 1.0206812523179312, 1.0010033569498442, 0.9857083216400154, 1.0081579792088338, 1.0015265628316012, 0.992468338560806, 1.0183114260647346, 1.010739705229585, 1.0010245822370811, 0.9978336560237554, 0.986106498111476, 0.9876374753698866, 1.002429296834572, 1.0148547235305103, 0.9906816890944847, 1.0189577187363807, 0.9961677491164276, 0.9882002587179846, 0.9829181327770972, 0.9965735782232239, 0.9960311404898847, 0.9917698369487872, 1.002506819363595, 1.015656321088238, 1.006187391191776, 1.0178911289578234, 1.0002634312237428, 1.0143332588803107, 0.9970544298055197]","[-0.006559345906717251, 0.020681252317931165, 0.001003356949844214, -0.014291678359984572, 0.008157979208833765, 0.0015265628316012414, -0.007531661439194037, 0.01831142606473457, 0.010739705229585006, 0.0010245822370811286, -0.0021663439762446, -0.013893501888524007, -0.012362524630113447, 0.002429296834572048, 0.014854723530510316, -0.00931831090551527, 0.018957718736380746, -0.003832250883572419, -0.011799741282015441, -0.017081867222902836, -0.0034264217767761007, -0.003968859510115275, -0.008230163051212824, 0.002506819363595092, 0.01565632108823789, 0.006187391191776026, 0.01789112895782341, 0.00026343122374283823, 0.014333258880310673, -0.0029455701944802737]","[0.0, 0.0, 0.08632957190275192, 0.0, 0.0, 0.0, 0.12173980474472046, 0.0, 0.0, 0.0, 0.12173980474472046, 0.0, 0.0, 0.0, 0.10597715526819229, 0.1144276037812233, 0.0, 0.0, 0.0, 0.09960667788982391, 0.07254453748464584, 0.0, 0.11690764129161835, 0.0, 0.0, 0.0, 0.0, 0.0, 0.05827804654836655, 0.10244911909103394]","[0.0, 0.1, 0.1, 0.1, 0.1, 0.1, 0.1, 0.1, 0.1, 0.0, 0.0, 0.0, 0.0, 0.0, 0.0, 0.0, 0.0, 0.0, 0.0, 0.0, 0.0, 0.0, 0.0, 0.0, 0.0, 0.0, 0.0, 0.0, 0.1, 0.1]","[0.0, 0.09994915053607438, 0.09735827487318525, 0.07928560183750201, 0.09423835595058351, 0.11164547093363773, 0.0906443517759844, 0.09240787307232375, 0.08789383234038513, 0.0, 0.0, 0.0, 0.0, 0.0, 0.0, 0.0, 0.0, 0.0, 0.0037153662356934195, 0.0, 0.013335164620629853, 0.021369140810790093, 0.0016035444531354547, 0.0, 0.0, 0.007981626314594545, 0.004072109371976458, 0.0, 0.11210349085273964, 0.08239664602076431]","[0.0, 0.0, 0.08632957935333252, 0.0, 0.0, 0.0, 0.12173981219530106, 0.0, 0.0, 0.0, 0.12173981219530106, 0.0, 0.0, 0.0, 0.10597716271877289, 0.1144276112318039, 0.0, 0.0, 0.0, 0.09960668534040451, 0.07254454493522644, 0.0, 0.11690764874219894, 0.0, 0.0, 0.0, 0.0, 0.0, 0.058278050273656845, 0.10244912654161453]",-0.003543611975000398
10,1.0027720510092264,"[0.9934406540932827, 1.0206812523179312, 1.0010033569498442, 0.9857083216400154, 1.0081579792088338, 1.0015265628316012, 0.992468338560806, 1.0183114260647346, 1.010739705229585, 1.0010245822370811, 0.9978336560237554, 0.986106498111476, 0.9876374753698866, 1.002429296834572, 1.0148547235305103, 0.9906816890944847, 1.0189577187363807, 0.9961677491164276, 0.9882002587179846, 0.9829181327770972, 0.9965735782232239, 0.9960311404898847, 0.9917698369487872, 1.002506819363595, 1.015656321088238, 1.006187391191776, 1.0178911289578234, 1.0002634312237428, 1.0143332588803107, 0.9970544298055197]","[0.9934689016965084, 1.0011611114789116, 1.0176739442722842, 1.0103566151410308, 0.9736216955597332, 0.9798184234403264, 1.0040599609191443, 1.0208377304987237, 1.037892823132161, 0.9883106324368159, 0.9908570445303161, 0.9989393573342176, 1.005003203356266, 0.9984724389473066, 1.0094083504497124, 0.9881404806175201, 1.0020257809500197, 0.983366026628844, 1.0366517394236847, 0.9890529101426156, 0.999312629845487, 0.9931344415879221, 0.9889994368571215, 1.0281219906860815, 0.9933518044108104, 1.0069266792146538, 0.9953629657394825, 1.0054217977389337, 0.981978646058724, 0.9943590622001786]","[-0.006531098303491634, 0.001161111478911625, 0.017673944272284192, 0.010356615141030812, -0.026378304440266787, -0.020181576559673564, 0.00405996091914429, 0.020837730498723728, 0.03789282313216091, -0.011689367563184061, -0.009142955469683911, -0.0010606426657824297, 0.005003203356265917, -0.0015275610526933603, 0.009408350449712444, -0.011859519382479866, 0.0020257809500197066, -0.01663397337115602, 0.036651739423684715, -0.010947089857384351, -0.000687370154513034, -0.006865558412077921, -0.01100056314287845, 0.028121990686081455, -0.006648195589189609, 0.006926679214653841, -0.004637034260517536, 0.005421797738933698, -0.01802135394127602, -0.005640937799821444]","[0.0, 0.10992421209812164, 0.0, 0.0, 0.0, 0.0, 0.0, 0.04020495340228081, 0.10992421209812164, 0.09618305414915085, 0.0, 0.0, 0.0, 0.0, 0.0, 0.10992421209812164, 0.10992421209812164, 0.10992421209812164, 0.10992421209812164, 0.0, 0.0, 0.0, 0.0, 0.0, 0.09414242208003998, 0.0, 0.0, 0.0, 0.10992421209812164, 0.0]","[0.0, 0.1, 0.1, 0.1, 0.1, 0.1, 0.1, 0.1, 0.1, 0.0, 0.0, 0.0, 0.0, 0.0, 0.0, 0.0, 0.0, 0.0, 0.0, 0.0, 0.0, 0.0, 0.0, 0.0, 0.0, 0.0, 0.0, 0.0, 0.1, 0.1]","[0.0, 0.09495694035235121, 0.09597818817304991, 0.09985621364247345, 0.09171280864968896, 0.09861045357522516, 0.08074308192123468, 0.10013849359230874, 0.07686447071532258, 0.009660753375252644, 0.0, 0.020490550993064804, 0.003942645941564336, 0.0, 0.004902122569595764, 0.0108997496262322, 0.0, 0.0, 0.00979443986540114, 0.0073200550920388035, 0.0, 0.0, 0.012409958958167542, 0.0, 0.0, 0.0071096335059291525, 0.0, 0.0, 0.07364028644656859, 0.10096915300453034]","[0.0, 0.10992422699928284, 0.0, 0.0, 0.0, 0.0, 0.0, 0.040204957127571106, 0.10992422699928284, 0.09618306905031204, 0.0, 0.0, 0.0, 0.0, 0.0, 0.10992422699928284, 0.10992422699928284, 0.10992422699928284, 0.10992422699928284, 0.0, 0.0, 0.0, 0.0, 0.0, 0.09414243698120117, 0.0, 0.0, 0.0, 0.10992422699928284, 0.0]",0.0019633165258398835
11,0.9971625511183703,"[0.9934689016965084, 1.0011611114789116, 1.0176739442722842, 1.0103566151410308, 0.9736216955597332, 0.9798184234403264, 1.0040599609191443, 1.0208377304987237, 1.037892823132161, 0.9883106324368159, 0.9908570445303161, 0.9989393573342176, 1.005003203356266, 0.9984724389473066, 1.0094083504497124, 0.9881404806175201, 1.0020257809500197, 0.983366026628844, 1.0366517394236847, 0.9890529101426156, 0.999312629845487, 0.9931344415879221, 0.9889994368571215, 1.0281219906860815, 0.9933518044108104, 1.0069266792146538, 0.9953629657394825, 1.0054217977389337, 0.981978646058724, 0.9943590622001786]","[1.0079636635237965, 0.996917865540957, 0.9858437884997576, 1.0125602642077147, 1.0164163001772657, 0.9870436750407438, 1.0261384224882923, 1.003177745682659, 0.9802766780158578, 1.01067538061486, 0.981718436038579, 0.9976756960128661, 1.018491899424635, 1.007649245224717, 0.9970340548757596, 0.9981073900726956, 1.00723870884681, 0.9814301251428312, 1.022069198667217, 1.0098652043103649, 1.001458681430734, 1.0078541524746174, 0.9914568666302087, 0.992053844539696, 0.9853190056608458, 0.995355019871225, 0.9857159752014644, 0.9961119761484692, 0.9825038344899901, 1.0019496029807797]","[0.007963663523796516, -0.00308213445904304, -0.014156211500242377, 0.012560264207714722, 0.016416300177265697, -0.012956324959256249, 0.026138422488292345, 0.003177745682658939, -0.019723321984142173, 0.010675380614860064, -0.018281563961421, -0.002324303987133902, 0.018491899424635028, 0.007649245224716994, -0.002965945124240421, -0.001892609927304445, 0.007238708846809994, -0.018569874857168767, 0.022069198667217016, 0.009865204310364861, 0.0014586814307340212, 0.007854152474617404, -0.00854313336979129, -0.007946155460303972, -0.014680994339154152, -0.004644980128775011, -0.014284024798535633, -0.003888023851530753, -0.017496165510009876, 0.00194960298077973]","[0.0, 0.0, 0.0, 0.0, 0.0, 0.10242073982954025, 0.0, 0.10242073982954025, 0.0, 0.10242073982954025, 0.10242073982954025, 0.0, 0.0, 0.0, 0.10242073982954025, 0.10242073982954025, 0.10242073982954025, 0.10242073982954025, 0.0, 0.0, 0.0, 0.0, 0.0, 0.0, 0.0, 0.07821333408355713, 0.0, 0.0, 0.10242073982954025, 0.0]","[0.0, 0.1, 0.1, 0.1, 0.1, 0.1, 0.1, 0.1, 0.1, 0.0, 0.0, 0.0, 0.0, 0.0, 0.0, 0.0, 0.0, 0.0, 0.0, 0.0, 0.0, 0.0, 0.0, 0.0, 0.0, 0.0, 0.0, 0.0, 0.1, 0.1]","[0.0, 0.10831025245308072, 0.09308903638706599, 0.09617035638827391, 0.1003189980779383, 0.09618202783448333, 0.11181533743370799, 0.09862977788327683, 0.08350371358171475, 0.011167320464241796, 0.0, 0.0006340630549836256, 0.0025705602069003505, 0.0008981736523298675, 0.0, 0.0, 0.0, 0.0, 0.0, 0.0, 0.0, 0.0015310708263596325, 0.0, 0.0, 0.0, 0.012516768505815415, 0.0, 0.0, 0.08568422764517916, 0.09697831560464816]","[0.0, 0.0, 0.0, 0.0, 0.0, 0.10242073982954025, 0.0, 0.10242073982954025, 0.0, 0.10242073982954025, 0.10242073982954025, 0.0, 0.0, 0.0, 0.10242073982954025, 0.10242073982954025, 0.10242073982954025, 0.10242073982954025, 0.0, 0.0, 0.0, 0.0, 0.0, 0.0, 0.0, 0.07821333408355713, 0.0, 0.0, 0.10242073982954025, 0.0]",-0.005948914850414296
12,0.99518595847078,"[1.0079636635237965, 0.996917865540957, 0.9858437884997576, 1.0125602642077147, 1.0164163001772657, 0.9870436750407438, 1.0261384224882923, 1.003177745682659, 0.9802766780158578, 1.01067538061486, 0.981718436038579, 0.9976756960128661, 1.018491899424635, 1.007649245224717, 0.9970340548757596, 0.9981073900726956, 1.00723870884681, 0.9814301251428312, 1.022069198667217, 1.0098652043103649, 1.001458681430734, 1.0078541524746174, 0.9914568666302087, 0.992053844539696, 0.9853190056608458, 0.995355019871225, 0.9857159752014644, 0.9961119761484692, 0.9825038344899901, 1.0019496029807797]","[1.010941626180786, 0.9927774067471737, 0.9961778849360614, 1.011591215115194, 0.9997904204462952, 0.9941880771912845, 1.0038688798041469, 0.981010518275643, 0.994671812027532, 1.0103652491888009, 1.0322516540529327, 0.9739994823492036, 1.0041516955309948, 0.9872785795316407, 1.0073224409560857, 1.0063956070479674, 1.0141197742340555, 0.988565754780646, 1.0113742365075025, 0.9978771983754325, 1.0032950936997973, 0.9918017116083885, 1.0217898206928626, 0.9909533636787758, 1.000567698757421, 0.9988401280281833, 0.9766755854662557, 0.9999972539208769, 0.983627965496869, 1.008701203854293]","[0.01094162618078598, -0.007222593252826259, -0.0038221150639385915, 0.011591215115194009, -0.0002095795537048195, -0.005811922808715453, 0.003868879804146852, -0.018989481724356994, -0.005328187972468035, 0.010365249188800885, 0.03225165405293273, -0.026000517650796362, 0.0041516955309948145, -0.012721420468359335, 0.007322440956085696, 0.006395607047967378, 0.014119774234055527, -0.011434245219353989, 0.011374236507502467, -0.002122801624567461, 0.0032950936997973024, -0.008198288391611519, 0.021789820692862616, -0.009046636321224155, 0.0005676987574210202, -0.0011598719718166617, -0.023324414533744342, -2.74607912309488e-06, -0.01637203450313096, 0.008701203854293071]","[0.0, 0.0, 0.0, 0.0, 0.0, 0.0, 0.0, 0.0, 0.07933221757411957, 0.09873213618993759, 0.0, 0.0, 0.10397446900606155, 0.10658171027898788, 0.0, 0.0, 0.0, 0.10658171027898788, 0.0, 0.0, 0.10658171027898788, 0.10658171027898788, 0.08479354530572891, 0.0, 0.0, 0.10658171027898788, 0.0, 0.0, 0.10025913268327713, 0.0]","[0.0, 0.1, 0.1, 0.1, 0.1, 0.1, 0.1, 0.1, 0.1, 0.0, 0.0, 0.0, 0.0, 0.0, 0.0, 0.0, 0.0, 0.0, 0.0, 0.0, 0.0, 0.0, 0.0, 0.0, 0.0, 0.0, 0.0, 0.0, 0.1, 0.1]","[0.0033745888187158356, 0.09504962994750274, 0.08921339270106875, 0.086732041873803, 0.09305799576159648, 0.09421279640969112, 0.095944929434643, 0.0869350272613821, 0.08862717773821734, 0.0, 0.00012770733219849431, 0.0, 0.009972598001444434, 0.0068411891029826885, 0.003972367000741349, 0.0, 0.0, 0.009409266735413967, 0.008537623798934527, 0.0, 0.0, 0.00982466575332566, 0.0, 0.0, 0.0007645785809233429, 0.0, 0.022812028560914185, 0.0, 0.10077305827908303, 0.09381733690741793]","[0.0, 0.0, 0.0, 0.0, 0.0, 0.0, 0.0, 0.0, 0.07933221012353897, 0.0987321212887764, 0.0, 0.0, 0.10397445410490036, 0.10658169537782669, 0.0, 0.0, 0.0, 0.10658169537782669, 0.0, 0.0, 0.10658169537782669, 0.10658169537782669, 0.08479353785514832, 0.0, 0.0, 0.10658169537782669, 0.0, 0.0, 0.10025911778211594, 0.0]",-0.0023023987393681216
13,0.9965595475598331,"[1.010941626180786, 0.9927774067471737, 0.9961778849360614, 1.011591215115194, 0.9997904204462952, 0.9941880771912845, 1.0038688798041469, 0.981010518275643, 0.994671812027532, 1.0103652491888009, 1.0322516540529327, 0.9739994823492036, 1.0041516955309948, 0.9872785795316407, 1.0073224409560857, 1.0063956070479674, 1.0141197742340555, 0.988565754780646, 1.0113742365075025, 0.9978771983754325, 1.0032950936997973, 0.9918017116083885, 1.0217898206928626, 0.9909533636787758, 1.000567698757421, 0.9988401280281833, 0.9766755854662557, 0.9999972539208769, 0.983627965496869, 1.008701203854293]","[1.0136798652906198, 0.9980176021032291, 0.9764780994557671, 0.9957699258421617, 0.9974719580847287, 1.0057899295083572, 0.9859343100886241, 0.9945232146860784, 1.0045879530927353, 0.9957357643888787, 1.0089037307612543, 1.003567273562665, 0.9915751296257889, 1.0017089010146423, 1.0083074586953267, 1.00174415963068, 0.9941000877200648, 0.9988269918569268, 1.0054854333060776, 0.9949702648106592, 1.002151633694998, 0.9828329139507942, 1.031155976549087, 1.0101140452079997, 0.9747818749564838, 1.0036562381209038, 1.0112211801627315, 1.0004007060404303, 0.9762480670692707, 1.0277639716407558]","[0.01367986529061982, -0.0019823978967709044, -0.023521900544232865, -0.0042300741578382706, -0.0025280419152713396, 0.005789929508357217, -0.014065689911375912, -0.005476785313921595, 0.004587953092735297, -0.004264235611121325, 0.00890373076125428, 0.003567273562665063, -0.008424870374211135, 0.0017089010146422723, 0.008307458695326675, 0.0017441596306799756, -0.005899912279935249, -0.0011730081430731953, 0.005485433306077647, -0.0050297351893408004, 0.0021516336949980452, -0.017167086049205804, 0.031155976549086972, 0.010114045207999744, -0.02521812504351617, 0.0036562381209037653, 0.011221180162731548, 0.00040070604043029867, -0.023751932930729303, 0.027763971640755836]","[0.10678019374608994, 0.10678019374608994, 0.0, 0.09775466471910477, 0.0, 0.0, 0.0, 0.07610251009464264, 0.10678019374608994, 0.0, 0.0, 0.0, 0.0, 0.10678019374608994, 0.0, 0.0, 0.0, 0.10678019374608994, 0.1040525734424591, 0.0, 0.0, 0.0, 0.08140909671783447, 0.0, 0.10678019374608994, 0.0, 0.0, 0.0, 0.0, 0.0]","[0.0, 0.1, 0.1, 0.1, 0.1, 0.1, 0.1, 0.1, 0.1, 0.0, 0.0, 0.0, 0.0, 0.0, 0.0, 0.0, 0.0, 0.0, 0.0, 0.0, 0.0, 0.0, 0.0, 0.0, 0.0, 0.0, 0.0, 0.0, 0.1, 0.1]","[0.0, 0.09223883221969639, 0.10423605778770548, 0.10571852960002912, 0.09886230576002322, 0.08840195482575602, 0.08921495488261472, 0.09170387656386929, 0.09796580741540804, 0.009110240830380704, 0.0, 0.00042664608476511055, 0.002230461449680801, 0.002705843329375219, 0.0, 0.006058915307640392, 0.0001817237132139103, 0.0, 0.010345371762484769, 0.0, 0.0, 0.00017514011456345056, 0.003299426590345675, 0.0, 0.003993697019395094, 0.015031052177031903, 0.0, 0.007804079390109362, 0.08187974892354052, 0.08841533425237058]","[0.10678019374608994, 0.10678019374608994, 0.0, 0.09775466471910477, 0.0, 0.0, 0.0, 0.07610251009464264, 0.10678019374608994, 0.0, 0.0, 0.0, 0.0, 0.10678019374608994, 0.0, 0.0, 0.0, 0.10678019374608994, 0.1040525734424591, 0.0, 0.0, 0.0, 0.08140909671783447, 0.0, 0.10678019374608994, 0.0, 0.0, 0.0, 0.0, 0.0]",0.0009334862433079871
14,0.999764545994445,"[1.0136798652906198, 0.9980176021032291, 0.9764780994557671, 0.9957699258421617, 0.9974719580847287, 1.0057899295083572, 0.9859343100886241, 0.9945232146860784, 1.0045879530927353, 0.9957357643888787, 1.0089037307612543, 1.003567273562665, 0.9915751296257889, 1.0017089010146423, 1.0083074586953267, 1.00174415963068, 0.9941000877200648, 0.9988269918569268, 1.0054854333060776, 0.9949702648106592, 1.002151633694998, 0.9828329139507942, 1.031155976549087, 1.0101140452079997, 0.9747818749564838, 1.0036562381209038, 1.0112211801627315, 1.0004007060404303, 0.9762480670692707, 1.0277639716407558]","[1.0060570681894705, 1.0083831138099644, 1.0072490348659433, 1.008728016510081, 0.997292842089299, 0.985838928924521, 0.9892261807274906, 1.0127070077455986, 0.994045893690028, 1.0091028139828344, 0.9961510843504711, 0.9864207178016996, 1.0070575821797525, 1.0373701736282956, 0.9804900233249831, 0.9846012575558211, 0.9896901041207152, 1.0087770212799476, 0.9957293768133555, 0.9945489078317172, 1.01084912637741, 0.9955668500233604, 1.0207486604982898, 0.9947026718605041, 0.9927978872861815, 0.9996921199412693, 1.0150488480008923, 0.9971226944063547, 0.9963607251314064, 1.0030460268202328]","[0.006057068189470494, 0.008383113809964371, 0.007249034865943305, 0.008728016510080927, -0.0027071579107009747, -0.014161071075479037, -0.010773819272509422, 0.01270700774559863, -0.0059541063099719516, 0.009102813982834412, -0.003848915649528939, -0.013579282198300402, 0.007057582179752497, 0.037370173628295644, -0.01950997667501686, -0.015398742444178937, -0.01030989587928477, 0.008777021279947617, -0.004270623186644507, -0.005451092168282767, 0.010849126377409979, -0.004433149976639572, 0.020748660498289828, -0.005297328139495905, -0.007202112713818543, -0.0003078800587307251, 0.015048848000892345, -0.0028773055936452963, -0.0036392748685936116, 0.0030460268202328056]","[0.0, 0.0840190127491951, 0.0, 0.0, 0.0, 0.0, 0.0, 0.0, 0.0, 0.11813081055879593, 0.0, 0.0, 0.11813081055879593, 0.09943801164627075, 0.11813081055879593, 0.0, 0.08688538521528244, 0.0, 0.07592061161994934, 0.0, 0.11813081055879593, 0.0, 0.0, 0.0, 0.11813081055879593, 0.06308294087648392, 0.0, 0.0, 0.0, 0.0]","[0.0, 0.1, 0.1, 0.1, 0.1, 0.1, 0.1, 0.1, 0.1, 0.0, 0.0, 0.0, 0.0, 0.0, 0.0, 0.0, 0.0, 0.0, 0.0, 0.0, 0.0, 0.0, 0.0, 0.0, 0.0, 0.0, 0.0, 0.0, 0.1, 0.1]","[0.013935782102981237, 0.09965369382771384, 0.09106798187020067, 0.0953368792346336, 0.09450168167173119, 0.09581859075540593, 0.08377349093999693, 0.08048303434912316, 0.0766040012082432, 0.007247559169648677, 0.0, 0.028648209945675376, 0.004152402237359736, 0.015580211857859943, 0.004626552751471665, 0.0061365681620232804, 0.0, 0.01728003182917307, 0.0, 0.0, 0.006354363032397313, 0.0, 0.00039128105183170104, 0.0, 0.0, 0.00034783719628723645, 0.0, 0.009536445038641496, 0.08693673307945465, 0.08158666868814601]","[0.0, 0.0840190127491951, 0.0, 0.0, 0.0, 0.0, 0.0, 0.0, 0.0, 0.11813081055879593, 0.0, 0.0, 0.11813081055879593, 0.09943801164627075, 0.11813081055879593, 0.0, 0.08688538521528244, 0.0, 0.07592061161994934, 0.0, 0.11813081055879593, 0.0, 0.0, 0.0, 0.11813081055879593, 0.06308294087648392, 0.0, 0.0, 0.0, 0.0]",0.002789948190865549
15,0.9909714451257698,"[1.0060570681894705, 1.0083831138099644, 1.0072490348659433, 1.008728016510081, 0.997292842089299, 0.985838928924521, 0.9892261807274906, 1.0127070077455986, 0.994045893690028, 1.0091028139828344, 0.9961510843504711, 0.9864207178016996, 1.0070575821797525, 1.0373701736282956, 0.9804900233249831, 0.9846012575558211, 0.9896901041207152, 1.0087770212799476, 0.9957293768133555, 0.9945489078317172, 1.01084912637741, 0.9955668500233604, 1.0207486604982898, 0.9947026718605041, 0.9927978872861815, 0.9996921199412693, 1.0150488480008923, 0.9971226944063547, 0.9963607251314064, 1.0030460268202328]","[1.0114554626756105, 1.0156306950498273, 0.9962622386625768, 0.9897019341859554, 0.9934481099378593, 1.0059346883852704, 0.9882691200207734, 1.018041455621373, 0.9782259928110328, 0.9949676838113481, 0.9834094811556907, 0.9767368147322151, 1.0241552548348818, 1.0066420419852946, 0.9901930683461986, 0.9859714562263736, 0.9926724175968633, 0.9788506470799704, 1.0065806168831912, 1.0050621892478513, 0.985789425775082, 0.9902595464574677, 0.9776590631988928, 0.9823636890257726, 0.9788764183006895, 0.9808151858225385, 0.9919354563409616, 0.9853039226300717, 1.0094933387710472, 1.018087496118452]","[0.011455462675610484, 0.01563069504982728, -0.0037377613374232066, -0.010298065814044577, -0.006551890062140742, 0.005934688385270448, -0.011730879979226616, 0.018041455621373048, -0.02177400718896716, -0.005032316188651853, -0.016590518844309288, -0.023263185267784925, 0.02415525483488179, 0.006642041985294611, -0.00980693165380142, -0.01402854377362639, -0.00732758240313669, -0.021149352920029618, 0.006580616883191226, 0.00506218924785129, -0.014210574224918004, -0.009740453542532279, -0.02234093680110716, -0.017636310974227354, -0.0211235816993105, -0.01918481417746154, -0.008064543659038415, -0.014696077369928284, 0.009493338771047188, 0.018087496118452062]","[0.11633560806512833, 0.0, 0.0, 0.0, 0.0, 0.0, 0.0, 0.0, 0.0551925003528595, 0.0, 0.0, 0.11633560806512833, 0.0, 0.11633560806512833, 0.0, 0.0, 0.0, 0.0, 0.11633560806512833, 0.0, 0.11633560806512833, 0.10934149473905563, 0.09983806312084198, 0.09311669319868088, 0.0, 0.060833267867565155, 0.0, 0.0, 0.0, 0.0]","[0.0, 0.1, 0.1, 0.1, 0.1, 0.1, 0.1, 0.1, 0.1, 0.0, 0.0, 0.0, 0.0, 0.0, 0.0, 0.0, 0.0, 0.0, 0.0, 0.0, 0.0, 0.0, 0.0, 0.0, 0.0, 0.0, 0.0, 0.0, 0.1, 0.1]","[0.0, 0.0892999267161593, 0.10448493788633088, 0.09052641035193901, 0.08964002581844033, 0.09160639924641557, 0.08765385133845022, 0.09235828519929569, 0.09423550030152276, 0.0, 0.0, 0.0, 0.008265723212378432, 0.0, 0.014650147570886042, 0.0, 0.0, 0.006993698304935037, 0.010468019574307404, 0.0, 0.019982630994123438, 0.0, 0.005293305683719491, 0.0, 0.02008649767401912, 0.0, 0.004606449311264694, 0.0, 0.1006035986559912, 0.0692445921598214]","[0.11633560806512833, 0.0, 0.0, 0.0, 0.0, 0.0, 0.0, 0.0, 0.0551925003528595, 0.0, 0.0, 0.11633560806512833, 0.0, 0.11633560806512833, 0.0, 0.0, 0.0, 0.0, 0.11633560806512833, 0.0, 0.11633560806512833, 0.10934149473905563, 0.09983806312084198, 0.09311669319868088, 0.0, 0.060833267867565155, 0.0, 0.0, 0.0, 0.0]",-0.009198367627833914
16,0.9931336313256731,"[1.0114554626756105, 1.0156306950498273, 0.9962622386625768, 0.9897019341859554, 0.9934481099378593, 1.0059346883852704, 0.9882691200207734, 1.018041455621373, 0.9782259928110328, 0.9949676838113481, 0.9834094811556907, 0.9767368147322151, 1.0241552548348818, 1.0066420419852946, 0.9901930683461986, 0.9859714562263736, 0.9926724175968633, 0.9788506470799704, 1.0065806168831912, 1.0050621892478513, 0.985789425775082, 0.9902595464574677, 0.9776590631988928, 0.9823636890257726, 0.9788764183006895, 0.9808151858225385, 0.9919354563409616, 0.9853039226300717, 1.0094933387710472, 1.018087496118452]","[1.0104234890149173, 0.9866923427355588, 0.9894159098319046, 0.9962045732401401, 0.9992956346576051, 1.022871585063263, 0.9894064949920051, 0.9867168855119273, 0.9978063438190952, 0.9842775658356923, 0.9973092276392868, 0.9993018556767423, 1.0034441527271236, 1.0034656443105183, 1.006733064868635, 0.9920378968492014, 1.0035387467062575, 0.9756199916094556, 0.9958982572700282, 0.9987564439272744, 1.00933666113914, 1.000457608070162, 1.0150215902330877, 1.0234110326394026, 0.9927947390686698, 0.996987502460633, 0.9746894283766596, 0.9974562316202744, 0.9957543994152314, 0.99213835945305]","[0.010423489014917298, -0.013307657264441164, -0.010584090168095361, -0.003795426759859888, -0.0007043653423949303, 0.022871585063263034, -0.010593505007994941, -0.013283114488072734, -0.002193656180904835, -0.01572243416430774, -0.002690772360713245, -0.0006981443232576545, 0.003444152727123617, 0.0034656443105183232, 0.006733064868635008, -0.007962103150798594, 0.003538746706257534, -0.02438000839054444, -0.004101742729971769, -0.0012435560727256378, 0.00933666113913989, 0.00045760807016193006, 0.01502159023308769, 0.023411032639402585, -0.007205260931330226, -0.003012497539367054, -0.025310571623340383, -0.002543768379725586, -0.0042456005847686384, -0.007861640546950044]","[0.09524715691804886, 0.0, 0.0, 0.10908065736293793, 0.0, 0.0, 0.0, 0.0911090299487114, 0.0, 0.0, 0.0, 0.10908065736293793, 0.0807846188545227, 0.10908065736293793, 0.10908065736293793, 0.10669544339179993, 0.0, 0.0, 0.0, 0.0, 0.0, 0.0, 0.0, 0.10908065736293793, 0.0, 0.0, 0.0, 0.08076050877571106, 0.0, 0.0]","[0.0, 0.1, 0.1, 0.1, 0.1, 0.1, 0.1, 0.1, 0.1, 0.0, 0.0, 0.0, 0.0, 0.0, 0.0, 0.0, 0.0, 0.0, 0.0, 0.0, 0.0, 0.0, 0.0, 0.0, 0.0, 0.0, 0.0, 0.0, 0.1, 0.1]","[0.0, 0.08513869210237685, 0.08846525636384003, 0.10039313985646328, 0.09308566270793306, 0.07899794585514695, 0.08991897124339895, 0.09444013370512949, 0.10369692023193787, 0.0, 0.0, 0.009550602466250238, 0.006898441857088348, 0.008636356574731439, 0.0, 0.010325972529395136, 0.004572076860391504, 0.0, 0.001235085595475729, 0.002487374534964063, 0.0, 0.006367389895850817, 0.0, 0.01795467197002561, 0.0, 0.0, 0.0011618231702574078, 0.003931388773140235, 0.09877371277093282, 0.09396838093527006]","[0.09524715691804886, 0.0, 0.0, 0.10908065736293793, 0.0, 0.0, 0.0, 0.0911090299487114, 0.0, 0.0, 0.0, 0.10908065736293793, 0.0807846188545227, 0.10908065736293793, 0.10908065736293793, 0.10669544339179993, 0.0, 0.0, 0.0, 0.0, 0.0, 0.0, 0.0, 0.10908065736293793, 0.0, 0.0, 0.0, 0.08076050877571106, 0.0, 0.0]",0.0018726668456517095
17,0.9897303829752537,"[1.0104234890149173, 0.9866923427355588, 0.9894159098319046, 0.9962045732401401, 0.9992956346576051, 1.022871585063263, 0.9894064949920051, 0.9867168855119273, 0.9978063438190952, 0.9842775658356923, 0.9973092276392868, 0.9993018556767423, 1.0034441527271236, 1.0034656443105183, 1.006733064868635, 0.9920378968492014, 1.0035387467062575, 0.9756199916094556, 0.9958982572700282, 0.9987564439272744, 1.00933666113914, 1.000457608070162, 1.0150215902330877, 1.0234110326394026, 0.9927947390686698, 0.996987502460633, 0.9746894283766596, 0.9974562316202744, 0.9957543994152314, 0.99213835945305]","[1.014140047055197, 0.9991149117867688, 0.995622856169811, 1.030661694493397, 0.9988988152333962, 1.0049002757854386, 0.9736403884765001, 0.9951558508087633, 1.004674727782938, 0.9821096699905177, 0.9942919019297839, 1.0014286266390855, 0.9919915678747105, 1.0013555123897857, 1.0205452446120962, 1.0025758499432755, 1.0167248111852596, 0.9961901906753761, 0.9954196348160308, 1.0055513238130027, 0.9865319060132633, 1.0174313222815328, 1.001568123614737, 0.9878923101827387, 1.0102333497508442, 0.9988727986428185, 0.9986548706501317, 0.98209226774092, 1.0274271738411824, 1.0057902560682332]","[0.014140047055196892, -0.0008850882132311888, -0.004377143830188945, 0.030661694493397063, -0.0011011847666038133, 0.0049002757854386125, -0.02635961152349986, -0.0048441491912366574, 0.004674727782937982, -0.017890330009482258, -0.0057080980702161055, 0.0014286266390854951, -0.008008432125289455, 0.0013555123897857069, 0.02054524461209617, 0.002575849943275532, 0.01672481118525959, -0.003809809324623936, -0.004580365183969204, 0.005551323813002718, -0.013468093986736651, 0.01743132228153277, 0.0015681236147369049, -0.012107689817261291, 0.010233349750844223, -0.0011272013571814732, -0.0013451293498683015, -0.017907732259080045, 0.02742717384118243, 0.005790256068233246]","[0.0, 0.0, 0.0, 0.0, 0.0, 0.10254799574613571, 0.10254799574613571, 0.08548983931541443, 0.0, 0.0, 0.0, 0.0, 0.0954829752445221, 0.0, 0.0, 0.10254799574613571, 0.10254799574613571, 0.0, 0.10254799574613571, 0.0, 0.10254799574613571, 0.0, 0.0, 0.1011912152171135, 0.10254799574613571, 0.0, 0.0, 0.0, 0.0, 0.0]","[0.0, 0.1, 0.1, 0.1, 0.1, 0.1, 0.1, 0.1, 0.1, 0.0, 0.0, 0.0, 0.0, 0.0, 0.0, 0.0, 0.0, 0.0, 0.0, 0.0, 0.0, 0.0, 0.0, 0.0, 0.0, 0.0, 0.0, 0.0, 0.1, 0.1]","[0.014783350730662307, 0.07588976913449497, 0.091387215433855, 0.08184954899924772, 0.0880072350165351, 0.08252983210778293, 0.10185602393733342, 0.09539806178430794, 0.08770434478301539, 0.0, 0.0034497482617918277, 0.02000364558397168, 0.005313559435526436, 0.0018902909591978498, 0.0, 0.0, 0.0, 0.0025700864758532917, 0.0013355704769276529, 0.0, 0.006327882798759311, 0.004589493394886424, 0.009251109607444344, 0.0014893047868277216, 0.0027185860213135306, 0.018617050609099246, 0.006446586023640276, 0.0019576976687868106, 0.09624760606952493, 0.09838639989921388]","[0.0, 0.0, 0.0, 0.0, 0.0, 0.10254799574613571, 0.10254799574613571, 0.08548983931541443, 0.0, 0.0, 0.0, 0.0, 0.0954829752445221, 0.0, 0.0, 0.10254799574613571, 0.10254799574613571, 0.0, 0.10254799574613571, 0.0, 0.10254799574613571, 0.0, 0.0, 0.1011912152171135, 0.10254799574613571, 0.0, 0.0, 0.0, 0.0, 0.0]",-0.003791491167173412
18,0.9899518596515986,"[1.014140047055197, 0.9991149117867688, 0.995622856169811, 1.030661694493397, 0.9988988152333962, 1.0049002757854386, 0.9736403884765001, 0.9951558508087633, 1.004674727782938, 0.9821096699905177, 0.9942919019297839, 1.0014286266390855, 0.9919915678747105, 1.0013555123897857, 1.0205452446120962, 1.0025758499432755, 1.0167248111852596, 0.9961901906753761, 0.9954196348160308, 1.0055513238130027, 0.9865319060132633, 1.0174313222815328, 1.001568123614737, 0.9878923101827387, 1.0102333497508442, 0.9988727986428185, 0.9986548706501317, 0.98209226774092, 1.0274271738411824, 1.0057902560682332]","[1.0072106017199307, 0.9909410768668242, 0.9931257090354564, 0.9953773031281405, 1.0096663107304393, 0.9932463269483559, 1.0109358834591557, 0.9921325905709923, 1.0060530766030338, 1.0030371467562362, 0.9951235118181719, 1.0077648976017064, 1.0186110475778645, 0.991848577866009, 0.9944889815240905, 0.9972418393074713, 1.0096802976358863, 0.992684283360974, 1.017361406692092, 1.019251762953342, 1.0018596019619563, 0.9930343987013024, 1.0157807103001013, 0.977880265255109, 1.0252277644728418, 0.9973802194428963, 0.9958327687988644, 1.0088544904855936, 1.001589237303635, 1.0177347973739934]","[0.007210601719930709, -0.0090589231331758, -0.006874290964543617, -0.004622696871859455, 0.009666310730439331, -0.0067536730516440935, 0.010935883459155749, -0.007867409429007655, 0.00605307660303378, 0.003037146756236231, -0.004876488181828065, 0.0077648976017064, 0.01861104757786447, -0.008151422133991004, -0.005511018475909513, -0.002758160692528655, 0.009680297635886292, -0.007315716639025971, 0.017361406692091963, 0.019251762953341967, 0.0018596019619563364, -0.00696560129869761, 0.015780710300101308, -0.02211973474489104, 0.025227764472841807, -0.002619780557103657, -0.004167231201135602, 0.008854490485593614, 0.0015892373036350271, 0.017734797373993416]","[0.0, 0.0, 0.10281475633382797, 0.0, 0.10281475633382797, 0.0, 0.0, 0.09951849281787872, 0.10281475633382797, 0.0, 0.0, 0.0, 0.0, 0.09475240856409073, 0.09763212502002716, 0.0, 0.09402865916490555, 0.0, 0.0, 0.0, 0.0, 0.09999453276395798, 0.10281475633382797, 0.0, 0.0, 0.0, 0.10281475633382797, 0.0, 0.0, 0.0]","[0.0, 0.1, 0.1, 0.1, 0.1, 0.1, 0.1, 0.1, 0.1, 0.0, 0.0, 0.0, 0.0, 0.0, 0.0, 0.0, 0.0, 0.0, 0.0, 0.0, 0.0, 0.0, 0.0, 0.0, 0.0, 0.0, 0.0, 0.0, 0.1, 0.1]","[0.007052048546672704, 0.08555749547351964, 0.08974087292471757, 0.081685919889833, 0.1105475130698922, 0.08094372838350561, 0.10216400814057051, 0.09461029854349373, 0.08522252781583077, 0.0, 0.0, 0.0, 0.001585666544286568, 0.0, 0.0, 0.0, 0.0, 0.0, 0.0, 0.016301685851511073, 0.0, 0.002309656833042386, 0.0, 0.0, 0.010630475822499142, 0.0022610285338112586, 0.011760904437729626, 0.012605058057433855, 0.10468933944173152, 0.10033177168991887]","[0.0, 0.0, 0.10281475633382797, 0.0, 0.10281475633382797, 0.0, 0.0, 0.09951849281787872, 0.10281475633382797, 0.0, 0.0, 0.0, 0.0, 0.09475240856409073, 0.09763212502002716, 0.0, 0.09402865916490555, 0.0, 0.0, 0.0, 0.0, 0.09999453276395798, 0.10281475633382797, 0.0, 0.0, 0.0, 0.10281475633382797, 0.0, 0.0, 0.0]",-0.00016910707912886255
19,0.9872072600166576,"[1.0072106017199307, 0.9909410768668242, 0.9931257090354564, 0.9953773031281405, 1.0096663107304393, 0.9932463269483559, 1.0109358834591557, 0.9921325905709923, 1.0060530766030338, 1.0030371467562362, 0.9951235118181719, 1.0077648976017064, 1.0186110475778645, 0.991848577866009, 0.9944889815240905, 0.9972418393074713, 1.0096802976358863, 0.992684283360974, 1.017361406692092, 1.019251762953342, 1.0018596019619563, 0.9930343987013024, 1.0157807103001013, 0.977880265255109, 1.0252277644728418, 0.9973802194428963, 0.9958327687988644, 1.0088544904855936, 1.001589237303635, 1.0177347973739934]","[0.9935010661942236, 1.0226467317392083, 0.9860141340410165, 1.0183482766103369, 1.0172151618811989, 0.9833776695587275, 1.0067530857647018, 0.9986817828125226, 0.9936387328349814, 0.9984684053808052, 0.9909695193326751, 1.0081055368563185, 0.9915850447797081, 1.0093875687065095, 0.9999891656327019, 0.9993358687057501, 0.9828658573801342, 0.9905119358581765, 1.0137356787370537, 0.9913065418230165, 0.9964504280218401, 0.9828547368014902, 0.9908331361271393, 0.979085272481919, 0.992876582943878, 1.0030769572753913, 1.006565930735236, 0.9971035646416962, 0.9939361219049809, 0.9782852490064284]","[-0.006498933805776375, 0.02264673173920828, -0.013985865958983545, 0.01834827661033689, 0.01721516188119887, -0.01662233044127248, 0.006753085764701794, -0.0013182171874773774, -0.006361267165018614, -0.0015315946191948315, -0.009030480667324925, 0.00810553685631854, -0.008414955220291898, 0.009387568706509475, -1.0834367298095948e-05, -0.0006641312942499145, -0.01713414261986579, -0.00948806414182346, 0.013735678737053725, -0.008693458176983526, -0.00354957197815986, -0.01714526319850984, -0.009166863872860698, -0.02091472751808099, -0.007123417056121961, 0.0030769572753912566, 0.006565930735235925, -0.0028964353583037505, -0.006063878095019071, -0.021714750993571563]","[0.0, 0.0, 0.0, 0.11235547810792923, 0.0, 0.11235547810792923, 0.0, 0.0, 0.08602745085954666, 0.08512604981660843, 0.0, 0.0, 0.0, 0.08853182941675186, 0.0, 0.0, 0.0, 0.0, 0.06618189066648483, 0.11235547810792923, 0.0, 0.11235547810792923, 0.0, 0.0, 0.11235547810792923, 0.0, 0.0, 0.11235547810792923, 0.0, 0.0]","[0.0, 0.1, 0.1, 0.1, 0.1, 0.1, 0.1, 0.1, 0.1, 0.0, 0.0, 0.0, 0.0, 0.0, 0.0, 0.0, 0.0, 0.0, 0.0, 0.0, 0.0, 0.0, 0.0, 0.0, 0.0, 0.0, 0.0, 0.0, 0.1, 0.1]","[0.0, 0.09438013504992065, 0.09489926798209256, 0.09254039961297475, 0.08344975210637585, 0.09673075114827025, 0.08716270507312217, 0.09598656061806733, 0.09625287532998686, 0.002718045091993113, 0.005368993766248065, 0.0, 0.0, 0.009029017223029259, 0.003329106231735206, 0.0182660490663557, 0.00022116617199006102, 0.0, 0.0, 0.0046413433095705515, 0.0, 0.0124322191429678, 0.0, 0.0, 0.0, 0.007030519446997757, 0.002554095410364452, 0.005423709202552782, 0.0899206389587232, 0.09766265005666169]","[0.0, 0.0, 0.0, 0.11235546320676804, 0.0, 0.11235546320676804, 0.0, 0.0, 0.08602744340896606, 0.08512604236602783, 0.0, 0.0, 0.0, 0.08853182196617126, 0.0, 0.0, 0.0, 0.0, 0.06618188321590424, 0.11235546320676804, 0.0, 0.11235546320676804, 0.0, 0.0, 0.11235546320676804, 0.0, 0.0, 0.11235546320676804, 0.0, 0.0]",-0.003070926277957758
20,0.9894468812180143,"[0.9935010661942236, 1.0226467317392083, 0.9860141340410165, 1.0183482766103369, 1.0172151618811989, 0.9833776695587275, 1.0067530857647018, 0.9986817828125226, 0.9936387328349814, 0.9984684053808052, 0.9909695193326751, 1.0081055368563185, 0.9915850447797081, 1.0093875687065095, 0.9999891656327019, 0.9993358687057501, 0.9828658573801342, 0.9905119358581765, 1.0137356787370537, 0.9913065418230165, 0.9964504280218401, 0.9828547368014902, 0.9908331361271393, 0.979085272481919, 0.992876582943878, 1.0030769572753913, 1.006565930735236, 0.9971035646416962, 0.9939361219049809, 0.9782852490064284]","[1.0037163345555327, 0.9816677586078189, 1.0211580911186535, 0.9799587352081168, 1.0055939289697164, 1.008159315087496, 0.9989872081749731, 1.0032669725737509, 0.9836176126636683, 0.9916892503991522, 0.9941987168882737, 1.0220525492761647, 1.0000122007139953, 1.0084866539286255, 1.0064680433666522, 1.0092334765842692, 0.9974194901408503, 1.0011189195986865, 0.9973248408738811, 1.0038153401610914, 1.0071178620208012, 0.9939873084082366, 0.9837402889146786, 0.9802727210133981, 1.0216819473139234, 1.0022748468732858, 0.9936336090557414, 1.0260348147392522, 1.0084868555859208, 0.995558735709358]","[0.0037163345555326632, -0.018332241392181148, 0.02115809111865352, -0.020041264791883173, 0.005593928969716444, 0.0081593150874959, -0.001012791825026893, 0.0032669725737508593, -0.016382387336331683, -0.008310749600847767, -0.005801283111726341, 0.022052549276164735, 1.2200713995325074e-05, 0.008486653928625465, 0.0064680433666521875, 0.009233476584269207, -0.0025805098591497044, 0.0011189195986864853, -0.002675159126118931, 0.0038153401610914184, 0.007117862020801224, -0.0060126915917634305, -0.016259711085321427, -0.01972727898660187, 0.021681947313923366, 0.0022748468732858296, -0.006366390944258615, 0.026034814739252177, 0.008486855585920772, -0.004441264290641955]","[0.0, 0.0, 0.0, 0.10642068088054657, 0.0, 0.0, 0.0, 0.09641636162996292, 0.10642068088054657, 0.0, 0.0, 0.10642068088054657, 0.0, 0.10642068088054657, 0.10642068088054657, 0.0, 0.08845428377389908, 0.0, 0.0, 0.0, 0.0, 0.0, 0.0, 0.0, 0.10642068088054657, 0.0888531357049942, 0.0, 0.0, 0.0, 0.08775214850902557]","[0.0, 0.1, 0.1, 0.1, 0.1, 0.1, 0.1, 0.1, 0.1, 0.0, 0.0, 0.0, 0.0, 0.0, 0.0, 0.0, 0.0, 0.0, 0.0, 0.0, 0.0, 0.0, 0.0, 0.0, 0.0, 0.0, 0.0, 0.0, 0.1, 0.1]","[0.0, 0.09210544391142851, 0.09435762625632974, 0.08641174776279825, 0.08087517951446932, 0.09553982137604079, 0.09883856607154277, 0.09950408281539502, 0.08819937012275353, 0.0, 0.005463276341821905, 0.005438580844688554, 0.005677803949497347, 0.0, 0.0, 0.0, 0.00014042310959859879, 0.0040611119732115114, 0.0, 0.0, 0.006168628733460357, 0.017593475437447163, 0.0, 0.0, 0.011630984195739215, 0.0, 0.0017667894484299502, 0.020985105163206848, 0.08988403776201072, 0.09535794521012998]","[0.0, 0.0, 0.0, 0.10642068088054657, 0.0, 0.0, 0.0, 0.09641636162996292, 0.10642068088054657, 0.0, 0.0, 0.10642068088054657, 0.0, 0.10642068088054657, 0.10642068088054657, 0.0, 0.08845428377389908, 0.0, 0.0, 0.0, 0.0, 0.0, 0.0, 0.0, 0.10642068088054657, 0.0888531357049942, 0.0, 0.0, 0.0, 0.08775214850902557]",0.0018387690310689548
21,0.9847693588509377,"[1.0037163345555327, 0.9816677586078189, 1.0211580911186535, 0.9799587352081168, 1.0055939289697164, 1.008159315087496, 0.9989872081749731, 1.0032669725737509, 0.9836176126636683, 0.9916892503991522, 0.9941987168882737, 1.0220525492761647, 1.0000122007139953, 1.0084866539286255, 1.0064680433666522, 1.0092334765842692, 0.9974194901408503, 1.0011189195986865, 0.9973248408738811, 1.0038153401610914, 1.0071178620208012, 0.9939873084082366, 0.9837402889146786, 0.9802727210133981, 1.0216819473139234, 1.0022748468732858, 0.9936336090557414, 1.0260348147392522, 1.0084868555859208, 0.995558735709358]","[1.004978071631412, 1.00719552039776, 1.0187397939704175, 0.9838164695310964, 1.0045129668139363, 1.0032782073223292, 0.9828088852832064, 0.9875439843609781, 0.9736535027255397, 0.9866009463293425, 1.0014925144212012, 1.020348621421582, 0.9805252529464006, 1.008396325428783, 0.9866549620420862, 1.0052396830884869, 0.9836772034344379, 0.9941987098072605, 1.0100594152955351, 1.0114014038415968, 1.0098514338629587, 0.9839605480791321, 0.9716388242326197, 0.9954248109162755, 1.0042466918619468, 0.995987406727823, 1.005805509105274, 0.9892832539016155, 0.9988609818331949, 0.9879865945735482]","[0.004978071631412062, 0.007195520397760058, 0.018739793970417473, -0.01618353046890364, 0.004512966813936314, 0.0032782073223291963, -0.017191114716793576, -0.012456015639021878, -0.026346497274460257, -0.013399053670657524, 0.001492514421201241, 0.020348621421582003, -0.019474747053599417, 0.008396325428783102, -0.013345037957913752, 0.0052396830884868795, -0.016322796565562125, -0.00580129019273945, 0.010059415295535112, 0.011401403841596824, 0.009851433862958725, -0.016039451920867864, -0.028361175767380287, -0.004575189083724451, 0.004246691861946816, -0.004012593272176956, 0.005805509105273998, -0.010716746098384466, -0.0011390181668050614, -0.012013405426451795]","[0.0, 0.0, 0.0, 0.0, 0.0, 0.0, 0.13699966669082642, 0.0, 0.12636539340019226, 0.14169232547283173, 0.16224031150341034, 0.0, 0.0, 0.0, 0.0, 0.0, 0.0, 0.023816807195544243, 0.1280759572982788, 0.0, 0.16224031150341034, 0.0, 0.0, 0.0, 0.0, 0.0, 0.0, 0.0, 0.11856921017169952, 0.0]","[0.0, 0.1, 0.1, 0.1, 0.1, 0.1, 0.1, 0.1, 0.1, 0.0, 0.0, 0.0, 0.0, 0.0, 0.0, 0.0, 0.0, 0.0, 0.0, 0.0, 0.0, 0.0, 0.0, 0.0, 0.0, 0.0, 0.0, 0.0, 0.1, 0.1]","[0.008524301652070763, 0.09058947613409699, 0.10089863054487469, 0.08945140983213921, 0.0794140418126522, 0.08389279381588859, 0.10691736274212817, 0.08588657434454113, 0.08806233776771762, 0.0, 0.0, 0.0, 0.010045172257446942, 0.00262323212809228, 0.0, 0.0010010164018735667, 0.0, 0.020144309726554337, 0.0004618411402149729, 0.0022026849227064784, 0.012119542194956416, 0.0, 0.0009135004355240594, 0.0, 0.019812500813899986, 0.0013785701931159958, 0.003978705314976098, 0.0, 0.09646991393586399, 0.09521208188866545]","[0.0, 0.0, 0.0, 0.0, 0.0, 0.0, 0.13699966669082642, 0.0, 0.12636539340019226, 0.14169232547283173, 0.16224031150341034, 0.0, 0.0, 0.0, 0.0, 0.0, 0.0, 0.023816807195544243, 0.1280759572982788, 0.0, 0.16224031150341034, 0.0, 0.0, 0.0, 0.0, 0.0, 0.0, 0.0, 0.11856921017169952, 0.0]",-0.0051883171349561205
22,0.9850358377885601,"[1.004978071631412, 1.00719552039776, 1.0187397939704175, 0.9838164695310964, 1.0045129668139363, 1.0032782073223292, 0.9828088852832064, 0.9875439843609781, 0.9736535027255397, 0.9866009463293425, 1.0014925144212012, 1.020348621421582, 0.9805252529464006, 1.008396325428783, 0.9866549620420862, 1.0052396830884869, 0.9836772034344379, 0.9941987098072605, 1.0100594152955351, 1.0114014038415968, 1.0098514338629587, 0.9839605480791321, 0.9716388242326197, 0.9954248109162755, 1.0042466918619468, 0.995987406727823, 1.005805509105274, 0.9892832539016155, 0.9988609818331949, 0.9879865945735482]","[1.0067277717570522, 1.013977497725803, 0.9995673231448482, 0.9965866454477027, 0.9979035501937796, 0.9909512350437654, 1.0290167140250743, 0.9955565211485772, 0.9885166526892589, 0.990941312421311, 1.0009932482920898, 0.9993380486737887, 1.0010650709235172, 0.9955482935084923, 0.986221490925632, 0.9940752071681508, 0.9945932684422999, 1.0101738595473189, 1.021425977075602, 1.0055019469356532, 0.9886443194102708, 0.9952149007113251, 0.9876585116350269, 1.0034754989868004, 0.995730368916132, 1.0073414894012747, 1.002596683277545, 0.9958686084888642, 0.9888098347704158, 0.9879904108759195]","[0.006727771757052192, 0.013977497725802923, -0.00043267685515180343, -0.0034133545522972986, -0.0020964498062203685, -0.009048764956234634, 0.02901671402507433, -0.004443478851422822, -0.011483347310741077, -0.009058687578688995, 0.000993248292089799, -0.0006619513262112742, 0.001065070923517153, -0.004451706491507723, -0.01377850907436795, -0.005924792831849213, -0.005406731557700106, 0.010173859547318864, 0.02142597707560201, 0.005501946935653201, -0.011355680589729245, -0.004785099288674877, -0.012341488364973063, 0.0034754989868004404, -0.00426963108386802, 0.007341489401274659, 0.002596683277545031, -0.00413139151113584, -0.01119016522958416, -0.012009589124080455]","[0.08585183322429657, 0.1148834079504013, 0.1148834079504013, 0.0, 0.0, 0.0, 0.0, 0.0, 0.1148834079504013, 0.05919947847723961, 0.0, 0.0, 0.0, 0.0882626548409462, 0.0, 0.0, 0.0, 0.0, 0.1148834079504013, 0.0, 0.0, 0.1148834079504013, 0.0, 0.0, 0.10112199187278748, 0.0, 0.0, 0.0, 0.0, 0.0911470279097557]","[0.0, 0.1, 0.1, 0.1, 0.1, 0.1, 0.1, 0.1, 0.1, 0.0, 0.0, 0.0, 0.0, 0.0, 0.0, 0.0, 0.0, 0.0, 0.0, 0.0, 0.0, 0.0, 0.0, 0.0, 0.0, 0.0, 0.0, 0.0, 0.1, 0.1]","[0.0, 0.09649401006237548, 0.09031230807316172, 0.0761085665388498, 0.10622923076458805, 0.08588913016093574, 0.10743285025307434, 0.09629601128631116, 0.09287683660779436, 0.008773582987264522, 0.0, 0.011256020801934238, 0.009128660415583955, 0.002757721397062595, 0.0, 0.0, 0.006326295020887681, 0.001303045218121153, 0.006334712325852256, 0.0, 0.0039257962266362675, 0.0012679414808808962, 0.0001882915242230811, 0.002205786160746995, 0.0, 0.0, 0.0, 0.0, 0.10143424179583307, 0.09345896089788282]","[0.08585182577371597, 0.11488339304924011, 0.11488339304924011, 0.0, 0.0, 0.0, 0.0, 0.0, 0.11488339304924011, 0.05919947102665901, 0.0, 0.0, 0.0, 0.0882626473903656, 0.0, 0.0, 0.0, 0.0, 0.11488339304924011, 0.0, 0.0, 0.11488339304924011, 0.0, 0.0, 0.10112197697162628, 0.0, 0.0, 0.0, 0.0, 0.09114702045917511]",-6.430065210035049e-05
23,0.9879088126076842,"[1.0067277717570522, 1.013977497725803, 0.9995673231448482, 0.9965866454477027, 0.9979035501937796, 0.9909512350437654, 1.0290167140250743, 0.9955565211485772, 0.9885166526892589, 0.990941312421311, 1.0009932482920898, 0.9993380486737887, 1.0010650709235172, 0.9955482935084923, 0.986221490925632, 0.9940752071681508, 0.9945932684422999, 1.0101738595473189, 1.021425977075602, 1.0055019469356532, 0.9886443194102708, 0.9952149007113251, 0.9876585116350269, 1.0034754989868004, 0.995730368916132, 1.0073414894012747, 1.002596683277545, 0.9958686084888642, 0.9888098347704158, 0.9879904108759195]","[1.000399961947834, 1.0025497441515843, 1.0035023999507022, 1.0378083760974561, 0.9935173519358667, 1.0049377710519698, 0.9996952353656724, 1.0177664465401115, 0.9889757396598732, 1.0033982395724208, 1.010812271132912, 0.9983309794790347, 1.01488682812715, 1.007840392843954, 0.9921805315820063, 0.986851575273612, 0.99548170419702, 0.9812420390243716, 1.003244405581848, 0.9844587103640621, 0.9852092239788452, 0.9953073530617157, 1.004583256409252, 0.9831387737372562, 0.9962814160116966, 0.9863798000769851, 1.0210718326525374, 0.9859953404932045, 0.9947906355515209, 1.0277399625183012]","[0.0003999619478340932, 0.0025497441515842656, 0.0035023999507022285, 0.03780837609745613, -0.006482648064133345, 0.004937771051969797, -0.00030476463432760337, 0.017766446540111502, -0.011024260340126824, 0.0033982395724208025, 0.010812271132911944, -0.001669020520965292, 0.01488682812714992, 0.007840392843954103, -0.007819468417993747, -0.013148424726387997, -0.004518295802980021, -0.01875796097562843, 0.003244405581847909, -0.015541289635937927, -0.01479077602115475, -0.004692646938284306, 0.004583256409252057, -0.016861226262743778, -0.003718583988303381, -0.013620199923014886, 0.021071832652537426, -0.014004659506795525, -0.005209364448479081, 0.027739962518301242]","[0.0, 0.0, 0.05921046435832977, 0.0, 0.0, 0.0, 0.0, 0.0, 0.09268250316381454, 0.06628768146038055, 0.114334836602211, 0.114334836602211, 0.114334836602211, 0.0, 0.0, 0.0, 0.0, 0.0, 0.0, 0.0, 0.0, 0.11244501173496246, 0.114334836602211, 0.09770020842552185, 0.0, 0.0, 0.114334836602211, 0.0, 0.0, 0.0]","[0.0, 0.1, 0.1, 0.1, 0.1, 0.1, 0.1, 0.1, 0.1, 0.0, 0.0, 0.0, 0.0, 0.0, 0.0, 0.0, 0.0, 0.0, 0.0, 0.0, 0.0, 0.0, 0.0, 0.0, 0.0, 0.0, 0.0, 0.0, 0.1, 0.1]","[0.0, 0.10347787076990143, 0.08811535596092174, 0.11197975917564879, 0.09645589201993653, 0.08653347682545705, 0.08488729011813646, 0.06958565382839325, 0.08992971826608187, 0.0, 0.009947874768892338, 0.004620531830225875, 0.0, 0.0, 0.004013189212253959, 0.0, 0.009495433359558944, 0.0, 0.00017870433555095732, 0.007919154871142135, 0.0, 0.033606714551256786, 0.0, 0.005059714209430024, 0.006919063397299122, 0.0006790693253166243, 0.005114966979185435, 0.0, 0.08840504844488835, 0.09307551775052236]","[0.0, 0.0, 0.05921046435832977, 0.0, 0.0, 0.0, 0.0, 0.0, 0.09268250316381454, 0.06628768146038055, 0.114334836602211, 0.114334836602211, 0.114334836602211, 0.0, 0.0, 0.0, 0.0, 0.0, 0.0, 0.0, 0.0, 0.11244501173496246, 0.114334836602211, 0.09770020842552185, 0.0, 0.0, 0.114334836602211, 0.0, 0.0, 0.0]",0.0024003571551185995
24,0.9891859567275528,"[1.000399961947834, 1.0025497441515843, 1.0035023999507022, 1.0378083760974561, 0.9935173519358667, 1.0049377710519698, 0.9996952353656724, 1.0177664465401115, 0.9889757396598732, 1.0033982395724208, 1.010812271132912, 0.9983309794790347, 1.01488682812715, 1.007840392843954, 0.9921805315820063, 0.986851575273612, 0.99548170419702, 0.9812420390243716, 1.003244405581848, 0.9844587103640621, 0.9852092239788452, 0.9953073530617157, 1.004583256409252, 0.9831387737372562, 0.9962814160116966, 0.9863798000769851, 1.0210718326525374, 0.9859953404932045, 0.9947906355515209, 1.0277399625183012]","[0.9640916972382488, 0.9910047763039153, 1.0016048881393054, 1.003586668907152, 1.0000508892888935, 1.0071637861501954, 0.9849282820407524, 1.0176110622363514, 0.9869393899109151, 1.009988770116402, 0.9887634014505728, 0.99066360193512, 0.9966090302618466, 0.9945525589139202, 0.9866964994828551, 1.0058886349482312, 0.9967019883372848, 1.0167494429792858, 0.9893467820730748, 0.9938685552903077, 0.999389232701736, 1.015917154803496, 1.009717729468328, 0.9910886635502616, 0.9782168231585504, 0.9900619986889289, 0.9980611734651664, 1.012793760734198, 1.0084237436512664, 0.9973882596189867]","[-0.035908302761751165, -0.008995223696084742, 0.0016048881393053716, 0.0035866689071519797, 5.0889288893518625e-05, 0.007163786150195417, -0.015071717959247555, 0.01761106223635145, -0.013060610089084879, 0.00998877011640209, -0.011236598549427157, -0.009336398064879958, -0.0033909697381534487, -0.005447441086079752, -0.013303500517144906, 0.0058886349482312195, -0.00329801166271515, 0.016749442979285822, -0.010653217926925196, -0.006131444709692291, -0.0006107672982640366, 0.01591715480349598, 0.00971772946832794, -0.008911336449738405, -0.021783176841449592, -0.009938001311071143, -0.001938826534833571, 0.012793760734197912, 0.008423743651266413, -0.0026117403810133055]","[0.0, 0.0, 0.0, 0.0, 0.10057172924280167, 0.0, 0.10057172924280167, 0.0, 0.0, 0.0, 0.10057172924280167, 0.10057172924280167, 0.10057172924280167, 0.0, 0.0, 0.0, 0.0, 0.10057172924280167, 0.0, 0.0, 0.0, 0.10057172924280167, 0.10057172924280167, 0.0, 0.0, 0.0, 0.0, 0.09485451132059097, 0.0, 0.10057172924280167]","[0.0, 0.1, 0.1, 0.1, 0.1, 0.1, 0.1, 0.1, 0.1, 0.0, 0.0, 0.0, 0.0, 0.0, 0.0, 0.0, 0.0, 0.0, 0.0, 0.0, 0.0, 0.0, 0.0, 0.0, 0.0, 0.0, 0.0, 0.0, 0.1, 0.1]","[0.006244861196861679, 0.0908799210808099, 0.08844708073712028, 0.09304996237117343, 0.09598834274275948, 0.07958439452333249, 0.07916022276774148, 0.09256918788728416, 0.10138587543185648, 0.0, 0.003831953527284919, 0.00377703084384292, 0.0, 0.007861582244918562, 0.012744300556777085, 0.0, 0.009200745560933924, 0.0, 0.010309932156411744, 0.0, 0.009519958898106737, 0.008845028522056587, 0.0, 0.0, 0.0, 0.0, 0.019701980019826842, 0.0, 0.0894900896881873, 0.09740754924271414]","[0.0, 0.0, 0.0, 0.0, 0.10057171434164047, 0.0, 0.10057171434164047, 0.0, 0.0, 0.0, 0.10057171434164047, 0.10057171434164047, 0.10057171434164047, 0.0, 0.0, 0.0, 0.0, 0.10057171434164047, 0.0, 0.0, 0.0, 0.10057171434164047, 0.10057171434164047, 0.0, 0.0, 0.0, 0.0, 0.09485449641942978, 0.0, 0.10057171434164047]",0.0008516115324699483
25,0.9877496612693646,"[0.9640916972382488, 0.9910047763039153, 1.0016048881393054, 1.003586668907152, 1.0000508892888935, 1.0071637861501954, 0.9849282820407524, 1.0176110622363514, 0.9869393899109151, 1.009988770116402, 0.9887634014505728, 0.99066360193512, 0.9966090302618466, 0.9945525589139202, 0.9866964994828551, 1.0058886349482312, 0.9967019883372848, 1.0167494429792858, 0.9893467820730748, 0.9938685552903077, 0.999389232701736, 1.015917154803496, 1.009717729468328, 0.9910886635502616, 0.9782168231585504, 0.9900619986889289, 0.9980611734651664, 1.012793760734198, 1.0084237436512664, 0.9973882596189867]","[0.9860929679941131, 0.9862338882191227, 0.9953365406076295, 0.9979639936825985, 1.0018324021463, 0.9975274558913348, 0.9871560227580916, 1.0071374203575107, 0.9731812745201982, 1.015440360263881, 1.0082158279651565, 1.0074257374292963, 1.0123503996097092, 1.0077552279847315, 0.9739577536883889, 1.0011570127185252, 1.0002525857042364, 0.9709990126691519, 1.0045743045017936, 0.9846744993713806, 0.999935206189534, 0.9982834447487162, 1.0242490943021998, 1.0099532835012748, 1.0034329569827483, 1.0055311267839542, 0.9926375553880648, 0.9970968210343619, 1.0105000919646583, 1.0020098238788544]","[-0.013907032005886943, -0.013766111780877277, -0.00466345939237045, -0.0020360063174015286, 0.001832402146300094, -0.0024725441086651534, -0.012843977241908444, 0.007137420357510749, -0.026818725479801797, 0.01544036026388107, 0.00821582796515652, 0.0074257374292963085, 0.012350399609709184, 0.007755227984731494, -0.026042246311611117, 0.0011570127185251966, 0.0002525857042363633, -0.029000987330848105, 0.004574304501793636, -0.01532550062861937, -6.479381046597954e-05, -0.00171655525128378, 0.024249094302199792, 0.009953283501274779, 0.0034329569827482587, 0.005531126783954177, -0.007362444611935248, -0.0029031789656380758, 0.010500091964658287, 0.0020098238788544]","[0.10758636891841888, 0.0, 0.0, 0.10758636891841888, 0.10758636891841888, 0.0, 0.0, 0.0, 0.0, 0.09632997214794159, 0.0, 0.0, 0.061758462339639664, 0.10758636891841888, 0.10758636891841888, 0.08880700916051865, 0.0, 0.0, 0.0, 0.0, 0.10758636891841888, 0.0, 0.0, 0.0, 0.0, 0.0, 0.0, 0.10758636891841888, 0.0, 0.0]","[0.0, 0.1, 0.1, 0.1, 0.1, 0.1, 0.1, 0.1, 0.1, 0.0, 0.0, 0.0, 0.0, 0.0, 0.0, 0.0, 0.0, 0.0, 0.0, 0.0, 0.0, 0.0, 0.0, 0.0, 0.0, 0.0, 0.0, 0.0, 0.1, 0.1]","[0.00021345097755328, 0.08567707823287836, 0.08226292129848645, 0.095835229893989, 0.09673654065098333, 0.08176957764806031, 0.10651125712839818, 0.0958432016559617, 0.09713816638712983, 0.0, 0.006828548888075036, 0.0, 0.0, 0.004918013662464611, 0.0, 0.0, 0.005221166478843375, 0.0, 0.0025419581486829258, 0.00793514162239902, 0.0017246730715791527, 0.0, 0.003527107136478847, 0.007730613166849363, 0.0, 0.0, 0.013451136154365866, 0.012701724914005369, 0.08868233016439814, 0.10275016271841782]","[0.10758636891841888, 0.0, 0.0, 0.10758636891841888, 0.10758636891841888, 0.0, 0.0, 0.0, 0.0, 0.09632997214794159, 0.0, 0.0, 0.061758462339639664, 0.10758636891841888, 0.10758636891841888, 0.08880700916051865, 0.0, 0.0, 0.0, 0.0, 0.10758636891841888, 0.0, 0.0, 0.0, 0.0, 0.0, 0.0, 0.10758636891841888, 0.0, 0.0]",-0.001774204473840061
26,0.9859780279452051,"[0.9860929679941131, 0.9862338882191227, 0.9953365406076295, 0.9979639936825985, 1.0018324021463, 0.9975274558913348, 0.9871560227580916, 1.0071374203575107, 0.9731812745201982, 1.015440360263881, 1.0082158279651565, 1.0074257374292963, 1.0123503996097092, 1.0077552279847315, 0.9739577536883889, 1.0011570127185252, 1.0002525857042364, 0.9709990126691519, 1.0045743045017936, 0.9846744993713806, 0.999935206189534, 0.9982834447487162, 1.0242490943021998, 1.0099532835012748, 1.0034329569827483, 1.0055311267839542, 0.9926375553880648, 0.9970968210343619, 1.0105000919646583, 1.0020098238788544]","[0.9995721376208487, 0.9975225294560418, 1.0024095103684318, 1.0129874884052228, 1.0089488303863752, 0.98057053169609, 0.9996967145260458, 0.9928735060435374, 0.9895158344550425, 0.9956716119319164, 1.0038574876587973, 1.0180606329957704, 0.9945874968593788, 0.9870673718755408, 1.005920708508746, 1.015496977125703, 0.9968715948774204, 1.0149725664685725, 0.9957168020836584, 1.0113562186210918, 1.0107529517865725, 0.9942071983870895, 0.9892289573415648, 1.0079380484892877, 0.9789783972127465, 1.0179872722014298, 1.0037549219803146, 0.9922647963818646, 1.0182080855019526, 1.0004352082681454]","[-0.000427862379151267, -0.0024774705439581934, 0.002409510368431844, 0.012987488405222791, 0.008948830386375173, -0.019429468303910014, -0.0003032854739541957, -0.007126493956462587, -0.010484165544957458, -0.004328388068083555, 0.003857487658797343, 0.01806063299577043, -0.00541250314062125, -0.012932628124459167, 0.005920708508746042, 0.015496977125702971, -0.003128405122579614, 0.014972566468572479, -0.0042831979163415745, 0.011356218621091818, 0.01075295178657254, -0.005792801612910514, -0.010771042658435204, 0.007938048489287697, -0.021021602787253513, 0.017987272201429816, 0.003754921980314574, -0.0077352036181354, 0.01820808550195263, 0.0004352082681453595]","[0.0, 0.0, 0.0, 0.0, 0.15094958245754242, 0.15094958245754242, 0.0, 0.15094958245754242, 0.0520702488720417, 0.0, 0.15094958245754242, 0.0, 0.15094958245754242, 0.0, 0.0, 0.0, 0.0, 0.08571798354387283, 0.0, 0.0, 0.0, 0.0, 0.0158220287412405, 0.0, 0.0, 0.013189619407057762, 0.0784522071480751, 0.0, 0.0, 0.0]","[0.0, 0.1, 0.1, 0.1, 0.1, 0.1, 0.1, 0.1, 0.1, 0.0, 0.0, 0.0, 0.0, 0.0, 0.0, 0.0, 0.0, 0.0, 0.0, 0.0, 0.0, 0.0, 0.0, 0.0, 0.0, 0.0, 0.0, 0.0, 0.1, 0.1]","[0.0, 0.09011769222200039, 0.08021705347308847, 0.10952589766521595, 0.10225251421263558, 0.07647560612444736, 0.09868035312698335, 0.10122073163667192, 0.08157226671536393, 0.00021038721333225242, 0.012723339725367986, 0.0, 0.0, 0.014096098505580046, 0.00795698362465191, 0.0, 0.0, 0.0009971371793988065, 0.011529855239776253, 0.0, 0.0, 0.0, 0.0, 0.006140111207417686, 0.001954736860161061, 0.009091329994945165, 0.02115418151677989, 0.0, 0.0873540459552466, 0.08672967780093525]","[0.0, 0.0, 0.0, 0.0, 0.15094958245754242, 0.15094958245754242, 0.0, 0.15094958245754242, 0.0520702488720417, 0.0, 0.15094958245754242, 0.0, 0.15094958245754242, 0.0, 0.0, 0.0, 0.0, 0.08571798354387283, 0.0, 0.0, 0.0, 0.0, 0.0158220287412405, 0.0, 0.0, 0.013189619407057762, 0.0784522071480751, 0.0, 0.0, 0.0]",-0.002119584481582181
27,0.9784444156930538,"[0.9995721376208487, 0.9975225294560418, 1.0024095103684318, 1.0129874884052228, 1.0089488303863752, 0.98057053169609, 0.9996967145260458, 0.9928735060435374, 0.9895158344550425, 0.9956716119319164, 1.0038574876587973, 1.0180606329957704, 0.9945874968593788, 0.9870673718755408, 1.005920708508746, 1.015496977125703, 0.9968715948774204, 1.0149725664685725, 0.9957168020836584, 1.0113562186210918, 1.0107529517865725, 0.9942071983870895, 0.9892289573415648, 1.0079380484892877, 0.9789783972127465, 1.0179872722014298, 1.0037549219803146, 0.9922647963818646, 1.0182080855019526, 1.0004352082681454]","[0.9957923080058468, 0.9958589611218622, 0.9983085607086761, 0.9932504984913044, 0.9801964416918576, 1.0162435017195308, 1.0160985809727723, 1.0057754431523105, 1.0055826687747964, 1.0143939044034658, 0.9931322496083753, 0.9849999629232499, 1.0011135009491943, 1.0037992610215833, 0.9999954509855865, 1.0091932708922193, 0.9820031349611662, 0.966754119981073, 1.0020560068800068, 0.9831593908077502, 1.0183740481749841, 1.0095519620523612, 0.9999788363550728, 0.9918576148973515, 1.0015302600064646, 1.0150789194406256, 0.9972962510460325, 1.003727052673227, 1.0078500470457248, 0.9942512471685112]","[-0.004207691994153162, -0.0041410388781377705, -0.0016914392913238707, -0.006749501508695577, -0.0198035583081424, 0.016243501719530817, 0.01609858097277228, 0.005775443152310489, 0.0055826687747964066, 0.014393904403465774, -0.006867750391624683, -0.015000037076750128, 0.0011135009491942682, 0.0037992610215833444, -4.5490144134907595e-06, 0.00919327089221933, -0.017996865038833798, -0.03324588001892703, 0.0020560068800068443, -0.016840609192249834, 0.018374048174984114, 0.009551962052361196, -2.1163644927213454e-05, -0.00814238510264853, 0.0015302600064646121, 0.01507891944062556, -0.002703748953967522, 0.003727052673226927, 0.007850047045724784, -0.00574875283148879]","[0.0, 0.0, 0.0, 0.0, 0.0910753384232521, 0.0, 0.0, 0.0, 0.0, 0.0, 0.0, 0.0, 0.10024916380643845, 0.0, 0.0, 0.0, 0.10244825482368469, 0.10244825482368469, 0.0, 0.10244825482368469, 0.10149651020765305, 0.0, 0.0, 0.10244825482368469, 0.0, 0.0, 0.10244825482368469, 0.0, 0.10244825482368469, 0.09248953312635422]","[0.0, 0.1, 0.1, 0.1, 0.1, 0.1, 0.1, 0.1, 0.1, 0.0, 0.0, 0.0, 0.0, 0.0, 0.0, 0.0, 0.0, 0.0, 0.0, 0.0, 0.0, 0.0, 0.0, 0.0, 0.0, 0.0, 0.0, 0.0, 0.1, 0.1]","[0.0, 0.09056031186365783, 0.08909416588785947, 0.08938159253977901, 0.0900149215432359, 0.10196723743441916, 0.10614183223623935, 0.09321936625020752, 0.08896680983975697, 0.002549730555951035, 0.008528814787469093, 0.011624324974684649, 0.0, 0.006368913624229643, 0.016191624482810824, 0.0, 0.003095642258783525, 0.0, 0.009180245137963379, 0.0, 0.0, 0.0, 0.0, 0.0014550165965288913, 0.0, 0.0, 0.0, 0.0, 0.0978128257260333, 0.0938466242603905]","[0.0, 0.0, 0.0, 0.0, 0.0910753384232521, 0.0, 0.0, 0.0, 0.0, 0.0, 0.0, 0.0, 0.10024916380643845, 0.0, 0.0, 0.0, 0.10244825482368469, 0.10244825482368469, 0.0, 0.10244825482368469, 0.10149651020765305, 0.0, 0.0, 0.10244825482368469, 0.0, 0.0, 0.10244825482368469, 0.0, 0.10244825482368469, 0.09248953312635422]",-0.007958511983636967
28,0.9764615213141116,"[0.9957923080058468, 0.9958589611218622, 0.9983085607086761, 0.9932504984913044, 0.9801964416918576, 1.0162435017195308, 1.0160985809727723, 1.0057754431523105, 1.0055826687747964, 1.0143939044034658, 0.9931322496083753, 0.9849999629232499, 1.0011135009491943, 1.0037992610215833, 0.9999954509855865, 1.0091932708922193, 0.9820031349611662, 0.966754119981073, 1.0020560068800068, 0.9831593908077502, 1.0183740481749841, 1.0095519620523612, 0.9999788363550728, 0.9918576148973515, 1.0015302600064646, 1.0150789194406256, 0.9972962510460325, 1.003727052673227, 1.0078500470457248, 0.9942512471685112]","[0.9872332164693939, 0.9775369577496225, 0.9991306224413158, 0.9879864647361634, 0.9981050573602702, 1.0168219242799061, 0.9991409316659975, 0.9760910157920384, 1.0029428677873369, 0.9892088592402876, 0.982830582206614, 1.0076393115800282, 1.0043879914085991, 0.987981763529723, 0.9955576930415553, 0.9894234896860515, 0.9925162255411449, 0.9889556983492546, 0.9941520535003907, 0.9949670104141315, 1.0084220269536492, 0.9734806884600262, 1.002987713147202, 1.0183322969397965, 0.9694648324305896, 0.995704358436347, 1.0039635976871917, 0.9943915026411196, 0.977232236121257, 0.981723675642263]","[-0.012766783530606118, -0.02246304225037754, -0.0008693775586842145, -0.012013535263836639, -0.0018949426397297797, 0.016821924279906142, -0.0008590683340025107, -0.023908984207961614, 0.002942867787336878, -0.010791140759712436, -0.017169417793385988, 0.007639311580028174, 0.0043879914085991345, -0.012018236470277, -0.0044423069584447195, -0.010576510313948462, -0.007483774458855064, -0.011044301650745436, -0.005847946499609291, -0.005032989585868508, 0.008422026953649242, -0.026519311539973778, 0.0029877131472020313, 0.018332296939796544, -0.030535167569410437, -0.00429564156365303, 0.003963597687191678, -0.00560849735888036, -0.02276776387874302, -0.01827632435773696]","[0.10453300178050995, 0.12321111559867859, 0.12321111559867859, 0.0, 0.0, 0.06705520302057266, 0.0, 0.0, 0.0, 0.0, 0.0, 0.0, 0.0, 0.07225172221660614, 0.07173387706279755, 0.0, 0.0, 0.0, 0.12321111559867859, 0.0, 0.09262417256832123, 0.0, 0.12321111559867859, 0.09895754605531693, 0.0, 0.0, 0.0, 0.0, 0.0, 0.0]","[0.0, 0.1, 0.1, 0.1, 0.1, 0.1, 0.1, 0.1, 0.1, 0.0, 0.0, 0.0, 0.0, 0.0, 0.0, 0.0, 0.0, 0.0, 0.0, 0.0, 0.0, 0.0, 0.0, 0.0, 0.0, 0.0, 0.0, 0.0, 0.1, 0.1]","[0.0, 0.09859442735980604, 0.08782793666624605, 0.08994026513708865, 0.09409083093000013, 0.09779398033482826, 0.09574197613143343, 0.09410509434802118, 0.10072291653731714, 0.007521991858684575, 0.00807342443831872, 0.00776196786477617, 0.007673449375878584, 0.0, 0.0, 0.012732927788229015, 0.0, 0.0010924934014188417, 0.0, 0.0, 0.0, 0.014073321009384352, 0.005470082074627676, 0.0010808424479490535, 0.0, 0.0, 0.004467351508698983, 0.0, 0.08743906985645494, 0.08379565093083796]","[0.10453300178050995, 0.12321111559867859, 0.12321111559867859, 0.0, 0.0, 0.06705520302057266, 0.0, 0.0, 0.0, 0.0, 0.0, 0.0, 0.0, 0.07225172221660614, 0.07173387706279755, 0.0, 0.0, 0.0, 0.12321111559867859, 0.0, 0.09262417256832123, 0.0, 0.12321111559867859, 0.09895754605531693, 0.0, 0.0, 0.0, 0.0, 0.0, 0.0]",-0.0023709471256238603
29,0.971341583764727,"[0.9872332164693939, 0.9775369577496225, 0.9991306224413158, 0.9879864647361634, 0.9981050573602702, 1.0168219242799061, 0.9991409316659975, 0.9760910157920384, 1.0029428677873369, 0.9892088592402876, 0.982830582206614, 1.0076393115800282, 1.0043879914085991, 0.987981763529723, 0.9955576930415553, 0.9894234896860515, 0.9925162255411449, 0.9889556983492546, 0.9941520535003907, 0.9949670104141315, 1.0084220269536492, 0.9734806884600262, 1.002987713147202, 1.0183322969397965, 0.9694648324305896, 0.995704358436347, 1.0039635976871917, 0.9943915026411196, 0.977232236121257, 0.981723675642263]","[0.9868710139780867, 1.020114225995725, 0.9919002916527442, 1.0003673625864138, 0.9943817883675458, 0.9892291321659098, 0.9935077955217348, 0.9970350737237526, 1.0046765875192982, 1.023361438496161, 0.9941949495881108, 0.9983964186917157, 1.007131920858416, 1.0009455395070317, 0.9917473766098743, 0.9866713506694695, 1.0225424996520107, 1.0002729995285664, 0.9883060374457484, 1.0120019542316772, 0.9910431731913772, 0.9994142150415363, 1.0110036263218733, 0.9977785448414468, 0.9712449098544942, 0.9762388229995845, 0.9975978112634669, 0.9931096912425634, 0.9968152430792073, 0.9925332249116258]","[-0.013128986021913258, 0.020114225995724988, -0.008099708347255818, 0.0003673625864137886, -0.00561821163245424, -0.010770867834090203, -0.006492204478265151, -0.002964926276247448, 0.004676587519298225, 0.023361438496160902, -0.005805050411889168, -0.0016035813082843076, 0.007131920858415963, 0.0009455395070316897, -0.008252623390125668, -0.013328649330530462, 0.022542499652010717, 0.00027299952856640886, -0.011693962554251591, 0.012001954231677159, -0.008956826808622753, -0.0005857849584637309, 0.01100362632187335, -0.0022214551585532094, -0.028755090145505813, -0.023761177000415468, -0.002402188736533084, -0.0068903087574365696, -0.003184756920792675, -0.007466775088374233]","[0.10840533673763275, 0.10840533673763275, 0.061794813722372055, 0.0, 0.0, 0.0, 0.09792859107255936, 0.0, 0.0, 0.0, 0.0, 0.0, 0.0, 0.0, 0.0, 0.1014363020658493, 0.0, 0.10037381201982498, 0.0, 0.0, 0.0, 0.0, 0.0, 0.10840533673763275, 0.0, 0.09643976390361786, 0.10840533673763275, 0.10840533673763275, 0.0, 0.0]","[0.0, 0.1, 0.1, 0.1, 0.1, 0.1, 0.1, 0.1, 0.1, 0.0, 0.0, 0.0, 0.0, 0.0, 0.0, 0.0, 0.0, 0.0, 0.0, 0.0, 0.0, 0.0, 0.0, 0.0, 0.0, 0.0, 0.0, 0.0, 0.1, 0.1]","[0.0, 0.09258996123182467, 0.07567531981643773, 0.10545098108092385, 0.09711368783163066, 0.10145285741546639, 0.08605900152161765, 0.09757025170976245, 0.1038030270371868, 0.0, 0.0, 0.0, 0.0008660570470768014, 0.005399173164338753, 0.0, 0.003409035232696356, 0.0, 0.0079457007428886, 0.004032722873217079, 0.011809811647313807, 0.0006714270549410706, 0.003245132730804385, 0.0, 0.0005085473033714857, 0.005046906231217927, 0.0, 0.00020224096789850162, 0.017354370368089685, 0.09435193598196401, 0.08544185100933131]","[0.10840533673763275, 0.10840533673763275, 0.061794813722372055, 0.0, 0.0, 0.0, 0.09792859107255936, 0.0, 0.0, 0.0, 0.0, 0.0, 0.0, 0.0, 0.0, 0.1014363020658493, 0.0, 0.10037381201982498, 0.0, 0.0, 0.0, 0.0, 0.0, 0.10840533673763275, 0.0, 0.09643976390361786, 0.10840533673763275, 0.10840533673763275, 0.0, 0.0]",-0.005644558677333954
30,0.9659181375732906,"[0.9868710139780867, 1.020114225995725, 0.9919002916527442, 1.0003673625864138, 0.9943817883675458, 0.9892291321659098, 0.9935077955217348, 0.9970350737237526, 1.0046765875192982, 1.023361438496161, 0.9941949495881108, 0.9983964186917157, 1.007131920858416, 1.0009455395070317, 0.9917473766098743, 0.9866713506694695, 1.0225424996520107, 1.0002729995285664, 0.9883060374457484, 1.0120019542316772, 0.9910431731913772, 0.9994142150415363, 1.0110036263218733, 0.9977785448414468, 0.9712449098544942, 0.9762388229995845, 0.9975978112634669, 0.9931096912425634, 0.9968152430792073, 0.9925332249116258]","[1.0028125404222918, 1.011342756022491, 0.9916162929270926, 0.9848079382569336, 0.9979761267153284, 0.9962706054987608, 0.9555613298893473, 1.00347356500394, 0.9786223843706227, 1.0182393545863249, 0.9981392271368089, 0.9649367275299588, 0.9866605992481873, 1.0189649803642187, 1.0048552386831238, 1.0062874150301506, 1.0001905585691195, 0.997555709110184, 1.0077037008355532, 0.9765427497585822, 1.0185489716790888, 1.0043323141539644, 0.9872903459305712, 0.9951041105515693, 0.9819809179322915, 0.9827757052008987, 0.9970987192391282, 1.0162265626571332, 0.9812937516856575, 1.0227263557371538]","[0.0028125404222918426, 0.011342756022491018, -0.008383707072907365, -0.01519206174306642, -0.0020238732846715735, -0.003729394501239214, -0.04443867011065272, 0.0034735650039399157, -0.021377615629377344, 0.018239354586324863, -0.0018607728631910847, -0.03506327247004115, -0.013339400751812724, 0.018964980364218675, 0.004855238683123764, 0.006287415030150623, 0.00019055856911953661, -0.0024442908898160143, 0.007703700835553162, -0.02345725024141776, 0.018548971679088755, 0.0043323141539644006, -0.01270965406942881, -0.004895889448430668, -0.018019082067708525, -0.01722429479910126, -0.002901280760871816, 0.01622656265713318, -0.018706248314342533, 0.02272635573715376]","[0.0, 0.0, 0.0, 0.0, 0.10062769800424576, 0.10062769800424576, 0.0, 0.0, 0.0, 0.0, 0.10062769800424576, 0.0, 0.10062769800424576, 0.0, 0.0, 0.10062769800424576, 0.10062769800424576, 0.0, 0.0, 0.09435070306062698, 0.0, 0.0, 0.0, 0.0, 0.10062769800424576, 0.10062769800424576, 0.0, 0.10062769800424576, 0.0, 0.0]","[0.0, 0.1, 0.1, 0.1, 0.1, 0.1, 0.1, 0.1, 0.1, 0.0, 0.0, 0.0, 0.0, 0.0, 0.0, 0.0, 0.0, 0.0, 0.0, 0.0, 0.0, 0.0, 0.0, 0.0, 0.0, 0.0, 0.0, 0.0, 0.1, 0.1]","[0.0, 0.09209599194973582, 0.10431773899849023, 0.09736519388788088, 0.09098217895655082, 0.09739910881508956, 0.08745226534388886, 0.09886647467047192, 0.0965115914103329, 0.0034472214898102825, 0.004721220539568501, 0.0, 0.0, 0.002797723388287975, 0.0, 0.0021621076900899504, 0.0, 0.007276397468532906, 0.0, 0.0, 0.0, 0.003330022627091369, 0.015417556034594791, 0.005047911038218776, 0.0, 0.007422060049018177, 0.0, 0.0, 0.10401728944870248, 0.07936994619364378]","[0.0, 0.0, 0.0, 0.0, 0.10062769800424576, 0.10062769800424576, 0.0, 0.0, 0.0, 0.0, 0.10062769800424576, 0.0, 0.10062769800424576, 0.0, 0.0, 0.10062769800424576, 0.10062769800424576, 0.0, 0.0, 0.09435070306062698, 0.0, 0.0, 0.0, 0.0, 0.10062769800424576, 0.10062769800424576, 0.0, 0.10062769800424576, 0.0, 0.0]",-0.0059994199138549845
31,0.9632619820918387,"[1.0028125404222918, 1.011342756022491, 0.9916162929270926, 0.9848079382569336, 0.9979761267153284, 0.9962706054987608, 0.9555613298893473, 1.00347356500394, 0.9786223843706227, 1.0182393545863249, 0.9981392271368089, 0.9649367275299588, 0.9866605992481873, 1.0189649803642187, 1.0048552386831238, 1.0062874150301506, 1.0001905585691195, 0.997555709110184, 1.0077037008355532, 0.9765427497585822, 1.0185489716790888, 1.0043323141539644, 0.9872903459305712, 0.9951041105515693, 0.9819809179322915, 0.9827757052008987, 0.9970987192391282, 1.0162265626571332, 0.9812937516856575, 1.0227263557371538]","[1.0128684987576406, 0.9861353583561648, 0.9749539079898348, 1.0011112167397445, 1.008152152852595, 1.015774959795652, 1.0010635535075565, 1.0100191400059542, 1.007772475238836, 1.0174594267274595, 1.0120117845948615, 0.9966328672369619, 0.9886813371612901, 1.0118991816229284, 1.0145236054712359, 0.9767027224426841, 1.0121524662048267, 1.0109402554078701, 1.0226964071800912, 1.002569341438038, 1.0015335720407639, 1.0105504486801176, 1.0043238859929384, 1.0000342534513422, 0.9724784021478063, 0.9908886621123003, 1.003155967647752, 0.9863198685052951, 0.9988564621609853, 1.0265179600671264]","[0.012868498757640623, -0.013864641643835163, -0.025046092010165166, 0.0011112167397444583, 0.008152152852594963, 0.01577495979565202, 0.0010635535075564917, 0.010019140005954164, 0.007772475238835952, 0.01745942672745948, 0.012011784594861519, -0.0033671327630381276, -0.011318662838709859, 0.011899181622928356, 0.014523605471235879, -0.02329727755731592, 0.012152466204826684, 0.010940255407870136, 0.02269640718009125, 0.0025693414380381085, 0.0015335720407638753, 0.010550448680117563, 0.0043238859929384255, 3.425345134222546e-05, -0.027521597852193658, -0.009111337887699689, 0.003155967647751945, -0.013680131494704928, -0.0011435378390146633, 0.026517960067126367]","[0.0, 0.0, 0.10729336738586426, 0.0, 0.0, 0.0, 0.0, 0.0, 0.0, 0.07321669906377792, 0.0, 0.0, 0.0773717537522316, 0.0, 0.0, 0.10729336738586426, 0.0, 0.0, 0.0, 0.10729336738586426, 0.0, 0.10729336738586426, 0.10729336738586426, 0.0, 0.0, 0.10729336738586426, 0.0, 0.10729336738586426, 0.0, 0.09835796058177948]","[0.0, 0.1, 0.1, 0.1, 0.1, 0.1, 0.1, 0.1, 0.1, 0.0, 0.0, 0.0, 0.0, 0.0, 0.0, 0.0, 0.0, 0.0, 0.0, 0.0, 0.0, 0.0, 0.0, 0.0, 0.0, 0.0, 0.0, 0.0, 0.1, 0.1]","[0.023364690229498383, 0.09945443716487891, 0.1029818194653973, 0.09350221733242892, 0.09316441962805538, 0.07691135150868293, 0.0800627670900865, 0.09413351820938458, 0.07944720588023521, 0.013074663502030782, 0.0, 0.0013358735873153043, 0.0, 0.007516995317186224, 0.0, 0.0, 0.010131864566227805, 0.0027944096902739984, 0.0, 0.0005671887025531368, 0.0034039844017913455, 0.0007044394624156621, 0.004752245652484832, 0.003407409916590697, 0.0, 0.0, 0.006607145363463286, 0.0049798726313289325, 0.10882391212303867, 0.08887756857465112]","[0.0, 0.0, 0.10729336738586426, 0.0, 0.0, 0.0, 0.0, 0.0, 0.0, 0.07321669906377792, 0.0, 0.0, 0.0773717537522316, 0.0, 0.0, 0.10729336738586426, 0.0, 0.0, 0.0, 0.10729336738586426, 0.0, 0.10729336738586426, 0.10729336738586426, 0.0, 0.0, 0.10729336738586426, 0.0, 0.10729336738586426, 0.0, 0.09835796058177948]",-0.003127978734091752
32,0.9655514954669758,"[1.0128684987576406, 0.9861353583561648, 0.9749539079898348, 1.0011112167397445, 1.008152152852595, 1.015774959795652, 1.0010635535075565, 1.0100191400059542, 1.007772475238836, 1.0174594267274595, 1.0120117845948615, 0.9966328672369619, 0.9886813371612901, 1.0118991816229284, 1.0145236054712359, 0.9767027224426841, 1.0121524662048267, 1.0109402554078701, 1.0226964071800912, 1.002569341438038, 1.0015335720407639, 1.0105504486801176, 1.0043238859929384, 1.0000342534513422, 0.9724784021478063, 0.9908886621123003, 1.003155967647752, 0.9863198685052951, 0.9988564621609853, 1.0265179600671264]","[1.0060348789356022, 0.9749830173387305, 0.9982964292196748, 0.9913112594479122, 1.0080448742720067, 1.007687433261624, 1.0098443395374277, 1.0185135338517637, 0.9785553892084713, 0.9869383756182666, 0.99772265584919, 1.004664724918143, 1.0056008796899414, 1.0114232735029607, 0.9764228647347601, 0.9922445377989091, 1.0129243427449028, 0.9848140817543621, 1.0026635737839469, 0.9968897265948546, 0.999476968845514, 1.0144996470686207, 1.012351003616152, 1.0002221831051439, 1.00556002465501, 0.999052350690286, 1.0009109871380475, 1.0010054428099466, 0.9966217128448207, 1.0025382243781125]","[0.006034878935602173, -0.025016982661269505, -0.0017035707803252365, -0.008688740552087793, 0.00804487427200673, 0.0076874332616239105, 0.009844339537427693, 0.018513533851763686, -0.021444610791528707, -0.013061624381733417, -0.0022773441508100456, 0.0046647249181430706, 0.005600879689941385, 0.011423273502960685, -0.023577135265239857, -0.0077554622010909124, 0.01292434274490284, -0.015185918245637864, 0.002663573783946882, -0.0031102734051453584, -0.0005230311544860422, 0.014499647068620725, 0.012351003616152045, 0.0002221831051438805, 0.005560024655010043, -0.0009476493097140271, 0.0009109871380474921, 0.0010054428099466328, -0.0033782871551792937, 0.0025382243781124636]","[0.07164930552244186, 0.0, 0.0601702444255352, 0.0, 0.0, 0.12847991287708282, 0.0, 0.0, 0.0, 0.0, 0.0, 0.0, 0.0, 0.13598550856113434, 0.0, 0.0, 0.0, 0.13953416049480438, 0.0, 0.058466337621212006, 0.0, 0.09241442382335663, 0.0, 0.11738273501396179, 0.05638326331973076, 0.0, 0.13953416049480438, 0.0, 0.0, 0.0]","[0.0, 0.1, 0.1, 0.1, 0.1, 0.1, 0.1, 0.1, 0.1, 0.0, 0.0, 0.0, 0.0, 0.0, 0.0, 0.0, 0.0, 0.0, 0.0, 0.0, 0.0, 0.0, 0.0, 0.0, 0.0, 0.0, 0.0, 0.0, 0.1, 0.1]","[0.0015817907261002826, 0.08063382323994343, 0.09983551830693921, 0.09901132363175433, 0.08128140785029621, 0.09768791255963484, 0.10260602301168881, 0.10141757859874535, 0.0917056629480116, 0.0, 0.0, 0.0010553143626040892, 0.013587395976853957, 0.006976585949897551, 0.0, 0.0064832200868300575, 0.0, 0.012767257365423987, 0.014896360890429644, 0.009467759668078, 0.0, 0.005303971896428003, 0.0, 0.0, 0.0066729386843130695, 0.0018434690518917465, 0.0017536446035069774, 0.0020636186686967223, 0.09346878015618428, 0.06789864176574797]","[0.07164930552244186, 0.0, 0.0601702444255352, 0.0, 0.0, 0.12847991287708282, 0.0, 0.0, 0.0, 0.0, 0.0, 0.0, 0.0, 0.13598550856113434, 0.0, 0.0, 0.0, 0.13953416049480438, 0.0, 0.058466337621212006, 0.0, 0.09241442382335663, 0.0, 0.11738273501396179, 0.05638326331973076, 0.0, 0.13953416049480438, 0.0, 0.0, 0.0]",0.0019935249421173216
33,0.9597156778106667,"[1.0060348789356022, 0.9749830173387305, 0.9982964292196748, 0.9913112594479122, 1.0080448742720067, 1.007687433261624, 1.0098443395374277, 1.0185135338517637, 0.9785553892084713, 0.9869383756182666, 0.99772265584919, 1.004664724918143, 1.0056008796899414, 1.0114232735029607, 0.9764228647347601, 0.9922445377989091, 1.0129243427449028, 0.9848140817543621, 1.0026635737839469, 0.9968897265948546, 0.999476968845514, 1.0144996470686207, 1.012351003616152, 1.0002221831051439, 1.00556002465501, 0.999052350690286, 1.0009109871380475, 1.0010054428099466, 0.9966217128448207, 1.0025382243781125]","[0.9737855178355469, 1.0149642511816481, 1.0075114713215358, 1.0170269968341343, 1.0045254743616883, 1.0006012369105703, 0.9879355685792242, 0.996638727879268, 0.9928398325171941, 0.9875427571581238, 0.9805029264557975, 1.008935309856757, 0.9857578255222266, 0.9993525215588567, 0.9785531768456025, 0.986911988300448, 1.0035489631744758, 0.9688796168547081, 0.9796257400552154, 0.9988476160479155, 1.0018163669900042, 1.007159256452158, 0.9824843081440624, 0.9988465911571899, 1.0124418033978941, 1.000718326980189, 1.0023610075961038, 0.9980284557217773, 1.0238465337575067, 1.0010056271164114]","[-0.0262144821644531, 0.014964251181648125, 0.007511471321535845, 0.017026996834134334, 0.004525474361688264, 0.0006012369105703463, -0.012064431420775845, -0.003361272120732006, -0.007160167482805901, -0.012457242841876215, -0.019497073544202492, 0.008935309856757057, -0.014242174477773428, -0.0006474784411433232, -0.0214468231543975, -0.013088011699551982, 0.0035489631744758388, -0.031120383145291863, -0.02037425994478459, -0.0011523839520845014, 0.0018163669900042034, 0.0071592564521580915, -0.0175156918559376, -0.001153408842810122, 0.012441803397894136, 0.0007183269801889214, 0.0023610075961038035, -0.001971544278222659, 0.02384653375750667, 0.0010056271164113895]","[0.1142030730843544, 0.07105779647827148, 0.0, 0.0, 0.0, 0.0, 0.09979899972677231, 0.0, 0.0, 0.0, 0.0, 0.1142030730843544, 0.1142030730843544, 0.0861077606678009, 0.0, 0.0, 0.10409847646951675, 0.0, 0.1142030730843544, 0.083844855427742, 0.0, 0.0, 0.0, 0.0, 0.0, 0.0, 0.0, 0.09827978909015656, 0.0, 0.0]","[0.0, 0.1, 0.1, 0.1, 0.1, 0.1, 0.1, 0.1, 0.1, 0.0, 0.0, 0.0, 0.0, 0.0, 0.0, 0.0, 0.0, 0.0, 0.0, 0.0, 0.0, 0.0, 0.0, 0.0, 0.0, 0.0, 0.0, 0.0, 0.1, 0.1]","[0.0, 0.10371416482224306, 0.10356073449126985, 0.08615628279827546, 0.10923063006188266, 0.08970283152357307, 0.1002023431079424, 0.08877420668637687, 0.09102944872908193, 0.0043926727329752285, 0.0, 0.0074789717237458975, 0.0, 0.007113549268717682, 0.0, 0.0, 0.004147201314742843, 0.005772405607310066, 0.0071220782601165095, 0.0, 0.006257953729884384, 0.0, 0.0, 0.0, 0.0, 0.0, 0.0, 0.0, 0.09746629870783008, 0.08787822643403195]","[0.114203080534935, 0.07105780392885208, 0.0, 0.0, 0.0, 0.0, 0.0997990071773529, 0.0, 0.0, 0.0, 0.0, 0.114203080534935, 0.114203080534935, 0.0861077681183815, 0.0, 0.0, 0.10409848392009735, 0.0, 0.114203080534935, 0.0838448628783226, 0.0, 0.0, 0.0, 0.0, 0.0, 0.0, 0.0, 0.09827979654073715, 0.0, 0.0]",-0.006487573131860084
34,0.9607672615059176,"[0.9737855178355469, 1.0149642511816481, 1.0075114713215358, 1.0170269968341343, 1.0045254743616883, 1.0006012369105703, 0.9879355685792242, 0.996638727879268, 0.9928398325171941, 0.9875427571581238, 0.9805029264557975, 1.008935309856757, 0.9857578255222266, 0.9993525215588567, 0.9785531768456025, 0.986911988300448, 1.0035489631744758, 0.9688796168547081, 0.9796257400552154, 0.9988476160479155, 1.0018163669900042, 1.007159256452158, 0.9824843081440624, 0.9988465911571899, 1.0124418033978941, 1.000718326980189, 1.0023610075961038, 0.9980284557217773, 1.0238465337575067, 1.0010056271164114]","[1.0069297380834763, 0.9810093367991687, 0.9930255173073066, 0.9929605408909745, 0.9840862601654656, 0.9958944378375155, 0.9964673735605735, 0.9948218401561121, 1.0099693814444615, 1.008725708015546, 1.015682407879149, 1.0175049011834418, 1.0113424851490531, 1.0133111269957533, 0.9941411956763369, 1.0045372662089402, 0.9850079030237303, 1.0146054408759253, 1.0062656898824696, 0.983084267139036, 1.0091227455406502, 0.9990029997368495, 1.0035676973418735, 1.0074009682362786, 0.989831413801974, 1.0183597116395455, 0.9889601330464108, 1.0059890058732037, 0.9855171886469863, 0.9785650640850089]","[0.0069297380834763, -0.018990663200831315, -0.006974482692693407, -0.007039459109025481, -0.01591373983453437, -0.004105562162484477, -0.003532626439426534, -0.0051781598438879195, 0.009969381444461467, 0.008725708015546063, 0.015682407879149096, 0.017504901183441834, 0.011342485149053116, 0.01331112699575332, -0.005858804323663147, 0.004537266208940238, -0.014992096976269687, 0.014605440875925302, 0.006265689882469561, -0.01691573286096404, 0.009122745540650179, -0.000997000263150527, 0.0035676973418734548, 0.00740096823627856, -0.010168586198025964, 0.01835971163954553, -0.011039866953589161, 0.005989005873203723, -0.014482811353013658, -0.021434935914991127]","[0.0, 0.0, 0.0, 0.0, 0.0, 0.05356694385409355, 0.0, 0.0, 0.12153255939483643, 0.0, 0.0, 0.0, 0.12153255939483643, 0.0, 0.0, 0.12153255939483643, 0.0692390725016594, 0.12153255939483643, 0.0, 0.0, 0.0, 0.08468133956193924, 0.09052952378988266, 0.0, 0.0, 0.0, 0.09432032704353333, 0.0, 0.12153255939483643, 0.0]","[0.0, 0.1, 0.1, 0.1, 0.1, 0.1, 0.1, 0.1, 0.1, 0.0, 0.0, 0.0, 0.0, 0.0, 0.0, 0.0, 0.0, 0.0, 0.0, 0.0, 0.0, 0.0, 0.0, 0.0, 0.0, 0.0, 0.0, 0.0, 0.1, 0.1]","[0.0, 0.09334391869930815, 0.10933885251255802, 0.08248702420282959, 0.09755325459669485, 0.08315522469404445, 0.09304419572878948, 0.09248859154902112, 0.08946384315696938, 0.012460562911793968, 0.014526168366926138, 0.0, 0.0, 0.008724549828427826, 0.006049039684020522, 0.0, 0.0052052591067611, 0.000878741115765373, 0.012032265035695574, 0.0, 0.0, 0.0, 0.0010285850051710247, 0.0, 0.01353000926452092, 0.0, 0.0, 0.004321916751566211, 0.09813577280515268, 0.08223222498398376]","[0.0, 0.0, 0.0, 0.0, 0.0, 0.05356694385409355, 0.0, 0.0, 0.12153255939483643, 0.0, 0.0, 0.0, 0.12153255939483643, 0.0, 0.0, 0.12153255939483643, 0.0692390725016594, 0.12153255939483643, 0.0, 0.0, 0.0, 0.08468133956193924, 0.09052952378988266, 0.0, 0.0, 0.0, 0.09432032704353333, 0.0, 0.12153255939483643, 0.0]",0.0006757099268992383
35,0.9618141289872966,"[1.0069297380834763, 0.9810093367991687, 0.9930255173073066, 0.9929605408909745, 0.9840862601654656, 0.9958944378375155, 0.9964673735605735, 0.9948218401561121, 1.0099693814444615, 1.008725708015546, 1.015682407879149, 1.0175049011834418, 1.0113424851490531, 1.0133111269957533, 0.9941411956763369, 1.0045372662089402, 0.9850079030237303, 1.0146054408759253, 1.0062656898824696, 0.983084267139036, 1.0091227455406502, 0.9990029997368495, 1.0035676973418735, 1.0074009682362786, 0.989831413801974, 1.0183597116395455, 0.9889601330464108, 1.0059890058732037, 0.9855171886469863, 0.9785650640850089]","[1.0016915217197626, 1.006088450103742, 0.9961561692655769, 0.9890189800622007, 0.9993567873799881, 1.0095846152935735, 0.9921061414003223, 1.027586373722965, 1.0099878550231567, 0.9854435090871452, 1.0005691465137894, 0.9870328316941497, 1.0121872629852717, 1.0099006274723876, 0.992365533843918, 1.007329831553909, 1.0098889436860181, 0.9953030937872123, 0.9856715945334594, 1.0001298908989127, 0.9844340994654742, 0.9995202666649174, 0.9949379690923641, 1.0268251678380418, 1.0253720908951145, 1.0051789163226625, 1.0257195838244968, 0.9822790234626698, 0.9913329961993501, 0.9806875201049605]","[0.001691521719762612, 0.006088450103741927, -0.0038438307344230704, -0.010981019937799319, -0.0006432126200118793, 0.009584615293573462, -0.007893858599677728, 0.027586373722964908, 0.009987855023156689, -0.014556490912854825, 0.0005691465137893648, -0.012967168305850318, 0.01218726298527173, 0.009900627472387624, -0.007634466156081987, 0.007329831553908983, 0.009888943686018115, -0.004696906212787733, -0.014328405466540572, 0.0001298908989126879, -0.015565900534525778, -0.000479733335082555, -0.005062030907635906, 0.026825167838041786, 0.025372090895114496, 0.005178916322662541, 0.025719583824496794, -0.01772097653733018, -0.008667003800649886, -0.01931247989503948]","[0.0, 0.0, 0.10000000894069672, 0.0, 0.0, 0.0, 0.0, 0.0, 0.10000000894069672, 0.0, 0.0, 0.0, 0.10000000894069672, 0.0, 0.0, 0.0, 0.0, 0.10000000894069672, 0.0, 0.10000000894069672, 0.10000000894069672, 0.10000000894069672, 0.0, 0.0, 0.0, 0.10000000894069672, 0.10000000894069672, 0.10000000894069672, 0.0, 0.0]","[0.0, 0.1, 0.1, 0.1, 0.1, 0.1, 0.1, 0.1, 0.1, 0.0, 0.0, 0.0, 0.0, 0.0, 0.0, 0.0, 0.0, 0.0, 0.0, 0.0, 0.0, 0.0, 0.0, 0.0, 0.0, 0.0, 0.0, 0.0, 0.1, 0.1]","[0.008921156836070527, 0.09327715956601429, 0.0871294414864366, 0.09699068162183992, 0.09080363609759154, 0.08014204553568625, 0.08989831053207935, 0.09347034069629155, 0.08868354961286473, 0.0, 0.0, 0.0, 0.0, 0.0010093805184965387, 0.0038864759987742646, 0.002493235013842263, 0.0, 0.01573042367765061, 0.02182358039275502, 0.0, 0.0, 0.0, 0.01776506001305954, 0.0072571948497872395, 0.0, 0.020873303923981727, 0.0, 0.0041217312180511, 0.08140305212983143, 0.0943202402788955]","[0.0, 0.0, 0.09999999403953552, 0.0, 0.0, 0.0, 0.0, 0.0, 0.09999999403953552, 0.0, 0.0, 0.0, 0.09999999403953552, 0.0, 0.0, 0.0, 0.0, 0.09999999403953552, 0.0, 0.09999999403953552, 0.09999999403953552, 0.09999999403953552, 0.0, 0.0, 0.0, 0.09999999403953552, 0.09999999403953552, 0.09999999403953552, 0.0, 0.0]",0.0007250770660118732
36,0.9544166923523212,"[1.0016915217197626, 1.006088450103742, 0.9961561692655769, 0.9890189800622007, 0.9993567873799881, 1.0095846152935735, 0.9921061414003223, 1.027586373722965, 1.0099878550231567, 0.9854435090871452, 1.0005691465137894, 0.9870328316941497, 1.0121872629852717, 1.0099006274723876, 0.992365533843918, 1.007329831553909, 1.0098889436860181, 0.9953030937872123, 0.9856715945334594, 1.0001298908989127, 0.9844340994654742, 0.9995202666649174, 0.9949379690923641, 1.0268251678380418, 1.0253720908951145, 1.0051789163226625, 1.0257195838244968, 0.9822790234626698, 0.9913329961993501, 0.9806875201049605]","[1.0053946606427433, 0.9936156849473431, 1.0175820741763002, 0.9802729709596637, 1.006727674686804, 1.0183873234036913, 0.9979233978588892, 1.0006987623805095, 1.002206788972341, 1.0054529953794231, 1.0193989189979404, 0.991311314708709, 0.9821434599101561, 1.0100148437746457, 0.9938383482039393, 0.9932218651691778, 0.9924721030398238, 0.9914902767317102, 0.9992139545731158, 1.0113131928266161, 0.998666621240353, 0.9857107574447199, 0.9780747414022085, 0.9844111966951374, 0.9847185077425203, 0.9756628430138599, 0.9810755563667047, 0.9956673815594889, 1.006851882020733, 1.015247461388879]","[0.005394660642743299, -0.006384315052656908, 0.0175820741763002, -0.019727029040336297, 0.006727674686803908, 0.018387323403691314, -0.002076602141110828, 0.0006987623805094767, 0.002206788972340945, 0.00545299537942312, 0.01939891899794044, -0.008688685291290965, -0.017856540089843942, 0.010014843774645676, -0.006161651796060652, -0.0067781348308222356, -0.007527896960176195, -0.008509723268289804, -0.0007860454268842076, 0.011313192826616136, -0.0013333787596470081, -0.01428924255528008, -0.021925258597791486, -0.015588803304862564, -0.015281492257479656, -0.02433715698614014, -0.018924443633295263, -0.004332618440511138, 0.006851882020733058, 0.015247461388878891]","[0.10247164964675903, 0.10247164964675903, 0.0, 0.0, 0.0, 0.0, 0.10247164964675903, 0.0, 0.0, 0.0, 0.0, 0.10247164964675903, 0.0, 0.0, 0.0, 0.08842416107654572, 0.0, 0.09180256724357605, 0.0, 0.0, 0.10247164964675903, 0.10247164964675903, 0.0, 0.0, 0.10247164964675903, 0.0, 0.10247164964675903, 0.0, 0.0, 0.0]","[0.0, 0.1, 0.1, 0.1, 0.1, 0.1, 0.1, 0.1, 0.1, 0.0, 0.0, 0.0, 0.0, 0.0, 0.0, 0.0, 0.0, 0.0, 0.0, 0.0, 0.0, 0.0, 0.0, 0.0, 0.0, 0.0, 0.0, 0.0, 0.1, 0.1]","[0.0, 0.07802686542949976, 0.10414660484975417, 0.10358892538266978, 0.07064065640156401, 0.08750878105051209, 0.08206764222822918, 0.1084195438456908, 0.0946236447832396, 0.009426615708275372, 0.0, 0.012774291105445238, 0.001790079318684538, 0.008982596571552837, 0.014894225923708178, 0.0056846463480245595, 0.0, 0.0, 0.0, 0.008384917061814894, 0.0, 0.0, 0.0, 0.0, 0.0, 0.01552473103323978, 0.0, 0.0038224978317331418, 0.09220041303952206, 0.09749232208683997]","[0.10247166454792023, 0.10247166454792023, 0.0, 0.0, 0.0, 0.0, 0.10247166454792023, 0.0, 0.0, 0.0, 0.0, 0.10247166454792023, 0.0, 0.0, 0.0, 0.08842416852712631, 0.0, 0.09180257469415665, 0.0, 0.0, 0.10247166454792023, 0.10247166454792023, 0.0, 0.0, 0.10247166454792023, 0.0, 0.10247166454792023, 0.0, 0.0, 0.0]",-0.008113300105515895
37,0.9576265005575081,"[1.0053946606427433, 0.9936156849473431, 1.0175820741763002, 0.9802729709596637, 1.006727674686804, 1.0183873234036913, 0.9979233978588892, 1.0006987623805095, 1.002206788972341, 1.0054529953794231, 1.0193989189979404, 0.991311314708709, 0.9821434599101561, 1.0100148437746457, 0.9938383482039393, 0.9932218651691778, 0.9924721030398238, 0.9914902767317102, 0.9992139545731158, 1.0113131928266161, 0.998666621240353, 0.9857107574447199, 0.9780747414022085, 0.9844111966951374, 0.9847185077425203, 0.9756628430138599, 0.9810755563667047, 0.9956673815594889, 1.006851882020733, 1.015247461388879]","[1.006388997603388, 0.9966705109676962, 0.9883160560968224, 1.0043024357886, 1.0026677027167417, 0.9942765759996908, 1.0075431261048249, 1.0148424445977693, 1.0074058284112855, 1.0056667384693698, 0.982031711281937, 1.0169666087362588, 0.9916347226035332, 1.0249827955303399, 0.990837839881449, 0.9981297508063599, 0.9842146903252136, 0.9753339142113616, 1.004393009166704, 0.9824219010559907, 1.0104316674680356, 1.0000543139561717, 0.9954542761158497, 0.9878989711459846, 1.019763589394678, 1.0048133071743235, 1.0148071876615714, 0.9947222388229728, 0.9934943566100614, 1.0076195829882504]","[0.006388997603387958, -0.0033294890323037896, -0.011683943903177618, 0.004302435788599901, 0.00266770271674166, -0.00572342400030923, 0.007543126104824882, 0.014842444597769289, 0.007405828411285453, 0.005666738469369825, -0.017968288718062997, 0.01696660873625877, -0.008365277396466753, 0.024982795530339885, -0.009162160118550977, -0.0018702491936400945, -0.01578530967478642, -0.02466608578863838, 0.004393009166703932, -0.0175780989440093, 0.010431667468035588, 5.431395617172541e-05, -0.00454572388415031, -0.012101028854015428, 0.019763589394677927, 0.004813307174323489, 0.014807187661571408, -0.005277761177027163, -0.006505643389938642, 0.007619582988250384]","[0.0, 0.07631248235702515, 0.0, 0.11895690113306046, 0.0, 0.0, 0.0, 0.0, 0.0, 0.11895690113306046, 0.0, 0.09025848656892776, 0.07057973742485046, 0.0, 0.0, 0.0, 0.0, 0.0, 0.11895690113306046, 0.0, 0.0, 0.11895690113306046, 0.11867814511060715, 0.0, 0.0, 0.0, 0.11895690113306046, 0.04938662797212601, 0.0, 0.0]","[0.0, 0.1, 0.1, 0.1, 0.1, 0.1, 0.1, 0.1, 0.1, 0.0, 0.0, 0.0, 0.0, 0.0, 0.0, 0.0, 0.0, 0.0, 0.0, 0.0, 0.0, 0.0, 0.0, 0.0, 0.0, 0.0, 0.0, 0.0, 0.1, 0.1]","[0.011264952830174235, 0.09710542912175457, 0.098928686923208, 0.09565718254258511, 0.10094600953227985, 0.09299770958155236, 0.08203678106037483, 0.08185444581426088, 0.09227695471172313, 0.0031642252380085574, 0.007126183075849385, 0.0, 0.0, 0.007896757665739579, 0.0, 0.0013284042468207004, 0.01004631415178239, 0.0, 0.0, 0.0, 0.022955025120772733, 0.0, 0.0, 0.0, 0.0, 0.0, 0.006169144879415801, 0.008934230844238602, 0.08919354073731625, 0.09011802192214305]","[0.0, 0.07631248235702515, 0.0, 0.11895690113306046, 0.0, 0.0, 0.0, 0.0, 0.0, 0.11895690113306046, 0.0, 0.09025848656892776, 0.07057973742485046, 0.0, 0.0, 0.0, 0.0, 0.0, 0.11895690113306046, 0.0, 0.0, 0.11895690113306046, 0.11867814511060715, 0.0, 0.0, 0.0, 0.11895690113306046, 0.04938662797212601, 0.0, 0.0]",0.002927910485395023
38,0.9597291914834655,"[1.006388997603388, 0.9966705109676962, 0.9883160560968224, 1.0043024357886, 1.0026677027167417, 0.9942765759996908, 1.0075431261048249, 1.0148424445977693, 1.0074058284112855, 1.0056667384693698, 0.982031711281937, 1.0169666087362588, 0.9916347226035332, 1.0249827955303399, 0.990837839881449, 0.9981297508063599, 0.9842146903252136, 0.9753339142113616, 1.004393009166704, 0.9824219010559907, 1.0104316674680356, 1.0000543139561717, 0.9954542761158497, 0.9878989711459846, 1.019763589394678, 1.0048133071743235, 1.0148071876615714, 0.9947222388229728, 0.9934943566100614, 1.0076195829882504]","[0.9931146696972389, 1.000555358566924, 0.9832747121819905, 0.985018337631232, 1.018288573226489, 0.9923799974090364, 1.0072530831837139, 1.019758808903595, 1.002568702219856, 1.0065029553753253, 1.0032867550032774, 0.9984252606553777, 0.987748681775328, 0.9918502478698267, 0.9778492861263404, 1.0068053695103183, 1.0337535030495022, 0.9917275482361219, 1.0032283801621347, 1.0066057592800854, 0.9898265033329866, 0.9876423944305951, 1.0070002230648898, 1.0121162333989184, 0.9854484824288868, 0.9895228406906337, 0.9850328624309385, 1.023666468535269, 0.9962293324692184, 0.9940947322912761]","[-0.006885330302761061, 0.0005553585669240135, -0.016725287818009527, -0.014981662368767967, 0.018288573226489024, -0.007620002590963626, 0.007253083183713871, 0.019758808903594938, 0.002568702219855945, 0.006502955375325303, 0.003286755003277353, -0.0015747393446222668, -0.012251318224671959, -0.008149752130173327, -0.022150713873659633, 0.006805369510318293, 0.0337535030495022, -0.008272451763878141, 0.0032283801621346697, 0.006605759280085444, -0.010173496667013393, -0.012357605569404906, 0.007000223064889788, 0.01211623339891843, -0.01455151757111317, -0.010477159309366324, -0.01496713756906154, 0.023666468535268992, -0.0037706675307815907, -0.005905267708723905]","[0.0, 0.0, 0.0, 0.0, 0.0, 0.0, 0.10559040307998657, 0.08623511344194412, 0.0, 0.10559040307998657, 0.09809761494398117, 0.0, 0.10559040307998657, 0.0, 0.10559040307998657, 0.0, 0.10559040307998657, 0.0, 0.09201543033123016, 0.0, 0.0, 0.09010937064886093, 0.0, 0.0, 0.0, 0.0, 0.0, 0.0, 0.10559040307998657, 0.0]","[0.0, 0.1, 0.1, 0.1, 0.1, 0.1, 0.1, 0.1, 0.1, 0.0, 0.0, 0.0, 0.0, 0.0, 0.0, 0.0, 0.0, 0.0, 0.0, 0.0, 0.0, 0.0, 0.0, 0.0, 0.0, 0.0, 0.0, 0.0, 0.1, 0.1]","[0.00548662328091053, 0.1052312863549588, 0.09188494614339184, 0.09206443819187672, 0.09478899961842399, 0.08746363639320404, 0.07511680000036233, 0.08533480428113424, 0.09666914718160455, 0.005568266608090842, 0.00624723121274798, 0.0, 0.0, 0.01271207909348097, 0.005882844370348807, 0.003156776482778448, 0.00549581025640457, 0.0209138448388457, 0.0, 0.0016988918903459928, 0.006041301305874461, 0.0, 0.0, 0.003493414238869742, 0.0, 0.0, 0.0, 0.018943346351778075, 0.09704483096315714, 0.07876068094141009]","[0.0, 0.0, 0.0, 0.0, 0.0, 0.0, 0.10559041053056717, 0.08623512089252472, 0.0, 0.10559041053056717, 0.09809762239456177, 0.0, 0.10559041053056717, 0.0, 0.10559041053056717, 0.0, 0.10559041053056717, 0.0, 0.09201543778181076, 0.0, 0.0, 0.09010937809944153, 0.0, 0.0, 0.0, 0.0, 0.0, 0.0, 0.10559041053056717, 0.0]",0.001766575414195034
39,0.9635123916494784,"[0.9931146696972389, 1.000555358566924, 0.9832747121819905, 0.985018337631232, 1.018288573226489, 0.9923799974090364, 1.0072530831837139, 1.019758808903595, 1.002568702219856, 1.0065029553753253, 1.0032867550032774, 0.9984252606553777, 0.987748681775328, 0.9918502478698267, 0.9778492861263404, 1.0068053695103183, 1.0337535030495022, 0.9917275482361219, 1.0032283801621347, 1.0066057592800854, 0.9898265033329866, 0.9876423944305951, 1.0070002230648898, 1.0121162333989184, 0.9854484824288868, 0.9895228406906337, 0.9850328624309385, 1.023666468535269, 0.9962293324692184, 0.9940947322912761]","[1.0162917635904243, 1.0073147279098187, 1.0121344900904796, 1.0230075764189788, 1.0137375780237683, 0.9911041477513582, 1.0068199424335016, 0.9868503023144719, 1.0245565903980658, 1.0033514599074924, 1.0087483626193177, 0.9900178905256979, 1.0008731867932856, 1.023042164419984, 1.0020661730913254, 0.9831638553258255, 1.0098184276710807, 1.0085028673359675, 1.0225959709560137, 0.9963494311508863, 1.0173510034561748, 0.991854183506782, 0.9898806133394663, 1.0023333090700373, 1.00008595167713, 0.9980432047825184, 0.9905588061147989, 0.9957077754422815, 0.9895201810104569, 0.9982863113397846]","[0.01629176359042428, 0.007314727909818686, 0.012134490090479622, 0.02300757641897877, 0.013737578023768293, -0.008895852248641756, 0.006819942433501591, -0.013149697685528094, 0.024556590398065792, 0.0033514599074924156, 0.008748362619317662, -0.009982109474302114, 0.0008731867932856296, 0.02304216441998408, 0.002066173091325396, -0.01683614467417449, 0.009818427671080654, 0.008502867335967501, 0.022595970956013733, -0.0036505688491137445, 0.017351003456174796, -0.008145816493217994, -0.010119386660533691, 0.0023333090700372594, 8.595167713010277e-05, -0.0019567952174815995, -0.009441193885201149, -0.004292224557718494, -0.010479818989543088, -0.0017136886602153734]","[0.10875283926725388, 0.08397427946329117, 0.0, 0.0, 0.0, 0.0, 0.0, 0.11501365900039673, 0.0, 0.05767151713371277, 0.11414824426174164, 0.0, 0.0, 0.0, 0.0, 0.08796809613704681, 0.0946851372718811, 0.11501365900039673, 0.0, 0.11501365900039673, 0.10775893181562424, 0.0, 0.0, 0.0, 0.0, 0.0, 0.0, 0.0, 0.0, 0.0]","[0.0, 0.1, 0.1, 0.1, 0.1, 0.1, 0.1, 0.1, 0.1, 0.0, 0.0, 0.0, 0.0, 0.0, 0.0, 0.0, 0.0, 0.0, 0.0, 0.0, 0.0, 0.0, 0.0, 0.0, 0.0, 0.0, 0.0, 0.0, 0.1, 0.1]","[0.009778922291820369, 0.10775632944961029, 0.07315434423487532, 0.08374028406026698, 0.07339958131918485, 0.09251875517045624, 0.07284844625376329, 0.11126524593781086, 0.09113394820749753, 0.0, 0.011821153182117726, 0.005480897952091281, 0.0027874972375944045, 0.0088161793445112, 0.021323416980626304, 0.011899080639038887, 0.012489674523546062, 0.003347501487836841, 0.0, 0.0, 0.0, 0.0, 0.0005367757844470676, 0.0, 0.0010209185303331864, 0.023431774174300358, 0.0, 0.0, 0.08534883946307313, 0.09610043377519785]","[0.10875283926725388, 0.08397427946329117, 0.0, 0.0, 0.0, 0.0, 0.0, 0.11501365900039673, 0.0, 0.05767151713371277, 0.11414824426174164, 0.0, 0.0, 0.0, 0.0, 0.08796809613704681, 0.0946851372718811, 0.11501365900039673, 0.0, 0.11501365900039673, 0.10775893181562424, 0.0, 0.0, 0.0, 0.0, 0.0, 0.0, 0.0, 0.0, 0.0]",0.003546686659016269
40,0.9690173739662618,"[1.0162917635904243, 1.0073147279098187, 1.0121344900904796, 1.0230075764189788, 1.0137375780237683, 0.9911041477513582, 1.0068199424335016, 0.9868503023144719, 1.0245565903980658, 1.0033514599074924, 1.0087483626193177, 0.9900178905256979, 1.0008731867932856, 1.023042164419984, 1.0020661730913254, 0.9831638553258255, 1.0098184276710807, 1.0085028673359675, 1.0225959709560137, 0.9963494311508863, 1.0173510034561748, 0.991854183506782, 0.9898806133394663, 1.0023333090700373, 1.00008595167713, 0.9980432047825184, 0.9905588061147989, 0.9957077754422815, 0.9895201810104569, 0.9982863113397846]","[1.0083454792405777, 1.0252186433656696, 1.0064930799271852, 0.9901327631299676, 0.9861285740188168, 0.9945884391136374, 1.0074883393773364, 0.9955100265306144, 1.002590072181327, 1.019524326806259, 1.013821769283371, 0.9872742990682325, 1.0064694273524952, 0.9900141394666792, 1.0162829060469354, 1.0121320493586432, 1.0038152541451502, 1.0138033161962643, 0.9794104601069362, 1.003262901343575, 1.001512751111569, 1.0023356661851428, 0.9947263939443705, 1.0079741202861514, 1.0040884736777738, 1.0002712645924257, 0.9944579406401446, 1.0091710823128957, 1.0041312442024957, 0.9983723645292972]","[0.008345479240577713, 0.02521864336566959, 0.006493079927185175, -0.009867236870032436, -0.013871425981183183, -0.005411560886362632, 0.007488339377336395, -0.004489973469385622, 0.0025900721813270078, 0.01952432680625904, 0.013821769283371088, -0.012725700931767503, 0.006469427352495227, -0.009985860533320845, 0.016282906046935386, 0.012132049358643204, 0.00381525414515016, 0.013803316196264293, -0.02058953989306378, 0.0032629013435749865, 0.0015127511115688996, 0.002335666185142804, -0.005273606055629543, 0.00797412028615141, 0.004088473677773763, 0.00027126459242565737, -0.005542059359855411, 0.009171082312895651, 0.004131244202495665, -0.0016276354707027707]","[0.07255502045154572, 0.07571551203727722, 0.0, 0.0, 0.0, 0.0, 0.0, 0.0, 0.0, 0.0, 0.1291871964931488, 0.0, 0.0, 0.0, 0.0, 0.0, 0.1291871964931488, 0.09549282491207123, 0.0, 0.0, 0.0, 0.0, 0.0813978910446167, 0.0, 0.08142975717782974, 0.0, 0.12783826887607574, 0.0, 0.1291871964931488, 0.0780092105269432]","[0.0, 0.1, 0.1, 0.1, 0.1, 0.1, 0.1, 0.1, 0.1, 0.0, 0.0, 0.0, 0.0, 0.0, 0.0, 0.0, 0.0, 0.0, 0.0, 0.0, 0.0, 0.0, 0.0, 0.0, 0.0, 0.0, 0.0, 0.0, 0.1, 0.1]","[0.0010195548869297542, 0.07913883722415163, 0.10499530507131156, 0.09477462210656037, 0.09746896060571644, 0.08294417040495805, 0.10441723366339359, 0.08675630490154296, 0.11025095960652984, 0.0, 0.0, 0.00889172677148644, 0.0, 0.002446858562796136, 0.0, 0.0, 0.0, 0.0007713391471431792, 0.0, 0.0, 0.005034789300909782, 0.005942424548150521, 0.0, 0.0, 0.0, 0.008141228045259857, 0.004973370542317258, 0.004127450560393168, 0.10278847809806406, 0.09511638595238534]","[0.07255501300096512, 0.07571550458669662, 0.0, 0.0, 0.0, 0.0, 0.0, 0.0, 0.0, 0.0, 0.1291871815919876, 0.0, 0.0, 0.0, 0.0, 0.0, 0.1291871815919876, 0.09549281001091003, 0.0, 0.0, 0.0, 0.0, 0.0813978835940361, 0.0, 0.08142974972724915, 0.0, 0.12783825397491455, 0.0, 0.1291871815919876, 0.07800920307636261]",0.005265167738460649
41,0.9698422020466767,"[1.0083454792405777, 1.0252186433656696, 1.0064930799271852, 0.9901327631299676, 0.9861285740188168, 0.9945884391136374, 1.0074883393773364, 0.9955100265306144, 1.002590072181327, 1.019524326806259, 1.013821769283371, 0.9872742990682325, 1.0064694273524952, 0.9900141394666792, 1.0162829060469354, 1.0121320493586432, 1.0038152541451502, 1.0138033161962643, 0.9794104601069362, 1.003262901343575, 1.001512751111569, 1.0023356661851428, 0.9947263939443705, 1.0079741202861514, 1.0040884736777738, 1.0002712645924257, 0.9944579406401446, 1.0091710823128957, 1.0041312442024957, 0.9983723645292972]","[1.008090746275582, 0.9868922615004327, 1.0080780859703269, 0.9968810933235058, 1.004322633124456, 1.0121235447934542, 1.01489297811685, 1.0104359207967055, 0.9692727248117762, 1.0001575776020564, 0.9996684524865406, 1.0126906799807383, 0.9870222317571886, 0.9917286964707719, 0.9870143721683585, 0.9880408597855767, 1.0217428928844046, 0.987165430248491, 1.01140926099687, 0.9766073425739538, 0.9963182618571395, 0.9929321852546702, 0.9906692865298281, 0.9859966568763107, 1.0038617634127533, 1.0060723001842677, 1.011690160153327, 1.0013268326602862, 1.0055391187081428, 1.007315306338036]","[0.008090746275581928, -0.013107738499567256, 0.008078085970326887, -0.003118906676494171, 0.00432263312445591, 0.012123544793454233, 0.014892978116850086, 0.010435920796705522, -0.030727275188223824, 0.00015757760205636906, -0.00033154751345942923, 0.012690679980738251, -0.012977768242811383, -0.008271303529228113, -0.012985627831641477, -0.011959140214423347, 0.021742892884404563, -0.012834569751508984, 0.011409260996869897, -0.023392657426046237, -0.0036817381428605467, -0.0070678147453298035, -0.009330713470171892, -0.014003343123689338, 0.0038617634127533496, 0.006072300184267743, 0.011690160153327023, 0.0013268326602862146, 0.005539118708142832, 0.0073153063380360095]","[0.10581427812576294, 0.0, 0.10581427812576294, 0.0, 0.0, 0.09235890954732895, 0.10581427812576294, 0.0, 0.0, 0.0, 0.08914481103420258, 0.0, 0.0, 0.0, 0.0, 0.10581427812576294, 0.0, 0.07779635488986969, 0.10581427812576294, 0.0, 0.0, 0.0, 0.10581427812576294, 0.10581427812576294, 0.0, 0.0, 0.0, 0.0, 0.0, 0.0]","[0.0, 0.1, 0.1, 0.1, 0.1, 0.1, 0.1, 0.1, 0.1, 0.0, 0.0, 0.0, 0.0, 0.0, 0.0, 0.0, 0.0, 0.0, 0.0, 0.0, 0.0, 0.0, 0.0, 0.0, 0.0, 0.0, 0.0, 0.0, 0.1, 0.1]","[0.0, 0.09273901003480484, 0.09223466720635996, 0.09432795222042414, 0.09124565583478825, 0.07952935735935503, 0.08262006070392648, 0.08783250053602919, 0.09782375494498517, 0.016472055601514816, 0.008458011531374165, 0.011810941909626529, 0.009712811763612628, 0.003223112493188185, 0.00901081129603561, 0.0, 0.003918612439929115, 0.00773806785139406, 0.0, 0.002779971731739873, 0.0, 0.0, 0.0, 0.0, 0.0, 0.0, 0.0, 0.0035449568832521022, 0.11031789235628901, 0.09465979530137086]","[0.10581427812576294, 0.0, 0.10581427812576294, 0.0, 0.0, 0.09235890954732895, 0.10581427812576294, 0.0, 0.0, 0.0, 0.08914481103420258, 0.0, 0.0, 0.0, 0.0, 0.10581427812576294, 0.0, 0.07779635488986969, 0.10581427812576294, 0.0, 0.0, 0.0, 0.10581427812576294, 0.10581427812576294, 0.0, 0.0, 0.0, 0.0, 0.0, 0.0]",0.00042851893268482257
42,0.9674599364829292,"[1.008090746275582, 0.9868922615004327, 1.0080780859703269, 0.9968810933235058, 1.004322633124456, 1.0121235447934542, 1.01489297811685, 1.0104359207967055, 0.9692727248117762, 1.0001575776020564, 0.9996684524865406, 1.0126906799807383, 0.9870222317571886, 0.9917286964707719, 0.9870143721683585, 0.9880408597855767, 1.0217428928844046, 0.987165430248491, 1.01140926099687, 0.9766073425739538, 0.9963182618571395, 0.9929321852546702, 0.9906692865298281, 0.9859966568763107, 1.0038617634127533, 1.0060723001842677, 1.011690160153327, 1.0013268326602862, 1.0055391187081428, 1.007315306338036]","[0.9996050109514857, 0.9779893689725018, 0.9898527821697436, 1.0029719480140944, 1.0216170121572152, 0.9750720145387802, 0.9960505109246107, 0.9921172835401783, 0.9913735591899681, 0.9962186201414762, 0.9888927347760028, 0.9938175023126958, 0.9966030346470487, 0.9950759417389424, 0.990433805656418, 1.0073853520006164, 0.9956514493852803, 0.9960035184096856, 1.0210130714075238, 1.013870037426486, 1.0149862285845288, 0.993445942506726, 1.0062923764173979, 0.9994949193056462, 0.9899159698918604, 0.979505756627236, 0.9929333278787259, 1.024488761276762, 0.9978738601767175, 1.0003026827219417]","[-0.00039498904851431593, -0.02201063102749823, -0.010147217830256405, 0.0029719480140943944, 0.021617012157215232, -0.02492798546121977, -0.003949489075389279, -0.007882716459821748, -0.008626440810031943, -0.0037813798585237812, -0.011107265223997187, -0.006182497687304167, -0.003396965352951309, -0.004924058261057573, -0.009566194343581969, 0.0073853520006164075, -0.004348550614719726, -0.003996481590314405, 0.021013071407523842, 0.01387003742648596, 0.014986228584528805, -0.006554057493273979, 0.0062923764173978824, -0.0005050806943538433, -0.01008403010813963, -0.020494243372763954, -0.007066672121274098, 0.024488761276761917, -0.002126139823282469, 0.0003026827219416717]","[0.0, 0.0, 0.0, 0.10044574737548828, 0.0, 0.10044574737548828, 0.0, 0.10044574737548828, 0.0, 0.10044574737548828, 0.0, 0.10044574737548828, 0.0, 0.10044574737548828, 0.10044574737548828, 0.0, 0.0, 0.0, 0.0, 0.0, 0.10044574737548828, 0.0, 0.0, 0.0, 0.09598831087350845, 0.0, 0.0, 0.10044574737548828, 0.0, 0.0]","[0.0, 0.1, 0.1, 0.1, 0.1, 0.1, 0.1, 0.1, 0.1, 0.0, 0.0, 0.0, 0.0, 0.0, 0.0, 0.0, 0.0, 0.0, 0.0, 0.0, 0.0, 0.0, 0.0, 0.0, 0.0, 0.0, 0.0, 0.0, 0.1, 0.1]","[0.0, 0.09335918264509643, 0.08217818356389174, 0.08877575713196949, 0.09990947063686259, 0.08199934954316493, 0.08754479903655489, 0.10535081527931306, 0.09893801806003553, 0.0, 0.00447478314344429, 0.0, 0.0031693462964500043, 0.009718248787795846, 0.009264554048946936, 0.0017001113604870688, 0.01686465221627933, 0.0, 0.0, 0.009863593440175835, 0.0, 0.0022810032083041337, 0.015802115275903538, 0.0, 0.011886731096096595, 0.0037928401974452047, 0.0, 0.0, 0.08213363789813408, 0.09099280713364861]","[0.0, 0.0, 0.0, 0.10044574737548828, 0.0, 0.10044574737548828, 0.0, 0.10044574737548828, 0.0, 0.10044574737548828, 0.0, 0.10044574737548828, 0.0, 0.10044574737548828, 0.10044574737548828, 0.0, 0.0, 0.0, 0.0, 0.0, 0.10044574737548828, 0.0, 0.0, 0.0, 0.09598831087350845, 0.0, 0.0, 0.10044574737548828, 0.0, 0.0]",-0.0027793765705262804
43,0.9617198204867105,"[0.9996050109514857, 0.9779893689725018, 0.9898527821697436, 1.0029719480140944, 1.0216170121572152, 0.9750720145387802, 0.9960505109246107, 0.9921172835401783, 0.9913735591899681, 0.9962186201414762, 0.9888927347760028, 0.9938175023126958, 0.9966030346470487, 0.9950759417389424, 0.990433805656418, 1.0073853520006164, 0.9956514493852803, 0.9960035184096856, 1.0210130714075238, 1.013870037426486, 1.0149862285845288, 0.993445942506726, 1.0062923764173979, 0.9994949193056462, 0.9899159698918604, 0.979505756627236, 0.9929333278787259, 1.024488761276762, 0.9978738601767175, 1.0003026827219417]","[0.9902196304157798, 0.9963691809865981, 0.9883760319696907, 1.0118762483912045, 0.980687496691796, 0.9812524165801717, 0.9880637870290767, 0.9893392354008271, 0.995574243821409, 1.0190065081504351, 0.9958028875394027, 0.992574456227054, 1.021244543223652, 0.9824865644067997, 0.9994252603392623, 0.9889102922287045, 0.9879974750881533, 1.006070174054268, 0.9829124183727151, 0.9888941888855276, 0.9995271327112313, 1.0201929374305236, 0.9964567527682247, 1.0024905645742892, 0.9933683425731299, 0.993229940785301, 0.9824196599455535, 1.0137590375435546, 0.9933340616042815, 1.0034110592229926]","[-0.009780369584220239, -0.003630819013401898, -0.011623968030309295, 0.011876248391204491, -0.019312503308204, -0.018747583419828295, -0.011936212970923288, -0.010660764599172867, -0.004425756178590978, 0.019006508150435142, -0.004197112460597285, -0.007425543772946019, 0.0212445432236521, -0.01751343559320029, -0.0005747396607377331, -0.011089707771295476, -0.012002524911846724, 0.006070174054267907, -0.017087581627284854, -0.011105811114472397, -0.0004728672887687191, 0.02019293743052364, -0.0035432472317753483, 0.0024905645742892, -0.006631657426870108, -0.006770059214698976, -0.01758034005444653, 0.013759037543554564, -0.006665938395718496, 0.003411059222992563]","[0.08394113183021545, 0.0, 0.09659223258495331, 0.0, 0.0, 0.0, 0.07388786226511002, 0.0, 0.10906439274549484, 0.0, 0.08194657415151596, 0.0, 0.0, 0.0, 0.09975696355104446, 0.0, 0.11544688045978546, 0.11274194717407227, 0.0, 0.0, 0.0, 0.0, 0.0, 0.0, 0.0, 0.1111750677227974, 0.0, 0.0, 0.11544688045978546, 0.0]","[0.0, 0.1, 0.1, 0.1, 0.1, 0.1, 0.1, 0.1, 0.1, 0.0, 0.0, 0.0, 0.0, 0.0, 0.0, 0.0, 0.0, 0.0, 0.0, 0.0, 0.0, 0.0, 0.0, 0.0, 0.0, 0.0, 0.0, 0.0, 0.1, 0.1]","[0.0025019183702742654, 0.09527181437586678, 0.0709606065092483, 0.09818917118637531, 0.07468788496345988, 0.0989789391233002, 0.09240621109410707, 0.08674776742263667, 0.083528373578379, 0.0, 0.018275183065206486, 0.0, 0.0013430149541395046, 0.006579561354582991, 0.009779799443551774, 0.004046898054542088, 0.0, 0.0037811244225330193, 0.007787995232685775, 0.0026261820566476535, 0.005966992431218072, 0.017674929776155004, 0.017273352429547383, 0.0, 0.0, 0.002327649424688068, 0.0, 0.019574325137079063, 0.0945951050133243, 0.08509520058045142]","[0.08394113928079605, 0.0, 0.0965922400355339, 0.0, 0.0, 0.0, 0.07388786971569061, 0.0, 0.10906440019607544, 0.0, 0.08194658160209656, 0.0, 0.0, 0.0, 0.09975697100162506, 0.0, 0.11544688791036606, 0.11274195462465286, 0.0, 0.0, 0.0, 0.0, 0.0, 0.0, 0.0, 0.11117507517337799, 0.0, 0.0, 0.11544688791036606, 0.0]",-0.00642947323664205
44,0.9650905428565695,"[0.9902196304157798, 0.9963691809865981, 0.9883760319696907, 1.0118762483912045, 0.980687496691796, 0.9812524165801717, 0.9880637870290767, 0.9893392354008271, 0.995574243821409, 1.0190065081504351, 0.9958028875394027, 0.992574456227054, 1.021244543223652, 0.9824865644067997, 0.9994252603392623, 0.9889102922287045, 0.9879974750881533, 1.006070174054268, 0.9829124183727151, 0.9888941888855276, 0.9995271327112313, 1.0201929374305236, 0.9964567527682247, 1.0024905645742892, 0.9933683425731299, 0.993229940785301, 0.9824196599455535, 1.0137590375435546, 0.9933340616042815, 1.0034110592229926]","[0.9770210139183992, 0.9776722247897276, 1.0020212399026651, 0.9896363794072413, 1.002522789386812, 0.9982200377127723, 0.9859945997960273, 1.021711368982438, 1.0097189161117148, 0.9981920986834218, 0.9903570568466609, 0.9949555071998554, 1.002225994189648, 1.0004351333500283, 0.9859632566618685, 1.0131574099568426, 1.0124582189372375, 1.017660685055363, 0.984136225646441, 1.0061187322735936, 1.001251081460695, 0.9766225284391568, 1.006291210059359, 0.9996062112507174, 1.016690055175353, 0.9875248357460746, 1.0333595943444807, 0.9843453075537167, 1.0095595289493244, 0.9846678673873431]","[-0.02297898608160076, -0.022327775210272405, 0.0020212399026651173, -0.010363620592758749, 0.002522789386812052, -0.0017799622872276544, -0.014005400203972673, 0.021711368982437973, 0.009718916111714826, -0.0018079013165781532, -0.009642943153339134, -0.005044492800144629, 0.002225994189648084, 0.0004351333500283161, -0.014036743338131541, 0.013157409956842558, 0.01245821893723753, 0.01766068505536289, -0.015863774353559013, 0.006118732273593608, 0.0012510814606949694, -0.023377471560843244, 0.006291210059359065, -0.00039378874928264196, 0.016690055175353047, -0.012475164253925364, 0.03335959434448066, -0.015654692446283258, 0.009559528949324436, -0.015332132612656868]","[0.0, 0.0, 0.0, 0.0, 0.0, 0.0, 0.0, 0.0795590952038765, 0.09968678653240204, 0.0, 0.0, 0.06250397115945816, 0.0, 0.0, 0.11577140539884567, 0.0, 0.0, 0.0, 0.11577140539884567, 0.11577140539884567, 0.0, 0.0, 0.11577140539884567, 0.0, 0.06362175196409225, 0.0, 0.11577140539884567, 0.0, 0.0, 0.11577140539884567]","[0.0, 0.1, 0.1, 0.1, 0.1, 0.1, 0.1, 0.1, 0.1, 0.0, 0.0, 0.0, 0.0, 0.0, 0.0, 0.0, 0.0, 0.0, 0.0, 0.0, 0.0, 0.0, 0.0, 0.0, 0.0, 0.0, 0.0, 0.0, 0.1, 0.1]","[0.0026224784452699434, 0.09130434933913187, 0.0956314253816234, 0.08954308490253012, 0.09295734027147544, 0.09497376000485158, 0.12225626289882781, 0.10404756217319026, 0.07476650900044272, 0.002032414038692096, 0.0, 0.006806730830238164, 0.0, 0.0, 0.00499723245527155, 0.004997266670583658, 0.001824328620400807, 0.008815747867054444, 0.0, 0.0016770423179452928, 0.0, 0.0, 0.0, 0.0, 0.011726173491383059, 0.0, 0.0, 0.0, 0.08868103370682576, 0.10033925758426201]","[0.0, 0.0, 0.0, 0.0, 0.0, 0.0, 0.0, 0.0795590952038765, 0.09968678653240204, 0.0, 0.0, 0.06250397115945816, 0.0, 0.0, 0.11577140539884567, 0.0, 0.0, 0.0, 0.11577140539884567, 0.11577140539884567, 0.0, 0.0, 0.11577140539884567, 0.0, 0.06362175196409225, 0.0, 0.11577140539884567, 0.0, 0.0, 0.11577140539884567]",0.003096679380375503
45,0.9665561708375103,"[0.9770210139183992, 0.9776722247897276, 1.0020212399026651, 0.9896363794072413, 1.002522789386812, 0.9982200377127723, 0.9859945997960273, 1.021711368982438, 1.0097189161117148, 0.9981920986834218, 0.9903570568466609, 0.9949555071998554, 1.002225994189648, 1.0004351333500283, 0.9859632566618685, 1.0131574099568426, 1.0124582189372375, 1.017660685055363, 0.984136225646441, 1.0061187322735936, 1.001251081460695, 0.9766225284391568, 1.006291210059359, 0.9996062112507174, 1.016690055175353, 0.9875248357460746, 1.0333595943444807, 0.9843453075537167, 1.0095595289493244, 0.9846678673873431]","[0.9931559176634699, 0.9841507309953365, 1.0057967316165184, 0.9821201416497316, 1.011204022327494, 1.001020630919439, 0.9889434167283173, 1.0170543226522386, 1.010434929633125, 1.017189006631317, 1.0044116206778497, 1.0014811670571802, 1.0018024693506973, 0.986812205307047, 1.0057577189077678, 1.0044769618510705, 0.9693175338830058, 0.9996556829078752, 1.013776278141118, 1.0017230079231532, 0.988322266981479, 0.9834740796723546, 0.9907041587348635, 0.9895887697230084, 0.9912937639151498, 1.0248581513350916, 1.0128976380647017, 0.9769488727067868, 1.0001940681718866, 1.020004763856311]","[-0.006844082336530111, -0.015849269004663546, 0.005796731616518391, -0.017879858350268396, 0.011204022327494068, 0.0010206309194389362, -0.011056583271682685, 0.017054322652238607, 0.010434929633124979, 0.01718900663131695, 0.004411620677849726, 0.001481167057180155, 0.0018024693506972778, -0.013187794692952948, 0.005757718907767773, 0.004476961851070493, -0.03068246611699421, -0.00034431709212479067, 0.013776278141117926, 0.0017230079231531636, -0.011677733018521042, -0.016525920327645438, -0.009295841265136495, -0.010411230276991645, -0.008706236084850216, 0.024858151335091616, 0.012897638064701678, -0.023051127293213236, 0.00019406817188660774, 0.020004763856311003]","[0.10557594895362854, 0.0, 0.0, 0.09317316859960556, 0.0718454048037529, 0.0, 0.10557594895362854, 0.10176975280046463, 0.0, 0.0, 0.0, 0.0, 0.09975594282150269, 0.0, 0.0, 0.0, 0.0, 0.0, 0.10557594895362854, 0.0, 0.10557594895362854, 0.0, 0.0, 0.0, 0.0, 0.0, 0.0, 0.0, 0.10557594895362854, 0.10557594895362854]","[0.0, 0.1, 0.1, 0.1, 0.1, 0.1, 0.1, 0.1, 0.1, 0.0, 0.0, 0.0, 0.0, 0.0, 0.0, 0.0, 0.0, 0.0, 0.0, 0.0, 0.0, 0.0, 0.0, 0.0, 0.0, 0.0, 0.0, 0.0, 0.1, 0.1]","[0.0, 0.1012179585769064, 0.09172220551700752, 0.08073050702333172, 0.09605523008240648, 0.0913153121835373, 0.09221294288722028, 0.11149276754070615, 0.08943177728802638, 0.012761502970321532, 0.005337946939647702, 0.007899812771300658, 0.0, 0.0028211378797586796, 0.006448373554346299, 0.010380240207802495, 0.0, 0.0, 0.0, 0.0, 2.878111415249615e-05, 0.0008087368015794598, 0.006392428859884421, 0.0, 0.0022536891624076573, 0.0, 0.0017433413740311967, 0.014233442770376805, 0.0813425731642006, 0.09336929133104772]","[0.10557596385478973, 0.0, 0.0, 0.09317317605018616, 0.0718454122543335, 0.0, 0.10557596385478973, 0.10176976770162582, 0.0, 0.0, 0.0, 0.0, 0.09975595772266388, 0.0, 0.0, 0.0, 0.0, 0.0, 0.10557596385478973, 0.0, 0.10557596385478973, 0.0, 0.0, 0.0, 0.0, 0.0, 0.0, 0.0, 0.10557596385478973, 0.10557596385478973]",0.0010749586502233912
46,0.9660224575806976,"[0.9931559176634699, 0.9841507309953365, 1.0057967316165184, 0.9821201416497316, 1.011204022327494, 1.001020630919439, 0.9889434167283173, 1.0170543226522386, 1.010434929633125, 1.017189006631317, 1.0044116206778497, 1.0014811670571802, 1.0018024693506973, 0.986812205307047, 1.0057577189077678, 1.0044769618510705, 0.9693175338830058, 0.9996556829078752, 1.013776278141118, 1.0017230079231532, 0.988322266981479, 0.9834740796723546, 0.9907041587348635, 0.9895887697230084, 0.9912937639151498, 1.0248581513350916, 1.0128976380647017, 0.9769488727067868, 1.0001940681718866, 1.020004763856311]","[0.9998817352112285, 0.9915241979665493, 1.0143403173478065, 0.9966439331790037, 0.9888946305948316, 0.9779564434559233, 0.9848540771715835, 1.0208693397394564, 0.9989597876092776, 0.9901560210006919, 0.998270492514885, 0.9821711321726344, 1.0003430505791258, 1.0062410993315813, 0.992373279651659, 0.9920880329241376, 0.9871036621484897, 0.9942202140319646, 0.99155918501276, 0.9706211714768079, 0.9828833894199636, 1.0138216348848552, 0.9969458126679227, 1.0059043377765253, 0.9934542893855969, 1.007005770962573, 0.9922233459174696, 1.0050434294532022, 1.0082190887416604, 1.0082208720368682]","[-0.00011826478877152713, -0.008475802033450663, 0.014340317347806497, -0.0033560668209963174, -0.011105369405168375, -0.022043556544076748, -0.015145922828416536, 0.020869339739456372, -0.0010402123907223837, -0.009843978999308112, -0.0017295074851150227, -0.01782886782736559, 0.00034305057912575876, 0.006241099331581346, -0.0076267203483409984, -0.007911967075862392, -0.012896337851510342, -0.005779785968035411, -0.00844081498724003, -0.02937882852319207, -0.01711661058003644, 0.013821634884855216, -0.003054187332077296, 0.005904337776525326, -0.006545710614403122, 0.0070057709625730435, -0.007776654082530365, 0.005043429453202242, 0.00821908874166044, 0.008220872036868165]","[0.0, 0.11025336384773254, 0.11025336384773254, 0.0, 0.08426005393266678, 0.0, 0.0, 0.0, 0.10086861252784729, 0.0, 0.08323206752538681, 0.0, 0.0857146605849266, 0.11025336384773254, 0.0, 0.11025336384773254, 0.0, 0.0, 0.0, 0.0, 0.0, 0.0, 0.11025336384773254, 0.0, 0.0, 0.0, 0.0, 0.09465785324573517, 0.0, 0.0]","[0.0, 0.1, 0.1, 0.1, 0.1, 0.1, 0.1, 0.1, 0.1, 0.0, 0.0, 0.0, 0.0, 0.0, 0.0, 0.0, 0.0, 0.0, 0.0, 0.0, 0.0, 0.0, 0.0, 0.0, 0.0, 0.0, 0.0, 0.0, 0.1, 0.1]","[0.010177385728455068, 0.09407304023539967, 0.09404080809782664, 0.08457866814538649, 0.07697790721587561, 0.08970195781649644, 0.10255755561420435, 0.12004125045709337, 0.07452460879104944, 0.005403057194870791, 0.0, 0.016733339384679375, 0.014871163341850652, 0.0, 0.0, 0.0, 0.0005719449209705044, 0.00016543428426729428, 0.0, 0.015066420965766335, 0.012166385824533266, 0.00358939952185807, 0.0, 0.0, 0.0, 0.0, 0.004052064384387958, 0.0, 0.0880813640173217, 0.09262624405770695]","[0.0, 0.11025334894657135, 0.11025334894657135, 0.0, 0.08426004648208618, 0.0, 0.0, 0.0, 0.1008685976266861, 0.0, 0.08323206007480621, 0.0, 0.08571465313434601, 0.11025334894657135, 0.0, 0.11025334894657135, 0.0, 0.0, 0.0, 0.0, 0.0, 0.0, 0.11025334894657135, 0.0, 0.0, 0.0, 0.0, 0.09465783834457397, 0.0, 0.0]",-0.00087674102140651
47,0.9731583470674526,"[0.9998817352112285, 0.9915241979665493, 1.0143403173478065, 0.9966439331790037, 0.9888946305948316, 0.9779564434559233, 0.9848540771715835, 1.0208693397394564, 0.9989597876092776, 0.9901560210006919, 0.998270492514885, 0.9821711321726344, 1.0003430505791258, 1.0062410993315813, 0.992373279651659, 0.9920880329241376, 0.9871036621484897, 0.9942202140319646, 0.99155918501276, 0.9706211714768079, 0.9828833894199636, 1.0138216348848552, 0.9969458126679227, 1.0059043377765253, 0.9934542893855969, 1.007005770962573, 0.9922233459174696, 1.0050434294532022, 1.0082190887416604, 1.0082208720368682]","[1.0270517696564698, 1.0029067768210065, 0.9933886565738642, 0.9890320338857282, 1.0011551807782066, 1.0000724158791627, 1.017233568059389, 1.0127359967666762, 1.0076701740527785, 1.0165841285657715, 0.9991791117866685, 1.0109940230480916, 0.998683432002407, 1.0051243310516826, 0.9993739370966129, 0.995772886523617, 0.9926013740719969, 1.0051087411880442, 1.001262273660806, 0.9992458916825877, 1.0113524883122036, 0.9938580125930051, 1.0085921677546401, 1.002479758043889, 0.9869511623793317, 0.9848078111178873, 1.006876538566281, 0.9917955162498693, 0.9883036720506538, 1.015723865302075]","[0.027051769656469826, 0.002906776821006485, -0.006611343426135785, -0.010967966114271754, 0.0011551807782066437, 7.241587916273495e-05, 0.017233568059388915, 0.01273599676667625, 0.007670174052778478, 0.016584128565771517, -0.0008208882133314832, 0.010994023048091606, -0.0013165679975930544, 0.00512433105168264, -0.0006260629033870702, -0.004227113476383049, -0.007398625928003111, 0.0051087411880441636, 0.0012622736608058904, -0.0007541083174122942, 0.01135248831220359, -0.006141987406994898, 0.008592167754640112, 0.002479758043888891, -0.01304883762066833, -0.015192188882112712, 0.00687653856628101, -0.00820448375013072, -0.011696327949346164, 0.015723865302075035]","[0.10183416306972504, 0.0, 0.0, 0.0, 0.0, 0.0, 0.10183416306972504, 0.0, 0.0, 0.0, 0.0, 0.10183416306972504, 0.0, 0.08834671229124069, 0.09758942574262619, 0.10183416306972504, 0.10183416306972504, 0.0, 0.0, 0.0, 0.0, 0.0, 0.0, 0.10183416306972504, 0.0, 0.0, 0.10122476518154144, 0.0, 0.0, 0.10183416306972504]","[0.0, 0.1, 0.1, 0.1, 0.1, 0.1, 0.1, 0.1, 0.1, 0.0, 0.0, 0.0, 0.0, 0.0, 0.0, 0.0, 0.0, 0.0, 0.0, 0.0, 0.0, 0.0, 0.0, 0.0, 0.0, 0.0, 0.0, 0.0, 0.1, 0.1]","[0.02699405274266328, 0.07958850417392191, 0.09048527320483131, 0.07640084240552365, 0.10169085645929865, 0.09092134044140655, 0.09028272449975526, 0.09041143000284044, 0.10413141693896215, 0.004053062853396549, 0.0, 0.0073252130707181454, 0.007774497754805543, 0.0, 0.0, 0.004785140295642755, 0.009621693098955473, 0.0, 0.0035029884982172993, 0.003363217111464592, 0.0, 0.013498362986782472, 0.0, 0.005519871817988448, 0.0, 0.002695094525230912, 0.0, 0.006734681068559148, 0.08811005627311157, 0.09210967977592399]","[0.10183416306972504, 0.0, 0.0, 0.0, 0.0, 0.0, 0.10183416306972504, 0.0, 0.0, 0.0, 0.0, 0.10183416306972504, 0.0, 0.08834671229124069, 0.09758942574262619, 0.10183416306972504, 0.10183416306972504, 0.0, 0.0, 0.0, 0.0, 0.0, 0.0, 0.10183416306972504, 0.0, 0.0, 0.10122476518154144, 0.0, 0.0, 0.10183416306972504]",0.00701215099687696
48,0.9736738373233723,"[1.0270517696564698, 1.0029067768210065, 0.9933886565738642, 0.9890320338857282, 1.0011551807782066, 1.0000724158791627, 1.017233568059389, 1.0127359967666762, 1.0076701740527785, 1.0165841285657715, 0.9991791117866685, 1.0109940230480916, 0.998683432002407, 1.0051243310516826, 0.9993739370966129, 0.995772886523617, 0.9926013740719969, 1.0051087411880442, 1.001262273660806, 0.9992458916825877, 1.0113524883122036, 0.9938580125930051, 1.0085921677546401, 1.002479758043889, 0.9869511623793317, 0.9848078111178873, 1.006876538566281, 0.9917955162498693, 0.9883036720506538, 1.015723865302075]","[0.9877363419784136, 0.9887519348817507, 1.01513024176885, 0.9968871269486591, 0.9827259212712961, 0.9731466327677105, 1.0025842853906266, 1.017295082571306, 1.0061092334411705, 0.9996066487956161, 0.9979365731285028, 0.9761684967161699, 1.0160591083337562, 1.0083424623549193, 1.0202017021121115, 0.9962246718339621, 1.0249204449878544, 1.0053438753520016, 0.9996750252561807, 1.0265621734297738, 0.9803028811240189, 1.010625926227707, 0.9933685127678898, 0.9814666895924559, 0.9919031319886382, 0.9950831432714936, 1.0195687891689629, 0.9890498306246619, 1.0182496234218816, 0.9945337624568868]","[-0.012263658021586354, -0.011248065118249273, 0.015130241768849917, -0.003112873051340892, -0.0172740787287039, -0.026853367232289482, 0.002584285390626606, 0.017295082571306075, 0.006109233441170536, -0.00039335120438388493, -0.002063426871497187, -0.023831503283830102, 0.016059108333756233, 0.008342462354919311, 0.020201702112111475, -0.0037753281660378724, 0.024920444987854395, 0.005343875352001648, -0.00032497474381931735, 0.02656217342977385, -0.019697118875981134, 0.010625926227707083, -0.006631487232110156, -0.018533310407544135, -0.00809686801136178, -0.004916856728506391, 0.019568789168962875, -0.010950169375338104, 0.018249623421881633, -0.0054662375431131505]","[0.0, 0.0, 0.0, 0.09637342393398285, 0.0, 0.0, 0.10507196187973022, 0.0, 0.08959352225065231, 0.0, 0.09163478016853333, 0.0, 0.0, 0.0, 0.0, 0.10507196187973022, 0.10507196187973022, 0.0, 0.10507196187973022, 0.0, 0.0, 0.0, 0.09806472808122635, 0.0, 0.10507196187973022, 0.09897372871637344, 0.0, 0.0, 0.0, 0.0]","[0.0, 0.1, 0.1, 0.1, 0.1, 0.1, 0.1, 0.1, 0.1, 0.0, 0.0, 0.0, 0.0, 0.0, 0.0, 0.0, 0.0, 0.0, 0.0, 0.0, 0.0, 0.0, 0.0, 0.0, 0.0, 0.0, 0.0, 0.0, 0.1, 0.1]","[0.00238305540247247, 0.0978990239216925, 0.09861746867051537, 0.08710666111082849, 0.08089198095038219, 0.10395703192279199, 0.0925377517728785, 0.11239449303713252, 0.07851800802970527, 0.0, 0.007104637721893744, 0.0, 0.0, 0.011641895711075692, 0.0013103670121168056, 0.003625524887824945, 0.0, 0.0, 0.0, 0.01238137927701078, 0.004569678608872903, 0.009061480054569247, 0.015587297120995302, 0.0, 0.023550774610490217, 0.0, 0.0, 0.0053080279208108415, 0.07216693860544567, 0.07938652365049455]","[0.0, 0.0, 0.0, 0.09637342393398285, 0.0, 0.0, 0.10507196187973022, 0.0, 0.08959352225065231, 0.0, 0.09163478016853333, 0.0, 0.0, 0.0, 0.0, 0.10507196187973022, 0.10507196187973022, 0.0, 0.10507196187973022, 0.0, 0.0, 0.0, 0.09806472808122635, 0.0, 0.10507196187973022, 0.09897372871637344, 0.0, 0.0, 0.0, 0.0]",6.806008146733862e-05
49,0.9682511820583625,"[0.9877363419784136, 0.9887519348817507, 1.01513024176885, 0.9968871269486591, 0.9827259212712961, 0.9731466327677105, 1.0025842853906266, 1.017295082571306, 1.0061092334411705, 0.9996066487956161, 0.9979365731285028, 0.9761684967161699, 1.0160591083337562, 1.0083424623549193, 1.0202017021121115, 0.9962246718339621, 1.0249204449878544, 1.0053438753520016, 0.9996750252561807, 1.0265621734297738, 0.9803028811240189, 1.010625926227707, 0.9933685127678898, 0.9814666895924559, 0.9919031319886382, 0.9950831432714936, 1.0195687891689629, 0.9890498306246619, 1.0182496234218816, 0.9945337624568868]","[0.9909156181300064, 1.024418467339648, 1.0048999727893226, 1.019717662029467, 1.0073714135493987, 1.0012703272929637, 0.9789508385999485, 0.972558825785207, 1.0033987217867089, 0.9832385883536233, 0.9956683637005942, 0.9946636553685632, 1.0257326085728864, 0.9997904429831236, 0.9969348703184806, 0.9942173162110123, 0.9756835470572467, 1.0029639592072315, 1.0124293833741784, 0.9788995645218147, 1.004311245721031, 0.9793402579504358, 0.9867792229187807, 1.0018210523243258, 0.9761122265399618, 0.9904365892679737, 1.0022173058270223, 0.9950628464166099, 1.0053113954760233, 1.0089097833474598]","[-0.009084381869993607, 0.02441846733964792, 0.0048999727893226375, 0.01971766202946701, 0.007371413549398742, 0.0012703272929637244, -0.02104916140005153, -0.027441174214792974, 0.003398721786708858, -0.016761411646376678, -0.0043316362994058055, -0.00533634463143684, 0.025732608572886395, -0.00020955701687641604, -0.0030651296815193962, -0.005782683788987719, -0.024316452942753308, 0.00296395920723147, 0.012429383374178427, -0.021100435478185298, 0.004311245721031032, -0.020659742049564223, -0.01322077708121927, 0.0018210523243258336, -0.02388777346003823, -0.009563410732026267, 0.0022173058270222867, -0.004937153583390086, 0.005311395476023328, 0.008909783347459843]","[0.10700486600399017, 0.0, 0.0, 0.10661531984806061, 0.0, 0.10175163298845291, 0.0, 0.10404220223426819, 0.0, 0.10700486600399017, 0.0, 0.10700486600399017, 0.10276727378368378, 0.0, 0.08620427548885345, 0.0, 0.0, 0.0, 0.0, 0.0, 0.0, 0.07846366614103317, 0.0, 0.0, 0.09914103150367737, 0.0, 0.0, 0.0, 0.0, 0.0]","[0.0, 0.1, 0.1, 0.1, 0.1, 0.1, 0.1, 0.1, 0.1, 0.0, 0.0, 0.0, 0.0, 0.0, 0.0, 0.0, 0.0, 0.0, 0.0, 0.0, 0.0, 0.0, 0.0, 0.0, 0.0, 0.0, 0.0, 0.0, 0.1, 0.1]","[0.0, 0.08422267035288587, 0.1021965888700691, 0.09196778239427053, 0.08599408752224481, 0.10857479882435177, 0.08189011942382934, 0.0971423091453639, 0.11330646185707408, 0.0, 0.0, 0.008980817419778565, 0.0, 0.00031126041559511843, 0.007289989015784775, 0.003825544700130555, 0.0, 0.0, 0.0, 0.0, 0.0, 0.0, 0.0, 0.012859282698560782, 0.0, 0.0, 0.0068992675533650644, 0.0036198131018115873, 0.09602824222012041, 0.09489096448476374]","[0.10700486600399017, 0.0, 0.0, 0.10661531984806061, 0.0, 0.10175163298845291, 0.0, 0.10404220223426819, 0.0, 0.10700486600399017, 0.0, 0.10700486600399017, 0.10276727378368378, 0.0, 0.08620427548885345, 0.0, 0.0, 0.0, 0.0, 0.0, 0.0, 0.07846366614103317, 0.0, 0.0, 0.09914103150367737, 0.0, 0.0, 0.0, 0.0, 0.0]",-0.005965268924616061
50,0.9704397964578062,"[0.9909156181300064, 1.024418467339648, 1.0048999727893226, 1.019717662029467, 1.0073714135493987, 1.0012703272929637, 0.9789508385999485, 0.972558825785207, 1.0033987217867089, 0.9832385883536233, 0.9956683637005942, 0.9946636553685632, 1.0257326085728864, 0.9997904429831236, 0.9969348703184806, 0.9942173162110123, 0.9756835470572467, 1.0029639592072315, 1.0124293833741784, 0.9788995645218147, 1.004311245721031, 0.9793402579504358, 0.9867792229187807, 1.0018210523243258, 0.9761122265399618, 0.9904365892679737, 1.0022173058270223, 0.9950628464166099, 1.0053113954760233, 1.0089097833474598]","[1.0287681121506183, 0.9744341455750345, 0.9954607943015412, 1.013010283979156, 1.0151979583416273, 1.0089795475782413, 1.0186231246169395, 0.9950666539028985, 1.0232035729020446, 1.0179183379957337, 0.9790662995393195, 1.0016202564185894, 1.014790058337859, 0.9989498241724459, 0.9911450934046696, 0.9962956035179487, 0.9843947129760284, 1.0038796525016864, 1.005027369617254, 0.9968957985475164, 1.0042627703121925, 0.9935976916537117, 1.0004902012620744, 0.9914608348051006, 0.9943225266835078, 0.9928645875924978, 1.0056305542205806, 1.0044564956283641, 0.9908335651641522, 1.0099704839498103]","[0.028768112150618252, -0.025565854424965506, -0.004539205698458781, 0.013010283979155934, 0.015197958341627293, 0.008979547578241265, 0.01862312461693949, -0.004933346097101499, 0.023203572902044556, 0.017918337995733724, -0.02093370046068055, 0.0016202564185894275, 0.014790058337859069, -0.0010501758275540674, -0.008854906595330392, -0.003704396482051342, -0.01560528702397157, 0.003879652501686426, 0.005027369617254029, -0.0031042014524835793, 0.004262770312192465, -0.006402308346288299, 0.0004902012620744411, -0.00853916519489939, -0.005677473316492154, -0.007135412407502151, 0.005630554220580564, 0.004456495628364143, -0.009166434835847781, 0.00997048394981026]","[0.0984085351228714, 0.10718581080436707, 0.0, 0.10718581080436707, 0.10718581080436707, 0.0, 0.0, 0.10718581080436707, 0.0, 0.0, 0.0, 0.0, 0.09593822062015533, 0.0, 0.09990750253200531, 0.0, 0.0, 0.0, 0.0, 0.0, 0.10718581080436707, 0.06263088434934616, 0.0, 0.10718581080436707, 0.0, 0.0, 0.0, 0.0, 0.0, 0.0]","[0.0, 0.1, 0.1, 0.1, 0.1, 0.1, 0.1, 0.1, 0.1, 0.0, 0.0, 0.0, 0.0, 0.0, 0.0, 0.0, 0.0, 0.0, 0.0, 0.0, 0.0, 0.0, 0.0, 0.0, 0.0, 0.0, 0.0, 0.0, 0.1, 0.1]","[0.0, 0.08875143749995039, 0.10708762213091348, 0.09744107521220417, 0.09973947607121916, 0.09188492110717583, 0.09846393884345289, 0.08992568985594898, 0.09267522791376055, 0.0, 0.017576759075294702, 0.0002729611554697228, 0.0, 0.0, 0.0, 0.0, 0.0, 0.00990523440385071, 0.0020751867984034372, 0.012921204954412263, 0.0018751932155459108, 0.0, 0.00314452833590636, 0.0020226207030377983, 0.0015163763836144682, 0.0, 0.0, 0.0, 0.09546963423401515, 0.0872509121058239]","[0.0984085351228714, 0.10718581080436707, 0.0, 0.10718581080436707, 0.10718581080436707, 0.0, 0.0, 0.10718581080436707, 0.0, 0.0, 0.0, 0.0, 0.09593822062015533, 0.0, 0.09990750253200531, 0.0, 0.0, 0.0, 0.0, 0.0, 0.10718581080436707, 0.06263088434934616, 0.0, 0.10718581080436707, 0.0, 0.0, 0.0, 0.0, 0.0, 0.0]",0.0019126133086205365
51,0.9719834510205191,"[1.0287681121506183, 0.9744341455750345, 0.9954607943015412, 1.013010283979156, 1.0151979583416273, 1.0089795475782413, 1.0186231246169395, 0.9950666539028985, 1.0232035729020446, 1.0179183379957337, 0.9790662995393195, 1.0016202564185894, 1.014790058337859, 0.9989498241724459, 0.9911450934046696, 0.9962956035179487, 0.9843947129760284, 1.0038796525016864, 1.005027369617254, 0.9968957985475164, 1.0042627703121925, 0.9935976916537117, 1.0004902012620744, 0.9914608348051006, 0.9943225266835078, 0.9928645875924978, 1.0056305542205806, 1.0044564956283641, 0.9908335651641522, 1.0099704839498103]","[1.0114321785316955, 0.9991915204579304, 0.993746424768152, 1.010479324368097, 0.9832887392875655, 1.0264020567636185, 1.0027462213651248, 0.9900248308207855, 0.9856298750985447, 1.0031419782336657, 1.0255440059426675, 0.9894850019950612, 0.9988753451481435, 1.005848658179701, 0.9831944999181914, 0.9994028750063223, 0.9964762128662695, 1.0171980529664508, 1.0090002965584053, 0.9773387969355621, 1.0032448064208663, 0.9842868891954039, 1.0088960478525721, 0.9940688689138023, 1.0234637394549602, 1.0104054625848093, 1.0082018392280074, 1.0169162560913938, 1.0002453877256967, 0.9993220489657579]","[0.011432178531695536, -0.00080847954206964, -0.0062535752318479965, 0.010479324368096954, -0.01671126071243445, 0.02640205676361851, 0.0027462213651248124, -0.009975169179214483, -0.014370124901455283, 0.0031419782336656876, 0.02554400594266748, -0.010514998004938825, -0.0011246548518565325, 0.005848658179701038, -0.01680550008180859, -0.0005971249936777001, -0.0035237871337304716, 0.017198052966450827, 0.009000296558405285, -0.022661203064437863, 0.0032448064208663308, -0.015713110804596142, 0.008896047852572142, -0.005931131086197694, 0.023463739454960164, 0.010405462584809344, 0.008201839228007435, 0.0169162560913938, 0.00024538772569671075, -0.0006779510342420636]","[0.0, 0.0, 0.0, 0.0, 0.0, 0.0, 0.0, 0.0, 0.10022758692502975, 0.0, 0.10022758692502975, 0.10022758692502975, 0.09795178472995758, 0.0, 0.0, 0.0, 0.10022758692502975, 0.10022758692502975, 0.10022758692502975, 0.0, 0.0, 0.0, 0.0, 0.10022758692502975, 0.0, 0.0, 0.0, 0.0, 0.10022758692502975, 0.10022758692502975]","[0.0, 0.1, 0.1, 0.1, 0.1, 0.1, 0.1, 0.1, 0.1, 0.0, 0.0, 0.0, 0.0, 0.0, 0.0, 0.0, 0.0, 0.0, 0.0, 0.0, 0.0, 0.0, 0.0, 0.0, 0.0, 0.0, 0.0, 0.0, 0.1, 0.1]","[0.0, 0.09113852295888397, 0.09549222287463796, 0.10611061498924625, 0.09300756426448203, 0.0909832973909564, 0.09295049456682174, 0.08703871040350145, 0.09632147069847387, 0.010450421329442508, 0.009331475787810344, 0.0, 0.0, 0.0, 0.0, 0.0051237796729212345, 0.018281506290992663, 0.0, 0.0, 0.0, 0.0182575369040292, 0.00087236547843811, 0.0, 0.0, 0.0, 0.0, 0.0, 0.0, 0.10253367777144301, 0.08210633861791933]","[0.0, 0.0, 0.0, 0.0, 0.0, 0.0, 0.0, 0.0, 0.10022758692502975, 0.0, 0.10022758692502975, 0.10022758692502975, 0.09795178472995758, 0.0, 0.0, 0.0, 0.10022758692502975, 0.10022758692502975, 0.10022758692502975, 0.0, 0.0, 0.0, 0.0, 0.10022758692502975, 0.0, 0.0, 0.0, 0.0, 0.10022758692502975, 0.10022758692502975]",0.001245276440004892
52,0.9665589940656197,"[1.0114321785316955, 0.9991915204579304, 0.993746424768152, 1.010479324368097, 0.9832887392875655, 1.0264020567636185, 1.0027462213651248, 0.9900248308207855, 0.9856298750985447, 1.0031419782336657, 1.0255440059426675, 0.9894850019950612, 0.9988753451481435, 1.005848658179701, 0.9831944999181914, 0.9994028750063223, 0.9964762128662695, 1.0171980529664508, 1.0090002965584053, 0.9773387969355621, 1.0032448064208663, 0.9842868891954039, 1.0088960478525721, 0.9940688689138023, 1.0234637394549602, 1.0104054625848093, 1.0082018392280074, 1.0169162560913938, 1.0002453877256967, 0.9993220489657579]","[0.9991407522704262, 1.0111570004443238, 0.9990592027618612, 0.9650785397225821, 1.0267000449317776, 0.990040190607525, 0.9854991648929762, 0.9974980682924548, 1.0027167716815308, 0.9985093781119204, 0.9945249744108862, 1.0030234559155304, 1.020993171639435, 0.9936440946273327, 1.0085751299984533, 0.9710184923502938, 0.9854618721535386, 0.9934586620113796, 1.0006558628832538, 0.9964624368436481, 0.9980444166124293, 1.002775812768396, 1.0103328201171684, 0.9853444039893883, 1.004861397546967, 0.9846390339580383, 0.9931455891214439, 0.9815607801420175, 0.9957324229633019, 0.9863202855285089]","[-0.0008592477295737977, 0.011157000444323772, -0.0009407972381387797, -0.03492146027741794, 0.026700044931777578, -0.009959809392474983, -0.014500835107023824, -0.002501931707545202, 0.0027167716815308385, -0.0014906218880795796, -0.0054750255891138355, 0.0030234559155304375, 0.020993171639434927, -0.006355905372667281, 0.008575129998453335, -0.028981507649706195, -0.014538127846461357, -0.006541337988620444, 0.0006558628832538105, -0.0035375631563518972, -0.0019555833875707362, 0.002775812768395891, 0.010332820117168406, -0.014655596010611727, 0.004861397546966906, -0.015360966041961688, -0.006854410878556094, -0.01843921985798247, -0.004267577036698111, -0.013679714471491078]","[0.0, 0.0, 0.10156688094139099, 0.0, 0.0, 0.0, 0.10156688094139099, 0.10156688094139099, 0.09176622331142426, 0.10156688094139099, 0.0, 0.09638313949108124, 0.0, 0.0, 0.0, 0.0, 0.0, 0.0, 0.0, 0.0, 0.10156688094139099, 0.0, 0.0, 0.0, 0.0, 0.0, 0.10156688094139099, 0.10156688094139099, 0.0, 0.10088248550891876]","[0.0, 0.1, 0.1, 0.1, 0.1, 0.1, 0.1, 0.1, 0.1, 0.0, 0.0, 0.0, 0.0, 0.0, 0.0, 0.0, 0.0, 0.0, 0.0, 0.0, 0.0, 0.0, 0.0, 0.0, 0.0, 0.0, 0.0, 0.0, 0.1, 0.1]","[0.0026358158079516957, 0.10446779935719706, 0.08710291403948012, 0.09100773853982166, 0.07816448455886031, 0.08978012843217606, 0.07620517454699731, 0.10074538114988965, 0.09409180252532871, 0.0, 0.016978276497053767, 0.011438877747886477, 0.0, 0.01623028277762921, 0.02032571360918087, 0.0, 0.0, 0.0, 0.0, 0.0, 0.0, 0.006229150192897634, 0.016702529784564452, 0.0, 0.0, 0.0, 0.009502038756886455, 0.0, 0.09098355497341616, 0.08740833670278245]","[0.0, 0.0, 0.1015668660402298, 0.0, 0.0, 0.0, 0.1015668660402298, 0.1015668660402298, 0.09176621586084366, 0.1015668660402298, 0.0, 0.09638312458992004, 0.0, 0.0, 0.0, 0.0, 0.0, 0.0, 0.0, 0.0, 0.1015668660402298, 0.0, 0.0, 0.0, 0.0, 0.0, 0.1015668660402298, 0.1015668660402298, 0.0, 0.10088247060775757]",-0.005976690327568563
53,0.9664246683041918,"[0.9991407522704262, 1.0111570004443238, 0.9990592027618612, 0.9650785397225821, 1.0267000449317776, 0.990040190607525, 0.9854991648929762, 0.9974980682924548, 1.0027167716815308, 0.9985093781119204, 0.9945249744108862, 1.0030234559155304, 1.020993171639435, 0.9936440946273327, 1.0085751299984533, 0.9710184923502938, 0.9854618721535386, 0.9934586620113796, 1.0006558628832538, 0.9964624368436481, 0.9980444166124293, 1.002775812768396, 1.0103328201171684, 0.9853444039893883, 1.004861397546967, 0.9846390339580383, 0.9931455891214439, 0.9815607801420175, 0.9957324229633019, 0.9863202855285089]","[0.9953409078050663, 1.0095756057290937, 0.9805097966033262, 1.0057494327577705, 0.9952978431700682, 0.9939085065096305, 0.9855703616997832, 0.9876065807966236, 1.003276668544142, 0.9834680342057062, 1.0262822856290268, 0.9982570263211781, 0.9996831881772386, 1.0032047268992448, 1.0061338058646103, 0.9977081148552175, 1.0132451614527866, 1.011085679819359, 1.0103951316151185, 0.9994391810393352, 0.9841286707667629, 0.9890335024891372, 0.9983075911715767, 0.9988258014331264, 0.9903249178195908, 0.9952861768029989, 1.006208326124354, 1.0136485285030996, 1.0071036543298522, 1.0065491877163357]","[-0.004659092194933656, 0.009575605729093661, -0.019490203396673844, 0.005749432757770512, -0.004702156829931803, -0.006091493490369526, -0.014429638300216818, -0.012393419203376443, 0.003276668544142103, -0.016531965794293835, 0.02628228562902679, -0.0017429736788219241, -0.0003168118227614425, 0.003204726899244781, 0.00613380586461032, -0.002291885144782513, 0.013245161452786647, 0.01108567981935904, 0.010395131615118514, -0.0005608189606648439, -0.015871329233237086, -0.01096649751086276, -0.001692408828423253, -0.0011741985668736188, -0.009675082180409245, -0.004713823197001088, 0.006208326124353958, 0.01364852850309961, 0.00710365432985216, 0.006549187716335725]","[0.0, 0.1040407121181488, 0.13253755867481232, 0.0, 0.0, 0.13253755867481232, 0.0, 0.0, 0.0, 0.0, 0.062199294567108154, 0.0, 0.0, 0.0, 0.0, 0.0, 0.0, 0.0, 0.13253755867481232, 0.05870960280299187, 0.05406063795089722, 0.11632928252220154, 0.0, 0.09555657207965851, 0.0, 0.0, 0.0, 0.11149124801158905, 0.0, 0.0]","[0.0, 0.1, 0.1, 0.1, 0.1, 0.1, 0.1, 0.1, 0.1, 0.0, 0.0, 0.0, 0.0, 0.0, 0.0, 0.0, 0.0, 0.0, 0.0, 0.0, 0.0, 0.0, 0.0, 0.0, 0.0, 0.0, 0.0, 0.0, 0.1, 0.1]","[0.0, 0.09854834378183153, 0.09958296685863338, 0.09651333970768013, 0.10847440838614139, 0.07156580890977092, 0.08667066504384696, 0.08157007086904455, 0.08991809664286084, 0.0, 0.0004357558758999048, 0.0, 0.01025554873176775, 0.007881884694712038, 0.0, 0.0, 0.002154084414846472, 0.0, 0.0, 0.006187131372009596, 0.013588176224233903, 0.01578340316419281, 0.0, 0.004111461316580098, 0.005093583884281475, 0.005225824624623688, 0.0062701349021973265, 0.00596691334588882, 0.08875273056600454, 0.09544966668295188]","[0.0, 0.1040407121181488, 0.13253755867481232, 0.0, 0.0, 0.13253755867481232, 0.0, 0.0, 0.0, 0.0, 0.062199294567108154, 0.0, 0.0, 0.0, 0.0, 0.0, 0.0, 0.0, 0.13253755867481232, 0.05870960280299187, 0.05406063795089722, 0.11632928252220154, 0.0, 0.09555657207965851, 0.0, 0.0, 0.0, 0.11149124801158905, 0.0, 0.0]",-0.0004385831485871939
54,0.9621037063092419,"[0.9953409078050663, 1.0095756057290937, 0.9805097966033262, 1.0057494327577705, 0.9952978431700682, 0.9939085065096305, 0.9855703616997832, 0.9876065807966236, 1.003276668544142, 0.9834680342057062, 1.0262822856290268, 0.9982570263211781, 0.9996831881772386, 1.0032047268992448, 1.0061338058646103, 0.9977081148552175, 1.0132451614527866, 1.011085679819359, 1.0103951316151185, 0.9994391810393352, 0.9841286707667629, 0.9890335024891372, 0.9983075911715767, 0.9988258014331264, 0.9903249178195908, 0.9952861768029989, 1.006208326124354, 1.0136485285030996, 1.0071036543298522, 1.0065491877163357]","[1.0153637374013191, 0.9919254031059868, 1.0015450865499584, 0.9944232795915932, 0.9986517105541572, 1.0042306321785894, 0.9919918499648313, 0.9882734179360101, 0.9962159576790603, 1.0094322083403644, 0.9949140628105226, 0.9893579197713624, 1.013623724747141, 0.988717857880545, 1.0159546787653413, 0.983591170159806, 1.0069872395613653, 0.9874566511985879, 0.992332533315767, 0.9988723429003316, 0.9902815961341632, 0.9821020291645847, 0.993389298547329, 0.9999063513010886, 0.9968600588727099, 1.0006545627572698, 1.0101460282149133, 1.0099468433910226, 0.9946273656717242, 0.9919095217001518]","[0.015363737401319133, -0.008074596894013242, 0.001545086549958441, -0.005576720408406843, -0.0013482894458427541, 0.004230632178589433, -0.008008150035168748, -0.01172658206398991, -0.003784042320939651, 0.0094322083403644, -0.005085937189477363, -0.010642080228637552, 0.013623724747140908, -0.011282142119454996, 0.01595467876534129, -0.016408829840193984, 0.006987239561365266, -0.012543348801412058, -0.007667466684233015, -0.0011276570996684443, -0.009718403865836778, -0.017897970835415333, -0.006610701452670953, -9.364869891137495e-05, -0.0031399411272901023, 0.0006545627572698276, 0.010146028214913283, 0.009946843391022586, -0.005372634328275838, -0.008090478299848214]","[0.0, 0.0, 0.0, 0.0, 0.0, 0.0, 0.0, 0.0, 0.0, 0.0, 0.0, 0.09101291745901108, 0.0, 0.10950484871864319, 0.0, 0.11315601319074631, 0.11181368678808212, 0.06369376927614212, 0.11315601319074631, 0.11315601319074631, 0.0, 0.0, 0.0, 0.0, 0.0, 0.09872375428676605, 0.0, 0.11315601319074631, 0.0, 0.07262697070837021]","[0.0, 0.1, 0.1, 0.1, 0.1, 0.1, 0.1, 0.1, 0.1, 0.0, 0.0, 0.0, 0.0, 0.0, 0.0, 0.0, 0.0, 0.0, 0.0, 0.0, 0.0, 0.0, 0.0, 0.0, 0.0, 0.0, 0.0, 0.0, 0.1, 0.1]","[0.0, 0.09366840469207698, 0.08920740226764409, 0.09400168243806195, 0.09907226310390423, 0.08223049810420034, 0.10596266766372231, 0.09438090036973447, 0.10044024348940407, 0.011822737063823707, 0.0, 0.003174248267449032, 0.0, 0.0007320533538941016, 0.0009073859795744688, 0.0, 0.0, 0.0034698721730522845, 0.0002832506208734807, 0.0036942671577877588, 0.0, 0.0, 0.0, 0.003806566334177119, 0.000351113839097477, 0.0021231948809205653, 0.0, 0.01369486809398341, 0.10711469670676996, 0.08986168339984808]","[0.0, 0.0, 0.0, 0.0, 0.0, 0.0, 0.0, 0.0, 0.0, 0.0, 0.0, 0.09101291745901108, 0.0, 0.10950484871864319, 0.0, 0.11315601319074631, 0.11181368678808212, 0.06369376927614212, 0.11315601319074631, 0.11315601319074631, 0.0, 0.0, 0.0, 0.0, 0.0, 0.09872375428676605, 0.0, 0.11315601319074631, 0.0, 0.07262697070837021]",-0.004875052476161738
55,0.9568804103501524,"[1.0153637374013191, 0.9919254031059868, 1.0015450865499584, 0.9944232795915932, 0.9986517105541572, 1.0042306321785894, 0.9919918499648313, 0.9882734179360101, 0.9962159576790603, 1.0094322083403644, 0.9949140628105226, 0.9893579197713624, 1.013623724747141, 0.988717857880545, 1.0159546787653413, 0.983591170159806, 1.0069872395613653, 0.9874566511985879, 0.992332533315767, 0.9988723429003316, 0.9902815961341632, 0.9821020291645847, 0.993389298547329, 0.9999063513010886, 0.9968600588727099, 1.0006545627572698, 1.0101460282149133, 1.0099468433910226, 0.9946273656717242, 0.9919095217001518]","[0.9861353808312359, 1.025043990690192, 0.9989243661654078, 0.9737603562704313, 0.9623093856203467, 0.9883200578966502, 0.9891823912370675, 1.0055498260482874, 0.9872744421584136, 0.999481690579861, 0.9946395873041107, 0.9767033097756014, 1.0132919373138023, 0.9824340425564071, 0.980486150070491, 1.0291419778485944, 0.9912864675027435, 1.0144854616230268, 1.0038363490662496, 0.9833990403632322, 1.0025045592153397, 0.9915443135435055, 0.988039358111626, 1.0043070691520564, 1.000013534805089, 0.9941111586422227, 0.9929295204521379, 1.0066559153200934, 0.9833453350611837, 1.0133798050772664]","[-0.013864619168764136, 0.02504399069019203, -0.0010756338345921934, -0.026239643729568662, -0.037690614379653264, -0.011679942103349772, -0.010817608762932474, 0.005549826048287354, -0.012725557841586355, -0.0005183094201389737, -0.005360412695889272, -0.02329669022439862, 0.013291937313802293, -0.017565957443592906, -0.019513849929508997, 0.029141977848594403, -0.008713532497256482, 0.014485461623026774, 0.0038363490662496336, -0.016600959636767776, 0.0025045592153396523, -0.008455686456494527, -0.01196064188837398, 0.004307069152056364, 1.3534805088921686e-05, -0.005888841357777341, -0.007070479547862107, 0.006655915320093353, -0.016654664938816288, 0.013379805077266438]","[0.0, 0.10738450288772583, 0.0, 0.10738450288772583, 0.07797327637672424, 0.09344464540481567, 0.0, 0.10738450288772583, 0.10738450288772583, 0.0, 0.10738450288772583, 0.10738450288772583, 0.07689052820205688, 0.0, 0.0, 0.0, 0.0, 0.10738450288772583, 0.0, 0.0, 0.0, 0.0, 0.0, 0.0, 0.0, 0.0, 0.0, 0.0, 0.0, 0.0]","[0.0, 0.1, 0.1, 0.1, 0.1, 0.1, 0.1, 0.1, 0.1, 0.0, 0.0, 0.0, 0.0, 0.0, 0.0, 0.0, 0.0, 0.0, 0.0, 0.0, 0.0, 0.0, 0.0, 0.0, 0.0, 0.0, 0.0, 0.0, 0.1, 0.1]","[0.009639833705176829, 0.09992351223243474, 0.10242793823554086, 0.09927848884824707, 0.09733718891093461, 0.09556921684477354, 0.09503557871200786, 0.0806157735485371, 0.0902430283919201, 0.0, 0.0, 0.0017476553406029361, 0.0033826886709578635, 0.0, 0.0, 0.0, 0.0, 0.0, 0.0031754714988091073, 0.00805002179213696, 0.0, 0.0, 0.0, 0.0, 0.006225940509264381, 0.007488991030193866, 0.0, 0.01174455275279075, 0.09277969164506114, 0.09533442733061026]","[0.0, 0.10738450288772583, 0.0, 0.10738450288772583, 0.07797327637672424, 0.09344464540481567, 0.0, 0.10738450288772583, 0.10738450288772583, 0.0, 0.10738450288772583, 0.10738450288772583, 0.07689052820205688, 0.0, 0.0, 0.0, 0.0, 0.10738450288772583, 0.0, 0.0, 0.0, 0.0, 0.0, 0.0, 0.0, 0.0, 0.0, 0.0, 0.0, 0.0]",-0.005784071125290203
56,0.955253407867218,"[0.9861353808312359, 1.025043990690192, 0.9989243661654078, 0.9737603562704313, 0.9623093856203467, 0.9883200578966502, 0.9891823912370675, 1.0055498260482874, 0.9872744421584136, 0.999481690579861, 0.9946395873041107, 0.9767033097756014, 1.0132919373138023, 0.9824340425564071, 0.980486150070491, 1.0291419778485944, 0.9912864675027435, 1.0144854616230268, 1.0038363490662496, 0.9833990403632322, 1.0025045592153397, 0.9915443135435055, 0.988039358111626, 1.0043070691520564, 1.000013534805089, 0.9941111586422227, 0.9929295204521379, 1.0066559153200934, 0.9833453350611837, 1.0133798050772664]","[1.0025396664398885, 0.9934542942038863, 1.005502821920913, 1.022163282947135, 0.9907280446205935, 0.9876357992742062, 1.0135920630618467, 0.9965677002231322, 1.0258793949813318, 0.9975908753699315, 1.00079507233911, 0.9983956519328165, 0.9960177351888904, 1.01155360239791, 1.0157693483545966, 0.9988011738353175, 1.009130305504211, 1.0201436122743381, 1.0004450406879888, 0.9865072949221799, 1.0101974060962542, 1.006101726815602, 0.9921566859582277, 0.9922649885173038, 0.9924233137882633, 0.9998275516053141, 0.9752763062781846, 0.995001396085376, 1.0370977396609924, 1.006081094978667]","[0.002539666439888455, -0.006545705796113688, 0.005502821920913004, 0.022163282947134988, -0.009271955379406505, -0.012364200725793806, 0.013592063061846682, -0.0034322997768677643, 0.02587939498133185, -0.002409124630068482, 0.0007950723391099146, -0.0016043480671834587, -0.003982264811109637, 0.011553602397909923, 0.015769348354596646, -0.001198826164682476, 0.0091303055042109, 0.02014361227433814, 0.0004450406879887847, -0.013492705077820077, 0.010197406096254191, 0.00610172681560206, -0.007843314041772298, -0.007735011482696175, -0.007576686211736683, -0.0001724483946858868, -0.024723693721815376, -0.0049986039146240335, 0.03709773966099239, 0.006081094978666934]","[0.0, 0.0, 0.0, 0.0, 0.0, 0.10088886320590973, 0.0, 0.0, 0.0, 0.10088886320590973, 0.0, 0.0, 0.0, 0.10088886320590973, 0.09200023859739304, 0.10088886320590973, 0.0, 0.0, 0.10088886320590973, 0.0, 0.10088886320590973, 0.0, 0.0, 0.10088886320590973, 0.0, 0.0, 0.10088886320590973, 0.10088886320590973, 0.0, 0.0]","[0.0, 0.1, 0.1, 0.1, 0.1, 0.1, 0.1, 0.1, 0.1, 0.0, 0.0, 0.0, 0.0, 0.0, 0.0, 0.0, 0.0, 0.0, 0.0, 0.0, 0.0, 0.0, 0.0, 0.0, 0.0, 0.0, 0.0, 0.0, 0.1, 0.1]","[0.004215658912345259, 0.09984966531464232, 0.08561344940739542, 0.10224739359980226, 0.08139541766268157, 0.08072644300854212, 0.10242848168150484, 0.08949013939038299, 0.08428464818579881, 0.0, 0.0, 0.008829557048139446, 0.0, 0.0, 0.0, 0.0, 0.01360435809328525, 0.004143806086666876, 0.013857436228949856, 0.0, 0.0038587353297306307, 0.0, 0.0, 0.0, 0.006498566246189866, 0.012056169438974815, 0.0, 0.017027890134284466, 0.08997391737636447, 0.0998982668543186]","[0.0, 0.0, 0.0, 0.0, 0.0, 0.10088886320590973, 0.0, 0.0, 0.0, 0.10088886320590973, 0.0, 0.0, 0.0, 0.10088886320590973, 0.09200023859739304, 0.10088886320590973, 0.0, 0.0, 0.10088886320590973, 0.0, 0.10088886320590973, 0.0, 0.0, 0.10088886320590973, 0.0, 0.0, 0.10088886320590973, 0.10088886320590973, 0.0, 0.0]",-0.002044076716506571
57,0.9515501637925414,"[1.0025396664398885, 0.9934542942038863, 1.005502821920913, 1.022163282947135, 0.9907280446205935, 0.9876357992742062, 1.0135920630618467, 0.9965677002231322, 1.0258793949813318, 0.9975908753699315, 1.00079507233911, 0.9983956519328165, 0.9960177351888904, 1.01155360239791, 1.0157693483545966, 0.9988011738353175, 1.009130305504211, 1.0201436122743381, 1.0004450406879888, 0.9865072949221799, 1.0101974060962542, 1.006101726815602, 0.9921566859582277, 0.9922649885173038, 0.9924233137882633, 0.9998275516053141, 0.9752763062781846, 0.995001396085376, 1.0370977396609924, 1.006081094978667]","[1.0049648525175245, 1.0314744794338515, 0.9989193945642696, 1.0050641231007633, 0.9856151463726115, 0.9924873272249859, 1.020655323179026, 1.0124042577100758, 0.9893712707755202, 0.99646008521024, 1.015724537647125, 1.030468679418218, 0.9803725995313919, 0.9938497639781717, 0.9954251716117855, 0.9939273550414534, 1.0237410388147519, 0.9945863506794942, 0.9946086924451477, 0.988710655436535, 0.997470574382756, 0.9841913846952447, 0.9755900035055172, 1.0133762831114803, 1.0222651300235366, 1.010384880155778, 1.0070775863750803, 1.0078596670955138, 1.0014754852634016, 0.9894790891608172]","[0.004964852517524543, 0.03147447943385151, -0.0010806054357304085, 0.005064123100763318, -0.014384853627388505, -0.0075126727750141065, 0.020655323179026075, 0.012404257710075806, -0.010628729224479772, -0.0035399147897600125, 0.015724537647124892, 0.03046867941821807, -0.019627400468608114, -0.0061502360218282925, -0.004574828388214547, -0.006072644958546647, 0.02374103881475187, -0.005413649320505809, -0.005391307554852287, -0.011289344563464976, -0.0025294256172440077, -0.015808615304755302, -0.024409996494482833, 0.013376283111480314, 0.022265130023536583, 0.010384880155777987, 0.007077586375080269, 0.007859667095513778, 0.001475485263401577, -0.010520910839182829]","[0.12383066117763519, 0.04372035339474678, 0.0, 0.0, 0.0, 0.10581354051828384, 0.0, 0.08490487933158875, 0.0, 0.1004234030842781, 0.0, 0.0, 0.0, 0.12442900985479355, 0.12442900985479355, 0.0, 0.0, 0.0, 0.0, 0.12442900985479355, 0.0, 0.12442900985479355, 0.04359107092022896, 0.0, 0.0, 0.0, 0.0, 0.0, 0.0, 0.0]","[0.0, 0.1, 0.1, 0.1, 0.1, 0.1, 0.1, 0.1, 0.1, 0.0, 0.0, 0.0, 0.0, 0.0, 0.0, 0.0, 0.0, 0.0, 0.0, 0.0, 0.0, 0.0, 0.0, 0.0, 0.0, 0.0, 0.0, 0.0, 0.1, 0.1]","[0.0018276956554139907, 0.0899795257647292, 0.0940307712499663, 0.08218802144222563, 0.08663395144948564, 0.10421660542107111, 0.08167525658262516, 0.10210942936005453, 0.0956430750707388, 0.001102733785357059, 0.019297333299211464, 0.0, 0.0, 0.0, 0.0, 0.0, 0.019643605358299225, 0.0, 0.0, 0.0, 0.0, 0.009506682051646639, 0.009068536710080226, 0.003387480766699629, 0.0, 0.0, 0.012226044272862837, 0.007033701588733774, 0.09281133596901275, 0.087618214201786]","[0.12383066117763519, 0.04372035339474678, 0.0, 0.0, 0.0, 0.10581354051828384, 0.0, 0.08490487933158875, 0.0, 0.1004234030842781, 0.0, 0.0, 0.0, 0.12442900985479355, 0.12442900985479355, 0.0, 0.0, 0.0, 0.0, 0.12442900985479355, 0.0, 0.12442900985479355, 0.04359107092022896, 0.0, 0.0, 0.0, 0.0, 0.0, 0.0, 0.0]",-0.0042812475802587215
58,0.9546818481510296,"[1.0049648525175245, 1.0314744794338515, 0.9989193945642696, 1.0050641231007633, 0.9856151463726115, 0.9924873272249859, 1.020655323179026, 1.0124042577100758, 0.9893712707755202, 0.99646008521024, 1.015724537647125, 1.030468679418218, 0.9803725995313919, 0.9938497639781717, 0.9954251716117855, 0.9939273550414534, 1.0237410388147519, 0.9945863506794942, 0.9946086924451477, 0.988710655436535, 0.997470574382756, 0.9841913846952447, 0.9755900035055172, 1.0133762831114803, 1.0222651300235366, 1.010384880155778, 1.0070775863750803, 1.0078596670955138, 1.0014754852634016, 0.9894790891608172]","[1.014480783945913, 1.007772303752256, 0.994791838710824, 1.0121823230205047, 1.031633223434434, 0.9900478079373743, 0.9976381644617135, 0.9941760663652701, 0.9940568736752408, 1.0182185992540365, 0.9992719889690234, 1.0019880552928964, 0.9999864244760289, 1.0033728630566119, 0.9915334104782634, 1.0034618221080756, 0.9944704456226962, 1.010219911031825, 1.003115560456736, 1.0352603871279813, 1.0177701507851793, 0.9983938206753095, 0.9784181052357748, 1.0114368517184005, 1.0000261606822622, 1.006289543423431, 1.0172342843086257, 1.0052444846150133, 0.9858704591384904, 0.9794173957848487]","[0.0144807839459129, 0.007772303752255905, -0.005208161289176005, 0.012182323020504704, 0.03163322343443409, -0.009952192062625653, -0.0023618355382865053, -0.005823933634729883, -0.00594312632475924, 0.01821859925403646, -0.0007280110309766386, 0.0019880552928963624, -1.3575523971076642e-05, 0.0033728630566118856, -0.008466589521736623, 0.003461822108075552, -0.005529554377303847, 0.010219911031825069, 0.0031155604567361106, 0.035260387127981296, 0.017770150785179295, -0.0016061793246905376, -0.02158189476422523, 0.011436851718400476, 2.6160682262243995e-05, 0.00628954342343091, 0.017234284308625725, 0.005244484615013256, -0.014129540861509637, -0.020582604215151346]","[0.10122160613536835, 0.0, 0.10122160613536835, 0.0, 0.09738074243068695, 0.0, 0.0, 0.0, 0.10122160613536835, 0.0, 0.0, 0.0, 0.0, 0.10122160613536835, 0.0, 0.10122160613536835, 0.0, 0.10122160613536835, 0.0, 0.0, 0.0, 0.0, 0.10122160613536835, 0.0, 0.0, 0.0, 0.09801127761602402, 0.0, 0.09605676680803299, 0.0]","[0.0, 0.1, 0.1, 0.1, 0.1, 0.1, 0.1, 0.1, 0.1, 0.0, 0.0, 0.0, 0.0, 0.0, 0.0, 0.0, 0.0, 0.0, 0.0, 0.0, 0.0, 0.0, 0.0, 0.0, 0.0, 0.0, 0.0, 0.0, 0.1, 0.1]","[0.0, 0.08179869376654711, 0.09458907700240254, 0.11050004978990464, 0.09722220174955772, 0.10371762108452333, 0.07896857023189477, 0.09744782324313606, 0.09629591764944716, 0.0073221499011218065, 0.0, 0.0, 0.0, 0.006989106654508297, 0.0, 0.0006842161444004458, 0.0054362848001723455, 0.004008249279061455, 0.008314995111253042, 0.006631070044110508, 0.0, 0.012409440919164337, 0.0017776565202719987, 0.0, 0.0, 0.0032908974748006134, 0.0, 0.0, 0.07981951739844194, 0.10277646123527981]","[0.10122160613536835, 0.0, 0.10122160613536835, 0.0, 0.09738074243068695, 0.0, 0.0, 0.0, 0.10122160613536835, 0.0, 0.0, 0.0, 0.0, 0.10122160613536835, 0.0, 0.10122160613536835, 0.0, 0.10122160613536835, 0.0, 0.0, 0.0, 0.0, 0.10122160613536835, 0.0, 0.0, 0.0, 0.09801127761602402, 0.0, 0.09605676680803299, 0.0]",0.002883547110100898
59,0.9526969435096112,"[1.014480783945913, 1.007772303752256, 0.994791838710824, 1.0121823230205047, 1.031633223434434, 0.9900478079373743, 0.9976381644617135, 0.9941760663652701, 0.9940568736752408, 1.0182185992540365, 0.9992719889690234, 1.0019880552928964, 0.9999864244760289, 1.0033728630566119, 0.9915334104782634, 1.0034618221080756, 0.9944704456226962, 1.010219911031825, 1.003115560456736, 1.0352603871279813, 1.0177701507851793, 0.9983938206753095, 0.9784181052357748, 1.0114368517184005, 1.0000261606822622, 1.006289543423431, 1.0172342843086257, 1.0052444846150133, 0.9858704591384904, 0.9794173957848487]","[0.9885065932929066, 0.9931545429391638, 1.0051247755845714, 1.0102922627407107, 1.0099540009589265, 1.0098919358383167, 0.9911726873211494, 0.9645997433215789, 0.99473927365026, 1.0039974887415446, 0.9828160908539506, 0.9924793365993251, 0.9979800857168368, 0.9833066175605207, 0.9930812834686717, 1.0028906198179683, 0.9717803269393059, 1.0004301014569188, 1.0088039363170533, 0.9980639800123634, 0.9893869344329562, 0.997194586613832, 0.9898802687006304, 0.992986055810028, 0.9957918291333122, 0.9869075674789947, 0.9742441284643466, 0.9820915334705629, 1.0177943453457459, 0.9760902575945593]","[-0.011493406707093423, -0.006845457060836169, 0.005124775584571362, 0.010292262740710711, 0.009954000958926512, 0.009891935838316712, -0.008827312678850618, -0.03540025667842106, -0.005260726349739953, 0.003997488741544597, -0.017183909146049392, -0.007520663400674921, -0.002019914283163171, -0.016693382439479265, -0.006918716531328251, 0.002890619817968343, -0.02821967306069406, 0.00043010145691879664, 0.00880393631705334, -0.0019360199876365947, -0.010613065567043778, -0.002805413386168021, -0.010119731299369605, -0.007013944189972032, -0.004208170866687788, -0.013092432521005337, -0.025755871535653396, -0.017908466529437117, 0.017794345345745866, -0.023909742405440748]","[0.057535458356142044, 0.0, 0.1214064508676529, 0.1214064508676529, 0.08387164771556854, 0.1214064508676529, 0.0, 0.0, 0.0, 0.0, 0.1214064508676529, 0.0953824445605278, 0.0, 0.0, 0.0, 0.07550317049026489, 0.0, 0.0, 0.0, 0.0, 0.0, 0.0, 0.0, 0.08067508041858673, 0.0, 0.0, 0.0, 0.1214064508676529, 0.0, 0.0]","[0.0, 0.1, 0.1, 0.1, 0.1, 0.1, 0.1, 0.1, 0.1, 0.0, 0.0, 0.0, 0.0, 0.0, 0.0, 0.0, 0.0, 0.0, 0.0, 0.0, 0.0, 0.0, 0.0, 0.0, 0.0, 0.0, 0.0, 0.0, 0.1, 0.1]","[0.0, 0.07176572039485737, 0.0946352630142052, 0.1085128969909568, 0.08800781929966496, 0.10072967013214251, 0.08217513611989267, 0.0905354307877415, 0.10346899514264836, 0.0, 0.0, 0.004951203930732714, 0.002857579533991675, 0.0, 0.015110350402308044, 0.010975808613301705, 0.0028102139817997103, 0.0, 0.0, 0.010207949320870813, 0.0, 0.011939688738273606, 0.0029144550262396943, 0.003875469924370637, 0.0024648333084523496, 0.0, 0.0, 0.0, 0.10326141997065981, 0.08880009536688989]","[0.057535458356142044, 0.0, 0.1214064508676529, 0.1214064508676529, 0.08387164771556854, 0.1214064508676529, 0.0, 0.0, 0.0, 0.0, 0.1214064508676529, 0.0953824445605278, 0.0, 0.0, 0.0, 0.07550317049026489, 0.0, 0.0, 0.0, 0.0, 0.0, 0.0, 0.0, 0.08067508041858673, 0.0, 0.0, 0.0, 0.1214064508676529, 0.0, 0.0]",-0.002446869323781161
60,0.9559823610354578,"[0.9885065932929066, 0.9931545429391638, 1.0051247755845714, 1.0102922627407107, 1.0099540009589265, 1.0098919358383167, 0.9911726873211494, 0.9645997433215789, 0.99473927365026, 1.0039974887415446, 0.9828160908539506, 0.9924793365993251, 0.9979800857168368, 0.9833066175605207, 0.9930812834686717, 1.0028906198179683, 0.9717803269393059, 1.0004301014569188, 1.0088039363170533, 0.9980639800123634, 0.9893869344329562, 0.997194586613832, 0.9898802687006304, 0.992986055810028, 0.9957918291333122, 0.9869075674789947, 0.9742441284643466, 0.9820915334705629, 1.0177943453457459, 0.9760902575945593]","[1.0107997359167689, 1.0012351555304158, 1.0064959904967656, 0.9946641528294764, 1.0006085768266986, 0.9996086787258833, 0.9959743298883444, 0.9996102987627116, 1.0001158522280422, 0.9913361637586708, 0.9910047441855784, 1.0205608648768127, 0.9862515920229549, 0.9922509141303713, 1.0065991157725416, 0.9907546309802743, 1.0141172790624677, 0.9838020904997344, 0.9656284721901175, 0.995124063568884, 1.017605105953628, 0.9961932304506976, 1.0078937727239825, 1.0034742724219206, 1.0037960833679385, 1.0077647062887884, 1.0022325005417565, 1.0077144496383394, 0.9594621444700699, 1.0051531245311838]","[0.01079973591676886, 0.0012351555304157547, 0.006495990496765636, -0.0053358471705236, 0.0006085768266985703, -0.00039132127411667383, -0.004025670111655555, -0.0003897012372884312, 0.00011585222804222362, -0.00866383624132916, -0.008995255814421621, 0.020560864876812746, -0.01374840797704513, -0.007749085869628747, 0.006599115772541575, -0.009245369019725724, 0.014117279062467736, -0.01619790950026556, -0.03437152780988251, -0.004875936431115946, 0.017605105953627964, -0.003806769549302369, 0.007893772723982506, 0.0034742724219205545, 0.003796083367938463, 0.007764706288788448, 0.002232500541756499, 0.007714449638339449, -0.040537855529930056, 0.0051531245311837726]","[0.09838611632585526, 0.0, 0.0, 0.0, 0.0, 0.0, 0.0, 0.0, 0.0, 0.0, 0.08308906108140945, 0.11306063830852509, 0.11306063830852509, 0.0, 0.0, 0.0, 0.11306063830852509, 0.0655936449766159, 0.0, 0.11306063830852509, 0.10355040431022644, 0.08407755941152573, 0.0, 0.0, 0.0, 0.11306063830852509, 0.0, 0.0, 0.0, 0.0]","[0.0, 0.1, 0.1, 0.1, 0.1, 0.1, 0.1, 0.1, 0.1, 0.0, 0.0, 0.0, 0.0, 0.0, 0.0, 0.0, 0.0, 0.0, 0.0, 0.0, 0.0, 0.0, 0.0, 0.0, 0.0, 0.0, 0.0, 0.0, 0.1, 0.1]","[0.0, 0.08860776197798857, 0.08345862031845025, 0.1022165786569352, 0.09752718311410687, 0.08420910180506648, 0.0929697698500669, 0.08788846672888291, 0.10079631914392159, 0.001390548014319905, 0.008377856938916914, 0.005405731063250606, 0.012415964464763962, 0.0006484585210450829, 0.012924032165064372, 0.0, 0.0013831455673495835, 0.02056034247669908, 0.0, 0.0, 0.012273570001033502, 0.0007514076028294186, 0.0, 0.0, 0.0, 0.0, 0.009341437161594619, 0.0, 0.09807838850943008, 0.07877531591828386]","[0.09838611632585526, 0.0, 0.0, 0.0, 0.0, 0.0, 0.0, 0.0, 0.0, 0.0, 0.08308906108140945, 0.11306063830852509, 0.11306063830852509, 0.0, 0.0, 0.0, 0.11306063830852509, 0.0655936449766159, 0.0, 0.11306063830852509, 0.10355040431022644, 0.08407755941152573, 0.0, 0.0, 0.0, 0.11306063830852509, 0.0, 0.0, 0.0, 0.0]",0.003044432582007973
61,0.9584238209441363,"[1.0107997359167689, 1.0012351555304158, 1.0064959904967656, 0.9946641528294764, 1.0006085768266986, 0.9996086787258833, 0.9959743298883444, 0.9996102987627116, 1.0001158522280422, 0.9913361637586708, 0.9910047441855784, 1.0205608648768127, 0.9862515920229549, 0.9922509141303713, 1.0065991157725416, 0.9907546309802743, 1.0141172790624677, 0.9838020904997344, 0.9656284721901175, 0.995124063568884, 1.017605105953628, 0.9961932304506976, 1.0078937727239825, 1.0034742724219206, 1.0037960833679385, 1.0077647062887884, 1.0022325005417565, 1.0077144496383394, 0.9594621444700699, 1.0051531245311838]","[1.0170057631835072, 0.9784558020180558, 0.9841686728781199, 1.009612843582658, 1.0148349514908912, 1.0130986672016762, 1.0315686771814878, 0.9786981557641381, 0.9991943889949438, 1.0181223562014532, 0.9847609544966065, 0.9962425910098489, 1.0091483113419837, 1.021824201474124, 0.9896244853021388, 0.9965252579221637, 0.9968993031361795, 1.010712566854262, 0.9992969678533408, 1.0072779402118313, 0.9886821930381594, 1.0072734220340012, 1.0048935860987414, 0.9951182012629843, 1.0044922136128787, 1.0105873028601957, 1.0077902639132266, 0.9887249176561336, 0.9912486383997007, 1.0010223454560896]","[0.017005763183507216, -0.02154419798194418, -0.015831327121880068, 0.009612843582657904, 0.014834951490891202, 0.013098667201676184, 0.031568677181487814, -0.0213018442358619, -0.0008056110050561616, 0.018122356201453194, -0.0152390455033935, -0.00375740899015109, 0.009148311341983684, 0.021824201474123894, -0.010375514697861243, -0.003474742077836268, -0.003100696863820529, 0.010712566854262029, -0.0007030321466592326, 0.0072779402118312575, -0.011317806961840593, 0.007273422034001165, 0.004893586098741354, -0.0048817987370156635, 0.004492213612878659, 0.010587302860195713, 0.007790263913226569, -0.011275082343866427, -0.008751361600299323, 0.0010223454560895906]","[0.0, 0.0, 0.0, 0.11093509197235107, 0.0, 0.0, 0.0, 0.0, 0.0, 0.07523076236248016, 0.0, 0.09702613949775696, 0.09065589308738708, 0.0, 0.10437595099210739, 0.0, 0.0, 0.11093509197235107, 0.0, 0.07803582400083542, 0.0, 0.0, 0.0, 0.11093509197235107, 0.11093509197235107, 0.0, 0.0, 0.0, 0.11093509197235107, 0.0]","[0.0, 0.1, 0.1, 0.1, 0.1, 0.1, 0.1, 0.1, 0.1, 0.0, 0.0, 0.0, 0.0, 0.0, 0.0, 0.0, 0.0, 0.0, 0.0, 0.0, 0.0, 0.0, 0.0, 0.0, 0.0, 0.0, 0.0, 0.0, 0.1, 0.1]","[0.0, 0.07584097484015599, 0.09452548528429493, 0.09889189676384218, 0.09404988585509425, 0.0978027008495956, 0.09237454212317177, 0.1000589103821361, 0.08635097262450578, 0.0, 0.003909770033054561, 0.011787821222395637, 0.011854447785150731, 0.0, 0.0, 0.0, 0.0015455035400494027, 0.023084190601183056, 0.0, 0.0, 0.0, 0.0, 0.0006992115318586837, 0.0055519392080488035, 0.0009711596801634134, 0.0, 0.0, 0.004947697866059862, 0.11270759288629333, 0.083045296922946]","[0.0, 0.0, 0.0, 0.11093509197235107, 0.0, 0.0, 0.0, 0.0, 0.0, 0.07523076236248016, 0.0, 0.09702613949775696, 0.09065589308738708, 0.0, 0.10437595099210739, 0.0, 0.0, 0.11093509197235107, 0.0, 0.07803582400083542, 0.0, 0.0, 0.0, 0.11093509197235107, 0.11093509197235107, 0.0, 0.0, 0.0, 0.11093509197235107, 0.0]",0.0021487820667717254
62,0.9616195897916517,"[1.0170057631835072, 0.9784558020180558, 0.9841686728781199, 1.009612843582658, 1.0148349514908912, 1.0130986672016762, 1.0315686771814878, 0.9786981557641381, 0.9991943889949438, 1.0181223562014532, 0.9847609544966065, 0.9962425910098489, 1.0091483113419837, 1.021824201474124, 0.9896244853021388, 0.9965252579221637, 0.9968993031361795, 1.010712566854262, 0.9992969678533408, 1.0072779402118313, 0.9886821930381594, 1.0072734220340012, 1.0048935860987414, 0.9951182012629843, 1.0044922136128787, 1.0105873028601957, 1.0077902639132266, 0.9887249176561336, 0.9912486383997007, 1.0010223454560896]","[1.0027958726406614, 1.0198020378065862, 1.011017155205961, 0.996077569148222, 1.0149027321851025, 1.010827111107159, 1.0089284966597998, 0.992800542561916, 0.9846027194369368, 0.9925748005258578, 1.027289882015102, 0.9985332789929993, 1.0082672777085484, 1.0025794831275305, 1.0051989321428365, 0.9770759144802925, 0.9963833599419243, 0.9861083119298346, 0.9977234341707732, 1.0039893565790785, 1.0061618402528558, 1.012049167690479, 1.0006610247208019, 0.984301761862446, 0.9920428639925757, 0.9963173839109307, 1.0043251125307513, 1.0088086709091357, 1.016355879949, 1.0016339509714938]","[0.00279587264066139, 0.01980203780658618, 0.011017155205961027, -0.003922430851778014, 0.014902732185102519, 0.010827111107158949, 0.008928496659799778, -0.007199457438084034, -0.01539728056306322, -0.007425199474142219, 0.027289882015101963, -0.0014667210070007375, 0.008267277708548404, 0.002579483127530535, 0.00519893214283651, -0.022924085519707482, -0.003616640058075715, -0.013891688070165387, -0.002276565829226751, 0.003989356579078507, 0.006161840252855821, 0.012049167690479035, 0.0006610247208018727, -0.015698238137554, -0.007957136007424315, -0.0036826160890692794, 0.004325112530751296, 0.00880867090913573, 0.016355879949000007, 0.0016339509714937694]","[0.0, 0.0, 0.0, 0.0, 0.07198512554168701, 0.09002745896577835, 0.07800255715847015, 0.0, 0.0, 0.11181159317493439, 0.0, 0.0, 0.0, 0.0, 0.0, 0.0, 0.0, 0.11181159317493439, 0.0, 0.0, 0.0, 0.11181159317493439, 0.11181159317493439, 0.0, 0.11181159317493439, 0.0, 0.0, 0.11181159317493439, 0.08911531418561935, 0.0]","[0.0, 0.1, 0.1, 0.1, 0.1, 0.1, 0.1, 0.1, 0.1, 0.0, 0.0, 0.0, 0.0, 0.0, 0.0, 0.0, 0.0, 0.0, 0.0, 0.0, 0.0, 0.0, 0.0, 0.0, 0.0, 0.0, 0.0, 0.0, 0.1, 0.1]","[0.011763837239697336, 0.08773267075960184, 0.08739705039633655, 0.09896482401631301, 0.0783648246576746, 0.07860446627577249, 0.11139497914001227, 0.07344097514413475, 0.08609314793122623, 0.017285270721084104, 0.0, 0.005659986701354972, 0.0, 0.0, 0.010703958018401915, 0.0166345408208487, 0.0024517306691311516, 0.004797202548532901, 0.0066449605117892855, 0.01688115522200881, 0.0, 0.0005992317703444221, 0.0, 0.0, 0.009135079033143501, 0.019521698716902312, 0.0, 0.0, 0.08893070913791683, 0.08699770056777188]","[0.0, 0.0, 0.0, 0.0, 0.07198512554168701, 0.09002745896577835, 0.07800255715847015, 0.0, 0.0, 0.11181159317493439, 0.0, 0.0, 0.0, 0.0, 0.0, 0.0, 0.0, 0.11181159317493439, 0.0, 0.0, 0.0, 0.11181159317493439, 0.11181159317493439, 0.0, 0.11181159317493439, 0.0, 0.0, 0.11181159317493439, 0.08911531418561935, 0.0]",0.0029245200305566036
63,0.9663204214212447,"[1.0027958726406614, 1.0198020378065862, 1.011017155205961, 0.996077569148222, 1.0149027321851025, 1.010827111107159, 1.0089284966597998, 0.992800542561916, 0.9846027194369368, 0.9925748005258578, 1.027289882015102, 0.9985332789929993, 1.0082672777085484, 1.0025794831275305, 1.0051989321428365, 0.9770759144802925, 0.9963833599419243, 0.9861083119298346, 0.9977234341707732, 1.0039893565790785, 1.0061618402528558, 1.012049167690479, 1.0006610247208019, 0.984301761862446, 0.9920428639925757, 0.9963173839109307, 1.0043251125307513, 1.0088086709091357, 1.016355879949, 1.0016339509714938]","[1.0210589008491424, 1.016413843607781, 1.0127577109846713, 0.987339617610272, 0.9984311781254009, 1.0057413940404778, 1.0014399198026491, 1.0081442319283427, 0.9951843056994855, 1.0109930558743858, 1.0209705209129571, 0.9963147290366279, 0.9926073250898979, 0.9919561931317717, 1.008470239229426, 1.0102294344376486, 1.0185058115242385, 0.9966140221325573, 0.9964433513951635, 0.9871925558066885, 0.9726192278605239, 1.004150482437009, 0.979938250194817, 0.9948400402524293, 1.014855788955431, 0.9909120447138883, 0.9855154081444732, 1.0032200427884914, 1.02762825074114, 0.9840837994993973]","[0.021058900849142415, 0.016413843607780976, 0.012757710984671267, -0.012660382389727998, -0.0015688218745990579, 0.0057413940404777986, 0.0014399198026491256, 0.008144231928342682, -0.004815694300514539, 0.010993055874385815, 0.020970520912957147, -0.0036852709633721226, -0.007392674910102093, -0.008043806868228254, 0.008470239229426024, 0.010229434437648566, 0.01850581152423847, -0.0033859778674426577, -0.00355664860483651, -0.012807444193311479, -0.027380772139476095, 0.0041504824370091065, -0.02006174980518305, -0.005159959747570664, 0.014855788955431048, -0.009087955286111726, -0.014484591855526752, 0.0032200427884914173, 0.02762825074114006, -0.015916200500602717]","[0.0, 0.0, 0.0, 0.0, 0.0, 0.10727061331272125, 0.0, 0.0, 0.0, 0.0, 0.10547877848148346, 0.10727061331272125, 0.10727061331272125, 0.0, 0.0, 0.07112561166286469, 0.10727061331272125, 0.0, 0.0, 0.10727061331272125, 0.0, 0.10727061331272125, 0.0, 0.0, 0.07614663988351822, 0.0, 0.0, 0.10362531989812851, 0.0, 0.0]","[0.0, 0.1, 0.1, 0.1, 0.1, 0.1, 0.1, 0.1, 0.1, 0.0, 0.0, 0.0, 0.0, 0.0, 0.0, 0.0, 0.0, 0.0, 0.0, 0.0, 0.0, 0.0, 0.0, 0.0, 0.0, 0.0, 0.0, 0.0, 0.1, 0.1]","[0.0, 0.09477546985783512, 0.09021870640562321, 0.10792498210379563, 0.0949520531387613, 0.08826617936691056, 0.09679520625821766, 0.08151493623121102, 0.09399850750835785, 0.0, 0.0, 0.006763690151697915, 0.0, 0.0, 0.0, 0.0013977799196338858, 0.009410453927381518, 0.0, 0.0, 0.009793827884056168, 0.0016768375963025384, 0.0, 0.0005978255083966911, 0.0, 0.0, 0.0, 0.00676687169215704, 0.005287992936621403, 0.10718717071250722, 0.10267150880053331]","[0.0, 0.0, 0.0, 0.0, 0.0, 0.10727059841156006, 0.0, 0.0, 0.0, 0.0, 0.10547876358032227, 0.10727059841156006, 0.10727059841156006, 0.0, 0.0, 0.07112560421228409, 0.10727059841156006, 0.0, 0.0, 0.10727059841156006, 0.0, 0.10727059841156006, 0.0, 0.0, 0.07614663243293762, 0.0, 0.0, 0.10362530499696732, 0.0, 0.0]",0.0044903792385864805
64,0.9626947126589938,"[1.0210589008491424, 1.016413843607781, 1.0127577109846713, 0.987339617610272, 0.9984311781254009, 1.0057413940404778, 1.0014399198026491, 1.0081442319283427, 0.9951843056994855, 1.0109930558743858, 1.0209705209129571, 0.9963147290366279, 0.9926073250898979, 0.9919561931317717, 1.008470239229426, 1.0102294344376486, 1.0185058115242385, 0.9966140221325573, 0.9964433513951635, 0.9871925558066885, 0.9726192278605239, 1.004150482437009, 0.979938250194817, 0.9948400402524293, 1.014855788955431, 0.9909120447138883, 0.9855154081444732, 1.0032200427884914, 1.02762825074114, 0.9840837994993973]","[1.0141159169585714, 1.0177280137660014, 1.0064242159530732, 0.9827281846587034, 0.9984374446440749, 0.996046456660717, 0.9919562255687133, 1.0291036587025013, 1.0056258284876562, 0.9911950576806029, 0.9877391620988385, 0.9803308702037148, 0.9931430730739855, 1.023117852459022, 1.0095016071972405, 1.0039719368820115, 0.9928325779205294, 0.9876885481427455, 0.9721839469471822, 1.0202108128371654, 0.991629732631369, 0.9794654489051359, 1.0059223709350271, 0.9897902463240275, 1.0137825438622325, 1.0033732157020498, 1.0149528593824573, 1.0037854310279455, 1.0210919710011237, 0.9965145808485473]","[0.014115916958571395, 0.017728013766001416, 0.006424215953073187, -0.017271815341296626, -0.0015625553559250882, -0.003953543339282994, -0.008043774431286677, 0.02910365870250131, 0.005625828487656248, -0.008804942319397102, -0.012260837901161503, -0.019669129796285212, -0.006856926926014473, 0.023117852459022092, 0.00950160719724047, 0.003971936882011473, -0.007167422079470631, -0.012311451857254463, -0.027816053052817757, 0.020210812837165415, -0.008370267368631001, -0.02053455109486413, 0.005922370935027121, -0.010209753675972544, 0.013782543862232544, 0.0033732157020498477, 0.014952859382457273, 0.003785431027945485, 0.0210919710011237, -0.003485419151452729]","[0.09999999403953552, 0.0, 0.0, 0.09999999403953552, 0.09999999403953552, 0.0, 0.0, 0.0, 0.09999999403953552, 0.0, 0.09999999403953552, 0.0, 0.09999999403953552, 0.09999999403953552, 0.0, 0.0, 0.0, 0.0, 0.09999999403953552, 0.0, 0.0, 0.09999999403953552, 0.09999999403953552, 0.0, 0.0, 0.0, 0.0, 0.0, 0.0, 0.0]","[0.0, 0.1, 0.1, 0.1, 0.1, 0.1, 0.1, 0.1, 0.1, 0.0, 0.0, 0.0, 0.0, 0.0, 0.0, 0.0, 0.0, 0.0, 0.0, 0.0, 0.0, 0.0, 0.0, 0.0, 0.0, 0.0, 0.0, 0.0, 0.1, 0.1]","[0.0, 0.08794946880759119, 0.09448531121464299, 0.07381216699158188, 0.08235256837310007, 0.102138626564695, 0.08682913088149663, 0.09404150671016272, 0.10837219660568138, 0.010430883700521157, 0.0, 0.00819558280451004, 0.0, 0.012599877402402836, 0.0, 0.021333999700040924, 0.004511074935851791, 0.0, 0.0068158130884846515, 0.0005256326018350396, 0.0, 0.0, 0.019707227169359725, 0.004500450004590202, 0.0, 0.0, 0.011513393345793564, 0.0, 0.08165020456747493, 0.0882348845301832]","[0.10000000149011612, 0.0, 0.0, 0.10000000149011612, 0.10000000149011612, 0.0, 0.0, 0.0, 0.10000000149011612, 0.0, 0.10000000149011612, 0.0, 0.10000000149011612, 0.10000000149011612, 0.0, 0.0, 0.0, 0.0, 0.10000000149011612, 0.0, 0.0, 0.10000000149011612, 0.10000000149011612, 0.0, 0.0, 0.0, 0.0, 0.0, 0.0, 0.0]",-0.0042212178294836625
65,0.961946940270115,"[1.0141159169585714, 1.0177280137660014, 1.0064242159530732, 0.9827281846587034, 0.9984374446440749, 0.996046456660717, 0.9919562255687133, 1.0291036587025013, 1.0056258284876562, 0.9911950576806029, 0.9877391620988385, 0.9803308702037148, 0.9931430730739855, 1.023117852459022, 1.0095016071972405, 1.0039719368820115, 0.9928325779205294, 0.9876885481427455, 0.9721839469471822, 1.0202108128371654, 0.991629732631369, 0.9794654489051359, 1.0059223709350271, 0.9897902463240275, 1.0137825438622325, 1.0033732157020498, 1.0149528593824573, 1.0037854310279455, 1.0210919710011237, 0.9965145808485473]","[0.9948500037933603, 0.9919166802743785, 0.9979063941753146, 0.9911203701046106, 0.9638743242418402, 0.9940806503667826, 0.989182016145968, 0.9840669159284666, 1.0010616426842767, 1.0056156245039283, 0.982705121980337, 0.9930462055867045, 1.0192614781817522, 0.9897184885240756, 0.9913594897435353, 0.9994077003744257, 1.0079365771713604, 1.0143804820310274, 0.9909542728950046, 0.9840171443537307, 0.9969494682818688, 0.9807097738880222, 0.9960076161227427, 1.003549433130681, 1.0123429619329969, 0.9965841914725122, 0.9944295434264282, 0.9939920748291408, 0.9894715634897396, 0.9980779374572222]","[-0.005149996206639695, -0.008083319725621485, -0.0020936058246854294, -0.008879629895389374, -0.036125675758159836, -0.005919349633217386, -0.010817983854031987, -0.015933084071533377, 0.0010616426842766646, 0.005615624503928274, -0.017294878019663007, -0.0069537944132954665, 0.019261478181752167, -0.010281511475924376, -0.008640510256464728, -0.0005922996255742774, 0.007936577171360426, 0.014380482031027375, -0.009045727104995405, -0.015982855646269334, -0.0030505317181311886, -0.019290226111977837, -0.003992383877257311, 0.0035494331306809013, 0.012342961932996888, -0.003415808527487796, -0.005570456573571803, -0.006007925170859241, -0.010528436510260364, -0.0019220625427778248]","[0.0, 0.0, 0.17151017487049103, 0.028774186968803406, 0.0, 0.0, 0.0, 0.0, 0.11177550256252289, 0.0, 0.08238963037729263, 0.0, 0.17151017487049103, 0.0, 0.0, 0.0, 0.0, 0.0, 0.17151017487049103, 0.0, 0.0, 0.0, 0.0, 0.0046714129857718945, 0.0, 0.08634860068559647, 0.0, 0.0, 0.0, 0.17151017487049103]","[0.0, 0.1, 0.1, 0.1, 0.1, 0.1, 0.1, 0.1, 0.1, 0.0, 0.0, 0.0, 0.0, 0.0, 0.0, 0.0, 0.0, 0.0, 0.0, 0.0, 0.0, 0.0, 0.0, 0.0, 0.0, 0.0, 0.0, 0.0, 0.1, 0.1]","[0.012364294165943441, 0.09119831171549397, 0.09326339126539006, 0.09516186421546771, 0.0980994979489483, 0.1015337239642161, 0.0936999742996097, 0.08430426452621767, 0.09237243835825758, 0.00045556112181110563, 0.0, 0.0, 0.010395975064477323, 0.0, 0.016651788793223737, 0.0, 0.0012251888479676769, 0.0, 7.443431064235372e-05, 0.0, 0.00014194941452181977, 0.0, 0.009600602278909232, 0.011127751945130885, 0.0, 0.0013618008653594068, 0.001794597996598213, 0.008213433757186125, 0.09344336286981132, 0.08351579227481608]","[0.0, 0.0, 0.17151017487049103, 0.028774186968803406, 0.0, 0.0, 0.0, 0.0, 0.11177550256252289, 0.0, 0.08238963037729263, 0.0, 0.17151017487049103, 0.0, 0.0, 0.0, 0.0, 0.0, 0.17151017487049103, 0.0, 0.0, 0.0, 0.0, 0.0046714129857718945, 0.0, 0.08634860068559647, 0.0, 0.0, 0.0, 0.17151017487049103]",-0.0012229851717742938
66,0.9614510308297975,"[0.9948500037933603, 0.9919166802743785, 0.9979063941753146, 0.9911203701046106, 0.9638743242418402, 0.9940806503667826, 0.989182016145968, 0.9840669159284666, 1.0010616426842767, 1.0056156245039283, 0.982705121980337, 0.9930462055867045, 1.0192614781817522, 0.9897184885240756, 0.9913594897435353, 0.9994077003744257, 1.0079365771713604, 1.0143804820310274, 0.9909542728950046, 0.9840171443537307, 0.9969494682818688, 0.9807097738880222, 0.9960076161227427, 1.003549433130681, 1.0123429619329969, 0.9965841914725122, 0.9944295434264282, 0.9939920748291408, 0.9894715634897396, 0.9980779374572222]","[1.0239970486976782, 0.9928665246408399, 1.0027777485183098, 1.002961588998919, 1.016472500599101, 0.9749891066668387, 0.9951896789155907, 0.9985291703411643, 0.9879585224714256, 1.0141334298377918, 0.990544484900846, 0.9953438102726241, 1.0065358858043438, 1.003898329202633, 1.009279574860442, 0.9972777826187783, 1.0037279908057426, 1.012873689172317, 0.9840817767887305, 0.9996673070460071, 0.998056319232658, 1.0093528896343844, 1.020678526815525, 1.0158683627815324, 1.025451139826835, 0.9891376095197907, 1.031134018524496, 0.9916897682626098, 0.998173773343183, 1.005874967440044]","[0.02399704869767816, -0.007133475359160091, 0.0027777485183098083, 0.0029615889989189625, 0.016472500599101103, -0.02501089333316131, -0.004810321084409264, -0.001470829658835715, -0.012041477528574429, 0.014133429837791756, -0.009455515099153988, -0.0046561897273759145, 0.006535885804343833, 0.0038983292026331107, 0.009279574860441953, -0.002722217381221692, 0.003727990805742598, 0.012873689172316904, -0.015918223211269455, -0.0003326929539928525, -0.001943680767341971, 0.00935288963438441, 0.020678526815524956, 0.015868362781532364, 0.02545113982683489, -0.010862390480209316, 0.031134018524495932, -0.008310231737390206, -0.001826226656816976, 0.00587496744004401]","[0.0, 0.0, 0.0, 0.0, 0.0, 0.10760291665792465, 0.0, 0.0, 0.10760291665792465, 0.0, 0.10760291665792465, 0.10760291665792465, 0.0, 0.0, 0.10760291665792465, 0.0, 0.0, 0.10760291665792465, 0.0, 0.0, 0.10760291665792465, 0.0, 0.0, 0.0, 0.061419159173965454, 0.10760291665792465, 0.07775752246379852, 0.0, 0.0, 0.0]","[0.0, 0.1, 0.1, 0.1, 0.1, 0.1, 0.1, 0.1, 0.1, 0.0, 0.0, 0.0, 0.0, 0.0, 0.0, 0.0, 0.0, 0.0, 0.0, 0.0, 0.0, 0.0, 0.0, 0.0, 0.0, 0.0, 0.0, 0.0, 0.1, 0.1]","[0.0, 0.08557027157538744, 0.10202247187021343, 0.09625089383617016, 0.08971229960695534, 0.08601831916996636, 0.08903550681876425, 0.09099201808466965, 0.09420882187014139, 0.002960556476859131, 0.006384475346587019, 0.010506435310418156, 0.002126934348958736, 0.0182077737946345, 0.0001930660565884392, 0.0, 0.010962378661304596, 0.0004253201423620878, 0.0, 0.0, 0.0, 0.0, 0.0, 0.0014178197660912888, 0.0, 0.011780779573701487, 0.0007178896275822741, 0.004812819783286496, 0.10806863609536058, 0.08762451218399718]","[0.0, 0.0, 0.0, 0.0, 0.0, 0.10760291665792465, 0.0, 0.0, 0.10760291665792465, 0.0, 0.10760291665792465, 0.10760291665792465, 0.0, 0.0, 0.10760291665792465, 0.0, 0.0, 0.10760291665792465, 0.0, 0.0, 0.10760291665792465, 0.0, 0.0, 0.0, 0.061419159173965454, 0.10760291665792465, 0.07775752246379852, 0.0, 0.0, 0.0]",-0.000983029677061986
67,0.9597823744684107,"[1.0239970486976782, 0.9928665246408399, 1.0027777485183098, 1.002961588998919, 1.016472500599101, 0.9749891066668387, 0.9951896789155907, 0.9985291703411643, 0.9879585224714256, 1.0141334298377918, 0.990544484900846, 0.9953438102726241, 1.0065358858043438, 1.003898329202633, 1.009279574860442, 0.9972777826187783, 1.0037279908057426, 1.012873689172317, 0.9840817767887305, 0.9996673070460071, 0.998056319232658, 1.0093528896343844, 1.020678526815525, 1.0158683627815324, 1.025451139826835, 0.9891376095197907, 1.031134018524496, 0.9916897682626098, 0.998173773343183, 1.005874967440044]","[1.0012247134941152, 0.9967194233734483, 0.9962688092298035, 0.9948149339682044, 1.0062534670060634, 0.9835541070422769, 0.9972232795340741, 0.9868294962845635, 0.9856727668752752, 0.9990357553176863, 1.002315696456054, 0.9819301680174366, 0.9932297708587011, 1.0173676271800804, 1.0001479726947287, 0.994963940570538, 0.9839815187069578, 1.0329129883553163, 1.01229823350386, 1.009421913869487, 0.9886572685439319, 0.9922714659385365, 0.9789009589400455, 1.000106315742884, 1.0004459425845789, 1.0022210269275897, 1.004728966177214, 0.9934193890681738, 1.0167769327942906, 0.9984707501111316]","[0.0012247134941152371, -0.003280576626551679, -0.0037311907701964575, -0.005185066031795582, 0.00625346700606344, -0.01644589295772314, -0.0027767204659259193, -0.013170503715436488, -0.014327233124724836, -0.0009642446823137085, 0.002315696456054006, -0.0180698319825634, -0.006770229141298878, 0.017367627180080447, 0.0001479726947286597, -0.005036059429461948, -0.016018481293042175, 0.03291298835531631, 0.012298233503859946, 0.009421913869487097, -0.011342731456068122, -0.0077285340614634546, -0.021099041059954526, 0.00010631574288400003, 0.00044594258457886227, 0.002221026927589742, 0.004728966177214078, -0.0065806109318261585, 0.0167769327942906, -0.001529249888868378]","[0.0, 0.0, 0.10345438122749329, 0.0, 0.0, 0.0, 0.0, 0.10345438122749329, 0.10345438122749329, 0.0, 0.10345438122749329, 0.0, 0.0, 0.0, 0.08906223624944687, 0.10345438122749329, 0.0, 0.08330264687538147, 0.0, 0.10345438122749329, 0.0, 0.0, 0.10345438122749329, 0.0, 0.0, 0.10345438122749329, 0.0, 0.0, 0.0, 0.0]","[0.0, 0.1, 0.1, 0.1, 0.1, 0.1, 0.1, 0.1, 0.1, 0.0, 0.0, 0.0, 0.0, 0.0, 0.0, 0.0, 0.0, 0.0, 0.0, 0.0, 0.0, 0.0, 0.0, 0.0, 0.0, 0.0, 0.0, 0.0, 0.1, 0.1]","[0.0, 0.09251277528312851, 0.08345595686844001, 0.09277286734550663, 0.09937251434058708, 0.08914310496053456, 0.0848960142638896, 0.0859632880806073, 0.0928477788383016, 0.010028391951761499, 0.0, 0.0, 0.0008433173830033508, 0.005658347643942135, 0.0, 0.0, 0.0003572413102579199, 0.010922780657639217, 0.005199719072885856, 0.0, 0.0, 0.0014862922139415738, 0.008970358288650863, 0.027702867298330214, 0.0, 0.012505057622168853, 0.00916164456843021, 0.002366383526831798, 0.08453026436964055, 0.09930303411152061]","[0.0, 0.0, 0.10345439612865448, 0.0, 0.0, 0.0, 0.0, 0.10345439612865448, 0.10345439612865448, 0.0, 0.10345439612865448, 0.0, 0.0, 0.0, 0.08906224370002747, 0.10345439612865448, 0.0, 0.08330265432596207, 0.0, 0.10345439612865448, 0.0, 0.0, 0.10345439612865448, 0.0, 0.0, 0.10345439612865448, 0.0, 0.0, 0.0, 0.0]",-0.0021661297226011145
68,0.9614599103121464,"[1.0012247134941152, 0.9967194233734483, 0.9962688092298035, 0.9948149339682044, 1.0062534670060634, 0.9835541070422769, 0.9972232795340741, 0.9868294962845635, 0.9856727668752752, 0.9990357553176863, 1.002315696456054, 0.9819301680174366, 0.9932297708587011, 1.0173676271800804, 1.0001479726947287, 0.994963940570538, 0.9839815187069578, 1.0329129883553163, 1.01229823350386, 1.009421913869487, 0.9886572685439319, 0.9922714659385365, 0.9789009589400455, 1.000106315742884, 1.0004459425845789, 1.0022210269275897, 1.004728966177214, 0.9934193890681738, 1.0167769327942906, 0.9984707501111316]","[1.0025990520877983, 0.9799651184980778, 1.0212371090604269, 0.9934197492332238, 0.9945024381791194, 0.991255416932962, 1.0106370194966072, 0.9762323045871467, 1.0160725327818125, 0.9883018872502735, 1.0037118413843558, 1.0189804894167425, 1.0054753038152668, 1.0319213110256424, 0.9963207716636, 0.9971543541181853, 1.0029909529524572, 1.0103926157702252, 0.9811134651228897, 1.0105279422477473, 0.9825409244856207, 1.0053721223432592, 0.9917260384379298, 0.9889885648099178, 1.0113541265609711, 0.9917015942638462, 1.011148946003287, 1.0008755248647854, 1.0012774137733675, 0.993853821824407]","[0.0025990520877983148, -0.02003488150192223, 0.021237109060426862, -0.006580250766776152, -0.00549756182088057, -0.008744583067037959, 0.010637019496607225, -0.023767695412853285, 0.016072532781812532, -0.011698112749726541, 0.003711841384355763, 0.018980489416742463, 0.005475303815266841, 0.03192131102564244, -0.003679228336399998, -0.0028456458818146846, 0.0029909529524572154, 0.010392615770225211, -0.01888653487711034, 0.010527942247747335, -0.017459075514379307, 0.0053721223432592335, -0.008273961562070165, -0.011011435190082186, 0.011354126560971123, -0.008298405736153813, 0.011148946003286975, 0.0008755248647853708, 0.0012774137733675417, -0.006146178175593042]","[0.1071268692612648, 0.04228481650352478, 0.0, 0.0, 0.12107500433921814, 0.0, 0.0, 0.0, 0.12107500433921814, 0.0, 0.05330733582377434, 0.0, 0.0, 0.0, 0.0, 0.0, 0.07083088904619217, 0.12107500433921814, 0.0, 0.0, 0.0, 0.0, 0.12107500433921814, 0.0, 0.12107500433921814, 0.12107500433921814, 0.0, 0.0, 0.0, 0.0]","[0.0, 0.1, 0.1, 0.1, 0.1, 0.1, 0.1, 0.1, 0.1, 0.0, 0.0, 0.0, 0.0, 0.0, 0.0, 0.0, 0.0, 0.0, 0.0, 0.0, 0.0, 0.0, 0.0, 0.0, 0.0, 0.0, 0.0, 0.0, 0.1, 0.1]","[0.0, 0.09951917385019232, 0.0986944461312458, 0.08288474421689322, 0.11044014078615949, 0.08868597114985996, 0.09261231624388212, 0.08972563450688202, 0.0891079669495992, 0.0, 0.0, 0.015219571628420839, 0.0, 0.0, 0.0, 0.011111174454280053, 0.006299591420628495, 0.0, 0.003734278534686266, 0.00018140786570565987, 0.0, 0.0, 0.0, 0.0, 0.0, 0.0044129184883080885, 0.0, 0.010444437033344724, 0.09766481569740337, 0.0992614110425083]","[0.1071268692612648, 0.04228481650352478, 0.0, 0.0, 0.12107500433921814, 0.0, 0.0, 0.0, 0.12107500433921814, 0.0, 0.05330733582377434, 0.0, 0.0, 0.0, 0.0, 0.0, 0.07083088904619217, 0.12107500433921814, 0.0, 0.0, 0.0, 0.0, 0.12107500433921814, 0.0, 0.12107500433921814, 0.12107500433921814, 0.0, 0.0, 0.0, 0.0]",0.001296232043896378
69,0.9604748882518505,"[1.0025990520877983, 0.9799651184980778, 1.0212371090604269, 0.9934197492332238, 0.9945024381791194, 0.991255416932962, 1.0106370194966072, 0.9762323045871467, 1.0160725327818125, 0.9883018872502735, 1.0037118413843558, 1.0189804894167425, 1.0054753038152668, 1.0319213110256424, 0.9963207716636, 0.9971543541181853, 1.0029909529524572, 1.0103926157702252, 0.9811134651228897, 1.0105279422477473, 0.9825409244856207, 1.0053721223432592, 0.9917260384379298, 0.9889885648099178, 1.0113541265609711, 0.9917015942638462, 1.011148946003287, 1.0008755248647854, 1.0012774137733675, 0.993853821824407]","[0.9884522643884254, 0.9912001503898272, 0.9954627761510948, 1.0155532816631456, 1.0058842747853176, 0.9942205695480336, 1.019448575506856, 0.9920270743202279, 0.9964146608918538, 1.011655270000592, 1.0067916979629847, 1.0215164166051312, 1.0097425908010396, 0.997582930958425, 1.0058086986887673, 0.9942759459983401, 0.9716589343553249, 1.0039894663481963, 1.006252471396745, 0.9995236107535732, 1.0071894759248363, 0.9978943937506929, 1.0066748789089595, 0.9951060549549703, 1.0116122397914808, 0.9899465372623898, 0.9897309789339188, 0.9850178930785211, 0.9896788625753432, 0.9769287875832603]","[-0.011547735611574628, -0.008799849610172772, -0.004537223848905203, 0.015553281663145624, 0.005884274785317611, -0.005779430451966383, 0.01944857550685608, -0.007972925679772147, -0.0035853391081461794, 0.011655270000592077, 0.006791697962984733, 0.02151641660513115, 0.009742590801039563, -0.002417069041575015, 0.005808698688767322, -0.005724054001659873, -0.02834106564467509, 0.003989466348196302, 0.006252471396744896, -0.00047638924642678937, 0.007189475924836319, -0.0021056062493071126, 0.0066748789089594585, -0.004893945045029713, 0.01161223979148085, -0.010053462737610208, -0.010269021066081185, -0.014982106921478944, -0.01032113742465679, -0.023071212416739706]","[0.10166425257921219, 0.0, 0.0, 0.0, 0.10166425257921219, 0.0, 0.0, 0.0, 0.0, 0.0, 0.10166425257921219, 0.10166425257921219, 0.0, 0.0, 0.08502170443534851, 0.0, 0.10166425257921219, 0.0, 0.0, 0.10166425257921219, 0.0, 0.0, 0.0, 0.0, 0.10166425257921219, 0.10166425257921219, 0.0, 0.0, 0.10166425257921219, 0.0]","[0.0, 0.1, 0.1, 0.1, 0.1, 0.1, 0.1, 0.1, 0.1, 0.0, 0.0, 0.0, 0.0, 0.0, 0.0, 0.0, 0.0, 0.0, 0.0, 0.0, 0.0, 0.0, 0.0, 0.0, 0.0, 0.0, 0.0, 0.0, 0.1, 0.1]","[0.0, 0.08925611957301771, 0.07403156574559336, 0.07826494521044186, 0.0864084009979022, 0.08613701242465789, 0.0891106000746679, 0.09217006472152234, 0.09308307060346706, 0.013865372491078762, 0.0031609374519536077, 0.004382146913048926, 0.007370295531660485, 0.012449442244448293, 0.0, 0.0, 0.008567805442242836, 0.008427384929510257, 0.01900189499065972, 0.013763857075501783, 0.0, 0.0, 0.01399643930297724, 0.0037354344670303607, 0.0, 0.015154627012590169, 0.0, 0.0, 0.10324139087987641, 0.08442119191615087]","[0.10166426002979279, 0.0, 0.0, 0.0, 0.10166426002979279, 0.0, 0.0, 0.0, 0.0, 0.0, 0.10166426002979279, 0.10166426002979279, 0.0, 0.0, 0.08502171188592911, 0.0, 0.10166426002979279, 0.0, 0.0, 0.10166426002979279, 0.0, 0.0, 0.0, 0.0, 0.10166426002979279, 0.10166426002979279, 0.0, 0.0, 0.10166426002979279, 0.0]",-0.0015386646115772959
70,0.9679629071432742,"[0.9884522643884254, 0.9912001503898272, 0.9954627761510948, 1.0155532816631456, 1.0058842747853176, 0.9942205695480336, 1.019448575506856, 0.9920270743202279, 0.9964146608918538, 1.011655270000592, 1.0067916979629847, 1.0215164166051312, 1.0097425908010396, 0.997582930958425, 1.0058086986887673, 0.9942759459983401, 0.9716589343553249, 1.0039894663481963, 1.006252471396745, 0.9995236107535732, 1.0071894759248363, 0.9978943937506929, 1.0066748789089595, 0.9951060549549703, 1.0116122397914808, 0.9899465372623898, 0.9897309789339188, 0.9850178930785211, 0.9896788625753432, 0.9769287875832603]","[0.9893196692917715, 1.027897030825713, 1.0088445403902266, 0.9998365199508574, 1.0180838166634691, 0.998830119273212, 0.9995208703623953, 1.0077385051108438, 0.9992083671906415, 0.9923854697757588, 0.9922635123628014, 1.0107685802318191, 0.9857402712570205, 0.9959928541214123, 1.0021096729276, 1.0119032995352355, 1.0110150887328373, 1.0140296143113434, 0.9906225559435033, 0.987591982539646, 0.9965516762221223, 1.011543464150504, 0.9885266761309656, 1.0053783840595238, 0.9938498542223803, 1.0090891920175438, 1.012476145231727, 0.9906601025560491, 1.015865772954901, 0.9837971098285968]","[-0.010680330708228492, 0.027897030825712932, 0.00884454039022664, -0.00016348004914257253, 0.018083816663469143, -0.0011698807267880307, -0.0004791296376046583, 0.007738505110843841, -0.0007916328093584557, -0.007614530224241189, -0.007736487637198586, 0.010768580231819147, -0.014259728742979538, -0.004007145878587748, 0.0021096729276000037, 0.011903299535235501, 0.011015088732837297, 0.014029614311343419, -0.009377444056496653, -0.012408017460354026, -0.0034483237778777376, 0.01154346415050389, -0.011473323869034435, 0.005378384059523844, -0.006150145777619742, 0.009089192017543768, 0.01247614523172702, -0.009339897443950917, 0.015865772954900992, -0.016202890171403195]","[0.0, 0.0, 0.0, 0.0, 0.10069355368614197, 0.0, 0.10069355368614197, 0.0, 0.0, 0.0, 0.0, 0.10069355368614197, 0.0, 0.10069355368614197, 0.0, 0.09650704264640808, 0.0, 0.10069355368614197, 0.10069355368614197, 0.0, 0.0, 0.0, 0.0, 0.0, 0.0, 0.10069355368614197, 0.10069355368614197, 0.0, 0.09794452041387558, 0.0]","[0.0, 0.1, 0.1, 0.1, 0.1, 0.1, 0.1, 0.1, 0.1, 0.0, 0.0, 0.0, 0.0, 0.0, 0.0, 0.0, 0.0, 0.0, 0.0, 0.0, 0.0, 0.0, 0.0, 0.0, 0.0, 0.0, 0.0, 0.0, 0.1, 0.1]","[9.002264551302182e-05, 0.09359501776225074, 0.08103394434696178, 0.09658851343225716, 0.09236635618784132, 0.10546825068218586, 0.0895426855659145, 0.10450540434951416, 0.10487210129453425, 0.005456836023127148, 0.0, 0.00431976052551574, 0.0, 0.0, 0.0, 0.0, 0.0, 0.0, 0.011135568497071795, 0.0, 0.012812899942835401, 0.0031938253879642384, 0.0, 0.019570394473989238, 0.0, 0.0005500651639002577, 0.0, 0.0, 0.08646363681238217, 0.08843471690624126]","[0.0, 0.0, 0.0, 0.0, 0.10069355368614197, 0.0, 0.10069355368614197, 0.0, 0.0, 0.0, 0.0, 0.10069355368614197, 0.0, 0.10069355368614197, 0.0, 0.09650704264640808, 0.0, 0.10069355368614197, 0.10069355368614197, 0.0, 0.0, 0.0, 0.0, 0.0, 0.0, 0.10069355368614197, 0.10069355368614197, 0.0, 0.09794452041387558, 0.0]",0.007322124301875597
71,0.9622365647696882,"[0.9893196692917715, 1.027897030825713, 1.0088445403902266, 0.9998365199508574, 1.0180838166634691, 0.998830119273212, 0.9995208703623953, 1.0077385051108438, 0.9992083671906415, 0.9923854697757588, 0.9922635123628014, 1.0107685802318191, 0.9857402712570205, 0.9959928541214123, 1.0021096729276, 1.0119032995352355, 1.0110150887328373, 1.0140296143113434, 0.9906225559435033, 0.987591982539646, 0.9965516762221223, 1.011543464150504, 0.9885266761309656, 1.0053783840595238, 0.9938498542223803, 1.0090891920175438, 1.012476145231727, 0.9906601025560491, 1.015865772954901, 0.9837971098285968]","[0.9974181218612813, 1.002275301218214, 1.0146107778114373, 1.0075163837513406, 1.0002082864650537, 0.9832924234849951, 1.0137218552408107, 0.982968510023399, 0.9967210222731201, 1.0019688282083306, 0.9965056143958267, 0.9777558329066104, 1.0042885342578938, 0.9906603828255758, 0.9840681406141224, 1.0042418647568987, 0.9882193668579965, 1.0117836768846324, 1.0212538561542506, 0.9969340547731508, 0.9876771122138585, 0.9932922732555249, 0.9986851343977025, 0.9806298720292885, 1.0069208355968218, 1.0065393921774952, 0.9930623075554633, 1.0074024244378657, 0.9853091321732186, 0.9898279386917338]","[-0.002581878138718685, 0.0022753012182139543, 0.01461077781143727, 0.007516383751340561, 0.00020828646505366422, -0.016707576515004874, 0.01372185524081071, -0.017031489976600978, -0.003278977726879906, 0.001968828208330553, -0.0034943856041732557, -0.02224416709338961, 0.004288534257893772, -0.00933961717442422, -0.0159318593858776, 0.0042418647568986945, -0.011780633142003505, 0.011783676884632444, 0.021253856154250572, -0.0030659452268492204, -0.012322887786141545, -0.006707726744475062, -0.0013148656022975436, -0.01937012797071147, 0.006920835596821773, 0.006539392177495218, -0.0069376924445366805, 0.007402424437865651, -0.014690867826781417, -0.0101720613082662]","[0.1613214761018753, 0.0, 0.0, 0.0, 0.0, 0.0, 0.0, 0.1613214761018753, 0.0, 0.0, 0.1303289383649826, 0.0, 0.0, 0.11953682452440262, 0.0, 0.0, 0.0, 0.0, 0.0, 0.0, 0.10484831780195236, 0.1613214761018753, 0.0, 0.0, 0.0, 0.0, 0.0, 0.1613214761018753, 0.0, 0.0]","[0.0, 0.1, 0.1, 0.1, 0.1, 0.1, 0.1, 0.1, 0.1, 0.0, 0.0, 0.0, 0.0, 0.0, 0.0, 0.0, 0.0, 0.0, 0.0, 0.0, 0.0, 0.0, 0.0, 0.0, 0.0, 0.0, 0.0, 0.0, 0.1, 0.1]","[0.0, 0.08565814887555373, 0.08319868727997125, 0.09757631575648741, 0.10100635781016284, 0.08628646293214257, 0.09234710662095375, 0.09615594996805456, 0.09822902812770501, 0.0, 0.0, 0.0, 0.0, 0.0, 0.0, 0.0, 0.00987803553860644, 0.02209874436433187, 0.0, 0.007201172728767783, 0.0, 0.0030221661172562886, 0.0, 0.0, 0.022347220044659024, 0.0, 0.005129813096080571, 0.0, 0.09982060350954383, 0.09004418722972325]","[0.1613214761018753, 0.0, 0.0, 0.0, 0.0, 0.0, 0.0, 0.1613214761018753, 0.0, 0.0, 0.1303289383649826, 0.0, 0.0, 0.11953682452440262, 0.0, 0.0, 0.0, 0.0, 0.0, 0.0, 0.10484831780195236, 0.1613214761018753, 0.0, 0.0, 0.0, 0.0, 0.0, 0.1613214761018753, 0.0, 0.0]",-0.0064313023001575
72,0.9615643713881064,"[0.9974181218612813, 1.002275301218214, 1.0146107778114373, 1.0075163837513406, 1.0002082864650537, 0.9832924234849951, 1.0137218552408107, 0.982968510023399, 0.9967210222731201, 1.0019688282083306, 0.9965056143958267, 0.9777558329066104, 1.0042885342578938, 0.9906603828255758, 0.9840681406141224, 1.0042418647568987, 0.9882193668579965, 1.0117836768846324, 1.0212538561542506, 0.9969340547731508, 0.9876771122138585, 0.9932922732555249, 0.9986851343977025, 0.9806298720292885, 1.0069208355968218, 1.0065393921774952, 0.9930623075554633, 1.0074024244378657, 0.9853091321732186, 0.9898279386917338]","[0.9984228076153026, 0.999552293522388, 0.9926811153923439, 0.968907200166878, 0.9936853265652117, 1.006217501131308, 0.9920601565350483, 1.0117451572479754, 0.9942507744706726, 1.0053799436171453, 1.000229332254468, 1.0142052322145645, 1.0033655886402462, 1.003469531343269, 0.9983920481270805, 0.9962239160534379, 0.9954149721004766, 1.0064483000024078, 1.0209970385304408, 0.9915537916760103, 1.0027627261485446, 0.9928820212609875, 1.0070099054025872, 1.0209844826685035, 0.9892256233223489, 1.0029957206852371, 0.9859881587033253, 1.005342932541718, 1.0187090449845844, 1.001212499323966]","[-0.0015771923846974456, -0.0004477064776120532, -0.007318884607656062, -0.031092799833121965, -0.006314673434788309, 0.006217501131307923, -0.00793984346495169, 0.011745157247975424, -0.00574922552932744, 0.005379943617145333, 0.00022933225446797323, 0.01420523221456449, 0.0033655886402461643, 0.0034695313432691055, -0.0016079518729195108, -0.0037760839465621476, -0.0045850278995234195, 0.006448300002407814, 0.02099703853044077, -0.008446208323989679, 0.0027627261485445587, -0.007117978739012543, 0.007009905402587169, 0.0209844826685035, -0.010774376677651132, 0.0029957206852371243, -0.014011841296674654, 0.005342932541718026, 0.018709044984584366, 0.0012124993239659432]","[0.10231337696313858, 0.0, 0.0, 0.09308667480945587, 0.0, 0.0, 0.0, 0.0, 0.10231337696313858, 0.10231337696313858, 0.10231337696313858, 0.0, 0.0, 0.10231337696313858, 0.0, 0.0, 0.0, 0.10231337696313858, 0.0, 0.0, 0.0, 0.0, 0.10231337696313858, 0.0, 0.0, 0.0, 0.0, 0.0988411083817482, 0.0, 0.09187866002321243]","[0.0, 0.1, 0.1, 0.1, 0.1, 0.1, 0.1, 0.1, 0.1, 0.0, 0.0, 0.0, 0.0, 0.0, 0.0, 0.0, 0.0, 0.0, 0.0, 0.0, 0.0, 0.0, 0.0, 0.0, 0.0, 0.0, 0.0, 0.0, 0.1, 0.1]","[0.0, 0.08990865471173995, 0.10209825182941151, 0.07977128079464216, 0.0852628467078058, 0.10769320810241166, 0.09357408730726029, 0.10071874212522615, 0.08730974395262531, 0.0, 0.013242488433776659, 0.0, 0.005547112324256927, 0.0, 0.0, 0.0, 0.01247186548980825, 0.002442403507773629, 0.0052310580704018434, 0.0, 0.0, 0.005618129217950205, 0.0039262965517187776, 0.007849247685587065, 0.014227195305299102, 0.0005538319824521697, 0.0, 0.0, 0.0979100789926667, 0.08464347690718585]","[0.10231336206197739, 0.0, 0.0, 0.09308666735887527, 0.0, 0.0, 0.0, 0.0, 0.10231336206197739, 0.10231336206197739, 0.10231336206197739, 0.0, 0.0, 0.10231336206197739, 0.0, 0.0, 0.0, 0.10231336206197739, 0.0, 0.0, 0.0, 0.0, 0.10231336206197739, 0.0, 0.0, 0.0, 0.0, 0.098841093480587, 0.0, 0.09187865257263184]",-0.0011657377605967542
73,0.9619030247646563,"[0.9984228076153026, 0.999552293522388, 0.9926811153923439, 0.968907200166878, 0.9936853265652117, 1.006217501131308, 0.9920601565350483, 1.0117451572479754, 0.9942507744706726, 1.0053799436171453, 1.000229332254468, 1.0142052322145645, 1.0033655886402462, 1.003469531343269, 0.9983920481270805, 0.9962239160534379, 0.9954149721004766, 1.0064483000024078, 1.0209970385304408, 0.9915537916760103, 1.0027627261485446, 0.9928820212609875, 1.0070099054025872, 1.0209844826685035, 0.9892256233223489, 1.0029957206852371, 0.9859881587033253, 1.005342932541718, 1.0187090449845844, 1.001212499323966]","[1.0057542079716673, 1.0199604182832698, 0.9757205742307793, 0.9940778916282418, 1.0046929156594588, 1.015905832794578, 0.9987810788861099, 1.0151520618686565, 0.996930714778574, 0.9990859711341054, 1.0095579748091428, 1.0041047832003682, 0.9933201894510356, 0.9883421633165778, 1.0049181616321106, 0.9909730284485303, 1.0105675117308612, 0.9957826749817819, 1.0130264667857565, 1.009169041221087, 0.9937786720813278, 1.020766710080874, 1.0069770964074116, 1.0008753463274178, 1.0040960390083178, 1.0009262438510478, 0.9902807937678095, 1.0010203755857212, 0.9925271125862493, 1.042443936843928]","[0.005754207971667258, 0.019960418283269776, -0.02427942576922071, -0.005922108371758217, 0.004692915659458841, 0.015905832794578023, -0.0012189211138901035, 0.015152061868656475, -0.0030692852214260213, -0.0009140288658946449, 0.009557974809142777, 0.004104783200368223, -0.006679810548964382, -0.01165783668342224, 0.0049181616321105626, -0.009026971551469698, 0.010567511730861234, -0.004217325018218143, 0.013026466785756474, 0.009169041221086971, -0.006221327918672248, 0.02076671008087394, 0.00697709640741162, 0.0008753463274178142, 0.004096039008317787, 0.0009262438510477811, -0.00971920623219047, 0.0010203755857212116, -0.0074728874137507395, 0.042443936843928]","[0.0, 0.0, 0.0, 0.1073564663529396, 0.0, 0.1073564663529396, 0.0, 0.0, 0.09682013094425201, 0.0, 0.0, 0.0, 0.0, 0.0, 0.0, 0.1073564663529396, 0.0, 0.08247514814138412, 0.10702172666788101, 0.1073564663529396, 0.0, 0.0, 0.0, 0.0, 0.0, 0.09877359122037888, 0.08431260287761688, 0.0, 0.10117082297801971, 0.0]","[0.0, 0.1, 0.1, 0.1, 0.1, 0.1, 0.1, 0.1, 0.1, 0.0, 0.0, 0.0, 0.0, 0.0, 0.0, 0.0, 0.0, 0.0, 0.0, 0.0, 0.0, 0.0, 0.0, 0.0, 0.0, 0.0, 0.0, 0.0, 0.1, 0.1]","[0.0, 0.10058612056732753, 0.0803669191749985, 0.10071141501492877, 0.08410393968736203, 0.09518099867654235, 0.09399442530121085, 0.09769923166789489, 0.09260897765750335, 0.0, 0.004049381078084901, 0.0, 0.01206428902306938, 0.0002905600641837367, 0.0, 0.0051007890001431985, 0.0, 0.015354024557995803, 0.0, 0.001994188511954871, 0.0, 0.0, 0.0, 0.0, 0.009516246705197646, 0.0, 0.01564327674383128, 0.0003098257291781824, 0.09158536379400765, 0.09884002704458505]","[0.0, 0.0, 0.0, 0.1073564738035202, 0.0, 0.1073564738035202, 0.0, 0.0, 0.09682013839483261, 0.0, 0.0, 0.0, 0.0, 0.0, 0.0, 0.1073564738035202, 0.0, 0.08247515559196472, 0.10702173411846161, 0.1073564738035202, 0.0, 0.0, 0.0, 0.0, 0.0, 0.09877359867095947, 0.08431261032819748, 0.0, 0.10117083042860031, 0.0]",-7.094199313288749e-05
74,0.9618300416759863,"[1.0057542079716673, 1.0199604182832698, 0.9757205742307793, 0.9940778916282418, 1.0046929156594588, 1.015905832794578, 0.9987810788861099, 1.0151520618686565, 0.996930714778574, 0.9990859711341054, 1.0095579748091428, 1.0041047832003682, 0.9933201894510356, 0.9883421633165778, 1.0049181616321106, 0.9909730284485303, 1.0105675117308612, 0.9957826749817819, 1.0130264667857565, 1.009169041221087, 0.9937786720813278, 1.020766710080874, 1.0069770964074116, 1.0008753463274178, 1.0040960390083178, 1.0009262438510478, 0.9902807937678095, 1.0010203755857212, 0.9925271125862493, 1.042443936843928]","[0.9996323207209157, 0.9957533248906818, 0.9860128136508253, 0.9998501096421079, 1.0000298172108228, 1.014483926289194, 0.9884987820711337, 1.0042353068443952, 0.9946232834765141, 0.9911873377048803, 1.0016063942511866, 0.989636555041167, 0.9932569454329718, 1.0222220042540422, 0.9813244076367873, 1.0181757646965237, 0.9865703553993983, 1.0258731794701226, 1.005395276948093, 1.0047482534415124, 1.0071561948662366, 0.9890608100087835, 1.0161084176455115, 0.9952358521741427, 1.0102766873377091, 0.9973884383521536, 0.9997502960660187, 1.0137866796050292, 0.9862433872182331, 0.9880512942249028]","[-0.00036767927908432085, -0.004246675109318199, -0.01398718634917473, -0.00014989035789214622, 2.9817210822846718e-05, 0.014483926289194038, -0.01150121792886627, 0.004235306844395215, -0.005376716523485925, -0.008812662295119678, 0.0016063942511865825, -0.010363444958833012, -0.006743054567028173, 0.022222004254042194, -0.0186755923632127, 0.01817576469652371, -0.013429644600601698, 0.025873179470122576, 0.005395276948092942, 0.004748253441512418, 0.007156194866236643, -0.010939189991216458, 0.01610841764551152, -0.004764147825857323, 0.010276687337709145, -0.002611561647846372, -0.0002497039339812712, 0.013786679605029217, -0.013756612781766875, -0.011948705775097213]","[0.10116107761859894, 0.10116107761859894, 0.0, 0.0, 0.0, 0.0, 0.10116107761859894, 0.0, 0.10116107761859894, 0.0, 0.0, 0.0, 0.09734413772821426, 0.0, 0.0, 0.0, 0.0, 0.0, 0.0, 0.1005108579993248, 0.097138412296772, 0.0, 0.09804018586874008, 0.0, 0.0, 0.0, 0.0, 0.10116107761859894, 0.10116107761859894, 0.0]","[0.0, 0.1, 0.1, 0.1, 0.1, 0.1, 0.1, 0.1, 0.1, 0.0, 0.0, 0.0, 0.0, 0.0, 0.0, 0.0, 0.0, 0.0, 0.0, 0.0, 0.0, 0.0, 0.0, 0.0, 0.0, 0.0, 0.0, 0.0, 0.1, 0.1]","[0.0, 0.09625892639181063, 0.07892192240369696, 0.10032280041078576, 0.09838116029039001, 0.08719320248130079, 0.09025928677573569, 0.09051723739710861, 0.09447750262707642, 0.00830022873205702, 0.0, 0.008845146405735773, 0.0, 0.0028563575914747636, 0.017495778040890444, 0.0035068135669567794, 0.00400298317206215, 0.0148136958708828, 0.0, 0.0, 0.008514064612895689, 0.0, 0.0, 0.0, 0.0039043502562018167, 0.0, 0.0, 0.006692355216784076, 0.09169481001644306, 0.09304137773971081]","[0.10116107761859894, 0.10116107761859894, 0.0, 0.0, 0.0, 0.0, 0.10116107761859894, 0.0, 0.10116107761859894, 0.0, 0.0, 0.0, 0.09734413772821426, 0.0, 0.0, 0.0, 0.0, 0.0, 0.0, 0.1005108579993248, 0.097138412296772, 0.0, 0.09804018586874008, 0.0, 0.0, 0.0, 0.0, 0.10116107761859894, 0.10116107761859894, 0.0]",-0.00045836863728692333
75,0.957931486548123,"[0.9996323207209157, 0.9957533248906818, 0.9860128136508253, 0.9998501096421079, 1.0000298172108228, 1.014483926289194, 0.9884987820711337, 1.0042353068443952, 0.9946232834765141, 0.9911873377048803, 1.0016063942511866, 0.989636555041167, 0.9932569454329718, 1.0222220042540422, 0.9813244076367873, 1.0181757646965237, 0.9865703553993983, 1.0258731794701226, 1.005395276948093, 1.0047482534415124, 1.0071561948662366, 0.9890608100087835, 1.0161084176455115, 0.9952358521741427, 1.0102766873377091, 0.9973884383521536, 0.9997502960660187, 1.0137866796050292, 0.9862433872182331, 0.9880512942249028]","[0.9739326646041983, 0.9827621265354736, 0.9749747282558459, 0.9995389978073398, 1.007027378660223, 1.0014529768103981, 0.9838022108647604, 0.9832934451488103, 1.0104952060773673, 1.0012049287221765, 1.0019133256490864, 0.9852010279133921, 1.0073733698575693, 0.996086217352339, 0.9967328710835004, 1.0028621929419699, 0.9985130772811276, 1.0089409612985802, 0.9857610043659601, 1.005828039443969, 0.9743462289373738, 0.9978186156310321, 1.0080867334086514, 0.9993246095080013, 1.014227946723666, 0.9989524918876672, 1.0033988367670152, 0.9838967971935686, 1.0052377990511852, 0.9785364717120983]","[-0.02606733539580175, -0.017237873464526432, -0.025025271744154143, -0.00046100219266020925, 0.0070273786602230714, 0.0014529768103981322, -0.016197789135239615, -0.01670655485118966, 0.010495206077367314, 0.0012049287221764793, 0.001913325649086417, -0.014798972086607853, 0.007373369857569312, -0.003913782647660957, -0.0032671289164996065, 0.0028621929419698766, -0.0014869227188724077, 0.008940961298580241, -0.014238995634039853, 0.005828039443968924, -0.02565377106262623, -0.0021813843689678647, 0.008086733408651403, -0.0006753904919987175, 0.014227946723665896, -0.0010475081123327845, 0.0033988367670152453, -0.016103202806431405, 0.005237799051185155, -0.021463528287901656]","[0.11033476144075394, 0.0, 0.11033476144075394, 0.11033476144075394, 0.11033476144075394, 0.0, 0.0, 0.0, 0.0, 0.0, 0.11033476144075394, 0.0, 0.0, 0.06430626660585403, 0.1012587696313858, 0.0, 0.0, 0.09654391556978226, 0.0, 0.07588252425193787, 0.0, 0.0, 0.0, 0.11033476144075394, 0.0, 0.0, 0.0, 0.0, 0.0, 0.0]","[0.0, 0.1, 0.1, 0.1, 0.1, 0.1, 0.1, 0.1, 0.1, 0.0, 0.0, 0.0, 0.0, 0.0, 0.0, 0.0, 0.0, 0.0, 0.0, 0.0, 0.0, 0.0, 0.0, 0.0, 0.0, 0.0, 0.0, 0.0, 0.1, 0.1]","[0.007186778916716333, 0.08705269812950628, 0.09506398963715616, 0.09332083612297967, 0.08462858919557759, 0.08305941676982569, 0.10542049096539781, 0.09110720311807323, 0.08081325600576564, 0.0, 0.00531363531163082, 0.014763893135443972, 0.0008206502024419848, 0.0, 0.0, 0.012332078599953123, 0.009528304140742972, 0.0, 0.012811727406755293, 0.0, 0.0, 0.0064471720035893625, 0.01326221052951736, 0.0214391214005114, 0.013050925810610691, 0.0, 0.0, 0.0, 0.06984975171172249, 0.09272727088608203]","[0.11033476144075394, 0.0, 0.11033476144075394, 0.11033476144075394, 0.11033476144075394, 0.0, 0.0, 0.0, 0.0, 0.0, 0.11033476144075394, 0.0, 0.0, 0.06430626660585403, 0.1012587696313858, 0.0, 0.0, 0.09654391556978226, 0.0, 0.07588252425193787, 0.0, 0.0, 0.0, 0.11033476144075394, 0.0, 0.0, 0.0, 0.0, 0.0, 0.0]",-0.004480822929767926
76,0.9581428474895695,"[0.9739326646041983, 0.9827621265354736, 0.9749747282558459, 0.9995389978073398, 1.007027378660223, 1.0014529768103981, 0.9838022108647604, 0.9832934451488103, 1.0104952060773673, 1.0012049287221765, 1.0019133256490864, 0.9852010279133921, 1.0073733698575693, 0.996086217352339, 0.9967328710835004, 1.0028621929419699, 0.9985130772811276, 1.0089409612985802, 0.9857610043659601, 1.005828039443969, 0.9743462289373738, 0.9978186156310321, 1.0080867334086514, 0.9993246095080013, 1.014227946723666, 0.9989524918876672, 1.0033988367670152, 0.9838967971935686, 1.0052377990511852, 0.9785364717120983]","[1.0075010549721397, 0.9834156858019816, 0.9908415442386638, 0.9988634212412402, 1.0137618074479486, 0.9902206075480638, 1.0219859512101488, 1.0019323182434354, 1.0126246180119234, 1.0002507171598434, 1.0035914904378727, 0.9928801082519138, 0.9785087544894592, 0.970659827036478, 1.003387651017423, 1.0005491814037117, 0.9957895555795799, 0.9994648344375184, 1.0153780974376334, 0.9946811457527314, 1.0052298755046793, 1.0266732133177134, 1.0319317128081547, 1.012946985694504, 0.9999664290738578, 0.9941496509790777, 0.9949634282111633, 0.996589203207062, 0.9860140332457493, 1.0156204612137545]","[0.007501054972139709, -0.016584314198018424, -0.009158455761336226, -0.001136578758759832, 0.013761807447948637, -0.009779392451936153, 0.02198595121014879, 0.001932318243435427, 0.012624618011923383, 0.00025071715984337217, 0.0035914904378726575, -0.007119891748086249, -0.021491245510540824, -0.029340172963521982, 0.00338765101742311, 0.0005491814037117404, -0.0042104444204200675, -0.0005351655624815654, 0.015378097437633409, -0.005318854247268634, 0.005229875504679349, 0.02667321331771344, 0.031931712808154655, 0.01294698569450392, -3.357092614220125e-05, -0.005850349020922296, -0.005036571788836652, -0.0034107967929379868, -0.013985966754250678, 0.015620461213754488]","[0.0775577574968338, 0.0, 0.0853872299194336, 0.0, 0.1296447217464447, 0.0, 0.0, 0.0, 0.0, 0.1296447217464447, 0.1296447217464447, 0.1296447217464447, 0.0, 0.0, 0.0, 0.0, 0.0, 0.0, 0.06640619039535522, 0.0, 0.0, 0.0, 0.0, 0.0, 0.0, 0.06624486297369003, 0.1147541031241417, 0.0, 0.07107096165418625, 0.0]","[0.0, 0.1, 0.1, 0.1, 0.1, 0.1, 0.1, 0.1, 0.1, 0.0, 0.0, 0.0, 0.0, 0.0, 0.0, 0.0, 0.0, 0.0, 0.0, 0.0, 0.0, 0.0, 0.0, 0.0, 0.0, 0.0, 0.0, 0.0, 0.1, 0.1]","[0.0, 0.10230569334569452, 0.08425747840881671, 0.07417128860803701, 0.0985156338363203, 0.09266527287022455, 0.08767040722384928, 0.09513191120241161, 0.0932627338050323, 0.002434276371694475, 0.0, 0.0015007585925428375, 0.0, 0.0, 0.016395877192290124, 0.0, 0.0069713093658315, 0.0, 0.0, 0.0, 0.017024878289519995, 0.0, 0.01547628065783281, 0.004880631870476728, 0.0, 0.0, 0.0, 0.0, 0.10416968711155357, 0.10316588124787159]","[0.0775577649474144, 0.0, 0.08538723737001419, 0.0, 0.1296447366476059, 0.0, 0.0, 0.0, 0.0, 0.1296447366476059, 0.1296447366476059, 0.1296447366476059, 0.0, 0.0, 0.0, 0.0, 0.0, 0.0, 0.06640619784593582, 0.0, 0.0, 0.0, 0.0, 0.0, 0.0, 0.06624487042427063, 0.11475411057472229, 0.0, 0.07107096910476685, 0.0]",-0.0002166487262693087
77,0.9608411713621325,"[1.0075010549721397, 0.9834156858019816, 0.9908415442386638, 0.9988634212412402, 1.0137618074479486, 0.9902206075480638, 1.0219859512101488, 1.0019323182434354, 1.0126246180119234, 1.0002507171598434, 1.0035914904378727, 0.9928801082519138, 0.9785087544894592, 0.970659827036478, 1.003387651017423, 1.0005491814037117, 0.9957895555795799, 0.9994648344375184, 1.0153780974376334, 0.9946811457527314, 1.0052298755046793, 1.0266732133177134, 1.0319317128081547, 1.012946985694504, 0.9999664290738578, 0.9941496509790777, 0.9949634282111633, 0.996589203207062, 0.9860140332457493, 1.0156204612137545]","[0.9935303626312453, 0.987567553895583, 1.0204076945558032, 1.012386292355578, 0.9839644131335876, 0.9967385949264174, 0.9810418862109743, 1.0181086789900617, 1.0086484494645804, 1.0017400459908519, 0.9964433869556287, 0.9801663978877879, 0.9975889274603893, 1.0124558275981206, 0.9804959042278586, 1.0020066113962267, 0.9991721861576346, 0.9915180725816335, 1.0376420822690209, 1.0011919131128877, 0.9787921021160322, 0.991490675106757, 1.0023716588888238, 0.9844275650399379, 1.0125947922332312, 0.9962251352603454, 0.9955814770744502, 0.9949127321538396, 0.9751097853356415, 1.009264321385925]","[-0.0064696373687547215, -0.012432446104416961, 0.020407694555803157, 0.012386292355577977, -0.016035586866412377, -0.003261405073582635, -0.018958113789025677, 0.018108678990061744, 0.008648449464580432, 0.0017400459908518684, -0.0035566130443712707, -0.01983360211221208, -0.0024110725396107036, 0.012455827598120583, -0.019504095772141405, 0.0020066113962267096, -0.0008278138423654102, -0.008481927418366508, 0.03764208226902088, 0.001191913112887688, -0.02120789788396782, -0.008509324893242964, 0.0023716588888238466, -0.01557243496006211, 0.012594792233231233, -0.0037748647396546042, -0.004418522925549784, -0.005087267846160426, -0.02489021466435848, 0.009264321385924923]","[0.0, 0.0, 0.0, 0.1004343181848526, 0.0, 0.0, 0.10505706071853638, 0.0, 0.10505706071853638, 0.05910918861627579, 0.10505706071853638, 0.10505706071853638, 0.0, 0.10505706071853638, 0.0, 0.10505706071853638, 0.0, 0.0, 0.10505706071853638, 0.0, 0.0, 0.0, 0.0, 0.0, 0.0, 0.0, 0.10505706071853638, 0.0, 0.0, 0.0]","[0.0, 0.1, 0.1, 0.1, 0.1, 0.1, 0.1, 0.1, 0.1, 0.0, 0.0, 0.0, 0.0, 0.0, 0.0, 0.0, 0.0, 0.0, 0.0, 0.0, 0.0, 0.0, 0.0, 0.0, 0.0, 0.0, 0.0, 0.0, 0.1, 0.1]","[0.0, 0.11827739707178052, 0.08367551875107952, 0.09776218894707364, 0.10345910637512232, 0.11449368121599793, 0.09744440074526879, 0.08564421901569744, 0.10332503162873244, 0.0, 0.0, 0.00696406953598723, 0.0, 0.0, 0.0, 0.0, 0.0030193254639697712, 0.0, 0.0, 0.0, 0.0, 0.0014798320334308218, 0.0, 0.0, 0.005717241312534043, 0.0, 0.0, 0.0, 0.0882596878343741, 0.09047830006895144]","[0.0, 0.0, 0.0, 0.1004343181848526, 0.0, 0.0, 0.10505706071853638, 0.0, 0.10505706071853638, 0.05910918861627579, 0.10505706071853638, 0.10505706071853638, 0.0, 0.10505706071853638, 0.0, 0.10505706071853638, 0.0, 0.0, 0.10505706071853638, 0.0, 0.0, 0.0, 0.0, 0.0, 0.0, 0.0, 0.10505706071853638, 0.0, 0.0, 0.0]",0.0023907887109547656
78,0.9528800644755595,"[0.9935303626312453, 0.987567553895583, 1.0204076945558032, 1.012386292355578, 0.9839644131335876, 0.9967385949264174, 0.9810418862109743, 1.0181086789900617, 1.0086484494645804, 1.0017400459908519, 0.9964433869556287, 0.9801663978877879, 0.9975889274603893, 1.0124558275981206, 0.9804959042278586, 1.0020066113962267, 0.9991721861576346, 0.9915180725816335, 1.0376420822690209, 1.0011919131128877, 0.9787921021160322, 0.991490675106757, 1.0023716588888238, 0.9844275650399379, 1.0125947922332312, 0.9962251352603454, 0.9955814770744502, 0.9949127321538396, 0.9751097853356415, 1.009264321385925]","[0.9865883183678728, 1.015339357845249, 1.016161826388778, 0.9975180444483371, 0.9993930764518706, 1.0034017498767072, 0.9942528314433443, 0.9945427766116499, 0.9802779561395681, 1.0123962198104044, 1.009799082113598, 0.9839508765827629, 0.9968699442386632, 0.9954561813984915, 0.9968424419012571, 0.9973717622315141, 0.9977657134973391, 0.9996375393260405, 0.9868088267836396, 1.0090510950755307, 0.9710509852455431, 0.9779708007781694, 0.9821456794898414, 1.0013837259648668, 0.9771058006664258, 1.0144219605750386, 1.0054994220941087, 0.990267782821327, 0.9925075850259049, 0.9975236517109827]","[-0.013411681632127248, 0.01533935784524898, 0.016161826388777945, -0.002481955551662862, -0.0006069235481294122, 0.0034017498767071608, -0.005747168556655691, -0.005457223388350085, -0.01972204386043186, 0.012396219810404396, 0.009799082113598034, -0.016049123417237077, -0.0031300557613368474, -0.0045438186015085424, -0.003157558098742852, -0.0026282377684858638, -0.002234286502660887, -0.0003624606739595082, -0.01319117321636043, 0.009051095075530702, -0.02894901475445688, -0.022029199221830553, -0.01785432051015856, 0.0013837259648667999, -0.022894199333574172, 0.01442196057503864, 0.005499422094108697, -0.009732217178673008, -0.007492414974095141, -0.002476348289017327]","[0.09999999403953552, 0.0, 0.0, 0.09999999403953552, 0.0, 0.09999999403953552, 0.09999999403953552, 0.0, 0.0, 0.0, 0.0, 0.09999999403953552, 0.0, 0.09999999403953552, 0.0, 0.0, 0.0, 0.0, 0.09999999403953552, 0.09999999403953552, 0.0, 0.09999999403953552, 0.09999999403953552, 0.0, 0.0, 0.0, 0.0, 0.0, 0.0, 0.0]","[0.0, 0.1, 0.1, 0.1, 0.1, 0.1, 0.1, 0.1, 0.1, 0.0, 0.0, 0.0, 0.0, 0.0, 0.0, 0.0, 0.0, 0.0, 0.0, 0.0, 0.0, 0.0, 0.0, 0.0, 0.0, 0.0, 0.0, 0.0, 0.1, 0.1]","[0.0, 0.09463086199686221, 0.08029511569313154, 0.10055304364685222, 0.09209039333402369, 0.10100094263299128, 0.08753691744121753, 0.08173890274599915, 0.09732771972679849, 0.009238488913879225, 0.016139482700898277, 0.0, 0.0017475390905591836, 0.003181380630449738, 0.0, 0.0128944892264239, 5.237892658013503e-05, 0.0, 0.0039922971021925345, 0.0, 0.009466660860428454, 0.0030755538674037005, 0.0, 0.0, 0.008885615219006951, 0.0, 0.0009872780789025187, 0.009078719600278678, 0.08822015245484974, 0.0978660661102709]","[0.10000000149011612, 0.0, 0.0, 0.10000000149011612, 0.0, 0.10000000149011612, 0.10000000149011612, 0.0, 0.0, 0.0, 0.0, 0.10000000149011612, 0.0, 0.10000000149011612, 0.0, 0.0, 0.0, 0.0, 0.10000000149011612, 0.10000000149011612, 0.0, 0.10000000149011612, 0.10000000149011612, 0.0, 0.0, 0.0, 0.0, 0.0, 0.0, 0.0]",-0.008782448868855475
79,0.9515673427969782,"[0.9865883183678728, 1.015339357845249, 1.016161826388778, 0.9975180444483371, 0.9993930764518706, 1.0034017498767072, 0.9942528314433443, 0.9945427766116499, 0.9802779561395681, 1.0123962198104044, 1.009799082113598, 0.9839508765827629, 0.9968699442386632, 0.9954561813984915, 0.9968424419012571, 0.9973717622315141, 0.9977657134973391, 0.9996375393260405, 0.9868088267836396, 1.0090510950755307, 0.9710509852455431, 0.9779708007781694, 0.9821456794898414, 1.0013837259648668, 0.9771058006664258, 1.0144219605750386, 1.0054994220941087, 0.990267782821327, 0.9925075850259049, 0.9975236517109827]","[1.008794084923559, 0.9942039683845799, 1.0125171443828676, 0.991571450094721, 1.0031036133601203, 0.989165413364578, 0.9926275048357827, 1.0100618481446668, 0.9986572933929294, 0.9966869674515626, 0.9870106599045819, 0.986817653450059, 0.9902675241097126, 1.0005356775596947, 0.9822639809790417, 1.0121461282890631, 0.9883232686072616, 0.9946089673596855, 0.992626883487563, 0.975814804438578, 1.020393988613872, 1.0064228843511154, 1.0067361348586084, 0.9901388795939547, 0.9843217513662957, 0.9940711499695878, 0.9976830386705449, 1.010224525316785, 0.9939414885128753, 1.0108261448414888]","[0.008794084923559042, -0.005796031615420083, 0.012517144382867551, -0.00842854990527897, 0.0031036133601203275, -0.010834586635422028, -0.007372495164217341, 0.010061848144666818, -0.0013427066070705873, -0.0033130325484374, -0.012989340095418078, -0.013182346549940993, -0.009732475890287362, 0.0005356775596947472, -0.017736019020958338, 0.01214612828906314, -0.011676731392738393, -0.005391032640314486, -0.007373116512436995, -0.024185195561421957, 0.020393988613871983, 0.006422884351115377, 0.006736134858608356, -0.009861120406045254, -0.01567824863370426, -0.005928850030412214, -0.002316961329455136, 0.010224525316784971, -0.006058511487124663, 0.010826144841488805]","[0.05372614786028862, 0.04326530173420906, 0.12364289164543152, 0.12364289164543152, 0.0, 0.12364289164543152, 0.0, 0.0, 0.0, 0.0, 0.0, 0.0, 0.07261747121810913, 0.12364289164543152, 0.0, 0.0, 0.0, 0.08853376656770706, 0.12364289164543152, 0.0, 0.0, 0.0, 0.0, 0.0, 0.0, 0.0, 0.0, 0.12364289164543152, 0.0, 0.0]","[0.0, 0.1, 0.1, 0.1, 0.1, 0.1, 0.1, 0.1, 0.1, 0.0, 0.0, 0.0, 0.0, 0.0, 0.0, 0.0, 0.0, 0.0, 0.0, 0.0, 0.0, 0.0, 0.0, 0.0, 0.0, 0.0, 0.0, 0.0, 0.1, 0.1]","[0.0, 0.09154696264667542, 0.08746068118254151, 0.08076907437126475, 0.08591367852553827, 0.10392903281947467, 0.07370189899604325, 0.09642149236024103, 0.08787991619126724, 0.0, 0.008479491940136322, 0.013667591223308549, 0.0, 0.0, 0.01410089498977617, 0.004277449545673487, 0.007536728125478152, 0.006659543424130367, 0.0, 0.0, 0.0035249081804105678, 0.0016415720802254587, 0.0, 0.011725599075011358, 0.01775456905563087, 0.002875673149006289, 0.003372739863796215, 0.00010356876027186007, 0.08708413844114586, 0.10957279505295217]","[0.05372614786028862, 0.04326530173420906, 0.12364289164543152, 0.12364289164543152, 0.0, 0.12364289164543152, 0.0, 0.0, 0.0, 0.0, 0.0, 0.0, 0.07261747121810913, 0.12364289164543152, 0.0, 0.0, 0.0, 0.08853376656770706, 0.12364289164543152, 0.0, 0.0, 0.0, 0.0, 0.0, 0.0, 0.0, 0.0, 0.12364289164543152, 0.0, 0.0]",-0.0017772428820606104
80,0.9504265447224703,"[1.008794084923559, 0.9942039683845799, 1.0125171443828676, 0.991571450094721, 1.0031036133601203, 0.989165413364578, 0.9926275048357827, 1.0100618481446668, 0.9986572933929294, 0.9966869674515626, 0.9870106599045819, 0.986817653450059, 0.9902675241097126, 1.0005356775596947, 0.9822639809790417, 1.0121461282890631, 0.9883232686072616, 0.9946089673596855, 0.992626883487563, 0.975814804438578, 1.020393988613872, 1.0064228843511154, 1.0067361348586084, 0.9901388795939547, 0.9843217513662957, 0.9940711499695878, 0.9976830386705449, 1.010224525316785, 0.9939414885128753, 1.0108261448414888]","[1.0047234254779613, 0.9997019750117258, 1.013119155478809, 1.0032091098067837, 0.9886065991956252, 0.98248465597351, 0.9785467039485078, 1.0118077835909614, 1.0065463417876186, 0.9964998011510213, 0.9995216324635873, 1.0049252878217678, 0.9894179973574857, 0.990369924162182, 0.9875218188786462, 0.9906125259192232, 0.9994814600883268, 0.9786697747396658, 1.005969382643599, 1.0084556654784942, 1.009456914817198, 0.9879872168242346, 0.9924796474146224, 1.0186035562256774, 1.004197530396436, 0.9902782214923022, 0.9963477923578585, 1.004905922791992, 0.9894466242197821, 1.004592906765898]","[0.0047234254779613405, -0.00029802498827424806, 0.013119155478809041, 0.003209109806783683, -0.011393400804374787, -0.01751534402649002, -0.021453296051492154, 0.011807783590961352, 0.0065463417876185925, -0.003500198848978675, -0.0004783675364127271, 0.004925287821767821, -0.010582002642514299, -0.009630075837818053, -0.012478181121353793, -0.009387474080776781, -0.0005185399116731659, -0.021330225260334235, 0.0059693826435989195, 0.00845566547849419, 0.009456914817197903, -0.012012783175765374, -0.007520352585377643, 0.018603556225677442, 0.004197530396435889, -0.009721778507697842, -0.0036522076421414695, 0.00490592279199209, -0.010553375780217866, 0.004592906765898075]","[0.0, 0.0, 0.09633547812700272, 0.10483849793672562, 0.0, 0.0, 0.0, 0.10764811187982559, 0.0, 0.110261470079422, 0.0, 0.0, 0.0, 0.0, 0.05677764490246773, 0.0, 0.0, 0.110261470079422, 0.110261470079422, 0.0, 0.0, 0.0, 0.08309292048215866, 0.0, 0.0, 0.0, 0.0, 0.0, 0.110261470079422, 0.110261470079422]","[0.0, 0.1, 0.1, 0.1, 0.1, 0.1, 0.1, 0.1, 0.1, 0.0, 0.0, 0.0, 0.0, 0.0, 0.0, 0.0, 0.0, 0.0, 0.0, 0.0, 0.0, 0.0, 0.0, 0.0, 0.0, 0.0, 0.0, 0.0, 0.1, 0.1]","[0.0, 0.10771300228535277, 0.0975625786321658, 0.09236672840732439, 0.09175056080511348, 0.0902589596500931, 0.08888596302235592, 0.08609106967473835, 0.0850710751792631, 0.0, 0.0, 0.0045243570175723296, 0.0, 0.0, 0.009282011982742304, 0.0009310687954888669, 0.0, 0.003254586718231129, 0.0020724445519410867, 0.01003463477264375, 0.005386101615613435, 0.0, 0.0, 0.009962064072280867, 0.007408617260962685, 0.019357098477080455, 0.004561446303720273, 0.0, 0.09969199459584448, 0.08383363617947143]","[0.0, 0.0, 0.09633549302816391, 0.10483851283788681, 0.0, 0.0, 0.0, 0.10764812678098679, 0.0, 0.11026148498058319, 0.0, 0.0, 0.0, 0.0, 0.056777652353048325, 0.0, 0.0, 0.11026148498058319, 0.11026148498058319, 0.0, 0.0, 0.0, 0.08309292793273926, 0.0, 0.0, 0.0, 0.0, 0.0, 0.11026148498058319, 0.11026148498058319]",-0.0016070871182254252
81,0.9497022676076989,"[1.0047234254779613, 0.9997019750117258, 1.013119155478809, 1.0032091098067837, 0.9886065991956252, 0.98248465597351, 0.9785467039485078, 1.0118077835909614, 1.0065463417876186, 0.9964998011510213, 0.9995216324635873, 1.0049252878217678, 0.9894179973574857, 0.990369924162182, 0.9875218188786462, 0.9906125259192232, 0.9994814600883268, 0.9786697747396658, 1.005969382643599, 1.0084556654784942, 1.009456914817198, 0.9879872168242346, 0.9924796474146224, 1.0186035562256774, 1.004197530396436, 0.9902782214923022, 0.9963477923578585, 1.004905922791992, 0.9894466242197821, 1.004592906765898]","[0.9972765925713597, 0.9979440367077786, 1.01299893843173, 1.0125069856966444, 1.018561158857069, 0.9847720724620616, 1.0031471154241731, 1.0115822410380069, 1.012514411545841, 0.997853352272118, 0.9952920090274759, 0.987163375697153, 0.9903260336580677, 1.0066379597897734, 1.0193732465624536, 1.01484666240567, 0.9754698420542479, 1.0093896312822823, 0.9885595121963272, 1.0268517562141424, 1.0167942830115864, 0.9787715343583578, 1.0040441463532093, 1.0095227672747473, 1.0030342871628282, 0.9842802499955892, 0.9749543238819819, 0.9854783372325729, 1.0035883206337686, 1.0024479120183523]","[-0.002723407428640301, -0.002055963292221352, 0.012998938431729945, 0.012506985696644435, 0.018561158857069104, -0.015227927537938446, 0.003147115424173119, 0.011582241038006869, 0.012514411545841098, -0.0021466477278819784, -0.0047079909725240565, -0.012836624302847044, -0.009673966341932294, 0.00663795978977344, 0.01937324656245365, 0.014846662405670008, -0.024530157945752085, 0.009389631282282318, -0.011440487803672794, 0.026851756214142375, 0.016794283011586364, -0.021228465641642158, 0.004044146353209266, 0.009522767274747324, 0.0030342871628281642, -0.015719750004410837, -0.025045676118018112, -0.014521662767427057, 0.0035883206337685714, 0.0024479120183522607]","[0.0, 0.0, 0.2225312888622284, 0.0, 0.0, 0.0, 0.0, 0.2225312888622284, 0.0, 0.014748932793736458, 0.0, 0.0, 0.0, 0.0, 0.0, 0.0, 0.013672900386154652, 0.0, 0.0, 0.0, 0.0, 0.2225312888622284, 0.0, 0.0, 0.0, 0.10376711189746857, 0.0, 0.0, 0.0, 0.2002170830965042]","[0.0, 0.1, 0.1, 0.1, 0.1, 0.1, 0.1, 0.1, 0.1, 0.0, 0.0, 0.0, 0.0, 0.0, 0.0, 0.0, 0.0, 0.0, 0.0, 0.0, 0.0, 0.0, 0.0, 0.0, 0.0, 0.0, 0.0, 0.0, 0.1, 0.1]","[0.0039401567389888165, 0.0912665918403595, 0.07431607313643009, 0.09737791669526905, 0.0806724542108094, 0.10587138231961138, 0.09735829873069311, 0.09910363207236556, 0.08922481899026295, 0.0, 0.0, 0.007414531275131941, 0.0, 0.001967818664999979, 0.006422388129059271, 0.0, 0.0, 0.0, 0.018172494775682568, 0.008555429059904793, 0.006014549783720081, 0.011085299150005582, 0.014153153177878446, 0.008158933991234634, 0.0, 0.011669120487481718, 0.0, 0.0, 0.08696049738338184, 0.0802944593867295]","[0.0, 0.0, 0.22253131866455078, 0.0, 0.0, 0.0, 0.0, 0.22253131866455078, 0.0, 0.014748934656381607, 0.0, 0.0, 0.0, 0.0, 0.0, 0.0, 0.013672902248799801, 0.0, 0.0, 0.0, 0.0, 0.22253131866455078, 0.0, 0.0, 0.0, 0.10376712679862976, 0.0, 0.0, 0.0, 0.2002171128988266]",-0.001356669620339568
82,0.949197854082633,"[0.9972765925713597, 0.9979440367077786, 1.01299893843173, 1.0125069856966444, 1.018561158857069, 0.9847720724620616, 1.0031471154241731, 1.0115822410380069, 1.012514411545841, 0.997853352272118, 0.9952920090274759, 0.987163375697153, 0.9903260336580677, 1.0066379597897734, 1.0193732465624536, 1.01484666240567, 0.9754698420542479, 1.0093896312822823, 0.9885595121963272, 1.0268517562141424, 1.0167942830115864, 0.9787715343583578, 1.0040441463532093, 1.0095227672747473, 1.0030342871628282, 0.9842802499955892, 0.9749543238819819, 0.9854783372325729, 1.0035883206337686, 1.0024479120183523]","[0.9896378791812214, 1.0167900854957086, 1.006846394963716, 0.9957966529597214, 0.9916469895062141, 0.9984789583802121, 0.9995058105055652, 0.9974655354472393, 1.005551230763855, 0.9987785381938007, 1.0061827682019915, 0.9878161369156216, 0.9818455599974122, 0.9969951993080145, 0.9727799902822856, 1.0027861565820726, 0.9988455344850733, 1.0313854196338819, 0.9972055400286711, 0.9854843311941791, 1.014494485636744, 0.9919947798263586, 0.9987453723963354, 1.0065171779231818, 1.016549592509883, 1.0090561681202235, 1.0027561029237213, 1.01837907394229, 1.0115614660086698, 0.9845960708162844]","[-0.01036212081877863, 0.016790085495708595, 0.006846394963716085, -0.004203347040278582, -0.008353010493785895, -0.001521041619787944, -0.0004941894944348046, -0.00253446455276074, 0.005551230763854997, -0.0012214618061993088, 0.006182768201991484, -0.012183863084378355, -0.018154440002587813, -0.0030048006919854986, -0.027220009717714433, 0.0027861565820725964, -0.0011544655149267058, 0.03138541963388186, -0.0027944599713288776, -0.014515668805820892, 0.014494485636743937, -0.008005220173641359, -0.001254627603664571, 0.006517177923181849, 0.016549592509883082, 0.009056168120223473, 0.002756102923721304, 0.018379073942289992, 0.011561466008669807, -0.015403929183715581]","[0.13668832182884216, 0.0, 0.0, 0.0, 0.0, 0.05203205347061157, 0.0, 0.0, 0.10403624176979065, 0.06875816732645035, 0.0, 0.11728937178850174, 0.0, 0.0, 0.0, 0.0, 0.0, 0.13668832182884216, 0.06563466042280197, 0.12937431037425995, 0.05281025916337967, 0.13668832182884216, 0.0, 0.0, 0.0, 0.0, 0.0, 0.0, 0.0, 0.0]","[0.0, 0.1, 0.1, 0.1, 0.1, 0.1, 0.1, 0.1, 0.1, 0.0, 0.0, 0.0, 0.0, 0.0, 0.0, 0.0, 0.0, 0.0, 0.0, 0.0, 0.0, 0.0, 0.0, 0.0, 0.0, 0.0, 0.0, 0.0, 0.1, 0.1]","[0.002112016670591521, 0.10232799535983497, 0.09010040964650846, 0.10526846832539362, 0.09115101001118103, 0.08650444198605198, 0.09724253976486931, 0.09836825999389912, 0.0825143045061117, 0.01371994262956866, 0.0, 0.0, 0.011372705073312697, 0.010947761452458403, 0.0, 0.0, 0.003667783698775962, 0.007213434302005284, 0.0037868729984709346, 0.007724061131023413, 0.006319068060531211, 0.0, 0.0, 0.0002254075852390023, 0.009757735669748384, 0.0, 0.0, 0.006385998261119837, 0.08424690392707342, 0.07904287894623116]","[0.13668832182884216, 0.0, 0.0, 0.0, 0.0, 0.05203205347061157, 0.0, 0.0, 0.10403624176979065, 0.06875816732645035, 0.0, 0.11728937178850174, 0.0, 0.0, 0.0, 0.0, 0.0, 0.13668832182884216, 0.06563466042280197, 0.12937431037425995, 0.05281025916337967, 0.13668832182884216, 0.0, 0.0, 0.0, 0.0, 0.0, 0.0, 0.0, 0.0]",-0.0009503506971391593
83,0.9474980593049278,"[0.9896378791812214, 1.0167900854957086, 1.006846394963716, 0.9957966529597214, 0.9916469895062141, 0.9984789583802121, 0.9995058105055652, 0.9974655354472393, 1.005551230763855, 0.9987785381938007, 1.0061827682019915, 0.9878161369156216, 0.9818455599974122, 0.9969951993080145, 0.9727799902822856, 1.0027861565820726, 0.9988455344850733, 1.0313854196338819, 0.9972055400286711, 0.9854843311941791, 1.014494485636744, 0.9919947798263586, 0.9987453723963354, 1.0065171779231818, 1.016549592509883, 1.0090561681202235, 1.0027561029237213, 1.01837907394229, 1.0115614660086698, 0.9845960708162844]","[1.0095201557501172, 1.014167279076237, 0.987313024626133, 0.990544274109949, 0.9960791735618761, 0.99317839190941, 1.026986213559747, 0.9999450924027345, 0.9955948733898817, 1.0043541749633529, 1.0033796664346362, 1.0147166739119076, 1.0018008492351744, 0.9958260614919175, 1.0235121984963855, 0.9772819554976558, 0.9972009003645299, 0.9904810613042471, 0.9914822535370096, 1.0035793334666903, 1.0019809438234706, 0.991737191692195, 0.9975467656841155, 0.9992084250632824, 1.0041385547921378, 0.9997029373976603, 1.011756115146884, 0.9846142314663064, 0.9751264151276003, 0.9962728050052202]","[0.00952015575011722, 0.01416727907623705, -0.012686975373866982, -0.009455725890050948, -0.003920826438123859, -0.006821608090589959, 0.026986213559746952, -5.4907597265452246e-05, -0.004405126610118271, 0.004354174963352886, 0.003379666434636164, 0.014716673911907563, 0.0018008492351744287, -0.004173938508082453, 0.023512198496385528, -0.02271804450234416, -0.0027990996354700926, -0.009518938695752932, -0.008517746462990416, 0.00357933346669026, 0.0019809438234705823, -0.008262808307805014, -0.0024532343158845116, -0.000791574936717554, 0.004138554792137761, -0.00029706260233974824, 0.011756115146883905, -0.015385768533693556, -0.024873584872399657, -0.0037271949947798033]","[0.11133702844381332, 0.0, 0.0, 0.11133702844381332, 0.0, 0.03986601158976555, 0.0, 0.0, 0.0, 0.0804443284869194, 0.11133702844381332, 0.0, 0.0, 0.10365067422389984, 0.0, 0.0, 0.0, 0.11133702844381332, 0.0, 0.0, 0.11133702844381332, 0.10801684111356735, 0.0, 0.11133702844381332, 0.0, 0.0, 0.0, 0.0, 0.0, 0.0]","[0.0, 0.1, 0.1, 0.1, 0.1, 0.1, 0.1, 0.1, 0.1, 0.0, 0.0, 0.0, 0.0, 0.0, 0.0, 0.0, 0.0, 0.0, 0.0, 0.0, 0.0, 0.0, 0.0, 0.0, 0.0, 0.0, 0.0, 0.0, 0.1, 0.1]","[0.007958219747069164, 0.08896906662256633, 0.08283195421737129, 0.08350430563797974, 0.07755706946631578, 0.09475472831731618, 0.09643607567615478, 0.10201995707724178, 0.1039436708892267, 0.0022075741990463466, 0.0, 0.005234598990776248, 0.0, 0.004500294277850888, 0.0, 0.014982246099940925, 0.0027606367489787474, 0.0053538060550048835, 0.011454492559806531, 0.0, 0.002943348214074405, 0.0, 0.0, 0.008141707337056322, 0.0, 0.001708940370779224, 0.0, 0.0, 0.10455110460985514, 0.09818620288558876]","[0.11133702844381332, 0.0, 0.0, 0.11133702844381332, 0.0, 0.03986601158976555, 0.0, 0.0, 0.0, 0.0804443284869194, 0.11133702844381332, 0.0, 0.0, 0.10365067422389984, 0.0, 0.0, 0.0, 0.11133702844381332, 0.0, 0.0, 0.11133702844381332, 0.10801684111356735, 0.0, 0.11133702844381332, 0.0, 0.0, 0.0, 0.0, 0.0, 0.0]",-0.0022067098712405834
84,0.9329334449947786,"[1.0095201557501172, 1.014167279076237, 0.987313024626133, 0.990544274109949, 0.9960791735618761, 0.99317839190941, 1.026986213559747, 0.9999450924027345, 0.9955948733898817, 1.0043541749633529, 1.0033796664346362, 1.0147166739119076, 1.0018008492351744, 0.9958260614919175, 1.0235121984963855, 0.9772819554976558, 0.9972009003645299, 0.9904810613042471, 0.9914822535370096, 1.0035793334666903, 1.0019809438234706, 0.991737191692195, 0.9975467656841155, 0.9992084250632824, 1.0041385547921378, 0.9997029373976603, 1.011756115146884, 0.9846142314663064, 0.9751264151276003, 0.9962728050052202]","[0.9996527164025508, 1.006872301863153, 1.0052660762649013, 1.0000702111658262, 0.9909978218210509, 1.0102497194386868, 1.012962131702955, 0.9982971301043143, 0.9805602803167294, 1.00119331267763, 1.0177745505977964, 0.991094271255917, 0.9811035786340088, 1.0087816414247353, 1.002616350984109, 1.0099057222629104, 1.0085788958242754, 1.0073351500790844, 0.9997229438588654, 0.9800352527973694, 0.978633694752182, 0.9994367118247507, 0.9962974245365749, 1.0063759259971312, 1.0014941517820406, 0.9775708980373781, 0.9965227373853683, 1.004717818113606, 1.0060978375833842, 1.0016993148205229]","[-0.00034728359744917725, 0.006872301863152908, 0.005266076264901276, 7.021116582617282e-05, -0.009002178178949105, 0.0102497194386868, 0.012962131702954904, -0.001702869895685688, -0.01943971968327063, 0.0011933126776300096, 0.017774550597796424, -0.008905728744083019, -0.018896421365991234, 0.008781641424735254, 0.0026163509841090615, 0.009905722262910421, 0.008578895824275401, 0.007335150079084363, -0.00027705614113460175, -0.01996474720263064, -0.021366305247818018, -0.0005632881752493102, -0.0037025754634251173, 0.0063759259971312154, 0.001494151782040598, -0.022429101962621933, -0.00347726261463166, 0.004717818113606054, 0.006097837583384225, 0.0016993148205228792]","[0.0, 0.0, 0.0, 0.0, 0.0, 0.0, 0.0, 0.0, 0.15890486538410187, 0.0, 0.0, 0.0, 0.15890486538410187, 0.0, 0.08481490612030029, 0.03781978413462639, 0.0, 0.0, 0.0, 0.15146350860595703, 0.15890486538410187, 0.0205856766551733, 0.0, 0.0, 0.0, 0.15890486538410187, 0.0, 0.0, 0.0, 0.06969660520553589]","[0.0, 0.1, 0.1, 0.1, 0.1, 0.1, 0.1, 0.1, 0.1, 0.0, 0.0, 0.0, 0.0, 0.0, 0.0, 0.0, 0.0, 0.0, 0.0, 0.0, 0.0, 0.0, 0.0, 0.0, 0.0, 0.0, 0.0, 0.0, 0.1, 0.1]","[0.0, 0.08463634969598499, 0.09736298858016412, 0.08931698442837185, 0.09971946076156368, 0.09145149112601159, 0.09133520876406204, 0.09182185206504888, 0.08288028032293297, 0.012228963270875005, 0.0, 0.0020413649004119546, 0.012764714749059875, 0.0, 0.0026500778309152726, 0.0, 0.0021551697523974588, 0.0, 0.0, 0.003930887354216312, 0.009621814257210846, 0.0070057438625045374, 0.0017650309371028596, 0.0, 0.0019513806936176967, 0.0, 0.018322610834625996, 0.006016023693435087, 0.09719649113613663, 0.0938251109833503]","[0.0, 0.0, 0.0, 0.0, 0.0, 0.0, 0.0, 0.0, 0.15890488028526306, 0.0, 0.0, 0.0, 0.15890488028526306, 0.0, 0.08481491357088089, 0.03781978785991669, 0.0, 0.0, 0.0, 0.15146352350711823, 0.15890488028526306, 0.02058567851781845, 0.0, 0.0, 0.0, 0.15890488028526306, 0.0, 0.0, 0.0, 0.06969661265611649]",-0.01590254073628781
85,0.9330778684726739,"[0.9996527164025508, 1.006872301863153, 1.0052660762649013, 1.0000702111658262, 0.9909978218210509, 1.0102497194386868, 1.012962131702955, 0.9982971301043143, 0.9805602803167294, 1.00119331267763, 1.0177745505977964, 0.991094271255917, 0.9811035786340088, 1.0087816414247353, 1.002616350984109, 1.0099057222629104, 1.0085788958242754, 1.0073351500790844, 0.9997229438588654, 0.9800352527973694, 0.978633694752182, 0.9994367118247507, 0.9962974245365749, 1.0063759259971312, 1.0014941517820406, 0.9775708980373781, 0.9965227373853683, 1.004717818113606, 1.0060978375833842, 1.0016993148205229]","[0.9870255598043944, 0.9895222835486747, 1.0063690644270518, 0.9927109303137214, 0.9907514181969885, 1.0112795605643972, 1.0105550042516886, 1.015109931559943, 1.008107999248074, 1.028318725320211, 1.0142288599586122, 0.9886592203918544, 0.9882462551858793, 1.0063144140090798, 0.991045710613713, 0.9894975654236955, 0.9826525925937751, 0.9924835534588088, 0.9877146994265581, 0.9954155861266599, 0.9951927137331373, 1.0070936540114426, 0.9994851209770572, 1.007417436926518, 0.9949776392216124, 1.0104330053890809, 0.9897029972288239, 0.989901213759026, 0.997464445234659, 1.0039706068185714]","[-0.012974440195605563, -0.010477716451325336, 0.006369064427051763, -0.007289069686278626, -0.009248581803011469, 0.011279560564397162, 0.010555004251688649, 0.015109931559943002, 0.008107999248073927, 0.02831872532021107, 0.014228859958612228, -0.011340779608145612, -0.011753744814120726, 0.006314414009079838, -0.008954289386286951, -0.010502434576304509, -0.01734740740622487, -0.007516446541191213, -0.012285300573441904, -0.004584413873340076, -0.004807286266862665, 0.007093654011442574, -0.0005148790229427824, 0.007417436926518084, -0.00502236077838758, 0.010433005389080874, -0.010297002771176067, -0.010098786240974045, -0.0025355547653409527, 0.0039706068185714205]","[0.0, 0.0, 0.0, 0.0, 0.10000776499509811, 0.0, 0.0, 0.0, 0.12568816542625427, 0.0, 0.12568816542625427, 0.0, 0.0, 0.11749602854251862, 0.1162816733121872, 0.0, 0.12568816542625427, 0.0, 0.0, 0.0, 0.0, 0.06937527656555176, 0.0, 0.030029762536287308, 0.12568816542625427, 0.06405681371688843, 0.0, 0.0, 0.0, 0.0]","[0.0, 0.1, 0.1, 0.1, 0.1, 0.1, 0.1, 0.1, 0.1, 0.0, 0.0, 0.0, 0.0, 0.0, 0.0, 0.0, 0.0, 0.0, 0.0, 0.0, 0.0, 0.0, 0.0, 0.0, 0.0, 0.0, 0.0, 0.0, 0.1, 0.1]","[0.0, 0.1013841061197614, 0.09312335360518498, 0.0995273253013492, 0.09737237210616029, 0.09244971864360452, 0.08905265118183231, 0.09655131296531037, 0.09920720675692578, 0.0, 0.0063600219380957205, 0.0, 0.0, 0.0, 0.0, 0.0, 0.0, 0.003955612559137471, 0.0, 0.0, 0.0, 0.006051761888468163, 0.0, 0.004923460276675356, 0.007477586564897832, 0.0, 0.0, 0.0, 0.1054086307753879, 0.09715487931720868]","[0.0, 0.0, 0.0, 0.0, 0.10000777244567871, 0.0, 0.0, 0.0, 0.12568818032741547, 0.0, 0.12568818032741547, 0.0, 0.0, 0.11749603599309921, 0.11628168076276779, 0.0, 0.12568818032741547, 0.0, 0.0, 0.0, 0.0, 0.06937528401613235, 0.0, 0.030029764398932457, 0.12568818032741547, 0.06405682116746902, 0.0, 0.0, 0.0, 0.0]",-0.00031447362405527936
86,0.9346040110178114,"[0.9870255598043944, 0.9895222835486747, 1.0063690644270518, 0.9927109303137214, 0.9907514181969885, 1.0112795605643972, 1.0105550042516886, 1.015109931559943, 1.008107999248074, 1.028318725320211, 1.0142288599586122, 0.9886592203918544, 0.9882462551858793, 1.0063144140090798, 0.991045710613713, 0.9894975654236955, 0.9826525925937751, 0.9924835534588088, 0.9877146994265581, 0.9954155861266599, 0.9951927137331373, 1.0070936540114426, 0.9994851209770572, 1.007417436926518, 0.9949776392216124, 1.0104330053890809, 0.9897029972288239, 0.989901213759026, 0.997464445234659, 1.0039706068185714]","[1.0205220722689883, 1.0009968500055795, 1.003326759513397, 1.0005328400569746, 1.012887399049, 1.0196880545131244, 0.9875107754913016, 0.9821837212884627, 0.9835656612321879, 0.990646648090025, 1.0049634483901162, 0.9773414196538391, 0.987821384070867, 0.9972307377065665, 0.9986390350947062, 1.0081498260601325, 1.0150802051390095, 1.0051489533982971, 1.008361723486823, 1.000836212122822, 0.9894124288832182, 0.9976646637701818, 0.9840700114879893, 1.0029762999477356, 1.0016028805784811, 0.9853139363124497, 1.0196982210762642, 0.9928658531011576, 0.9933119324133601, 1.0109728943889464]","[0.02052207226898828, 0.000996850005579475, 0.003326759513397004, 0.0005328400569746261, 0.012887399048999937, 0.019688054513124387, -0.012489224508698382, -0.017816278711537348, -0.016434338767812084, -0.009353351909974994, 0.0049634483901161985, -0.02265858034616086, -0.012178615929133052, -0.00276926229343355, -0.0013609649052938044, 0.008149826060132481, 0.01508020513900954, 0.005148953398297129, 0.008361723486822958, 0.0008362121228220332, -0.010587571116781769, -0.0023353362298181857, -0.015929988512010662, 0.0029762999477356278, 0.001602880578481125, -0.014686063687550321, 0.019698221076264177, -0.007134146898842397, -0.0066880675866398676, 0.010972894388946441]","[0.0, 0.0, 0.0, 0.10054180026054382, 0.0, 0.10054180026054382, 0.10054180026054382, 0.0, 0.0, 0.0, 0.10054180026054382, 0.0, 0.0, 0.0, 0.0, 0.0, 0.0, 0.0, 0.0, 0.0, 0.0, 0.0, 0.10054180026054382, 0.10054180026054382, 0.10054180026054382, 0.10054180026054382, 0.09512380510568619, 0.0, 0.0, 0.10054180026054382]","[0.0, 0.1, 0.1, 0.1, 0.1, 0.1, 0.1, 0.1, 0.1, 0.0, 0.0, 0.0, 0.0, 0.0, 0.0, 0.0, 0.0, 0.0, 0.0, 0.0, 0.0, 0.0, 0.0, 0.0, 0.0, 0.0, 0.0, 0.0, 0.1, 0.1]","[0.0, 0.09595628115663687, 0.08263479768235889, 0.0846641627467741, 0.09956514717543792, 0.08826870443544813, 0.08948544825283988, 0.0924493529556876, 0.08802733908215667, 0.0056894814555974735, 0.0, 0.0010774904183327245, 8.434135256470681e-05, 0.0063775144593133225, 0.0, 0.0, 0.008973733901227344, 0.0, 0.0, 0.011979408811086582, 0.0, 0.003500196218804789, 0.009972279937060497, 0.017028896985797664, 0.010298871962643966, 0.0, 0.0, 0.009830699493854192, 0.09188732477335518, 0.1022485267430216]","[0.0, 0.0, 0.0, 0.10054180026054382, 0.0, 0.10054180026054382, 0.10054180026054382, 0.0, 0.0, 0.0, 0.10054180026054382, 0.0, 0.0, 0.0, 0.0, 0.0, 0.0, 0.0, 0.0, 0.0, 0.0, 0.0, 0.10054180026054382, 0.10054180026054382, 0.10054180026054382, 0.10054180026054382, 0.09512380510568619, 0.0, 0.0, 0.10054180026054382]",0.0012074783013849807
87,0.9400002393436,"[1.0205220722689883, 1.0009968500055795, 1.003326759513397, 1.0005328400569746, 1.012887399049, 1.0196880545131244, 0.9875107754913016, 0.9821837212884627, 0.9835656612321879, 0.990646648090025, 1.0049634483901162, 0.9773414196538391, 0.987821384070867, 0.9972307377065665, 0.9986390350947062, 1.0081498260601325, 1.0150802051390095, 1.0051489533982971, 1.008361723486823, 1.000836212122822, 0.9894124288832182, 0.9976646637701818, 0.9840700114879893, 1.0029762999477356, 1.0016028805784811, 0.9853139363124497, 1.0196982210762642, 0.9928658531011576, 0.9933119324133601, 1.0109728943889464]","[1.0174004214770564, 0.990840153794466, 0.9919299401799568, 0.9874774212486371, 0.9820182442857559, 0.9928944113859116, 0.9912712096487654, 1.0215818598216873, 1.0126971710375254, 1.0126383497248157, 1.042503714888202, 0.9984011945411225, 0.9976225760287393, 1.011001568559327, 0.9953127306823563, 0.9975390843856267, 1.0149478814569592, 0.9870357794983431, 1.0086219490049004, 0.9935125428586513, 0.9816715515981342, 0.9821270039725153, 0.9973888906416722, 0.9955355379363665, 1.0172264267824764, 0.992463363840727, 1.0017354468713222, 0.9928433490847607, 1.0233021662936865, 0.9910853795176893]","[0.01740042147705645, -0.009159846205534006, -0.008070059820043163, -0.012522578751362867, -0.017981755714244096, -0.007105588614088387, -0.008728790351234639, 0.021581859821687255, 0.012697171037525434, 0.0126383497248157, 0.04250371488820193, -0.0015988054588774725, -0.002377423971260728, 0.01100156855932699, -0.0046872693176437386, -0.002460915614373338, 0.014947881456959244, -0.012964220501656909, 0.008621949004900431, -0.006487457141348685, -0.01832844840186576, -0.01787299602748471, -0.0026111093583277567, -0.00446446206363349, 0.017226426782476434, -0.007536636159273025, 0.0017354468713222104, -0.007156650915239315, 0.023302166293686533, -0.008914620482310731]","[0.0, 0.0965682715177536, 0.10639344900846481, 0.0, 0.0, 0.0, 0.0, 0.11430210620164871, 0.12167967110872269, 0.0, 0.10162875801324844, 0.12167967110872269, 0.0, 0.0, 0.0, 0.0, 0.0, 0.0, 0.0, 0.0, 0.09000591933727264, 0.0, 0.12086639553308487, 0.0, 0.0, 0.05224417895078659, 0.0, 0.0, 0.07463153451681137, 0.0]","[0.0, 0.1, 0.1, 0.1, 0.1, 0.1, 0.1, 0.1, 0.1, 0.0, 0.0, 0.0, 0.0, 0.0, 0.0, 0.0, 0.0, 0.0, 0.0, 0.0, 0.0, 0.0, 0.0, 0.0, 0.0, 0.0, 0.0, 0.0, 0.1, 0.1]","[0.011766798723784631, 0.09314003714968615, 0.09024325683039257, 0.08633693842878948, 0.09066895824193714, 0.10485083764920883, 0.093155282285226, 0.09149725907589303, 0.10515185414896124, 0.004759609690634383, 0.00019331425916367244, 0.004680372219677552, 0.0, 0.0, 0.005804864275648046, 0.0, 0.0030417012657973095, 0.014225988038466926, 0.0, 0.0, 0.0, 0.003308371467298898, 0.0029018999719109817, 0.0025311815443616933, 0.00918411045969544, 0.006844312727079189, 0.0, 0.0, 0.09443984952881647, 0.08127320201757027]","[0.0, 0.0965682789683342, 0.10639345645904541, 0.0, 0.0, 0.0, 0.0, 0.11430211365222931, 0.12167967855930328, 0.0, 0.10162876546382904, 0.12167967855930328, 0.0, 0.0, 0.0, 0.0, 0.0, 0.0, 0.0, 0.0, 0.09000592678785324, 0.0, 0.12086640298366547, 0.0, 0.0, 0.05224418267607689, 0.0, 0.0, 0.07463154196739197, 0.0]",0.005366508659092012
88,0.9404421122339918,"[1.0174004214770564, 0.990840153794466, 0.9919299401799568, 0.9874774212486371, 0.9820182442857559, 0.9928944113859116, 0.9912712096487654, 1.0215818598216873, 1.0126971710375254, 1.0126383497248157, 1.042503714888202, 0.9984011945411225, 0.9976225760287393, 1.011001568559327, 0.9953127306823563, 0.9975390843856267, 1.0149478814569592, 0.9870357794983431, 1.0086219490049004, 0.9935125428586513, 0.9816715515981342, 0.9821270039725153, 0.9973888906416722, 0.9955355379363665, 1.0172264267824764, 0.992463363840727, 1.0017354468713222, 0.9928433490847607, 1.0233021662936865, 0.9910853795176893]","[1.0282085285113063, 0.9942914895667573, 0.989155183332794, 1.002465390125148, 1.000744783135667, 1.007118480671297, 0.9907413613131407, 1.0189812139824954, 1.002563328194071, 1.0163278301394736, 1.021212932967523, 1.0216575261131957, 0.995011037848276, 1.0048138173216465, 1.0073041442620385, 0.9955339808104727, 0.9958177978919313, 0.9908569860089959, 1.0052278975110482, 0.9893065429466942, 0.996732263659501, 1.0063398822904732, 1.005363841641793, 0.9980651419124623, 0.9871088831496131, 0.9953952177966227, 1.0015736607904833, 0.9964866752256109, 0.9930086743009556, 0.9804459854287098]","[0.028208528511306286, -0.0057085104332427195, -0.010844816667206048, 0.002465390125147904, 0.0007447831356670598, 0.007118480671296945, -0.009258638686859277, 0.018981213982495415, 0.002563328194070902, 0.016327830139473587, 0.021212932967523024, 0.021657526113195713, -0.004988962151723952, 0.004813817321646541, 0.007304144262038514, -0.0044660191895272705, -0.004182202108068744, -0.009143013991004145, 0.005227897511048241, -0.010693457053305822, -0.003267736340499039, 0.00633988229047322, 0.0053638416417929324, -0.001934858087537683, -0.012891116850386908, -0.0046047822033773445, 0.0015736607904832667, -0.0035133247743891483, -0.006991325699044371, -0.019554014571290246]","[0.09323839843273163, 0.0, 0.0, 0.1160663515329361, 0.0, 0.0, 0.0, 0.0, 0.0, 0.09495179355144501, 0.0, 0.0, 0.0, 0.0, 0.0, 0.0, 0.0, 0.043581753969192505, 0.057120341807603836, 0.0, 0.0, 0.0, 0.06490152329206467, 0.13366656005382538, 0.0, 0.0, 0.0, 0.13366656005382538, 0.12914012372493744, 0.13366656005382538]","[0.0, 0.1, 0.1, 0.1, 0.1, 0.1, 0.1, 0.1, 0.1, 0.0, 0.0, 0.0, 0.0, 0.0, 0.0, 0.0, 0.0, 0.0, 0.0, 0.0, 0.0, 0.0, 0.0, 0.0, 0.0, 0.0, 0.0, 0.0, 0.1, 0.1]","[0.0, 0.0992354192112757, 0.08739004767683524, 0.09508267176390733, 0.08091394686816726, 0.1091584749221199, 0.09280204362725529, 0.08959870582419038, 0.0872045320505599, 0.0002616629893388395, 0.010404173058134033, 0.0, 0.0, 0.00517838923873294, 0.0035977415112939566, 0.005244905582662273, 0.0, 0.0, 0.010568557463190523, 0.0, 0.0004414870069770907, 0.0, 0.0, 0.0, 0.0, 0.00957122352909256, 0.0008502853578408632, 0.0015969544668857402, 0.11376206537554161, 0.09713671247599867]","[0.09323839843273163, 0.0, 0.0, 0.1160663515329361, 0.0, 0.0, 0.0, 0.0, 0.0, 0.09495179355144501, 0.0, 0.0, 0.0, 0.0, 0.0, 0.0, 0.0, 0.043581753969192505, 0.057120341807603836, 0.0, 0.0, 0.0, 0.06490152329206467, 0.13366656005382538, 0.0, 0.0, 0.0, 0.13366656005382538, 0.12914012372493744, 0.13366656005382538]",8.475765686688443e-05
89,0.9448624488158727,"[1.0282085285113063, 0.9942914895667573, 0.989155183332794, 1.002465390125148, 1.000744783135667, 1.007118480671297, 0.9907413613131407, 1.0189812139824954, 1.002563328194071, 1.0163278301394736, 1.021212932967523, 1.0216575261131957, 0.995011037848276, 1.0048138173216465, 1.0073041442620385, 0.9955339808104727, 0.9958177978919313, 0.9908569860089959, 1.0052278975110482, 0.9893065429466942, 0.996732263659501, 1.0063398822904732, 1.005363841641793, 0.9980651419124623, 0.9871088831496131, 0.9953952177966227, 1.0015736607904833, 0.9964866752256109, 0.9930086743009556, 0.9804459854287098]","[0.9955597700339138, 0.9901450630515134, 0.9960734010280079, 0.9949683856951245, 0.9964560358105947, 0.9936119232807957, 1.0093339958995107, 0.9964510853282158, 1.0026071168395403, 1.016663396261011, 0.9896417922344574, 0.9925543514592438, 0.983160314902773, 1.0019674260284686, 0.9835685627291099, 1.0054841255168931, 1.0065027525592936, 0.994998920049909, 1.0181771516865066, 1.0045151436391122, 0.9931260743742252, 0.9834370000586228, 1.014639680032779, 0.9671928507826302, 1.0100772312964832, 1.0162981838596028, 1.0023964518001662, 1.015171430632763, 1.008182262019661, 1.0052891144017435]","[-0.004440229966086173, -0.009854936948486603, -0.003926598971992101, -0.005031614304875531, -0.00354396418940528, -0.006388076719204272, 0.009333995899510672, -0.003548914671784198, 0.002607116839540291, 0.016663396261010988, -0.010358207765542637, -0.0074456485407562445, -0.016839685097226997, 0.001967426028468555, -0.016431437270890137, 0.005484125516893146, 0.0065027525592935564, -0.005001079950091025, 0.018177151686506576, 0.004515143639112207, -0.006873925625774824, -0.01656299994137722, 0.014639680032779046, -0.032807149217369824, 0.010077231296483191, 0.0162981838596028, 0.0023964518001662327, 0.01517143063276305, 0.00818226201966099, 0.005289114401743511]","[0.0, 0.0, 0.0, 0.0, 0.12339846789836884, 0.0, 0.0, 0.0, 0.0, 0.12339846789836884, 0.0, 0.12339846789836884, 0.0, 0.0, 0.0, 0.11530294269323349, 0.0, 0.12041879445314407, 0.0, 0.00685528852045536, 0.0, 0.0, 0.0, 0.0, 0.10550578683614731, 0.044909704476594925, 0.11341363191604614, 0.12339846789836884, 0.0, 0.0]","[0.0, 0.1, 0.1, 0.1, 0.1, 0.1, 0.1, 0.1, 0.1, 0.0, 0.0, 0.0, 0.0, 0.0, 0.0, 0.0, 0.0, 0.0, 0.0, 0.0, 0.0, 0.0, 0.0, 0.0, 0.0, 0.0, 0.0, 0.0, 0.1, 0.1]","[0.009594636057443264, 0.0798678954387582, 0.07136745599012707, 0.08078350075964731, 0.09074359769133625, 0.08971771242880992, 0.10286179168066088, 0.08448016021149889, 0.10473001784149344, 0.0027552785202446983, 0.0035687587044349062, 0.010754922058792988, 0.011866400273677687, 0.0020562664252199254, 0.000997472071045622, 0.00392300586649288, 0.0091333392853226, 0.0, 0.0, 0.006530557974355612, 0.004683990593500518, 0.005069741424695809, 0.0, 0.009751992745972783, 0.0, 0.0, 0.0, 0.022257222857485354, 0.11020386242722273, 0.08230042067176074]","[0.0, 0.0, 0.0, 0.0, 0.12339846789836884, 0.0, 0.0, 0.0, 0.0, 0.12339846789836884, 0.0, 0.12339846789836884, 0.0, 0.0, 0.0, 0.11530294269323349, 0.0, 0.12041879445314407, 0.0, 0.00685528852045536, 0.0, 0.0, 0.0, 0.0, 0.10550578683614731, 0.044909704476594925, 0.11341363191604614, 0.12339846789836884, 0.0, 0.0]",0.004256893398722891
90,0.9387905069591507,"[0.9955597700339138, 0.9901450630515134, 0.9960734010280079, 0.9949683856951245, 0.9964560358105947, 0.9936119232807957, 1.0093339958995107, 0.9964510853282158, 1.0026071168395403, 1.016663396261011, 0.9896417922344574, 0.9925543514592438, 0.983160314902773, 1.0019674260284686, 0.9835685627291099, 1.0054841255168931, 1.0065027525592936, 0.994998920049909, 1.0181771516865066, 1.0045151436391122, 0.9931260743742252, 0.9834370000586228, 1.014639680032779, 0.9671928507826302, 1.0100772312964832, 1.0162981838596028, 1.0023964518001662, 1.015171430632763, 1.008182262019661, 1.0052891144017435]","[1.0034579184072898, 1.0074059869028402, 1.0244941246561476, 0.9963256646093054, 0.9808497772727073, 0.9771978404543448, 1.008895528070792, 1.0085881672272448, 1.007708128507055, 1.0208607570268065, 0.975023264026653, 0.9971802115293271, 0.9974038939353492, 0.9820305819898713, 0.995827058148627, 0.9969544213443382, 0.9794528967628491, 1.0011979758388785, 0.9951532443649729, 1.0099648541562403, 1.0060435675754638, 1.0176255577778868, 1.0061880847078621, 0.9968490622837715, 0.9921922268361352, 0.9939683863072638, 0.9894873122136206, 0.9972043211107613, 1.0043696223553664, 1.008584339141182]","[0.0034579184072898173, 0.0074059869028402225, 0.024494124656147642, -0.0036743353906946163, -0.01915022272729272, -0.02280215954565523, 0.00889552807079208, 0.008588167227244758, 0.007708128507055045, 0.020860757026806453, -0.024976735973347042, -0.0028197884706728793, -0.0025961060646507716, -0.017969418010128746, -0.004172941851372958, -0.003045578655661796, -0.02054710323715092, 0.0011979758388784845, -0.004846755635027122, 0.009964854156240266, 0.00604356757546376, 0.01762555777788677, 0.00618808470786214, -0.0031509377162285412, -0.0078077731638648284, -0.006031613692736193, -0.010512687786379371, -0.0027956788892387063, 0.00436962235536642, 0.008584339141181951]","[0.0, 0.0, 0.0, 0.0, 0.11346406489610672, 0.0, 0.07502314448356628, 0.0, 0.0, 0.0, 0.0, 0.0, 0.11346406489610672, 0.06799555569887161, 0.11346406489610672, 0.0, 0.11346406489610672, 0.0, 0.11346406489610672, 0.06273281574249268, 0.0, 0.0, 0.0, 0.11346406489610672, 0.0, 0.0, 0.0, 0.11346406489610672, 0.0, 0.0]","[0.0, 0.1, 0.1, 0.1, 0.1, 0.1, 0.1, 0.1, 0.1, 0.0, 0.0, 0.0, 0.0, 0.0, 0.0, 0.0, 0.0, 0.0, 0.0, 0.0, 0.0, 0.0, 0.0, 0.0, 0.0, 0.0, 0.0, 0.0, 0.1, 0.1]","[0.0, 0.09854126976680345, 0.08864763183069178, 0.08883698197551905, 0.09939709016127761, 0.10460916546641195, 0.08733925291261907, 0.10331392654228116, 0.11286962821413596, 0.0, 0.011616969906592448, 0.0, 0.0, 0.008727775262563353, 0.0, 0.007113358832501685, 0.0, 0.0, 0.0, 0.011138172300173825, 0.0043090335132008354, 0.0, 0.002494209258789397, 0.0, 0.0, 0.0, 0.008721382216215535, 0.0, 0.07753198430792654, 0.08479216753229624]","[0.0, 0.0, 0.0, 0.0, 0.11346407234668732, 0.0, 0.07502315193414688, 0.0, 0.0, 0.0, 0.0, 0.0, 0.11346407234668732, 0.06799556314945221, 0.11346407234668732, 0.0, 0.11346407234668732, 0.0, 0.11346407234668732, 0.06273282319307327, 0.0, 0.0, 0.0, 0.11346407234668732, 0.0, 0.0, 0.0, 0.11346407234668732, 0.0, 0.0]",-0.00679796346914486
91,0.9366335819514914,"[1.0034579184072898, 1.0074059869028402, 1.0244941246561476, 0.9963256646093054, 0.9808497772727073, 0.9771978404543448, 1.008895528070792, 1.0085881672272448, 1.007708128507055, 1.0208607570268065, 0.975023264026653, 0.9971802115293271, 0.9974038939353492, 0.9820305819898713, 0.995827058148627, 0.9969544213443382, 0.9794528967628491, 1.0011979758388785, 0.9951532443649729, 1.0099648541562403, 1.0060435675754638, 1.0176255577778868, 1.0061880847078621, 0.9968490622837715, 0.9921922268361352, 0.9939683863072638, 0.9894873122136206, 0.9972043211107613, 1.0043696223553664, 1.008584339141182]","[1.02405792340439, 1.005295442205695, 0.9983935223560755, 0.9690735836552249, 1.000533778439752, 0.9966096696789664, 0.9724226722988083, 0.9951069142658185, 0.9725294159653393, 1.006132087264931, 1.0015173243262756, 0.9856909047072744, 0.9898574117410773, 1.0016667275873758, 1.0007600607361296, 1.0102204068547138, 1.0014364897232417, 0.9949854776185052, 0.9700371880121021, 0.9968135016628972, 1.002185550774459, 1.0024001772372089, 0.9889788112610292, 1.0069542353691787, 0.9878574069131603, 0.9987951644832765, 1.0026816421102023, 0.9899015657100166, 1.0066158482869556, 0.996172609148417]","[0.024057923404390058, 0.005295442205695, -0.0016064776439245199, -0.03092641634477511, 0.0005337784397521084, -0.003390330321033641, -0.0275773277011917, -0.004893085734181457, -0.02747058403466074, 0.006132087264931085, 0.0015173243262756042, -0.014309095292725615, -0.010142588258922669, 0.0016667275873758491, 0.000760060736129553, 0.010220406854713815, 0.0014364897232417295, -0.0050145223814948015, -0.029962811987897853, -0.0031864983371028277, 0.002185550774459033, 0.002400177237208867, -0.011021188738970844, 0.006954235369178718, -0.012142593086839737, -0.001204835516723457, 0.002681642110202276, -0.01009843428998336, 0.006615848286955606, -0.0038273908515830124]","[0.0, 0.13295939564704895, 0.07082916051149368, 0.0, 0.13295939564704895, 0.13295939564704895, 0.0, 0.0, 0.0, 0.0, 0.1026969701051712, 0.0, 0.0, 0.06198567524552345, 0.0, 0.0, 0.0, 0.10799802094697952, 0.039253346621990204, 0.0, 0.0, 0.0, 0.0, 0.0, 0.13295939564704895, 0.0, 0.0, 0.0, 0.08539919555187225, 0.0]","[0.0, 0.1, 0.1, 0.1, 0.1, 0.1, 0.1, 0.1, 0.1, 0.0, 0.0, 0.0, 0.0, 0.0, 0.0, 0.0, 0.0, 0.0, 0.0, 0.0, 0.0, 0.0, 0.0, 0.0, 0.0, 0.0, 0.0, 0.0, 0.1, 0.1]","[0.0, 0.10340104771763675, 0.11059698015620682, 0.08487318108221124, 0.10124951208484202, 0.09384849838591684, 0.09504444797537626, 0.08588313429831544, 0.09479279062865315, 0.0, 0.0, 0.0, 0.0009000254268447489, 0.004301499192857095, 0.008629842934795233, 0.009561566191249881, 0.0036988965210544393, 0.007774671676854377, 0.0, 0.004528284869523596, 0.0017903939925779304, 0.0, 0.0, 0.003716394292063932, 0.0, 0.0, 0.0027498650889849225, 0.010021933521662283, 0.0918821548583887, 0.08075487910398443]","[0.0, 0.13295941054821014, 0.07082916796207428, 0.0, 0.13295941054821014, 0.13295941054821014, 0.0, 0.0, 0.0, 0.0, 0.1026969775557518, 0.0, 0.0, 0.06198567897081375, 0.0, 0.0, 0.0, 0.10799802839756012, 0.0392533503472805, 0.0, 0.0, 0.0, 0.0, 0.0, 0.13295941054821014, 0.0, 0.0, 0.0, 0.08539920300245285, 0.0]",-0.002737382857982547
92,0.9392961284678963,"[1.02405792340439, 1.005295442205695, 0.9983935223560755, 0.9690735836552249, 1.000533778439752, 0.9966096696789664, 0.9724226722988083, 0.9951069142658185, 0.9725294159653393, 1.006132087264931, 1.0015173243262756, 0.9856909047072744, 0.9898574117410773, 1.0016667275873758, 1.0007600607361296, 1.0102204068547138, 1.0014364897232417, 0.9949854776185052, 0.9700371880121021, 0.9968135016628972, 1.002185550774459, 1.0024001772372089, 0.9889788112610292, 1.0069542353691787, 0.9878574069131603, 0.9987951644832765, 1.0026816421102023, 0.9899015657100166, 1.0066158482869556, 0.996172609148417]","[1.016750316936281, 0.9757333021139972, 0.9798998481335268, 0.9899553000007458, 0.9912757813094293, 0.9794356275923952, 0.9985459536066472, 0.9877905161460574, 1.0237371567725562, 1.0237838100334224, 0.9850274611310004, 0.9940922683718083, 1.010939019907127, 0.9968883906747696, 1.0086567609321004, 0.9959665774816867, 1.0044901748611494, 0.9990168630745602, 0.9995937200961162, 1.0159059154754881, 1.0240586150359576, 1.0044911496607378, 1.0034090681036636, 0.985541844367663, 0.9925661843729282, 1.0079910280763618, 1.0070800980786963, 0.9998675263030653, 1.0070934618954341, 0.999388350781177]","[0.01675031693628104, -0.024266697886002775, -0.02010015186647318, -0.01004469999925417, -0.008724218690570718, -0.02056437240760478, -0.0014540463933527814, -0.012209483853942604, 0.023737156772556167, 0.023783810033422448, -0.01497253886899963, -0.0059077316281916925, 0.01093901990712709, -0.003111609325230358, 0.008656760932100438, -0.00403342251831329, 0.004490174861149443, -0.0009831369254398314, -0.000406279903883755, 0.01590591547548814, 0.02405861503595763, 0.004491149660737825, 0.003409068103663593, -0.014458155632336989, -0.007433815627071794, 0.007991028076361761, 0.007080098078696251, -0.00013247369693469846, 0.007093461895434139, -0.0006116492188229516]","[0.0, 0.0, 0.0, 0.0, 0.0, 0.0, 0.0, 0.10223142057657242, 0.0, 0.08606567978858948, 0.0, 0.0, 0.0, 0.0, 0.10223142057657242, 0.0, 0.10223142057657242, 0.0, 0.0, 0.0, 0.0, 0.0, 0.0, 0.10223142057657242, 0.0, 0.10223142057657242, 0.10046903043985367, 0.09784532338380814, 0.10223142057657242, 0.10223142057657242]","[0.0, 0.1, 0.1, 0.1, 0.1, 0.1, 0.1, 0.1, 0.1, 0.0, 0.0, 0.0, 0.0, 0.0, 0.0, 0.0, 0.0, 0.0, 0.0, 0.0, 0.0, 0.0, 0.0, 0.0, 0.0, 0.0, 0.0, 0.0, 0.1, 0.1]","[0.01216149107283971, 0.10259995867669877, 0.07591660799828959, 0.09191122448411283, 0.08982595049104133, 0.08016430389576559, 0.08216981777318934, 0.08287908573464824, 0.11003968095619812, 0.003206749582418841, 0.0, 0.00018761802332450709, 0.0, 0.018181417501404618, 0.0, 0.0, 0.008796127053750045, 0.0, 0.0, 0.0, 0.02045906078758911, 0.0, 0.0, 0.0, 0.011970653638179157, 0.01216813853177685, 0.009694080201477103, 0.001187505568448704, 0.0924746470762097, 0.0940058809526379]","[0.0, 0.0, 0.0, 0.0, 0.0, 0.0, 0.0, 0.10223142057657242, 0.0, 0.08606567978858948, 0.0, 0.0, 0.0, 0.0, 0.10223142057657242, 0.0, 0.10223142057657242, 0.0, 0.0, 0.0, 0.0, 0.0, 0.0, 0.10223142057657242, 0.0, 0.10223142057657242, 0.10046903043985367, 0.09784532338380814, 0.10223142057657242, 0.10223142057657242]",0.0024318428566241067
93,0.9381577434247825,"[1.016750316936281, 0.9757333021139972, 0.9798998481335268, 0.9899553000007458, 0.9912757813094293, 0.9794356275923952, 0.9985459536066472, 0.9877905161460574, 1.0237371567725562, 1.0237838100334224, 0.9850274611310004, 0.9940922683718083, 1.010939019907127, 0.9968883906747696, 1.0086567609321004, 0.9959665774816867, 1.0044901748611494, 0.9990168630745602, 0.9995937200961162, 1.0159059154754881, 1.0240586150359576, 1.0044911496607378, 1.0034090681036636, 0.985541844367663, 0.9925661843729282, 1.0079910280763618, 1.0070800980786963, 0.9998675263030653, 1.0070934618954341, 0.999388350781177]","[1.0041414032039289, 0.9956278928257215, 0.9945253177392448, 0.9892760767719478, 1.0112361058882742, 0.9767896934352167, 0.9859710353777735, 1.026310528791692, 0.9984330231176637, 1.0150158144534367, 0.9895180627619049, 0.9910097670173408, 1.002054793614061, 1.0077871519012005, 1.0071920996721526, 1.0004562782390578, 1.0292335776723989, 1.0432502236735866, 0.9890283084169019, 1.0015882844755228, 1.002653503442889, 0.9922071104822899, 1.0001903324578252, 0.9973468633896628, 1.0012780048067922, 0.9969595704925969, 0.996552840151094, 0.9869541467214643, 0.9749484405250813, 0.9884592299408723]","[0.004141403203928862, -0.0043721071742784945, -0.005474682260755204, -0.010723923228052157, 0.011236105888274173, -0.02321030656478329, -0.01402896462222647, 0.026310528791692045, -0.0015669768823363128, 0.015015814453436693, -0.010481937238095096, -0.008990232982659219, 0.0020547936140609124, 0.007787151901200495, 0.007192099672152619, 0.00045627823905780573, 0.02923357767239887, 0.04325022367358655, -0.010971691583098075, 0.0015882844755228387, 0.0026535034428889492, -0.0077928895177100665, 0.00019033245782518193, -0.00265313661033717, 0.0012780048067921879, -0.0030404295074031307, -0.0034471598489059785, -0.01304585327853569, -0.02505155947491866, -0.01154077005912768]","[0.11663959175348282, 0.11663959175348282, 0.0, 0.0, 0.11663959175348282, 0.0, 0.11663959175348282, 0.042011234909296036, 0.0, 0.0, 0.0, 0.0, 0.11663959175348282, 0.11274398863315582, 0.0, 0.0, 0.0, 0.0, 0.0, 0.0, 0.0, 0.0, 0.0, 0.0, 0.11663959175348282, 0.0, 0.0, 0.034263722598552704, 0.11114347726106644, 0.0]","[0.0, 0.1, 0.1, 0.1, 0.1, 0.1, 0.1, 0.1, 0.1, 0.0, 0.0, 0.0, 0.0, 0.0, 0.0, 0.0, 0.0, 0.0, 0.0, 0.0, 0.0, 0.0, 0.0, 0.0, 0.0, 0.0, 0.0, 0.0, 0.1, 0.1]","[0.0, 0.09962725131805088, 0.10374913750260716, 0.09055584784291482, 0.08915859955542663, 0.09963630316127507, 0.08726943252234903, 0.09459575969926383, 0.08364114589825344, 0.0, 0.0, 0.0017102860592661596, 0.0, 0.0, 0.00998098511819849, 0.0018587525447298703, 0.009248865609986305, 0.004541296974959924, 0.002689213284891882, 0.0, 0.0, 0.0, 0.0, 0.012363092124544681, 0.007308184782154596, 0.0, 0.0, 0.0042095269828287644, 0.09248531954753003, 0.10537099947076833]","[0.11663959175348282, 0.11663959175348282, 0.0, 0.0, 0.11663959175348282, 0.0, 0.11663959175348282, 0.042011234909296036, 0.0, 0.0, 0.0, 0.0, 0.11663959175348282, 0.11274398863315582, 0.0, 0.0, 0.0, 0.0, 0.0, 0.0, 0.0, 0.0, 0.0, 0.0, 0.11663959175348282, 0.0, 0.0, 0.034263722598552704, 0.11114347726106644, 0.0]",-0.0016402821285542725
94,0.9396471565557635,"[1.0041414032039289, 0.9956278928257215, 0.9945253177392448, 0.9892760767719478, 1.0112361058882742, 0.9767896934352167, 0.9859710353777735, 1.026310528791692, 0.9984330231176637, 1.0150158144534367, 0.9895180627619049, 0.9910097670173408, 1.002054793614061, 1.0077871519012005, 1.0071920996721526, 1.0004562782390578, 1.0292335776723989, 1.0432502236735866, 0.9890283084169019, 1.0015882844755228, 1.002653503442889, 0.9922071104822899, 1.0001903324578252, 0.9973468633896628, 1.0012780048067922, 0.9969595704925969, 0.996552840151094, 0.9869541467214643, 0.9749484405250813, 0.9884592299408723]","[0.9718341682830042, 0.9916557916413303, 1.0220623377439495, 0.9943619609358632, 1.0058552944503807, 0.9908300518805772, 1.0176896229182835, 1.0035843236818371, 1.0170540470386467, 1.0056863516838115, 1.0013530398530037, 1.002584095544129, 1.0061675900551552, 0.9950386532635866, 1.009279864808121, 0.9999529542123803, 0.9877223657693942, 1.0004458114483705, 1.003921586665875, 0.9967944272590245, 1.003250165305895, 0.9937798549718057, 1.0022303950924214, 0.9847319724150847, 0.9908303650927032, 1.0214747445757417, 1.0113512184381375, 0.986281035554108, 1.030584234748375, 1.0145007345674948]","[-0.028165831716995826, -0.00834420835866967, 0.0220623377439495, -0.005638039064136846, 0.005855294450380688, -0.009169948119422844, 0.017689622918283465, 0.0035843236818371427, 0.017054047038646658, 0.005686351683811486, 0.0013530398530037235, 0.0025840955441289726, 0.006167590055155214, -0.004961346736413352, 0.00927986480812093, -4.704578761971501e-05, -0.012277634230605794, 0.00044581144837052555, 0.003921586665875054, -0.0032055727409755486, 0.0032501653058949476, -0.006220145028194346, 0.0022303950924214, -0.0152680275849153, -0.00916963490729683, 0.021474744575741722, 0.011351218438137467, -0.013718964445892046, 0.030584234748374906, 0.014500734567494789]","[0.12164398282766342, 0.07132906466722488, 0.11630415171384811, 0.0, 0.10628414899110794, 0.0, 0.0, 0.0, 0.09284202754497528, 0.0, 0.0, 0.08896374702453613, 0.0, 0.0, 0.1223081722855568, 0.0, 0.06713563203811646, 0.10015787184238434, 0.0, 0.0, 0.0, 0.0, 0.11303124576807022, 0.0, 0.0, 0.0, 0.0, 0.0, 0.0, 0.0]","[0.0, 0.1, 0.1, 0.1, 0.1, 0.1, 0.1, 0.1, 0.1, 0.0, 0.0, 0.0, 0.0, 0.0, 0.0, 0.0, 0.0, 0.0, 0.0, 0.0, 0.0, 0.0, 0.0, 0.0, 0.0, 0.0, 0.0, 0.0, 0.1, 0.1]","[0.0, 0.1014400971913446, 0.08345022022852366, 0.08916291801231031, 0.09004346461994667, 0.1032944564025012, 0.09091068609312726, 0.10591974645191315, 0.09578140203644436, 0.0033508628814946577, 0.0013755882649180344, 0.0, 0.006541566199885399, 0.0, 0.001899842487118144, 0.0, 0.0, 0.0, 0.0015464521689971806, 0.0, 0.0, 0.0, 0.0072653693664713245, 0.0, 0.0, 0.0, 0.004401615026289801, 0.0, 0.10451361331303544, 0.10910209925567892]","[0.12164398282766342, 0.07132906466722488, 0.11630415171384811, 0.0, 0.10628414899110794, 0.0, 0.0, 0.0, 0.09284202754497528, 0.0, 0.0, 0.08896374702453613, 0.0, 0.0, 0.1223081722855568, 0.0, 0.06713563203811646, 0.10015787184238434, 0.0, 0.0, 0.0, 0.0, 0.11303124576807022, 0.0, 0.0, 0.0, 0.0, 0.0, 0.0, 0.0]",0.0011944872398851978
95,0.9425152255476491,"[0.9718341682830042, 0.9916557916413303, 1.0220623377439495, 0.9943619609358632, 1.0058552944503807, 0.9908300518805772, 1.0176896229182835, 1.0035843236818371, 1.0170540470386467, 1.0056863516838115, 1.0013530398530037, 1.002584095544129, 1.0061675900551552, 0.9950386532635866, 1.009279864808121, 0.9999529542123803, 0.9877223657693942, 1.0004458114483705, 1.003921586665875, 0.9967944272590245, 1.003250165305895, 0.9937798549718057, 1.0022303950924214, 0.9847319724150847, 0.9908303650927032, 1.0214747445757417, 1.0113512184381375, 0.986281035554108, 1.030584234748375, 1.0145007345674948]","[0.9907830563564672, 0.9899063469199836, 1.00341565445531, 1.0146371645332797, 0.9836624108792911, 0.9976350040294568, 0.9908464156453344, 1.0264076133973428, 1.0012872718474857, 0.9948732886663251, 0.9921130899511407, 0.9968430366027723, 0.9960151795718953, 1.005964095564065, 0.9905990239960538, 0.9954354463961792, 1.003021721864607, 1.0320865739750398, 1.00603657507099, 0.9958996106093737, 1.0255803371982615, 0.9871986633581934, 1.0060702523313545, 0.9962482475057014, 1.0024748086214244, 0.9885738845572952, 0.9991643474378121, 1.0072298564338067, 0.9783597806060957, 0.9917734921891257]","[-0.00921694364353276, -0.010093653080016418, 0.003415654455309891, 0.014637164533279678, -0.01633758912070893, -0.0023649959705431822, -0.009153584354665623, 0.026407613397342766, 0.0012872718474856715, -0.005126711333674927, -0.00788691004885933, -0.003156963397227708, -0.003984820428104663, 0.005964095564064964, -0.009400976003946182, -0.004564553603820798, 0.003021721864606919, 0.03208657397503978, 0.006036575070990091, -0.004100389390626291, 0.02558033719826147, -0.012801336641806604, 0.006070252331354498, -0.003751752494298599, 0.0024748086214243514, -0.011426115442704776, -0.0008356525621878719, 0.007229856433806692, -0.02164021939390426, -0.008226507810874306]","[0.0, 0.0, 0.0, 0.09499125182628632, 0.0, 0.0, 0.0, 0.10104783624410629, 0.0, 0.0, 0.0, 0.10619381070137024, 0.0880001112818718, 0.10417645424604416, 0.09108226001262665, 0.0, 0.0, 0.0, 0.10619381070137024, 0.10619381070137024, 0.0, 0.0, 0.09592679888010025, 0.0, 0.0, 0.0, 0.0, 0.0, 0.0, 0.10619381070137024]","[0.0, 0.1, 0.1, 0.1, 0.1, 0.1, 0.1, 0.1, 0.1, 0.0, 0.0, 0.0, 0.0, 0.0, 0.0, 0.0, 0.0, 0.0, 0.0, 0.0, 0.0, 0.0, 0.0, 0.0, 0.0, 0.0, 0.0, 0.0, 0.1, 0.1]","[0.0, 0.08618310744064944, 0.09888878604352788, 0.09529458464358331, 0.09485382041224999, 0.0893355992620352, 0.08243284384992416, 0.11667167914971134, 0.09143305300014774, 0.0015978974390674905, 0.012035151424886953, 0.0, 0.0, 0.0, 0.001125525985636126, 0.00010881006816996565, 0.0008453042936613372, 0.006729067287737119, 0.0, 0.0022951625514579803, 0.0, 0.02018120210685438, 0.0011284201571422564, 0.0, 0.0, 0.004062500147211135, 0.01869717217482953, 0.007974267194691293, 0.07801105039221987, 0.0901149949746054]","[0.0, 0.0, 0.0, 0.09499125182628632, 0.0, 0.0, 0.0, 0.10104783624410629, 0.0, 0.0, 0.0, 0.10619381070137024, 0.0880001112818718, 0.10417645424604416, 0.09108226001262665, 0.0, 0.0, 0.0, 0.10619381070137024, 0.10619381070137024, 0.0, 0.0, 0.09592679888010025, 0.0, 0.0, 0.0, 0.0, 0.0, 0.0, 0.10619381070137024]",0.0026342356776333188
96,0.9415464474904153,"[0.9907830563564672, 0.9899063469199836, 1.00341565445531, 1.0146371645332797, 0.9836624108792911, 0.9976350040294568, 0.9908464156453344, 1.0264076133973428, 1.0012872718474857, 0.9948732886663251, 0.9921130899511407, 0.9968430366027723, 0.9960151795718953, 1.005964095564065, 0.9905990239960538, 0.9954354463961792, 1.003021721864607, 1.0320865739750398, 1.00603657507099, 0.9958996106093737, 1.0255803371982615, 0.9871986633581934, 1.0060702523313545, 0.9962482475057014, 1.0024748086214244, 0.9885738845572952, 0.9991643474378121, 1.0072298564338067, 0.9783597806060957, 0.9917734921891257]","[0.9986967411044545, 1.0119922246983672, 0.9995609649721711, 1.009214807813065, 0.9940853865337604, 0.9934508173271116, 1.0143438473881425, 1.01846741143463, 1.002415966335525, 0.9868015986872152, 1.0138764725506875, 0.9896462506736081, 1.0126627384219307, 0.9954882339610424, 1.022428975814632, 0.9932488792772024, 1.0043427695911122, 0.9764186312653527, 1.0073126966563275, 0.9907678412503371, 0.9894660277827796, 0.9834499133167183, 1.0080276762083022, 0.9854424855484011, 1.0224022513004234, 0.9990874524620219, 1.0023103078543947, 1.0024196130785326, 0.986983115430574, 1.0140824238310124]","[-0.0013032588955455005, 0.011992224698367249, -0.0004390350278289379, 0.00921480781306494, -0.00591461346623956, -0.006549182672888398, 0.014343847388142539, 0.018467411434629932, 0.0024159663355249883, -0.013198401312784824, 0.013876472550687469, -0.010353749326391881, 0.012662738421930664, -0.004511766038957643, 0.0224289758146321, -0.006751120722797599, 0.004342769591112239, -0.023581368734647334, 0.0073126966563275, -0.009232158749662878, -0.010533972217220411, -0.01655008668328173, 0.008027676208302248, -0.014557514451598919, 0.022402251300423393, -0.0009125475379780923, 0.0023103078543946776, 0.0024196130785325565, -0.013016884569425957, 0.014082423831012436]","[0.10000000149011612, 0.0, 0.0, 0.0, 0.0, 0.0, 0.0, 0.0, 0.10000000149011612, 0.0, 0.0, 0.0, 0.0, 0.0, 0.0, 0.10000000149011612, 0.10000000149011612, 0.0, 0.0, 0.10000000149011612, 0.10000000149011612, 0.0, 0.0, 0.0, 0.10000000149011612, 0.10000000149011612, 0.10000000149011612, 0.0, 0.10000000149011612, 0.0]","[0.0, 0.1, 0.1, 0.1, 0.1, 0.1, 0.1, 0.1, 0.1, 0.0, 0.0, 0.0, 0.0, 0.0, 0.0, 0.0, 0.0, 0.0, 0.0, 0.0, 0.0, 0.0, 0.0, 0.0, 0.0, 0.0, 0.0, 0.0, 0.1, 0.1]","[0.0, 0.0806659199533051, 0.08578129350609341, 0.09211668796090326, 0.10423637400413292, 0.09033439458643533, 0.09497474838181708, 0.09019811971400227, 0.07742760067236594, 0.0, 0.012026561147663206, 0.017554735480620986, 0.0008508988757268034, 0.0, 0.0, 1.388807557098408e-05, 0.012101345262510723, 0.028515014594822655, 0.007085656472005076, 0.0, 0.0, 0.006742547015673414, 0.0070909852160022475, 0.0, 0.0, 0.0076818456155974425, 0.009375404070338541, 0.0, 0.09092140145338241, 0.0843045779410301]","[0.09999998658895493, 0.0, 0.0, 0.0, 0.0, 0.0, 0.0, 0.0, 0.09999998658895493, 0.0, 0.0, 0.0, 0.0, 0.0, 0.0, 0.09999998658895493, 0.09999998658895493, 0.0, 0.0, 0.09999998658895493, 0.09999998658895493, 0.0, 0.0, 0.0, 0.09999998658895493, 0.09999998658895493, 0.09999998658895493, 0.0, 0.09999998658895493, 0.0]",-0.0014642258256400264
97,0.9354609533427096,"[0.9986967411044545, 1.0119922246983672, 0.9995609649721711, 1.009214807813065, 0.9940853865337604, 0.9934508173271116, 1.0143438473881425, 1.01846741143463, 1.002415966335525, 0.9868015986872152, 1.0138764725506875, 0.9896462506736081, 1.0126627384219307, 0.9954882339610424, 1.022428975814632, 0.9932488792772024, 1.0043427695911122, 0.9764186312653527, 1.0073126966563275, 0.9907678412503371, 0.9894660277827796, 0.9834499133167183, 1.0080276762083022, 0.9854424855484011, 1.0224022513004234, 0.9990874524620219, 1.0023103078543947, 1.0024196130785326, 0.986983115430574, 1.0140824238310124]","[0.9974077313316133, 1.0064873084650567, 1.0105502161319828, 0.9684971301174845, 1.0101189348450827, 0.9919267537198284, 0.9988690835404518, 1.0014168358768443, 0.9834159694672977, 1.0053182426908198, 1.0219872079555659, 1.0106154979057047, 1.0090845580235759, 0.9982419671487888, 1.0200386591729664, 0.9933324816333166, 1.0285851692346177, 1.001315606011067, 1.0207147718555234, 0.9910038747523535, 1.0036285089229453, 0.9827210945987388, 0.9917754483885091, 1.0040853182983636, 0.9881087057984118, 1.0144218222973913, 0.9959721163021683, 0.9728959006147166, 0.9737058870220421, 0.9909384495826455]","[-0.002592268668386688, 0.00648730846505674, 0.010550216131982815, -0.031502869882515494, 0.01011893484508275, -0.008073246280171587, -0.0011309164595482146, 0.001416835876844269, -0.0165840305327023, 0.005318242690819819, 0.021987207955565857, 0.010615497905704707, 0.009084558023575884, -0.001758032851211233, 0.020038659172966433, -0.006667518366683445, 0.028585169234617736, 0.0013156060110670609, 0.020714771855523395, -0.00899612524764648, 0.003628508922945306, -0.017278905401261202, -0.008224551611490938, 0.0040853182983635605, -0.011891294201588187, 0.014421822297391307, -0.004027883697831691, -0.027104099385283353, -0.026294112977957917, -0.009061550417354458]","[0.0, 0.056676723062992096, 0.0, 0.0, 0.0, 0.0, 0.01830250769853592, 0.02273310348391533, 0.15835073590278625, 0.15835073590278625, 0.0, 0.0, 0.0, 0.0, 0.0, 0.0, 0.0, 0.11085128039121628, 0.0, 0.0, 0.15835073590278625, 0.12284865975379944, 0.0, 0.0, 0.0, 0.03518473356962204, 0.0, 0.0, 0.15835073590278625, 0.0]","[0.0, 0.1, 0.1, 0.1, 0.1, 0.1, 0.1, 0.1, 0.1, 0.0, 0.0, 0.0, 0.0, 0.0, 0.0, 0.0, 0.0, 0.0, 0.0, 0.0, 0.0, 0.0, 0.0, 0.0, 0.0, 0.0, 0.0, 0.0, 0.1, 0.1]","[0.0055086272418207105, 0.1040926506662764, 0.07355527505756834, 0.09363628807483178, 0.10374181810755181, 0.08572420892038424, 0.09708961358029536, 0.08306021597306781, 0.10095087212705135, 0.0, 0.0, 0.0, 0.0, 0.0, 0.0, 0.0, 0.0, 0.0, 0.0, 0.0, 0.00179642511598518, 0.0, 0.0, 0.027003408750417946, 0.0, 0.0, 0.016784047238498377, 0.0, 0.10771422388272944, 0.09934232526352109]","[0.0, 0.056676723062992096, 0.0, 0.0, 0.0, 0.0, 0.01830250769853592, 0.02273310348391533, 0.15835073590278625, 0.15835073590278625, 0.0, 0.0, 0.0, 0.0, 0.0, 0.0, 0.0, 0.11085128039121628, 0.0, 0.0, 0.15835073590278625, 0.12284865975379944, 0.0, 0.0, 0.0, 0.03518473356962204, 0.0, 0.0, 0.15835073590278625, 0.0]",-0.006956368216969371
98,0.9293414827785789,"[0.9974077313316133, 1.0064873084650567, 1.0105502161319828, 0.9684971301174845, 1.0101189348450827, 0.9919267537198284, 0.9988690835404518, 1.0014168358768443, 0.9834159694672977, 1.0053182426908198, 1.0219872079555659, 1.0106154979057047, 1.0090845580235759, 0.9982419671487888, 1.0200386591729664, 0.9933324816333166, 1.0285851692346177, 1.001315606011067, 1.0207147718555234, 0.9910038747523535, 1.0036285089229453, 0.9827210945987388, 0.9917754483885091, 1.0040853182983636, 0.9881087057984118, 1.0144218222973913, 0.9959721163021683, 0.9728959006147166, 0.9737058870220421, 0.9909384495826455]","[1.0220423743642122, 0.9893312544172859, 0.9924637669906382, 0.9798602385729344, 0.998759783882321, 0.9919458892012791, 0.9956694852283194, 0.9980456018255754, 0.9773808471758444, 1.0073245240722832, 0.9912983021576665, 0.9815300289741441, 1.008893317880769, 0.9840146030744548, 1.0009504628750694, 1.0187315344819015, 1.0004983404212673, 0.9881829529815512, 1.0037452208324495, 0.9816202550575622, 1.0068285229748497, 1.0006521891017137, 1.01714964268202, 1.0303088633534052, 1.0068428623513166, 1.0175176727459814, 1.0037477955613097, 0.9993482603255296, 1.0023794961851173, 1.00045272332835]","[0.02204237436421219, -0.010668745582714134, -0.007536233009361792, -0.02013976142706564, -0.0012402161176789939, -0.00805411079872087, -0.00433051477168056, -0.001954398174424554, -0.02261915282415561, 0.007324524072283234, -0.008701697842333544, -0.018469971025855902, 0.00889331788076908, -0.015985396925545237, 0.0009504628750693911, 0.018731534481901457, 0.0004983404212672848, -0.011817047018448767, 0.0037452208324495473, -0.01837974494243777, 0.0068285229748497045, 0.0006521891017137182, 0.017149642682019905, 0.030308863353405213, 0.006842862351316592, 0.017517672745981372, 0.0037477955613096636, -0.0006517396744704085, 0.002379496185117347, 0.00045272332835000206]","[0.0, 0.107997827231884, 0.0, 0.10658080130815506, 0.08854425698518753, 0.0, 0.09499488770961761, 0.0, 0.0971849262714386, 0.0, 0.0, 0.0, 0.0, 0.0, 0.107997827231884, 0.0, 0.0, 0.10691766440868378, 0.09833256900310516, 0.0, 0.0, 0.107997827231884, 0.0, 0.0, 0.0, 0.0, 0.0, 0.0, 0.08345144987106323, 0.0]","[0.0, 0.1, 0.1, 0.1, 0.1, 0.1, 0.1, 0.1, 0.1, 0.0, 0.0, 0.0, 0.0, 0.0, 0.0, 0.0, 0.0, 0.0, 0.0, 0.0, 0.0, 0.0, 0.0, 0.0, 0.0, 0.0, 0.0, 0.0, 0.1, 0.1]","[0.012498261976941828, 0.09050367723223017, 0.10242082771074108, 0.08137281069992418, 0.08914829618097446, 0.09645311701187925, 0.09548082072757792, 0.08607919783543456, 0.0812160783556771, 0.011972130351259514, 0.006115088413902918, 0.0, 0.010550571957274074, 0.0, 0.011681378939878126, 0.0, 0.001867729125320701, 0.0, 0.008340916832837119, 0.0, 0.0, 0.0, 0.0, 0.0011686350411761, 0.0, 0.002776930896311877, 0.020104935745112493, 0.0008487140600875742, 0.09197732229950827, 0.0974225586059508]","[0.0, 0.107997827231884, 0.0, 0.10658080130815506, 0.08854425698518753, 0.0, 0.09499488770961761, 0.0, 0.0971849262714386, 0.0, 0.0, 0.0, 0.0, 0.0, 0.107997827231884, 0.0, 0.0, 0.10691766440868378, 0.09833256900310516, 0.0, 0.0, 0.107997827231884, 0.0, 0.0, 0.0, 0.0, 0.0, 0.0, 0.08345144987106323, 0.0]",-0.0070252228089386325
99,0.9255559297626222,"[1.0220423743642122, 0.9893312544172859, 0.9924637669906382, 0.9798602385729344, 0.998759783882321, 0.9919458892012791, 0.9956694852283194, 0.9980456018255754, 0.9773808471758444, 1.0073245240722832, 0.9912983021576665, 0.9815300289741441, 1.008893317880769, 0.9840146030744548, 1.0009504628750694, 1.0187315344819015, 1.0004983404212673, 0.9881829529815512, 1.0037452208324495, 0.9816202550575622, 1.0068285229748497, 1.0006521891017137, 1.01714964268202, 1.0303088633534052, 1.0068428623513166, 1.0175176727459814, 1.0037477955613097, 0.9993482603255296, 1.0023794961851173, 1.00045272332835]","[1.0240557167033708, 0.9940333161059611, 0.9905671673832174, 1.0172126599971947, 1.0001623486135789, 0.9863522144061551, 0.9971307094362217, 0.9935442470756523, 1.0015304694392162, 0.9916914363703192, 0.9764930965756131, 1.002907741760621, 1.0132007007407309, 0.9858686580835995, 1.0010223674313121, 0.9826383736703261, 1.0195110398658667, 0.9895694796633384, 0.984269210002502, 0.997386967699913, 0.9959754548841042, 1.0038566182129798, 1.0119498281600894, 1.009253133663865, 1.0154356125199624, 0.9521494488677756, 0.9935403810226323, 0.9802086254436295, 0.9795003554191068, 1.0083052987786594]","[0.02405571670337081, -0.005966683894038871, -0.009432832616782627, 0.01721265999719468, 0.00016234861357888875, -0.013647785593844941, -0.0028692905637782706, -0.006455752924347746, 0.0015304694392161977, -0.008308563629680799, -0.023506903424386882, 0.002907741760620919, 0.013200700740730875, -0.01413134191640053, 0.0010223674313121212, -0.017361626329673863, 0.019511039865866664, -0.010430520336661586, -0.015730789997497996, -0.002613032300087026, -0.0040245451158957835, 0.003856618212979779, 0.011949828160089382, 0.009253133663865043, 0.015435612519962394, -0.04785055113222436, -0.006459618977367687, -0.019791374556370478, -0.02049964458089315, 0.008305298778659376]","[0.11121918261051178, 0.0, 0.0, 0.0, 0.0, 0.0, 0.0, 0.10626330226659775, 0.0, 0.0, 0.08190484344959259, 0.0, 0.0, 0.07022347301244736, 0.0, 0.11121918261051178, 0.0, 0.0, 0.11121918261051178, 0.10158012807369232, 0.10129207372665405, 0.11121918261051178, 0.0, 0.0, 0.0, 0.0, 0.0, 0.0, 0.0, 0.09385945647954941]","[0.0, 0.1, 0.1, 0.1, 0.1, 0.1, 0.1, 0.1, 0.1, 0.0, 0.0, 0.0, 0.0, 0.0, 0.0, 0.0, 0.0, 0.0, 0.0, 0.0, 0.0, 0.0, 0.0, 0.0, 0.0, 0.0, 0.0, 0.0, 0.1, 0.1]","[0.00697826708374506, 0.09189999352717906, 0.10901157344706496, 0.09146558428943508, 0.10556991498519917, 0.09134598787894911, 0.08519890143635561, 0.09988526250067098, 0.10087974015237512, 0.0, 0.010410239049883066, 0.0008508095783943331, 0.0, 0.0, 0.01199660081273235, 0.0, 0.010511167892677906, 0.002143928960112005, 0.0, 0.004568344019147665, 0.0004435826993641943, 0.0, 0.0, 0.0, 0.0005599675988898692, 0.005903912390418466, 0.005436064660730013, 0.0, 0.07208387218780421, 0.09285628484887196]","[0.11121919006109238, 0.0, 0.0, 0.0, 0.0, 0.0, 0.0, 0.10626330971717834, 0.0, 0.0, 0.08190485090017319, 0.0, 0.0, 0.07022348046302795, 0.0, 0.11121919006109238, 0.0, 0.0, 0.11121919006109238, 0.10158013552427292, 0.10129208117723465, 0.11121919006109238, 0.0, 0.0, 0.0, 0.0, 0.0, 0.0, 0.0, 0.09385946393013]",-0.004493826196203541
