step,portfolio_value,prev_prices,curr_prices,returns,action,expert_action,sub_expert_action,real_action,reward
1,0.994565229525467,"[1.0271689781482207, 0.9917451299911711, 0.9919781368134981, 1.0071067899668802, 0.993442322257182, 0.9911616587610297, 1.0029623287933496, 1.0166661258995713, 1.0000337488704902, 0.9978745503752813, 0.9837467728833967, 1.0079452822544868, 1.0059884557849184, 0.9952896993770868, 1.01860092036746, 0.980071954868435, 0.9907285472576784, 0.996447712876766, 0.9770339688219462, 1.002900461324749, 0.9847348395493296, 1.0000275222084318, 1.0123573928385894, 1.00436987436917, 0.9965812951337516, 1.0014458464793339, 0.993068901692136, 0.9738170176269421, 0.9768755239521707, 0.9949858290195713]","[0.9885805871559088, 1.0045030562409536, 0.9895074946357978, 1.000124994560588, 0.9834528139176255, 1.0004535543554034, 0.9845631700095, 1.0015883733763036, 1.0047312861806235, 0.9892689848622556, 0.9941768541198404, 0.9985669791206011, 0.9965834363950424, 0.9783518001717536, 1.0194618341283377, 0.9962954290080145, 0.9981965453794999, 1.0167683037754425, 1.0000194359819141, 1.013056928767743, 1.0249700791623804, 0.9969300105547131, 0.9864566766971322, 0.9916681316890814, 0.9771817969784815, 1.0094912309689212, 1.0025233417897719, 0.9893223841888181, 1.008644266600474, 0.9937135029916705]","[-0.011419412844091203, 0.004503056240953596, -0.01049250536420221, 0.00012499456058789882, -0.016547186082374488, 0.00045355435540339606, -0.0154368299905, 0.0015883733763035757, 0.004731286180623462, -0.010731015137744437, -0.005823145880159641, -0.0014330208793988941, -0.0034165636049575676, -0.021648199828246395, 0.019461834128337685, -0.003704570991985512, -0.0018034546205001334, 0.016768303775442472, 1.943598191411766e-05, 0.013056928767742892, 0.024970079162380365, -0.0030699894452869136, -0.013543323302867782, -0.008331868310918589, -0.02281820302151849, 0.009491230968921238, 0.0025233417897718713, -0.010677615811181873, 0.008644266600474015, -0.006286497008329506]","[0.10122380405664444, 0.0, 0.0, 0.0, 0.10122380405664444, 0.0, 0.09548340737819672, 0.10122380405664444, 0.0, 0.09472610801458359, 0.10122380405664444, 0.0, 0.0, 0.0, 0.0, 0.0, 0.0, 0.0, 0.10122380405664444, 0.0, 0.10122380405664444, 0.0, 0.10122380405664444, 0.10122380405664444, 0.0, 0.0, 0.0, 0.0, 0.0, 0.0]","[0.0, 0.1, 0.1, 0.1, 0.1, 0.1, 0.1, 0.1, 0.1, 0.0, 0.0, 0.0, 0.0, 0.0, 0.0, 0.0, 0.0, 0.0, 0.0, 0.0, 0.0, 0.0, 0.0, 0.0, 0.0, 0.0, 0.0, 0.0, 0.1, 0.1]","[0.007774987410754696, 0.087707940260768, 0.08767937286776006, 0.09568096486582628, 0.09588290048616074, 0.09847306705985968, 0.09348954993038841, 0.08888528684493677, 0.08914991374404413, 0.008486550061798603, 7.34108456791275e-05, 0.010996970698072749, 0.005909433347801701, 0.0029230758571388055, 0.009061572220330051, 0.0, 0.005584525010168666, 0.0, 0.0, 0.002642937839745613, 0.0, 0.005389867220202888, 0.0, 0.012360349533161206, 0.004923857022226222, 0.0, 0.0, 0.00784233412129145, 0.0921343286970556, 0.08694680405482855]","[0.10122381150722504, 0.0, 0.0, 0.0, 0.10122381150722504, 0.0, 0.09548341482877731, 0.10122381150722504, 0.0, 0.09472611546516418, 0.10122381150722504, 0.0, 0.0, 0.0, 0.0, 0.0, 0.0, 0.0, 0.10122381150722504, 0.0, 0.10122381150722504, 0.0, 0.10122381150722504, 0.10122381150722504, 0.0, 0.0, 0.0, 0.0, 0.0, 0.0]",-0.005449570093213274
2,0.9979388448286527,"[0.9885805871559088, 1.0045030562409536, 0.9895074946357978, 1.000124994560588, 0.9834528139176255, 1.0004535543554034, 0.9845631700095, 1.0015883733763036, 1.0047312861806235, 0.9892689848622556, 0.9941768541198404, 0.9985669791206011, 0.9965834363950424, 0.9783518001717536, 1.0194618341283377, 0.9962954290080145, 0.9981965453794999, 1.0167683037754425, 1.0000194359819141, 1.013056928767743, 1.0249700791623804, 0.9969300105547131, 0.9864566766971322, 0.9916681316890814, 0.9771817969784815, 1.0094912309689212, 1.0025233417897719, 0.9893223841888181, 1.008644266600474, 0.9937135029916705]","[0.991436644365438, 1.0079323526745643, 1.0185111240196898, 1.01191051885324, 0.9952578095965385, 0.9973143494389081, 1.0193943911895234, 1.022518381539337, 0.9975075388999352, 1.0192951179987355, 1.004004866962687, 0.9882799395041842, 0.9957363135309474, 0.9974893097101171, 1.0079048706908968, 1.0056895627928746, 0.9932509622981501, 0.9934313847751617, 0.9704418641502881, 1.014305422215215, 1.0202249853933285, 1.0042907271191401, 1.0007184142074208, 0.9792213113272431, 1.0002543258762606, 0.9898596148919729, 1.0134062832430253, 1.0072231689753448, 0.9851165791496939, 1.00968852516946]","[-0.008563355634562009, 0.00793235267456427, 0.018511124019689795, 0.011910518853240015, -0.004742190403461466, -0.0026856505610919346, 0.019394391189523352, 0.02251838153933705, -0.0024924611000648467, 0.01929511799873551, 0.0040048669626870925, -0.011720060495815754, -0.004263686469052619, -0.002510690289882933, 0.007904870690896848, 0.005689562792874581, -0.006749037701849869, -0.0065686152248383145, -0.029558135849711897, 0.014305422215215025, 0.02022498539332851, 0.004290727119140136, 0.0007184142074208033, -0.020778688672756895, 0.0002543258762606193, -0.010140385108027061, 0.013406283243025285, 0.007223168975344807, -0.01488342085030614, 0.00968852516946006]","[0.10192136466503143, 0.10192136466503143, 0.10192136466503143, 0.10192136466503143, 0.0, 0.0, 0.0, 0.0, 0.0, 0.0, 0.0, 0.0, 0.0, 0.0827961266040802, 0.10192136466503143, 0.0, 0.0, 0.0, 0.0, 0.0, 0.0, 0.10192136466503143, 0.10192136466503143, 0.10192136466503143, 0.0, 0.0, 0.10183297097682953, 0.0, 0.0, 0.0]","[0.0, 0.1, 0.1, 0.1, 0.1, 0.1, 0.1, 0.1, 0.1, 0.0, 0.0, 0.0, 0.0, 0.0, 0.0, 0.0, 0.0, 0.0, 0.0, 0.0, 0.0, 0.0, 0.0, 0.0, 0.0, 0.0, 0.0, 0.0, 0.1, 0.1]","[0.0, 0.10782126148335507, 0.08378467675382985, 0.0892860288908865, 0.0984675044491079, 0.10843896357766611, 0.08380858595181975, 0.11551701567515747, 0.09091161705208596, 0.0, 0.004942453410123454, 0.0, 0.0, 0.0, 0.011351574847892563, 0.0, 0.0, 0.002897620057384807, 0.0, 0.0, 0.0, 0.0, 0.012609798984219402, 0.0, 0.0007840162519792543, 0.0, 0.014234530850912587, 0.0, 0.09596417214111815, 0.07918017962246118]","[0.10192136466503143, 0.10192136466503143, 0.10192136466503143, 0.10192136466503143, 0.0, 0.0, 0.0, 0.0, 0.0, 0.0, 0.0, 0.0, 0.0, 0.0827961266040802, 0.10192136466503143, 0.0, 0.0, 0.0, 0.0, 0.0, 0.0, 0.10192136466503143, 0.10192136466503143, 0.10192136466503143, 0.0, 0.0, 0.10183297097682953, 0.0, 0.0, 0.0]",0.003386325142851068
3,1.0000529485105574,"[0.991436644365438, 1.0079323526745643, 1.0185111240196898, 1.01191051885324, 0.9952578095965385, 0.9973143494389081, 1.0193943911895234, 1.022518381539337, 0.9975075388999352, 1.0192951179987355, 1.004004866962687, 0.9882799395041842, 0.9957363135309474, 0.9974893097101171, 1.0079048706908968, 1.0056895627928746, 0.9932509622981501, 0.9934313847751617, 0.9704418641502881, 1.014305422215215, 1.0202249853933285, 1.0042907271191401, 1.0007184142074208, 0.9792213113272431, 1.0002543258762606, 0.9898596148919729, 1.0134062832430253, 1.0072231689753448, 0.9851165791496939, 1.00968852516946]","[1.0026800180074176, 1.0031650760173874, 0.9848730120654939, 0.9963348390197667, 1.0040711436823642, 0.9998565458276305, 1.0157653983976196, 1.014336367005994, 1.0019057680061754, 0.9996368131070392, 0.9871655743571984, 1.0079734559608142, 1.0038613625991253, 1.0065303645737707, 1.0365626963729166, 0.9896705891645697, 1.0090706121732222, 1.0108972266158647, 1.0141182375125102, 0.9866079445678345, 0.9751422147679724, 1.000941564328665, 0.9906633018503503, 1.0082586771348117, 0.985314399742782, 1.0139249715889453, 1.001653618537763, 1.0074594965088757, 0.9960181250865379, 1.0000109233266883]","[0.002680018007417573, 0.0031650760173873582, -0.015126987934506064, -0.003665160980233284, 0.0040711436823641645, -0.00014345417236949487, 0.01576539839761959, 0.014336367005993944, 0.001905768006175368, -0.0003631868929607762, -0.012834425642801572, 0.007973455960814224, 0.0038613625991252842, 0.006530364573770653, 0.03656269637291665, -0.010329410835430264, 0.009070612173222248, 0.010897226615864675, 0.014118237512510179, -0.013392055432165484, -0.02485778523202764, 0.00094156432866499, -0.009336698149649658, 0.008258677134811654, -0.01468560025721799, 0.013924971588945345, 0.0016536185377629131, 0.007459496508875674, -0.003981874913462136, 1.0923326688283552e-05]","[0.11023367941379547, 0.0, 0.0, 0.0, 0.0, 0.0, 0.0, 0.11023367941379547, 0.0, 0.0, 0.0, 0.0, 0.0, 0.0, 0.0, 0.11023367941379547, 0.0, 0.11023367941379547, 0.09901230782270432, 0.11023367941379547, 0.0, 0.0, 0.11023367941379547, 0.07176592946052551, 0.0, 0.0, 0.09591113030910492, 0.07190855592489243, 0.0, 0.0]","[0.0, 0.1, 0.1, 0.1, 0.1, 0.1, 0.1, 0.1, 0.1, 0.0, 0.0, 0.0, 0.0, 0.0, 0.0, 0.0, 0.0, 0.0, 0.0, 0.0, 0.0, 0.0, 0.0, 0.0, 0.0, 0.0, 0.0, 0.0, 0.1, 0.1]","[0.0, 0.08311642840906283, 0.1043201131063097, 0.0896992428132641, 0.09572233295649786, 0.08491462548721931, 0.09312156582232288, 0.09466739143635172, 0.08710918837190974, 0.002369323413132228, 0.007543032710002224, 0.0, 0.010044447100353533, 0.0, 0.0, 0.0, 0.0, 0.0, 0.008210260335823704, 0.0, 0.0, 0.015190323659583371, 0.008919071887006982, 0.004148461269656468, 0.0, 0.0, 0.015585943416148506, 0.01208243262786113, 0.08011288105958314, 0.10312293411791044]","[0.11023368686437607, 0.0, 0.0, 0.0, 0.0, 0.0, 0.0, 0.11023368686437607, 0.0, 0.0, 0.0, 0.0, 0.0, 0.0, 0.0, 0.11023368686437607, 0.0, 0.11023368686437607, 0.09901231527328491, 0.11023368686437607, 0.0, 0.0, 0.11023368686437607, 0.07176593691110611, 0.0, 0.0, 0.09591113775968552, 0.07190856337547302, 0.0, 0.0]",0.0020510916115199203
4,0.9992523354347486,"[1.0026800180074176, 1.0031650760173874, 0.9848730120654939, 0.9963348390197667, 1.0040711436823642, 0.9998565458276305, 1.0157653983976196, 1.014336367005994, 1.0019057680061754, 0.9996368131070392, 0.9871655743571984, 1.0079734559608142, 1.0038613625991253, 1.0065303645737707, 1.0365626963729166, 0.9896705891645697, 1.0090706121732222, 1.0108972266158647, 1.0141182375125102, 0.9866079445678345, 0.9751422147679724, 1.000941564328665, 0.9906633018503503, 1.0082586771348117, 0.985314399742782, 1.0139249715889453, 1.001653618537763, 1.0074594965088757, 0.9960181250865379, 1.0000109233266883]","[0.9994120317217486, 1.0018048361797165, 0.9601000744316952, 1.0035675893042617, 0.9854584010915692, 0.9866875412563982, 0.9982775454107182, 0.9903604252073133, 1.011846296282901, 1.0074985737126416, 1.0053367848782115, 1.009709281376705, 1.0141705733751958, 1.012646226420399, 1.0117303340045256, 1.004527171787133, 1.026078425090612, 0.9956706666989287, 1.0091014513468006, 0.9928523537272738, 1.0127811798312023, 0.9921919011125886, 1.0178408741317153, 1.0029343128031516, 1.002647463573522, 0.9968650422893159, 0.99982216076048, 0.9979524336216143, 0.9870473210681602, 0.9799113904756916]","[-0.0005879682782513607, 0.0018048361797164958, -0.039899925568304795, 0.003567589304261709, -0.014541598908430764, -0.013312458743601763, -0.0017224545892817744, -0.009639574792686734, 0.011846296282900903, 0.007498573712641621, 0.005336784878211542, 0.009709281376705015, 0.014170573375195783, 0.012646226420399032, 0.011730334004525611, 0.004527171787132911, 0.02607842509061209, -0.004329333301071325, 0.009101451346800626, -0.007147646272726238, 0.012781179831202305, -0.007808098887411408, 0.017840874131715312, 0.0029343128031515953, 0.0026474635735220797, -0.003134957710684061, -0.00017783923951997238, -0.002047566378385657, -0.012952678931839823, -0.020088609524308354]","[0.11282774806022644, 0.0, 0.0, 0.0, 0.11282774806022644, 0.0, 0.0, 0.0, 0.11282774806022644, 0.0, 0.0, 0.0, 0.0, 0.08009596168994904, 0.0, 0.10580692440271378, 0.0, 0.11282774806022644, 0.0, 0.0, 0.0, 0.11282774806022644, 0.0, 0.0, 0.10506905615329742, 0.0, 0.08187445253133774, 0.0, 0.06301485747098923, 0.0]","[0.0, 0.1, 0.1, 0.1, 0.1, 0.1, 0.1, 0.1, 0.1, 0.0, 0.0, 0.0, 0.0, 0.0, 0.0, 0.0, 0.0, 0.0, 0.0, 0.0, 0.0, 0.0, 0.0, 0.0, 0.0, 0.0, 0.0, 0.0, 0.1, 0.1]","[0.010304345401360568, 0.0921935519465689, 0.08520302224928886, 0.07679711417364905, 0.09743684363385606, 0.08672597045991735, 0.08375232848618216, 0.09813136247761349, 0.09222537516467563, 0.009729368724951299, 0.0019024632667375414, 0.005013621959730008, 0.009688265933705663, 0.0, 0.0, 0.008970869338951191, 0.0, 0.014643358358994942, 0.0, 0.0018851193150862, 0.005429802750135019, 0.0, 0.021543170894572906, 0.002616231217497781, 0.0, 0.011979643086680833, 0.0016681136695072863, 0.0, 0.0907322529104514, 0.09142780457988592]","[0.11282775551080704, 0.0, 0.0, 0.0, 0.11282775551080704, 0.0, 0.0, 0.0, 0.11282775551080704, 0.0, 0.0, 0.0, 0.0, 0.08009596914052963, 0.0, 0.10580693185329437, 0.0, 0.11282775551080704, 0.0, 0.0, 0.0, 0.11282775551080704, 0.0, 0.0, 0.10506906360387802, 0.0, 0.08187445998191833, 0.0, 0.06301486492156982, 0.0]",-0.001007415891572382
5,0.9936032159835521,"[0.9994120317217486, 1.0018048361797165, 0.9601000744316952, 1.0035675893042617, 0.9854584010915692, 0.9866875412563982, 0.9982775454107182, 0.9903604252073133, 1.011846296282901, 1.0074985737126416, 1.0053367848782115, 1.009709281376705, 1.0141705733751958, 1.012646226420399, 1.0117303340045256, 1.004527171787133, 1.026078425090612, 0.9956706666989287, 1.0091014513468006, 0.9928523537272738, 1.0127811798312023, 0.9921919011125886, 1.0178408741317153, 1.0029343128031516, 1.002647463573522, 0.9968650422893159, 0.99982216076048, 0.9979524336216143, 0.9870473210681602, 0.9799113904756916]","[1.0127388165561801, 0.9957040063226715, 0.9965549074705425, 0.9801120984622551, 0.9890235799486403, 0.9989466773088086, 1.0125315331922569, 0.9799764499545316, 1.0166026955493468, 1.0246454519161758, 0.9948804981599443, 0.9835063951087971, 0.9973120132262487, 1.0014516541054608, 1.0102221827703657, 0.9969690177342565, 0.9985405173811814, 0.9965768324178633, 0.977950396112269, 0.99877659117781, 0.9945480863913546, 0.9813451209131219, 1.0180890279523085, 0.9996142648640076, 0.9817801531845936, 0.9982474214307961, 0.990628759079053, 0.9973625252987655, 0.9794557473347222, 1.0068617269670006]","[0.012738816556180144, -0.004295993677328469, -0.003445092529457461, -0.01988790153774489, -0.010976420051359681, -0.001053322691191405, 0.01253153319225686, -0.020023550045468408, 0.01660269554934679, 0.024645451916175842, -0.005119501840055718, -0.016493604891202884, -0.002687986773751261, 0.0014516541054607757, 0.010222182770365684, -0.003030982265743498, -0.001459482618818564, -0.003423167582136677, -0.02204960388773103, -0.0012234088221899642, -0.005451913608645387, -0.01865487908687813, 0.01808902795230849, -0.0003857351359923822, -0.01821984681540645, -0.0017525785692038554, -0.009371240920946988, -0.0026374747012345434, -0.020544252665277818, 0.006861726967000603]","[0.0, 0.0, 0.0, 0.11849276721477509, 0.0, 0.0, 0.0670178085565567, 0.0, 0.0, 0.0, 0.0, 0.0, 0.11849276721477509, 0.0526997447013855, 0.0, 0.10076088458299637, 0.11849276721477509, 0.0, 0.0, 0.0, 0.0931161493062973, 0.09394162148237228, 0.0, 0.11849276721477509, 0.0, 0.0, 0.11849276721477509, 0.0, 0.0, 0.0]","[0.0, 0.1, 0.1, 0.1, 0.1, 0.1, 0.1, 0.1, 0.1, 0.0, 0.0, 0.0, 0.0, 0.0, 0.0, 0.0, 0.0, 0.0, 0.0, 0.0, 0.0, 0.0, 0.0, 0.0, 0.0, 0.0, 0.0, 0.0, 0.1, 0.1]","[0.014155341547996152, 0.09270751992112294, 0.08285812559290191, 0.09756369337830717, 0.09146683115348697, 0.10548866076992529, 0.0938293549489299, 0.08866593954035193, 0.09498409334281613, 0.0, 0.0, 0.0, 0.0, 0.0033766253434582777, 0.010793538007577421, 0.007579050223934194, 0.0, 0.0, 0.0007749853918715681, 4.915188431129734e-05, 0.008552347439358315, 0.004489386435424696, 0.0, 0.0, 0.0, 0.005888270312702788, 0.0, 0.0, 0.10812057740122037, 0.0886565073643027]","[0.0, 0.0, 0.0, 0.11849276721477509, 0.0, 0.0, 0.0670178085565567, 0.0, 0.0, 0.0, 0.0, 0.0, 0.11849276721477509, 0.0526997447013855, 0.0, 0.10076088458299637, 0.11849276721477509, 0.0, 0.0, 0.0, 0.0931161493062973, 0.09394162148237228, 0.0, 0.11849276721477509, 0.0, 0.0, 0.11849276721477509, 0.0, 0.0, 0.0]",-0.005997267733571416
6,1.0010297291562262,"[1.0127388165561801, 0.9957040063226715, 0.9965549074705425, 0.9801120984622551, 0.9890235799486403, 0.9989466773088086, 1.0125315331922569, 0.9799764499545316, 1.0166026955493468, 1.0246454519161758, 0.9948804981599443, 0.9835063951087971, 0.9973120132262487, 1.0014516541054608, 1.0102221827703657, 0.9969690177342565, 0.9985405173811814, 0.9965768324178633, 0.977950396112269, 0.99877659117781, 0.9945480863913546, 0.9813451209131219, 1.0180890279523085, 0.9996142648640076, 0.9817801531845936, 0.9982474214307961, 0.990628759079053, 0.9973625252987655, 0.9794557473347222, 1.0068617269670006]","[0.9987900233415367, 0.9912004236436442, 0.9946953566149942, 1.0016451039011904, 1.016162661370107, 1.006506263018725, 0.9920183744578789, 1.0147404422005435, 1.0129074658612018, 0.9926014983126712, 0.9977723935630218, 1.022356855408262, 0.9842644977521166, 1.0108312100649175, 1.0053524853498894, 1.0019912532246924, 1.0207558531878005, 1.014545989524422, 1.0139933588483998, 1.002557910904662, 1.0051730087291746, 0.9891662240086846, 0.9849704541751619, 1.0047699548301554, 0.9969071222097109, 0.996336999267511, 1.0088749784653586, 1.006023008448621, 0.9972828345725909, 1.0002326549551674]","[-0.001209976658463341, -0.008799576356355754, -0.005304643385005803, 0.0016451039011904367, 0.016162661370106912, 0.006506263018724923, -0.007981625542121118, 0.014740442200543491, 0.012907465861201839, -0.007398501687328807, -0.002227606436978169, 0.022356855408262044, -0.01573550224788345, 0.010831210064917496, 0.005352485349889413, 0.001991253224692402, 0.020755853187800488, 0.014545989524421987, 0.013993358848399806, 0.002557910904662064, 0.0051730087291745885, -0.010833775991315409, -0.015029545824838064, 0.0047699548301554096, -0.003092877790289106, -0.0036630007324890412, 0.008874978465358563, 0.006023008448621026, -0.002717165427409074, 0.00023265495516744394]","[0.0, 0.0, 0.0, 0.0, 0.0, 0.0, 0.10711740702390671, 0.10711740702390671, 0.0, 0.0, 0.0, 0.10711740702390671, 0.0, 0.10711740702390671, 0.0, 0.0934431180357933, 0.07743436098098755, 0.0, 0.10711740702390671, 0.0, 0.0, 0.0, 0.0, 0.10711740702390671, 0.0, 0.10711740702390671, 0.0, 0.0, 0.07930070161819458, 0.0]","[0.0, 0.1, 0.1, 0.1, 0.1, 0.1, 0.1, 0.1, 0.1, 0.0, 0.0, 0.0, 0.0, 0.0, 0.0, 0.0, 0.0, 0.0, 0.0, 0.0, 0.0, 0.0, 0.0, 0.0, 0.0, 0.0, 0.0, 0.0, 0.1, 0.1]","[0.005934271485083057, 0.09133445287473285, 0.09754582929310779, 0.08017844699020023, 0.1057808615670218, 0.09836667514318889, 0.08674250041411281, 0.10589381504898514, 0.10020212554181031, 0.0, 0.005034556116018542, 0.006710639784282358, 0.0, 0.009253376598956312, 0.0056289531496967965, 0.0012338019918013026, 0.0, 0.0, 0.00039436193951176605, 0.00558842239317023, 0.0, 0.012018541305546367, 0.004219951655229694, 0.00015131790125677476, 0.0, 0.0, 0.0, 0.0, 0.07724680132207597, 0.10054029748421107]","[0.0, 0.0, 0.0, 0.0, 0.0, 0.0, 0.10711740702390671, 0.10711740702390671, 0.0, 0.0, 0.0, 0.10711740702390671, 0.0, 0.10711740702390671, 0.0, 0.0934431180357933, 0.07743436098098755, 0.0, 0.10711740702390671, 0.0, 0.0, 0.0, 0.0, 0.10711740702390671, 0.0, 0.10711740702390671, 0.0, 0.0, 0.07930070161819458, 0.0]",0.0068816024806800866
7,1.0001209397705535,"[0.9987900233415367, 0.9912004236436442, 0.9946953566149942, 1.0016451039011904, 1.016162661370107, 1.006506263018725, 0.9920183744578789, 1.0147404422005435, 1.0129074658612018, 0.9926014983126712, 0.9977723935630218, 1.022356855408262, 0.9842644977521166, 1.0108312100649175, 1.0053524853498894, 1.0019912532246924, 1.0207558531878005, 1.014545989524422, 1.0139933588483998, 1.002557910904662, 1.0051730087291746, 0.9891662240086846, 0.9849704541751619, 1.0047699548301554, 0.9969071222097109, 0.996336999267511, 1.0088749784653586, 1.006023008448621, 0.9972828345725909, 1.0002326549551674]","[1.007154555271362, 0.9925595185316366, 0.9873375553061406, 1.0138089662569705, 1.0014779696426943, 1.0006395311988383, 1.0099087408153786, 0.9790581140842142, 1.0123617566215537, 1.0077964782301085, 0.9907173438318383, 0.981514797144519, 1.0117489727450464, 0.9997496137633615, 1.0246149199086143, 1.003535854184528, 0.9899792211692255, 0.9862876200609285, 1.0050178582727363, 1.004095082649124, 0.9748983441977958, 0.9974838565543737, 0.9841606297005678, 1.0025414290832222, 1.0216501653375827, 1.0075978989711478, 0.9965962663272855, 1.0003315059416067, 0.9919707311612558, 1.0041512965044872]","[0.007154555271362106, -0.007440481468363402, -0.012662444693859354, 0.013808966256970479, 0.00147796964269431, 0.0006395311988383057, 0.009908740815378625, -0.02094188591578583, 0.012361756621553699, 0.007796478230108539, -0.009282656168161707, -0.018485202855481053, 0.011748972745046382, -0.00025038623663853343, 0.024614919908614308, 0.0035358541845280644, -0.010020778830774457, -0.013712379939071484, 0.005017858272736264, 0.004095082649123949, -0.025101655802204248, -0.00251614344562634, -0.015839370299432165, 0.002541429083222191, 0.021650165337582683, 0.007597898971147821, -0.003403733672714515, 0.0003315059416066912, -0.008029268838744219, 0.004151296504487201]","[0.10086365789175034, 0.0, 0.0, 0.0, 0.0, 0.10086365789175034, 0.10086365789175034, 0.10086365789175034, 0.0, 0.0, 0.0, 0.0, 0.10086365789175034, 0.0, 0.0, 0.0, 0.10086365789175034, 0.0, 0.0, 0.0, 0.10086365789175034, 0.10086365789175034, 0.0, 0.0, 0.09222710877656937, 0.0, 0.0, 0.10086365789175034, 0.0, 0.0]","[0.0, 0.1, 0.1, 0.1, 0.1, 0.1, 0.1, 0.1, 0.1, 0.0, 0.0, 0.0, 0.0, 0.0, 0.0, 0.0, 0.0, 0.0, 0.0, 0.0, 0.0, 0.0, 0.0, 0.0, 0.0, 0.0, 0.0, 0.0, 0.1, 0.1]","[0.01125231709881684, 0.08580482380690531, 0.085061273346362, 0.09251795617991351, 0.09911093882381929, 0.08808991403343445, 0.10435605642157604, 0.09530982353415254, 0.09418802207047203, 0.0, 0.005487761202644195, 0.004428535333216031, 0.0, 0.004683243696326271, 0.020509925114127726, 0.0, 0.0, 0.0, 0.0, 0.0, 0.0, 0.0030057970629835647, 0.005490290140542675, 0.009434616517859887, 0.004585704979246234, 0.004966668258400937, 0.009994613471464941, 0.0, 0.08451797595296426, 0.08720374295477124]","[0.10086365789175034, 0.0, 0.0, 0.0, 0.0, 0.10086365789175034, 0.10086365789175034, 0.10086365789175034, 0.0, 0.0, 0.0, 0.0, 0.10086365789175034, 0.0, 0.0, 0.0, 0.10086365789175034, 0.0, 0.0, 0.0, 0.10086365789175034, 0.10086365789175034, 0.0, 0.0, 0.09222710877656937, 0.0, 0.0, 0.10086365789175034, 0.0, 0.0]",-0.0012510699512658483
8,0.9984103624669883,"[1.007154555271362, 0.9925595185316366, 0.9873375553061406, 1.0138089662569705, 1.0014779696426943, 1.0006395311988383, 1.0099087408153786, 0.9790581140842142, 1.0123617566215537, 1.0077964782301085, 0.9907173438318383, 0.981514797144519, 1.0117489727450464, 0.9997496137633615, 1.0246149199086143, 1.003535854184528, 0.9899792211692255, 0.9862876200609285, 1.0050178582727363, 1.004095082649124, 0.9748983441977958, 0.9974838565543737, 0.9841606297005678, 1.0025414290832222, 1.0216501653375827, 1.0075978989711478, 0.9965962663272855, 1.0003315059416067, 0.9919707311612558, 1.0041512965044872]","[0.987307139014667, 0.9928602475076861, 1.0074720183682004, 1.014811660809008, 1.0177673604173656, 1.0029044973746373, 1.0121381332845243, 0.9898759250898743, 0.9764467120998893, 0.991547341980465, 1.0209173189415905, 1.0138636827571648, 1.014825190660666, 0.9885613724475469, 0.9931770760229469, 0.9982714460010911, 0.97342219676359, 1.0009215486480592, 1.0280344915436448, 1.0093006106512443, 0.9808052716031422, 1.010810212909742, 0.9941620738701508, 1.0164308924985284, 0.9808967192110405, 0.998279865436816, 1.0064322605196179, 0.9873029570584952, 1.010065911530662, 0.993485517903479]","[-0.012692860985332954, -0.007139752492313911, 0.007472018368200439, 0.014811660809008087, 0.017767360417365596, 0.0029044973746372715, 0.012138133284524288, -0.01012407491012568, -0.023553287900110687, -0.008452658019534987, 0.020917318941590546, 0.013863682757164764, 0.01482519066066601, -0.011438627552453062, -0.006822923977053086, -0.0017285539989089216, -0.026577803236410014, 0.0009215486480591562, 0.02803449154364479, 0.009300610651244323, -0.019194728396857763, 0.010810212909742045, -0.005837926129849236, 0.01643089249852836, -0.01910328078895951, -0.0017201345631839837, 0.006432260519617872, -0.012697042941504755, 0.010065911530662053, -0.006514482096520946]","[0.10988857597112656, 0.0, 0.10988857597112656, 0.0, 0.0, 0.0, 0.10988857597112656, 0.0, 0.10988857597112656, 0.0, 0.0, 0.0, 0.0, 0.0, 0.0, 0.0, 0.0, 0.07892713695764542, 0.09845639765262604, 0.0, 0.0, 0.0, 0.10988857597112656, 0.0, 0.0, 0.08037053048610687, 0.0, 0.10988857597112656, 0.0, 0.08291454613208771]","[0.0, 0.1, 0.1, 0.1, 0.1, 0.1, 0.1, 0.1, 0.1, 0.0, 0.0, 0.0, 0.0, 0.0, 0.0, 0.0, 0.0, 0.0, 0.0, 0.0, 0.0, 0.0, 0.0, 0.0, 0.0, 0.0, 0.0, 0.0, 0.1, 0.1]","[0.0, 0.08318865644818049, 0.08568093160988882, 0.08809954427499248, 0.09712764506718094, 0.09092875693867124, 0.09859942787449635, 0.09874420140224031, 0.09406841179658348, 0.0, 0.0, 0.0, 0.006114479623599589, 0.004539601349068056, 0.0, 0.0, 0.0, 0.0, 0.004380514402348261, 0.007967446497048732, 0.00746390255555508, 0.009758493882803131, 0.005657344565695947, 0.0, 0.017006481258110172, 0.0, 0.0033534545648561277, 0.010340822266715866, 0.10107666814106435, 0.0859032154809004]","[0.10988856106996536, 0.0, 0.10988856106996536, 0.0, 0.0, 0.0, 0.10988856106996536, 0.0, 0.10988856106996536, 0.0, 0.0, 0.0, 0.0, 0.0, 0.0, 0.0, 0.0, 0.07892712950706482, 0.09845638275146484, 0.0, 0.0, 0.0, 0.10988856106996536, 0.0, 0.0, 0.08037052303552628, 0.0, 0.10988856106996536, 0.0, 0.08291453868150711]",-0.0020070440290172434
9,1.0019431831999837,"[0.987307139014667, 0.9928602475076861, 1.0074720183682004, 1.014811660809008, 1.0177673604173656, 1.0029044973746373, 1.0121381332845243, 0.9898759250898743, 0.9764467120998893, 0.991547341980465, 1.0209173189415905, 1.0138636827571648, 1.014825190660666, 0.9885613724475469, 0.9931770760229469, 0.9982714460010911, 0.97342219676359, 1.0009215486480592, 1.0280344915436448, 1.0093006106512443, 0.9808052716031422, 1.010810212909742, 0.9941620738701508, 1.0164308924985284, 0.9808967192110405, 0.998279865436816, 1.0064322605196179, 0.9873029570584952, 1.010065911530662, 0.993485517903479]","[1.0183591196080852, 1.007104194799908, 1.011194664078508, 1.0132618355935925, 1.0161869949310285, 0.9946705237224166, 1.003574136649427, 1.017379305942783, 1.0080793656656817, 1.0090532288786176, 0.9913805413888407, 1.002639158319086, 0.9842985330777789, 1.0073358091241738, 1.0125279532054625, 0.9881460349033702, 0.985478432370296, 1.0092857073893158, 1.0243701821514, 1.0201169770959229, 0.9940799902678377, 0.99230380204842, 0.9944832835725481, 0.9934697243159638, 0.9996624494281459, 0.9874818450854557, 0.9915796627532181, 0.9954884408434234, 0.9942973806449872, 0.9988333699731584]","[0.018359119608085228, 0.007104194799907981, 0.01119466407850811, 0.013261835593592508, 0.016186994931028487, -0.0053294762775834, 0.003574136649427073, 0.01737930594278292, 0.008079365665681681, 0.009053228878617592, -0.008619458611159314, 0.002639158319085899, -0.015701466922221075, 0.007335809124173753, 0.012527953205462516, -0.011853965096629837, -0.014521567629704024, 0.009285707389315778, 0.024370182151399966, 0.02011697709592286, -0.005920009732162335, -0.007696197951580053, -0.005516716427451884, -0.006530275684036191, -0.0003375505718541394, -0.012518154914544333, -0.008420337246781928, -0.004511559156576639, -0.005702619355012817, -0.0011666300268415863]","[0.10460900515317917, 0.0, 0.0, 0.0, 0.0, 0.0, 0.0, 0.10460900515317917, 0.0, 0.0, 0.0, 0.10460900515317917, 0.08040919154882431, 0.0, 0.10460900515317917, 0.0, 0.10460900515317917, 0.0, 0.10460900515317917, 0.0, 0.0, 0.0, 0.10460900515317917, 0.0, 0.0, 0.0, 0.10460900515317917, 0.0, 0.0, 0.08271876722574234]","[0.0, 0.1, 0.1, 0.1, 0.1, 0.1, 0.1, 0.1, 0.1, 0.0, 0.0, 0.0, 0.0, 0.0, 0.0, 0.0, 0.0, 0.0, 0.0, 0.0, 0.0, 0.0, 0.0, 0.0, 0.0, 0.0, 0.0, 0.0, 0.1, 0.1]","[0.008684478281697595, 0.08535186453125579, 0.09049551234490247, 0.08739194186900433, 0.09859117412273943, 0.08554885745002186, 0.09285305275257276, 0.08781316739020247, 0.0848081551728372, 0.007424006918333525, 0.0, 0.008827946646511148, 0.009617088263560877, 0.0, 0.0014961550250136846, 0.008106483894270216, 0.002709991253726762, 0.0, 0.0, 0.00440213535656748, 0.003946823086096102, 0.0, 0.00517983675115204, 0.006946472297091786, 0.0, 0.00840401423508553, 0.0, 0.008644052052334292, 0.0929898439485607, 0.10976694635646188]","[0.10460900515317917, 0.0, 0.0, 0.0, 0.0, 0.0, 0.0, 0.10460900515317917, 0.0, 0.0, 0.0, 0.10460900515317917, 0.08040919154882431, 0.0, 0.10460900515317917, 0.0, 0.10460900515317917, 0.0, 0.10460900515317917, 0.0, 0.0, 0.0, 0.10460900515317917, 0.0, 0.0, 0.0, 0.10460900515317917, 0.0, 0.0, 0.08271876722574234]",0.0031187637010997513
10,1.0079010784773088,"[1.0183591196080852, 1.007104194799908, 1.011194664078508, 1.0132618355935925, 1.0161869949310285, 0.9946705237224166, 1.003574136649427, 1.017379305942783, 1.0080793656656817, 1.0090532288786176, 0.9913805413888407, 1.002639158319086, 0.9842985330777789, 1.0073358091241738, 1.0125279532054625, 0.9881460349033702, 0.985478432370296, 1.0092857073893158, 1.0243701821514, 1.0201169770959229, 0.9940799902678377, 0.99230380204842, 0.9944832835725481, 0.9934697243159638, 0.9996624494281459, 0.9874818450854557, 0.9915796627532181, 0.9954884408434234, 0.9942973806449872, 0.9988333699731584]","[1.013882735647176, 1.007591725723665, 1.0040228043861945, 0.9828095345559159, 1.0220423191387362, 0.9876120159213572, 1.022893621462731, 0.9855891210190171, 1.0038657943756721, 0.9975074485889956, 0.9754254678355442, 0.9948925242541803, 1.001867669898689, 0.9917068449255584, 1.0102446132303364, 0.9842925276857755, 0.9870911127930784, 1.010384164293922, 0.9881209668891386, 1.0038956213733117, 1.009790077617659, 1.0065174867077866, 1.003256850320226, 1.0108991676838626, 0.9875007671276667, 1.0207955724467155, 1.0175720721513983, 0.9886652715745256, 1.0043303120333038, 1.0040712416086022]","[0.013882735647176014, 0.007591725723665066, 0.004022804386194512, -0.01719046544408409, 0.02204231913873622, -0.012387984078642833, 0.022893621462731106, -0.014410878980982922, 0.003865794375672138, -0.002492551411004351, -0.02457453216445582, -0.005107475745819712, 0.0018676698986890283, -0.008293155074441616, 0.01024461323033643, -0.015707472314224535, -0.012908887206921627, 0.010384164293921971, -0.011879033110861359, 0.003895621373311675, 0.009790077617658932, 0.006517486707786624, 0.0032568503202259347, 0.010899167683862565, -0.012499232872333343, 0.020795572446715482, 0.017572072151398332, -0.01133472842547445, 0.004330312033303807, 0.004071241608602172]","[0.10986018925905228, 0.08675064891576767, 0.10986018925905228, 0.0, 0.0718073919415474, 0.0, 0.07242065668106079, 0.10986018925905228, 0.0, 0.0, 0.0, 0.0, 0.0, 0.10986018925905228, 0.0, 0.0, 0.0, 0.10986018925905228, 0.0, 0.0, 0.10986018925905228, 0.0, 0.10986018925905228, 0.0, 0.0, 0.0, 0.0, 0.0, 0.0, 0.0]","[0.0, 0.1, 0.1, 0.1, 0.1, 0.1, 0.1, 0.1, 0.1, 0.0, 0.0, 0.0, 0.0, 0.0, 0.0, 0.0, 0.0, 0.0, 0.0, 0.0, 0.0, 0.0, 0.0, 0.0, 0.0, 0.0, 0.0, 0.0, 0.1, 0.1]","[0.0, 0.08424718111050812, 0.09863012001358239, 0.08845631246858973, 0.09516791893801309, 0.09631182689207615, 0.0839901162772372, 0.08470727246992733, 0.08970283180717652, 0.0, 0.0, 0.0012337060199681129, 0.0, 0.005043706421323015, 0.011207750102200525, 0.015299598364915614, 0.0, 0.012409276568153644, 0.005210101732962411, 0.003355092523496204, 0.01494218303605139, 0.0, 0.0, 0.0, 0.0, 0.006915667464928667, 0.00654388198391896, 0.0, 0.09554072944958528, 0.10108472635538568]","[0.10986018925905228, 0.08675064891576767, 0.10986018925905228, 0.0, 0.0718073919415474, 0.0, 0.07242065668106079, 0.10986018925905228, 0.0, 0.0, 0.0, 0.0, 0.0, 0.10986018925905228, 0.0, 0.0, 0.0, 0.10986018925905228, 0.0, 0.0, 0.10986018925905228, 0.0, 0.10986018925905228, 0.0, 0.0, 0.0, 0.0, 0.0, 0.0, 0.0]",0.005434738953698607
11,1.008194886163675,"[1.013882735647176, 1.007591725723665, 1.0040228043861945, 0.9828095345559159, 1.0220423191387362, 0.9876120159213572, 1.022893621462731, 0.9855891210190171, 1.0038657943756721, 0.9975074485889956, 0.9754254678355442, 0.9948925242541803, 1.001867669898689, 0.9917068449255584, 1.0102446132303364, 0.9842925276857755, 0.9870911127930784, 1.010384164293922, 0.9881209668891386, 1.0038956213733117, 1.009790077617659, 1.0065174867077866, 1.003256850320226, 1.0108991676838626, 0.9875007671276667, 1.0207955724467155, 1.0175720721513983, 0.9886652715745256, 1.0043303120333038, 1.0040712416086022]","[0.9933478504122856, 0.984675308678072, 0.9775019814250534, 0.9902914699835004, 1.022523551039662, 1.0015088543072037, 1.0189326502348253, 0.9825592748350618, 0.9877846771004883, 0.9971985878272787, 0.9893560355338592, 0.9958881992087874, 0.9842387228168828, 1.0251160710775347, 1.009071197269645, 0.9989119255569561, 0.9786097746891201, 1.0133309519596083, 1.0123390583870262, 1.0022989830527242, 0.999092371366061, 0.9939045799552836, 0.9835383637087343, 1.012880636895643, 1.0116478533238347, 0.9907253663357096, 0.9785318512577286, 0.9914667068311227, 1.0080578119556738, 1.0017209330497112]","[-0.006652149587714429, -0.015324691321928041, -0.0224980185749466, -0.009708530016499628, 0.02252355103966197, 0.0015088543072037108, 0.018932650234825266, -0.01744072516493822, -0.01221532289951166, -0.0028014121727213404, -0.010643964466140798, -0.00411180079121265, -0.01576127718311715, 0.025116071077534663, 0.009071197269644893, -0.0010880744430439293, -0.021390225310879862, 0.013330951959608317, 0.012339058387026203, 0.002298983052724246, -0.0009076286339390061, -0.006095420044716415, -0.016461636291265735, 0.012880636895642894, 0.011647853323834667, -0.009274633664290377, -0.02146814874227143, -0.008533293168877298, 0.008057811955673788, 0.0017209330497112152]","[0.0, 0.10435958206653595, 0.0, 0.0, 0.0, 0.0, 0.0, 0.0, 0.08747357875108719, 0.0, 0.0, 0.0, 0.10435958206653595, 0.08414844423532486, 0.10435958206653595, 0.0, 0.0, 0.10435958206653595, 0.0, 0.10435958206653595, 0.0, 0.0, 0.0978609099984169, 0.10435958206653595, 0.0, 0.0, 0.0, 0.0, 0.0, 0.10435958206653595]","[0.0, 0.1, 0.1, 0.1, 0.1, 0.1, 0.1, 0.1, 0.1, 0.0, 0.0, 0.0, 0.0, 0.0, 0.0, 0.0, 0.0, 0.0, 0.0, 0.0, 0.0, 0.0, 0.0, 0.0, 0.0, 0.0, 0.0, 0.0, 0.1, 0.1]","[0.0, 0.08126029822954146, 0.09845173849904663, 0.1027978046891018, 0.08178243107073269, 0.09661570782920859, 0.08594318554443027, 0.09895551792017553, 0.09631718915634205, 0.0, 0.003263888179039203, 0.0, 0.0019577247378966415, 0.015574771474809778, 0.017637234846494907, 0.007013883779812506, 0.006040297150463766, 0.008691616588217484, 0.0014231955358479846, 0.0, 0.014434355605908219, 0.004877794530455675, 0.0, 0.009023562312752174, 0.0, 0.0, 0.0, 0.0, 0.09410862563531805, 0.0738291766844047]","[0.0, 0.10435958206653595, 0.0, 0.0, 0.0, 0.0, 0.0, 0.0, 0.08747357875108719, 0.0, 0.0, 0.0, 0.10435958206653595, 0.08414844423532486, 0.10435958206653595, 0.0, 0.0, 0.10435958206653595, 0.0, 0.10435958206653595, 0.0, 0.0, 0.0978609099984169, 0.10435958206653595, 0.0, 0.0, 0.0, 0.0, 0.0, 0.10435958206653595]",8.905049776323034e-05
12,1.0073769952193827,"[0.9933478504122856, 0.984675308678072, 0.9775019814250534, 0.9902914699835004, 1.022523551039662, 1.0015088543072037, 1.0189326502348253, 0.9825592748350618, 0.9877846771004883, 0.9971985878272787, 0.9893560355338592, 0.9958881992087874, 0.9842387228168828, 1.0251160710775347, 1.009071197269645, 0.9989119255569561, 0.9786097746891201, 1.0133309519596083, 1.0123390583870262, 1.0022989830527242, 0.999092371366061, 0.9939045799552836, 0.9835383637087343, 1.012880636895643, 1.0116478533238347, 0.9907253663357096, 0.9785318512577286, 0.9914667068311227, 1.0080578119556738, 1.0017209330497112]","[0.9940874381264031, 1.0059602683593631, 0.9957889141837122, 1.0122866047271146, 0.997577192991312, 0.9875739646267162, 1.0122615409617965, 1.0220297755042285, 0.9933654426450867, 1.0042266863103164, 1.0049325030048575, 0.9959321203514948, 1.0026042311625352, 1.0039649612007018, 0.9881131268242846, 1.0114873125797526, 1.0245521441087713, 1.001493059557009, 0.9850421388005481, 0.9886429070391598, 1.006769068465718, 1.0181279304976347, 0.984907453651479, 0.9931262350252683, 1.000030467812454, 0.9879611129774776, 0.9988118357342121, 0.9893763116427385, 1.0184844548535044, 0.9984853851313258]","[-0.0059125618735969, 0.005960268359363141, -0.004211085816287818, 0.012286604727114625, -0.0024228070086880216, -0.012426035373283795, 0.012261540961796547, 0.022029775504228466, -0.006634557354913251, 0.004226686310316419, 0.00493250300485748, -0.0040678796485051905, 0.0026042311625351644, 0.003964961200701778, -0.011886873175715351, 0.011487312579752551, 0.024552144108771268, 0.0014930595570090688, -0.01495786119945186, -0.011357092960840198, 0.006769068465718009, 0.018127930497634726, -0.015092546348520974, -0.006873764974731689, 3.0467812454082477e-05, -0.012038887022522426, -0.0011881642657879388, -0.010623688357261463, 0.018484454853504362, -0.0015146148686742134]","[0.0, 0.0, 0.12080354988574982, 0.0, 0.0, 0.0, 0.08200132101774216, 0.0, 0.0, 0.0, 0.13297507166862488, 0.0, 0.0, 0.06107787787914276, 0.0, 0.13297507166862488, 0.0, 0.0, 0.13297507166862488, 0.0, 0.050930093973875046, 0.0, 0.13297507166862488, 0.0, 0.08185151219367981, 0.0, 0.0714353621006012, 0.0, 0.0, 0.0]","[0.0, 0.1, 0.1, 0.1, 0.1, 0.1, 0.1, 0.1, 0.1, 0.0, 0.0, 0.0, 0.0, 0.0, 0.0, 0.0, 0.0, 0.0, 0.0, 0.0, 0.0, 0.0, 0.0, 0.0, 0.0, 0.0, 0.0, 0.0, 0.1, 0.1]","[0.0, 0.09298899573876995, 0.0941385969812075, 0.09610498522160853, 0.10669755344865026, 0.10799129848538219, 0.08482138290708062, 0.08206104659619348, 0.08470629216378542, 0.014341490997961913, 0.0060409863605926034, 0.0, 0.008045795738483342, 0.0016498556180124756, 0.0, 0.008155101680889145, 0.0, 0.0, 0.0, 0.0065964950063478155, 0.009828680093070053, 0.0, 0.0038688085790375614, 0.0, 0.009359695975312955, 0.0, 0.010197941850405288, 0.0, 0.08723043991013964, 0.08517455664706919]","[0.0, 0.0, 0.12080354988574982, 0.0, 0.0, 0.0, 0.08200132101774216, 0.0, 0.0, 0.0, 0.13297507166862488, 0.0, 0.0, 0.06107787787914276, 0.0, 0.13297507166862488, 0.0, 0.0, 0.13297507166862488, 0.0, 0.050930093973875046, 0.0, 0.13297507166862488, 0.0, 0.08185151219367981, 0.0, 0.0714353621006012, 0.0, 0.0, 0.0]",-0.0011596687123730607
13,1.008731893224083,"[0.9940874381264031, 1.0059602683593631, 0.9957889141837122, 1.0122866047271146, 0.997577192991312, 0.9875739646267162, 1.0122615409617965, 1.0220297755042285, 0.9933654426450867, 1.0042266863103164, 1.0049325030048575, 0.9959321203514948, 1.0026042311625352, 1.0039649612007018, 0.9881131268242846, 1.0114873125797526, 1.0245521441087713, 1.001493059557009, 0.9850421388005481, 0.9886429070391598, 1.006769068465718, 1.0181279304976347, 0.984907453651479, 0.9931262350252683, 1.000030467812454, 0.9879611129774776, 0.9988118357342121, 0.9893763116427385, 1.0184844548535044, 0.9984853851313258]","[1.0004211201047193, 1.0012714875452229, 1.0220772693870996, 1.0200565382707365, 0.9861815484829601, 0.9944125067053875, 1.0063157842818173, 1.005304410666972, 1.0037713354598539, 1.0050418485757873, 1.0079795193326901, 1.0144842390733535, 0.9973130474804466, 0.9985448014390312, 0.9965062011901494, 1.015404126874566, 0.9973156850875041, 0.9969290373728811, 0.9739557305785184, 0.9936272450776289, 0.9865734988070245, 1.0013953547130694, 0.9888261384693311, 1.0126899394136384, 1.0240631697413962, 0.978181325969055, 0.9974833646677348, 0.9934563739938237, 0.9935005320398153, 0.9983047643583552]","[0.00042112010471928585, 0.0012714875452228824, 0.02207726938709964, 0.0200565382707365, -0.013818451517039865, -0.0055874932946125, 0.006315784281817338, 0.005304410666971959, 0.003771335459853864, 0.005041848575787267, 0.007979519332690144, 0.0144842390733535, -0.0026869525195534205, -0.0014551985609687623, -0.003493798809850568, 0.015404126874565938, -0.0026843149124958776, -0.0030709626271189228, -0.026044269421481636, -0.006372754922371104, -0.013426501192975504, 0.0013953547130693966, -0.011173861530668905, 0.012689939413638385, 0.024063169741396218, -0.02181867403094495, -0.0025166353322652046, -0.006543626006176306, -0.006499467960184746, -0.0016952356416447545]","[0.10000000149011612, 0.10000000149011612, 0.10000000149011612, 0.0, 0.0, 0.0, 0.0, 0.0, 0.0, 0.10000000149011612, 0.0, 0.0, 0.0, 0.10000000149011612, 0.0, 0.0, 0.0, 0.0, 0.0, 0.10000000149011612, 0.0, 0.10000000149011612, 0.10000000149011612, 0.0, 0.10000000149011612, 0.10000000149011612, 0.0, 0.0, 0.0, 0.0]","[0.0, 0.1, 0.1, 0.1, 0.1, 0.1, 0.1, 0.1, 0.1, 0.0, 0.0, 0.0, 0.0, 0.0, 0.0, 0.0, 0.0, 0.0, 0.0, 0.0, 0.0, 0.0, 0.0, 0.0, 0.0, 0.0, 0.0, 0.0, 0.1, 0.1]","[0.0, 0.08617556328993861, 0.07683192108973728, 0.10617785940414608, 0.09982027529798028, 0.09358182736735067, 0.09143342173658785, 0.09453520350984865, 0.09189528754301632, 0.0024889706489326898, 0.003074147357920237, 0.0, 0.0039771727167775585, 0.009036756414390612, 0.0, 0.006780007756792666, 0.009482661411313773, 0.0019981564672006194, 0.0, 0.0, 0.007574580964826976, 0.0, 0.009263950595504809, 0.00917600720538985, 0.01584587768372516, 0.0, 0.007432817208597098, 0.0003152352781067211, 0.09314936554695971, 0.07995293350495579]","[0.10000000149011612, 0.10000000149011612, 0.10000000149011612, 0.0, 0.0, 0.0, 0.0, 0.0, 0.0, 0.10000000149011612, 0.0, 0.0, 0.0, 0.10000000149011612, 0.0, 0.0, 0.0, 0.0, 0.0, 0.10000000149011612, 0.0, 0.10000000149011612, 0.10000000149011612, 0.0, 0.10000000149011612, 0.10000000149011612, 0.0, 0.0, 0.0, 0.0]",0.00098601055698374
14,1.0125317059441623,"[1.0004211201047193, 1.0012714875452229, 1.0220772693870996, 1.0200565382707365, 0.9861815484829601, 0.9944125067053875, 1.0063157842818173, 1.005304410666972, 1.0037713354598539, 1.0050418485757873, 1.0079795193326901, 1.0144842390733535, 0.9973130474804466, 0.9985448014390312, 0.9965062011901494, 1.015404126874566, 0.9973156850875041, 0.9969290373728811, 0.9739557305785184, 0.9936272450776289, 0.9865734988070245, 1.0013953547130694, 0.9888261384693311, 1.0126899394136384, 1.0240631697413962, 0.978181325969055, 0.9974833646677348, 0.9934563739938237, 0.9935005320398153, 0.9983047643583552]","[1.0080857009634943, 1.0079707908105588, 0.9883950820937225, 1.0201852056278167, 0.9867028016009536, 1.0224359591942451, 0.9937420781896098, 0.9942903567003167, 0.9738923620086419, 0.989180691562299, 0.990905332970165, 1.0050505737692468, 0.9937781130870779, 0.970101640968173, 1.0026505715893517, 1.0250670281030934, 0.9954822575228142, 0.9909097322388722, 0.9927608625468178, 1.0132397871675811, 1.0028298438123835, 0.9977517459690738, 1.0005628853436692, 1.015253955055284, 1.0105638310142309, 1.0175454473225314, 1.0026814185387103, 0.998014226890141, 1.0021752253524796, 0.9950783822232036]","[0.008085700963494258, 0.007970790810558848, -0.01160491790627749, 0.02018520562781667, -0.013297198399046417, 0.022435959194245125, -0.006257921810390199, -0.005709643299683265, -0.026107637991358068, -0.010819308437700959, -0.009094667029834969, 0.00505057376924678, -0.006221886912922137, -0.029898359031827026, 0.002650571589351669, 0.02506702810309336, -0.004517742477185838, -0.009090267761127757, -0.007239137453182165, 0.013239787167581119, 0.0028298438123834924, -0.002248254030926211, 0.0005628853436692172, 0.01525395505528393, 0.010563831014230862, 0.017545447322531382, 0.0026814185387102896, -0.0019857731098590348, 0.002175225352479604, -0.00492161777679645]","[0.0, 0.0, 0.0, 0.10000000894069672, 0.10000000894069672, 0.10000000894069672, 0.0, 0.10000000894069672, 0.0, 0.10000000894069672, 0.0, 0.0, 0.10000000894069672, 0.0, 0.0, 0.10000000894069672, 0.0, 0.0, 0.10000000894069672, 0.0, 0.0, 0.0, 0.0, 0.10000000894069672, 0.0, 0.0, 0.0, 0.10000000894069672, 0.0, 0.0]","[0.0, 0.1, 0.1, 0.1, 0.1, 0.1, 0.1, 0.1, 0.1, 0.0, 0.0, 0.0, 0.0, 0.0, 0.0, 0.0, 0.0, 0.0, 0.0, 0.0, 0.0, 0.0, 0.0, 0.0, 0.0, 0.0, 0.0, 0.0, 0.1, 0.1]","[0.0, 0.09708497332004422, 0.10181194869288984, 0.06654647585005322, 0.09696711886898413, 0.10390018458207419, 0.09698677751719895, 0.08420242794052313, 0.10150212934601024, 0.0, 0.008042154404494175, 0.0, 0.0, 0.007669166426569654, 0.0, 0.0, 0.0, 0.011337160450796474, 0.004193421033391876, 0.0, 0.001942362000144521, 0.021782409081462742, 0.010470891015585964, 0.0, 0.0, 0.011894803395484177, 0.0, 0.005928529815689762, 0.0816753110383368, 0.08606175522026605]","[0.0, 0.0, 0.0, 0.10000000894069672, 0.10000000894069672, 0.10000000894069672, 0.0, 0.10000000894069672, 0.0, 0.10000000894069672, 0.0, 0.0, 0.10000000894069672, 0.0, 0.0, 0.10000000894069672, 0.0, 0.0, 0.10000000894069672, 0.0, 0.0, 0.0, 0.0, 0.10000000894069672, 0.0, 0.0, 0.0, 0.10000000894069672, 0.0, 0.0]",0.0033931043284407634
15,1.0198146303101974,"[1.0080857009634943, 1.0079707908105588, 0.9883950820937225, 1.0201852056278167, 0.9867028016009536, 1.0224359591942451, 0.9937420781896098, 0.9942903567003167, 0.9738923620086419, 0.989180691562299, 0.990905332970165, 1.0050505737692468, 0.9937781130870779, 0.970101640968173, 1.0026505715893517, 1.0250670281030934, 0.9954822575228142, 0.9909097322388722, 0.9927608625468178, 1.0132397871675811, 1.0028298438123835, 0.9977517459690738, 1.0005628853436692, 1.015253955055284, 1.0105638310142309, 1.0175454473225314, 1.0026814185387103, 0.998014226890141, 1.0021752253524796, 0.9950783822232036]","[0.9949593581695928, 1.0276209573223256, 0.9910944203230563, 1.0081260402431975, 0.9919105791771881, 0.9923960492045364, 1.0120519787836832, 1.0037245343120604, 0.9943699057226671, 0.9865222617786354, 1.0081040770593375, 1.0115420701547653, 1.0108648512006624, 0.9892793601213178, 1.0261005760125625, 1.0156285924159059, 1.009900291085159, 1.0320625682272486, 0.9960934301567118, 1.0040079602833247, 0.9716554954457732, 0.9891972532549362, 1.0186249357192696, 1.009073990375409, 1.0065085658403365, 1.006562040446692, 1.0083427536838372, 1.0025760465197249, 0.9692892283458708, 1.0038446005402817]","[-0.0050406418304072, 0.027620957322325612, -0.00890557967694372, 0.008126040243197519, -0.008089420822811944, -0.00760395079546361, 0.012051978783683248, 0.0037245343120604346, -0.005630094277332853, -0.013477738221364555, 0.008104077059337467, 0.011542070154765272, 0.010864851200662384, -0.010720639878682214, 0.02610057601256255, 0.015628592415905862, 0.009900291085159107, 0.03206256822724862, -0.003906569843288188, 0.00400796028332473, -0.028344504554226768, -0.010802746745063763, 0.018624935719269597, 0.009073990375408902, 0.006508565840336544, 0.006562040446691952, 0.00834275368383719, 0.0025760465197248728, -0.030710771654129165, 0.003844600540281684]","[0.0, 0.0, 0.0, 0.10840725898742676, 0.10840725898742676, 0.10840725898742676, 0.10653407871723175, 0.10840725898742676, 0.0, 0.0, 0.0, 0.10660475492477417, 0.10840725898742676, 0.0, 0.0, 0.0, 0.0, 0.10840725898742676, 0.0, 0.0, 0.0, 0.0, 0.0, 0.0, 0.0, 0.0, 0.0, 0.06552965939044952, 0.0, 0.07088791579008102]","[0.0, 0.1, 0.1, 0.1, 0.1, 0.1, 0.1, 0.1, 0.1, 0.0, 0.0, 0.0, 0.0, 0.0, 0.0, 0.0, 0.0, 0.0, 0.0, 0.0, 0.0, 0.0, 0.0, 0.0, 0.0, 0.0, 0.0, 0.0, 0.1, 0.1]","[0.0, 0.08474746661282302, 0.07913781380965458, 0.08788607428006186, 0.08608909997195802, 0.0950220417049977, 0.09702540306648055, 0.09763557760765512, 0.09547176830057891, 0.0, 0.0, 0.015855421647069476, 0.002815088622332559, 0.004782559824431726, 0.017513951891239086, 0.01688499798838482, 0.0, 0.00853286590518111, 0.0015664312179752217, 0.0034238006413552327, 0.0, 0.0, 0.0027822204229933653, 0.007713738759590707, 0.008144898904067775, 0.006646169531985259, 0.0012714941507328628, 0.0, 0.09806304042293293, 0.08098807471551822]","[0.0, 0.0, 0.0, 0.10840726643800735, 0.10840726643800735, 0.10840726643800735, 0.10653408616781235, 0.10840726643800735, 0.0, 0.0, 0.0, 0.10660476237535477, 0.10840726643800735, 0.0, 0.0, 0.0, 0.0, 0.10840726643800735, 0.0, 0.0, 0.0, 0.0, 0.0, 0.0, 0.0, 0.0, 0.0, 0.06552966684103012, 0.0, 0.07088792324066162]",0.006796309284641278
16,1.0189350218860387,"[0.9949593581695928, 1.0276209573223256, 0.9910944203230563, 1.0081260402431975, 0.9919105791771881, 0.9923960492045364, 1.0120519787836832, 1.0037245343120604, 0.9943699057226671, 0.9865222617786354, 1.0081040770593375, 1.0115420701547653, 1.0108648512006624, 0.9892793601213178, 1.0261005760125625, 1.0156285924159059, 1.009900291085159, 1.0320625682272486, 0.9960934301567118, 1.0040079602833247, 0.9716554954457732, 0.9891972532549362, 1.0186249357192696, 1.009073990375409, 1.0065085658403365, 1.006562040446692, 1.0083427536838372, 1.0025760465197249, 0.9692892283458708, 1.0038446005402817]","[1.0073404972156532, 0.992086040816752, 1.0140542540430104, 0.9899743142497794, 0.9818310221141148, 1.0034666246771307, 1.0147720535146103, 0.9913917315761239, 1.0014643299180899, 1.0130432686141917, 1.0139271272575474, 0.9978354962088791, 0.9906106366807365, 0.994825047729331, 0.9828246460583283, 1.0182516686112077, 0.9980261041056272, 0.988298914218748, 0.9838018642718164, 0.976180874011743, 1.0076681265114755, 0.9875786620941414, 1.0122331129138913, 1.0063393519090789, 0.996862496588408, 1.0005548234384432, 1.006367451120231, 1.0110584573382515, 1.0014768863672365, 1.0020619781441635]","[0.007340497215653219, -0.007913959183247998, 0.014054254043010417, -0.010025685750220559, -0.01816897788588523, 0.0034666246771306586, 0.014772053514610306, -0.008608268423876075, 0.0014643299180898683, 0.013043268614191694, 0.013927127257547411, -0.0021645037911208753, -0.009389363319263544, -0.005174952270668998, -0.01717535394167169, 0.01825166861120775, -0.0019738958943728013, -0.011701085781251952, -0.016198135728183627, -0.023819125988256973, 0.007668126511475526, -0.012421337905858643, 0.012233112913891286, 0.006339351909078861, -0.003137503411592024, 0.0005548234384431527, 0.00636745112023096, 0.011058457338251504, 0.0014768863672365296, 0.0020619781441635343]","[0.0, 0.08993065357208252, 0.10592534393072128, 0.0, 0.0, 0.07203759253025055, 0.0, 0.0, 0.0, 0.0, 0.0, 0.0, 0.11037025600671768, 0.0, 0.0, 0.09486104547977448, 0.0, 0.08927814662456512, 0.11890812963247299, 0.0, 0.0, 0.0, 0.0, 0.0, 0.11977075785398483, 0.0, 0.08176857978105545, 0.0, 0.0, 0.1171494871377945]","[0.0, 0.1, 0.1, 0.1, 0.1, 0.1, 0.1, 0.1, 0.1, 0.0, 0.0, 0.0, 0.0, 0.0, 0.0, 0.0, 0.0, 0.0, 0.0, 0.0, 0.0, 0.0, 0.0, 0.0, 0.0, 0.0, 0.0, 0.0, 0.1, 0.1]","[0.026706223811305718, 0.1009964417433941, 0.10202205667645259, 0.08592853896676754, 0.0893021404612676, 0.0972589943792361, 0.0734359748884731, 0.09223783097214294, 0.07947012586694656, 0.006617942409113916, 0.008100914120523047, 0.008005196736240207, 0.0, 0.010701896968253367, 0.0, 0.0, 0.0, 0.0, 0.011985391384088858, 0.005619310551380585, 0.003919691121236475, 0.0, 0.007014436945743337, 0.00212471389079098, 0.0044641207145268815, 0.010557100901937663, 0.0, 0.0, 0.07337131785955303, 0.10015963863062553]","[0.0, 0.08993066102266312, 0.10592535138130188, 0.0, 0.0, 0.07203759998083115, 0.0, 0.0, 0.0, 0.0, 0.0, 0.0, 0.11037026345729828, 0.0, 0.0, 0.09486105293035507, 0.0, 0.08927815407514572, 0.11890813708305359, 0.0, 0.0, 0.0, 0.0, 0.0, 0.11977076530456543, 0.0, 0.08176858723163605, 0.0, 0.0, 0.11714949458837509]",-0.001200885307581618
17,1.021149898771954,"[1.0073404972156532, 0.992086040816752, 1.0140542540430104, 0.9899743142497794, 0.9818310221141148, 1.0034666246771307, 1.0147720535146103, 0.9913917315761239, 1.0014643299180899, 1.0130432686141917, 1.0139271272575474, 0.9978354962088791, 0.9906106366807365, 0.994825047729331, 0.9828246460583283, 1.0182516686112077, 0.9980261041056272, 0.988298914218748, 0.9838018642718164, 0.976180874011743, 1.0076681265114755, 0.9875786620941414, 1.0122331129138913, 1.0063393519090789, 0.996862496588408, 1.0005548234384432, 1.006367451120231, 1.0110584573382515, 1.0014768863672365, 1.0020619781441635]","[0.9704418473439465, 1.0080496117540194, 1.0096215578506607, 1.0236638364364181, 0.9945231127443978, 1.011815636389132, 0.997209727199782, 0.9714498615302908, 0.9864971471582014, 0.9990358539896818, 0.9945059521277462, 1.0035064942312635, 0.999982801445085, 0.9853442085371317, 1.0009537540330753, 1.0106455979367388, 1.033970639875393, 1.0014394895339005, 0.9814466358925081, 0.9961176241301538, 1.0101787572247989, 0.9935030861701106, 0.9933104021163514, 1.015456250064104, 1.0156538136667914, 1.0070982209442663, 1.0045520646343566, 1.0024326381774626, 0.9987383498104874, 0.9905539655555874]","[-0.02955815265605355, 0.008049611754019415, 0.009621557850660656, 0.023663836436418118, -0.005476887255602247, 0.011815636389131967, -0.002790272800218041, -0.02855013846970922, -0.01350285284179864, -0.0009641460103182453, -0.005494047872253827, 0.0035064942312634795, -1.7198554914998887e-05, -0.014655791462868328, 0.0009537540330752936, 0.010645597936738804, 0.03397063987539295, 0.0014394895339004954, -0.018553364107491865, -0.0038823758698461885, 0.010178757224798884, -0.0064969138298893725, -0.006689597883648646, 0.015456250064104005, 0.015653813666791416, 0.007098220944266265, 0.004552064634356645, 0.0024326381774626427, -0.0012616501895126309, -0.00944603444441261]","[0.022033337503671646, 0.0, 0.0, 0.0, 0.0, 0.0, 0.0, 0.0, 0.09024602919816971, 0.0, 0.0, 0.0, 0.11176635324954987, 0.0, 0.10650930553674698, 0.11176635324954987, 0.11176635324954987, 0.11061321198940277, 0.0, 0.0, 0.0, 0.11176635324954987, 0.11176635324954987, 0.0, 0.0, 0.0, 0.0, 0.11176635324954987, 0.0, 0.0]","[0.0, 0.1, 0.1, 0.1, 0.1, 0.1, 0.1, 0.1, 0.1, 0.0, 0.0, 0.0, 0.0, 0.0, 0.0, 0.0, 0.0, 0.0, 0.0, 0.0, 0.0, 0.0, 0.0, 0.0, 0.0, 0.0, 0.0, 0.0, 0.1, 0.1]","[3.094952868306782e-05, 0.10387686801063797, 0.07695111789326306, 0.10384660667595079, 0.11223054122902261, 0.10640093671524237, 0.08559508034778293, 0.08997335154104362, 0.09341280479353395, 0.0, 0.01760988760006745, 0.0006674394467819271, 0.0, 0.0, 0.009812064691528915, 0.0, 0.0, 0.005046763970283903, 4.944825958114275e-05, 0.002716200101515985, 0.0, 0.0, 0.01359715038290925, 0.0, 0.0, 0.0, 0.004264244063667354, 0.0, 0.08637800031263589, 0.08754054443586784]","[0.022033339366316795, 0.0, 0.0, 0.0, 0.0, 0.0, 0.0, 0.0, 0.0902460366487503, 0.0, 0.0, 0.0, 0.11176636070013046, 0.0, 0.10650931298732758, 0.11176636070013046, 0.11176636070013046, 0.11061321943998337, 0.0, 0.0, 0.0, 0.11176636070013046, 0.11176636070013046, 0.0, 0.0, 0.0, 0.0, 0.11176636070013046, 0.0, 0.0]",0.0017409140008436549
18,1.014502579350185,"[0.9704418473439465, 1.0080496117540194, 1.0096215578506607, 1.0236638364364181, 0.9945231127443978, 1.011815636389132, 0.997209727199782, 0.9714498615302908, 0.9864971471582014, 0.9990358539896818, 0.9945059521277462, 1.0035064942312635, 0.999982801445085, 0.9853442085371317, 1.0009537540330753, 1.0106455979367388, 1.033970639875393, 1.0014394895339005, 0.9814466358925081, 0.9961176241301538, 1.0101787572247989, 0.9935030861701106, 0.9933104021163514, 1.015456250064104, 1.0156538136667914, 1.0070982209442663, 1.0045520646343566, 1.0024326381774626, 0.9987383498104874, 0.9905539655555874]","[0.987882810276969, 1.0094241503048322, 0.9829256441620116, 0.9896733555452115, 1.0135865294688773, 0.9986756064638093, 0.9959974537507439, 1.0158111975579482, 0.983301532602986, 0.9786676420961005, 1.021799765653431, 0.9733926821845269, 0.9784436939525221, 0.996885981952007, 0.9794339352744647, 0.9986334393244652, 1.0124335891358942, 1.0107974861971303, 0.9928570216445561, 0.9852577497035454, 1.0157364962345747, 1.0055834868366365, 1.0025913970272293, 0.9933240137125141, 1.027387762205684, 1.0185837215265925, 0.9955134787247446, 1.0092632800749763, 1.0077426406654557, 1.007700275234686]","[-0.012117189723030997, 0.009424150304832235, -0.017074355837988442, -0.01032664445478848, 0.013586529468877284, -0.0013243935361907377, -0.0040025462492561115, 0.015811197557948242, -0.016698467397013972, -0.021332357903899535, 0.021799765653431002, -0.026607317815473097, -0.021556306047477936, -0.00311401804799305, -0.02056606472553535, -0.001366560675534756, 0.012433589135894207, 0.01079748619713028, -0.007142978355443863, -0.014742250296454595, 0.015736496234574737, 0.005583486836636453, 0.002591397027229325, -0.006675986287485891, 0.027387762205683952, 0.01858372152659249, -0.004486521275255395, 0.009263280074976343, 0.007742640665455713, 0.0077002752346859715]","[0.10472424328327179, 0.0, 0.13110950589179993, 0.0, 0.0, 0.0, 0.13110950589179993, 0.0, 0.0, 0.0, 0.13110950589179993, 0.13110950589179993, 0.0, 0.0, 0.0, 0.0, 0.0, 0.0, 0.13110950589179993, 0.13110950589179993, 0.0, 0.0, 0.0, 0.0, 0.0, 0.0035838324110955, 0.0, 0.09373363107442856, 0.011301165446639061, 0.0]","[0.0, 0.1, 0.1, 0.1, 0.1, 0.1, 0.1, 0.1, 0.1, 0.0, 0.0, 0.0, 0.0, 0.0, 0.0, 0.0, 0.0, 0.0, 0.0, 0.0, 0.0, 0.0, 0.0, 0.0, 0.0, 0.0, 0.0, 0.0, 0.1, 0.1]","[0.0, 0.10289235646782405, 0.09609286356262617, 0.08839167964527697, 0.09459662901978137, 0.10324958317554894, 0.0979026643364158, 0.0969057323224449, 0.08208156889499275, 0.0, 0.0, 0.0, 0.0066829038310158495, 0.0, 0.016119742420605914, 0.003486530220269998, 0.0, 0.0, 0.0, 0.0036134026565551947, 0.0, 0.01641206153886596, 0.0, 0.0036058018302563347, 0.00968367363001067, 0.0, 0.0015573951061609288, 0.0, 0.08181991533036177, 0.09490549601098645]","[0.10472425818443298, 0.0, 0.13110952079296112, 0.0, 0.0, 0.0, 0.13110952079296112, 0.0, 0.0, 0.0, 0.13110952079296112, 0.13110952079296112, 0.0, 0.0, 0.0, 0.0, 0.0, 0.0, 0.13110952079296112, 0.13110952079296112, 0.0, 0.0, 0.0, 0.0, 0.0, 0.0035838328767567873, 0.0, 0.09373363852500916, 0.011301166377961636, 0.0]",-0.006943494254987568
19,1.0183274915999292,"[0.987882810276969, 1.0094241503048322, 0.9829256441620116, 0.9896733555452115, 1.0135865294688773, 0.9986756064638093, 0.9959974537507439, 1.0158111975579482, 0.983301532602986, 0.9786676420961005, 1.021799765653431, 0.9733926821845269, 0.9784436939525221, 0.996885981952007, 0.9794339352744647, 0.9986334393244652, 1.0124335891358942, 1.0107974861971303, 0.9928570216445561, 0.9852577497035454, 1.0157364962345747, 1.0055834868366365, 1.0025913970272293, 0.9933240137125141, 1.027387762205684, 1.0185837215265925, 0.9955134787247446, 1.0092632800749763, 1.0077426406654557, 1.007700275234686]","[0.9761762756306239, 1.0094016670650316, 1.0037845175546898, 1.0270620853525725, 0.9751840771842847, 0.9881434471431949, 0.9983134348431296, 0.9951643087627347, 1.008344217023083, 0.9971754961515569, 0.9912641378733836, 1.0235069578450005, 0.9963714048624251, 1.003613206373134, 0.985710669210253, 0.9996647366569598, 0.9999626400709885, 1.0103573482243382, 1.0013823592311635, 0.9993685227329543, 1.0019278801135127, 1.0039076029594458, 0.9912291032323709, 1.0174770931536032, 0.9903458509612756, 1.0051010196898018, 1.0146685346076247, 1.0020024373780025, 1.0041027239050533, 1.000352541404476]","[-0.023823724369376076, 0.00940166706503165, 0.0037845175546897813, 0.027062085352572485, -0.02481592281571532, -0.011856552856805092, -0.0016865651568703788, -0.004835691237265349, 0.008344217023082967, -0.0028245038484431273, -0.008735862126616367, 0.023506957845000453, -0.0036285951375748526, 0.0036132063731340036, -0.014289330789747035, -0.0003352633430402374, -3.735992901154894e-05, 0.010357348224338203, 0.001382359231163477, -0.0006314772670457103, 0.0019278801135127477, 0.003907602959445811, -0.0087708967676291, 0.01747709315360324, -0.009654149038724413, 0.005101019689801811, 0.01466853460762474, 0.0020024373780025417, 0.004102723905053285, 0.00035254140447604776]","[0.0, 0.0, 0.11252032220363617, 0.06752404570579529, 0.0, 0.06711205095052719, 0.11252032220363617, 0.11252032220363617, 0.11252032220363617, 0.0, 0.0, 0.0, 0.0, 0.11252032220363617, 0.0, 0.0, 0.0, 0.11252032220363617, 0.0, 0.0, 0.11252032220363617, 0.0, 0.0, 0.0, 0.0, 0.0, 0.0, 0.0, 0.07772165536880493, 0.0]","[0.0, 0.1, 0.1, 0.1, 0.1, 0.1, 0.1, 0.1, 0.1, 0.0, 0.0, 0.0, 0.0, 0.0, 0.0, 0.0, 0.0, 0.0, 0.0, 0.0, 0.0, 0.0, 0.0, 0.0, 0.0, 0.0, 0.0, 0.0, 0.1, 0.1]","[0.008689472914631962, 0.09695005091058628, 0.08942817333599684, 0.07329067558246447, 0.0884851122236369, 0.09213156182995824, 0.09760069054100504, 0.0882229269012019, 0.0843937899245128, 0.0011445414685009028, 0.0, 0.0015823292339913145, 0.01551958446011236, 0.00342001542891572, 0.0, 0.0004964175519367888, 0.0054179469719818334, 0.003129845818794899, 0.026799997318176658, 0.002925751357115489, 0.005915691080016952, 0.009237959768522543, 0.0, 0.0, 0.0, 0.0, 0.0, 0.003085470797857479, 0.0953099921288681, 0.10682200245121454]","[0.0, 0.0, 0.11252032220363617, 0.06752404570579529, 0.0, 0.06711205095052719, 0.11252032220363617, 0.11252032220363617, 0.11252032220363617, 0.0, 0.0, 0.0, 0.0, 0.11252032220363617, 0.0, 0.0, 0.0, 0.11252032220363617, 0.0, 0.0, 0.11252032220363617, 0.0, 0.0, 0.0, 0.0, 0.0, 0.0, 0.0, 0.07772165536880493, 0.0]",0.003373292790083301
20,1.0171644000839144,"[0.9761762756306239, 1.0094016670650316, 1.0037845175546898, 1.0270620853525725, 0.9751840771842847, 0.9881434471431949, 0.9983134348431296, 0.9951643087627347, 1.008344217023083, 0.9971754961515569, 0.9912641378733836, 1.0235069578450005, 0.9963714048624251, 1.003613206373134, 0.985710669210253, 0.9996647366569598, 0.9999626400709885, 1.0103573482243382, 1.0013823592311635, 0.9993685227329543, 1.0019278801135127, 1.0039076029594458, 0.9912291032323709, 1.0174770931536032, 0.9903458509612756, 1.0051010196898018, 1.0146685346076247, 1.0020024373780025, 1.0041027239050533, 1.000352541404476]","[0.9880058111779327, 0.9705882749820072, 0.9942908221579514, 0.9850181337047895, 0.9957373958647016, 0.9987530501797965, 0.9980959883740221, 1.0174401630598071, 1.002963457014091, 1.0245768755223634, 0.9910935978405759, 1.0104071360253017, 1.009820367666394, 1.0080190291058395, 0.9982384071196279, 1.0199766357884503, 1.0005731634313189, 0.9815609719657491, 0.9812379074274761, 0.9863586396906638, 0.9801487510644068, 0.9814308639577647, 1.003275311142774, 0.98537429833334, 0.9754185870499265, 1.0081136157573791, 1.014552514170494, 0.9910919981504384, 1.0038815382456108, 1.006837082868298]","[-0.011994188822067264, -0.02941172501799283, -0.005709177842048607, -0.014981866295210478, -0.004262604135298442, -0.001246949820203458, -0.0019040116259778639, 0.017440163059807112, 0.0029634570140910643, 0.02457687552236343, -0.008906402159424065, 0.010407136025301744, 0.009820367666393937, 0.008019029105839515, -0.0017615928803721426, 0.019976635788450325, 0.0005731634313188572, -0.018439028034250904, -0.018762092572523925, -0.013641360309336159, -0.019851248935593202, -0.018569136042235312, 0.0032753111427739068, -0.014625701666659996, -0.024581412950073545, 0.008113615757379122, 0.01455251417049408, -0.008908001849561642, 0.0038815382456107717, 0.006837082868297983]","[0.0, 0.0, 0.0, 0.0, 0.0975399911403656, 0.10197457671165466, 0.09616854041814804, 0.0, 0.0, 0.0, 0.0, 0.0, 0.0, 0.10274962335824966, 0.0, 0.0, 0.10274962335824966, 0.10274962335824966, 0.0, 0.0, 0.0, 0.10274962335824966, 0.0, 0.0, 0.0, 0.0, 0.10085947066545486, 0.0, 0.09473946690559387, 0.09771941602230072]","[0.0, 0.1, 0.1, 0.1, 0.1, 0.1, 0.1, 0.1, 0.1, 0.0, 0.0, 0.0, 0.0, 0.0, 0.0, 0.0, 0.0, 0.0, 0.0, 0.0, 0.0, 0.0, 0.0, 0.0, 0.0, 0.0, 0.0, 0.0, 0.1, 0.1]","[0.0, 0.0854138077603478, 0.09120971864063551, 0.09126995490926978, 0.10369333997601818, 0.09376239388458374, 0.08901591414310021, 0.11121235971726157, 0.10270247189093802, 0.0, 0.0, 0.0, 0.00409210504541667, 0.019638660336203824, 0.0, 0.00337768089972582, 0.0, 0.0, 0.0, 0.0067553651101089456, 0.00011115206220179835, 0.0074089780989145294, 0.004159652948843831, 0.0, 0.0, 0.0, 0.004509871743444916, 0.0005835277248941995, 0.08839985689896454, 0.09268318820912626]","[0.0, 0.0, 0.0, 0.0, 0.0975400060415268, 0.10197459161281586, 0.09616855531930923, 0.0, 0.0, 0.0, 0.0, 0.0, 0.0, 0.10274963825941086, 0.0, 0.0, 0.10274963825941086, 0.10274963825941086, 0.0, 0.0, 0.0, 0.10274963825941086, 0.0, 0.0, 0.0, 0.0, 0.10085948556661606, 0.0, 0.09473948180675507, 0.09771943092346191]",-0.001495257243788399
21,1.023147523746054,"[0.9880058111779327, 0.9705882749820072, 0.9942908221579514, 0.9850181337047895, 0.9957373958647016, 0.9987530501797965, 0.9980959883740221, 1.0174401630598071, 1.002963457014091, 1.0245768755223634, 0.9910935978405759, 1.0104071360253017, 1.009820367666394, 1.0080190291058395, 0.9982384071196279, 1.0199766357884503, 1.0005731634313189, 0.9815609719657491, 0.9812379074274761, 0.9863586396906638, 0.9801487510644068, 0.9814308639577647, 1.003275311142774, 0.98537429833334, 0.9754185870499265, 1.0081136157573791, 1.014552514170494, 0.9910919981504384, 1.0038815382456108, 1.006837082868298]","[1.007140338525715, 1.0121386481730978, 0.9987524947546517, 0.9850286145239971, 1.0050352877750524, 0.9969268908387026, 0.9920600157136987, 1.0153463448443734, 1.0115701303797051, 1.0125905527994403, 1.0126972686527695, 1.0286774507674987, 1.0053893791035127, 1.014894423799085, 0.9947027860873184, 1.0199528682276333, 1.0078656535034398, 0.986812002006365, 1.001848663901123, 0.9980503981371249, 1.00792563223358, 1.007674841790154, 1.0021455320005281, 1.0050525393507144, 0.9863485598241247, 0.9812366401949902, 0.9919224400388487, 0.9939735390189942, 0.9999144482100144, 1.0121728546378428]","[0.00714033852571494, 0.012138648173097843, -0.0012475052453483348, -0.014971385476002852, 0.005035287775052355, -0.003073109161297438, -0.007939984286301272, 0.01534634484437336, 0.011570130379705112, 0.012590552799440324, 0.012697268652769544, 0.028677450767498724, 0.00538937910351267, 0.0148944237990849, -0.005297213912681564, 0.019952868227633314, 0.007865653503439818, -0.013187997993635014, 0.0018486639011230377, -0.0019496018628750722, 0.007925632233579893, 0.007674841790153986, 0.0021455320005281386, 0.005052539350714369, -0.013651440175875273, -0.01876335980500976, -0.008077559961151337, -0.006026460981005788, -8.555178998559398e-05, 0.01217285463784279]","[0.09386563301086426, 0.09421901404857635, 0.0, 0.0, 0.0, 0.10403740406036377, 0.0, 0.10403740406036377, 0.0, 0.10403740406036377, 0.0, 0.0, 0.0, 0.0, 0.0, 0.0, 0.10403740406036377, 0.10403740406036377, 0.10403740406036377, 0.0, 0.10403740406036377, 0.0, 0.0, 0.0, 0.0, 0.0, 0.0, 0.0, 0.0, 0.08365355432033539]","[0.0, 0.1, 0.1, 0.1, 0.1, 0.1, 0.1, 0.1, 0.1, 0.0, 0.0, 0.0, 0.0, 0.0, 0.0, 0.0, 0.0, 0.0, 0.0, 0.0, 0.0, 0.0, 0.0, 0.0, 0.0, 0.0, 0.0, 0.0, 0.1, 0.1]","[0.0, 0.09955608761371017, 0.09544427497688414, 0.09324700373535885, 0.09710393975561861, 0.08556430995973151, 0.08400639799579408, 0.07478196160286231, 0.09153589957557196, 0.0, 0.006980927394837971, 0.0036671736609346435, 0.004294639836071246, 0.0, 0.00801477750049914, 0.0029296883778198463, 0.0, 0.0, 0.021306579616886166, 0.0, 0.013642307882972023, 0.00287813979694071, 0.0, 0.010878888434861001, 0.0, 0.008689674670764196, 0.0075376550231563855, 0.0, 0.10140195523040751, 0.08653771735831736]","[0.09386563301086426, 0.09421901404857635, 0.0, 0.0, 0.0, 0.10403740406036377, 0.0, 0.10403740406036377, 0.0, 0.10403740406036377, 0.0, 0.0, 0.0, 0.0, 0.0, 0.0, 0.10403740406036377, 0.10403740406036377, 0.10403740406036377, 0.0, 0.10403740406036377, 0.0, 0.0, 0.0, 0.0, 0.0, 0.0, 0.0, 0.0, 0.08365355432033539]",0.005513716645276256
22,1.0256228184050764,"[1.007140338525715, 1.0121386481730978, 0.9987524947546517, 0.9850286145239971, 1.0050352877750524, 0.9969268908387026, 0.9920600157136987, 1.0153463448443734, 1.0115701303797051, 1.0125905527994403, 1.0126972686527695, 1.0286774507674987, 1.0053893791035127, 1.014894423799085, 0.9947027860873184, 1.0199528682276333, 1.0078656535034398, 0.986812002006365, 1.001848663901123, 0.9980503981371249, 1.00792563223358, 1.007674841790154, 1.0021455320005281, 1.0050525393507144, 0.9863485598241247, 0.9812366401949902, 0.9919224400388487, 0.9939735390189942, 0.9999144482100144, 1.0121728546378428]","[0.9971265387280168, 0.9885072058687121, 1.000471953667025, 0.9953792897028053, 1.0118458920256852, 0.9936035552767974, 1.01080234923398, 1.0037037116719534, 1.0060718741255124, 1.0227826786524956, 1.021941146915122, 0.9877945629930345, 1.0139246984629344, 0.97783070464803, 1.0141684395863713, 1.0031286662821504, 0.9933309570967856, 1.0039179022970268, 0.9886288037382707, 1.0161854353706945, 0.9956483302684432, 1.0190721722983505, 0.9779579677854314, 1.010779967902793, 0.9907616143011726, 1.0019379630575254, 0.9876317113639813, 1.0049626472362596, 1.01347353867671, 0.9890625109688246]","[-0.00287346127198318, -0.011492794131287898, 0.00047195366702501573, -0.004620710297194686, 0.0118458920256852, -0.0063964447232025545, 0.010802349233979935, 0.0037037116719533802, 0.006071874125512355, 0.022782678652495614, 0.021941146915122056, -0.012205437006965525, 0.013924698462934426, -0.022169295351969986, 0.014168439586371262, 0.003128666282150361, -0.0066690429032143506, 0.003917902297026821, -0.011371196261729333, 0.0161854353706945, -0.004351669731556762, 0.019072172298350454, -0.022042032214568574, 0.010779967902792897, -0.0092383856988274, 0.0019379630575253604, -0.012368288636018687, 0.00496264723625961, 0.013473538676709973, -0.010937489031175418]","[0.0, 0.0, 0.10208950191736221, 0.0, 0.0, 0.0, 0.0, 0.0, 0.0, 0.10208950191736221, 0.0, 0.09143836796283722, 0.09184569865465164, 0.10208950191736221, 0.0, 0.0, 0.0, 0.0, 0.10208950191736221, 0.0, 0.0, 0.10208950191736221, 0.0, 0.10208950191736221, 0.0, 0.0, 0.0, 0.0, 0.10208950191736221, 0.10208950191736221]","[0.0, 0.1, 0.1, 0.1, 0.1, 0.1, 0.1, 0.1, 0.1, 0.0, 0.0, 0.0, 0.0, 0.0, 0.0, 0.0, 0.0, 0.0, 0.0, 0.0, 0.0, 0.0, 0.0, 0.0, 0.0, 0.0, 0.0, 0.0, 0.1, 0.1]","[0.0037578525754833492, 0.09910352617305358, 0.0871327383725053, 0.09237123128639277, 0.08751910389265867, 0.08958438271127274, 0.1017977726795028, 0.08233876160996337, 0.08640417731194155, 0.0, 0.0, 0.012386266285825514, 0.005851920732343492, 0.0, 0.009929096451065718, 0.002020460333218388, 0.0, 0.0, 0.0, 0.0, 0.0, 0.0, 0.007995552676335456, 0.0, 0.0, 0.0, 0.02269952456762445, 0.00886392120228078, 0.11471613740521676, 0.08552757373331539]","[0.0, 0.0, 0.10208948701620102, 0.0, 0.0, 0.0, 0.0, 0.0, 0.0, 0.10208948701620102, 0.0, 0.09143836051225662, 0.09184569120407104, 0.10208948701620102, 0.0, 0.0, 0.0, 0.0, 0.10208948701620102, 0.0, 0.0, 0.10208948701620102, 0.0, 0.10208948701620102, 0.0, 0.0, 0.0, 0.0, 0.10208948701620102, 0.10208948701620102]",0.0020026212205598616
23,1.0257314718196058,"[0.9971265387280168, 0.9885072058687121, 1.000471953667025, 0.9953792897028053, 1.0118458920256852, 0.9936035552767974, 1.01080234923398, 1.0037037116719534, 1.0060718741255124, 1.0227826786524956, 1.021941146915122, 0.9877945629930345, 1.0139246984629344, 0.97783070464803, 1.0141684395863713, 1.0031286662821504, 0.9933309570967856, 1.0039179022970268, 0.9886288037382707, 1.0161854353706945, 0.9956483302684432, 1.0190721722983505, 0.9779579677854314, 1.010779967902793, 0.9907616143011726, 1.0019379630575254, 0.9876317113639813, 1.0049626472362596, 1.01347353867671, 0.9890625109688246]","[1.0160647235362366, 0.9958938312296872, 1.0005246734720676, 1.008983141345271, 0.9947478954388979, 1.017511035417001, 0.987341943858382, 1.036670649871792, 1.01360759202639, 1.005901693575864, 0.9877005627848064, 1.0100265912498214, 1.0233318481468632, 0.999173375492586, 1.0037695227757928, 1.0029864309704741, 0.9992198906488452, 1.0077196188812798, 0.9884913806606985, 1.0024020450034943, 0.9907639388918064, 0.9968700396993193, 1.0026543902944256, 0.9993882219240031, 0.9760817209956595, 0.9883441738808484, 0.9939111859071567, 0.9838900503385504, 0.9799963069702841, 0.9853786827185205]","[0.016064723536236558, -0.004106168770312779, 0.0005246734720676383, 0.008983141345271006, -0.005252104561102144, 0.017511035417000942, -0.012658056141617968, 0.036670649871791916, 0.013607592026390058, 0.005901693575864009, -0.012299437215193554, 0.010026591249821415, 0.023331848146863177, -0.0008266245074139977, 0.0037695227757927885, 0.00298643097047413, -0.0007801093511548007, 0.0077196188812798106, -0.011508619339301474, 0.0024020450034942797, -0.009236061108193638, -0.0031299603006806898, 0.0026543902944256015, -0.0006117780759968827, -0.023918279004340515, -0.011655826119151613, -0.006088814092843342, -0.01610994966144963, -0.02000369302971594, -0.014621317281479529]","[0.0, 0.0, 0.09156562387943268, 0.12258713692426682, 0.0, 0.0, 0.07895082980394363, 0.0, 0.0900588408112526, 0.0, 0.0, 0.0, 0.12258713692426682, 0.0, 0.12258713692426682, 0.0, 0.0, 0.0, 0.0, 0.0, 0.0, 0.0, 0.0, 0.0, 0.0, 0.0, 0.12258713692426682, 0.12258713692426682, 0.0039018671959638596, 0.12258713692426682]","[0.0, 0.1, 0.1, 0.1, 0.1, 0.1, 0.1, 0.1, 0.1, 0.0, 0.0, 0.0, 0.0, 0.0, 0.0, 0.0, 0.0, 0.0, 0.0, 0.0, 0.0, 0.0, 0.0, 0.0, 0.0, 0.0, 0.0, 0.0, 0.1, 0.1]","[0.0, 0.09941274654970249, 0.09993666066494855, 0.09435256131315958, 0.09157680528209042, 0.0769115773712648, 0.08821371118703336, 0.09814883770166999, 0.08756055139018856, 0.0, 0.01721237533703605, 0.0, 0.0, 0.0, 0.0, 0.0, 0.006131728733324021, 0.0, 0.0, 0.0, 0.016344416368518043, 0.008448083139543877, 0.018715017330419446, 0.0, 0.0, 0.0, 0.0, 0.0, 0.10591659872637282, 0.09111832890472793]","[0.0, 0.0, 0.09156563133001328, 0.12258714437484741, 0.0, 0.0, 0.07895083725452423, 0.0, 0.09005884826183319, 0.0, 0.0, 0.0, 0.12258714437484741, 0.0, 0.12258714437484741, 0.0, 0.0, 0.0, 0.0, 0.0, 0.0, 0.0, 0.0, 0.0, 0.0, 0.0, 0.12258714437484741, 0.12258714437484741, 0.003901867428794503, 0.12258714437484741]",-0.00030033403957222573
24,1.0279958624530527,"[1.0160647235362366, 0.9958938312296872, 1.0005246734720676, 1.008983141345271, 0.9947478954388979, 1.017511035417001, 0.987341943858382, 1.036670649871792, 1.01360759202639, 1.005901693575864, 0.9877005627848064, 1.0100265912498214, 1.0233318481468632, 0.999173375492586, 1.0037695227757928, 1.0029864309704741, 0.9992198906488452, 1.0077196188812798, 0.9884913806606985, 1.0024020450034943, 0.9907639388918064, 0.9968700396993193, 1.0026543902944256, 0.9993882219240031, 0.9760817209956595, 0.9883441738808484, 0.9939111859071567, 0.9838900503385504, 0.9799963069702841, 0.9853786827185205]","[1.0137032799308352, 1.0134936583012935, 1.0073659124318222, 0.9990329377550335, 0.9956477314056303, 1.0013064259276685, 0.9916222676740654, 0.9922772496402672, 0.9940350529385563, 1.0061305634212987, 0.9723652327916233, 1.0005516443840108, 0.9975689495264543, 1.003440924410791, 0.9931214394466094, 0.9972716770579297, 0.9984024447199135, 0.9915303844034558, 0.987918015145198, 1.00277162107317, 0.993503979649506, 1.004448328635783, 1.0117551267067362, 1.0037813734076422, 0.9952965416950963, 1.017346897685418, 1.0209205208944032, 0.9878939897271634, 1.0240588128489634, 0.9800628767617398]","[0.0137032799308352, 0.013493658301293454, 0.007365912431822164, -0.0009670622449664545, -0.004352268594369657, 0.0013064259276684975, -0.00837773232593464, -0.0077227503597327996, -0.005964947061443682, 0.006130563421298696, -0.027634767208376654, 0.0005516443840107854, -0.0024310504735457483, 0.003440924410790913, -0.006878560553390645, -0.0027283229420702604, -0.0015975552800865378, -0.008469615596544244, -0.012081984854802053, 0.002771621073170083, -0.006496020350494014, 0.004448328635783039, 0.011755126706736174, 0.0037813734076421746, -0.004703458304903707, 0.017346897685418083, 0.020920520894403216, -0.012106010272836643, 0.024058812848963385, -0.019937123238260246]","[0.0, 0.0, 0.09720775485038757, 0.0, 0.05791138857603073, 0.0, 0.0, 0.0, 0.0, 0.0, 0.12683703005313873, 0.0, 0.0, 0.09628485143184662, 0.0, 0.0, 0.0, 0.0, 0.12156231701374054, 0.10229939967393875, 0.0, 0.06110715866088867, 0.08311602473258972, 0.0, 0.0, 0.12683703005313873, 0.12683703005313873, 0.0, 0.0, 0.0]","[0.0, 0.1, 0.1, 0.1, 0.1, 0.1, 0.1, 0.1, 0.1, 0.0, 0.0, 0.0, 0.0, 0.0, 0.0, 0.0, 0.0, 0.0, 0.0, 0.0, 0.0, 0.0, 0.0, 0.0, 0.0, 0.0, 0.0, 0.0, 0.1, 0.1]","[0.0023210176851206172, 0.09281076014350308, 0.08037666400828589, 0.08320062656001906, 0.09633864210116332, 0.07876046041626694, 0.10477009781753117, 0.09658858518492829, 0.08749322543324357, 0.013627096051960497, 0.0, 0.010468781146250014, 0.0, 0.005279953585276263, 0.0007607023050526721, 0.017654775870267474, 0.01913413178710257, 0.0017991406040967963, 0.003119449602968553, 0.010740649630337946, 0.0051032287776139286, 0.0089273706600109, 0.0, 0.0, 0.003022181152871863, 0.0, 0.0, 0.0010507430977431005, 0.09206260538141185, 0.08458911099697347]","[0.0, 0.0, 0.09720776230096817, 0.0, 0.05791139230132103, 0.0, 0.0, 0.0, 0.0, 0.0, 0.12683704495429993, 0.0, 0.0, 0.09628485888242722, 0.0, 0.0, 0.0, 0.0, 0.12156232446432114, 0.10229940712451935, 0.0, 0.06110716238617897, 0.08311603218317032, 0.0, 0.0, 0.12683704495429993, 0.12683704495429993, 0.0, 0.0, 0.0]",0.0018814891462889964
25,1.0260163151187278,"[1.0137032799308352, 1.0134936583012935, 1.0073659124318222, 0.9990329377550335, 0.9956477314056303, 1.0013064259276685, 0.9916222676740654, 0.9922772496402672, 0.9940350529385563, 1.0061305634212987, 0.9723652327916233, 1.0005516443840108, 0.9975689495264543, 1.003440924410791, 0.9931214394466094, 0.9972716770579297, 0.9984024447199135, 0.9915303844034558, 0.987918015145198, 1.00277162107317, 0.993503979649506, 1.004448328635783, 1.0117551267067362, 1.0037813734076422, 0.9952965416950963, 1.017346897685418, 1.0209205208944032, 0.9878939897271634, 1.0240588128489634, 0.9800628767617398]","[1.0028159442995113, 1.003680061863533, 0.9918604944294125, 1.0125459377987254, 0.9996057337517354, 0.9974803077588552, 1.0167549218235952, 1.0083910062838972, 1.002729431018615, 1.0117850530638168, 0.9989977489210122, 0.9885759485729588, 1.0181842393389446, 0.9898619493113233, 1.0084145342309987, 0.9960000279575891, 0.9953694295468234, 1.0037361270845107, 0.9813193429664298, 1.0098398569251599, 0.9986961503065115, 0.9860887507130875, 1.0036936170009019, 0.9988701060794452, 0.99916064741533, 1.0124701861688292, 1.0190631604109104, 0.9835486068869235, 0.9980187257318676, 1.0237845592443309]","[0.002815944299511264, 0.0036800618635330906, -0.008139505570587513, 0.01254593779872537, -0.00039426624826455203, -0.0025196922411447886, 0.01675492182359517, 0.008391006283897218, 0.002729431018615003, 0.01178505306381683, -0.0010022510789877703, -0.01142405142704117, 0.01818423933894464, -0.01013805068867668, 0.008414534230998694, -0.003999972042410871, -0.004630570453176608, 0.0037361270845106542, -0.018680657033570247, 0.009839856925159873, -0.0013038496934885124, -0.013911249286912453, 0.003693617000901872, -0.0011298939205548475, -0.00083935258467005, 0.012470186168829223, 0.019063160410910385, -0.01645139311307653, -0.001981274268132438, 0.023784559244330872]","[0.0, 0.0, 0.13137385249137878, 0.0, 0.09920064359903336, 0.0, 0.0, 0.0, 0.0, 0.0, 0.0, 0.0, 0.0, 0.0, 0.0, 0.0, 0.0, 0.04482513293623924, 0.13137385249137878, 0.13137385249137878, 0.13049359619617462, 0.0, 0.0, 0.0, 0.13137385249137878, 0.04920823499560356, 0.0, 0.09301679581403732, 0.0, 0.05776027590036392]","[0.0, 0.1, 0.1, 0.1, 0.1, 0.1, 0.1, 0.1, 0.1, 0.0, 0.0, 0.0, 0.0, 0.0, 0.0, 0.0, 0.0, 0.0, 0.0, 0.0, 0.0, 0.0, 0.0, 0.0, 0.0, 0.0, 0.0, 0.0, 0.1, 0.1]","[0.0, 0.09119646984491245, 0.09681368207182803, 0.08719374757937896, 0.08266797322559574, 0.08884430202853928, 0.09754205994685931, 0.0936602492747609, 0.09968327657774322, 0.0, 0.0, 0.0, 0.00742601881056978, 0.010914866515239157, 0.005409601273856633, 0.017146925666285104, 0.0012283676733851195, 0.0, 0.004965499731657253, 0.0, 0.0, 0.008869613178710848, 0.004484872537061091, 0.0, 0.010501574584561421, 0.005735081743627538, 0.0, 0.0, 0.09381333345146445, 0.0919024842839639]","[0.0, 0.0, 0.1313738375902176, 0.0, 0.09920062869787216, 0.0, 0.0, 0.0, 0.0, 0.0, 0.0, 0.0, 0.0, 0.0, 0.0, 0.0, 0.0, 0.044825129210948944, 0.1313738375902176, 0.1313738375902176, 0.13049358129501343, 0.0, 0.0, 0.0, 0.1313738375902176, 0.049208227545022964, 0.0, 0.09301678836345673, 0.0, 0.057760268449783325]",-0.0023750303982837274
26,1.030527568893579,"[1.0028159442995113, 1.003680061863533, 0.9918604944294125, 1.0125459377987254, 0.9996057337517354, 0.9974803077588552, 1.0167549218235952, 1.0083910062838972, 1.002729431018615, 1.0117850530638168, 0.9989977489210122, 0.9885759485729588, 1.0181842393389446, 0.9898619493113233, 1.0084145342309987, 0.9960000279575891, 0.9953694295468234, 1.0037361270845107, 0.9813193429664298, 1.0098398569251599, 0.9986961503065115, 0.9860887507130875, 1.0036936170009019, 0.9988701060794452, 0.99916064741533, 1.0124701861688292, 1.0190631604109104, 0.9835486068869235, 0.9980187257318676, 1.0237845592443309]","[1.0080033908604669, 1.0143457477724018, 0.983461631870356, 0.9799827107777467, 1.0078021465143148, 1.0153905687905265, 0.9909028828343741, 0.9954462921869179, 1.0086137955282128, 1.0023324996957488, 1.0097998344459225, 0.9964004726156047, 1.0185544854193507, 0.9985301917489307, 0.9920626507436219, 0.9862310412861232, 1.0071662860221073, 0.9912251622520103, 0.9968691562931943, 0.995706047152868, 1.002483452912087, 1.0021134007242707, 1.0016633815172051, 0.9942836378185017, 1.021168574145898, 0.9967069523876307, 0.9919316084311492, 1.0057372548547512, 0.9973933020650404, 0.9879458214122343]","[0.008003390860466864, 0.014345747772401829, -0.016538368129644043, -0.02001728922225332, 0.007802146514314767, 0.015390568790526471, -0.00909711716562589, -0.004553707813082064, 0.008613795528212842, 0.00233249969574878, 0.009799834445922473, -0.0035995273843952846, 0.018554485419350675, -0.0014698082510693489, -0.007937349256378123, -0.013768958713876844, 0.007166286022107338, -0.008774837747989706, -0.0031308437068057193, -0.0042939528471319655, 0.0024834529120869586, 0.0021134007242706865, 0.0016633815172051314, -0.005716362181498291, 0.02116857414589801, -0.00329304761236926, -0.008068391568850752, 0.005737254854751184, -0.002606697934959601, -0.012054178587765696]","[0.12141872942447662, 0.0, 0.12141872942447662, 0.0, 0.08501806855201721, 0.0, 0.0, 0.12141872942447662, 0.0, 0.0981055274605751, 0.0, 0.0, 0.09403618425130844, 0.0, 0.0, 0.0, 0.0, 0.0, 0.0, 0.0, 0.09779800474643707, 0.0, 0.06470420211553574, 0.0, 0.12141872942447662, 0.0, 0.0, 0.07466307282447815, 0.0, 0.0]","[0.0, 0.1, 0.1, 0.1, 0.1, 0.1, 0.1, 0.1, 0.1, 0.0, 0.0, 0.0, 0.0, 0.0, 0.0, 0.0, 0.0, 0.0, 0.0, 0.0, 0.0, 0.0, 0.0, 0.0, 0.0, 0.0, 0.0, 0.0, 0.1, 0.1]","[0.008641295619545788, 0.09360755459156052, 0.11004831707799415, 0.0908319724584085, 0.0870469725325595, 0.1019572513365388, 0.08882459402149691, 0.080498278053776, 0.09031828494939846, 0.0, 0.0, 0.0007703845275164265, 0.0035246417770314806, 0.01998796651323419, 0.011217773854856767, 0.00839168517240662, 0.0, 0.0, 0.0, 0.0, 0.002220033714818836, 0.0003073842942331424, 0.0, 0.00023783129971143648, 0.005090249285913708, 0.006777572220569548, 0.00015999484498273943, 0.0, 0.09138412589695291, 0.09815583595649359]","[0.12141874432563782, 0.0, 0.12141874432563782, 0.0, 0.08501807600259781, 0.0, 0.0, 0.12141874432563782, 0.0, 0.0981055423617363, 0.0, 0.0, 0.09403619915246964, 0.0, 0.0, 0.0, 0.0, 0.0, 0.0, 0.0, 0.09779801964759827, 0.0, 0.06470420956611633, 0.0, 0.12141874432563782, 0.0, 0.0, 0.07466308027505875, 0.0, 0.0]",0.004009269104805129
27,1.0262518610288656,"[1.0080033908604669, 1.0143457477724018, 0.983461631870356, 0.9799827107777467, 1.0078021465143148, 1.0153905687905265, 0.9909028828343741, 0.9954462921869179, 1.0086137955282128, 1.0023324996957488, 1.0097998344459225, 0.9964004726156047, 1.0185544854193507, 0.9985301917489307, 0.9920626507436219, 0.9862310412861232, 1.0071662860221073, 0.9912251622520103, 0.9968691562931943, 0.995706047152868, 1.002483452912087, 1.0021134007242707, 1.0016633815172051, 0.9942836378185017, 1.021168574145898, 0.9967069523876307, 0.9919316084311492, 1.0057372548547512, 0.9973933020650404, 0.9879458214122343]","[0.9898617807721786, 0.990028476322285, 0.9857319853805645, 0.997499417656186, 1.0032842839941731, 0.9914175249638948, 0.9884470562249964, 0.977661445099098, 0.990158350543266, 1.0092839663445956, 0.990797698010935, 0.9922138994843327, 1.0099913969232586, 0.9793722624206599, 0.991548031967367, 1.0059215543740752, 1.0027947258569279, 0.9926256190973471, 1.0102708619639875, 1.005223194069983, 0.9914154938548501, 1.0010340052332776, 0.9820606836828047, 0.9904522565340524, 1.0025370867910461, 0.9971958447848714, 0.9943339733838906, 0.9959977567013403, 1.0074365085740233, 0.9892649674305815]","[-0.010138219227821432, -0.009971523677715033, -0.014268014619435498, -0.0025005823438140062, 0.0032842839941731317, -0.008582475036105208, -0.011552943775003599, -0.022338554900901975, -0.009841649456734047, 0.009283966344595607, -0.00920230198906502, -0.007786100515667305, 0.009991396923258566, -0.02062773757934011, -0.00845196803263304, 0.005921554374075155, 0.00279472585692786, -0.007374380902652855, 0.010270861963987521, 0.0052231940699829504, -0.00858450614514994, 0.0010340052332775684, -0.017939316317195253, -0.009547743465947556, 0.002537086791046139, -0.0028041552151285565, -0.005666026616109376, -0.0040022432986597245, 0.007436508574023337, -0.010735032569418546]","[0.0, 0.0, 0.10460058599710464, 0.0, 0.09606357663869858, 0.0, 0.0, 0.0, 0.0, 0.0, 0.08006975799798965, 0.10460058599710464, 0.10460058599710464, 0.09166259318590164, 0.10460058599710464, 0.10460058599710464, 0.0, 0.0, 0.0, 0.0, 0.0, 0.10460058599710464, 0.0, 0.0, 0.0, 0.0, 0.0, 0.10460058599710464, 0.0, 0.0]","[0.0, 0.1, 0.1, 0.1, 0.1, 0.1, 0.1, 0.1, 0.1, 0.0, 0.0, 0.0, 0.0, 0.0, 0.0, 0.0, 0.0, 0.0, 0.0, 0.0, 0.0, 0.0, 0.0, 0.0, 0.0, 0.0, 0.0, 0.0, 0.1, 0.1]","[0.0, 0.0857897219417203, 0.09021192584674168, 0.09351583735216942, 0.09790471998944465, 0.08877527480479772, 0.11237183615622445, 0.08148201144819793, 0.09036496386540156, 0.0, 0.010753208883207266, 0.0009491699595865202, 0.00285134471355375, 0.0, 0.010163910039387838, 0.003485276514746327, 0.007744748102095835, 0.019469966133930393, 0.0, 0.000989532924279424, 0.0, 0.0, 0.0, 0.004663122746848929, 0.002865929217212953, 0.0, 0.0, 0.0, 0.09510239869129049, 0.10054510066916246]","[0.0, 0.0, 0.10460058599710464, 0.0, 0.09606357663869858, 0.0, 0.0, 0.0, 0.0, 0.0, 0.08006975799798965, 0.10460058599710464, 0.10460058599710464, 0.09166259318590164, 0.10460058599710464, 0.10460058599710464, 0.0, 0.0, 0.0, 0.0, 0.0, 0.10460058599710464, 0.0, 0.0, 0.0, 0.0, 0.0, 0.10460058599710464, 0.0, 0.0]",-0.0044960601267629
28,1.0288342198153335,"[0.9898617807721786, 0.990028476322285, 0.9857319853805645, 0.997499417656186, 1.0032842839941731, 0.9914175249638948, 0.9884470562249964, 0.977661445099098, 0.990158350543266, 1.0092839663445956, 0.990797698010935, 0.9922138994843327, 1.0099913969232586, 0.9793722624206599, 0.991548031967367, 1.0059215543740752, 1.0027947258569279, 0.9926256190973471, 1.0102708619639875, 1.005223194069983, 0.9914154938548501, 1.0010340052332776, 0.9820606836828047, 0.9904522565340524, 1.0025370867910461, 0.9971958447848714, 0.9943339733838906, 0.9959977567013403, 1.0074365085740233, 0.9892649674305815]","[1.0192206630583673, 0.9934733290412879, 1.0029380808388948, 0.9941175990602454, 1.0051264950714491, 0.9902292552708377, 1.021759044294925, 1.002649708444543, 0.9971126126219172, 1.0019624444337405, 0.9989658807612621, 0.9967645371998867, 0.998887949873074, 1.0266899930053905, 0.9710079941405119, 0.9724576384212004, 1.0026614211228666, 1.0132719118809386, 0.9825290941338207, 0.9960770966629573, 0.9896239329813403, 1.0018887445446498, 0.9840322076169516, 0.9947681315121477, 1.009188706407506, 1.008454132433616, 0.9945295279321628, 0.9930450290412213, 1.0040611806735693, 0.9880587471860837]","[0.019220663058367338, -0.006526670958712066, 0.0029380808388947965, -0.005882400939754562, 0.005126495071449133, -0.009770744729162284, 0.021759044294924923, 0.002649708444542931, -0.0028873873780828063, 0.0019624444337404956, -0.0010341192387378628, -0.003235462800113331, -0.0011120501269259453, 0.026689993005390544, -0.028992005859488135, -0.027542361578799635, 0.002661421122866603, 0.01327191188093857, -0.017470905866179276, -0.003922903337042705, -0.010376067018659674, 0.001888744544649823, -0.01596779238304835, -0.005231868487852287, 0.00918870640750602, 0.008454132433616035, -0.00547047206783724, -0.006954970958778728, 0.004061180673569309, -0.011941252813916337]","[0.0, 0.0, 0.0, 0.0, 0.10819172114133835, 0.0, 0.0, 0.10819172114133835, 0.07496834546327591, 0.0, 0.0, 0.10819172114133835, 0.10819172114133835, 0.07645726203918457, 0.0, 0.0, 0.0, 0.09123227000236511, 0.0, 0.0, 0.0, 0.0, 0.0, 0.0, 0.10819172114133835, 0.0, 0.10819172114133835, 0.0, 0.0, 0.10819172114133835]","[0.0, 0.1, 0.1, 0.1, 0.1, 0.1, 0.1, 0.1, 0.1, 0.0, 0.0, 0.0, 0.0, 0.0, 0.0, 0.0, 0.0, 0.0, 0.0, 0.0, 0.0, 0.0, 0.0, 0.0, 0.0, 0.0, 0.0, 0.0, 0.1, 0.1]","[0.016744210102456476, 0.08707097222810004, 0.1021041705260941, 0.0873840870736739, 0.0894721797347425, 0.09833589226272714, 0.08735977260480364, 0.09737294388557304, 0.09091735653199928, 0.0, 0.005023871614346079, 0.0, 0.004657595210366732, 0.0, 0.0026080685490522185, 0.0, 0.0, 0.0, 0.0, 0.004292278597318255, 0.011761540550014896, 0.0, 0.0, 0.0, 0.0, 0.0, 0.004070605662771491, 0.004591451445964195, 0.08977708161257965, 0.11645592180741647]","[0.0, 0.0, 0.0, 0.0, 0.10819172114133835, 0.0, 0.0, 0.10819172114133835, 0.07496834546327591, 0.0, 0.0, 0.10819172114133835, 0.10819172114133835, 0.07645726203918457, 0.0, 0.0, 0.0, 0.09123227000236511, 0.0, 0.0, 0.0, 0.0, 0.0, 0.0, 0.10819172114133835, 0.0, 0.10819172114133835, 0.0, 0.0, 0.10819172114133835]",0.0021157519538583225
29,1.0352958466953668,"[1.0192206630583673, 0.9934733290412879, 1.0029380808388948, 0.9941175990602454, 1.0051264950714491, 0.9902292552708377, 1.021759044294925, 1.002649708444543, 0.9971126126219172, 1.0019624444337405, 0.9989658807612621, 0.9967645371998867, 0.998887949873074, 1.0266899930053905, 0.9710079941405119, 0.9724576384212004, 1.0026614211228666, 1.0132719118809386, 0.9825290941338207, 0.9960770966629573, 0.9896239329813403, 1.0018887445446498, 0.9840322076169516, 0.9947681315121477, 1.009188706407506, 1.008454132433616, 0.9945295279321628, 0.9930450290412213, 1.0040611806735693, 0.9880587471860837]","[0.9806673953218611, 1.0237436483687619, 0.986308135590604, 0.9968927283831301, 0.9971020744030872, 1.0155370774106358, 1.0235955782161035, 1.0234464473123028, 1.0152623885057344, 0.996332139273162, 1.0059542637829855, 1.0094268707089635, 0.9890022592315951, 0.9862829877095967, 1.0001391698003363, 0.998760402559864, 1.0200588777826638, 0.9813639493844083, 1.0087126399222237, 0.9821598310268544, 1.0040851601595775, 0.9890412501077472, 0.9954045012038153, 0.9962093898686339, 0.9872991423179147, 1.018846283306503, 1.0014995433073106, 1.003191952161192, 1.017691607278603, 1.0003962854874353]","[-0.01933260467813891, 0.02374364836876186, -0.01369186440939596, -0.0031072716168698555, -0.0028979255969128204, 0.015537077410635813, 0.023595578216103474, 0.02344644731230283, 0.015262388505734359, -0.0036678607268380015, 0.005954263782985469, 0.00942687070896353, -0.010997740768404873, -0.013717012290403341, 0.0001391698003363473, -0.00123959744013602, 0.020058877782663798, -0.018636050615591704, 0.008712639922223708, -0.017840168973145554, 0.0040851601595774945, -0.010958749892252762, -0.004595498796184705, -0.0037906101313660567, -0.012700857682085287, 0.018846283306503064, 0.0014995433073106135, 0.0031919521611920576, 0.017691607278603083, 0.00039628548743531056]","[0.0, 0.10514930635690689, 0.0, 0.08682271093130112, 0.0, 0.0, 0.10514930635690689, 0.0, 0.0, 0.10514930635690689, 0.10514930635690689, 0.0, 0.0, 0.0, 0.0, 0.10514930635690689, 0.0, 0.07556223124265671, 0.10514930635690689, 0.0, 0.0, 0.0, 0.0, 0.0, 0.0, 0.0, 0.10514930635690689, 0.0, 0.10156986862421036, 0.0]","[0.0, 0.1, 0.1, 0.1, 0.1, 0.1, 0.1, 0.1, 0.1, 0.0, 0.0, 0.0, 0.0, 0.0, 0.0, 0.0, 0.0, 0.0, 0.0, 0.0, 0.0, 0.0, 0.0, 0.0, 0.0, 0.0, 0.0, 0.0, 0.1, 0.1]","[0.0072858083770429415, 0.0902824235293617, 0.08827812972326167, 0.10698460338142514, 0.0711211017304169, 0.08160951589631935, 0.09781021418435168, 0.0753017514732358, 0.09106406795994297, 0.01838803452290362, 0.0014601327679741186, 0.0, 0.0, 0.01654114171701766, 0.010897899462260708, 0.017074999774902667, 0.0, 0.0, 0.0, 0.024114524140711344, 0.005172838896660097, 0.0075868114979601884, 0.0, 0.0, 0.0, 0.014537345373643613, 0.0018402152925430524, 0.002424202756054886, 0.07772335063868316, 0.0925008869033266]","[0.0, 0.10514930635690689, 0.0, 0.08682271093130112, 0.0, 0.0, 0.10514930635690689, 0.0, 0.0, 0.10514930635690689, 0.10514930635690689, 0.0, 0.0, 0.0, 0.0, 0.10514930635690689, 0.0, 0.07556223124265671, 0.10514930635690689, 0.0, 0.0, 0.0, 0.0, 0.0, 0.0, 0.0, 0.10514930635690689, 0.0, 0.10156986862421036, 0.0]",0.0059559923436132535
30,1.0374373326176793,"[0.9806673953218611, 1.0237436483687619, 0.986308135590604, 0.9968927283831301, 0.9971020744030872, 1.0155370774106358, 1.0235955782161035, 1.0234464473123028, 1.0152623885057344, 0.996332139273162, 1.0059542637829855, 1.0094268707089635, 0.9890022592315951, 0.9862829877095967, 1.0001391698003363, 0.998760402559864, 1.0200588777826638, 0.9813639493844083, 1.0087126399222237, 0.9821598310268544, 1.0040851601595775, 0.9890412501077472, 0.9954045012038153, 0.9962093898686339, 0.9872991423179147, 1.018846283306503, 1.0014995433073106, 1.003191952161192, 1.017691607278603, 1.0003962854874353]","[1.0067676734585802, 1.0153971400663682, 0.9997392663728655, 0.9686312471059616, 1.0215326320209859, 0.9934367285770795, 0.9972422348823591, 1.002249351620408, 0.997764309571337, 0.9989317383441944, 0.9962337328709402, 1.00097399576607, 0.9936962121142703, 1.0224217215038252, 0.9943281725344162, 0.9991383882540278, 1.0000481696961376, 1.0142167130240616, 0.999963529670467, 0.9799656125855355, 1.0016567990500083, 1.0086044370311678, 0.9893862749752271, 1.0009488364253452, 0.9951367794786989, 1.0234568264830102, 0.9961522085618245, 0.9830552684404418, 0.976851721372805, 1.001107188613037]","[0.006767673458580203, 0.015397140066368165, -0.00026073362713452397, -0.0313687528940384, 0.021532632020985876, -0.006563271422920458, -0.00275776511764092, 0.002249351620408069, -0.0022356904286630064, -0.0010682616558056468, -0.003766267129059808, 0.000973995766069935, -0.006303787885729717, 0.022421721503825154, -0.005671827465583812, -0.0008616117459722128, 4.816969613763433e-05, 0.014216713024061578, -3.647032953302265e-05, -0.020034387414464505, 0.0016567990500082619, 0.008604437031167755, -0.010613725024772869, 0.0009488364253451564, -0.004863220521301059, 0.023456826483010174, -0.003847791438175485, -0.016944731559558224, -0.02314827862719504, 0.0011071886130369357]","[0.0, 0.10000000149011612, 0.0, 0.10000000149011612, 0.0, 0.10000000149011612, 0.0, 0.10000000149011612, 0.0, 0.0, 0.0, 0.0, 0.0, 0.10000000149011612, 0.0, 0.0, 0.0, 0.0, 0.0, 0.0, 0.0, 0.10000000149011612, 0.10000000149011612, 0.10000000149011612, 0.0, 0.10000000149011612, 0.10000000149011612, 0.0, 0.0, 0.0]","[0.0, 0.1, 0.1, 0.1, 0.1, 0.1, 0.1, 0.1, 0.1, 0.0, 0.0, 0.0, 0.0, 0.0, 0.0, 0.0, 0.0, 0.0, 0.0, 0.0, 0.0, 0.0, 0.0, 0.0, 0.0, 0.0, 0.0, 0.0, 0.1, 0.1]","[0.0, 0.07581940861114231, 0.11418952544441836, 0.0686072569912241, 0.09906650984793142, 0.09353092316174963, 0.07846079770693792, 0.09535407670456617, 0.09691379284373047, 0.0, 0.016441042958301077, 0.006442631554842947, 0.006529323666964862, 0.011747604086544239, 0.0, 0.002284408955010159, 0.0028839955485513314, 0.0, 0.0, 0.008919447971304544, 0.006808339681420911, 0.010405997360525422, 0.007556901236128197, 0.0, 0.0, 0.005936737794049826, 0.0, 0.00016961287537928664, 0.10037513672386793, 0.09155652827540878]","[0.0, 0.10000000149011612, 0.0, 0.10000000149011612, 0.0, 0.10000000149011612, 0.0, 0.10000000149011612, 0.0, 0.0, 0.0, 0.0, 0.0, 0.10000000149011612, 0.0, 0.0, 0.0, 0.0, 0.0, 0.0, 0.0, 0.10000000149011612, 0.10000000149011612, 0.10000000149011612, 0.0, 0.10000000149011612, 0.10000000149011612, 0.0, 0.0, 0.0]",0.0016889608849212088
31,1.0361423801492902,"[1.0067676734585802, 1.0153971400663682, 0.9997392663728655, 0.9686312471059616, 1.0215326320209859, 0.9934367285770795, 0.9972422348823591, 1.002249351620408, 0.997764309571337, 0.9989317383441944, 0.9962337328709402, 1.00097399576607, 0.9936962121142703, 1.0224217215038252, 0.9943281725344162, 0.9991383882540278, 1.0000481696961376, 1.0142167130240616, 0.999963529670467, 0.9799656125855355, 1.0016567990500083, 1.0086044370311678, 0.9893862749752271, 1.0009488364253452, 0.9951367794786989, 1.0234568264830102, 0.9961522085618245, 0.9830552684404418, 0.976851721372805, 1.001107188613037]","[1.0191311601237305, 0.973661348158589, 1.0179800007684798, 0.9953878241481531, 1.0142324532059828, 1.0243291700847301, 0.9995901135954129, 1.0012113803447495, 1.0022378811873767, 0.9887470398084602, 1.0131494095012643, 1.003015950318537, 0.9923117084811194, 0.9926473971538373, 1.0203820719036079, 1.002243218309941, 0.9867210683149524, 1.0253708442325347, 0.9989889495047699, 0.9839785990958928, 1.0123069467403372, 1.007881650188359, 1.0177141824245133, 0.9954288085741252, 1.0079481154775685, 0.9995309365701708, 1.0021768011520809, 0.9973360603702366, 0.9810463656694108, 0.9943594293602679]","[0.019131160123730506, -0.026338651841411043, 0.01798000076847983, -0.0046121758518469225, 0.014232453205982765, 0.024329170084730123, -0.0004098864045870565, 0.0012113803447495464, 0.002237881187376667, -0.011252960191539763, 0.013149409501264309, 0.003015950318536964, -0.007688291518880619, -0.007352602846162681, 0.020382071903607857, 0.0022432183099410086, -0.013278931685047568, 0.02537084423253466, -0.0010110504952300925, -0.016021400904107197, 0.012306946740337166, 0.007881650188358957, 0.01771418242451328, -0.00457119142587481, 0.007948115477568463, -0.00046906342982921956, 0.002176801152080854, -0.002663939629763412, -0.018953634330589164, -0.005640570639732112]","[0.0, 0.08995995670557022, 0.0, 0.0, 0.0, 0.10926675796508789, 0.0, 0.0, 0.0, 0.10926675796508789, 0.0, 0.08582084625959396, 0.0848424956202507, 0.0, 0.10926675796508789, 0.0, 0.10926675796508789, 0.0, 0.0, 0.0, 0.0, 0.0, 0.08889748901128769, 0.0, 0.0, 0.0, 0.0, 0.10926675796508789, 0.10414543002843857, 0.0]","[0.0, 0.1, 0.1, 0.1, 0.1, 0.1, 0.1, 0.1, 0.1, 0.0, 0.0, 0.0, 0.0, 0.0, 0.0, 0.0, 0.0, 0.0, 0.0, 0.0, 0.0, 0.0, 0.0, 0.0, 0.0, 0.0, 0.0, 0.0, 0.1, 0.1]","[0.0, 0.09287356168165664, 0.0762265652984288, 0.08257653039644139, 0.08085041575353809, 0.0951265238695032, 0.08861110732891816, 0.08140106099780631, 0.08489827432747654, 0.0, 0.013706654249288843, 0.0, 0.011910842936630254, 0.010339119094585347, 0.0, 0.0, 0.006331605609984651, 0.0035756168433338444, 0.0, 0.00755692705036556, 0.016090592989147702, 0.001555277857107952, 0.0, 0.007686023510049542, 0.0, 0.00563101410335131, 0.021686533564721694, 0.007388314921640447, 0.10351546979212933, 0.10046196782389452]","[0.0, 0.08995995670557022, 0.0, 0.0, 0.0, 0.10926675796508789, 0.0, 0.0, 0.0, 0.10926675796508789, 0.0, 0.08582084625959396, 0.0848424956202507, 0.0, 0.10926675796508789, 0.0, 0.10926675796508789, 0.0, 0.0, 0.0, 0.0, 0.0, 0.08889748901128769, 0.0, 0.0, 0.0, 0.0, 0.10926675796508789, 0.10414543002843857, 0.0]",-0.0016141570603764154
32,1.0392795952281537,"[1.0191311601237305, 0.973661348158589, 1.0179800007684798, 0.9953878241481531, 1.0142324532059828, 1.0243291700847301, 0.9995901135954129, 1.0012113803447495, 1.0022378811873767, 0.9887470398084602, 1.0131494095012643, 1.003015950318537, 0.9923117084811194, 0.9926473971538373, 1.0203820719036079, 1.002243218309941, 0.9867210683149524, 1.0253708442325347, 0.9989889495047699, 0.9839785990958928, 1.0123069467403372, 1.007881650188359, 1.0177141824245133, 0.9954288085741252, 1.0079481154775685, 0.9995309365701708, 1.0021768011520809, 0.9973360603702366, 0.9810463656694108, 0.9943594293602679]","[1.0050301373062351, 1.0137611644979498, 0.9897345524397771, 1.0044456114241525, 1.016350246470316, 1.0201115027829633, 1.0035933978499851, 0.9968275692027889, 1.0023657708209686, 0.9890571068905424, 0.9936816229142746, 1.0027873472716413, 1.0204463597703972, 0.9964586718471028, 1.0071473327092344, 0.9837861942055126, 0.979538495099816, 0.9978126535071974, 1.0068225333150047, 1.0026311064432014, 0.9824422779841392, 0.9915758347734958, 1.0011189996872545, 0.9950943637102566, 0.9786241769200195, 1.004108939992611, 0.9990122607356569, 0.9921666110138184, 1.0132007945503758, 0.9964555354064177]","[0.0050301373062351384, 0.01376116449794984, -0.010265447560222851, 0.004445611424152451, 0.01635024647031602, 0.020111502782963253, 0.003593397849985136, -0.003172430797211079, 0.00236577082096856, -0.010942893109457619, -0.006318377085725357, 0.002787347271641316, 0.020446359770397216, -0.003541328152897205, 0.0071473327092344, -0.01621380579448739, -0.020461504900183947, -0.002187346492802611, 0.0068225333150047085, 0.002631106443201414, -0.01755772201586081, -0.008424165226504243, 0.001118999687254485, -0.004905636289743387, -0.021375823079980538, 0.0041089399926110826, -0.000987739264343146, -0.007833388986181578, 0.013200794550375816, -0.003544464593582264]","[0.10075539350509644, 0.0, 0.0, 0.0, 0.0983661413192749, 0.10075539350509644, 0.0, 0.0, 0.10075539350509644, 0.0, 0.0, 0.10075539350509644, 0.0, 0.10075539350509644, 0.0, 0.0, 0.0, 0.0, 0.0, 0.0, 0.0, 0.0, 0.09559059888124466, 0.10075539350509644, 0.0, 0.0, 0.10075539350509644, 0.10075539350509644, 0.0, 0.0]","[0.0, 0.1, 0.1, 0.1, 0.1, 0.1, 0.1, 0.1, 0.1, 0.0, 0.0, 0.0, 0.0, 0.0, 0.0, 0.0, 0.0, 0.0, 0.0, 0.0, 0.0, 0.0, 0.0, 0.0, 0.0, 0.0, 0.0, 0.0, 0.1, 0.1]","[0.0, 0.08958344057148873, 0.10650444450052578, 0.08935330324842873, 0.10369098960498714, 0.09230697017596143, 0.0996926416068663, 0.1088817571235052, 0.09103768177585635, 0.0, 0.0, 0.0, 0.006893968377108719, 0.003923611601123856, 0.010627394407200457, 0.011960998799311113, 0.0, 0.0, 0.0, 0.0, 0.0, 0.0, 0.0, 0.0018439808799769488, 0.0, 0.0, 0.0, 0.0, 0.09209810000792217, 0.09160071731973708]","[0.10075540840625763, 0.0, 0.0, 0.0, 0.0983661562204361, 0.10075540840625763, 0.0, 0.0, 0.10075540840625763, 0.0, 0.0, 0.10075540840625763, 0.0, 0.10075540840625763, 0.0, 0.0, 0.0, 0.0, 0.0, 0.0, 0.0, 0.0, 0.09559061378240585, 0.10075540840625763, 0.0, 0.0, 0.10075540840625763, 0.10075540840625763, 0.0, 0.0]",0.0026428418113510904
33,1.0406390118426985,"[1.0050301373062351, 1.0137611644979498, 0.9897345524397771, 1.0044456114241525, 1.016350246470316, 1.0201115027829633, 1.0035933978499851, 0.9968275692027889, 1.0023657708209686, 0.9890571068905424, 0.9936816229142746, 1.0027873472716413, 1.0204463597703972, 0.9964586718471028, 1.0071473327092344, 0.9837861942055126, 0.979538495099816, 0.9978126535071974, 1.0068225333150047, 1.0026311064432014, 0.9824422779841392, 0.9915758347734958, 1.0011189996872545, 0.9950943637102566, 0.9786241769200195, 1.004108939992611, 0.9990122607356569, 0.9921666110138184, 1.0132007945503758, 0.9964555354064177]","[0.9958042166817225, 1.0039437084252858, 0.9876846092541948, 1.0053914500069854, 1.0018938987231982, 0.9933111955843225, 1.0039414152084272, 1.0082263861476393, 1.0204402878989254, 1.0082095023455901, 0.989865086240313, 0.9885369494001289, 1.0023938861856259, 1.0059527138684183, 0.9834977063304327, 0.9979822372453145, 1.0106081312613193, 1.0024704743292532, 1.0052068843252933, 0.9977043404870232, 0.9951134291370777, 0.9960996038338951, 0.9941858141251046, 0.9792858985641655, 0.9947938533060912, 1.0053818563662698, 1.0036861878084509, 0.9848740112332665, 1.0133386811422498, 0.9779485658862924]","[-0.004195783318277524, 0.003943708425285797, -0.012315390745805233, 0.005391450006985377, 0.0018938987231982285, -0.006688804415677541, 0.003941415208427168, 0.008226386147639264, 0.02044028789892538, 0.008209502345590147, -0.010134913759687003, -0.011463050599871072, 0.0023938861856258598, 0.005952713868418336, -0.016502293669567347, -0.0020177627546854593, 0.01060813126131932, 0.0024704743292531806, 0.0052068843252932595, -0.002295659512976833, -0.004886570862922324, -0.0039003961661049358, -0.00581418587489535, -0.02071410143583452, -0.005206146693908842, 0.005381856366269755, 0.0036861878084508692, -0.015125988766733545, 0.013338681142249786, -0.02205143411370758]","[0.0, 0.0807037204504013, 0.0, 0.0, 0.0, 0.0, 0.10892677307128906, 0.0, 0.0, 0.0915377289056778, 0.07792086899280548, 0.0, 0.0, 0.0, 0.0, 0.10892677307128906, 0.09627702832221985, 0.10892677307128906, 0.0, 0.0, 0.0, 0.10892677307128906, 0.10892677307128906, 0.0, 0.0, 0.10892677307128906, 0.0, 0.0, 0.0, 0.0]","[0.0, 0.1, 0.1, 0.1, 0.1, 0.1, 0.1, 0.1, 0.1, 0.0, 0.0, 0.0, 0.0, 0.0, 0.0, 0.0, 0.0, 0.0, 0.0, 0.0, 0.0, 0.0, 0.0, 0.0, 0.0, 0.0, 0.0, 0.0, 0.1, 0.1]","[0.0, 0.11025756131215153, 0.1085935151810793, 0.0731227679551619, 0.07998955954941006, 0.0739575588902019, 0.08661148054299314, 0.09838960921506426, 0.1023200229091921, 0.0, 0.0, 0.0, 0.0, 0.01489438592333236, 0.011173463663987608, 0.0, 0.00877339602622422, 0.0, 0.0, 0.0, 0.00702741000703214, 0.0, 0.0, 0.0, 0.01063997521596291, 0.013563616665420868, 0.0, 0.0, 0.10248545531322885, 0.0982002216295569]","[0.0, 0.0807037204504013, 0.0, 0.0, 0.0, 0.0, 0.10892677307128906, 0.0, 0.0, 0.0915377289056778, 0.07792086899280548, 0.0, 0.0, 0.0, 0.0, 0.10892677307128906, 0.09627702832221985, 0.10892677307128906, 0.0, 0.0, 0.0, 0.10892677307128906, 0.10892677307128906, 0.0, 0.0, 0.10892677307128906, 0.0, 0.0, 0.0, 0.0]",0.0009672224270366777
34,1.037983940595713,"[0.9958042166817225, 1.0039437084252858, 0.9876846092541948, 1.0053914500069854, 1.0018938987231982, 0.9933111955843225, 1.0039414152084272, 1.0082263861476393, 1.0204402878989254, 1.0082095023455901, 0.989865086240313, 0.9885369494001289, 1.0023938861856259, 1.0059527138684183, 0.9834977063304327, 0.9979822372453145, 1.0106081312613193, 1.0024704743292532, 1.0052068843252933, 0.9977043404870232, 0.9951134291370777, 0.9960996038338951, 0.9941858141251046, 0.9792858985641655, 0.9947938533060912, 1.0053818563662698, 1.0036861878084509, 0.9848740112332665, 1.0133386811422498, 0.9779485658862924]","[1.0279376204724253, 0.9944894240782954, 0.9923666848279623, 0.9951775653616839, 1.0168639031754616, 0.9966611703209911, 1.0236214999344828, 0.9977846684333094, 0.9895148869407036, 0.986399858069753, 1.0056687046331396, 1.014276568238842, 1.0007878479503491, 1.0027163208935548, 1.0037023848356759, 0.9938360499676279, 0.9966536035491512, 1.0013422662919875, 0.9906414490303266, 1.002391598341201, 0.9914448882111725, 1.0071690326319829, 0.9918818368610127, 0.9921055689936888, 0.9985849597912444, 0.9975029646775349, 0.9930388903596792, 0.9875360837599235, 0.9889706424310303, 0.9895353371158596]","[0.027937620472425317, -0.0055105759217045636, -0.007633315172037691, -0.004822434638316109, 0.016863903175461603, -0.0033388296790088923, 0.023621499934482815, -0.002215331566690626, -0.010485113059296447, -0.013600141930246945, 0.005668704633139621, 0.014276568238841936, 0.0007878479503491409, 0.00271632089355478, 0.003702384835675865, -0.006163950032372134, -0.0033463964508487765, 0.0013422662919875261, -0.009358550969673418, 0.002391598341201062, -0.008555111788827507, 0.0071690326319828745, -0.008118163138987278, -0.007894431006311153, -0.0014150402087556024, -0.0024970353224651465, -0.006961109640320817, -0.012463916240076478, -0.011029357568969722, -0.010464662884140385]","[0.0, 0.0, 0.12096940726041794, 0.0, 0.0, 0.0, 0.07544993609189987, 0.0, 0.0, 0.05790818855166435, 0.0, 0.1059284508228302, 0.0, 0.0, 0.0, 0.12096940726041794, 0.12096940726041794, 0.0, 0.0, 0.08225645124912262, 0.0, 0.0, 0.0, 0.07360988855361938, 0.0, 0.0, 0.0, 0.0, 0.12096940726041794, 0.12096940726041794]","[0.0, 0.1, 0.1, 0.1, 0.1, 0.1, 0.1, 0.1, 0.1, 0.0, 0.0, 0.0, 0.0, 0.0, 0.0, 0.0, 0.0, 0.0, 0.0, 0.0, 0.0, 0.0, 0.0, 0.0, 0.0, 0.0, 0.0, 0.0, 0.1, 0.1]","[0.016763078117774367, 0.08517277661934197, 0.0974951311151512, 0.09669836400696111, 0.09707344000916367, 0.09250473712101118, 0.0979637966636335, 0.09902128432377315, 0.0828203163891592, 0.0, 0.0, 0.02116360738488816, 0.0, 0.010721214382716025, 0.0, 0.0, 0.004373529867558876, 0.0081954963514292, 0.0, 0.0, 0.0, 0.004889552775126038, 0.0032082389219603774, 0.016078837659442565, 0.0, 0.0, 0.007148385113811256, 0.0, 0.07486575495896018, 0.08384245821813789]","[0.0, 0.0, 0.12096940726041794, 0.0, 0.0, 0.0, 0.07544993609189987, 0.0, 0.0, 0.05790818855166435, 0.0, 0.1059284508228302, 0.0, 0.0, 0.0, 0.12096940726041794, 0.12096940726041794, 0.0, 0.0, 0.08225645124912262, 0.0, 0.0, 0.0, 0.07360988855361938, 0.0, 0.0, 0.0, 0.0, 0.12096940726041794, 0.12096940726041794]",-0.0029355644103679773
35,1.0413667728446974,"[1.0279376204724253, 0.9944894240782954, 0.9923666848279623, 0.9951775653616839, 1.0168639031754616, 0.9966611703209911, 1.0236214999344828, 0.9977846684333094, 0.9895148869407036, 0.986399858069753, 1.0056687046331396, 1.014276568238842, 1.0007878479503491, 1.0027163208935548, 1.0037023848356759, 0.9938360499676279, 0.9966536035491512, 1.0013422662919875, 0.9906414490303266, 1.002391598341201, 0.9914448882111725, 1.0071690326319829, 0.9918818368610127, 0.9921055689936888, 0.9985849597912444, 0.9975029646775349, 0.9930388903596792, 0.9875360837599235, 0.9889706424310303, 0.9895353371158596]","[0.978557211996121, 1.015008267303178, 0.975893876503781, 1.001927262825346, 0.9893899550352647, 0.980377275698605, 0.9960801216497714, 0.9843564005847829, 1.0016254672558045, 1.0148179387696075, 1.016745803279701, 0.9952611703428853, 0.9888431207674023, 0.9989639420690756, 1.0070216971506247, 1.0185626529487697, 1.0100813321264612, 1.0124568379340253, 1.000020535431865, 0.979973688174104, 1.000997599995081, 1.0123141813815328, 0.9961662428598143, 1.0048833488064814, 0.9840124801787783, 0.9994369147237219, 1.0126923905372542, 1.0213775260456748, 1.0130304444768627, 0.9916441180484178]","[-0.021442788003879, 0.015008267303177947, -0.02410612349621899, 0.0019272628253459434, -0.010610044964735277, -0.019622724301395, -0.003919878350228556, -0.01564359941521709, 0.0016254672558044803, 0.014817938769607464, 0.016745803279700988, -0.004738829657114696, -0.011156879232597672, -0.0010360579309244278, 0.007021697150624728, 0.018562652948769687, 0.010081332126461229, 0.0124568379340253, 2.0535431864976417e-05, -0.02002631182589598, 0.0009975999950810888, 0.01231418138153284, -0.003833757140185745, 0.004883348806481447, -0.015987519821221707, -0.0005630852762781302, 0.012692390537254239, 0.021377526045674777, 0.013030444476862746, -0.008355881951582211]","[0.0, 0.0827622339129448, 0.0, 0.10862749069929123, 0.0, 0.0, 0.0, 0.0, 0.0, 0.0, 0.10862749069929123, 0.0, 0.10862749069929123, 0.0, 0.0, 0.0, 0.05397729575634003, 0.0, 0.10862749069929123, 0.10862749069929123, 0.10862749069929123, 0.0, 0.0, 0.0, 0.0, 0.0, 0.10286807268857956, 0.0, 0.10862749069929123, 0.0]","[0.0, 0.1, 0.1, 0.1, 0.1, 0.1, 0.1, 0.1, 0.1, 0.0, 0.0, 0.0, 0.0, 0.0, 0.0, 0.0, 0.0, 0.0, 0.0, 0.0, 0.0, 0.0, 0.0, 0.0, 0.0, 0.0, 0.0, 0.0, 0.1, 0.1]","[0.004898048234914065, 0.10360282809192271, 0.09028563309532195, 0.0919658301290665, 0.09006229149135048, 0.0932905907224727, 0.0785440531955891, 0.08070856954207913, 0.09108683305874016, 0.002873407786459779, 0.004789320191318508, 0.0, 0.013331607405904772, 0.010702401206036249, 0.009904572582777318, 0.0, 0.008139523705317816, 0.006407467415308429, 0.0030773651883516, 0.001573832246200167, 0.0, 0.023148834696635628, 0.01956865019995298, 0.0, 0.0, 0.0, 0.0070773368831666544, 0.0, 0.07307397041009545, 0.09188703252101796]","[0.0, 0.0827622339129448, 0.0, 0.10862749069929123, 0.0, 0.0, 0.0, 0.0, 0.0, 0.0, 0.10862749069929123, 0.0, 0.10862749069929123, 0.0, 0.0, 0.0, 0.05397729575634003, 0.0, 0.10862749069929123, 0.10862749069929123, 0.10862749069929123, 0.0, 0.0, 0.0, 0.0, 0.0, 0.10286807268857956, 0.0, 0.10862749069929123, 0.0]",0.00283961807629317
36,1.0403806587993571,"[0.978557211996121, 1.015008267303178, 0.975893876503781, 1.001927262825346, 0.9893899550352647, 0.980377275698605, 0.9960801216497714, 0.9843564005847829, 1.0016254672558045, 1.0148179387696075, 1.016745803279701, 0.9952611703428853, 0.9888431207674023, 0.9989639420690756, 1.0070216971506247, 1.0185626529487697, 1.0100813321264612, 1.0124568379340253, 1.000020535431865, 0.979973688174104, 1.000997599995081, 1.0123141813815328, 0.9961662428598143, 1.0048833488064814, 0.9840124801787783, 0.9994369147237219, 1.0126923905372542, 1.0213775260456748, 1.0130304444768627, 0.9916441180484178]","[0.9816914057609009, 0.9915938210647434, 1.0146779490542537, 1.008314591043506, 1.0257168995397639, 0.9961480775423616, 0.9972834723999037, 0.995881777575212, 1.006396928036227, 0.9974944078971966, 0.9945180855125755, 0.9965479915905421, 0.9882063356362212, 0.9817418706528224, 0.9943855130832147, 0.9880032541407867, 0.9774334259814869, 0.9815938310770805, 0.9792751401821777, 0.9962612940638385, 1.0165777008201502, 1.0014035116837925, 1.013569039578369, 0.9984075685368549, 1.0156157080548132, 1.0093535801178077, 0.9862501648425409, 0.9999840142611592, 1.0162818814447303, 1.0065739298887018]","[-0.01830859423909914, -0.008406178935256636, 0.01467794905425368, 0.00831459104350607, 0.02571689953976386, -0.0038519224576384348, -0.00271652760009633, -0.004118222424787987, 0.006396928036227045, -0.0025055921028034334, -0.005481914487424522, -0.0034520084094579184, -0.011793664363778822, -0.018258129347177632, -0.005614486916785344, -0.011996745859213287, -0.02256657401851314, -0.018406168922919464, -0.02072485981782235, -0.003738705936161546, 0.0165777008201502, 0.001403511683792491, 0.013569039578368969, -0.0015924314631451386, 0.01561570805481316, 0.009353580117807736, -0.01374983515745909, -1.5985738840762487e-05, 0.016281881444730306, 0.006573929888701757]","[0.0, 0.0, 0.0, 0.0, 0.0, 0.1035890281200409, 0.0, 0.0, 0.09540122747421265, 0.0, 0.0, 0.09694042056798935, 0.0, 0.09468201547861099, 0.0, 0.10246377438306808, 0.0, 0.0, 0.0, 0.0, 0.1012333333492279, 0.1035890281200409, 0.0, 0.0, 0.1035890281200409, 0.0, 0.09492309391498566, 0.1035890281200409, 0.0, 0.0]","[0.0, 0.1, 0.1, 0.1, 0.1, 0.1, 0.1, 0.1, 0.1, 0.0, 0.0, 0.0, 0.0, 0.0, 0.0, 0.0, 0.0, 0.0, 0.0, 0.0, 0.0, 0.0, 0.0, 0.0, 0.0, 0.0, 0.0, 0.0, 0.1, 0.1]","[0.0, 0.08109346763878077, 0.0865882701734643, 0.09121707601882079, 0.08925828610965118, 0.09201975276715267, 0.08308425933221562, 0.09639744577329282, 0.1070264643704231, 0.009402983608151689, 0.0, 0.01184259381706367, 0.0, 0.0, 0.0, 0.008383927029188958, 0.0, 0.0, 0.0, 0.0013623000406902646, 0.004915679251624092, 0.011552787446505198, 0.0, 0.0, 0.019358928257859905, 0.0, 0.0, 0.012879297324587868, 0.10129675514204185, 0.09231972589848524]","[0.0, 0.0, 0.0, 0.0, 0.0, 0.1035890281200409, 0.0, 0.0, 0.09540122747421265, 0.0, 0.0, 0.09694042056798935, 0.0, 0.09468201547861099, 0.0, 0.10246377438306808, 0.0, 0.0, 0.0, 0.0, 0.1012333333492279, 0.1035890281200409, 0.0, 0.0, 0.1035890281200409, 0.0, 0.09492309391498566, 0.1035890281200409, 0.0, 0.0]",-0.0012750394664521876
37,1.0422406652545007,"[0.9816914057609009, 0.9915938210647434, 1.0146779490542537, 1.008314591043506, 1.0257168995397639, 0.9961480775423616, 0.9972834723999037, 0.995881777575212, 1.006396928036227, 0.9974944078971966, 0.9945180855125755, 0.9965479915905421, 0.9882063356362212, 0.9817418706528224, 0.9943855130832147, 0.9880032541407867, 0.9774334259814869, 0.9815938310770805, 0.9792751401821777, 0.9962612940638385, 1.0165777008201502, 1.0014035116837925, 1.013569039578369, 0.9984075685368549, 1.0156157080548132, 1.0093535801178077, 0.9862501648425409, 0.9999840142611592, 1.0162818814447303, 1.0065739298887018]","[1.0000319487601435, 1.011777537854605, 0.9956133212468771, 1.0158091235073048, 0.993957529548391, 1.0177789399443427, 1.0017776954906057, 1.006536939904132, 1.0029515286562203, 1.0228402185242662, 1.0038499358219457, 1.006031835230627, 0.9926440701738785, 0.9920060917550922, 0.9967657146070347, 0.9985134412004572, 1.0013900691626003, 0.991738894023698, 1.0003881373120644, 0.9917524411878511, 0.9946759415119665, 1.0246559744112305, 0.9948964259028241, 1.0067172733198224, 0.993818052677831, 0.9930980820194236, 1.0117906412369144, 1.0084574889660123, 1.0021631985376045, 1.0004313786690848]","[3.194876014345205e-05, 0.011777537854605002, -0.00438667875312293, 0.01580912350730479, -0.006042470451608994, 0.017778939944342653, 0.0017776954906056908, 0.006536939904131955, 0.0029515286562202814, 0.02284021852426621, 0.0038499358219457047, 0.006031835230627003, -0.007355929826121543, -0.007993908244907755, -0.0032342853929653304, -0.0014865587995428475, 0.0013900691626003159, -0.00826110597630203, 0.00038813731206444047, -0.008247558812148892, -0.005324058488033523, 0.024655974411230464, -0.005103574097175878, 0.006717273319822414, -0.006181947322169035, -0.0069019179805763775, 0.011790641236914423, 0.008457488966012283, 0.0021631985376044938, 0.00043137866908482536]","[0.1013394147157669, 0.0, 0.0, 0.0, 0.0, 0.08794530481100082, 0.0, 0.0, 0.0, 0.1013394147157669, 0.1013394147157669, 0.0, 0.0, 0.1013394147157669, 0.1013394147157669, 0.1013394147157669, 0.0, 0.0, 0.0, 0.0, 0.1013394147157669, 0.0, 0.0, 0.0, 0.0, 0.1013394147157669, 0.0, 0.0, 0.0, 0.1013394147157669]","[0.0, 0.1, 0.1, 0.1, 0.1, 0.1, 0.1, 0.1, 0.1, 0.0, 0.0, 0.0, 0.0, 0.0, 0.0, 0.0, 0.0, 0.0, 0.0, 0.0, 0.0, 0.0, 0.0, 0.0, 0.0, 0.0, 0.0, 0.0, 0.1, 0.1]","[0.0, 0.09701214352863487, 0.09948689113221829, 0.098075840047798, 0.08708358602849453, 0.09965804894202351, 0.10129335613779128, 0.08384835798902912, 0.10419310991653523, 0.00938399633546836, 0.009378842596971798, 0.007406051581404154, 0.007483933850322648, 0.0, 0.0, 0.0, 0.00017689422047387503, 0.0, 0.0, 0.00026150146796332074, 0.0, 0.005335845903838794, 0.007694365533189338, 0.005307797560009603, 0.0, 0.00016261626456297852, 0.0, 0.009559314652842706, 0.08610653234008493, 0.08109097397034278]","[0.1013394147157669, 0.0, 0.0, 0.0, 0.0, 0.08794530481100082, 0.0, 0.0, 0.0, 0.1013394147157669, 0.1013394147157669, 0.0, 0.0, 0.1013394147157669, 0.1013394147157669, 0.1013394147157669, 0.0, 0.0, 0.0, 0.0, 0.1013394147157669, 0.0, 0.0, 0.0, 0.0, 0.1013394147157669, 0.0, 0.0, 0.0, 0.1013394147157669]",0.0014782463620857044
38,1.0491588767405362,"[1.0000319487601435, 1.011777537854605, 0.9956133212468771, 1.0158091235073048, 0.993957529548391, 1.0177789399443427, 1.0017776954906057, 1.006536939904132, 1.0029515286562203, 1.0228402185242662, 1.0038499358219457, 1.006031835230627, 0.9926440701738785, 0.9920060917550922, 0.9967657146070347, 0.9985134412004572, 1.0013900691626003, 0.991738894023698, 1.0003881373120644, 0.9917524411878511, 0.9946759415119665, 1.0246559744112305, 0.9948964259028241, 1.0067172733198224, 0.993818052677831, 0.9930980820194236, 1.0117906412369144, 1.0084574889660123, 1.0021631985376045, 1.0004313786690848]","[0.9875213726383975, 0.9906870010340185, 1.013335971103252, 0.9982000333500799, 0.9961909782010249, 1.0023893519983018, 1.011806465618509, 1.0076435516227407, 0.9853227242909075, 0.99815576795559, 0.9956514629671311, 1.0318317976210005, 1.0044570464463989, 1.0003588621715147, 0.9967600214225307, 1.0448939230586936, 0.9941586169798767, 0.9837212417446413, 0.9920955209043681, 1.00845816829054, 1.0226051367103404, 0.9982960225723634, 1.0100785241283374, 1.011533749019333, 0.9948718135486784, 0.9978180331458845, 0.993233559445347, 1.0027092339029664, 1.0038835966483304, 0.9828247374216682]","[-0.012478627361602546, -0.009312998965981478, 0.013335971103251909, -0.001799966649920104, -0.003809021798975132, 0.002389351998301814, 0.011806465618509066, 0.007643551622740663, -0.014677275709092497, -0.001844232044409977, -0.00434853703286886, 0.031831797621000524, 0.004457046446398882, 0.0003588621715147067, -0.0032399785774692713, 0.04489392305869355, -0.00584138302012327, -0.01627875825535874, -0.007904479095631856, 0.008458168290540025, 0.022605136710340368, -0.001703977427636616, 0.01007852412833743, 0.011533749019333017, -0.005128186451321626, -0.0021819668541155357, -0.00676644055465303, 0.0027092339029664014, 0.0038835966483303785, -0.017175262578331796]","[0.0, 0.0, 0.11197491735219955, 0.0, 0.11197491735219955, 0.0, 0.0, 0.0, 0.0, 0.10159442573785782, 0.0, 0.0, 0.0, 0.09514770656824112, 0.0, 0.11197491735219955, 0.0, 0.0, 0.0, 0.0735798329114914, 0.11197491735219955, 0.0, 0.0, 0.0, 0.0, 0.0, 0.11197491735219955, 0.0, 0.05782854184508324, 0.11197491735219955]","[0.0, 0.1, 0.1, 0.1, 0.1, 0.1, 0.1, 0.1, 0.1, 0.0, 0.0, 0.0, 0.0, 0.0, 0.0, 0.0, 0.0, 0.0, 0.0, 0.0, 0.0, 0.0, 0.0, 0.0, 0.0, 0.0, 0.0, 0.0, 0.1, 0.1]","[0.0006025210677715145, 0.09455045445812466, 0.09004625695132842, 0.08547236681546085, 0.07261185499639337, 0.09277073848863446, 0.0873702640510491, 0.10242314929196297, 0.08849313354643844, 0.014451332326967636, 0.006855512926137795, 0.005408152158680405, 0.0, 0.0, 0.010653335012120884, 0.0, 0.013586950907439256, 0.008436439165553058, 0.0023471924144129815, 0.009413732844694116, 0.005752871247871553, 0.012156655592247947, 0.01482599027911989, 0.0, 0.006009533352173024, 0.004132285660026993, 0.007551323067975626, 0.0, 0.08720501634264632, 0.07687293703476872]","[0.0, 0.0, 0.11197491735219955, 0.0, 0.11197491735219955, 0.0, 0.0, 0.0, 0.0, 0.10159442573785782, 0.0, 0.0, 0.0, 0.09514770656824112, 0.0, 0.11197491735219955, 0.0, 0.0, 0.0, 0.0735798329114914, 0.11197491735219955, 0.0, 0.0, 0.0, 0.0, 0.0, 0.11197491735219955, 0.0, 0.05782854184508324, 0.11197491735219955]",0.006267578588024827
39,1.050443915557712,"[0.9875213726383975, 0.9906870010340185, 1.013335971103252, 0.9982000333500799, 0.9961909782010249, 1.0023893519983018, 1.011806465618509, 1.0076435516227407, 0.9853227242909075, 0.99815576795559, 0.9956514629671311, 1.0318317976210005, 1.0044570464463989, 1.0003588621715147, 0.9967600214225307, 1.0448939230586936, 0.9941586169798767, 0.9837212417446413, 0.9920955209043681, 1.00845816829054, 1.0226051367103404, 0.9982960225723634, 1.0100785241283374, 1.011533749019333, 0.9948718135486784, 0.9978180331458845, 0.993233559445347, 1.0027092339029664, 1.0038835966483304, 0.9828247374216682]","[1.0156728785813733, 1.0228059552128244, 1.0098041276617902, 0.9860677971144671, 1.0113105399989957, 1.0228464102346948, 1.005257715398727, 0.9865970722181453, 0.9992952240359612, 1.0264608611374786, 1.0164165914188565, 0.9835980720763564, 0.988523608775428, 0.9909411724308427, 1.0132299319430882, 0.983910340192226, 1.0037644436955977, 0.983965678862776, 0.9945396385871239, 1.0134224731489578, 0.9944334770211641, 1.0027097207070195, 0.9927724260738989, 0.9846997140400502, 1.0154791657463815, 1.0100201839878782, 0.9837081100485049, 1.0107671159173124, 1.0146553155344815, 0.989281056847808]","[0.01567287858137334, 0.022805955212824358, 0.009804127661790174, -0.013932202885532874, 0.011310539998995672, 0.022846410234694803, 0.005257715398726992, -0.013402927781854701, -0.0007047759640388396, 0.026460861137478586, 0.01641659141885654, -0.01640192792364359, -0.011476391224572002, -0.009058827569157324, 0.013229931943088191, -0.016089659807773993, 0.0037644436955976968, -0.016034321137224028, -0.005460361412876091, 0.013422473148957836, -0.005566522978835864, 0.0027097207070194695, -0.007227573926101072, -0.015300285959949811, 0.015479165746381529, 0.010020183987878184, -0.01629188995149511, 0.010767115917312386, 0.014655315534481517, -0.010718943152192018]","[0.0, 0.10142732411623001, 0.0, 0.0, 0.0, 0.0981060266494751, 0.0, 0.0, 0.10142732411623001, 0.0, 0.0, 0.0, 0.0, 0.0, 0.0, 0.10142732411623001, 0.0, 0.10142732411623001, 0.10142732411623001, 0.0, 0.10142732411623001, 0.0, 0.0, 0.09047539532184601, 0.0, 0.10142732411623001, 0.0, 0.0, 0.10142732411623001, 0.0]","[0.0, 0.1, 0.1, 0.1, 0.1, 0.1, 0.1, 0.1, 0.1, 0.0, 0.0, 0.0, 0.0, 0.0, 0.0, 0.0, 0.0, 0.0, 0.0, 0.0, 0.0, 0.0, 0.0, 0.0, 0.0, 0.0, 0.0, 0.0, 0.1, 0.1]","[0.010796923616067279, 0.09279719483942653, 0.10390824771434383, 0.07909531168552011, 0.09972555501857804, 0.08340056699694334, 0.10050421652554509, 0.11224601679229812, 0.08633434147089655, 0.012567355506681043, 0.0, 0.003230139740248744, 0.0, 0.006176593096758663, 0.0, 0.0, 0.0, 0.0, 0.015277503886521052, 0.0019628042245744, 0.014094737183238214, 0.0033173852726184226, 0.0, 0.0, 0.0, 0.0, 0.0, 0.0, 0.08250295082574001, 0.09206215560400072]","[0.0, 0.10142732411623001, 0.0, 0.0, 0.0, 0.0981060266494751, 0.0, 0.0, 0.10142732411623001, 0.0, 0.0, 0.0, 0.0, 0.0, 0.0, 0.10142732411623001, 0.0, 0.10142732411623001, 0.10142732411623001, 0.0, 0.10142732411623001, 0.0, 0.0, 0.09047539532184601, 0.0, 0.10142732411623001, 0.0, 0.0, 0.10142732411623001, 0.0]",0.0008793944459374845
40,1.050020713680516,"[1.0156728785813733, 1.0228059552128244, 1.0098041276617902, 0.9860677971144671, 1.0113105399989957, 1.0228464102346948, 1.005257715398727, 0.9865970722181453, 0.9992952240359612, 1.0264608611374786, 1.0164165914188565, 0.9835980720763564, 0.988523608775428, 0.9909411724308427, 1.0132299319430882, 0.983910340192226, 1.0037644436955977, 0.983965678862776, 0.9945396385871239, 1.0134224731489578, 0.9944334770211641, 1.0027097207070195, 0.9927724260738989, 0.9846997140400502, 1.0154791657463815, 1.0100201839878782, 0.9837081100485049, 1.0107671159173124, 1.0146553155344815, 0.989281056847808]","[0.9932991951989647, 0.9947296718193434, 0.9856313135135947, 1.0199644048240792, 0.9923275324974384, 1.0071004539574286, 0.9765517884400159, 0.992191855678013, 1.0153220660519915, 0.9893425839665227, 1.0328615178521356, 1.0010156034566602, 1.0047520567946742, 0.9943248309597355, 0.9877064755830722, 0.999051745191147, 1.034557036862098, 1.003412469189845, 1.0037707676591088, 0.9834991689985878, 1.0146396572885967, 0.9950150934118289, 1.0093291369861093, 1.0086281980614695, 1.0025818187390334, 1.009976423761515, 1.0091932491030366, 1.0054170474358897, 0.9933817429464855, 0.9959558611829784]","[-0.006700804801035298, -0.005270328180656647, -0.014368686486405324, 0.01996440482407924, -0.007672467502561564, 0.007100453957428643, -0.02344821155998411, -0.007808144321986954, 0.01532206605199149, -0.010657416033477252, 0.03286151785213565, 0.0010156034566601857, 0.004752056794674164, -0.005675169040264549, -0.01229352441692777, -0.0009482548088529663, 0.03455703686209799, 0.0034124691898449466, 0.0037707676591087758, -0.016500831001412197, 0.01463965728859673, -0.004984906588171079, 0.009329136986109265, 0.008628198061469528, 0.0025818187390334035, 0.009976423761514974, 0.00919324910303665, 0.005417047435889666, -0.006618257053514487, -0.004044138817021592]","[0.0, 0.1003517135977745, 0.0, 0.0, 0.0, 0.0, 0.09418825805187225, 0.0, 0.0, 0.0, 0.0, 0.0, 0.10763589292764664, 0.10763589292764664, 0.0, 0.10763589292764664, 0.0, 0.0, 0.09546878933906555, 0.0, 0.10763589292764664, 0.10763589292764664, 0.0, 0.06417593359947205, 0.0, 0.0, 0.0, 0.10763589292764664, 0.0, 0.0]","[0.0, 0.1, 0.1, 0.1, 0.1, 0.1, 0.1, 0.1, 0.1, 0.0, 0.0, 0.0, 0.0, 0.0, 0.0, 0.0, 0.0, 0.0, 0.0, 0.0, 0.0, 0.0, 0.0, 0.0, 0.0, 0.0, 0.0, 0.0, 0.1, 0.1]","[0.009708164229382794, 0.09630533566927077, 0.09959319290330655, 0.0954550474387408, 0.08190989445168584, 0.091439780743435, 0.10723303332162859, 0.09380393911169957, 0.08966333903094852, 0.009785351019704833, 0.0, 0.008908894065958304, 0.0, 0.00034966629528662116, 0.0, 0.0, 0.00621774597631093, 0.0, 0.0016056363316771817, 0.0028416419806705975, 0.006245651281799845, 0.004352551960023398, 0.0, 0.00015628488176205646, 0.006332141399796925, 0.004976905346834901, 0.0, 0.0, 0.10106264725508805, 0.08205315530498793]","[0.0, 0.10035169869661331, 0.0, 0.0, 0.0, 0.0, 0.09418824315071106, 0.0, 0.0, 0.0, 0.0, 0.0, 0.10763587802648544, 0.10763587802648544, 0.0, 0.10763587802648544, 0.0, 0.0, 0.09546877443790436, 0.0, 0.10763587802648544, 0.10763587802648544, 0.0, 0.06417592614889145, 0.0, 0.0, 0.0, 0.10763587802648544, 0.0, 0.0]",-0.0007225266945154391
41,1.049252972240823,"[0.9932991951989647, 0.9947296718193434, 0.9856313135135947, 1.0199644048240792, 0.9923275324974384, 1.0071004539574286, 0.9765517884400159, 0.992191855678013, 1.0153220660519915, 0.9893425839665227, 1.0328615178521356, 1.0010156034566602, 1.0047520567946742, 0.9943248309597355, 0.9877064755830722, 0.999051745191147, 1.034557036862098, 1.003412469189845, 1.0037707676591088, 0.9834991689985878, 1.0146396572885967, 0.9950150934118289, 1.0093291369861093, 1.0086281980614695, 1.0025818187390334, 1.009976423761515, 1.0091932491030366, 1.0054170474358897, 0.9933817429464855, 0.9959558611829784]","[1.0265131636232594, 1.0121867189970353, 1.0012505728804375, 1.010133671966208, 1.0043175410690945, 0.9992749052961901, 1.0117985405015766, 1.0230050211677495, 1.0137488797324945, 0.9985212505189709, 0.9936431039118541, 1.003319455403803, 0.9904931591215435, 0.978565965425947, 0.9944870530594893, 0.9888290228685116, 1.009662606678063, 0.9937676089384018, 0.9987150796342972, 1.0074928677189978, 0.9793869029682222, 1.0115216380094907, 0.9905604930767138, 0.9884259280465587, 1.0231802991538714, 0.9954317730513714, 1.00753370377956, 1.0183153191740126, 1.0082833933146664, 0.9798478842996602]","[0.026513163623259395, 0.012186718997035273, 0.001250572880437506, 0.010133671966207958, 0.004317541069094544, -0.000725094703809881, 0.011798540501576582, 0.023005021167749495, 0.013748879732494501, -0.0014787494810291069, -0.006356896088145936, 0.0033194554038029622, -0.009506840878456546, -0.021434034574053018, -0.005512946940510743, -0.011170977131488402, 0.009662606678062957, -0.00623239106159823, -0.001284920365702824, 0.00749286771899782, -0.020613097031777827, 0.011521638009490687, -0.009439506923286212, -0.01157407195344129, 0.02318029915387143, -0.004568226948628573, 0.007533703779559975, 0.018315319174012634, 0.008283393314666432, -0.020152115700339812]","[0.0, 0.10261731594800949, 0.0, 0.0, 0.0, 0.0, 0.09787024557590485, 0.0, 0.0, 0.0, 0.0, 0.0, 0.0, 0.10261731594800949, 0.0, 0.10261731594800949, 0.0, 0.10197633504867554, 0.0, 0.0, 0.09187550097703934, 0.10165433585643768, 0.0, 0.09366291761398315, 0.0, 0.0, 0.1024913564324379, 0.10261731594800949, 0.0, 0.0]","[0.0, 0.1, 0.1, 0.1, 0.1, 0.1, 0.1, 0.1, 0.1, 0.0, 0.0, 0.0, 0.0, 0.0, 0.0, 0.0, 0.0, 0.0, 0.0, 0.0, 0.0, 0.0, 0.0, 0.0, 0.0, 0.0, 0.0, 0.0, 0.1, 0.1]","[0.0, 0.09131838256187144, 0.09442342846561769, 0.09105663404709383, 0.0871836655049245, 0.08572810401555131, 0.07695849853054294, 0.08549319865876974, 0.09088229539362715, 0.007750125797957609, 0.016241195217872526, 0.007305635007253925, 0.015197581785226745, 0.009503301418941568, 0.020573146931388515, 0.0, 0.0024069224114308956, 0.0150764161651553, 0.008848455612682913, 0.0, 0.0, 0.010280782727483643, 0.0, 0.006592365529230402, 0.0002985704128650757, 0.0, 0.0, 0.009572047543922284, 0.08141329529460224, 0.08589595096598776]","[0.0, 0.10261732339859009, 0.0, 0.0, 0.0, 0.0, 0.09787025302648544, 0.0, 0.0, 0.0, 0.0, 0.0, 0.0, 0.10261732339859009, 0.0, 0.10261732339859009, 0.0, 0.10197634249925613, 0.0, 0.0, 0.09187550842761993, 0.10165434330701828, 0.0, 0.09366292506456375, 0.0, 0.0, 0.1024913638830185, 0.10261732339859009, 0.0, 0.0]",-0.0011039665011765825
42,1.0486749965367816,"[1.0265131636232594, 1.0121867189970353, 1.0012505728804375, 1.010133671966208, 1.0043175410690945, 0.9992749052961901, 1.0117985405015766, 1.0230050211677495, 1.0137488797324945, 0.9985212505189709, 0.9936431039118541, 1.003319455403803, 0.9904931591215435, 0.978565965425947, 0.9944870530594893, 0.9888290228685116, 1.009662606678063, 0.9937676089384018, 0.9987150796342972, 1.0074928677189978, 0.9793869029682222, 1.0115216380094907, 0.9905604930767138, 0.9884259280465587, 1.0231802991538714, 0.9954317730513714, 1.00753370377956, 1.0183153191740126, 1.0082833933146664, 0.9798478842996602]","[1.0058966569010186, 0.9960167643596594, 0.9974046985991815, 0.9767544867900655, 0.9800181916876095, 0.994817796820278, 1.0067509417879137, 1.004219833751588, 0.9928764024873915, 0.9977372070447518, 0.9975467437394474, 0.9936990464454704, 1.0046803802047757, 1.0111288275524621, 1.0040131668514003, 1.010841836837627, 0.9858630030604446, 1.005000812198184, 0.9860572830497384, 1.009762079095118, 1.0092975623767535, 1.012408657521938, 1.00563648624411, 1.0085443971076877, 1.0016179960239922, 0.9871338648747519, 0.9847408185408398, 0.9959799329405497, 1.0058035100447473, 1.004587094080558]","[0.005896656901018593, -0.003983235640340643, -0.0025953014008185393, -0.02324551320993451, -0.019981808312390492, -0.005182203179721956, 0.006750941787913689, 0.004219833751587965, -0.007123597512608493, -0.0022627929552482273, -0.0024532562605525943, -0.0063009535545296425, 0.00468038020477568, 0.01112882755246214, 0.004013166851400296, 0.010841836837627072, -0.01413699693955539, 0.005000812198183935, -0.013942716950261613, 0.00976207909511806, 0.009297562376753499, 0.012408657521937982, 0.005636486244110062, 0.008544397107687729, 0.001617996023992152, -0.012866135125248146, -0.015259181459160165, -0.00402006705945035, 0.005803510044747329, 0.0045870940805579075]","[0.10483285039663315, 0.0, 0.10483285039663315, 0.10483285039663315, 0.0, 0.0, 0.0, 0.0, 0.10483285039663315, 0.0, 0.0, 0.0, 0.10483285039663315, 0.0, 0.0, 0.0, 0.0, 0.1043645590543747, 0.07746171206235886, 0.09108977019786835, 0.0, 0.0, 0.0, 0.10483285039663315, 0.0, 0.0, 0.0, 0.0, 0.09808677434921265, 0.0]","[0.0, 0.1, 0.1, 0.1, 0.1, 0.1, 0.1, 0.1, 0.1, 0.0, 0.0, 0.0, 0.0, 0.0, 0.0, 0.0, 0.0, 0.0, 0.0, 0.0, 0.0, 0.0, 0.0, 0.0, 0.0, 0.0, 0.0, 0.0, 0.1, 0.1]","[0.011518426550966404, 0.10011557435498156, 0.0680772241008864, 0.09295054491266581, 0.07871697411805137, 0.09214770755859669, 0.0954295398245992, 0.09834740743047819, 0.09642771807126903, 0.00856124195252324, 0.004087625028846379, 0.012507476221672573, 0.0035337178062317103, 0.0, 0.0, 0.00033604851163237517, 0.0, 0.0032386332886749206, 0.0, 0.0, 0.0, 0.008852840877695296, 0.01620566718017069, 0.0, 0.003136994392055238, 0.0, 0.0, 0.010593831014531947, 0.10187426165661961, 0.0933405451468514]","[0.10483286529779434, 0.0, 0.10483286529779434, 0.10483286529779434, 0.0, 0.0, 0.0, 0.0, 0.10483286529779434, 0.0, 0.0, 0.0, 0.10483286529779434, 0.0, 0.0, 0.0, 0.0, 0.10436457395553589, 0.07746171951293945, 0.09108977764844894, 0.0, 0.0, 0.0, 0.10483286529779434, 0.0, 0.0, 0.0, 0.0, 0.09808678925037384, 0.0]",-0.0009081234925155533
43,1.0443097441342657,"[1.0058966569010186, 0.9960167643596594, 0.9974046985991815, 0.9767544867900655, 0.9800181916876095, 0.994817796820278, 1.0067509417879137, 1.004219833751588, 0.9928764024873915, 0.9977372070447518, 0.9975467437394474, 0.9936990464454704, 1.0046803802047757, 1.0111288275524621, 1.0040131668514003, 1.010841836837627, 0.9858630030604446, 1.005000812198184, 0.9860572830497384, 1.009762079095118, 1.0092975623767535, 1.012408657521938, 1.00563648624411, 1.0085443971076877, 1.0016179960239922, 0.9871338648747519, 0.9847408185408398, 0.9959799329405497, 1.0058035100447473, 1.004587094080558]","[1.0005691802486927, 0.998861115819201, 0.9890212984018727, 0.9716099219909077, 0.9852706442509485, 0.9915750234122604, 0.9932790287672566, 1.0096362525847007, 1.021016668659849, 1.0027541628856214, 1.0016015904206446, 0.9921751703911642, 1.0116242173942744, 0.9916861454341945, 0.9927301636146315, 0.9777912114294935, 0.9926703359595115, 0.9922812588477691, 0.989649775727748, 1.0061917518361578, 1.0141629371520526, 0.9983109903298141, 0.9826350071160654, 1.0124436421009582, 0.9831504491939623, 0.9742608475718387, 0.9949279258648351, 0.9914851209223836, 1.0047570644038626, 1.003532959009284]","[0.00056918024869268, -0.0011388841807989936, -0.010978701598127305, -0.028390078009092323, -0.014729355749051543, -0.008424976587739552, -0.0067209712327434, 0.009636252584700689, 0.02101666865984897, 0.0027541628856213585, 0.0016015904206445608, -0.007824829608835793, 0.011624217394274439, -0.008313854565805467, -0.007269836385368489, -0.022208788570506455, -0.007329664040488515, -0.0077187411522309235, -0.010350224272251962, 0.006191751836157833, 0.014162937152052635, -0.0016890096701859258, -0.01736499288393456, 0.012443642100958163, -0.016849550806037672, -0.02573915242816127, -0.005072074135164861, -0.008514879077616389, 0.0047570644038625876, 0.0035329590092840757]","[0.0, 0.10000000894069672, 0.10000000894069672, 0.0, 0.10000000894069672, 0.10000000894069672, 0.0, 0.10000000894069672, 0.0, 0.0, 0.0, 0.0, 0.0, 0.10000000894069672, 0.0, 0.0, 0.10000000894069672, 0.10000000894069672, 0.0, 0.0, 0.0, 0.0, 0.0, 0.10000000894069672, 0.0, 0.0, 0.10000000894069672, 0.0, 0.0, 0.0]","[0.0, 0.1, 0.1, 0.1, 0.1, 0.1, 0.1, 0.1, 0.1, 0.0, 0.0, 0.0, 0.0, 0.0, 0.0, 0.0, 0.0, 0.0, 0.0, 0.0, 0.0, 0.0, 0.0, 0.0, 0.0, 0.0, 0.0, 0.0, 0.1, 0.1]","[0.016633067875303584, 0.08080241314184419, 0.10689712421523134, 0.07689775162167452, 0.09265646111000801, 0.07512112634267451, 0.08335689478225689, 0.10222435769812635, 0.0848018397045324, 0.0, 0.0013838534713643098, 0.0038413006028397423, 0.0, 0.012323356282644346, 0.01426798260311125, 0.0019362367997811786, 0.012979726921934609, 0.0, 0.0, 0.0, 0.0, 0.0, 0.0, 0.0, 0.008791947661946558, 0.006580561892503197, 0.013723200562679685, 0.007621193464492987, 0.10568602767372298, 0.09147357557132732]","[0.0, 0.10000000894069672, 0.10000000894069672, 0.0, 0.10000000894069672, 0.10000000894069672, 0.0, 0.10000000894069672, 0.0, 0.0, 0.0, 0.0, 0.0, 0.10000000894069672, 0.0, 0.0, 0.10000000894069672, 0.10000000894069672, 0.0, 0.0, 0.0, 0.0, 0.0, 0.10000000894069672, 0.0, 0.0, 0.10000000894069672, 0.0, 0.0, 0.0]",-0.004534244099712272
44,1.0404254842163203,"[1.0005691802486927, 0.998861115819201, 0.9890212984018727, 0.9716099219909077, 0.9852706442509485, 0.9915750234122604, 0.9932790287672566, 1.0096362525847007, 1.021016668659849, 1.0027541628856214, 1.0016015904206446, 0.9921751703911642, 1.0116242173942744, 0.9916861454341945, 0.9927301636146315, 0.9777912114294935, 0.9926703359595115, 0.9922812588477691, 0.989649775727748, 1.0061917518361578, 1.0141629371520526, 0.9983109903298141, 0.9826350071160654, 1.0124436421009582, 0.9831504491939623, 0.9742608475718387, 0.9949279258648351, 0.9914851209223836, 1.0047570644038626, 1.003532959009284]","[0.9977349890771654, 0.9971643249198778, 1.0092266706452924, 1.0081576879819787, 0.9961684956439651, 0.9722122341939269, 0.9891859506606608, 1.0038821737362968, 1.0129546651029597, 1.0018197142812346, 0.9924807588564806, 1.0131674395600203, 0.9859849906069914, 1.012638467736168, 0.9967097687671196, 1.0012099232477627, 0.9937424233919966, 0.9749617246172563, 0.9905209971741598, 0.9956377126308429, 1.001969464953682, 1.0196150852865793, 0.9908647325505971, 0.9846468763407705, 1.002041456131463, 1.010590003297386, 0.9876152183636193, 0.9870674922666243, 0.9850464155546343, 0.9873853932695945]","[-0.0022650109228345983, -0.0028356750801221686, 0.009226670645292367, 0.00815768798197869, -0.003831504356034854, -0.027787765806073117, -0.01081404933933916, 0.0038821737362968456, 0.012954665102959728, 0.001819714281234619, -0.007519241143519428, 0.013167439560020311, -0.014015009393008593, 0.012638467736167946, -0.003290231232880414, 0.0012099232477627009, -0.006257576608003412, -0.025038275382743724, -0.009479002825840244, -0.004362287369157114, 0.0019694649536821096, 0.019615085286579292, -0.00913526744940285, -0.015353123659229473, 0.002041456131463004, 0.01059000329738602, -0.012384781636380682, -0.012932507733375731, -0.014953584445365653, -0.012614606730405487]","[0.10508841276168823, 0.10508841276168823, 0.0, 0.10508841276168823, 0.0, 0.10508841276168823, 0.0, 0.0, 0.0, 0.0, 0.0, 0.0, 0.0, 0.10508841276168823, 0.09498539566993713, 0.0, 0.0, 0.0, 0.0, 0.0, 0.08911044895648956, 0.0, 0.0, 0.0, 0.10508841276168823, 0.0, 0.0, 0.0, 0.0802852213382721, 0.10508841276168823]","[0.0, 0.1, 0.1, 0.1, 0.1, 0.1, 0.1, 0.1, 0.1, 0.0, 0.0, 0.0, 0.0, 0.0, 0.0, 0.0, 0.0, 0.0, 0.0, 0.0, 0.0, 0.0, 0.0, 0.0, 0.0, 0.0, 0.0, 0.0, 0.1, 0.1]","[0.0, 0.08294163153803959, 0.07377956576547674, 0.08943015285871839, 0.09625439683413155, 0.08675406926156917, 0.0898535049888301, 0.0996377591336156, 0.0916359755967434, 0.0, 0.0003026289387534975, 0.00635483036749374, 0.0016342155558950015, 0.007921872955026393, 0.006704050602230068, 0.0, 0.00399052773677132, 0.003446541298980883, 0.0, 0.002899595342982759, 0.0, 0.005813142332719313, 0.008851632705559824, 0.0033950143459821006, 0.014985959232040864, 0.007689906105729332, 0.0, 0.011816910199441158, 0.11066414526795082, 0.09324197103531844]","[0.10508842021226883, 0.10508842021226883, 0.0, 0.10508842021226883, 0.0, 0.10508842021226883, 0.0, 0.0, 0.0, 0.0, 0.0, 0.0, 0.0, 0.10508842021226883, 0.09498540312051773, 0.0, 0.0, 0.0, 0.0, 0.0, 0.08911045640707016, 0.0, 0.0, 0.0, 0.10508842021226883, 0.0, 0.0, 0.0, 0.08028522878885269, 0.10508842021226883]",-0.004044507397360802
45,1.0436715399163767,"[0.9977349890771654, 0.9971643249198778, 1.0092266706452924, 1.0081576879819787, 0.9961684956439651, 0.9722122341939269, 0.9891859506606608, 1.0038821737362968, 1.0129546651029597, 1.0018197142812346, 0.9924807588564806, 1.0131674395600203, 0.9859849906069914, 1.012638467736168, 0.9967097687671196, 1.0012099232477627, 0.9937424233919966, 0.9749617246172563, 0.9905209971741598, 0.9956377126308429, 1.001969464953682, 1.0196150852865793, 0.9908647325505971, 0.9846468763407705, 1.002041456131463, 1.010590003297386, 0.9876152183636193, 0.9870674922666243, 0.9850464155546343, 0.9873853932695945]","[0.9911299911770814, 0.9731250357547473, 1.014358095492974, 0.9982793193938783, 0.9966461553201715, 0.9832687912481776, 1.0023537550871644, 0.9905184474178838, 0.9724897840046337, 0.9952644822329497, 1.0109039849424055, 1.012417706005302, 0.9842608906704272, 0.9853974342334353, 0.9803907401366483, 1.0085985415263787, 0.9992462309400207, 1.004933891787241, 1.0061859158162811, 1.0254195238665806, 1.0100082985990524, 0.9855606975930868, 0.9955395994039051, 0.9992578225874461, 1.0011744162060456, 0.9971595526970883, 1.005647282039526, 1.0132653116847996, 1.0087332077842879, 1.009104641563299]","[-0.008870008822918551, -0.026874964245252708, 0.014358095492974066, -0.0017206806061217383, -0.003353844679828466, -0.016731208751822435, 0.0023537550871643997, -0.009481552582116248, -0.027510215995366294, -0.004735517767050279, 0.01090398494240552, 0.012417706005301898, -0.015739109329572787, -0.014602565766564712, -0.019609259863351713, 0.008598541526378733, -0.000753769059979259, 0.004933891787241018, 0.00618591581628114, 0.02541952386658064, 0.01000829859905239, -0.014439302406913157, -0.004460400596094871, -0.0007421774125538905, 0.0011744162060456365, -0.002840447302911664, 0.005647282039525914, 0.013265311684799608, 0.008733207784287877, 0.009104641563298932]","[0.0, 0.0, 0.0, 0.0, 0.0, 0.0, 0.1003682091832161, 0.09954390674829483, 0.10383816808462143, 0.0, 0.0, 0.10012480616569519, 0.0, 0.0, 0.0, 0.09748449176549911, 0.0, 0.10383816808462143, 0.10306551307439804, 0.10259146243333817, 0.0, 0.0, 0.0, 0.08908684551715851, 0.0, 0.0, 0.0, 0.0, 0.0, 0.10005845874547958]","[0.0, 0.1, 0.1, 0.1, 0.1, 0.1, 0.1, 0.1, 0.1, 0.0, 0.0, 0.0, 0.0, 0.0, 0.0, 0.0, 0.0, 0.0, 0.0, 0.0, 0.0, 0.0, 0.0, 0.0, 0.0, 0.0, 0.0, 0.0, 0.1, 0.1]","[0.0, 0.08643311105088934, 0.09518965090153901, 0.0775078376976994, 0.10088766240484821, 0.09104069414439316, 0.10539520000910071, 0.1009470276073616, 0.08800791413984368, 0.0013630103795561153, 0.0, 0.009582192075638147, 0.0, 0.011796612789857702, 0.0, 0.0018709218272430007, 0.0, 0.0016065287643367333, 0.008575428927311673, 0.006425249970118693, 0.0, 0.0042605495154414644, 0.0, 0.010129492951336977, 0.00610858630221721, 0.0, 0.0011501265493248627, 0.006313505926684101, 0.09213551127542675, 0.09327318478983156]","[0.0, 0.0, 0.0, 0.0, 0.0, 0.0, 0.1003682091832161, 0.09954390674829483, 0.10383816808462143, 0.0, 0.0, 0.10012480616569519, 0.0, 0.0, 0.0, 0.09748449176549911, 0.0, 0.10383816808462143, 0.10306551307439804, 0.10259146243333817, 0.0, 0.0, 0.0, 0.08908684551715851, 0.0, 0.0, 0.0, 0.0, 0.0, 0.10005845874547958]",0.0027253934483883815
46,1.0429590315442694,"[0.9911299911770814, 0.9731250357547473, 1.014358095492974, 0.9982793193938783, 0.9966461553201715, 0.9832687912481776, 1.0023537550871644, 0.9905184474178838, 0.9724897840046337, 0.9952644822329497, 1.0109039849424055, 1.012417706005302, 0.9842608906704272, 0.9853974342334353, 0.9803907401366483, 1.0085985415263787, 0.9992462309400207, 1.004933891787241, 1.0061859158162811, 1.0254195238665806, 1.0100082985990524, 0.9855606975930868, 0.9955395994039051, 0.9992578225874461, 1.0011744162060456, 0.9971595526970883, 1.005647282039526, 1.0132653116847996, 1.0087332077842879, 1.009104641563299]","[0.9915064604921368, 1.001466592245505, 1.0035424279891503, 0.9998576316211412, 0.985963982575613, 1.0032463910526204, 0.9980506491873827, 0.9948468344030145, 0.9953992055193517, 1.0106725363365714, 1.0026869506102871, 0.998352030243745, 1.009820117990812, 1.0048730928384633, 1.0134888284076373, 1.0051292778756706, 1.0058668379301061, 0.9984070591917356, 1.005336353046713, 1.0081808467723463, 1.0182829639271485, 1.0073511132465207, 1.0272417250793213, 1.0057118972272843, 1.007666633265355, 0.9879389135921612, 0.9829086983616654, 1.002441163792851, 1.000665377719391, 1.0144497171071456]","[-0.008493539507863246, 0.0014665922455050495, 0.0035424279891502763, -0.00014236837885883702, -0.014036017424386982, 0.0032463910526203676, -0.0019493508126172676, -0.005153165596985532, -0.004600794480648318, 0.010672536336571392, 0.00268695061028712, -0.00164796975625503, 0.00982011799081195, 0.004873092838463267, 0.013488828407637321, 0.005129277875670635, 0.005866837930106117, -0.0015929408082644425, 0.005336353046712983, 0.008180846772346317, 0.018282963927148455, 0.007351113246520713, 0.02724172507932132, 0.005711897227284268, 0.007666633265354994, -0.012061086407838761, -0.01709130163833461, 0.0024411637928509755, 0.0006653777193910138, 0.014449717107145599]","[0.09224308282136917, 0.0, 0.09071306884288788, 0.0, 0.10384402424097061, 0.10384402424097061, 0.0, 0.0999278873205185, 0.10384402424097061, 0.0, 0.0, 0.0, 0.0, 0.0, 0.0, 0.0, 0.0, 0.0, 0.0, 0.09405182301998138, 0.0, 0.0, 0.10384402424097061, 0.0, 0.0, 0.0, 0.10384402424097061, 0.0, 0.10384402424097061, 0.0]","[0.0, 0.1, 0.1, 0.1, 0.1, 0.1, 0.1, 0.1, 0.1, 0.0, 0.0, 0.0, 0.0, 0.0, 0.0, 0.0, 0.0, 0.0, 0.0, 0.0, 0.0, 0.0, 0.0, 0.0, 0.0, 0.0, 0.0, 0.0, 0.1, 0.1]","[0.016316608292243545, 0.08634248261472399, 0.10485254595295376, 0.10338388618643889, 0.09808722966102781, 0.09132370702885043, 0.08948335427518427, 0.08979060188660254, 0.08578575408751182, 0.0037327552101616363, 0.008249225436568792, 0.0, 0.009818350149303273, 0.0027804718847219837, 0.0, 0.0, 0.0, 0.0018985679242985289, 0.008723502928315032, 0.0068927190522424155, 0.0, 0.0, 0.0, 0.0016397344605055919, 0.017675934135290783, 0.000321964082577655, 0.0, 0.009802030499292142, 0.07693137620668088, 0.08616719804450436]","[0.09224308282136917, 0.0, 0.09071306884288788, 0.0, 0.10384402424097061, 0.10384402424097061, 0.0, 0.0999278873205185, 0.10384402424097061, 0.0, 0.0, 0.0, 0.0, 0.0, 0.0, 0.0, 0.0, 0.0, 0.0, 0.09405182301998138, 0.0, 0.0, 0.10384402424097061, 0.0, 0.0, 0.0, 0.10384402424097061, 0.0, 0.10384402424097061, 0.0]",-0.001080341784437062
47,1.042105559813366,"[0.9915064604921368, 1.001466592245505, 1.0035424279891503, 0.9998576316211412, 0.985963982575613, 1.0032463910526204, 0.9980506491873827, 0.9948468344030145, 0.9953992055193517, 1.0106725363365714, 1.0026869506102871, 0.998352030243745, 1.009820117990812, 1.0048730928384633, 1.0134888284076373, 1.0051292778756706, 1.0058668379301061, 0.9984070591917356, 1.005336353046713, 1.0081808467723463, 1.0182829639271485, 1.0073511132465207, 1.0272417250793213, 1.0057118972272843, 1.007666633265355, 0.9879389135921612, 0.9829086983616654, 1.002441163792851, 1.000665377719391, 1.0144497171071456]","[0.9843648908390369, 0.9888950400787206, 0.9948152177515895, 1.008944126758414, 1.0153815890401474, 0.9818776791965559, 0.9951202359599411, 1.0045195330778904, 0.9662645712460711, 0.9869537557582021, 0.9955701084646098, 1.0002710815085405, 1.0215109847002881, 1.0020825199958239, 1.0078630180159447, 1.0133190167946176, 0.9883417120295611, 0.9995042497751122, 1.0169884897152706, 0.9979623698183608, 0.9891558955178615, 1.0140291366436571, 0.9986412902783511, 1.0131119874189294, 0.9967180838755073, 0.9725712312184543, 1.0013872005513929, 0.9937964664961236, 1.021092517757956, 0.9610773439084664]","[-0.015635109160963112, -0.011104959921279356, -0.005184782248410458, 0.00894412675841405, 0.015381589040147414, -0.018122320803444114, -0.004879764040058854, 0.004519533077890436, -0.033735428753928876, -0.0130462442417979, -0.004429891535390196, 0.00027108150854049384, 0.021510984700288116, 0.0020825199958238727, 0.00786301801594469, 0.013319016794617555, -0.011658287970438885, -0.0004957502248877921, 0.01698848971527056, -0.0020376301816391607, -0.010844104482138461, 0.014029136643657125, -0.0013587097216488653, 0.013111987418929383, -0.0032819161244926898, -0.027428768781545654, 0.0013872005513928531, -0.006203533503876368, 0.021092517757955953, -0.03892265609153356]","[0.10059543699026108, 0.0, 0.0, 0.10059543699026108, 0.0, 0.0, 0.0, 0.10059543699026108, 0.0, 0.10059543699026108, 0.10059543699026108, 0.0, 0.09872177988290787, 0.09751664102077484, 0.0, 0.0, 0.10059543699026108, 0.0, 0.0, 0.0, 0.0, 0.0, 0.09959354251623154, 0.0, 0.0, 0.0, 0.10059543699026108, 0.0, 0.0, 0.0]","[0.0, 0.1, 0.1, 0.1, 0.1, 0.1, 0.1, 0.1, 0.1, 0.0, 0.0, 0.0, 0.0, 0.0, 0.0, 0.0, 0.0, 0.0, 0.0, 0.0, 0.0, 0.0, 0.0, 0.0, 0.0, 0.0, 0.0, 0.0, 0.1, 0.1]","[0.0, 0.09227481358865283, 0.08748992048990971, 0.0930791763935084, 0.08997404805157196, 0.09923882595716291, 0.08727186574289042, 0.07786076543067287, 0.08817468539772907, 0.0, 0.0, 0.0, 0.0, 0.0, 0.0, 0.0, 0.0, 0.0, 0.0014109303350619293, 0.0, 0.015577281598741216, 0.01889017100121158, 0.006873341198436331, 0.019989569125023175, 0.01196181586384134, 0.014341534774647101, 0.017622046314695092, 0.009274654712436804, 0.08181792392206462, 0.0868766301017426]","[0.10059543699026108, 0.0, 0.0, 0.10059543699026108, 0.0, 0.0, 0.0, 0.10059543699026108, 0.0, 0.10059543699026108, 0.10059543699026108, 0.0, 0.09872177988290787, 0.09751664102077484, 0.0, 0.0, 0.10059543699026108, 0.0, 0.0, 0.0, 0.0, 0.0, 0.09959354251623154, 0.0, 0.0, 0.0, 0.10059543699026108, 0.0, 0.0, 0.0]",-0.0012183508382128806
48,1.0405651298411553,"[0.9843648908390369, 0.9888950400787206, 0.9948152177515895, 1.008944126758414, 1.0153815890401474, 0.9818776791965559, 0.9951202359599411, 1.0045195330778904, 0.9662645712460711, 0.9869537557582021, 0.9955701084646098, 1.0002710815085405, 1.0215109847002881, 1.0020825199958239, 1.0078630180159447, 1.0133190167946176, 0.9883417120295611, 0.9995042497751122, 1.0169884897152706, 0.9979623698183608, 0.9891558955178615, 1.0140291366436571, 0.9986412902783511, 1.0131119874189294, 0.9967180838755073, 0.9725712312184543, 1.0013872005513929, 0.9937964664961236, 1.021092517757956, 0.9610773439084664]","[1.0027238601071453, 1.0063077089370396, 0.9947727966116507, 0.9869759737268937, 1.0103880829361298, 1.0095616539269716, 0.9924482003908964, 1.005174439072467, 0.9922648876279204, 1.0119128249845142, 0.9958588694495343, 1.0035028609177408, 0.9976519126641958, 0.9805566068500391, 1.00905175628892, 0.9746148869358201, 1.005897204837724, 0.9810711329517832, 1.0064323080335382, 0.9886026828409579, 0.9758084934684489, 0.9945216949892683, 0.9855671387228325, 1.0062963344909197, 0.9804653100267405, 1.0148004048406376, 0.9876997912739983, 1.0069839433344703, 0.9866268595270625, 1.0002660715317544]","[0.002723860107145315, 0.00630770893703958, -0.005227203388349255, -0.013024026273106282, 0.010388082936129805, 0.009561653926971614, -0.007551799609103571, 0.005174439072467063, -0.007735112372079578, 0.011912824984514181, -0.004141130550465721, 0.003502860917740769, -0.002348087335804161, -0.019443393149960908, 0.009051756288920076, -0.0253851130641799, 0.005897204837723935, -0.018928867048216835, 0.0064323080335382254, -0.01139731715904213, -0.02419150653155111, -0.0054783050107316544, -0.014432861277167475, 0.006296334490919708, -0.019534689973259467, 0.014800404840637604, -0.012300208726001682, 0.006983943334470277, -0.013373140472937473, 0.00026607153175439713]","[0.0, 0.0, 0.0, 0.0, 0.0, 0.10334496945142746, 0.0, 0.10334496945142746, 0.0, 0.0, 0.0, 0.08357700705528259, 0.0, 0.0, 0.10334496945142746, 0.0, 0.09714793413877487, 0.09586026519536972, 0.0, 0.10334496945142746, 0.0, 0.10334496945142746, 0.0, 0.0, 0.0, 0.0, 0.10334496945142746, 0.0, 0.0, 0.10334496945142746]","[0.0, 0.1, 0.1, 0.1, 0.1, 0.1, 0.1, 0.1, 0.1, 0.0, 0.0, 0.0, 0.0, 0.0, 0.0, 0.0, 0.0, 0.0, 0.0, 0.0, 0.0, 0.0, 0.0, 0.0, 0.0, 0.0, 0.0, 0.0, 0.1, 0.1]","[0.005068342799079053, 0.08899108899053437, 0.08700862602903679, 0.08764159903436186, 0.10389846314733778, 0.11819390850251266, 0.081385417756561, 0.10383423210787714, 0.09761465018110232, 0.0, 0.0, 0.0, 0.0, 0.0, 0.014072239762447668, 5.865136007003323e-05, 0.0, 0.007437478259266005, 0.0005250446734126209, 0.0, 0.00015514497887494168, 0.0030432800128882935, 0.0, 0.0, 0.000775635178349038, 0.0, 0.0, 0.008090018500095763, 0.0981481507542142, 0.0940580279719784]","[0.0, 0.0, 0.0, 0.0, 0.0, 0.10334496945142746, 0.0, 0.10334496945142746, 0.0, 0.0, 0.0, 0.08357700705528259, 0.0, 0.0, 0.10334496945142746, 0.0, 0.09714793413877487, 0.09586026519536972, 0.0, 0.10334496945142746, 0.0, 0.10334496945142746, 0.0, 0.0, 0.0, 0.0, 0.10334496945142746, 0.0, 0.0, 0.10334496945142746]",-0.0018546034439874423
49,1.0398257689661883,"[1.0027238601071453, 1.0063077089370396, 0.9947727966116507, 0.9869759737268937, 1.0103880829361298, 1.0095616539269716, 0.9924482003908964, 1.005174439072467, 0.9922648876279204, 1.0119128249845142, 0.9958588694495343, 1.0035028609177408, 0.9976519126641958, 0.9805566068500391, 1.00905175628892, 0.9746148869358201, 1.005897204837724, 0.9810711329517832, 1.0064323080335382, 0.9886026828409579, 0.9758084934684489, 0.9945216949892683, 0.9855671387228325, 1.0062963344909197, 0.9804653100267405, 1.0148004048406376, 0.9876997912739983, 1.0069839433344703, 0.9866268595270625, 1.0002660715317544]","[1.0154782260725217, 1.0043593109136444, 1.0061436223413562, 1.007760473516554, 0.9946663568833097, 1.0200283036584323, 1.001997354797915, 0.999143309638781, 0.9902656092157562, 1.007836565286295, 0.9987837398418886, 1.010152916260977, 0.9998655702582164, 1.0143642416450573, 1.0193894221842796, 1.0200575367534443, 0.9982429223827355, 0.9789770168170664, 0.9883802340829728, 1.0003680187285708, 0.985337382683683, 1.0167043467976629, 0.9933671601039744, 1.0086420899392485, 0.9851198015201654, 0.9938689839464313, 0.9893739450824409, 0.9936880833462014, 0.9800661818756983, 0.9891097465240151]","[0.015478226072521695, 0.0043593109136443875, 0.006143622341356236, 0.007760473516553956, -0.005333643116690268, 0.020028303658432334, 0.001997354797915074, -0.000856690361219048, -0.009734390784243763, 0.00783656528629506, -0.0012162601581113819, 0.01015291626097703, -0.00013442974178357048, 0.01436424164505734, 0.019389422184279637, 0.02005753675344435, -0.001757077617264513, -0.021022983182933608, -0.01161976591702718, 0.0003680187285708403, -0.014662617316317017, 0.01670434679766286, -0.0066328398960255885, 0.008642089939248532, -0.014880198479834572, -0.006131016053568694, -0.01062605491755908, -0.006311916653798599, -0.019933818124301728, -0.010890253475984935]","[0.0, 0.09821879118680954, 0.0, 0.0, 0.12265445291996002, 0.0, 0.0, 0.0, 0.0, 0.0, 0.0, 0.12265445291996002, 0.12265445291996002, 0.0, 0.0, 0.049405090510845184, 0.0, 0.0, 0.12265445291996002, 0.013321809470653534, 0.10540347546339035, 0.0, 0.12037860602140427, 0.12265445291996002, 0.0, 0.0, 0.0, 0.0, 0.0, 0.0]","[0.0, 0.1, 0.1, 0.1, 0.1, 0.1, 0.1, 0.1, 0.1, 0.0, 0.0, 0.0, 0.0, 0.0, 0.0, 0.0, 0.0, 0.0, 0.0, 0.0, 0.0, 0.0, 0.0, 0.0, 0.0, 0.0, 0.0, 0.0, 0.1, 0.1]","[0.0, 0.08921738811841835, 0.09834103083811438, 0.08612809487152627, 0.09408476350215303, 0.08672044347697651, 0.08274833902302119, 0.0885999667273728, 0.09154579211257775, 0.011958598060121487, 0.009787438790113434, 0.0, 0.006259515355668993, 0.0, 0.006648330423591431, 0.014410587575936069, 0.0, 0.013592391327176552, 0.013540931070243676, 0.0, 0.00690369268483965, 0.0, 0.0, 0.006328134867020175, 0.017683627935148015, 0.005476846442921545, 0.0, 0.0, 0.08912221112610964, 0.08090187567094899]","[0.0, 0.09821879118680954, 0.0, 0.0, 0.12265445291996002, 0.0, 0.0, 0.0, 0.0, 0.0, 0.0, 0.12265445291996002, 0.12265445291996002, 0.0, 0.0, 0.049405090510845184, 0.0, 0.0, 0.12265445291996002, 0.013321809470653534, 0.10540347546339035, 0.0, 0.12037860602140427, 0.12265445291996002, 0.0, 0.0, 0.0, 0.0, 0.0, 0.0]",-0.0011159054854629955
50,1.0387866518910407,"[1.0154782260725217, 1.0043593109136444, 1.0061436223413562, 1.007760473516554, 0.9946663568833097, 1.0200283036584323, 1.001997354797915, 0.999143309638781, 0.9902656092157562, 1.007836565286295, 0.9987837398418886, 1.010152916260977, 0.9998655702582164, 1.0143642416450573, 1.0193894221842796, 1.0200575367534443, 0.9982429223827355, 0.9789770168170664, 0.9883802340829728, 1.0003680187285708, 0.985337382683683, 1.0167043467976629, 0.9933671601039744, 1.0086420899392485, 0.9851198015201654, 0.9938689839464313, 0.9893739450824409, 0.9936880833462014, 0.9800661818756983, 0.9891097465240151]","[0.9870738246107706, 0.9992141195863591, 1.0036265500141321, 0.9887451220979304, 1.0074029622142548, 1.0080219343470513, 1.0242031054155094, 1.013232770848352, 0.9753913691179313, 1.024000080843711, 0.9801824503735314, 1.0217580260801478, 0.9677166026370092, 1.0030035109862752, 0.9830986963103185, 0.9845753231612085, 0.986286315568428, 0.9877599228784854, 1.0204202318536915, 1.0052024878515706, 0.9995361395690213, 1.013946623446022, 1.009118545040738, 0.9951900492720032, 0.9937047526696768, 1.0157959750896826, 0.9892578468468386, 1.02097605420627, 0.9941039900741412, 1.0106995344281948]","[-0.012926175389229355, -0.0007858804136409159, 0.003626550014132146, -0.011254877902069582, 0.007402962214254849, 0.00802193434705134, 0.024203105415509407, 0.013232770848351949, -0.02460863088206866, 0.02400008084371108, -0.019817549626468645, 0.021758026080147763, -0.032283397362990796, 0.0030035109862751597, -0.016901303689681457, -0.015424676838791451, -0.013713684431571949, -0.012240077121514648, 0.020420231853691462, 0.005202487851570625, -0.0004638604309786798, 0.013946623446021933, 0.009118545040738057, -0.004809950727996837, -0.0062952473303231615, 0.015795975089682557, -0.010742153153161405, 0.020976054206270023, -0.005896009925858814, 0.010699534428194823]","[0.0, 0.0, 0.0, 0.0, 0.0, 0.09819018840789795, 0.08662626147270203, 0.0931929275393486, 0.0, 0.0, 0.07829845696687698, 0.0, 0.0, 0.0, 0.10234499722719193, 0.0, 0.11213133484125137, 0.0, 0.0, 0.11213133484125137, 0.0, 0.0, 0.10469602793455124, 0.0, 0.10025707632303238, 0.0, 0.11213133484125137, 0.0, 0.0, 0.0]","[0.0, 0.1, 0.1, 0.1, 0.1, 0.1, 0.1, 0.1, 0.1, 0.0, 0.0, 0.0, 0.0, 0.0, 0.0, 0.0, 0.0, 0.0, 0.0, 0.0, 0.0, 0.0, 0.0, 0.0, 0.0, 0.0, 0.0, 0.0, 0.1, 0.1]","[0.00449137441892381, 0.07620897862995052, 0.09124039022008543, 0.0895756624607976, 0.09058925437089435, 0.09457640743255963, 0.09884251918282362, 0.0789458660280366, 0.08520310113399682, 0.0064601637935699525, 0.00345598132560794, 0.0, 0.010288076483223699, 0.0, 0.003104505533280421, 0.0, 0.02083610158808073, 0.009740598788666168, 0.011580928776322082, 0.016233800263243878, 0.012373364227035517, 0.0, 0.0004215287442635244, 0.0, 0.006053976232613063, 0.0, 0.0, 0.0, 0.08725893280222924, 0.10251848756379543]","[0.0, 0.0, 0.0, 0.0, 0.0, 0.09819018840789795, 0.08662626147270203, 0.0931929275393486, 0.0, 0.0, 0.07829845696687698, 0.0, 0.0, 0.0, 0.10234499722719193, 0.0, 0.11213133484125137, 0.0, 0.0, 0.11213133484125137, 0.0, 0.0, 0.10469602793455124, 0.0, 0.10025707632303238, 0.0, 0.11213133484125137, 0.0, 0.0, 0.0]",-0.0013706328993164164
51,1.0346524425596417,"[0.9870738246107706, 0.9992141195863591, 1.0036265500141321, 0.9887451220979304, 1.0074029622142548, 1.0080219343470513, 1.0242031054155094, 1.013232770848352, 0.9753913691179313, 1.024000080843711, 0.9801824503735314, 1.0217580260801478, 0.9677166026370092, 1.0030035109862752, 0.9830986963103185, 0.9845753231612085, 0.986286315568428, 0.9877599228784854, 1.0204202318536915, 1.0052024878515706, 0.9995361395690213, 1.013946623446022, 1.009118545040738, 0.9951900492720032, 0.9937047526696768, 1.0157959750896826, 0.9892578468468386, 1.02097605420627, 0.9941039900741412, 1.0106995344281948]","[0.9892060626752287, 0.99889155144103, 1.0082171347687345, 1.0158860514738388, 1.0017521056725613, 1.0011566263143739, 1.018273034017983, 0.995951942097048, 0.975300915450335, 1.008136175046573, 1.0133994595409073, 1.011764466437193, 0.982429442550361, 1.0074730704840047, 1.020786843454564, 0.9865863072201765, 1.0027235568136494, 0.9691019710675329, 1.0092331578973528, 1.0108706433136723, 1.00352812332706, 0.9937536139536839, 0.9938309616951304, 0.9842033386617436, 1.015041906857513, 0.9864999203664215, 0.9937234481748851, 1.003284302175658, 0.9909786462400888, 0.9853092820734446]","[-0.010793937324771297, -0.0011084485589699655, 0.008217134768734535, 0.015886051473838814, 0.0017521056725613438, 0.0011566263143738542, 0.01827303401798308, -0.00404805790295204, -0.024699084549664962, 0.008136175046572935, 0.013399459540907266, 0.011764466437192977, -0.01757055744963898, 0.007473070484004696, 0.02078684345456394, -0.013413692779823516, 0.0027235568136494415, -0.03089802893246707, 0.009233157897352795, 0.010870643313672268, 0.0035281233270600953, -0.00624638604631611, -0.00616903830486959, -0.015796661338256412, 0.015041906857512943, -0.013500079633578466, -0.006276551825114884, 0.003284302175657894, -0.0090213537599112, -0.014690717926555408]","[0.10130705684423447, 0.0, 0.0, 0.0, 0.10130705684423447, 0.0, 0.0, 0.0, 0.0, 0.10130705684423447, 0.0, 0.0, 0.0, 0.0, 0.0, 0.10130705684423447, 0.10130705684423447, 0.0, 0.0, 0.0, 0.09074083715677261, 0.0, 0.0, 0.0, 0.0, 0.09880265593528748, 0.10130705684423447, 0.10130705684423447, 0.0, 0.10130705684423447]","[0.0, 0.1, 0.1, 0.1, 0.1, 0.1, 0.1, 0.1, 0.1, 0.0, 0.0, 0.0, 0.0, 0.0, 0.0, 0.0, 0.0, 0.0, 0.0, 0.0, 0.0, 0.0, 0.0, 0.0, 0.0, 0.0, 0.0, 0.0, 0.1, 0.1]","[0.0, 0.09459444792916638, 0.092901488270072, 0.09801251204684272, 0.0881596670969473, 0.08414729409535557, 0.0963544201701745, 0.1039332894271222, 0.097632102206286, 0.008216933159419256, 0.008830157161124409, 0.0, 0.009199405805580006, 0.0, 0.003885218266275577, 0.0, 0.006448673954498779, 0.0, 0.003973536260422694, 0.0, 0.0, 0.008182903033876305, 0.0, 0.015227251647070459, 0.0, 0.0, 0.0, 0.015918089622903555, 0.08325245063201801, 0.0811301592148442]","[0.10130707174539566, 0.0, 0.0, 0.0, 0.10130707174539566, 0.0, 0.0, 0.0, 0.0, 0.10130707174539566, 0.0, 0.0, 0.0, 0.0, 0.0, 0.10130707174539566, 0.10130707174539566, 0.0, 0.0, 0.0, 0.09074084460735321, 0.0, 0.0, 0.0, 0.0, 0.09880267083644867, 0.10130707174539566, 0.10130707174539566, 0.0, 0.10130707174539566]",-0.004320627631570938
52,1.0374716461990647,"[0.9892060626752287, 0.99889155144103, 1.0082171347687345, 1.0158860514738388, 1.0017521056725613, 1.0011566263143739, 1.018273034017983, 0.995951942097048, 0.975300915450335, 1.008136175046573, 1.0133994595409073, 1.011764466437193, 0.982429442550361, 1.0074730704840047, 1.020786843454564, 0.9865863072201765, 1.0027235568136494, 0.9691019710675329, 1.0092331578973528, 1.0108706433136723, 1.00352812332706, 0.9937536139536839, 0.9938309616951304, 0.9842033386617436, 1.015041906857513, 0.9864999203664215, 0.9937234481748851, 1.003284302175658, 0.9909786462400888, 0.9853092820734446]","[1.0125712545064067, 1.014469686690953, 1.0239051511727641, 0.9929414082396906, 0.9852372317123309, 0.9862209248952781, 1.0112440836567163, 1.0028187352987648, 0.9881821483916882, 1.017527492744003, 0.9831974450261174, 0.9814563137199734, 0.9944760104144849, 1.016824249585922, 0.9903561643139425, 1.0106806064114444, 1.0062940914859757, 1.000151412620043, 1.018644358590314, 0.9936610524137607, 0.9903854231330208, 0.9869357277625537, 1.0095012892275483, 1.0001497758276972, 1.0093143685738928, 0.9860593581120807, 1.001294615289524, 0.9973199310579367, 1.0148476531485593, 0.9922567533473294]","[0.012571254506406726, 0.014469686690953054, 0.02390515117276415, -0.0070585917603094295, -0.014762768287669092, -0.013779075104721872, 0.011244083656716253, 0.002818735298764752, -0.011817851608311836, 0.017527492744003004, -0.01680255497388261, -0.01854368628002656, -0.005523989585515143, 0.016824249585922102, -0.009643835686057534, 0.010680606411444415, 0.006294091485975706, 0.00015141262004303435, 0.018644358590313992, -0.0063389475862393185, -0.009614576866979196, -0.013064272237446328, 0.009501289227548337, 0.0001497758276971517, 0.009314368573892784, -0.013940641887919325, 0.0012946152895239038, -0.002680068942063296, 0.014847653148559292, -0.007743246652670566]","[0.0, 0.12018938362598419, 0.0, 0.0, 0.09221529960632324, 0.12018938362598419, 0.0, 0.0, 0.0, 0.06533446162939072, 0.12018938362598419, 0.0, 0.0, 0.12018938362598419, 0.0, 0.0, 0.0, 0.06969766318798065, 0.0924440398812294, 0.0, 0.0, 0.0, 0.10514864325523376, 0.0, 0.0, 0.0, 0.09440240263938904, 0.0, 0.0, 0.0]","[0.0, 0.1, 0.1, 0.1, 0.1, 0.1, 0.1, 0.1, 0.1, 0.0, 0.0, 0.0, 0.0, 0.0, 0.0, 0.0, 0.0, 0.0, 0.0, 0.0, 0.0, 0.0, 0.0, 0.0, 0.0, 0.0, 0.0, 0.0, 0.1, 0.1]","[0.0, 0.09813416440373848, 0.09619135819379082, 0.09299907355346483, 0.08702970018508428, 0.09591881967689367, 0.09063492430126724, 0.107512721888925, 0.09616221326302742, 0.004074657869292775, 0.0, 0.0, 0.005432588392843249, 0.005310582497229144, 0.0, 0.0, 0.0027244361952205192, 0.009817968888236208, 0.006121898306426865, 0.015955620072786614, 0.0, 0.000464924871476784, 0.0, 0.0, 0.0, 0.004333072004532026, 0.0069701966386334965, 0.0, 0.09432001058296266, 0.07989106821416796]","[0.0, 0.12018938362598419, 0.0, 0.0, 0.09221529960632324, 0.12018938362598419, 0.0, 0.0, 0.0, 0.06533446162939072, 0.12018938362598419, 0.0, 0.0, 0.12018938362598419, 0.0, 0.0, 0.0, 0.06969766318798065, 0.0924440398812294, 0.0, 0.0, 0.0, 0.10514864325523376, 0.0, 0.0, 0.0, 0.09440240263938904, 0.0, 0.0, 0.0]",0.002361309864630296
53,1.0248301566442162,"[1.0125712545064067, 1.014469686690953, 1.0239051511727641, 0.9929414082396906, 0.9852372317123309, 0.9862209248952781, 1.0112440836567163, 1.0028187352987648, 0.9881821483916882, 1.017527492744003, 0.9831974450261174, 0.9814563137199734, 0.9944760104144849, 1.016824249585922, 0.9903561643139425, 1.0106806064114444, 1.0062940914859757, 1.000151412620043, 1.018644358590314, 0.9936610524137607, 0.9903854231330208, 0.9869357277625537, 1.0095012892275483, 1.0001497758276972, 1.0093143685738928, 0.9860593581120807, 1.001294615289524, 0.9973199310579367, 1.0148476531485593, 0.9922567533473294]","[1.0194019537624048, 0.9754635002094257, 1.0185660542252517, 0.9994893784286417, 1.0414109405773329, 0.9959307703645031, 0.9964291355477202, 1.0151416136608227, 0.9997474187809634, 1.0030650951717173, 1.0132658967209174, 0.9756884882132797, 0.9712559313855128, 0.999928257332193, 0.9808220301815533, 1.002620842629127, 0.9919083645401708, 1.0209049580431793, 1.01047614462269, 0.9989473810161218, 1.018046391260395, 1.0006438898542829, 0.9913513862832837, 1.00041922241418, 1.0158725066451981, 0.9960593792517656, 0.9963565146426918, 1.0051434603759053, 0.9977542708591365, 1.0100891447133513]","[0.019401953762404833, -0.024536499790574262, 0.018566054225251705, -0.0005106215713582829, 0.041410940577332855, -0.00406922963549694, -0.0035708644522798316, 0.015141613660822673, -0.00025258121903659614, 0.003065095171717269, 0.01326589672091738, -0.024311511786720308, -0.028744068614487195, -7.174266780696215e-05, -0.01917796981844666, 0.002620842629126985, -0.00809163545982916, 0.020904958043179267, 0.010476144622689976, -0.0010526189838782063, 0.01804639126039498, 0.0006438898542828753, -0.008648613716716325, 0.00041922241417990946, 0.015872506645198126, -0.003940620748234425, -0.003643485357308185, 0.0051434603759052955, -0.002245729140863517, 0.010089144713351317]","[0.0, 0.10000000149011612, 0.0, 0.0, 0.0, 0.0, 0.10000000149011612, 0.0, 0.0, 0.0, 0.0, 0.10000000149011612, 0.10000000149011612, 0.10000000149011612, 0.10000000149011612, 0.0, 0.10000000149011612, 0.0, 0.0, 0.10000000149011612, 0.0, 0.0, 0.10000000149011612, 0.0, 0.0, 0.0, 0.10000000149011612, 0.0, 0.0, 0.0]","[0.0, 0.1, 0.1, 0.1, 0.1, 0.1, 0.1, 0.1, 0.1, 0.0, 0.0, 0.0, 0.0, 0.0, 0.0, 0.0, 0.0, 0.0, 0.0, 0.0, 0.0, 0.0, 0.0, 0.0, 0.0, 0.0, 0.0, 0.0, 0.1, 0.1]","[0.0, 0.09297744340728882, 0.11010038438937078, 0.0962962776622668, 0.10563316106465198, 0.08537519920974719, 0.07562897563421464, 0.09031080452407371, 0.08626179450988299, 0.0038660765169519864, 0.01557848303458689, 0.0, 0.007497439372726557, 0.0, 0.002492187842177092, 0.0, 0.01227646351077125, 0.01572945189047211, 0.0, 0.0, 0.007853061935253721, 0.004561848179947495, 0.0037848749515318656, 0.0, 0.0, 0.0, 0.003657526906126164, 0.0, 0.09063030908268452, 0.08948823637527352]","[0.0, 0.10000000149011612, 0.0, 0.0, 0.0, 0.0, 0.10000000149011612, 0.0, 0.0, 0.0, 0.0, 0.10000000149011612, 0.10000000149011612, 0.10000000149011612, 0.10000000149011612, 0.0, 0.10000000149011612, 0.0, 0.0, 0.10000000149011612, 0.0, 0.0, 0.10000000149011612, 0.0, 0.0, 0.0, 0.10000000149011612, 0.0, 0.0, 0.0]",-0.012630675555638573
54,1.025766808917109,"[1.0194019537624048, 0.9754635002094257, 1.0185660542252517, 0.9994893784286417, 1.0414109405773329, 0.9959307703645031, 0.9964291355477202, 1.0151416136608227, 0.9997474187809634, 1.0030650951717173, 1.0132658967209174, 0.9756884882132797, 0.9712559313855128, 0.999928257332193, 0.9808220301815533, 1.002620842629127, 0.9919083645401708, 1.0209049580431793, 1.01047614462269, 0.9989473810161218, 1.018046391260395, 1.0006438898542829, 0.9913513862832837, 1.00041922241418, 1.0158725066451981, 0.9960593792517656, 0.9963565146426918, 1.0051434603759053, 0.9977542708591365, 1.0100891447133513]","[1.0039443785496462, 1.019930473248274, 1.0045249622955232, 0.998784949664051, 1.014633529024807, 1.0093748812368948, 1.0087173019788949, 0.9910750904138602, 1.0079369617080904, 0.9957153910925428, 1.0066022653334132, 1.0034236142240143, 0.999553533883394, 0.9821754258095616, 1.0191907312376935, 1.0103967547168369, 0.9809275722831332, 1.0005677393146912, 0.9867700655806192, 1.0025878238914374, 1.0264972025375003, 1.0003498241211244, 0.996298980497966, 1.0024835541427164, 0.9929586183273595, 1.0055612449554692, 0.9852987837232756, 1.002595406216454, 1.0029074215098934, 0.9913704688588321]","[0.003944378549646244, 0.019930473248273906, 0.004524962295523238, -0.0012150503359490417, 0.014633529024806968, 0.009374881236894783, 0.008717301978894865, -0.008924909586139784, 0.00793696170809044, -0.004284608907457188, 0.0066022653334132375, 0.003423614224014271, -0.00044646611660603686, -0.01782457419043837, 0.019190731237693548, 0.010396754716836876, -0.01907242771686679, 0.0005677393146912291, -0.013229934419380807, 0.002587823891437413, 0.02649720253750032, 0.0003498241211243869, -0.003701019502034053, 0.002483554142716393, -0.0070413816726404566, 0.005561244955469169, -0.014701216276724383, 0.0025954062164539327, 0.0029074215098934264, -0.008629531141167934]","[0.0, 0.0, 0.10204137116670609, 0.0, 0.10204137116670609, 0.0, 0.0, 0.09672210365533829, 0.10204137116670609, 0.0, 0.0, 0.0, 0.0, 0.10204137116670609, 0.0, 0.0, 0.0, 0.0, 0.0, 0.10204137116670609, 0.0, 0.10204137116670609, 0.08860275894403458, 0.0, 0.0, 0.10204137116670609, 0.0, 0.0, 0.10038559138774872, 0.0]","[0.0, 0.1, 0.1, 0.1, 0.1, 0.1, 0.1, 0.1, 0.1, 0.0, 0.0, 0.0, 0.0, 0.0, 0.0, 0.0, 0.0, 0.0, 0.0, 0.0, 0.0, 0.0, 0.0, 0.0, 0.0, 0.0, 0.0, 0.0, 0.1, 0.1]","[0.00666931959643815, 0.11314970101179307, 0.07136771547884069, 0.08271626793821098, 0.08878402810118208, 0.10761449365840764, 0.1100823546562358, 0.08335470653499065, 0.09459084658068152, 0.0, 0.004400876793248869, 0.0, 0.0, 0.00814097730520875, 0.0, 0.00028092423189209607, 0.0, 0.0007619301835446693, 0.003956728768703579, 0.0, 0.0, 0.0, 0.0, 0.01826741373515203, 0.010967706293425021, 0.0, 0.0, 0.004880187591345927, 0.08935101342660204, 0.10066280811409647]","[0.0, 0.0, 0.10204137116670609, 0.0, 0.10204137116670609, 0.0, 0.0, 0.09672210365533829, 0.10204137116670609, 0.0, 0.0, 0.0, 0.0, 0.10204137116670609, 0.0, 0.0, 0.0, 0.0, 0.0, 0.10204137116670609, 0.0, 0.10204137116670609, 0.08860275894403458, 0.0, 0.0, 0.10204137116670609, 0.0, 0.0, 0.10038559138774872, 0.0]",0.0005752343598688373
55,1.0223554135055601,"[1.0039443785496462, 1.019930473248274, 1.0045249622955232, 0.998784949664051, 1.014633529024807, 1.0093748812368948, 1.0087173019788949, 0.9910750904138602, 1.0079369617080904, 0.9957153910925428, 1.0066022653334132, 1.0034236142240143, 0.999553533883394, 0.9821754258095616, 1.0191907312376935, 1.0103967547168369, 0.9809275722831332, 1.0005677393146912, 0.9867700655806192, 1.0025878238914374, 1.0264972025375003, 1.0003498241211244, 0.996298980497966, 1.0024835541427164, 0.9929586183273595, 1.0055612449554692, 0.9852987837232756, 1.002595406216454, 1.0029074215098934, 0.9913704688588321]","[1.035292336046045, 1.004030171514361, 0.9941819256233826, 1.0011062724058726, 1.0229118080943904, 0.9813573786624866, 0.9975181911679263, 0.9933951188239453, 0.9931439906710485, 1.0188264302207872, 1.0016960820409766, 1.0019499081535634, 0.9894050350324783, 0.9696099559787561, 1.013281903512871, 1.0063002168546669, 1.0045728066415964, 1.0121344640039813, 0.9955413149420512, 1.0089911074179878, 1.0031885339139957, 1.0096560910452073, 0.9865655780511352, 1.0059820169846305, 0.9950298489877536, 0.9875874673664718, 1.018210282967433, 1.0068826390532815, 1.0085794994481856, 1.0040015736693473]","[0.03529233604604509, 0.004030171514360914, -0.00581807437661741, 0.001106272405872577, 0.022911808094390418, -0.018642621337513376, -0.0024818088320737175, -0.006604881176054733, -0.006856009328951473, 0.018826430220787227, 0.0016960820409765986, 0.00194990815356344, -0.010594964967521658, -0.0303900440212439, 0.013281903512871063, 0.006300216854666862, 0.0045728066415964275, 0.012134464003981327, -0.004458685057948775, 0.00899110741798781, 0.0031885339139956503, 0.00965609104520726, -0.013434421948864794, 0.005982016984630523, -0.004970151012246404, -0.01241253263352815, 0.0182102829674331, 0.0068826390532814585, 0.00857949944818559, 0.00400157366934728]","[0.0, 0.0, 0.0, 0.0, 0.0, 0.1095845177769661, 0.0, 0.0, 0.07817087322473526, 0.0, 0.0, 0.0, 0.0, 0.10993098467588425, 0.0, 0.10993098467588425, 0.10757386684417725, 0.0, 0.0, 0.0, 0.050314001739025116, 0.10993098467588425, 0.10500170290470123, 0.10993098467588425, 0.0, 0.0, 0.0, 0.0, 0.10963115096092224, 0.0]","[0.0, 0.1, 0.1, 0.1, 0.1, 0.1, 0.1, 0.1, 0.1, 0.0, 0.0, 0.0, 0.0, 0.0, 0.0, 0.0, 0.0, 0.0, 0.0, 0.0, 0.0, 0.0, 0.0, 0.0, 0.0, 0.0, 0.0, 0.0, 0.1, 0.1]","[0.0042477556911666315, 0.0980790849393572, 0.09401367353422081, 0.08046967722683322, 0.10756496978238618, 0.10701340931056874, 0.09775893338431675, 0.09834748332019091, 0.09645697575674046, 0.0, 0.0071164759929243935, 0.0, 0.0, 0.0, 0.0, 0.0, 0.003961482611095832, 0.002992241410301975, 0.006766804762306969, 0.0, 0.0, 0.0, 0.003723420996949959, 0.0, 0.0, 0.0099379479457105, 0.003890402964108655, 0.0, 0.08946776805332492, 0.08819149231749589]","[0.0, 0.0, 0.0, 0.0, 0.0, 0.1095845028758049, 0.0, 0.0, 0.07817086577415466, 0.0, 0.0, 0.0, 0.0, 0.10993096977472305, 0.0, 0.10993096977472305, 0.10757385194301605, 0.0, 0.0, 0.0, 0.05031399428844452, 0.10993096977472305, 0.10500168800354004, 0.10993096977472305, 0.0, 0.0, 0.0, 0.0, 0.10963113605976105, 0.0]",-0.0036941633955626767
56,1.0198394320706898,"[1.035292336046045, 1.004030171514361, 0.9941819256233826, 1.0011062724058726, 1.0229118080943904, 0.9813573786624866, 0.9975181911679263, 0.9933951188239453, 0.9931439906710485, 1.0188264302207872, 1.0016960820409766, 1.0019499081535634, 0.9894050350324783, 0.9696099559787561, 1.013281903512871, 1.0063002168546669, 1.0045728066415964, 1.0121344640039813, 0.9955413149420512, 1.0089911074179878, 1.0031885339139957, 1.0096560910452073, 0.9865655780511352, 1.0059820169846305, 0.9950298489877536, 0.9875874673664718, 1.018210282967433, 1.0068826390532815, 1.0085794994481856, 1.0040015736693473]","[0.9903036226967062, 1.0218630214196716, 0.978512784392994, 1.0042153151628903, 1.0026157899740722, 0.9951264825547714, 0.9819625652157355, 0.9982275432250204, 0.9908744482486599, 0.993300982647665, 1.0083529526111858, 1.006880032291786, 0.9985781182191126, 1.0023316094973098, 0.9898356208234319, 0.9911039469028482, 0.9982734640814037, 1.000715253317148, 0.9834282210552762, 0.9847218348736522, 1.017578524797723, 0.9862414126162771, 1.002322471843662, 1.001849294193866, 0.9865101647860935, 0.998813776145999, 1.0298489524816759, 0.9841918296361405, 0.9991440719979737, 1.002296543472279]","[-0.009696377303293757, 0.021863021419671558, -0.02148721560700595, 0.00421531516289031, 0.0026157899740721913, -0.00487351744522857, -0.01803743478426445, -0.0017724567749796138, -0.00912555175134011, -0.006699017352335024, 0.008352952611185849, 0.006880032291785909, -0.001421881780887424, 0.0023316094973098167, -0.010164379176568095, -0.008896053097151801, -0.0017265359185962836, 0.0007152533171479458, -0.016571778944723836, -0.015278165126347831, 0.017578524797722928, -0.013758587383722931, 0.0023224718436620773, 0.0018492941938659246, -0.013489835213906454, -0.0011862238540010228, 0.02984895248167585, -0.01580817036385951, -0.0008559280020262738, 0.0022965434722790334]","[0.0, 0.0, 0.0, 0.0, 0.107783243060112, 0.0, 0.0, 0.0, 0.09447801858186722, 0.0, 0.11058457940816879, 0.0872407779097557, 0.0, 0.0, 0.0, 0.0704343318939209, 0.11058457940816879, 0.0, 0.0, 0.0, 0.0, 0.11058457940816879, 0.0, 0.11058457940816879, 0.0871407613158226, 0.0, 0.0, 0.0, 0.11058457940816879, 0.0]","[0.0, 0.1, 0.1, 0.1, 0.1, 0.1, 0.1, 0.1, 0.1, 0.0, 0.0, 0.0, 0.0, 0.0, 0.0, 0.0, 0.0, 0.0, 0.0, 0.0, 0.0, 0.0, 0.0, 0.0, 0.0, 0.0, 0.0, 0.0, 0.1, 0.1]","[0.023036712843809436, 0.08205625348714367, 0.09187919239271906, 0.08097227855635976, 0.09975314496373584, 0.07908162136990676, 0.10131269337661594, 0.09810128171725202, 0.09065585492350828, 0.02711460616167261, 0.0, 0.007467251085806196, 0.0, 0.0, 0.0, 0.0, 0.0, 0.0, 0.012452693163687413, 0.013559041016776695, 0.0, 0.00461107042636455, 0.0, 0.00756995114807202, 0.0, 0.0024039767475160768, 0.0, 0.0, 0.08953655380868858, 0.08843582281036498]","[0.0, 0.0, 0.0, 0.0, 0.107783243060112, 0.0, 0.0, 0.0, 0.09447801858186722, 0.0, 0.11058457940816879, 0.0872407779097557, 0.0, 0.0, 0.0, 0.0704343318939209, 0.11058457940816879, 0.0, 0.0, 0.0, 0.0, 0.11058457940816879, 0.0, 0.11058457940816879, 0.0871407613158226, 0.0, 0.0, 0.0, 0.11058457940816879, 0.0]",-0.002828761393828509
57,1.0119091199535404,"[0.9903036226967062, 1.0218630214196716, 0.978512784392994, 1.0042153151628903, 1.0026157899740722, 0.9951264825547714, 0.9819625652157355, 0.9982275432250204, 0.9908744482486599, 0.993300982647665, 1.0083529526111858, 1.006880032291786, 0.9985781182191126, 1.0023316094973098, 0.9898356208234319, 0.9911039469028482, 0.9982734640814037, 1.000715253317148, 0.9834282210552762, 0.9847218348736522, 1.017578524797723, 0.9862414126162771, 1.002322471843662, 1.001849294193866, 0.9865101647860935, 0.998813776145999, 1.0298489524816759, 0.9841918296361405, 0.9991440719979737, 1.002296543472279]","[0.995374605650118, 1.006547462924972, 0.9906004730090964, 1.0080606725988142, 0.9971234467460618, 1.0053747888685622, 0.9913050468200694, 1.0114218380909485, 0.9884029139931487, 0.9844408956251545, 1.005121370637836, 0.9928570148773986, 1.0024338079894042, 0.9950235251912463, 1.003403614900792, 1.0092759712745465, 0.9887579147251382, 1.0033225153634138, 1.0017513923143067, 0.995639741742106, 1.0051466303108614, 0.9957756971782366, 0.9975469434503049, 1.004070059017594, 0.9906618379998999, 0.9913366110911893, 0.9860555823916631, 0.9906294560093255, 0.9834746381961524, 1.0012421401640228]","[-0.004625394349881962, 0.006547462924971992, -0.009399526990903628, 0.008060672598814156, -0.0028765532539382077, 0.005374788868562241, -0.008694953179930631, 0.011421838090948544, -0.011597086006851276, -0.015559104374845534, 0.005121370637835909, -0.007142985122601364, 0.0024338079894041798, -0.004976474808753739, 0.003403614900792107, 0.00927597127454649, -0.011242085274861813, 0.0033225153634137694, 0.0017513923143066545, -0.00436025825789399, 0.0051466303108613776, -0.004224302821763448, -0.0024530565496950762, 0.004070059017593941, -0.00933816200010007, -0.008663388908810687, -0.013944417608336868, -0.009370543990674496, -0.01652536180384756, 0.001242140164022798]","[0.0, 0.0, 0.09656441956758499, 0.0, 0.0, 0.09733670949935913, 0.0, 0.0, 0.10202556103467941, 0.09791981428861618, 0.0, 0.0, 0.0, 0.10202556103467941, 0.0, 0.0, 0.0, 0.0, 0.0, 0.0, 0.0, 0.09710119664669037, 0.10202556103467941, 0.0, 0.0, 0.10095001012086868, 0.0, 0.10202556103467941, 0.10202556103467941, 0.0]","[0.0, 0.1, 0.1, 0.1, 0.1, 0.1, 0.1, 0.1, 0.1, 0.0, 0.0, 0.0, 0.0, 0.0, 0.0, 0.0, 0.0, 0.0, 0.0, 0.0, 0.0, 0.0, 0.0, 0.0, 0.0, 0.0, 0.0, 0.0, 0.1, 0.1]","[0.0029373787749809176, 0.08317428255111385, 0.08914074348081368, 0.0859196458021906, 0.08411923011518449, 0.08584669561043354, 0.10929448589339935, 0.08310237650454902, 0.10407933152558352, 0.004943593664778349, 0.00872092728483603, 0.007825362045814315, 0.00897788890787053, 0.0, 0.0, 0.007564712098130099, 0.0012119255120479834, 0.0, 0.009069124843636867, 0.010166407940429802, 0.0021227511774184558, 0.00974197526772785, 0.0, 0.008512444495982976, 0.020265409445883904, 0.0, 0.0, 0.0, 0.07874992088114967, 0.09451338617604418]","[0.0, 0.0, 0.09656441956758499, 0.0, 0.0, 0.09733670949935913, 0.0, 0.0, 0.10202556103467941, 0.09791981428861618, 0.0, 0.0, 0.0, 0.10202556103467941, 0.0, 0.0, 0.0, 0.0, 0.0, 0.0, 0.0, 0.09710119664669037, 0.10202556103467941, 0.0, 0.0, 0.10095001012086868, 0.0, 0.10202556103467941, 0.10202556103467941, 0.0]",-0.008146045038705299
58,1.0129488936283277,"[0.995374605650118, 1.006547462924972, 0.9906004730090964, 1.0080606725988142, 0.9971234467460618, 1.0053747888685622, 0.9913050468200694, 1.0114218380909485, 0.9884029139931487, 0.9844408956251545, 1.005121370637836, 0.9928570148773986, 1.0024338079894042, 0.9950235251912463, 1.003403614900792, 1.0092759712745465, 0.9887579147251382, 1.0033225153634138, 1.0017513923143067, 0.995639741742106, 1.0051466303108614, 0.9957756971782366, 0.9975469434503049, 1.004070059017594, 0.9906618379998999, 0.9913366110911893, 0.9860555823916631, 0.9906294560093255, 0.9834746381961524, 1.0012421401640228]","[0.9878038092550051, 1.0039158940913504, 1.0081063750520847, 0.9894030316302088, 1.0021678197766093, 1.0067549049546203, 1.0158147346178268, 0.9914614568853014, 0.9995446388432289, 0.9785302585416044, 0.9986766760890586, 1.0066306536498615, 0.995324051190669, 0.9903499137279703, 0.9949324203887592, 1.0214102400856073, 1.0079119962761596, 1.0072961253554038, 0.9930640998681775, 0.995961596865613, 0.9895390338779319, 1.0101952023109813, 0.9914541392047374, 0.9920892408477597, 1.0006800436811716, 0.9932393234718486, 1.000859056134777, 0.9932445739518891, 1.0034866034931442, 0.971182228841658]","[-0.012196190744994895, 0.0039158940913504026, 0.008106375052084669, -0.010596968369791182, 0.002167819776609292, 0.006754904954620278, 0.015814734617826787, -0.008538543114698594, -0.0004553611567711391, -0.02146974145839564, -0.0013233239109413653, 0.006630653649861484, -0.0046759488093309765, -0.009650086272029679, -0.0050675796112408245, 0.021410240085607324, 0.007911996276159572, 0.007296125355403804, -0.006935900131822548, -0.00403840313438697, -0.01046096612206815, 0.010195202310981255, -0.00854586079526265, -0.007910759152240265, 0.0006800436811715826, -0.006760676528151377, 0.000859056134776992, -0.0067554260481108575, 0.0034866034931442247, -0.028817771158342054]","[0.1129130870103836, 0.0, 0.0, 0.0, 0.1129130870103836, 0.0, 0.0, 0.1129130870103836, 0.0, 0.0, 0.0, 0.1129130870103836, 0.0, 0.09725277125835419, 0.0, 0.1129130870103836, 0.07238824665546417, 0.1129130870103836, 0.08102656155824661, 0.0, 0.0, 0.0, 0.0, 0.0, 0.0, 0.0, 0.0718538910150528, 0.0, 0.0, 0.0]","[0.0, 0.1, 0.1, 0.1, 0.1, 0.1, 0.1, 0.1, 0.1, 0.0, 0.0, 0.0, 0.0, 0.0, 0.0, 0.0, 0.0, 0.0, 0.0, 0.0, 0.0, 0.0, 0.0, 0.0, 0.0, 0.0, 0.0, 0.0, 0.1, 0.1]","[0.0, 0.09328231458117865, 0.10417161784025875, 0.09228071790373214, 0.09130245551290392, 0.0789053117373767, 0.10252148716532437, 0.09758537850523913, 0.09051931431584806, 0.0021625813811460906, 0.0036969306104291983, 0.0, 0.0, 0.0, 0.0, 0.0, 0.0, 0.0, 0.0, 0.017173089556332108, 0.0, 0.0, 0.0, 0.009612152465638514, 0.000977235678729106, 0.006631609675440793, 0.02176058959345196, 0.0019034613257946117, 0.09505282195212404, 0.09046093019905198]","[0.1129130870103836, 0.0, 0.0, 0.0, 0.1129130870103836, 0.0, 0.0, 0.1129130870103836, 0.0, 0.0, 0.0, 0.1129130870103836, 0.0, 0.09725277125835419, 0.0, 0.1129130870103836, 0.07238824665546417, 0.1129130870103836, 0.08102656155824661, 0.0, 0.0, 0.0, 0.0, 0.0, 0.0, 0.0, 0.0718538910150528, 0.0, 0.0, 0.0]",0.0005866847324577241
59,1.0179532831740703,"[0.9878038092550051, 1.0039158940913504, 1.0081063750520847, 0.9894030316302088, 1.0021678197766093, 1.0067549049546203, 1.0158147346178268, 0.9914614568853014, 0.9995446388432289, 0.9785302585416044, 0.9986766760890586, 1.0066306536498615, 0.995324051190669, 0.9903499137279703, 0.9949324203887592, 1.0214102400856073, 1.0079119962761596, 1.0072961253554038, 0.9930640998681775, 0.995961596865613, 0.9895390338779319, 1.0101952023109813, 0.9914541392047374, 0.9920892408477597, 1.0006800436811716, 0.9932393234718486, 1.000859056134777, 0.9932445739518891, 1.0034866034931442, 0.971182228841658]","[0.9980496346078409, 1.00535330210325, 1.0105022978219325, 1.0087048305866806, 1.0082485671623076, 0.9957458203598929, 1.006829168409429, 1.0113077810374171, 0.9982319900831316, 1.0086819509255527, 0.9845917262313442, 1.024544623092312, 1.0012255161712718, 1.0049012658660177, 1.0067883921241516, 0.9970458389116533, 0.9897227154682989, 0.96401612282641, 0.9716699454981359, 1.0131786946525656, 0.9986724009846023, 1.0004429374393502, 1.0092428957788864, 0.9991743488171559, 1.0021328056085974, 1.0045570181527166, 0.9839982041117061, 1.00983088426316, 0.9738625361367597, 0.993872929584237]","[-0.0019503653921590924, 0.005353302103249913, 0.01050229782193246, 0.00870483058668059, 0.008248567162307596, -0.004254179640107103, 0.006829168409429043, 0.011307781037417142, -0.0017680099168684293, 0.008681950925552684, -0.015408273768655834, 0.02454462309231209, 0.0012255161712717566, 0.00490126586601769, 0.00678839212415161, -0.002954161088346674, -0.01027728453170107, -0.03598387717358997, -0.0283300545018641, 0.013178694652565603, -0.0013275990153976958, 0.00044293743935019947, 0.009242895778886373, -0.000825651182844056, 0.00213280560859741, 0.004557018152716585, -0.016001795888293868, 0.009830884263160033, -0.02613746386324034, -0.006127070415762992]","[0.10000000149011612, 0.10000000149011612, 0.10000000149011612, 0.10000000149011612, 0.0, 0.0, 0.0, 0.10000000149011612, 0.0, 0.0, 0.0, 0.0, 0.0, 0.0, 0.0, 0.0, 0.10000000149011612, 0.0, 0.0, 0.0, 0.0, 0.0, 0.10000000149011612, 0.0, 0.10000000149011612, 0.10000000149011612, 0.0, 0.10000000149011612, 0.0, 0.0]","[0.0, 0.1, 0.1, 0.1, 0.1, 0.1, 0.1, 0.1, 0.1, 0.0, 0.0, 0.0, 0.0, 0.0, 0.0, 0.0, 0.0, 0.0, 0.0, 0.0, 0.0, 0.0, 0.0, 0.0, 0.0, 0.0, 0.0, 0.0, 0.1, 0.1]","[0.0, 0.08454217454647954, 0.08733748262486365, 0.09144945979503473, 0.08627754608050514, 0.09627622222072826, 0.07748424959652511, 0.10064668348804603, 0.11442595965507774, 0.0, 0.007456959583475311, 0.0, 0.009660240166623585, 0.0, 0.0024321412809550315, 0.0, 0.009220177034614257, 0.0, 0.00019208601862974738, 0.0063029207813274325, 0.004661805847053599, 0.009535338510096865, 0.0, 0.009726185329878942, 0.0, 0.0, 0.002447393763208979, 0.0008251976030550066, 0.10027245456974931, 0.09882732150407195]","[0.10000000149011612, 0.10000000149011612, 0.10000000149011612, 0.10000000149011612, 0.0, 0.0, 0.0, 0.10000000149011612, 0.0, 0.0, 0.0, 0.0, 0.0, 0.0, 0.0, 0.0, 0.10000000149011612, 0.0, 0.0, 0.0, 0.0, 0.0, 0.10000000149011612, 0.0, 0.10000000149011612, 0.10000000149011612, 0.0, 0.10000000149011612, 0.0, 0.0]",0.004506541332915147
60,1.0124889649961042,"[0.9980496346078409, 1.00535330210325, 1.0105022978219325, 1.0087048305866806, 1.0082485671623076, 0.9957458203598929, 1.006829168409429, 1.0113077810374171, 0.9982319900831316, 1.0086819509255527, 0.9845917262313442, 1.024544623092312, 1.0012255161712718, 1.0049012658660177, 1.0067883921241516, 0.9970458389116533, 0.9897227154682989, 0.96401612282641, 0.9716699454981359, 1.0131786946525656, 0.9986724009846023, 1.0004429374393502, 1.0092428957788864, 0.9991743488171559, 1.0021328056085974, 1.0045570181527166, 0.9839982041117061, 1.00983088426316, 0.9738625361367597, 0.993872929584237]","[1.0295547219763304, 0.9910231312625147, 0.9850435597085183, 1.0076918648515594, 0.9923067202204773, 0.9973797977941504, 1.0076388200464281, 0.9860446761693997, 1.0013891347584303, 0.9950756640826235, 1.0102338165853764, 1.0147502606546386, 0.9968903364645867, 0.9803809193662437, 0.9882405629287405, 1.0097598583666874, 0.9857411042885383, 1.0008177253530814, 0.9874049725282374, 0.9909853940512448, 0.9883399017980239, 1.0026018783802029, 0.9910042777892853, 0.9728486781842837, 0.9987296582336579, 1.006247255317826, 0.9991799729878998, 0.9956400375309655, 1.020780812134804, 0.9917657255492415]","[0.029554721976330356, -0.008976868737485266, -0.014956440291481687, 0.007691864851559371, -0.0076932797795227215, -0.0026202022058495755, 0.00763882004642813, -0.013955323830600275, 0.0013891347584302771, -0.00492433591737651, 0.010233816585376365, 0.01475026065463858, -0.0031096635354133095, -0.01961908063375628, -0.011759437071259482, 0.009759858366687357, -0.014258895711461661, 0.0008177253530814443, -0.012595027471762554, -0.00901460594875525, -0.01166009820197611, 0.002601878380202871, -0.008995722210714652, -0.027151321815716334, -0.001270341766342109, 0.006247255317826106, -0.0008200270121001552, -0.004359962469034473, 0.020780812134804094, -0.008234274450758527]","[0.0, 0.0, 0.10385116934776306, 0.0, 0.08305154740810394, 0.10221384465694427, 0.0, 0.0, 0.08777648210525513, 0.10385116934776306, 0.0, 0.10385116934776306, 0.0, 0.0, 0.0, 0.10385116934776306, 0.0, 0.0, 0.10385116934776306, 0.10385116934776306, 0.0, 0.0, 0.0, 0.10385116934776306, 0.0, 0.0, 0.0, 0.0, 0.0, 0.0]","[0.0, 0.1, 0.1, 0.1, 0.1, 0.1, 0.1, 0.1, 0.1, 0.0, 0.0, 0.0, 0.0, 0.0, 0.0, 0.0, 0.0, 0.0, 0.0, 0.0, 0.0, 0.0, 0.0, 0.0, 0.0, 0.0, 0.0, 0.0, 0.1, 0.1]","[0.0, 0.09812326154035284, 0.09244512104118122, 0.10308307380835201, 0.10107219486312566, 0.1028856376186056, 0.10629888662936762, 0.08308581736288131, 0.10135285985963939, 0.0006557812386756574, 0.0, 0.0, 0.0, 0.007534187724237862, 0.0, 0.0, 0.004429128799794814, 0.0, 0.0, 0.0, 0.0, 0.0, 0.0014873544848785596, 0.006400022833098167, 0.0, 0.0, 0.0, 0.0, 0.11311949856109697, 0.07802717363471248]","[0.0, 0.0, 0.10385116934776306, 0.0, 0.08305154740810394, 0.10221384465694427, 0.0, 0.0, 0.08777648210525513, 0.10385116934776306, 0.0, 0.10385116934776306, 0.0, 0.0, 0.0, 0.10385116934776306, 0.0, 0.0, 0.10385116934776306, 0.10385116934776306, 0.0, 0.0, 0.0, 0.10385116934776306, 0.0, 0.0, 0.0, 0.0, 0.0, 0.0]",-0.005742832278656804
61,1.0155639152949956,"[1.0295547219763304, 0.9910231312625147, 0.9850435597085183, 1.0076918648515594, 0.9923067202204773, 0.9973797977941504, 1.0076388200464281, 0.9860446761693997, 1.0013891347584303, 0.9950756640826235, 1.0102338165853764, 1.0147502606546386, 0.9968903364645867, 0.9803809193662437, 0.9882405629287405, 1.0097598583666874, 0.9857411042885383, 1.0008177253530814, 0.9874049725282374, 0.9909853940512448, 0.9883399017980239, 1.0026018783802029, 0.9910042777892853, 0.9728486781842837, 0.9987296582336579, 1.006247255317826, 0.9991799729878998, 0.9956400375309655, 1.020780812134804, 0.9917657255492415]","[1.0323699617169175, 0.9891100913271841, 1.0049876991501923, 0.9880993148696661, 1.0102888743878793, 0.999748790789604, 1.0117399127563647, 0.9865834958612175, 1.000707107054955, 1.0156419017508589, 0.988124388939735, 0.976131376134533, 1.0102757835415037, 1.0018942384332703, 0.9786408875498356, 1.0218609682429747, 0.9894627510671069, 1.0001190945962521, 0.9942165835421477, 1.0066254200518556, 0.9926968415672428, 1.0185703707969975, 0.9792886512687611, 1.0080372376461821, 0.9926759211144175, 1.0065317765671435, 1.0253768041785407, 1.0010745968445154, 1.0148924153498435, 0.9806611105642281]","[0.03236996171691753, -0.010889908672815918, 0.00498769915019226, -0.011900685130333932, 0.010288874387879288, -0.0002512092103960084, 0.011739912756364657, -0.013416504138782481, 0.0007071070549549141, 0.01564190175085889, -0.011875611060265023, -0.023868623865466954, 0.010275783541503714, 0.001894238433270301, -0.02135911245016442, 0.021860968242974677, -0.010537248932893095, 0.00011909459625214502, -0.005783416457852297, 0.006625420051855624, -0.007303158432757195, 0.018570370796997526, -0.02071134873123892, 0.008037237646182138, -0.007324078885582508, 0.0065317765671435435, 0.025376804178540713, 0.0010745968445153853, 0.014892415349843535, -0.01933888943577189]","[0.0, 0.10741040110588074, 0.0, 0.0, 0.0, 0.0, 0.10741040110588074, 0.10741040110588074, 0.10741040110588074, 0.10741040110588074, 0.06609862297773361, 0.0, 0.0, 0.10741040110588074, 0.0, 0.0, 0.0, 0.0, 0.0, 0.0, 0.0, 0.10494215786457062, 0.0, 0.0, 0.0, 0.0, 0.0, 0.10741040110588074, 0.07708646357059479, 0.0]","[0.0, 0.1, 0.1, 0.1, 0.1, 0.1, 0.1, 0.1, 0.1, 0.0, 0.0, 0.0, 0.0, 0.0, 0.0, 0.0, 0.0, 0.0, 0.0, 0.0, 0.0, 0.0, 0.0, 0.0, 0.0, 0.0, 0.0, 0.0, 0.1, 0.1]","[0.001677705842435399, 0.09331974975224472, 0.09431306998308446, 0.0702705564390551, 0.0983538755192684, 0.09502917375083383, 0.09919304158574534, 0.10433139750046952, 0.09811813497556232, 0.0, 0.0, 0.0, 0.011868314466867915, 0.0, 0.0, 0.0, 0.003584949292177441, 0.009222854604467024, 0.004044517495729986, 0.0, 0.0, 0.009060572313038683, 0.0, 0.007811195781014362, 0.0024932653557198834, 0.0, 0.0, 0.0, 0.11668895797345707, 0.08061866736882853]","[0.0, 0.10741038620471954, 0.0, 0.0, 0.0, 0.0, 0.10741038620471954, 0.10741038620471954, 0.10741038620471954, 0.10741038620471954, 0.06609861552715302, 0.0, 0.0, 0.10741038620471954, 0.0, 0.0, 0.0, 0.0, 0.0, 0.0, 0.0, 0.10494214296340942, 0.0, 0.0, 0.0, 0.0, 0.0, 0.10741038620471954, 0.07708645612001419, 0.0]",0.0026292794960968437
62,1.0098055234517254,"[1.0323699617169175, 0.9891100913271841, 1.0049876991501923, 0.9880993148696661, 1.0102888743878793, 0.999748790789604, 1.0117399127563647, 0.9865834958612175, 1.000707107054955, 1.0156419017508589, 0.988124388939735, 0.976131376134533, 1.0102757835415037, 1.0018942384332703, 0.9786408875498356, 1.0218609682429747, 0.9894627510671069, 1.0001190945962521, 0.9942165835421477, 1.0066254200518556, 0.9926968415672428, 1.0185703707969975, 0.9792886512687611, 1.0080372376461821, 0.9926759211144175, 1.0065317765671435, 1.0253768041785407, 1.0010745968445154, 1.0148924153498435, 0.9806611105642281]","[0.9873360986787894, 1.0064177666157457, 1.0048311029427708, 0.9870655045706073, 0.9983598679299213, 0.9856220351503423, 1.016927129280403, 0.9903924128503383, 1.0029405757739498, 1.0144381238485136, 1.0177978110186983, 1.0101668825712675, 1.0008807895169431, 1.022326476994886, 1.012691587486323, 0.9949887931200319, 0.9851365398160671, 1.0009881596768204, 1.0003597971718001, 1.008561274161199, 0.9890870452325381, 1.0122334411415153, 0.9963526956389985, 0.9912999764042126, 1.0009194127341994, 0.9737394158597786, 0.9685418245489, 0.992924144863129, 1.0064915111520596, 0.9761030982336949]","[-0.012663901321210647, 0.006417766615745668, 0.004831102942770782, -0.012934495429392734, -0.001640132070078737, -0.014377964849657698, 0.016927129280402964, -0.0096075871496617, 0.002940575773949794, 0.014438123848513618, 0.017797811018698262, 0.010166882571267521, 0.0008807895169431479, 0.022326476994886102, 0.01269158748632293, -0.005011206879968144, -0.01486346018393292, 0.0009881596768204215, 0.0003597971718001247, 0.008561274161198895, -0.010912954767461902, 0.012233441141515256, -0.003647304361001469, -0.008700023595787365, 0.0009194127341993763, -0.026260584140221366, -0.03145817545109997, -0.007075855136871034, 0.0064915111520595925, -0.0238969017663051]","[0.11291545629501343, 0.0, 0.0, 0.0, 0.0, 0.0, 0.0, 0.0, 0.0, 0.0, 0.05780882388353348, 0.0, 0.11291545629501343, 0.0, 0.0, 0.11291545629501343, 0.0, 0.11291545629501343, 0.0, 0.11291545629501343, 0.11291545629501343, 0.0, 0.0, 0.0, 0.0, 0.0941728875041008, 0.0, 0.11291545629501343, 0.0, 0.0576101616024971]","[0.0, 0.1, 0.1, 0.1, 0.1, 0.1, 0.1, 0.1, 0.1, 0.0, 0.0, 0.0, 0.0, 0.0, 0.0, 0.0, 0.0, 0.0, 0.0, 0.0, 0.0, 0.0, 0.0, 0.0, 0.0, 0.0, 0.0, 0.0, 0.1, 0.1]","[0.02427553867970004, 0.07992293618064725, 0.0844290885097892, 0.08977644982489634, 0.10120116116211098, 0.09174966145270294, 0.09437872440621266, 0.09735469347543883, 0.09339916660484263, 0.0, 0.0, 0.009709629119680974, 0.0059457470419304785, 0.006270967140127639, 0.004965820669322415, 0.0, 0.0, 0.003688900147705156, 0.0051756359260055436, 0.0, 0.0011013707135652281, 0.0, 0.0, 0.009380878467901295, 0.0, 0.011185198259734689, 0.0, 0.0, 0.09308046607942362, 0.09300796613826215]","[0.11291544139385223, 0.0, 0.0, 0.0, 0.0, 0.0, 0.0, 0.0, 0.0, 0.0, 0.05780881643295288, 0.0, 0.11291544139385223, 0.0, 0.0, 0.11291544139385223, 0.0, 0.11291544139385223, 0.0, 0.11291544139385223, 0.11291544139385223, 0.0, 0.0, 0.0, 0.0, 0.0941728726029396, 0.0, 0.11291544139385223, 0.0, 0.057610154151916504]",-0.006035078929538724
63,1.0128883503880772,"[0.9873360986787894, 1.0064177666157457, 1.0048311029427708, 0.9870655045706073, 0.9983598679299213, 0.9856220351503423, 1.016927129280403, 0.9903924128503383, 1.0029405757739498, 1.0144381238485136, 1.0177978110186983, 1.0101668825712675, 1.0008807895169431, 1.022326476994886, 1.012691587486323, 0.9949887931200319, 0.9851365398160671, 1.0009881596768204, 1.0003597971718001, 1.008561274161199, 0.9890870452325381, 1.0122334411415153, 0.9963526956389985, 0.9912999764042126, 1.0009194127341994, 0.9737394158597786, 0.9685418245489, 0.992924144863129, 1.0064915111520596, 0.9761030982336949]","[1.0175415374157581, 1.0081954777104385, 1.0130485542201595, 1.0013426622861255, 0.9815126959130135, 1.013678629636019, 0.9788333558934373, 0.9912835170219508, 1.0168963813403082, 0.9840509453344488, 1.0029323332638291, 0.9933608983072032, 0.996161558870683, 0.9988848442209238, 1.0015483990304352, 1.004356541717351, 1.0087467740260552, 1.0146976953401345, 0.9964816327304309, 1.025631404902289, 0.9914633505291829, 0.9793228153131679, 0.9951188431302426, 1.0127225363064833, 1.0041801485377615, 1.0019098992870739, 0.9906861434478103, 0.9978811402445733, 1.01018605965063, 0.9975868013450221]","[0.017541537415758146, 0.008195477710438492, 0.013048554220159492, 0.0013426622861254511, -0.01848730408698651, 0.013678629636018957, -0.02116664410656266, -0.008716482978049167, 0.016896381340308242, -0.015949054665551188, 0.0029323332638291344, -0.0066391016927968005, -0.003838441129316972, -0.0011151557790761712, 0.0015483990304352435, 0.0043565417173510035, 0.00874677402605517, 0.014697695340134542, -0.0035183672695691115, 0.02563140490228899, -0.008536649470817115, -0.020677184686832106, -0.00488115686975743, 0.012722536306483345, 0.004180148537761497, 0.0019098992870738574, -0.009313856552189748, -0.002118859755426694, 0.01018605965063002, -0.0024131986549779105]","[0.08213090896606445, 0.0, 0.0930413231253624, 0.12441762536764145, 0.0, 0.0, 0.0, 0.0, 0.0, 0.0, 0.0, 0.0, 0.0, 0.0, 0.0, 0.0, 0.12441762536764145, 0.12441762536764145, 0.12441762536764145, 0.0, 0.0, 0.12184905260801315, 0.06991974264383316, 0.032751645892858505, 0.0, 0.10263682901859283, 0.0, 0.0, 0.0, 0.0]","[0.0, 0.1, 0.1, 0.1, 0.1, 0.1, 0.1, 0.1, 0.1, 0.0, 0.0, 0.0, 0.0, 0.0, 0.0, 0.0, 0.0, 0.0, 0.0, 0.0, 0.0, 0.0, 0.0, 0.0, 0.0, 0.0, 0.0, 0.0, 0.1, 0.1]","[0.0, 0.08096449670800866, 0.08839156812334988, 0.10023598114073823, 0.09065213467714385, 0.09886949892297393, 0.09649309701707195, 0.10700700937067949, 0.09490423735338506, 0.0, 0.0, 0.0001602740237917566, 0.0, 0.0012461847162377059, 0.0, 0.0, 0.023393222873363453, 0.005734017603385077, 0.003127025157873188, 0.0, 0.014254973241834083, 0.0, 0.006173943787901856, 0.0, 0.0037176930003734636, 0.0020976357746626353, 0.0, 0.005509274622208429, 0.09354975847695553, 0.08351797340806183]","[0.08213090896606445, 0.0, 0.0930413231253624, 0.12441762536764145, 0.0, 0.0, 0.0, 0.0, 0.0, 0.0, 0.0, 0.0, 0.0, 0.0, 0.0, 0.0, 0.12441762536764145, 0.12441762536764145, 0.12441762536764145, 0.0, 0.0, 0.12184905260801315, 0.06991974264383316, 0.032751645892858505, 0.0, 0.10263682901859283, 0.0, 0.0, 0.0, 0.0]",0.0026780248723422377
64,1.0164975248412493,"[1.0175415374157581, 1.0081954777104385, 1.0130485542201595, 1.0013426622861255, 0.9815126959130135, 1.013678629636019, 0.9788333558934373, 0.9912835170219508, 1.0168963813403082, 0.9840509453344488, 1.0029323332638291, 0.9933608983072032, 0.996161558870683, 0.9988848442209238, 1.0015483990304352, 1.004356541717351, 1.0087467740260552, 1.0146976953401345, 0.9964816327304309, 1.025631404902289, 0.9914633505291829, 0.9793228153131679, 0.9951188431302426, 1.0127225363064833, 1.0041801485377615, 1.0019098992870739, 0.9906861434478103, 0.9978811402445733, 1.01018605965063, 0.9975868013450221]","[1.0051680277926465, 1.0019037971827682, 0.9989418723661124, 0.9811007534910648, 1.0305504360287565, 1.0313927977302442, 0.9881238471478937, 1.008747342762889, 0.9902098236647684, 1.0169504403289633, 1.0211320807283886, 1.0193597231153875, 0.9923007242076587, 0.9959674820761161, 0.9958976543669006, 0.9916927119744364, 1.00782140088607, 1.0020870264403847, 1.0213958450976433, 1.002571701513968, 1.002758180457486, 0.9882624289907803, 0.9876800305910225, 1.0022095021469715, 1.0062532806012112, 1.0195333086885747, 1.0132392572263524, 0.972472333745958, 1.0073569547433345, 1.0260776172974737]","[0.005168027792646468, 0.0019037971827682298, -0.0010581276338875734, -0.018899246508935152, 0.03055043602875651, 0.03139279773024417, -0.011876152852106303, 0.008747342762889021, -0.009790176335231604, 0.016950440328963312, 0.02113208072838857, 0.019359723115387473, -0.007699275792341309, -0.004032517923883927, -0.0041023456330994135, -0.008307288025563575, 0.007821400886069974, 0.0020870264403847205, 0.02139584509764325, 0.0025717015139679056, 0.0027581804574861035, -0.011737571009219683, -0.012319969408977505, 0.002209502146971465, 0.00625328060121122, 0.019533308688574724, 0.013239257226352441, -0.027527666254042016, 0.007356954743334532, 0.02607761729747371]","[0.1480867564678192, 0.0, 0.10853156447410583, 0.0, 0.04784174636006355, 0.0, 0.0, 0.0, 0.0, 0.0, 0.0, 0.06302054971456528, 0.0, 0.1480867564678192, 0.0, 0.0, 0.0, 0.04335130751132965, 0.0, 0.044983088970184326, 0.1480867564678192, 0.1480867564678192, 0.0, 0.0, 0.0, 0.09992470592260361, 0.0, 0.0, 0.0, 0.0]","[0.0, 0.1, 0.1, 0.1, 0.1, 0.1, 0.1, 0.1, 0.1, 0.0, 0.0, 0.0, 0.0, 0.0, 0.0, 0.0, 0.0, 0.0, 0.0, 0.0, 0.0, 0.0, 0.0, 0.0, 0.0, 0.0, 0.0, 0.0, 0.1, 0.1]","[0.0041080907438761725, 0.0877602674475717, 0.09084962348971402, 0.08041362203861141, 0.09376871059707399, 0.09545567469365085, 0.09666046039268837, 0.09450108202865583, 0.08444351724109643, 0.009702477289426211, 0.0006390192320451803, 0.0062249892489394595, 0.0, 0.007404730685359005, 0.0, 0.010481910565072458, 0.01097061831181944, 0.004630250017882354, 0.002923399899742521, 0.0, 0.0, 0.00046418083192931896, 0.0, 0.0, 0.011290898617460483, 0.002968478108155651, 0.008793463523709284, 0.0035835796659170666, 0.1046655608545685, 0.08729539447503422]","[0.1480867564678192, 0.0, 0.10853156447410583, 0.0, 0.04784174636006355, 0.0, 0.0, 0.0, 0.0, 0.0, 0.0, 0.06302054971456528, 0.0, 0.1480867564678192, 0.0, 0.0, 0.0, 0.04335130751132965, 0.0, 0.044983088970184326, 0.1480867564678192, 0.1480867564678192, 0.0, 0.0, 0.0, 0.09992470592260361, 0.0, 0.0, 0.0, 0.0]",0.003144854144883433
65,1.0158809565134377,"[1.0051680277926465, 1.0019037971827682, 0.9989418723661124, 0.9811007534910648, 1.0305504360287565, 1.0313927977302442, 0.9881238471478937, 1.008747342762889, 0.9902098236647684, 1.0169504403289633, 1.0211320807283886, 1.0193597231153875, 0.9923007242076587, 0.9959674820761161, 0.9958976543669006, 0.9916927119744364, 1.00782140088607, 1.0020870264403847, 1.0213958450976433, 1.002571701513968, 1.002758180457486, 0.9882624289907803, 0.9876800305910225, 1.0022095021469715, 1.0062532806012112, 1.0195333086885747, 1.0132392572263524, 0.972472333745958, 1.0073569547433345, 1.0260776172974737]","[1.005810430935418, 0.9858901462335784, 0.996538330420214, 1.0011788453827979, 1.0219215132082058, 1.0071093713184347, 1.0135905702464865, 1.0119724902407425, 1.0045419219727865, 0.9899937958469311, 0.985924836410324, 1.0003694739188924, 1.0059077052757925, 0.9936062277665072, 1.0040967635914002, 0.9991090853587508, 0.9931351565171722, 1.0119146599639044, 0.9897129633849912, 1.001720381334801, 0.9841320599168277, 0.9910734118590228, 1.006069672675222, 1.0037547618274643, 1.0160829670437534, 0.996023772026476, 1.0000590017490598, 0.9848857705701657, 0.9922246830500541, 1.0060666036146095]","[0.005810430935418109, -0.014109853766421598, -0.0034616695797859975, 0.0011788453827978884, 0.02192151320820579, 0.0071093713184346985, 0.013590570246486466, 0.01197249024074254, 0.004541921972786467, -0.010006204153068854, -0.014075163589675976, 0.00036947391889241565, 0.005907705275792541, -0.0063937722334928004, 0.00409676359140021, -0.0008909146412492408, -0.006864843482827787, 0.011914659963904395, -0.010287036615008849, 0.0017203813348010133, -0.01586794008317227, -0.008926588140977243, 0.006069672675222071, 0.003754761827464259, 0.01608296704375345, -0.003976227973524038, 5.9001749059817143e-05, -0.015114229429834314, -0.007775316949945932, 0.006066603614609534]","[0.0, 0.11411721259355545, 0.0, 0.11411721259355545, 0.0, 0.11411721259355545, 0.0, 0.0, 0.07643060386180878, 0.0, 0.0, 0.0, 0.08591849356889725, 0.0, 0.11411721259355545, 0.0, 0.0, 0.0, 0.11411721259355545, 0.0, 0.06915992498397827, 0.0, 0.0, 0.083787702023983, 0.0, 0.0, 0.0, 0.0, 0.0, 0.11411721259355545]","[0.0, 0.1, 0.1, 0.1, 0.1, 0.1, 0.1, 0.1, 0.1, 0.0, 0.0, 0.0, 0.0, 0.0, 0.0, 0.0, 0.0, 0.0, 0.0, 0.0, 0.0, 0.0, 0.0, 0.0, 0.0, 0.0, 0.0, 0.0, 0.1, 0.1]","[0.0, 0.0920086320586765, 0.0981024675693125, 0.09194417456104988, 0.10120469516179792, 0.11770323552098655, 0.09942488973653728, 0.08303779963846535, 0.09516675447528417, 0.0, 0.0, 0.004157088091923699, 0.01194787675451666, 0.0, 0.0, 0.010373482402927292, 1.4889496929540302e-05, 0.0, 0.0018729686248683086, 0.0, 0.0, 0.004714218606507825, 0.0, 0.0, 0.0, 0.0, 0.0, 0.0, 0.09759174983700661, 0.09073507746320995]","[0.0, 0.11411722004413605, 0.0, 0.11411722004413605, 0.0, 0.11411722004413605, 0.0, 0.0, 0.07643061131238937, 0.0, 0.0, 0.0, 0.08591850101947784, 0.0, 0.11411722004413605, 0.0, 0.0, 0.0, 0.11411722004413605, 0.0, 0.06915993243455887, 0.0, 0.0, 0.0837877094745636, 0.0, 0.0, 0.0, 0.0, 0.0, 0.11411722004413605]",-0.0010295794502216593
66,1.0156151980629622,"[1.005810430935418, 0.9858901462335784, 0.996538330420214, 1.0011788453827979, 1.0219215132082058, 1.0071093713184347, 1.0135905702464865, 1.0119724902407425, 1.0045419219727865, 0.9899937958469311, 0.985924836410324, 1.0003694739188924, 1.0059077052757925, 0.9936062277665072, 1.0040967635914002, 0.9991090853587508, 0.9931351565171722, 1.0119146599639044, 0.9897129633849912, 1.001720381334801, 0.9841320599168277, 0.9910734118590228, 1.006069672675222, 1.0037547618274643, 1.0160829670437534, 0.996023772026476, 1.0000590017490598, 0.9848857705701657, 0.9922246830500541, 1.0060666036146095]","[0.9987262387545119, 0.9962285994356859, 0.9712663305001629, 1.0056710098246873, 1.0013215268925775, 0.9991219009547003, 1.0267729787996813, 0.9743135852570133, 1.0086272092125355, 1.0010749522114948, 0.9875022596254144, 0.9851321145800906, 0.9817828087700451, 0.9935417537255183, 0.9898168912805857, 1.0156286119912725, 0.989168256150946, 1.00859098385819, 1.0189034230075482, 1.0118587068510854, 0.9989772516845451, 1.003258590291167, 0.9891143534661184, 0.998641424397748, 0.9950967809515772, 1.0128351038758592, 1.008504982184418, 0.9829622086731912, 1.0150916888576136, 0.9978269540127224]","[-0.0012737612454880587, -0.0037714005643141313, -0.028733669499837133, 0.0056710098246872676, 0.0013215268925774737, -0.000878099045299674, 0.026772978799681324, -0.02568641474298672, 0.008627209212535458, 0.001074952211494784, -0.01249774037458562, -0.014867885419909355, -0.01821719122995491, -0.0064582462744816604, -0.010183108719414302, 0.015628611991272523, -0.010831743849054054, 0.008590983858189905, 0.018903423007548215, 0.011858706851085365, -0.0010227483154549022, 0.0032585902911670406, -0.010885646533881577, -0.0013585756022520545, -0.0049032190484228355, 0.012835103875859177, 0.008504982184418086, -0.017037791326808827, 0.015091688857613583, -0.002173045987277633]","[0.0, 0.06402797996997833, 0.0, 0.0, 0.0, 0.0, 0.0, 0.0, 0.0, 0.0, 0.0, 0.12274318188428879, 0.12274318188428879, 0.0, 0.0, 0.0, 0.09006810933351517, 0.0, 0.10359795391559601, 0.0, 0.12274318188428879, 0.0, 0.0, 0.0, 0.06883648782968521, 0.12274318188428879, 0.12274318188428879, 0.0, 0.05975363776087761, 0.0]","[0.0, 0.1, 0.1, 0.1, 0.1, 0.1, 0.1, 0.1, 0.1, 0.0, 0.0, 0.0, 0.0, 0.0, 0.0, 0.0, 0.0, 0.0, 0.0, 0.0, 0.0, 0.0, 0.0, 0.0, 0.0, 0.0, 0.0, 0.0, 0.1, 0.1]","[0.0, 0.09101336194244831, 0.09716127412668883, 0.10287172026985103, 0.07375979077903878, 0.09118005638324776, 0.09790443311110737, 0.10036071780337409, 0.08910448302651983, 0.01255635270945027, 0.0, 0.008239033423636966, 0.0, 0.005234436531022903, 0.006418777807392487, 0.011602037340328551, 0.0, 0.01278319861865766, 0.0, 0.0, 0.0, 0.0077115402970901635, 0.0, 0.01487996609924402, 0.0, 0.008082639787984123, 0.004615921034141857, 0.0, 0.08848763978528423, 0.07603261912349069]","[0.0, 0.06402797251939774, 0.0, 0.0, 0.0, 0.0, 0.0, 0.0, 0.0, 0.0, 0.0, 0.1227431669831276, 0.1227431669831276, 0.0, 0.0, 0.0, 0.09006810188293457, 0.0, 0.10359793901443481, 0.0, 0.1227431669831276, 0.0, 0.0, 0.0, 0.06883648037910461, 0.1227431669831276, 0.1227431669831276, 0.0, 0.05975363031029701, 0.0]",-0.0006456745623499899
67,1.0119248977811899,"[0.9987262387545119, 0.9962285994356859, 0.9712663305001629, 1.0056710098246873, 1.0013215268925775, 0.9991219009547003, 1.0267729787996813, 0.9743135852570133, 1.0086272092125355, 1.0010749522114948, 0.9875022596254144, 0.9851321145800906, 0.9817828087700451, 0.9935417537255183, 0.9898168912805857, 1.0156286119912725, 0.989168256150946, 1.00859098385819, 1.0189034230075482, 1.0118587068510854, 0.9989772516845451, 1.003258590291167, 0.9891143534661184, 0.998641424397748, 0.9950967809515772, 1.0128351038758592, 1.008504982184418, 0.9829622086731912, 1.0150916888576136, 0.9978269540127224]","[0.9984775760398822, 0.9966226033757885, 1.007526951997395, 0.9859281717255897, 0.9956138803707567, 0.9980298809153306, 0.9928110628292299, 0.9932008970169494, 1.0164878131493547, 0.9976369789926504, 1.0077079601601802, 1.0231436339250366, 1.0065600452355123, 1.0257855956686759, 0.9894438915505446, 0.9967637320351551, 1.0029279938618934, 1.002213934312387, 0.979021177832791, 1.0090799900689558, 1.0046564391878896, 0.9929477651125618, 1.01407026215088, 1.0430850350672018, 0.9805177381787594, 1.0002487132918996, 0.9879940914221592, 0.9887621569252856, 0.9883564407338956, 1.002944193449619]","[-0.0015224239601178136, -0.0033773966242115483, 0.007526951997395059, -0.014071828274410336, -0.00438611962924329, -0.001970119084669375, -0.007188937170770071, -0.006799102983050642, 0.016487813149354658, -0.0023630210073496416, 0.007707960160180161, 0.0231436339250366, 0.006560045235512346, 0.025785595668675887, -0.010556108449455426, -0.0032362679648448855, 0.002927993861893352, 0.0022139343123870336, -0.020978822167209032, 0.009079990068955768, 0.004656439187889605, -0.007052234887438225, 0.01407026215087992, 0.04308503506720185, -0.019482261821240576, 0.0002487132918995716, -0.012005908577840785, -0.011237843074714426, -0.011643559266104386, 0.002944193449619048]","[0.0, 0.0, 0.0, 0.0, 0.0, 0.10474244505167007, 0.0, 0.0, 0.0, 0.08472565561532974, 0.09972243010997772, 0.0, 0.0, 0.0, 0.0, 0.10474244505167007, 0.0, 0.0, 0.10474244505167007, 0.0, 0.09854849427938461, 0.0, 0.0, 0.0, 0.0, 0.10474244505167007, 0.10474244505167007, 0.0885486751794815, 0.0, 0.10474244505167007]","[0.0, 0.1, 0.1, 0.1, 0.1, 0.1, 0.1, 0.1, 0.1, 0.0, 0.0, 0.0, 0.0, 0.0, 0.0, 0.0, 0.0, 0.0, 0.0, 0.0, 0.0, 0.0, 0.0, 0.0, 0.0, 0.0, 0.0, 0.0, 0.1, 0.1]","[0.0, 0.09209965405267098, 0.0880074970651134, 0.0900290622417984, 0.09817463542707384, 0.1031945825916008, 0.0934383186040978, 0.08774474900844147, 0.08965381777986464, 0.0, 0.021976946474998253, 0.009725289204102193, 0.009071028400689693, 0.004142737545736725, 0.001294580082536351, 0.0, 0.0, 0.0033828206507217286, 0.0014411012537112512, 0.006672310656413926, 0.0, 0.0, 0.004183885285602018, 0.0, 0.0, 0.0011348828459624147, 0.0, 0.0, 0.09430096695150152, 0.1003311338773627]","[0.0, 0.0, 0.0, 0.0, 0.0, 0.10474245250225067, 0.0, 0.0, 0.0, 0.08472566306591034, 0.09972243756055832, 0.0, 0.0, 0.0, 0.0, 0.10474245250225067, 0.0, 0.0, 0.10474245250225067, 0.0, 0.09854850172996521, 0.0, 0.0, 0.0, 0.0, 0.10474245250225067, 0.10474245250225067, 0.0885486826300621, 0.0, 0.10474245250225067]",-0.004056213183074163
68,1.0099686141215067,"[0.9984775760398822, 0.9966226033757885, 1.007526951997395, 0.9859281717255897, 0.9956138803707567, 0.9980298809153306, 0.9928110628292299, 0.9932008970169494, 1.0164878131493547, 0.9976369789926504, 1.0077079601601802, 1.0231436339250366, 1.0065600452355123, 1.0257855956686759, 0.9894438915505446, 0.9967637320351551, 1.0029279938618934, 1.002213934312387, 0.979021177832791, 1.0090799900689558, 1.0046564391878896, 0.9929477651125618, 1.01407026215088, 1.0430850350672018, 0.9805177381787594, 1.0002487132918996, 0.9879940914221592, 0.9887621569252856, 0.9883564407338956, 1.002944193449619]","[1.003183514125277, 1.0065495315139013, 1.0091490500735436, 0.9828306353141092, 0.9885645211954928, 0.9958472873503016, 0.9999960080437176, 1.013604093964785, 0.9868341166287365, 0.991230543766774, 0.9954995949243421, 0.9889532621629089, 0.9762779039846067, 0.9918135718604864, 1.0159990595917388, 1.0110063826736764, 1.0039233261991658, 0.9984009916252278, 0.982921799759126, 0.9937277308093998, 1.018085113233115, 0.9944695929336972, 1.008538060843306, 0.998574460992684, 1.018272716231962, 0.9841755679719162, 0.9872098809389329, 1.0196424431409892, 0.9933592176786671, 0.9942093702429605]","[0.003183514125276954, 0.006549531513901252, 0.009149050073543608, -0.01716936468589081, -0.011435478804507238, -0.004152712649698409, -3.991956282423104e-06, 0.013604093964785013, -0.013165883371263454, -0.008769456233226003, -0.004500405075657854, -0.011046737837091092, -0.023722096015393324, -0.008186428139513646, 0.01599905959173875, 0.011006382673676374, 0.0039233261991658, -0.0015990083747722261, -0.01707820024087403, -0.006272269190600199, 0.018085113233115013, -0.0055304070663028115, 0.008538060843306106, -0.0014255390073160124, 0.018272716231962027, -0.015824432028083812, -0.012790119061067085, 0.019642443140989174, -0.0066407823213329165, -0.005790629757039478]","[0.0, 0.0, 0.1092679351568222, 0.0, 0.1092679351568222, 0.07787542790174484, 0.1092679351568222, 0.1092679351568222, 0.1083858385682106, 0.0, 0.0, 0.1092679351568222, 0.0, 0.0, 0.0, 0.08632911741733551, 0.0, 0.0, 0.0, 0.1092679351568222, 0.0, 0.0, 0.0, 0.0, 0.0, 0.0, 0.0, 0.0, 0.07180199027061462, 0.0]","[0.0, 0.1, 0.1, 0.1, 0.1, 0.1, 0.1, 0.1, 0.1, 0.0, 0.0, 0.0, 0.0, 0.0, 0.0, 0.0, 0.0, 0.0, 0.0, 0.0, 0.0, 0.0, 0.0, 0.0, 0.0, 0.0, 0.0, 0.0, 0.1, 0.1]","[0.0022059350589442826, 0.11176843575488897, 0.09521467137899652, 0.0716497834670573, 0.07639198722953919, 0.10792207914904524, 0.09240629251398783, 0.09363222906052818, 0.08815528540409592, 0.0, 0.0, 0.0, 0.0005208693690388815, 0.015693443440203368, 0.016173844293838557, 0.0, 0.0036334141403873204, 0.0021677648625136213, 0.005323661943554796, 0.010448201375191075, 0.0, 0.002556848927066065, 0.0063458360614444065, 0.0, 0.0, 0.0023442789874404237, 0.0, 0.0, 0.09783248147994011, 0.0976126561022978]","[0.0, 0.0, 0.1092679351568222, 0.0, 0.1092679351568222, 0.07787542790174484, 0.1092679351568222, 0.1092679351568222, 0.1083858385682106, 0.0, 0.0, 0.1092679351568222, 0.0, 0.0, 0.0, 0.08632911741733551, 0.0, 0.0, 0.0, 0.1092679351568222, 0.0, 0.0, 0.0, 0.0, 0.0, 0.0, 0.0, 0.0, 0.07180199027061462, 0.0]",-0.0023215912959373025
69,1.00600280071451,"[1.003183514125277, 1.0065495315139013, 1.0091490500735436, 0.9828306353141092, 0.9885645211954928, 0.9958472873503016, 0.9999960080437176, 1.013604093964785, 0.9868341166287365, 0.991230543766774, 0.9954995949243421, 0.9889532621629089, 0.9762779039846067, 0.9918135718604864, 1.0159990595917388, 1.0110063826736764, 1.0039233261991658, 0.9984009916252278, 0.982921799759126, 0.9937277308093998, 1.018085113233115, 0.9944695929336972, 1.008538060843306, 0.998574460992684, 1.018272716231962, 0.9841755679719162, 0.9872098809389329, 1.0196424431409892, 0.9933592176786671, 0.9942093702429605]","[1.018098014908225, 0.9845607666968339, 0.9944147118911922, 0.9992234861879743, 1.0093761344320045, 1.0054570820302984, 1.0024385351025553, 1.005513860314327, 1.0074622037229628, 0.971347530093411, 0.9991167285334319, 1.0089529525513083, 1.0062599137841381, 1.0264511619534389, 0.9909498320646213, 1.0139601817172144, 1.0078376708607912, 1.0007683057133239, 0.9934489361948708, 1.0029442320203543, 1.003864447596549, 1.0313533360255531, 0.9911109515178149, 0.9862996563475475, 1.0043335302862608, 1.0231249566816045, 0.9873393783096017, 1.009234519516248, 0.9768485066889724, 1.0043909178856154]","[0.018098014908225046, -0.0154392333031661, -0.005585288108807762, -0.0007765138120257031, 0.009376134432004468, 0.005457082030298377, 0.002438535102555317, 0.00551386031432699, 0.007462203722962801, -0.028652469906588984, -0.0008832714665680808, 0.008952952551308346, 0.006259913784138149, 0.026451161953438884, -0.009050167935378717, 0.01396018171721436, 0.007837670860791235, 0.0007683057133238691, -0.006551063805129154, 0.0029442320203543204, 0.0038644475965490255, 0.031353336025553125, -0.00888904848218508, -0.01370034365245254, 0.004333530286260823, 0.023124956681604525, -0.012660621690398277, 0.009234519516247985, -0.023151493311027616, 0.0043909178856154085]","[0.0, 0.008217924274504185, 0.0, 0.0, 0.11037054657936096, 0.0, 0.0, 0.0, 0.06237316504120827, 0.13527269661426544, 0.10287466645240784, 0.0, 0.09457237273454666, 0.0, 0.12521667778491974, 0.0, 0.0, 0.0, 0.0, 0.0, 0.0, 0.11878400295972824, 0.0, 0.0, 0.0, 0.0, 0.10424745827913284, 0.0, 0.13807053864002228, 0.0]","[0.0, 0.1, 0.1, 0.1, 0.1, 0.1, 0.1, 0.1, 0.1, 0.0, 0.0, 0.0, 0.0, 0.0, 0.0, 0.0, 0.0, 0.0, 0.0, 0.0, 0.0, 0.0, 0.0, 0.0, 0.0, 0.0, 0.0, 0.0, 0.1, 0.1]","[0.0, 0.09911568246289341, 0.0986505068574799, 0.09085521734598212, 0.0851598917677866, 0.08307204680901274, 0.08544336091540553, 0.08904339937271412, 0.09965719836346204, 0.007967728060097077, 0.00368783516644973, 0.010110023464266584, 0.0, 0.0017685417814031837, 0.0, 0.003186736888329005, 0.0, 0.01266904838660648, 0.008039609444977563, 0.013245584225321513, 0.003554518643194494, 0.0038329177761994744, 0.0, 0.0, 0.010093650254554306, 0.00793829007761357, 0.0, 0.0, 0.08668316023660481, 0.09622505169964583]","[0.0, 0.00821792334318161, 0.0, 0.0, 0.11037053167819977, 0.0, 0.0, 0.0, 0.06237315759062767, 0.13527268171310425, 0.10287465155124664, 0.0, 0.09457235783338547, 0.0, 0.12521666288375854, 0.0, 0.0, 0.0, 0.0, 0.0, 0.0, 0.11878398805856705, 0.0, 0.0, 0.0, 0.0, 0.10424744337797165, 0.0, 0.13807052373886108, 0.0]",-0.004327117405778161
70,1.0064258628165885,"[1.018098014908225, 0.9845607666968339, 0.9944147118911922, 0.9992234861879743, 1.0093761344320045, 1.0054570820302984, 1.0024385351025553, 1.005513860314327, 1.0074622037229628, 0.971347530093411, 0.9991167285334319, 1.0089529525513083, 1.0062599137841381, 1.0264511619534389, 0.9909498320646213, 1.0139601817172144, 1.0078376708607912, 1.0007683057133239, 0.9934489361948708, 1.0029442320203543, 1.003864447596549, 1.0313533360255531, 0.9911109515178149, 0.9862996563475475, 1.0043335302862608, 1.0231249566816045, 0.9873393783096017, 1.009234519516248, 0.9768485066889724, 1.0043909178856154]","[1.019341088618186, 0.989698862428018, 1.0023900529910277, 1.00794384148966, 0.9955082493080162, 0.9982054152615433, 0.9889289109925608, 0.9818427836630066, 0.9833404803744447, 1.000063612673573, 1.001821381907056, 0.995886086393394, 1.0244936576634727, 0.9928037270567948, 0.9976304041651708, 1.0184186501010553, 0.9772660560143338, 0.9897355876065181, 1.0019817468230812, 0.9946246917497334, 0.9879189171670525, 0.9786663028557194, 0.990580041185118, 0.9860198369381656, 0.9916347523490093, 0.998386312800688, 1.0117412505902164, 0.9845180955541917, 1.0166055548006574, 0.9847137347971932]","[0.019341088618185953, -0.010301137571982033, 0.00239005299102768, 0.007943841489659986, -0.00449175069198382, -0.0017945847384567282, -0.01107108900743925, -0.01815721633699341, -0.01665951962555534, 6.361267357291034e-05, 0.0018213819070560522, -0.004113913606605957, 0.024493657663472668, -0.00719627294320524, -0.002369595834829208, 0.018418650101055256, -0.022733943985666194, -0.010264412393481859, 0.0019817468230811652, -0.005375308250266553, -0.01208108283294751, -0.021333697144280572, -0.009419958814882001, -0.01398016306183436, -0.00836524765099067, -0.0016136871993119861, 0.011741250590216357, -0.015481904445808325, 0.016605554800657396, -0.015286265202806848]","[0.10063029825687408, 0.0, 0.09432737529277802, 0.0, 0.0, 0.0, 0.0, 0.0, 0.0, 0.0, 0.10063029825687408, 0.0, 0.0, 0.10063029825687408, 0.0, 0.10063029825687408, 0.0, 0.10063029825687408, 0.0, 0.0, 0.10063029825687408, 0.0, 0.10063029825687408, 0.0, 0.0, 0.0, 0.0, 0.0, 0.10063029825687408, 0.10063029825687408]","[0.0, 0.1, 0.1, 0.1, 0.1, 0.1, 0.1, 0.1, 0.1, 0.0, 0.0, 0.0, 0.0, 0.0, 0.0, 0.0, 0.0, 0.0, 0.0, 0.0, 0.0, 0.0, 0.0, 0.0, 0.0, 0.0, 0.0, 0.0, 0.1, 0.1]","[0.0006531247382408771, 0.08922128383031702, 0.10384492615967879, 0.10053485910559118, 0.0925506274257821, 0.06527543013072523, 0.09822363420699057, 0.10414952086511707, 0.09076785660467644, 0.0, 0.0041864712101828145, 0.0034892535833049086, 0.013838472197352519, 0.0, 0.0030462748856793682, 0.0, 0.0, 0.0, 0.0, 0.012600437383503514, 0.0, 0.0, 0.0, 0.0, 0.011282475321898824, 0.0, 0.0, 0.0, 0.10749901148455218, 0.09883634086640665]","[0.10063029825687408, 0.0, 0.09432737529277802, 0.0, 0.0, 0.0, 0.0, 0.0, 0.0, 0.0, 0.10063029825687408, 0.0, 0.0, 0.10063029825687408, 0.0, 0.10063029825687408, 0.0, 0.10063029825687408, 0.0, 0.0, 0.10063029825687408, 0.0, 0.10063029825687408, 0.0, 0.0, 0.0, 0.0, 0.0, 0.10063029825687408, 0.10063029825687408]",2.329462784842254e-05
71,1.0157026832442573,"[1.019341088618186, 0.989698862428018, 1.0023900529910277, 1.00794384148966, 0.9955082493080162, 0.9982054152615433, 0.9889289109925608, 0.9818427836630066, 0.9833404803744447, 1.000063612673573, 1.001821381907056, 0.995886086393394, 1.0244936576634727, 0.9928037270567948, 0.9976304041651708, 1.0184186501010553, 0.9772660560143338, 0.9897355876065181, 1.0019817468230812, 0.9946246917497334, 0.9879189171670525, 0.9786663028557194, 0.990580041185118, 0.9860198369381656, 0.9916347523490093, 0.998386312800688, 1.0117412505902164, 0.9845180955541917, 1.0166055548006574, 0.9847137347971932]","[1.0179251566847898, 0.9746723361255184, 0.9992654295807625, 1.003241753080517, 1.0166706268945689, 0.9997742134109985, 0.996610592864105, 1.0096864109406196, 0.9921011438707016, 0.9946703806151412, 1.0053187574300484, 1.015013359978243, 1.0108774069481774, 1.009231296229149, 1.0109993974571239, 0.9920974299804398, 1.02371025619344, 1.003331955534319, 1.000122236351398, 1.005356533440433, 1.0043910052804006, 1.0186782583597245, 0.9947062975041896, 1.0056224368151923, 0.9847817210582628, 1.0069800553171258, 1.0014196473330723, 0.9987448000270225, 1.005926364784223, 0.9874043710146416]","[0.017925156684789778, -0.0253276638744816, -0.0007345704192375235, 0.003241753080517107, 0.016670626894568885, -0.00022578658900151982, -0.003389407135894973, 0.009686410940619616, -0.007898856129298415, -0.005329619384858764, 0.005318757430048393, 0.015013359978242935, 0.010877406948177404, 0.009231296229148978, 0.01099939745712386, -0.007902570019560184, 0.023710256193439916, 0.0033319555343189755, 0.00012223635139796407, 0.0053565334404330756, 0.004391005280400595, 0.018678258359724476, -0.005293702495810404, 0.0056224368151922555, -0.015218278941737218, 0.006980055317125755, 0.0014196473330723158, -0.0012551999729775165, 0.005926364784222926, -0.012595628985358376]","[0.10226476192474365, 0.0, 0.0, 0.0, 0.0, 0.0, 0.0, 0.06387567520141602, 0.0, 0.0, 0.11595512926578522, 0.0, 0.12469182908535004, 0.08938326686620712, 0.09125042706727982, 0.0, 0.0, 0.12474653124809265, 0.0, 0.0, 0.0, 0.05874062702059746, 0.0, 0.10903500020503998, 0.0, 0.12005671858787537, 0.0, 0.0, 0.0, 0.0]","[0.0, 0.1, 0.1, 0.1, 0.1, 0.1, 0.1, 0.1, 0.1, 0.0, 0.0, 0.0, 0.0, 0.0, 0.0, 0.0, 0.0, 0.0, 0.0, 0.0, 0.0, 0.0, 0.0, 0.0, 0.0, 0.0, 0.0, 0.0, 0.1, 0.1]","[0.0005507151016775431, 0.07550164547220124, 0.09455998861602496, 0.10590882724041172, 0.10656658601788616, 0.09533950940442172, 0.09952930711198377, 0.07615211402716571, 0.09094568821214093, 0.009230705627232692, 0.0, 0.0, 0.00732354443661552, 0.0020671424823933814, 0.009901171691575566, 0.005640141640242486, 0.0, 0.006672589484044812, 0.00815360952255263, 0.0, 0.0, 0.0, 0.009685998263398528, 0.0033834836178768487, 0.0, 0.0, 0.0, 0.0004134814670261183, 0.09663238070300405, 0.09584136986012362]","[0.10226476192474365, 0.0, 0.0, 0.0, 0.0, 0.0, 0.0, 0.06387567520141602, 0.0, 0.0, 0.11595512926578522, 0.0, 0.12469182908535004, 0.08938326686620712, 0.09125042706727982, 0.0, 0.0, 0.12474653124809265, 0.0, 0.0, 0.0, 0.05874062702059746, 0.0, 0.10903500020503998, 0.0, 0.12005671858787537, 0.0, 0.0, 0.0, 0.0]",0.008795275184758122
72,1.0195623577075912,"[1.0179251566847898, 0.9746723361255184, 0.9992654295807625, 1.003241753080517, 1.0166706268945689, 0.9997742134109985, 0.996610592864105, 1.0096864109406196, 0.9921011438707016, 0.9946703806151412, 1.0053187574300484, 1.015013359978243, 1.0108774069481774, 1.009231296229149, 1.0109993974571239, 0.9920974299804398, 1.02371025619344, 1.003331955534319, 1.000122236351398, 1.005356533440433, 1.0043910052804006, 1.0186782583597245, 0.9947062975041896, 1.0056224368151923, 0.9847817210582628, 1.0069800553171258, 1.0014196473330723, 0.9987448000270225, 1.005926364784223, 0.9874043710146416]","[1.0079932452285425, 0.984287586401582, 1.0103411140391259, 1.0031258750621548, 1.0135359389384753, 1.0022534935586016, 0.9958578879713005, 0.9920968434237197, 0.9984146447856158, 1.0046152703387865, 1.0058683554873877, 0.9984837625335764, 1.0111090455212353, 1.000441103384435, 0.9903133878058119, 0.9853382070630611, 1.0150845988157264, 1.0126581431568515, 0.9721678950982333, 1.0077883498396747, 1.0056061657097413, 1.0155207157416108, 1.0011855849808817, 0.9793806413331828, 0.9991620484819856, 1.0158069195475856, 1.0164630423793468, 0.9961107947659942, 1.002896466407492, 1.0112727548180014]","[0.0079932452285425, -0.015712413598418018, 0.010341114039125854, 0.0031258750621547815, 0.013535938938475267, 0.0022534935586016047, -0.004142112028699518, -0.007903156576280268, -0.0015853552143841876, 0.0046152703387865035, 0.005868355487387733, -0.0015162374664235978, 0.011109045521235261, 0.0004411033844349266, -0.009686612194188093, -0.014661792936938922, 0.015084598815726435, 0.012658143156851542, -0.027832104901766686, 0.007788349839674691, 0.005606165709741262, 0.015520715741610847, 0.0011855849808817265, -0.02061935866681719, -0.0008379515180143571, 0.01580691954758562, 0.016463042379346815, -0.0038892052340058214, 0.002896466407491971, 0.011272754818001385]","[0.10988091677427292, 0.0, 0.0, 0.0, 0.07672020047903061, 0.0, 0.0, 0.0, 0.10988091677427292, 0.10988091677427292, 0.0, 0.0, 0.10988091677427292, 0.0914001613855362, 0.0, 0.08753036707639694, 0.0, 0.0, 0.0, 0.10988091677427292, 0.10988091677427292, 0.0, 0.08506365865468979, 0.0, 0.0, 0.0, 0.0, 0.0, 0.0, 0.0]","[0.0, 0.1, 0.1, 0.1, 0.1, 0.1, 0.1, 0.1, 0.1, 0.0, 0.0, 0.0, 0.0, 0.0, 0.0, 0.0, 0.0, 0.0, 0.0, 0.0, 0.0, 0.0, 0.0, 0.0, 0.0, 0.0, 0.0, 0.0, 0.1, 0.1]","[0.008302022131937902, 0.09510691090754773, 0.09272257078384734, 0.08718838312690866, 0.09812196983074745, 0.09447696838172302, 0.09783857468289024, 0.09990474027085551, 0.0826267597924577, 0.0023982428878526795, 4.2260240010607294e-05, 0.0015996844864256856, 0.0, 0.0033373990020363264, 0.017825224451720415, 0.0, 0.015018764456540675, 0.0038608947888927134, 0.0, 0.0, 0.0, 0.0, 0.0, 0.0017396895571964246, 0.0029356055398540486, 0.0, 0.0, 0.0, 0.10111388857550124, 0.0938394461050537]","[0.10988093167543411, 0.0, 0.0, 0.0, 0.0767202079296112, 0.0, 0.0, 0.0, 0.10988093167543411, 0.10988093167543411, 0.0, 0.0, 0.10988093167543411, 0.09140016883611679, 0.0, 0.08753037452697754, 0.0, 0.0, 0.0, 0.10988093167543411, 0.10988093167543411, 0.0, 0.08506366610527039, 0.0, 0.0, 0.0, 0.0, 0.0, 0.0, 0.0]",0.0034243457902233152
73,1.018109361122503,"[1.0079932452285425, 0.984287586401582, 1.0103411140391259, 1.0031258750621548, 1.0135359389384753, 1.0022534935586016, 0.9958578879713005, 0.9920968434237197, 0.9984146447856158, 1.0046152703387865, 1.0058683554873877, 0.9984837625335764, 1.0111090455212353, 1.000441103384435, 0.9903133878058119, 0.9853382070630611, 1.0150845988157264, 1.0126581431568515, 0.9721678950982333, 1.0077883498396747, 1.0056061657097413, 1.0155207157416108, 1.0011855849808817, 0.9793806413331828, 0.9991620484819856, 1.0158069195475856, 1.0164630423793468, 0.9961107947659942, 1.002896466407492, 1.0112727548180014]","[1.009458875798907, 1.0003895270866665, 1.0244957359142786, 0.9644539720170859, 0.9895167258542146, 0.9999928924097685, 1.005581428540363, 0.983672285022082, 0.9947509355734693, 0.9624556071565166, 1.0004365279883043, 1.003494333662967, 0.9738315515475748, 0.999037736945456, 0.9983350343115741, 1.0246454430157423, 1.0035838857366255, 0.9850828443372643, 1.0120814076898348, 1.007955414682174, 1.0040660363851093, 0.9821838602517516, 1.0205665009864582, 0.9950058942491627, 1.0073549626134872, 0.9994889484970038, 0.9778312516908454, 1.0055617126253287, 0.9722375498450253, 1.0179558807126294]","[0.009458875798906918, 0.0003895270866665079, 0.02449573591427856, -0.035546027982914064, -0.010483274145785426, -7.107590231480998e-06, 0.0055814285403630315, -0.016327714977917962, -0.005249064426530725, -0.03754439284348343, 0.0004365279883042916, 0.0034943336629669197, -0.026168448452425164, -0.0009622630545440547, -0.00166496568842589, 0.02464544301574234, 0.0035838857366254917, -0.01491715566273566, 0.012081407689834789, 0.007955414682174089, 0.004066036385109273, -0.01781613974824836, 0.02056650098645818, -0.004994105750837252, 0.007354962613487226, -0.0005110515029962404, -0.022168748309154607, 0.005561712625328674, -0.027762450154974694, 0.017955880712629435]","[0.0, 0.1417268067598343, 0.0802745372056961, 0.0619632788002491, 0.0, 0.047489918768405914, 0.0, 0.0, 0.1179737076163292, 0.0, 0.0, 0.0, 0.0, 0.0, 0.055214062333106995, 0.0, 0.1417268067598343, 0.1417268067598343, 0.0, 0.0, 0.07017726451158524, 0.0, 0.0, 0.0, 0.0, 0.0, 0.0, 0.1417268067598343, 0.0, 0.0]","[0.0, 0.1, 0.1, 0.1, 0.1, 0.1, 0.1, 0.1, 0.1, 0.0, 0.0, 0.0, 0.0, 0.0, 0.0, 0.0, 0.0, 0.0, 0.0, 0.0, 0.0, 0.0, 0.0, 0.0, 0.0, 0.0, 0.0, 0.0, 0.1, 0.1]","[0.0, 0.09623954885584314, 0.09330399740337786, 0.09045667787305373, 0.07921585742040865, 0.08928565039450953, 0.08257112422736629, 0.08337878254420802, 0.10444177164079364, 0.01489952231428834, 0.0, 0.004348025793988978, 0.009987290930080949, 0.0016804003234186877, 0.0097556901924782, 0.0010048509928382717, 0.013086180104345443, 0.0, 0.012188812169797938, 0.008466127612231223, 0.014730837171597757, 0.009785951517536992, 0.0, 0.0, 0.0, 0.002247735187707371, 0.0033425104660261495, 0.002772238291057091, 0.089462037915179, 0.08334837865786662]","[0.0, 0.14172682166099548, 0.0802745446562767, 0.0619632825255394, 0.0, 0.04748992249369621, 0.0, 0.0, 0.11797371506690979, 0.0, 0.0, 0.0, 0.0, 0.0, 0.05521406605839729, 0.0, 0.14172682166099548, 0.14172682166099548, 0.0, 0.0, 0.07017727196216583, 0.0, 0.0, 0.0, 0.0, 0.0, 0.0, 0.14172682166099548, 0.0, 0.0]",-0.0018733826067701017
74,1.0192534997047977,"[1.009458875798907, 1.0003895270866665, 1.0244957359142786, 0.9644539720170859, 0.9895167258542146, 0.9999928924097685, 1.005581428540363, 0.983672285022082, 0.9947509355734693, 0.9624556071565166, 1.0004365279883043, 1.003494333662967, 0.9738315515475748, 0.999037736945456, 0.9983350343115741, 1.0246454430157423, 1.0035838857366255, 0.9850828443372643, 1.0120814076898348, 1.007955414682174, 1.0040660363851093, 0.9821838602517516, 1.0205665009864582, 0.9950058942491627, 1.0073549626134872, 0.9994889484970038, 0.9778312516908454, 1.0055617126253287, 0.9722375498450253, 1.0179558807126294]","[1.001979156974033, 1.0291748595467785, 0.9979896512820781, 1.0104396450002877, 1.0139077818357551, 1.0002614414841418, 1.0166887446958224, 1.0002337241517842, 1.002203178144343, 1.0030230846929555, 0.9676568226521776, 1.0060785116291697, 1.026509808373255, 1.0035725245997227, 0.9942437241826482, 0.9970002675080759, 0.9855936898436892, 0.9916759121897667, 0.9941013166123351, 0.9997100717024858, 1.0184238420950096, 0.9998585669817415, 1.0007218911700202, 0.966912368297814, 1.0026025883417085, 1.0101744499840168, 0.992247658058493, 1.0004383523100155, 0.996251804218689, 0.9852165685599403]","[0.0019791569740330583, 0.029174859546778453, -0.0020103487179219393, 0.010439645000287712, 0.01390778183575514, 0.0002614414841417556, 0.016688744695822377, 0.00023372415178424255, 0.00220317814434301, 0.0030230846929555355, -0.03234317734782244, 0.006078511629169725, 0.026509808373254895, 0.0035725245997226818, -0.00575627581735183, -0.0029997324919240898, -0.014406310156310775, -0.008324087810233305, -0.00589868338766486, -0.0002899282975141748, 0.01842384209500958, -0.00014143301825852994, 0.0007218911700201947, -0.03308763170218598, 0.002602588341708456, 0.010174449984016842, -0.007752341941506979, 0.000438352310015544, -0.0037481957813110256, -0.014783431440059669]","[0.0, 0.0, 0.0, 0.0, 0.10373833775520325, 0.0, 0.08246632665395737, 0.10373833775520325, 0.10373833775520325, 0.0, 0.10373833775520325, 0.08762699365615845, 0.10373833775520325, 0.0, 0.0, 0.0, 0.0, 0.0, 0.10373833775520325, 0.0, 0.0, 0.0, 0.0, 0.0, 0.10373833775520325, 0.0, 0.0, 0.0, 0.0, 0.10373833775520325]","[0.0, 0.1, 0.1, 0.1, 0.1, 0.1, 0.1, 0.1, 0.1, 0.0, 0.0, 0.0, 0.0, 0.0, 0.0, 0.0, 0.0, 0.0, 0.0, 0.0, 0.0, 0.0, 0.0, 0.0, 0.0, 0.0, 0.0, 0.0, 0.1, 0.1]","[0.014114916786233516, 0.07971989410010401, 0.09757344844966219, 0.09040680915895107, 0.08739838880811963, 0.09784032062057632, 0.09036167886364775, 0.09712714811376211, 0.0831780877579873, 0.0041101608986883606, 0.0, 0.0, 0.0, 0.0, 0.014436933236544335, 0.010644340816334655, 0.0, 0.011038194216037257, 0.012354617789357016, 0.008923071425807732, 0.0, 0.0, 0.0, 0.00784931149425899, 0.0, 0.006596213305382985, 0.0, 0.0, 0.0951729667086846, 0.09115349744986012]","[0.0, 0.0, 0.0, 0.0, 0.10373833775520325, 0.0, 0.08246632665395737, 0.10373833775520325, 0.10373833775520325, 0.0, 0.10373833775520325, 0.08762699365615845, 0.10373833775520325, 0.0, 0.0, 0.0, 0.0, 0.0, 0.10373833775520325, 0.0, 0.0, 0.0, 0.0, 0.0, 0.10373833775520325, 0.0, 0.0, 0.0, 0.0, 0.10373833775520325]",0.000758893271833064
75,1.0199256450732885,"[1.001979156974033, 1.0291748595467785, 0.9979896512820781, 1.0104396450002877, 1.0139077818357551, 1.0002614414841418, 1.0166887446958224, 1.0002337241517842, 1.002203178144343, 1.0030230846929555, 0.9676568226521776, 1.0060785116291697, 1.026509808373255, 1.0035725245997227, 0.9942437241826482, 0.9970002675080759, 0.9855936898436892, 0.9916759121897667, 0.9941013166123351, 0.9997100717024858, 1.0184238420950096, 0.9998585669817415, 1.0007218911700202, 0.966912368297814, 1.0026025883417085, 1.0101744499840168, 0.992247658058493, 1.0004383523100155, 0.996251804218689, 0.9852165685599403]","[1.001177687589922, 0.9869471867206233, 1.0054932918596629, 1.0068405241426313, 0.9965673348034232, 1.002330730827322, 0.9937717598040948, 1.0031528292772207, 1.0003504678020836, 0.9940010242905988, 1.021445658916249, 0.9780306370098427, 0.9981080141315133, 0.9983006899529814, 1.0177861822484349, 0.985605325976365, 1.0047872609380422, 1.0104820248553072, 1.0223654586523767, 0.990162658675235, 0.9999088639012493, 1.0208205810381061, 1.0045385112241387, 1.0035823705340927, 0.9760880505279068, 1.0102210241568619, 1.01247610973927, 0.9956624304999404, 1.010526296920942, 0.9936415007833469]","[0.001177687589922094, -0.013052813279376685, 0.005493291859662852, 0.006840524142631255, -0.003432665196576812, 0.0023307308273219363, -0.006228240195905177, 0.0031528292772207145, 0.0003504678020835872, -0.005998975709401222, 0.021445658916249055, -0.021969362990157282, -0.001891985868486712, -0.0016993100470186207, 0.017786182248434868, -0.014394674023635035, 0.004787260938042159, 0.010482024855307248, 0.022365458652376713, -0.009837341324764992, -9.113609875066597e-05, 0.020820581038106134, 0.00453851122413873, 0.003582370534092716, -0.023911949472093186, 0.01022102415686188, 0.012476109739270047, -0.00433756950005959, 0.010526296920942091, -0.006358499216653102]","[0.10114653408527374, 0.10114653408527374, 0.0, 0.0, 0.0, 0.10114653408527374, 0.0, 0.0, 0.10114653408527374, 0.0, 0.0, 0.10114653408527374, 0.0, 0.0, 0.10114653408527374, 0.0, 0.10114653408527374, 0.0, 0.0, 0.0, 0.0, 0.0, 0.0, 0.0, 0.0, 0.10114653408527374, 0.0, 0.0, 0.10114653408527374, 0.08968118578195572]","[0.0, 0.1, 0.1, 0.1, 0.1, 0.1, 0.1, 0.1, 0.1, 0.0, 0.0, 0.0, 0.0, 0.0, 0.0, 0.0, 0.0, 0.0, 0.0, 0.0, 0.0, 0.0, 0.0, 0.0, 0.0, 0.0, 0.0, 0.0, 0.1, 0.1]","[0.0007496110477637227, 0.10070974731709596, 0.09967740763382109, 0.09521824788605894, 0.10548443309992035, 0.09774951913773001, 0.10137037206974925, 0.0822236713620385, 0.08718304663591891, 0.0, 0.011938636257441515, 0.0, 0.010530396826492719, 0.0, 0.009743729785865953, 0.0, 0.0, 0.0, 0.0, 0.0, 0.0, 0.0, 0.0, 0.0, 0.0, 0.013091249579140336, 0.008780363934293276, 0.0, 0.08992224554990923, 0.08562732187676027]","[0.10114654153585434, 0.10114654153585434, 0.0, 0.0, 0.0, 0.10114654153585434, 0.0, 0.0, 0.10114654153585434, 0.0, 0.0, 0.10114654153585434, 0.0, 0.0, 0.10114654153585434, 0.0, 0.10114654153585434, 0.0, 0.0, 0.0, 0.0, 0.0, 0.0, 0.0, 0.0, 0.10114654153585434, 0.0, 0.0, 0.10114654153585434, 0.08968119323253632]",0.00026130198453899305
76,1.016852332197637,"[1.001177687589922, 0.9869471867206233, 1.0054932918596629, 1.0068405241426313, 0.9965673348034232, 1.002330730827322, 0.9937717598040948, 1.0031528292772207, 1.0003504678020836, 0.9940010242905988, 1.021445658916249, 0.9780306370098427, 0.9981080141315133, 0.9983006899529814, 1.0177861822484349, 0.985605325976365, 1.0047872609380422, 1.0104820248553072, 1.0223654586523767, 0.990162658675235, 0.9999088639012493, 1.0208205810381061, 1.0045385112241387, 1.0035823705340927, 0.9760880505279068, 1.0102210241568619, 1.01247610973927, 0.9956624304999404, 1.010526296920942, 0.9936415007833469]","[0.9839593905912017, 0.9978734982414793, 0.9935953465515194, 1.0092693131890145, 0.9974013676771659, 0.9950231431910448, 1.002195034806971, 0.9871930616904064, 0.9753238622647749, 1.0104715861248006, 0.9896882971577182, 1.0454876936481288, 1.0074075666073303, 0.9956981457846975, 1.0149717945292778, 1.008806188245467, 0.9908280033941994, 1.012095203253858, 1.038926200880808, 1.011896370990568, 0.9935247276361294, 0.9937738521696614, 0.9921273218259744, 0.9956370265894902, 1.0192485016794122, 1.0049999612187934, 1.0043505203321048, 0.9820895385832733, 1.0095761026739856, 1.0068551364492495]","[-0.016040609408798256, -0.0021265017585206936, -0.006404653448480624, 0.009269313189014472, -0.0025986323228340824, -0.00497685680895521, 0.00219503480697103, -0.012806938309593563, -0.024676137735225145, 0.010471586124800591, -0.010311702842281778, 0.04548769364812877, 0.007407566607330329, -0.004301854215302492, 0.014971794529277771, 0.008806188245467084, -0.009171996605800592, 0.012095203253857933, 0.038926200880808004, 0.01189637099056795, -0.006475272363870577, -0.006226147830338591, -0.007872678174025594, -0.0043629734105098406, 0.019248501679412167, 0.004999961218793425, 0.0043505203321048125, -0.017910461416726697, 0.009576102673985565, 0.00685513644924951]","[0.07035697251558304, 0.0, 0.0, 0.12915611267089844, 0.127492755651474, 0.0, 0.0, 0.0, 0.12915611267089844, 0.10654209554195404, 0.0, 0.0, 0.08396313339471817, 0.07501727342605591, 0.0686265155673027, 0.0, 0.0, 0.0, 0.0, 0.0, 0.0, 0.0, 0.0, 0.12915611267089844, 0.0, 0.0, 0.0, 0.08053291589021683, 0.0, 0.0]","[0.0, 0.1, 0.1, 0.1, 0.1, 0.1, 0.1, 0.1, 0.1, 0.0, 0.0, 0.0, 0.0, 0.0, 0.0, 0.0, 0.0, 0.0, 0.0, 0.0, 0.0, 0.0, 0.0, 0.0, 0.0, 0.0, 0.0, 0.0, 0.1, 0.1]","[0.0, 0.10149853224967129, 0.07376128139120497, 0.09285929003268888, 0.09960438572147012, 0.08814835779720681, 0.10066095946005682, 0.09063530118316675, 0.09522136475892015, 0.008448324990336063, 0.019538836072652804, 0.0, 0.0, 0.005158583518069979, 0.0, 0.0, 0.0, 0.01072177125077576, 0.003702916498190567, 0.0, 0.012972865198502978, 0.0, 0.0073017994431349865, 0.007562751488488686, 0.0024808699480869715, 0.0028288686377857444, 0.012304539703990137, 0.0, 0.08355382060220672, 0.08103458005339292]","[0.07035697251558304, 0.0, 0.0, 0.12915611267089844, 0.127492755651474, 0.0, 0.0, 0.0, 0.12915611267089844, 0.10654209554195404, 0.0, 0.0, 0.08396313339471817, 0.07501727342605591, 0.0686265155673027, 0.0, 0.0, 0.0, 0.0, 0.0, 0.0, 0.0, 0.0, 0.12915611267089844, 0.0, 0.0, 0.0, 0.08053291589021683, 0.0, 0.0]",-0.0033950428968105755
77,1.0175609800092926,"[0.9839593905912017, 0.9978734982414793, 0.9935953465515194, 1.0092693131890145, 0.9974013676771659, 0.9950231431910448, 1.002195034806971, 0.9871930616904064, 0.9753238622647749, 1.0104715861248006, 0.9896882971577182, 1.0454876936481288, 1.0074075666073303, 0.9956981457846975, 1.0149717945292778, 1.008806188245467, 0.9908280033941994, 1.012095203253858, 1.038926200880808, 1.011896370990568, 0.9935247276361294, 0.9937738521696614, 0.9921273218259744, 0.9956370265894902, 1.0192485016794122, 1.0049999612187934, 1.0043505203321048, 0.9820895385832733, 1.0095761026739856, 1.0068551364492495]","[0.984573041303345, 0.9853303070974826, 0.9975277271818149, 1.011790328624063, 0.9982629894206813, 1.0021858964973203, 1.0229120492923276, 0.988039127893841, 0.996058978332301, 0.9994278777646618, 1.0116009078564332, 0.9971920908335995, 1.0098462268803632, 1.0219370829418601, 1.0095891520480467, 1.0138233038527393, 0.9842259122689305, 0.9803512044070724, 1.0002843631921265, 0.9938942971205703, 0.9996355333686714, 1.002794715757977, 1.0040328450523526, 1.0147258975834494, 0.9891569533779205, 0.9957481173932571, 1.0210515456868878, 1.0092703746519716, 1.0186109656240598, 1.0167879259228954]","[-0.015426958696655002, -0.014669692902517406, -0.002472272818185073, 0.01179032862406304, -0.001737010579318743, 0.002185896497320261, 0.022912049292327596, -0.011960872106159037, -0.003941021667699052, -0.0005721222353382016, 0.011600907856433196, -0.002807909166400502, 0.009846226880363185, 0.021937082941860142, 0.009589152048046667, 0.013823303852739333, -0.015774087731069475, -0.019648795592927648, 0.0002843631921265466, -0.006105702879429686, -0.00036446663132860824, 0.002794715757977073, 0.004032845052352574, 0.014725897583449443, -0.010843046622079466, -0.004251882606742918, 0.02105154568688783, 0.009270374651971558, 0.01861096562405984, 0.016787925922895353]","[0.10340645909309387, 0.0, 0.0, 0.0, 0.0926484614610672, 0.0, 0.10340645909309387, 0.0, 0.10340645909309387, 0.08275019377470016, 0.10340645909309387, 0.0, 0.0, 0.0, 0.10340645909309387, 0.0, 0.0, 0.1007562130689621, 0.0, 0.10340645909309387, 0.0, 0.0, 0.0, 0.0, 0.0, 0.0, 0.0, 0.10340645909309387, 0.0, 0.0]","[0.0, 0.1, 0.1, 0.1, 0.1, 0.1, 0.1, 0.1, 0.1, 0.0, 0.0, 0.0, 0.0, 0.0, 0.0, 0.0, 0.0, 0.0, 0.0, 0.0, 0.0, 0.0, 0.0, 0.0, 0.0, 0.0, 0.0, 0.0, 0.1, 0.1]","[0.0, 0.08851216297877183, 0.11305132351272548, 0.08866004416485015, 0.069056915547655, 0.09112522872868103, 0.10740081294312881, 0.08979012652725499, 0.09547129881736593, 0.003978712357459456, 0.016324035180689277, 0.016542414354048896, 0.0, 0.0, 0.0, 0.0008393558503418128, 0.0, 0.002490524486952844, 0.0, 0.0, 0.009462185760633807, 0.0017367893726211482, 0.0, 0.0, 0.0, 0.0008034216942621547, 0.0050404630085139875, 0.0, 0.10826339544875672, 0.09145078926528669]","[0.10340645909309387, 0.0, 0.0, 0.0, 0.0926484614610672, 0.0, 0.10340645909309387, 0.0, 0.10340645909309387, 0.08275019377470016, 0.10340645909309387, 0.0, 0.0, 0.0, 0.10340645909309387, 0.0, 0.0, 0.1007562130689621, 0.0, 0.10340645909309387, 0.0, 0.0, 0.0, 0.0, 0.0, 0.0, 0.0, 0.10340645909309387, 0.0, 0.0]",0.00028960141554720684
78,1.0177373881912015,"[0.984573041303345, 0.9853303070974826, 0.9975277271818149, 1.011790328624063, 0.9982629894206813, 1.0021858964973203, 1.0229120492923276, 0.988039127893841, 0.996058978332301, 0.9994278777646618, 1.0116009078564332, 0.9971920908335995, 1.0098462268803632, 1.0219370829418601, 1.0095891520480467, 1.0138233038527393, 0.9842259122689305, 0.9803512044070724, 1.0002843631921265, 0.9938942971205703, 0.9996355333686714, 1.002794715757977, 1.0040328450523526, 1.0147258975834494, 0.9891569533779205, 0.9957481173932571, 1.0210515456868878, 1.0092703746519716, 1.0186109656240598, 1.0167879259228954]","[1.0162419981390822, 0.9878195912625912, 1.0024340136253516, 1.0148033774512877, 1.0085512045648095, 0.9925212966144795, 1.0274596474807653, 1.0186305724094507, 0.9947629996966743, 1.0021309138977479, 0.9998653938051151, 0.9874266925675893, 1.0147316411016558, 0.9848926661959041, 1.0085688517403353, 0.9779311389291883, 1.009170564627455, 0.9719706225992966, 0.9897347798030417, 0.9766483100099616, 0.9969067970678871, 1.0164747307898447, 1.0001120213803343, 1.0124101377438663, 0.992538103229886, 1.0266556269270752, 1.0031017069335497, 1.007256831020883, 1.0041511548408877, 0.9939264313731075]","[0.016241998139082225, -0.012180408737408777, 0.002434013625351561, 0.01480337745128768, 0.008551204564809511, -0.00747870338552048, 0.027459647480765348, 0.018630572409450652, -0.005237000303325745, 0.002130913897747888, -0.0001346061948849231, -0.012573307432410696, 0.014731641101655812, -0.015107333804095902, 0.008568851740335282, -0.02206886107081174, 0.009170564627454914, -0.028029377400703437, -0.010265220196958302, -0.02335168999003845, -0.003093202932112904, 0.016474730789844738, 0.00011202138033428177, 0.012410137743866345, -0.007461896770113996, 0.026655626927075238, 0.0031017069335497194, 0.007256831020882926, 0.004151154840887683, -0.006073568626892456]","[0.10038184374570847, 0.0, 0.0, 0.0, 0.10038184374570847, 0.0, 0.09656337648630142, 0.0, 0.0, 0.10038184374570847, 0.0, 0.0, 0.0, 0.10038184374570847, 0.0, 0.10038184374570847, 0.0, 0.10038184374570847, 0.0, 0.0, 0.0, 0.0, 0.0, 0.10038184374570847, 0.0, 0.0, 0.0, 0.10038184374570847, 0.0, 0.10038184374570847]","[0.0, 0.1, 0.1, 0.1, 0.1, 0.1, 0.1, 0.1, 0.1, 0.0, 0.0, 0.0, 0.0, 0.0, 0.0, 0.0, 0.0, 0.0, 0.0, 0.0, 0.0, 0.0, 0.0, 0.0, 0.0, 0.0, 0.0, 0.0, 0.1, 0.1]","[0.00026960635231458466, 0.09042060062858713, 0.09759846273321036, 0.09760089307906589, 0.09737872463744668, 0.0776783980259661, 0.10571747389914392, 0.08611438314199349, 0.095479499765154, 0.004700932745013903, 0.014094593200449021, 0.0, 0.0, 0.0, 0.0, 0.0, 0.0, 0.0, 0.009899614175715145, 0.006217772438643147, 0.0, 0.0, 0.005199326983219501, 0.0, 0.0, 0.0018832969645284836, 0.008704501383284989, 0.0004939688328965539, 0.10877529682660973, 0.09177265418675727]","[0.10038184374570847, 0.0, 0.0, 0.0, 0.10038184374570847, 0.0, 0.09656337648630142, 0.0, 0.0, 0.10038184374570847, 0.0, 0.0, 0.0, 0.10038184374570847, 0.0, 0.10038184374570847, 0.0, 0.10038184374570847, 0.0, 0.0, 0.0, 0.0, 0.0, 0.10038184374570847, 0.0, 0.0, 0.0, 0.10038184374570847, 0.0, 0.10038184374570847]",-0.00020128010815552623
79,1.0077125525064694,"[1.0162419981390822, 0.9878195912625912, 1.0024340136253516, 1.0148033774512877, 1.0085512045648095, 0.9925212966144795, 1.0274596474807653, 1.0186305724094507, 0.9947629996966743, 1.0021309138977479, 0.9998653938051151, 0.9874266925675893, 1.0147316411016558, 0.9848926661959041, 1.0085688517403353, 0.9779311389291883, 1.009170564627455, 0.9719706225992966, 0.9897347798030417, 0.9766483100099616, 0.9969067970678871, 1.0164747307898447, 1.0001120213803343, 1.0124101377438663, 0.992538103229886, 1.0266556269270752, 1.0031017069335497, 1.007256831020883, 1.0041511548408877, 0.9939264313731075]","[0.9959752109417909, 0.9879401913826547, 1.0038055990735326, 1.0061814431149767, 0.9926209583573943, 0.9985668055256943, 1.012817044054142, 0.9685705021614381, 0.9994632493051883, 1.0165302584838376, 1.014784284210829, 0.9900257867638569, 0.998710634700634, 0.9851288097626504, 0.9935280566898108, 1.0101268226879283, 1.0045620711695038, 0.9845816235455749, 0.9906021321032874, 0.9751467757455831, 0.9984767620727477, 1.010226038686085, 0.9939598727975438, 0.9739267795524919, 1.0192701500894934, 1.0038929245198027, 1.0064017768303535, 1.0121283364609095, 0.9810844177890085, 0.9967577823848512]","[-0.004024789058209133, -0.012059808617345347, 0.0038055990735326173, 0.0061814431149767035, -0.0073790416426057215, -0.0014331944743056768, 0.012817044054141968, -0.03142949783856186, -0.0005367506948117384, 0.0165302584838376, 0.014784284210829002, -0.009974213236143115, -0.0012893652993659632, -0.014871190237349619, -0.006471943310189188, 0.010126822687928305, 0.004562071169503801, -0.01541837645442512, -0.009397867896712597, -0.02485322425441694, -0.0015232379272522856, 0.01022603868608507, -0.006040127202456169, -0.02607322044750815, 0.0192701500894934, 0.0038929245198027207, 0.006401776830353478, 0.012128336460909495, -0.018915582210991544, -0.003242217615148757]","[0.11005206406116486, 0.0, 0.0, 0.0, 0.0, 0.0, 0.0, 0.11005206406116486, 0.0, 0.0, 0.0, 0.10806715488433838, 0.0, 0.09101412445306778, 0.0, 0.0, 0.0, 0.11005206406116486, 0.0, 0.11005206406116486, 0.0, 0.11005206406116486, 0.08656387776136398, 0.0, 0.0, 0.0, 0.0, 0.11005206406116486, 0.05404248833656311, 0.0]","[0.0, 0.1, 0.1, 0.1, 0.1, 0.1, 0.1, 0.1, 0.1, 0.0, 0.0, 0.0, 0.0, 0.0, 0.0, 0.0, 0.0, 0.0, 0.0, 0.0, 0.0, 0.0, 0.0, 0.0, 0.0, 0.0, 0.0, 0.0, 0.1, 0.1]","[0.0, 0.09138962744836707, 0.08129187505907391, 0.08045215959858933, 0.10431076144543383, 0.09791998369654355, 0.07391704039777974, 0.09120684931479546, 0.09476577695904066, 0.0, 0.0, 0.0, 0.0, 0.003935851980719592, 0.009888520879137906, 0.0, 0.007543196544039118, 0.01942913385007979, 7.954229445122163e-05, 0.02340951787762985, 0.0, 0.0, 0.01178424057639926, 0.0, 0.010724368753748305, 0.00527769078361082, 0.004358133757361908, 0.0016639388451517355, 0.09395322945319552, 0.09269856048485123]","[0.11005206406116486, 0.0, 0.0, 0.0, 0.0, 0.0, 0.0, 0.11005206406116486, 0.0, 0.0, 0.0, 0.10806715488433838, 0.0, 0.09101412445306778, 0.0, 0.0, 0.0, 0.11005206406116486, 0.0, 0.11005206406116486, 0.0, 0.11005206406116486, 0.08656387776136398, 0.0, 0.0, 0.0, 0.0, 0.11005206406116486, 0.05404248833656311, 0.0]",-0.010260938078870742
80,1.0125812071703932,"[0.9959752109417909, 0.9879401913826547, 1.0038055990735326, 1.0061814431149767, 0.9926209583573943, 0.9985668055256943, 1.012817044054142, 0.9685705021614381, 0.9994632493051883, 1.0165302584838376, 1.014784284210829, 0.9900257867638569, 0.998710634700634, 0.9851288097626504, 0.9935280566898108, 1.0101268226879283, 1.0045620711695038, 0.9845816235455749, 0.9906021321032874, 0.9751467757455831, 0.9984767620727477, 1.010226038686085, 0.9939598727975438, 0.9739267795524919, 1.0192701500894934, 1.0038929245198027, 1.0064017768303535, 1.0121283364609095, 0.9810844177890085, 0.9967577823848512]","[0.9940511826402444, 0.9811668855418677, 1.006169959204115, 1.0031654434918098, 1.0196917834668349, 1.009461045025923, 0.9911901989644887, 0.9935340392907408, 1.0002976484053077, 1.0144316004458431, 1.0032127744000359, 1.0273938230491233, 0.9747107280110554, 0.9956865700167846, 1.00796829430478, 1.0051068470112638, 0.9951774851775824, 1.0195526413614295, 0.9932354049967455, 1.0081110887823235, 0.9893420914134193, 1.0188009901578272, 1.017642290862904, 0.9952984265496189, 0.9973455728927036, 0.9954857597938854, 1.0079989069216078, 0.980696726770573, 0.9891836090851654, 1.0061074905735317]","[-0.005948817359755609, -0.018833114458132294, 0.006169959204114894, 0.003165443491809805, 0.019691783466834867, 0.009461045025922932, -0.008809801035511322, -0.0064659607092592, 0.00029764840530766, 0.014431600445843129, 0.003212774400035867, 0.0273938230491233, -0.025289271988944595, -0.004313429983215378, 0.007968294304780077, 0.005106847011263849, -0.0048225148224175785, 0.019552641361429535, -0.006764595003254548, 0.008111088782323472, -0.010657908586580667, 0.018800990157827213, 0.01764229086290392, -0.004701573450381136, -0.0026544271072963532, -0.0045142402061145726, 0.007998906921607762, -0.019303273229427043, -0.01081639091483455, 0.00610749057353166]","[0.0, 0.10170791298151016, 0.10170791298151016, 0.0, 0.10170791298151016, 0.0, 0.10170791298151016, 0.0, 0.0, 0.09776506572961807, 0.10170791298151016, 0.10170791298151016, 0.0, 0.0, 0.0, 0.0, 0.0, 0.10170791298151016, 0.0, 0.0, 0.0, 0.0, 0.0, 0.0, 0.0, 0.08857163786888123, 0.0, 0.0, 0.10170791298151016, 0.0]","[0.0, 0.1, 0.1, 0.1, 0.1, 0.1, 0.1, 0.1, 0.1, 0.0, 0.0, 0.0, 0.0, 0.0, 0.0, 0.0, 0.0, 0.0, 0.0, 0.0, 0.0, 0.0, 0.0, 0.0, 0.0, 0.0, 0.0, 0.0, 0.1, 0.1]","[0.0, 0.09177023082731878, 0.09145993317470728, 0.08617746436612123, 0.0908000638467893, 0.09342320604813997, 0.0753871223067291, 0.08783159881446635, 0.09612281001266006, 0.0, 0.0, 0.0, 0.0, 0.006673999087257659, 0.006124347742511648, 0.018563837643722162, 0.007701716806976146, 0.003561671756821084, 0.0, 0.0, 0.012941103499680804, 0.0051592333386457755, 0.006934117541049443, 0.0, 0.0076413712157725276, 0.0, 0.02019348301509198, 0.0, 0.0953585624157998, 0.09617412653973884]","[0.0, 0.10170791298151016, 0.10170791298151016, 0.0, 0.10170791298151016, 0.0, 0.10170791298151016, 0.0, 0.0, 0.09776506572961807, 0.10170791298151016, 0.10170791298151016, 0.0, 0.0, 0.0, 0.0, 0.0, 0.10170791298151016, 0.0, 0.0, 0.0, 0.0, 0.0, 0.0, 0.0, 0.08857163786888123, 0.0, 0.0, 0.10170791298151016, 0.0]",0.004476152868091841
81,1.0084986208968676,"[0.9940511826402444, 0.9811668855418677, 1.006169959204115, 1.0031654434918098, 1.0196917834668349, 1.009461045025923, 0.9911901989644887, 0.9935340392907408, 1.0002976484053077, 1.0144316004458431, 1.0032127744000359, 1.0273938230491233, 0.9747107280110554, 0.9956865700167846, 1.00796829430478, 1.0051068470112638, 0.9951774851775824, 1.0195526413614295, 0.9932354049967455, 1.0081110887823235, 0.9893420914134193, 1.0188009901578272, 1.017642290862904, 0.9952984265496189, 0.9973455728927036, 0.9954857597938854, 1.0079989069216078, 0.980696726770573, 0.9891836090851654, 1.0061074905735317]","[1.001536110138419, 0.9944880789300088, 1.012485392752983, 1.014613270620315, 0.9943897977152873, 1.0078862418343622, 0.9999423194284158, 0.9949667378023097, 1.0063712611282507, 0.9819336815744607, 1.000008865886843, 1.0128951261695578, 0.9779625374886736, 1.01069808597486, 1.022298938962102, 1.0074049607577358, 0.9875467990278057, 0.9908574662801113, 1.0026117562550507, 1.0025124576667277, 0.9876177123827722, 0.9984949327656586, 1.0073807521830171, 0.9939402843472803, 0.995101710754971, 0.9799941109351286, 1.002846557173483, 0.9950808555524088, 0.9998028648479943, 0.9939202821697973]","[0.0015361101384190334, -0.00551192106999121, 0.012485392752983104, 0.014613270620315033, -0.005610202284712651, 0.007886241834362151, -5.768057158417328e-05, -0.005033262197690291, 0.006371261128250705, -0.018066318425539296, 8.86588684290146e-06, 0.012895126169557791, -0.022037462511326433, 0.010698085974859994, 0.022298938962102, 0.007404960757735779, -0.012453200972194267, -0.009142533719888712, 0.0026117562550507234, 0.0025124576667276965, -0.012382287617227816, -0.0015050672343414062, 0.007380752183017147, -0.006059715652719677, -0.004898289245028997, -0.02000588906487144, 0.002846557173483033, -0.004919144447591228, -0.00019713515200570075, -0.006079717830202669]","[0.0, 0.08684805780649185, 0.11795923113822937, 0.0, 0.0, 0.0, 0.0, 0.0, 0.11795923113822937, 0.11795923113822937, 0.0, 0.0, 0.0, 0.0, 0.0, 0.0, 0.11795923113822937, 0.11795923113822937, 0.0, 0.039191897958517075, 0.11795923113822937, 0.04824542999267578, 0.0, 0.0, 0.0, 0.0, 0.11795923113822937, 0.0, 0.0, 0.0]","[0.0, 0.1, 0.1, 0.1, 0.1, 0.1, 0.1, 0.1, 0.1, 0.0, 0.0, 0.0, 0.0, 0.0, 0.0, 0.0, 0.0, 0.0, 0.0, 0.0, 0.0, 0.0, 0.0, 0.0, 0.0, 0.0, 0.0, 0.0, 0.1, 0.1]","[0.016772323696640286, 0.09824945275890097, 0.08154115598474818, 0.1044898685976459, 0.081822261742512, 0.08276093450134332, 0.0897366166708529, 0.10221683495627533, 0.08708962322952676, 0.0, 0.00683592427210398, 0.0, 0.0, 0.0, 0.0, 0.001248956753174421, 0.0, 0.007528560053106302, 0.0, 0.00215659506946425, 0.0, 0.0, 0.003068703588169606, 0.022017341997090014, 0.005552536310798746, 0.010526754556826818, 0.006697120607109763, 0.0, 0.09839873351377132, 0.09128970113993909]","[0.0, 0.08684805780649185, 0.11795923113822937, 0.0, 0.0, 0.0, 0.0, 0.0, 0.11795923113822937, 0.11795923113822937, 0.0, 0.0, 0.0, 0.0, 0.0, 0.0, 0.11795923113822937, 0.11795923113822937, 0.0, 0.039191897958517075, 0.11795923113822937, 0.04824542999267578, 0.0, 0.0, 0.0, 0.0, 0.11795923113822937, 0.0, 0.0, 0.0]",-0.0044441674623953075
82,1.009542652661928,"[1.001536110138419, 0.9944880789300088, 1.012485392752983, 1.014613270620315, 0.9943897977152873, 1.0078862418343622, 0.9999423194284158, 0.9949667378023097, 1.0063712611282507, 0.9819336815744607, 1.000008865886843, 1.0128951261695578, 0.9779625374886736, 1.01069808597486, 1.022298938962102, 1.0074049607577358, 0.9875467990278057, 0.9908574662801113, 1.0026117562550507, 1.0025124576667277, 0.9876177123827722, 0.9984949327656586, 1.0073807521830171, 0.9939402843472803, 0.995101710754971, 0.9799941109351286, 1.002846557173483, 0.9950808555524088, 0.9998028648479943, 0.9939202821697973]","[1.019823016910883, 0.9987355048705076, 0.9943308883647135, 1.003011243643058, 1.0081857466734157, 1.0074127133995865, 1.0036237008874964, 1.0064652620874617, 1.0089961810064052, 0.9985403692674857, 1.0004305530995337, 0.9902687130975097, 1.005929896627097, 1.0110273472007674, 0.9930501993750364, 0.9856643422880454, 0.9650325501566165, 1.0147470277617456, 0.9893019199109684, 0.9877740730312705, 0.9950859084183015, 0.9899964199090198, 1.0045251001972748, 0.9951483635047315, 0.9916102659558078, 1.0057574944926826, 0.9900511885914315, 1.0098245940115038, 0.9821806545288909, 1.0050303989723144]","[0.019823016910883062, -0.001264495129492449, -0.0056691116352864945, 0.003011243643058048, 0.00818574667341565, 0.00741271339958649, 0.003623700887496417, 0.006465262087461676, 0.008996181006405202, -0.0014596307325143165, 0.0004305530995336593, -0.009731286902490255, 0.0059298966270970865, 0.011027347200767368, -0.006949800624963642, -0.014335657711954553, -0.034967449843383513, 0.014747027761745635, -0.010698080089031614, -0.012225926968729484, -0.004914091581698532, -0.010003580090980235, 0.004525100197274812, -0.004851636495268541, -0.008389734044192187, 0.005757494492682591, -0.009948811408568514, 0.009824594011503818, -0.017819345471109083, 0.005030398972314387]","[0.1079704761505127, 0.10566750913858414, 0.0, 0.1079704761505127, 0.0, 0.0, 0.0, 0.0, 0.0, 0.1079704761505127, 0.0, 0.0, 0.0, 0.1079704761505127, 0.0, 0.0, 0.0, 0.0, 0.1079704761505127, 0.06270382553339005, 0.07583530992269516, 0.0, 0.1079704761505127, 0.1079704761505127, 0.0, 0.0, 0.0, 0.0, 0.0, 0.0]","[0.0, 0.1, 0.1, 0.1, 0.1, 0.1, 0.1, 0.1, 0.1, 0.0, 0.0, 0.0, 0.0, 0.0, 0.0, 0.0, 0.0, 0.0, 0.0, 0.0, 0.0, 0.0, 0.0, 0.0, 0.0, 0.0, 0.0, 0.0, 0.1, 0.1]","[0.005380816632511962, 0.08743678320353658, 0.09191469205396112, 0.0803745863670941, 0.09444288641161908, 0.0809284524761805, 0.11632895925405538, 0.08378435553682201, 0.08687244546428291, 0.0, 0.0, 0.0, 0.011677442137738409, 0.011809391755472206, 0.0018566148249613548, 0.0, 0.0, 0.013924033263201595, 0.0, 0.0, 0.0, 0.014302262915942306, 0.0, 0.005588441475941717, 0.0, 0.0015751615163830104, 0.015188379955842034, 0.0023878798914276876, 0.1008791188782059, 0.09334729598482024]","[0.1079704761505127, 0.10566750913858414, 0.0, 0.1079704761505127, 0.0, 0.0, 0.0, 0.0, 0.0, 0.1079704761505127, 0.0, 0.0, 0.0, 0.1079704761505127, 0.0, 0.0, 0.0, 0.0, 0.1079704761505127, 0.06270382553339005, 0.07583530992269516, 0.0, 0.1079704761505127, 0.1079704761505127, 0.0, 0.0, 0.0, 0.0, 0.0, 0.0]",0.0007080014214585061
83,1.018255754041851,"[1.019823016910883, 0.9987355048705076, 0.9943308883647135, 1.003011243643058, 1.0081857466734157, 1.0074127133995865, 1.0036237008874964, 1.0064652620874617, 1.0089961810064052, 0.9985403692674857, 1.0004305530995337, 0.9902687130975097, 1.005929896627097, 1.0110273472007674, 0.9930501993750364, 0.9856643422880454, 0.9650325501566165, 1.0147470277617456, 0.9893019199109684, 0.9877740730312705, 0.9950859084183015, 0.9899964199090198, 1.0045251001972748, 0.9951483635047315, 0.9916102659558078, 1.0057574944926826, 0.9900511885914315, 1.0098245940115038, 0.9821806545288909, 1.0050303989723144]","[0.982058070977298, 1.0442738954647883, 0.9852339033075541, 1.0037880541322857, 1.0109465440216718, 1.011291366780288, 1.019132121207252, 1.0091818789077913, 1.0166686594315586, 0.9945524040463571, 1.0039147765720795, 0.9907272996423753, 0.9909494035777965, 0.9880364390213224, 1.0053438946947773, 1.0093571632323468, 1.0025824006031545, 1.0074756885326939, 1.003632639350856, 0.9986699097193315, 0.9904898907939316, 1.0145951087249199, 1.008030194593813, 0.9894352197869027, 1.0137179659742332, 0.9881737086393723, 0.9913745794439147, 0.9928055077754515, 1.0031546132452245, 1.0146736702382766]","[-0.017941929022701975, 0.044273895464788326, -0.014766096692445885, 0.0037880541322856676, 0.010946544021671833, 0.011291366780288081, 0.01913212120725194, 0.009181878907791319, 0.016668659431558597, -0.005447595953642859, 0.003914776572079504, -0.00927270035762473, -0.009050596422203516, -0.011963560978677568, 0.005343894694777251, 0.00935716323234681, 0.002582400603154511, 0.007475688532693869, 0.003632639350855893, -0.00133009028066855, -0.009510109206068429, 0.01459510872491987, 0.008030194593813045, -0.010564780213097258, 0.013717965974233248, -0.011826291360627739, -0.008625420556085284, -0.007194492224548488, 0.00315461324522448, 0.014673670238276593]","[0.0, 0.1338479369878769, 0.0, 0.0, 0.0, 0.05890369042754173, 0.05787884443998337, 0.046131525188684464, 0.0, 0.1059693917632103, 0.0, 0.0, 0.1338479369878769, 0.0, 0.12365540862083435, 0.0, 0.0, 0.0, 0.0, 0.0, 0.0, 0.10638009756803513, 0.0, 0.0, 0.11133945733308792, 0.12204578518867493, 0.0, 0.0, 0.0, 0.0]","[0.0, 0.1, 0.1, 0.1, 0.1, 0.1, 0.1, 0.1, 0.1, 0.0, 0.0, 0.0, 0.0, 0.0, 0.0, 0.0, 0.0, 0.0, 0.0, 0.0, 0.0, 0.0, 0.0, 0.0, 0.0, 0.0, 0.0, 0.0, 0.1, 0.1]","[0.0, 0.10747599841223951, 0.09659162812029656, 0.10061893569393586, 0.0862725066798862, 0.07271459287054416, 0.08844093847118012, 0.08815410284927863, 0.10471373544136363, 0.0, 0.008780907684573689, 0.01289924722168946, 0.004664122060273124, 0.0016830001664277028, 0.0, 0.0, 0.0, 9.666515546039279e-05, 0.0011712748626990445, 0.0, 0.0, 0.0, 0.0, 0.003935600861694519, 0.0031904098219801644, 0.0070315044851765865, 0.012076960120685591, 0.0, 0.08734757271292536, 0.11214029630768949]","[0.0, 0.1338479220867157, 0.0, 0.0, 0.0, 0.058903682976961136, 0.05787883698940277, 0.046131521463394165, 0.0, 0.1059693768620491, 0.0, 0.0, 0.1338479220867157, 0.0, 0.12365539371967316, 0.0, 0.0, 0.0, 0.0, 0.0, 0.0, 0.10638008266687393, 0.0, 0.0, 0.11133944243192673, 0.12204577028751373, 0.0, 0.0, 0.0, 0.0]",0.008191058338972943
84,1.0164566962553552,"[0.982058070977298, 1.0442738954647883, 0.9852339033075541, 1.0037880541322857, 1.0109465440216718, 1.011291366780288, 1.019132121207252, 1.0091818789077913, 1.0166686594315586, 0.9945524040463571, 1.0039147765720795, 0.9907272996423753, 0.9909494035777965, 0.9880364390213224, 1.0053438946947773, 1.0093571632323468, 1.0025824006031545, 1.0074756885326939, 1.003632639350856, 0.9986699097193315, 0.9904898907939316, 1.0145951087249199, 1.008030194593813, 0.9894352197869027, 1.0137179659742332, 0.9881737086393723, 0.9913745794439147, 0.9928055077754515, 1.0031546132452245, 1.0146736702382766]","[0.9952442957105003, 1.0157756630055146, 0.9699470050696053, 1.0020071731427662, 0.9993071105351586, 0.9999768886065877, 1.0021470820373761, 1.001517874622402, 0.992434675421662, 0.9981441615997223, 1.0018983196261888, 0.9971453131871244, 0.9929642829706654, 1.0008300251940692, 0.9959514124580764, 1.0018251097606874, 1.0015069184286118, 0.9829758080345425, 0.9985513508104443, 1.0017017467087688, 0.9954335074658818, 1.0014553317111023, 1.0025689900105632, 1.0017451798902084, 1.0334980583297166, 1.0044174851687253, 1.0098129155118398, 0.9883184402719427, 0.9711770633532985, 0.9954994509647387]","[-0.004755704289499674, 0.015775663005514584, -0.030052994930394705, 0.0020071731427662165, -0.0006928894648413619, -2.311139341226731e-05, 0.0021470820373761246, 0.001517874622402049, -0.0075653245783380285, -0.0018558384002776984, 0.0018983196261888047, -0.0028546868128755953, -0.007035717029334587, 0.0008300251940691616, -0.0040485875419236095, 0.0018251097606873934, 0.0015069184286118364, -0.017024191965457458, -0.001448649189555673, 0.0017017467087687699, -0.004566492534118227, 0.0014553317111023478, 0.00256899001056321, 0.0017451798902083926, 0.03349805832971664, 0.00441748516872531, 0.009812915511839826, -0.01168155972805729, -0.028822936646701547, -0.004500549035261314]","[0.0, 0.0, 0.0, 0.0, 0.0, 0.0, 0.10470326244831085, 0.0, 0.0, 0.0, 0.0, 0.09959480911493301, 0.0, 0.09418202191591263, 0.0, 0.0, 0.10470326244831085, 0.10470326244831085, 0.10470326244831085, 0.0, 0.10470326244831085, 0.0, 0.0, 0.08040239661931992, 0.09883885830640793, 0.0, 0.0, 0.0, 0.10346564650535583, 0.0]","[0.0, 0.1, 0.1, 0.1, 0.1, 0.1, 0.1, 0.1, 0.1, 0.0, 0.0, 0.0, 0.0, 0.0, 0.0, 0.0, 0.0, 0.0, 0.0, 0.0, 0.0, 0.0, 0.0, 0.0, 0.0, 0.0, 0.0, 0.0, 0.1, 0.1]","[0.0, 0.10241184525710752, 0.10883759246253798, 0.0951732524541163, 0.08632815190212154, 0.09563773398115714, 0.11920028187614334, 0.08775697331146204, 0.10135858522243653, 0.0004599618800242688, 0.0, 0.0, 0.013557334458372355, 0.003370577127484693, 0.0, 0.0, 0.0, 0.0, 0.0, 0.0, 0.0, 0.00654696846594978, 0.0, 0.0, 0.0, 0.0, 0.0036273118672161394, 0.004397617906140002, 0.09276040057294899, 0.07857541125478139]","[0.0, 0.0, 0.0, 0.0, 0.0, 0.0, 0.10470326244831085, 0.0, 0.0, 0.0, 0.0, 0.09959480911493301, 0.0, 0.09418202191591263, 0.0, 0.0, 0.10470326244831085, 0.10470326244831085, 0.10470326244831085, 0.0, 0.10470326244831085, 0.0, 0.0, 0.08040239661931992, 0.09883885830640793, 0.0, 0.0, 0.0, 0.10346564650535583, 0.0]",-0.0021530163512178354
85,1.0161077654038002,"[0.9952442957105003, 1.0157756630055146, 0.9699470050696053, 1.0020071731427662, 0.9993071105351586, 0.9999768886065877, 1.0021470820373761, 1.001517874622402, 0.992434675421662, 0.9981441615997223, 1.0018983196261888, 0.9971453131871244, 0.9929642829706654, 1.0008300251940692, 0.9959514124580764, 1.0018251097606874, 1.0015069184286118, 0.9829758080345425, 0.9985513508104443, 1.0017017467087688, 0.9954335074658818, 1.0014553317111023, 1.0025689900105632, 1.0017451798902084, 1.0334980583297166, 1.0044174851687253, 1.0098129155118398, 0.9883184402719427, 0.9711770633532985, 0.9954994509647387]","[1.0090288939701704, 0.987859743402475, 0.9991575889851948, 1.0206440684733462, 1.0042495362854689, 1.017723327169977, 1.0024743921809989, 0.9965153311891279, 1.0007316633677228, 1.0032560681260498, 1.0069362649943197, 1.008355800334016, 1.019195264427236, 0.9907978792303045, 0.9908576801698044, 1.0166197743949899, 1.0183160845770833, 1.0029795120421316, 0.9931119082195725, 1.0059999332650467, 0.9856387749739862, 1.0194356189833793, 1.00045110382596, 1.010877493030709, 1.0001042562402007, 1.0048115208239823, 0.9935262541257709, 1.0222028995031054, 0.9971305371460482, 0.9700504098079823]","[0.00902889397017037, -0.012140256597525045, -0.0008424110148052, 0.02064406847334621, 0.004249536285468869, 0.017723327169977043, 0.0024743921809988745, -0.0034846688108720603, 0.0007316633677227902, 0.003256068126049838, 0.006936264994319652, 0.008355800334016061, 0.01919526442723596, -0.00920212076969551, -0.009142319830195644, 0.01661977439498985, 0.018316084577083336, 0.002979512042131649, -0.0068880917804274855, 0.005999933265046664, -0.01436122502601378, 0.01943561898337931, 0.00045110382596003085, 0.010877493030708951, 0.00010425624020071744, 0.004811520823982285, -0.006473745874229109, 0.02220289950310539, -0.002869462853951843, -0.029949590192017705]","[0.0, 0.10000000149011612, 0.10000000149011612, 0.0, 0.0, 0.10000000149011612, 0.10000000149011612, 0.0, 0.0, 0.10000000149011612, 0.0, 0.0, 0.0, 0.10000000149011612, 0.10000000149011612, 0.0, 0.0, 0.0, 0.10000000149011612, 0.0, 0.0, 0.0, 0.10000000149011612, 0.10000000149011612, 0.0, 0.0, 0.0, 0.0, 0.0, 0.0]","[0.0, 0.1, 0.1, 0.1, 0.1, 0.1, 0.1, 0.1, 0.1, 0.0, 0.0, 0.0, 0.0, 0.0, 0.0, 0.0, 0.0, 0.0, 0.0, 0.0, 0.0, 0.0, 0.0, 0.0, 0.0, 0.0, 0.0, 0.0, 0.1, 0.1]","[0.0021624938580424515, 0.10142410543366315, 0.08643671996916519, 0.08843170825485727, 0.08918348997765707, 0.11148716659589726, 0.09322519720045996, 0.08094729619199252, 0.10214258021540898, 0.0007819329864827383, 0.0, 0.0, 0.010564425021835348, 0.0, 0.007244097873757177, 0.012916051590846413, 7.54771543939757e-05, 0.013572245964649773, 0.0, 0.01023689859153574, 0.0, 0.0, 0.0027760053276380324, 0.0, 0.0, 0.0, 0.0, 0.005563614950713789, 0.08170355532636817, 0.09912493751463498]","[0.0, 0.10000000149011612, 0.10000000149011612, 0.0, 0.0, 0.10000000149011612, 0.10000000149011612, 0.0, 0.0, 0.10000000149011612, 0.0, 0.0, 0.0, 0.10000000149011612, 0.10000000149011612, 0.0, 0.0, 0.0, 0.10000000149011612, 0.0, 0.0, 0.0, 0.10000000149011612, 0.10000000149011612, 0.0, 0.0, 0.0, 0.0, 0.0, 0.0]",-0.0007345778264810504
86,1.0141547051229873,"[1.0090288939701704, 0.987859743402475, 0.9991575889851948, 1.0206440684733462, 1.0042495362854689, 1.017723327169977, 1.0024743921809989, 0.9965153311891279, 1.0007316633677228, 1.0032560681260498, 1.0069362649943197, 1.008355800334016, 1.019195264427236, 0.9907978792303045, 0.9908576801698044, 1.0166197743949899, 1.0183160845770833, 1.0029795120421316, 0.9931119082195725, 1.0059999332650467, 0.9856387749739862, 1.0194356189833793, 1.00045110382596, 1.010877493030709, 1.0001042562402007, 1.0048115208239823, 0.9935262541257709, 1.0222028995031054, 0.9971305371460482, 0.9700504098079823]","[0.9889786512076464, 1.0164791055531577, 0.9889748603540515, 0.9982791671888798, 0.9893672662767936, 0.9865405258325372, 0.9806751139757921, 0.9971919506883892, 0.9850149389311051, 0.9806853275370385, 0.991536664244268, 1.0291811498731704, 0.9906672539062675, 1.0047348165808117, 0.99288728125451, 1.0158222204653176, 0.9981337215730801, 0.9964423152635818, 0.9949544976795605, 1.0053500330166536, 1.0166871703264078, 0.9848559001635544, 0.9912159172905578, 0.9974478983909678, 1.0053252792282703, 1.0107187335485912, 0.9951096825415312, 1.0236705397896102, 1.0042289496177568, 0.9921199020383323]","[-0.011021348792353614, 0.01647910555315768, -0.011025139645948534, -0.001720832811120232, -0.010632733723206389, -0.013459474167462848, -0.0193248860242079, -0.0028080493116108274, -0.014985061068894856, -0.01931467246296148, -0.008463335755731993, 0.029181149873170442, -0.009332746093732469, 0.004734816580811652, -0.007112718745490021, 0.01582222046531756, -0.0018662784269198873, -0.003557684736418154, -0.005045502320439543, 0.005350033016653599, 0.016687170326407763, -0.015144099836445601, -0.008784082709442198, -0.002552101609032187, 0.005325279228270308, 0.010718733548591208, -0.004890317458468796, 0.0236705397896102, 0.004228949617756772, -0.007880097961667665]","[0.0, 0.0, 0.0, 0.0, 0.1119202971458435, 0.0, 0.1119202971458435, 0.0, 0.0, 0.0, 0.10709091275930405, 0.0, 0.1119202971458435, 0.0, 0.0, 0.0, 0.08423500508069992, 0.0, 0.09135027974843979, 0.0, 0.08129973709583282, 0.0, 0.0959254652261734, 0.0, 0.0, 0.10431589931249619, 0.0, 0.10002182424068451, 0.0, 0.0]","[0.0, 0.1, 0.1, 0.1, 0.1, 0.1, 0.1, 0.1, 0.1, 0.0, 0.0, 0.0, 0.0, 0.0, 0.0, 0.0, 0.0, 0.0, 0.0, 0.0, 0.0, 0.0, 0.0, 0.0, 0.0, 0.0, 0.0, 0.0, 0.1, 0.1]","[0.019693833988078596, 0.08381752302144534, 0.10784469733613618, 0.08717108693436133, 0.0858515809669088, 0.08023034760513434, 0.09796080928059793, 0.10361554022886336, 0.10189268525676368, 0.005705723337406436, 0.00043672279013215167, 0.0, 0.0019925083142453767, 0.0, 0.0, 0.0, 0.0, 0.0, 0.002435210069110717, 0.0, 0.0051860018914179394, 0.0, 0.0, 0.0, 0.0, 0.000261681276336556, 0.005044846131862644, 0.010019812439141552, 0.10771158517599841, 0.09312780395605874]","[0.0, 0.0, 0.0, 0.0, 0.1119202971458435, 0.0, 0.1119202971458435, 0.0, 0.0, 0.0, 0.10709091275930405, 0.0, 0.1119202971458435, 0.0, 0.0, 0.0, 0.08423500508069992, 0.0, 0.09135027974843979, 0.0, 0.08129973709583282, 0.0, 0.0959254652261734, 0.0, 0.0, 0.10431589931249619, 0.0, 0.10002182424068451, 0.0, 0.0]",-0.002276430336813021
87,1.0085147265901553,"[0.9889786512076464, 1.0164791055531577, 0.9889748603540515, 0.9982791671888798, 0.9893672662767936, 0.9865405258325372, 0.9806751139757921, 0.9971919506883892, 0.9850149389311051, 0.9806853275370385, 0.991536664244268, 1.0291811498731704, 0.9906672539062675, 1.0047348165808117, 0.99288728125451, 1.0158222204653176, 0.9981337215730801, 0.9964423152635818, 0.9949544976795605, 1.0053500330166536, 1.0166871703264078, 0.9848559001635544, 0.9912159172905578, 0.9974478983909678, 1.0053252792282703, 1.0107187335485912, 0.9951096825415312, 1.0236705397896102, 1.0042289496177568, 0.9921199020383323]","[1.0034073097372307, 0.9910699267859561, 0.9959918675472869, 0.9745456243170135, 1.019128547819583, 1.0070388970619633, 1.0099682708425926, 1.0167801660433184, 0.9928774001187939, 1.0034077445385403, 1.0064673721594433, 0.996685321971694, 0.9856142876206799, 1.0113314756371143, 1.0144180950768344, 1.0034290102046932, 1.0076916811219068, 1.01098286233096, 0.9837861471444473, 0.9772815008350222, 0.9973343587928971, 0.9921356523184205, 1.001055827569229, 1.008676701430721, 0.983946476163624, 1.0192510128145866, 0.9904569415792989, 1.0142085818344513, 0.9892653087630202, 0.9942076398862593]","[0.0034073097372306904, -0.008930073214043932, -0.004008132452713142, -0.025454375682986474, 0.019128547819583064, 0.007038897061963256, 0.009968270842592553, 0.016780166043318445, -0.007122599881206115, 0.003407744538540314, 0.006467372159443263, -0.003314678028305984, -0.01438571237932007, 0.011331475637114341, 0.014418095076834447, 0.003429010204693217, 0.007691681121906768, 0.01098286233096002, -0.016213852855552657, -0.022718499164977812, -0.0026656412071028868, -0.007864347681579509, 0.001055827569228951, 0.008676701430720968, -0.016053523836376038, 0.019251012814586632, -0.009543058420701134, 0.014208581834451284, -0.010734691236979788, -0.0057923601137407354]","[0.08239222317934036, 0.06821895390748978, 0.0, 0.12032500654459, 0.12032500654459, 0.0, 0.10791710019111633, 0.0, 0.0, 0.0, 0.0, 0.0874626561999321, 0.0, 0.0, 0.0, 0.0, 0.0, 0.05238405987620354, 0.12032500654459, 0.12032500654459, 0.0, 0.0, 0.0, 0.0, 0.0, 0.0, 0.12032500654459, 0.0, 0.0, 0.0]","[0.0, 0.1, 0.1, 0.1, 0.1, 0.1, 0.1, 0.1, 0.1, 0.0, 0.0, 0.0, 0.0, 0.0, 0.0, 0.0, 0.0, 0.0, 0.0, 0.0, 0.0, 0.0, 0.0, 0.0, 0.0, 0.0, 0.0, 0.0, 0.1, 0.1]","[0.013964138084285194, 0.10217897887054708, 0.10805665381763561, 0.07673055642167466, 0.08746238598109572, 0.08922768332674519, 0.09105167819299294, 0.09280608672861311, 0.09204925436578282, 0.0, 0.0, 0.0, 0.00686130746306735, 0.0009453865315166715, 0.0, 0.0, 0.0, 0.003386405049410311, 0.0034124998530805795, 0.012236275352292235, 0.0014461410068017221, 0.00714660180868018, 0.0, 0.000496717040125356, 0.002515798896694773, 0.003330986658983664, 0.0, 0.0002842753195588932, 0.10105373107697721, 0.10335645815343883]","[0.08239222317934036, 0.06821895390748978, 0.0, 0.12032500654459, 0.12032500654459, 0.0, 0.10791710019111633, 0.0, 0.0, 0.0, 0.0, 0.0874626561999321, 0.0, 0.0, 0.0, 0.0, 0.0, 0.05238405987620354, 0.12032500654459, 0.12032500654459, 0.0, 0.0, 0.0, 0.0, 0.0, 0.0, 0.12032500654459, 0.0, 0.0, 0.0]",-0.005998224054546758
88,1.0110314573928052,"[1.0034073097372307, 0.9910699267859561, 0.9959918675472869, 0.9745456243170135, 1.019128547819583, 1.0070388970619633, 1.0099682708425926, 1.0167801660433184, 0.9928774001187939, 1.0034077445385403, 1.0064673721594433, 0.996685321971694, 0.9856142876206799, 1.0113314756371143, 1.0144180950768344, 1.0034290102046932, 1.0076916811219068, 1.01098286233096, 0.9837861471444473, 0.9772815008350222, 0.9973343587928971, 0.9921356523184205, 1.001055827569229, 1.008676701430721, 0.983946476163624, 1.0192510128145866, 0.9904569415792989, 1.0142085818344513, 0.9892653087630202, 0.9942076398862593]","[0.9953663944862432, 1.0269774066812103, 1.0061529384396324, 0.9833578740008803, 1.011161100811975, 0.9703172174548895, 1.009708079249081, 0.9971842123889094, 0.9866381290541513, 0.9888856631818299, 1.00859480335657, 0.9851118618874405, 1.0219391752099363, 1.0035974946867956, 1.0086071056556247, 1.0057144748681344, 1.0141078049727352, 0.9957647802423889, 0.9953650111273082, 1.0114586689727805, 0.992303867778676, 1.0290381813086986, 1.020633788105321, 0.990580386159869, 0.9948337559098961, 1.009856364754172, 1.0287962844997587, 1.002606052259198, 1.0037110804321625, 1.0060402464198752]","[-0.0046336055137568, 0.026977406681210292, 0.006152938439632383, -0.01664212599911974, 0.011161100811974967, -0.029682782545110475, 0.009708079249080903, -0.002815787611090581, -0.01336187094584873, -0.01111433681817009, 0.008594803356569924, -0.014888138112559512, 0.021939175209936268, 0.0035974946867955993, 0.008607105655624725, 0.005714474868134367, 0.014107804972735227, -0.004235219757611097, -0.004634988872691759, 0.011458668972780472, -0.007696132221324037, 0.02903818130869862, 0.020633788105320905, -0.009419613840131014, -0.005166244090103911, 0.009856364754172064, 0.028796284499758684, 0.0026060522591979662, 0.0037110804321625057, 0.006040246419875217]","[0.0, 0.0, 0.10693131387233734, 0.0, 0.0, 0.0, 0.08843331784009933, 0.0748218297958374, 0.0, 0.0, 0.0, 0.10693131387233734, 0.10693131387233734, 0.09599176794290543, 0.0, 0.0, 0.0, 0.10693131387233734, 0.10693131387233734, 0.0, 0.0, 0.0, 0.09916519373655319, 0.10693131387233734, 0.0, 0.0, 0.0, 0.0, 0.0, 0.0]","[0.0, 0.1, 0.1, 0.1, 0.1, 0.1, 0.1, 0.1, 0.1, 0.0, 0.0, 0.0, 0.0, 0.0, 0.0, 0.0, 0.0, 0.0, 0.0, 0.0, 0.0, 0.0, 0.0, 0.0, 0.0, 0.0, 0.0, 0.0, 0.1, 0.1]","[0.0, 0.1039767649594918, 0.09815210620349175, 0.0873533551239145, 0.09608758198176347, 0.08673104335498398, 0.08218884849247794, 0.09626834490825742, 0.08269365044806183, 0.0, 0.0, 0.0, 0.00917181887057029, 0.0, 0.0007910715475910343, 0.017349257510508375, 0.0, 0.0, 0.0, 0.0, 0.01628125445152358, 0.0, 0.0008367269032118974, 6.067849806564005e-05, 0.011169855062951328, 0.018227415896545196, 0.0, 0.0, 0.10846901642023227, 0.08419120936635771]","[0.0, 0.0, 0.10693131387233734, 0.0, 0.0, 0.0, 0.08843331784009933, 0.0748218297958374, 0.0, 0.0, 0.0, 0.10693131387233734, 0.10693131387233734, 0.09599176794290543, 0.0, 0.0, 0.0, 0.10693131387233734, 0.10693131387233734, 0.0, 0.0, 0.0, 0.09916519373655319, 0.10693131387233734, 0.0, 0.0, 0.0, 0.0, 0.0, 0.0]",0.0020907200889591178
89,1.011273709353647,"[0.9953663944862432, 1.0269774066812103, 1.0061529384396324, 0.9833578740008803, 1.011161100811975, 0.9703172174548895, 1.009708079249081, 0.9971842123889094, 0.9866381290541513, 0.9888856631818299, 1.00859480335657, 0.9851118618874405, 1.0219391752099363, 1.0035974946867956, 1.0086071056556247, 1.0057144748681344, 1.0141078049727352, 0.9957647802423889, 0.9953650111273082, 1.0114586689727805, 0.992303867778676, 1.0290381813086986, 1.020633788105321, 0.990580386159869, 0.9948337559098961, 1.009856364754172, 1.0287962844997587, 1.002606052259198, 1.0037110804321625, 1.0060402464198752]","[1.0027057505723966, 0.9825772910011231, 0.9955962592761565, 1.004651801674582, 0.9886666770941033, 1.0335437701728096, 1.0021896912948784, 1.0222975583224492, 0.9843790286067289, 0.9932194388900322, 1.0020362379302465, 1.0024815668760767, 1.0101331659600334, 1.001399904522401, 0.9943247899486622, 0.9792824352515416, 0.9986970820213612, 0.9801879901171481, 0.9912694118478516, 0.9845618126055803, 1.0104356221914232, 0.9845654240395472, 1.0015963550638194, 0.9829922523407639, 1.0022987671504238, 0.996370171510855, 1.0085334864912496, 1.0005869448633555, 1.0106337807818686, 1.0084652441347253]","[0.002705750572396637, -0.01742270899887688, -0.00440374072384353, 0.004651801674582012, -0.011333322905896726, 0.03354377017280963, 0.0021896912948784486, 0.022297558322449174, -0.015620971393271121, -0.006780561109967831, 0.0020362379302465428, 0.002481566876076702, 0.010133165960033441, 0.0013999045224009077, -0.0056752100513377535, -0.020717564748458428, -0.0013029179786387957, -0.019812009882851922, -0.008730588152148444, -0.015438187394419711, 0.010435622191423244, -0.015434575960452834, 0.001596355063819388, -0.017007747659236072, 0.002298767150423764, -0.0036298284891449484, 0.008533486491249631, 0.0005869448633555319, 0.010633780781868607, 0.00846524413472527]","[0.11606767028570175, 0.0, 0.11606767028570175, 0.0, 0.11606767028570175, 0.11606767028570175, 0.0, 0.11606767028570175, 0.10628806799650192, 0.0, 0.0, 0.0, 0.0, 0.0, 0.0, 0.0, 0.0, 0.11606767028570175, 0.0, 0.0, 0.0, 0.0718853771686554, 0.0, 0.0, 0.0, 0.06002864986658096, 0.06539187580347061, 0.0, 0.0, 0.0]","[0.0, 0.1, 0.1, 0.1, 0.1, 0.1, 0.1, 0.1, 0.1, 0.0, 0.0, 0.0, 0.0, 0.0, 0.0, 0.0, 0.0, 0.0, 0.0, 0.0, 0.0, 0.0, 0.0, 0.0, 0.0, 0.0, 0.0, 0.0, 0.1, 0.1]","[0.0, 0.09570389814770482, 0.10560341761981903, 0.09343881250949268, 0.07859213918551225, 0.09383093086013128, 0.09460665294970509, 0.08496776227058407, 0.09319188676761461, 0.0, 0.004405438511679297, 0.0008303373386068913, 0.002719552276138176, 0.0, 0.0039244584395266855, 0.0, 0.0029183899846632415, 0.0, 0.0017561627521906638, 0.005999891434430188, 0.0040711852907628, 0.0, 0.0, 0.010396115957916702, 0.0, 0.009910212584874846, 0.015522013309436717, 0.005060375651383225, 0.09829856457648684, 0.09425180158133972]","[0.11606767028570175, 0.0, 0.11606767028570175, 0.0, 0.11606767028570175, 0.11606767028570175, 0.0, 0.11606767028570175, 0.10628806799650192, 0.0, 0.0, 0.0, 0.0, 0.0, 0.0, 0.0, 0.0, 0.11606767028570175, 0.0, 0.0, 0.0, 0.0718853771686554, 0.0, 0.0, 0.0, 0.06002864986658096, 0.06539187580347061, 0.0, 0.0, 0.0]",-0.0002448638183382159
90,1.0052884330383893,"[1.0027057505723966, 0.9825772910011231, 0.9955962592761565, 1.004651801674582, 0.9886666770941033, 1.0335437701728096, 1.0021896912948784, 1.0222975583224492, 0.9843790286067289, 0.9932194388900322, 1.0020362379302465, 1.0024815668760767, 1.0101331659600334, 1.001399904522401, 0.9943247899486622, 0.9792824352515416, 0.9986970820213612, 0.9801879901171481, 0.9912694118478516, 0.9845618126055803, 1.0104356221914232, 0.9845654240395472, 1.0015963550638194, 0.9829922523407639, 1.0022987671504238, 0.996370171510855, 1.0085334864912496, 1.0005869448633555, 1.0106337807818686, 1.0084652441347253]","[0.9846187226861289, 0.9922074950456535, 0.9901509248224736, 0.9929409915234283, 1.0053325106083166, 0.9800355218705793, 1.0069953396312155, 1.0077048077071762, 0.99502491085777, 1.0174179091190632, 0.9923364681598533, 0.9930337753245635, 0.9763137307641686, 0.9870684479280517, 1.008937272825978, 1.0383722397003008, 1.0078823853660928, 0.9911875456186707, 0.9846074395424306, 1.0008828103268192, 1.0117442418581044, 0.9892586264652521, 0.9943685572198409, 1.0059266429895435, 0.9919507837119487, 0.9785745406365909, 1.0126449340224153, 1.0094257002186733, 0.9874594758245733, 0.9944860864382467]","[-0.015381277313871067, -0.007792504954346469, -0.009849075177526423, -0.007059008476571704, 0.005332510608316632, -0.019964478129420704, 0.006995339631215458, 0.007704807707176187, -0.004975089142229994, 0.017417909119063157, -0.007663531840146676, -0.006966224675436505, -0.023686269235831392, -0.012931552071948293, 0.008937272825978004, 0.03837223970030079, 0.007882385366092759, -0.008812454381329271, -0.015392560457569426, 0.00088281032681925, 0.01174424185810441, -0.010741373534747911, -0.005631442780159146, 0.005926642989543485, -0.00804921628805133, -0.021425459363409116, 0.012644934022415288, 0.009425700218673283, -0.012540524175426726, -0.0055139135617533475]","[0.0, 0.0, 0.0, 0.0, 0.0, 0.10000000894069672, 0.10000000894069672, 0.0, 0.0, 0.0, 0.10000000894069672, 0.10000000894069672, 0.0, 0.0, 0.0, 0.0, 0.0, 0.0, 0.0, 0.0, 0.10000000894069672, 0.10000000894069672, 0.0, 0.0, 0.10000000894069672, 0.10000000894069672, 0.0, 0.10000000894069672, 0.10000000894069672, 0.0]","[0.0, 0.1, 0.1, 0.1, 0.1, 0.1, 0.1, 0.1, 0.1, 0.0, 0.0, 0.0, 0.0, 0.0, 0.0, 0.0, 0.0, 0.0, 0.0, 0.0, 0.0, 0.0, 0.0, 0.0, 0.0, 0.0, 0.0, 0.0, 0.1, 0.1]","[0.008857164843473589, 0.11009391758780077, 0.1148687972707164, 0.10136428678736774, 0.09888819768458701, 0.08100445163605642, 0.0894861725688026, 0.09743547666128641, 0.0970298134745698, 0.005511266009449863, 0.0033193363449752203, 0.0, 0.0020943028181293396, 0.003954845412726213, 0.00029724143379359676, 0.006068433993124899, 0.0, 0.004046096732247601, 0.0, 0.0, 0.0, 0.005489353368580373, 0.0013379120290218766, 0.0, 0.0031186450323751258, 0.0, 0.0, 0.0, 0.07810201976574338, 0.0876322685451718]","[0.0, 0.0, 0.0, 0.0, 0.0, 0.09999999403953552, 0.09999999403953552, 0.0, 0.0, 0.0, 0.09999999403953552, 0.09999999403953552, 0.0, 0.0, 0.0, 0.0, 0.0, 0.0, 0.0, 0.0, 0.09999999403953552, 0.09999999403953552, 0.0, 0.0, 0.09999999403953552, 0.09999999403953552, 0.0, 0.09999999403953552, 0.09999999403953552, 0.0]",-0.006302856189771104
91,1.0080206771168183,"[0.9846187226861289, 0.9922074950456535, 0.9901509248224736, 0.9929409915234283, 1.0053325106083166, 0.9800355218705793, 1.0069953396312155, 1.0077048077071762, 0.99502491085777, 1.0174179091190632, 0.9923364681598533, 0.9930337753245635, 0.9763137307641686, 0.9870684479280517, 1.008937272825978, 1.0383722397003008, 1.0078823853660928, 0.9911875456186707, 0.9846074395424306, 1.0008828103268192, 1.0117442418581044, 0.9892586264652521, 0.9943685572198409, 1.0059266429895435, 0.9919507837119487, 0.9785745406365909, 1.0126449340224153, 1.0094257002186733, 0.9874594758245733, 0.9944860864382467]","[1.0046828620855446, 1.0072156154748577, 0.9990311236742193, 0.9931632939798978, 1.025150259643539, 0.9863496188514098, 0.9994349625634326, 1.0109503515643494, 1.0224375877389253, 1.0003597014640848, 1.0021028026951235, 0.9942478696783543, 0.9992026873715186, 1.0290967880275224, 0.9710915655946225, 1.0067049847441487, 1.0132012908183767, 0.9892025214388256, 0.9822578738850883, 1.0110455656780069, 1.0060015433827756, 1.020375695681087, 0.9944005897402136, 1.010561924217762, 1.0261794833759994, 0.967876539817173, 0.9919493371167376, 1.0107584951881818, 1.0070926076900686, 0.9947647625748471]","[0.004682862085544581, 0.007215615474857717, -0.0009688763257806876, -0.006836706020102223, 0.025150259643538897, -0.013650381148590185, -0.0005650374365674393, 0.010950351564349425, 0.022437587738925346, 0.0003597014640848162, 0.002102802695123529, -0.0057521303216456765, -0.0007973126284813725, 0.029096788027522358, -0.028908434405377492, 0.006704984744148712, 0.013201290818376732, -0.010797478561174412, -0.01774212611491166, 0.011045565678006852, 0.006001543382775587, 0.02037569568108699, -0.005599410259786386, 0.01056192421776192, 0.0261794833759994, -0.03212346018282697, -0.008050662883262394, 0.010758495188181838, 0.007092607690068586, -0.005235237425152861]","[0.0, 0.0, 0.0, 0.0, 0.0, 0.11307262629270554, 0.0, 0.08140388876199722, 0.10174168646335602, 0.0, 0.08538731187582016, 0.09603821486234665, 0.0, 0.0, 0.0, 0.0, 0.0, 0.0, 0.11351123452186584, 0.10954831540584564, 0.11351123452186584, 0.0, 0.0, 0.0, 0.0, 0.0, 0.0, 0.07227423042058945, 0.11351123452186584, 0.0]","[0.0, 0.1, 0.1, 0.1, 0.1, 0.1, 0.1, 0.1, 0.1, 0.0, 0.0, 0.0, 0.0, 0.0, 0.0, 0.0, 0.0, 0.0, 0.0, 0.0, 0.0, 0.0, 0.0, 0.0, 0.0, 0.0, 0.0, 0.0, 0.1, 0.1]","[0.009990410144529711, 0.08685002684136854, 0.09049953555173786, 0.09097974059079972, 0.1025357161369314, 0.09234716057926132, 0.10873720070540961, 0.09184600876922575, 0.09231271340980167, 0.006112229456901762, 0.0, 0.0020710600117118992, 0.0, 0.01161036297720895, 0.0, 0.0, 0.0, 0.0016941412447942844, 0.009717338108251466, 0.0002661999654964565, 0.010405136035269004, 0.0, 0.0024655967831478665, 0.0, 0.0, 0.002106385255167156, 0.0, 0.007980943550665545, 0.09103496575351624, 0.08843712812880382]","[0.0, 0.0, 0.0, 0.0, 0.0, 0.11307262629270554, 0.0, 0.08140388876199722, 0.10174168646335602, 0.0, 0.08538731187582016, 0.09603821486234665, 0.0, 0.0, 0.0, 0.0, 0.0, 0.0, 0.11351123452186584, 0.10954831540584564, 0.11351123452186584, 0.0, 0.0, 0.0, 0.0, 0.0, 0.0, 0.07227423042058945, 0.11351123452186584, 0.0]",0.0023433505588231936
92,1.0015966206533484,"[1.0046828620855446, 1.0072156154748577, 0.9990311236742193, 0.9931632939798978, 1.025150259643539, 0.9863496188514098, 0.9994349625634326, 1.0109503515643494, 1.0224375877389253, 1.0003597014640848, 1.0021028026951235, 0.9942478696783543, 0.9992026873715186, 1.0290967880275224, 0.9710915655946225, 1.0067049847441487, 1.0132012908183767, 0.9892025214388256, 0.9822578738850883, 1.0110455656780069, 1.0060015433827756, 1.020375695681087, 0.9944005897402136, 1.010561924217762, 1.0261794833759994, 0.967876539817173, 0.9919493371167376, 1.0107584951881818, 1.0070926076900686, 0.9947647625748471]","[1.0111600879153477, 1.0052983841493637, 1.0029951800085353, 0.993625164723696, 0.9719589823486017, 1.0052786656933008, 0.9779563818280841, 1.000294787359084, 0.9788282301280546, 1.0151893681888, 0.9985132144694335, 1.0125138614586013, 0.9934397920987822, 0.981619268597136, 0.9891799277617469, 1.0054311957841484, 0.9975896621794168, 1.0135240532822145, 0.9692672240534084, 0.991826265367076, 0.9743903784984597, 0.9892838759916661, 1.0008366919305354, 1.0030112435579202, 0.9960615262848479, 1.0071401544240968, 1.0068047026669493, 0.9995659324523003, 0.9962771537484424, 1.0050439248439593]","[0.011160087915347727, 0.005298384149363677, 0.0029951800085352698, -0.006374835276304003, -0.028041017651398326, 0.005278665693300821, -0.022043618171915913, 0.0002947873590839478, -0.021171769871945356, 0.015189368188800012, -0.0014867855305664701, 0.012513861458601339, -0.006560207901217807, -0.018380731402864003, -0.010820072238253098, 0.005431195784148413, -0.002410337820583197, 0.01352405328221451, -0.03073277594659163, -0.008173734632924035, -0.025609621501540336, -0.010716124008333883, 0.0008366919305353715, 0.0030112435579201513, -0.003938473715152102, 0.007140154424096767, 0.006804702666949325, -0.00043406754769970135, -0.00372284625155761, 0.005043924843959324]","[0.0, 0.0, 0.08327474445104599, 0.0, 0.11834894865751266, 0.09350862354040146, 0.0, 0.0, 0.0, 0.0, 0.0966637134552002, 0.0, 0.0, 0.11834894865751266, 0.0, 0.0, 0.0, 0.11834894865751266, 0.09109265357255936, 0.0, 0.0, 0.11681311577558517, 0.0, 0.0, 0.0, 0.0, 0.08364838361740112, 0.0, 0.0, 0.07995201647281647]","[0.0, 0.1, 0.1, 0.1, 0.1, 0.1, 0.1, 0.1, 0.1, 0.0, 0.0, 0.0, 0.0, 0.0, 0.0, 0.0, 0.0, 0.0, 0.0, 0.0, 0.0, 0.0, 0.0, 0.0, 0.0, 0.0, 0.0, 0.0, 0.1, 0.1]","[0.0037037255069539343, 0.09338985469960814, 0.08739300072272907, 0.10637809129732008, 0.10602860501580992, 0.08818465265343949, 0.08422764027243476, 0.09381262294592099, 0.08917061882575109, 0.0, 0.0, 0.0, 0.0, 0.0, 0.0, 0.0, 0.0, 0.0, 0.0, 0.00873671032083887, 0.0027492967068555216, 0.0, 0.007478605837965247, 0.0, 0.0, 0.0120262201714149, 0.0, 0.0, 0.10901901038693519, 0.10770134463602281]","[0.0, 0.0, 0.0832747370004654, 0.0, 0.11834893375635147, 0.09350861608982086, 0.0, 0.0, 0.0, 0.0, 0.096663698554039, 0.0, 0.0, 0.11834893375635147, 0.0, 0.0, 0.0, 0.11834893375635147, 0.09109264612197876, 0.0, 0.0, 0.11681310087442398, 0.0, 0.0, 0.0, 0.0, 0.08364837616682053, 0.0, 0.0, 0.07995200902223587]",-0.0068268011053613555
93,0.997666249608291,"[1.0111600879153477, 1.0052983841493637, 1.0029951800085353, 0.993625164723696, 0.9719589823486017, 1.0052786656933008, 0.9779563818280841, 1.000294787359084, 0.9788282301280546, 1.0151893681888, 0.9985132144694335, 1.0125138614586013, 0.9934397920987822, 0.981619268597136, 0.9891799277617469, 1.0054311957841484, 0.9975896621794168, 1.0135240532822145, 0.9692672240534084, 0.991826265367076, 0.9743903784984597, 0.9892838759916661, 1.0008366919305354, 1.0030112435579202, 0.9960615262848479, 1.0071401544240968, 1.0068047026669493, 0.9995659324523003, 0.9962771537484424, 1.0050439248439593]","[1.017006366506764, 0.9929690940671796, 1.0095542793046415, 1.00046393641775, 0.9809376146182309, 1.0034701699043616, 1.0073119129628778, 0.976996444812436, 1.0054988084848735, 0.9978615704658871, 0.99676155739574, 0.9983198421120637, 0.9844800268104446, 0.9791218647475552, 0.9989841363936408, 1.0038750001224033, 0.9823747127622998, 0.9984421005063542, 0.992186777477973, 1.01045694233322, 1.007142988767447, 0.99346597358226, 0.9866920578193985, 1.0117436224253664, 0.9947433021065955, 1.0231257488315169, 0.991196805508091, 1.0042338318002046, 1.022540960527938, 0.9896574348322684]","[0.017006366506763904, -0.007030905932820408, 0.009554279304641478, 0.0004639364177501104, -0.019062385381769076, 0.003470169904361553, 0.007311912962877809, -0.02300355518756403, 0.005498808484873496, -0.002138429534112918, -0.0032384426042599834, -0.0016801578879362955, -0.015519973189555447, -0.02087813525244475, -0.0010158636063591908, 0.0038750001224032715, -0.017625287237700182, -0.0015578994936458201, -0.007813222522026986, 0.01045694233321992, 0.007142988767447012, -0.006534026417740035, -0.013307942180601495, 0.011743622425366418, -0.005256697893404549, 0.023125748831516857, -0.008803194491909028, 0.004233831800204646, 0.02254096052793808, -0.010342565167731577]","[0.0, 0.0, 0.08784174919128418, 0.0, 0.0691526010632515, 0.0, 0.0, 0.10537570714950562, 0.0, 0.0, 0.0, 0.10537570714950562, 0.10537570714950562, 0.0, 0.10537570714950562, 0.0, 0.0, 0.10537570714950562, 0.0, 0.0, 0.10537570714950562, 0.0, 0.0, 0.10537570714950562, 0.0, 0.0, 0.10537570714950562, 0.0, 0.0, 0.0]","[0.0, 0.1, 0.1, 0.1, 0.1, 0.1, 0.1, 0.1, 0.1, 0.0, 0.0, 0.0, 0.0, 0.0, 0.0, 0.0, 0.0, 0.0, 0.0, 0.0, 0.0, 0.0, 0.0, 0.0, 0.0, 0.0, 0.0, 0.0, 0.1, 0.1]","[0.007378940076306009, 0.1006939438252858, 0.10359108992267868, 0.09273001737167727, 0.10219047938476966, 0.08084631743907501, 0.09412828041394182, 0.10011688436835736, 0.09420795082894014, 0.0, 0.0, 0.0, 0.0029462008709095046, 0.0, 0.0, 0.0, 0.0, 0.0, 0.0, 0.006748830424740163, 0.011211801778809972, 0.0, 0.004740053657532408, 0.0, 0.0017088914244498188, 0.004500296436954185, 0.007121116557424102, 0.0, 0.09760259554325822, 0.0875363096748899]","[0.0, 0.0, 0.08784174919128418, 0.0, 0.0691526010632515, 0.0, 0.0, 0.10537570714950562, 0.0, 0.0, 0.0, 0.10537570714950562, 0.10537570714950562, 0.0, 0.10537570714950562, 0.0, 0.0, 0.10537570714950562, 0.0, 0.0, 0.10537570714950562, 0.0, 0.0, 0.10537570714950562, 0.0, 0.0, 0.10537570714950562, 0.0, 0.0, 0.0]",-0.0043169905228202035
94,0.9949171350683148,"[1.017006366506764, 0.9929690940671796, 1.0095542793046415, 1.00046393641775, 0.9809376146182309, 1.0034701699043616, 1.0073119129628778, 0.976996444812436, 1.0054988084848735, 0.9978615704658871, 0.99676155739574, 0.9983198421120637, 0.9844800268104446, 0.9791218647475552, 0.9989841363936408, 1.0038750001224033, 0.9823747127622998, 0.9984421005063542, 0.992186777477973, 1.01045694233322, 1.007142988767447, 0.99346597358226, 0.9866920578193985, 1.0117436224253664, 0.9947433021065955, 1.0231257488315169, 0.991196805508091, 1.0042338318002046, 1.022540960527938, 0.9896574348322684]","[1.0176111547666888, 1.0154933966385888, 1.0084710579562068, 1.0288167786968083, 1.003610020019499, 1.0142327834624565, 1.009877648830634, 1.0128032549041153, 1.0045756650084783, 0.9894416389425629, 0.9921933586693256, 1.0263310143184041, 0.9968636358191924, 1.003512091700427, 0.9943866088993358, 0.9909397536600337, 0.9993804432005616, 1.011309588218353, 0.9919539083517009, 1.007490301680948, 0.9957520785067402, 1.019323126513765, 0.9886698046938958, 0.9746315169775795, 0.9891489024814548, 1.0099325707145956, 1.0069422384000317, 1.00222829078864, 0.9894666986290306, 0.9947722413693466]","[0.01761115476668884, 0.015493396638588841, 0.00847105795620684, 0.02881677869680832, 0.0036100200194990606, 0.014232783462456489, 0.009877648830634023, 0.012803254904115269, 0.00457566500847828, -0.010558361057437127, -0.007806641330674435, 0.026331014318404122, -0.0031363641808076492, 0.003512091700426989, -0.005613391100664167, -0.009060246339966271, -0.0006195567994383699, 0.011309588218352928, -0.008046091648299059, 0.007490301680947997, -0.00424792149325981, 0.019323126513765, -0.01133019530610424, -0.02536848302242045, -0.010851097518545183, 0.009932570714595634, 0.0069422384000317194, 0.0022282907886399528, -0.010533301370969417, -0.00522775863065339]","[0.0, 0.0, 0.0, 0.0, 0.08558179438114166, 0.0, 0.09580940008163452, 0.0, 0.0, 0.13313749432563782, 0.08614007383584976, 0.0, 0.0, 0.13313749432563782, 0.0, 0.0, 0.0, 0.0, 0.09807927906513214, 0.0, 0.0, 0.0, 0.0, 0.12527264654636383, 0.0, 0.13313749432563782, 0.0, 0.10970427095890045, 0.0, 0.0]","[0.0, 0.1, 0.1, 0.1, 0.1, 0.1, 0.1, 0.1, 0.1, 0.0, 0.0, 0.0, 0.0, 0.0, 0.0, 0.0, 0.0, 0.0, 0.0, 0.0, 0.0, 0.0, 0.0, 0.0, 0.0, 0.0, 0.0, 0.0, 0.1, 0.1]","[0.008598036401390702, 0.1007896084053702, 0.09312543373960973, 0.08318162846999348, 0.1018369275176994, 0.09065648677566247, 0.09803015078559806, 0.08689119869570912, 0.09152923351932997, 0.0, 0.006349958235564942, 5.7050658567349225e-05, 0.0, 0.0191388844458896, 0.0, 0.0, 0.00021296322509331057, 0.00011487833981204669, 0.005050964930789242, 0.0, 0.007175004876494155, 0.0, 0.0, 0.0005565160839113801, 0.000728908631915608, 0.0025163337863724038, 0.0, 0.02618847664141449, 0.08412739701089147, 0.09314395882292094]","[0.0, 0.0, 0.0, 0.0, 0.08558180183172226, 0.0, 0.09580941498279572, 0.0, 0.0, 0.133137509226799, 0.08614008128643036, 0.0, 0.0, 0.133137509226799, 0.0, 0.0, 0.0, 0.0, 0.09807929396629333, 0.0, 0.0, 0.0, 0.0, 0.12527266144752502, 0.0, 0.133137509226799, 0.0, 0.10970428586006165, 0.0, 0.0]",-0.0031540248661607708
95,0.9958275009894281,"[1.0176111547666888, 1.0154933966385888, 1.0084710579562068, 1.0288167786968083, 1.003610020019499, 1.0142327834624565, 1.009877648830634, 1.0128032549041153, 1.0045756650084783, 0.9894416389425629, 0.9921933586693256, 1.0263310143184041, 0.9968636358191924, 1.003512091700427, 0.9943866088993358, 0.9909397536600337, 0.9993804432005616, 1.011309588218353, 0.9919539083517009, 1.007490301680948, 0.9957520785067402, 1.019323126513765, 0.9886698046938958, 0.9746315169775795, 0.9891489024814548, 1.0099325707145956, 1.0069422384000317, 1.00222829078864, 0.9894666986290306, 0.9947722413693466]","[0.9932272959697506, 0.9873211247375048, 0.9997848513173326, 1.0021193159929112, 1.00063711627418, 0.9970713099234342, 1.0036515879382861, 1.0004185093341575, 1.0172458199591552, 1.004869524090886, 0.9981525628269577, 1.008049104779019, 1.0159703846044077, 1.0105335456962241, 0.9861200628223032, 1.0118508427397048, 0.9900936569600312, 0.9825085892432344, 1.003083903518588, 1.0114066220184261, 0.9817968359681306, 1.0261580632580243, 1.0158424128604926, 1.0101837836450693, 0.9805104348986023, 0.9993692283447871, 0.985621543132113, 0.9906651968361945, 1.0238292263880164, 1.0214297922674884]","[-0.006772704030249432, -0.012678875262495226, -0.00021514868266736542, 0.0021193159929111527, 0.0006371162741800607, -0.002928690076565821, 0.003651587938286127, 0.0004185093341575463, 0.017245819959155195, 0.004869524090886035, -0.0018474371730422545, 0.00804910477901899, 0.015970384604407695, 0.010533545696224111, -0.013879937177696755, 0.011850842739704825, -0.009906343039968846, -0.017491410756765635, 0.003083903518587894, 0.011406622018426127, -0.01820316403186939, 0.026158063258024278, 0.015842412860492594, 0.010183783645069333, -0.019489565101397655, -0.0006307716552128584, -0.014378456867886968, -0.009334803163805527, 0.023829226388016433, 0.021429792267488423]","[0.0, 0.10537875443696976, 0.10537875443696976, 0.0, 0.10537875443696976, 0.10537875443696976, 0.0, 0.0, 0.10537875443696976, 0.0, 0.0, 0.0, 0.0, 0.10537875443696976, 0.0, 0.0, 0.0, 0.0, 0.10537875443696976, 0.0, 0.08061257749795914, 0.0, 0.0, 0.07813186198472977, 0.0, 0.10360431671142578, 0.0, 0.0, 0.0, 0.0]","[0.0, 0.1, 0.1, 0.1, 0.1, 0.1, 0.1, 0.1, 0.1, 0.0, 0.0, 0.0, 0.0, 0.0, 0.0, 0.0, 0.0, 0.0, 0.0, 0.0, 0.0, 0.0, 0.0, 0.0, 0.0, 0.0, 0.0, 0.0, 0.1, 0.1]","[0.0, 0.1004736072189403, 0.08382423491365514, 0.0842420102162569, 0.09297656321315238, 0.08999674577382785, 0.0923229824315615, 0.0904310722122692, 0.09073101496048458, 0.0, 0.0, 0.011648605033261804, 0.017232033472531397, 0.0, 0.002283621838260721, 0.0, 0.0032781035212985214, 0.007549578741611797, 0.002164177124834013, 0.005991584794446905, 0.014957272213139573, 0.004158261669879395, 0.00414445806573986, 0.001992013803126381, 0.008005512209131828, 0.0, 0.0, 0.0, 0.08859718091791902, 0.10299936565467087]","[0.0, 0.10537875443696976, 0.10537875443696976, 0.0, 0.10537875443696976, 0.10537875443696976, 0.0, 0.0, 0.10537875443696976, 0.0, 0.0, 0.0, 0.0, 0.10537875443696976, 0.0, 0.0, 0.0, 0.0, 0.10537875443696976, 0.0, 0.08061257749795914, 0.0, 0.0, 0.07813186198472977, 0.0, 0.10360431671142578, 0.0, 0.0, 0.0, 0.0]",0.0005437494129644387
96,1.0011244121701066,"[0.9932272959697506, 0.9873211247375048, 0.9997848513173326, 1.0021193159929112, 1.00063711627418, 0.9970713099234342, 1.0036515879382861, 1.0004185093341575, 1.0172458199591552, 1.004869524090886, 0.9981525628269577, 1.008049104779019, 1.0159703846044077, 1.0105335456962241, 0.9861200628223032, 1.0118508427397048, 0.9900936569600312, 0.9825085892432344, 1.003083903518588, 1.0114066220184261, 0.9817968359681306, 1.0261580632580243, 1.0158424128604926, 1.0101837836450693, 0.9805104348986023, 0.9993692283447871, 0.985621543132113, 0.9906651968361945, 1.0238292263880164, 1.0214297922674884]","[0.9925422625649309, 1.0002057549002317, 1.0073392618490933, 1.0097805596697835, 1.014792007489391, 1.0065741650736069, 0.9939096485485656, 1.014183585676998, 1.0054513404940548, 1.011419388661607, 1.013218028809087, 1.0022274607006798, 1.0165891900753383, 1.0113947288730671, 1.0038087285765303, 1.008000118731834, 0.99716725342725, 0.9982858599702116, 1.0031777253061354, 1.0017726118362291, 1.0159784139475532, 1.0178650450281128, 1.0058615998331826, 1.0287738228999628, 0.9887837572189816, 0.9961973921374913, 0.9946977052971939, 0.9999638602159922, 0.9880623946313355, 0.996708553989578]","[-0.007457737435069056, 0.00020575490023166942, 0.0073392618490932815, 0.009780559669783528, 0.014792007489391024, 0.0065741650736068635, -0.006090351451434439, 0.014183585676998067, 0.005451340494054824, 0.011419388661606966, 0.013218028809087068, 0.0022274607006798064, 0.016589190075338323, 0.01139472887306714, 0.0038087285765302514, 0.008000118731833927, -0.002832746572750011, -0.0017141400297884246, 0.0031777253061353594, 0.001772611836229121, 0.01597841394755317, 0.017865045028112814, 0.005861599833182574, 0.028773822899962775, -0.011216242781018404, -0.0038026078625087445, -0.005302294702806076, -3.613978400784923e-05, -0.011937605368664506, -0.0032914460104219723]","[0.0, 0.0, 0.0, 0.10155726969242096, 0.0, 0.0987846627831459, 0.0, 0.0, 0.0, 0.0, 0.10155726969242096, 0.0, 0.0, 0.0, 0.10155726969242096, 0.10155726969242096, 0.0, 0.10155726969242096, 0.0, 0.0, 0.0, 0.0, 0.0, 0.10155726969242096, 0.10155726969242096, 0.0, 0.08875710517168045, 0.10155726969242096, 0.0, 0.0]","[0.0, 0.1, 0.1, 0.1, 0.1, 0.1, 0.1, 0.1, 0.1, 0.0, 0.0, 0.0, 0.0, 0.0, 0.0, 0.0, 0.0, 0.0, 0.0, 0.0, 0.0, 0.0, 0.0, 0.0, 0.0, 0.0, 0.0, 0.0, 0.1, 0.1]","[0.0, 0.10173962007774116, 0.09087997358839736, 0.09309279740323607, 0.08966465983040355, 0.08134413181644257, 0.09597994779827614, 0.10105061323581416, 0.08701748422868527, 0.0, 0.0, 0.0031282398018823284, 0.009575956518354255, 0.0015170238239135612, 0.008546331234700135, 0.023027840955092842, 0.003190795767784677, 0.009200075678596188, 0.0, 0.0, 0.004855889739096539, 0.00037584233095180463, 0.0, 0.0, 0.002095871657759828, 0.002892573372699837, 0.0025273938528674995, 0.019961153221844042, 0.08713154449119855, 0.08120423957426158]","[0.0, 0.0, 0.0, 0.10155727714300156, 0.0, 0.0987846702337265, 0.0, 0.0, 0.0, 0.0, 0.10155727714300156, 0.0, 0.0, 0.0, 0.10155727714300156, 0.10155727714300156, 0.0, 0.10155727714300156, 0.0, 0.0, 0.0, 0.0, 0.0, 0.10155727714300156, 0.10155727714300156, 0.0, 0.08875711262226105, 0.10155727714300156, 0.0, 0.0]",0.0049032115746903224
97,1.0005802528123984,"[0.9925422625649309, 1.0002057549002317, 1.0073392618490933, 1.0097805596697835, 1.014792007489391, 1.0065741650736069, 0.9939096485485656, 1.014183585676998, 1.0054513404940548, 1.011419388661607, 1.013218028809087, 1.0022274607006798, 1.0165891900753383, 1.0113947288730671, 1.0038087285765303, 1.008000118731834, 0.99716725342725, 0.9982858599702116, 1.0031777253061354, 1.0017726118362291, 1.0159784139475532, 1.0178650450281128, 1.0058615998331826, 1.0287738228999628, 0.9887837572189816, 0.9961973921374913, 0.9946977052971939, 0.9999638602159922, 0.9880623946313355, 0.996708553989578]","[0.9977344868666469, 1.0218425690385573, 0.9899614214866959, 1.002177947231697, 1.012765497238633, 1.0043278598507086, 1.0023855740880954, 0.9935927812628019, 1.0105761076087822, 0.9851163300677791, 1.0030903098059496, 0.9870959519926513, 1.0281120870063754, 1.01212742070477, 0.9919159230329105, 1.0069382523640016, 0.9777357740253971, 0.9977639490194968, 1.0000347195164825, 0.9933839126131949, 1.0137869134835222, 1.0029110688632823, 0.9899354543270881, 0.9849884778864176, 0.995453777640736, 0.9742152837483844, 0.9635281845328952, 1.001981423833565, 1.021070449848861, 0.9787847220367776]","[-0.002265513133353103, 0.021842569038557302, -0.010038578513304142, 0.002177947231696953, 0.012765497238633072, 0.004327859850708604, 0.0023855740880953658, -0.006407218737198073, 0.010576107608782248, -0.0148836699322209, 0.003090309805949598, -0.012904048007348679, 0.028112087006375353, 0.012127420704769909, -0.00808407696708946, 0.006938252364001585, -0.02226422597460287, -0.002236050980503168, 3.471951648248428e-05, -0.006616087386805081, 0.013786913483522234, 0.0029110688632822956, -0.010064545672911929, -0.015011522113582365, -0.004546222359264052, -0.025784716251615603, -0.03647181546710476, 0.0019814238335649215, 0.021070449848860973, -0.021215277963222423]","[0.1552557349205017, 0.0, 0.0, 0.05014427751302719, 0.0, 0.0, 0.10050593316555023, 0.0, 0.0, 0.0, 0.0, 0.0, 0.0, 0.11461497843265533, 0.0, 0.0, 0.12746447324752808, 0.0, 0.1552557349205017, 0.0, 0.031782109290361404, 0.1552557349205017, 0.0, 0.0, 0.031528644263744354, 0.0, 0.0, 0.07819236069917679, 0.0, 0.0]","[0.0, 0.1, 0.1, 0.1, 0.1, 0.1, 0.1, 0.1, 0.1, 0.0, 0.0, 0.0, 0.0, 0.0, 0.0, 0.0, 0.0, 0.0, 0.0, 0.0, 0.0, 0.0, 0.0, 0.0, 0.0, 0.0, 0.0, 0.0, 0.1, 0.1]","[0.00803931787941763, 0.09821867629674644, 0.10693453042404381, 0.07521272650064585, 0.08270717107828517, 0.09094103271472635, 0.08301829361222934, 0.09758206821196243, 0.08382437754654609, 0.0, 0.0, 0.007115692730627229, 0.0, 0.008541368734615251, 0.0, 0.001440398845576977, 0.0024454495300359506, 0.0, 0.0024923781584096564, 0.010268573017106949, 0.018282391178406285, 0.002847361418935433, 0.0, 0.01206714667317359, 0.004726732245628165, 0.0019370330895835664, 0.004268876512933279, 0.0014387310061865007, 0.09742821595130409, 0.09822145664287373]","[0.1552557498216629, 0.0, 0.0, 0.05014428123831749, 0.0, 0.0, 0.10050594061613083, 0.0, 0.0, 0.0, 0.0, 0.0, 0.0, 0.11461498588323593, 0.0, 0.0, 0.12746448814868927, 0.0, 0.1552557498216629, 0.0, 0.0317821130156517, 0.1552557498216629, 0.0, 0.0, 0.03152864798903465, 0.0, 0.0, 0.07819236814975739, 0.0, 0.0]",-0.0009791834246890671
98,1.0070672319346696,"[0.9977344868666469, 1.0218425690385573, 0.9899614214866959, 1.002177947231697, 1.012765497238633, 1.0043278598507086, 1.0023855740880954, 0.9935927812628019, 1.0105761076087822, 0.9851163300677791, 1.0030903098059496, 0.9870959519926513, 1.0281120870063754, 1.01212742070477, 0.9919159230329105, 1.0069382523640016, 0.9777357740253971, 0.9977639490194968, 1.0000347195164825, 0.9933839126131949, 1.0137869134835222, 1.0029110688632823, 0.9899354543270881, 0.9849884778864176, 0.995453777640736, 0.9742152837483844, 0.9635281845328952, 1.001981423833565, 1.021070449848861, 0.9787847220367776]","[1.016576257655331, 1.0084056060300222, 1.0014917590470325, 0.9846618794254223, 0.9900237284445436, 0.9988787282758729, 0.9945518532704967, 0.9990702685063716, 0.9785124605563469, 0.9959034267855935, 1.0243447092218296, 1.022396990974406, 1.0111043385237009, 1.0091812974780452, 1.013635231679559, 0.9871122496230597, 0.9852951811276072, 1.011474729002859, 0.9715782763618431, 0.9924456470597058, 0.9991153666487437, 0.9988684633258503, 1.0016860873331195, 0.9858010146991523, 1.0000766135771808, 1.0049290519883984, 0.9967855122081503, 1.003633401322543, 1.0078388929248594, 1.013064411924713]","[0.016576257655330995, 0.008405606030022161, 0.0014917590470324704, -0.01533812057457773, -0.00997627155545644, -0.0011212717241271264, -0.005448146729503334, -0.0009297314936284051, -0.021487539443653114, -0.004096573214406485, 0.02434470922182963, 0.02239699097440595, 0.011104338523700852, 0.009181297478045192, 0.013635231679558935, -0.012887750376940343, -0.014704818872392833, 0.011474729002858952, -0.02842172363815687, -0.007554352940294162, -0.0008846333512563254, -0.001131536674149669, 0.0016860873331194792, -0.014198985300847733, 7.66135771808063e-05, 0.004929051988398436, -0.0032144877918497405, 0.003633401322542973, 0.007838892924859397, 0.01306441192471297]","[0.0, 0.1000107079744339, 0.0, 0.0, 0.0, 0.0, 0.1000107079744339, 0.1000107079744339, 0.0, 0.0, 0.1000107079744339, 0.0, 0.09990361332893372, 0.1000107079744339, 0.0, 0.0, 0.0, 0.1000107079744339, 0.0, 0.0, 0.0, 0.0, 0.0, 0.1000107079744339, 0.0, 0.0, 0.0, 0.0, 0.1000107079744339, 0.1000107079744339]","[0.0, 0.1, 0.1, 0.1, 0.1, 0.1, 0.1, 0.1, 0.1, 0.0, 0.0, 0.0, 0.0, 0.0, 0.0, 0.0, 0.0, 0.0, 0.0, 0.0, 0.0, 0.0, 0.0, 0.0, 0.0, 0.0, 0.0, 0.0, 0.1, 0.1]","[0.0, 0.098614948594463, 0.0976641171858869, 0.09625362302980835, 0.09397518072695524, 0.08772515224205528, 0.089889716626233, 0.08652631852420711, 0.10377358715086579, 0.004865705160141334, 0.008070937078766492, 0.026909992455900734, 0.0, 0.0, 0.0034553635904442095, 0.005521258295409514, 0.007497574781358049, 0.0, 0.0, 0.0, 0.0015149700837007057, 0.0008616409035003261, 0.000837745863120913, 0.0, 0.0, 0.0, 0.007093832440516542, 0.0, 0.0982417515686766, 0.08070658369799012]","[0.0, 0.1000107079744339, 0.0, 0.0, 0.0, 0.0, 0.1000107079744339, 0.1000107079744339, 0.0, 0.0, 0.1000107079744339, 0.0, 0.09990361332893372, 0.1000107079744339, 0.0, 0.0, 0.0, 0.1000107079744339, 0.0, 0.0, 0.0, 0.0, 0.0, 0.1000107079744339, 0.0, 0.0, 0.0, 0.0, 0.1000107079744339, 0.1000107079744339]",0.006085867551687077
99,1.00915187407303,"[1.016576257655331, 1.0084056060300222, 1.0014917590470325, 0.9846618794254223, 0.9900237284445436, 0.9988787282758729, 0.9945518532704967, 0.9990702685063716, 0.9785124605563469, 0.9959034267855935, 1.0243447092218296, 1.022396990974406, 1.0111043385237009, 1.0091812974780452, 1.013635231679559, 0.9871122496230597, 0.9852951811276072, 1.011474729002859, 0.9715782763618431, 0.9924456470597058, 0.9991153666487437, 0.9988684633258503, 1.0016860873331195, 0.9858010146991523, 1.0000766135771808, 1.0049290519883984, 0.9967855122081503, 1.003633401322543, 1.0078388929248594, 1.013064411924713]","[0.9998293949748384, 0.9923868247737225, 1.0085944455668816, 1.0000496222889292, 1.0098789384346825, 0.9997572957840456, 0.9935948766789469, 1.0146352864565626, 1.0047213386315945, 0.9951968973381929, 0.9983353149008041, 1.0030647631329217, 1.0095271816271607, 0.9883847036456193, 0.9993463329214319, 0.9884854842681623, 0.9895718980218989, 1.0021872005301626, 0.987438448854003, 1.0128011076667998, 0.9909903303491364, 0.9985404366139182, 0.9909236261509545, 0.9966951731956345, 0.9897954847855834, 1.0053893743577733, 0.9987485835571567, 0.9831992828632221, 1.0076546452948012, 1.0167177431498473]","[-0.0001706050251616409, -0.007613175226277469, 0.008594445566881603, 4.962228892924081e-05, 0.00987893843468246, -0.0002427042159544035, -0.006405123321053141, 0.014635286456562646, 0.004721338631594518, -0.004803102661807057, -0.0016646850991959283, 0.0030647631329216996, 0.009527181627160708, -0.011615296354380744, -0.0006536670785680654, -0.011514515731837704, -0.010428101978101068, 0.0021872005301626363, -0.012561551145996996, 0.01280110766679976, -0.009009669650863583, -0.0014595633860817747, -0.009076373849045472, -0.0033048268043655016, -0.010204515214416565, 0.005389374357773313, -0.0012514164428433228, -0.016800717136777887, 0.007654645294801199, 0.01671774314984731]","[0.0, 0.0, 0.10372335463762283, 0.0, 0.0, 0.0, 0.0, 0.09185943007469177, 0.10372335463762283, 0.0, 0.0, 0.0, 0.10372335463762283, 0.08739127218723297, 0.0, 0.0, 0.0, 0.0, 0.0, 0.10372335463762283, 0.0, 0.0, 0.09705737233161926, 0.0, 0.0, 0.0, 0.1013517901301384, 0.10372335463762283, 0.10372335463762283, 0.0]","[0.0, 0.1, 0.1, 0.1, 0.1, 0.1, 0.1, 0.1, 0.1, 0.0, 0.0, 0.0, 0.0, 0.0, 0.0, 0.0, 0.0, 0.0, 0.0, 0.0, 0.0, 0.0, 0.0, 0.0, 0.0, 0.0, 0.0, 0.0, 0.1, 0.1]","[0.0015956535472912699, 0.11567393433691212, 0.0914015870453166, 0.0778594964164374, 0.09832550191937568, 0.094149325375685, 0.08885537729600604, 0.09288197510640896, 0.10830883494650868, 0.0, 0.0054586885818581985, 0.0, 0.020174831511342185, 0.0, 0.0, 0.0028111007601584526, 0.0018038205628132429, 0.0030000326397472124, 0.0, 0.0, 0.0025029096943767434, 0.0, 0.005556497941372816, 0.00389366372979638, 0.007460963328190859, 0.0, 0.0, 0.004355708710215425, 0.08911040901404342, 0.08481968753614315]","[0.0, 0.0, 0.10372335463762283, 0.0, 0.0, 0.0, 0.0, 0.09185943007469177, 0.10372335463762283, 0.0, 0.0, 0.0, 0.10372335463762283, 0.08739127218723297, 0.0, 0.0, 0.0, 0.0, 0.0, 0.10372335463762283, 0.0, 0.0, 0.09705737233161926, 0.0, 0.0, 0.0, 0.1013517901301384, 0.10372335463762283, 0.10372335463762283, 0.0]",0.0017199426513187567
