step,portfolio_value,prev_prices,curr_prices,returns,action,expert_action,sub_expert_action,real_action,reward
1,1.0012237875385728,"[0.9867427993297501, 1.009668034338437, 0.9876896997382734, 1.0087304194103575, 1.0003554931435674, 1.002803901444455, 0.9987973832369487, 1.0172912745748652, 0.9865748506002706, 1.0110273224599653, 1.0003440002439257, 0.9925274184018675, 1.0096689347287757, 0.9883284280112986, 1.020075911398345, 0.9998520258931606, 1.008700572526761, 0.9912278328072656, 1.0064063783885933, 0.9823839746759464, 1.0033630261953028, 1.0164148033286384, 0.9970450813504709, 1.0099696910823863, 1.0189730330973736, 1.00148281828714, 1.0088389617943891, 1.0105677013961856, 0.9878859705997166, 1.0078512000754236]","[1.0022508882024528, 1.0100711920022263, 1.010341850245013, 1.0150752130087457, 1.0013092555711982, 1.0058939034538341, 0.9959734034538977, 0.9952310242548852, 1.0038930848354348, 0.9990655372151825, 0.9905854589998768, 1.0183049705847798, 0.9919953767502487, 1.014090459648294, 0.98209875117129, 0.9881736541405404, 1.0113196959421455, 0.9960840228609433, 1.0140887510764443, 1.0014536721883396, 1.005294369863106, 0.9848171154058578, 1.0168746531016575, 0.9834986204740603, 1.0130950613538865, 1.0047716397879298, 0.9896431631256708, 1.0180493197021072, 0.9943650310766191, 1.004356548373003]","[0.002250888202452783, 0.010071192002226281, 0.010341850245012996, 0.015075213008745703, 0.001309255571198209, 0.005893903453834115, -0.004026596546102268, -0.004768975745114812, 0.0038930848354348235, -0.000934462784817458, -0.009414541000123178, 0.018304970584779756, -0.008004623249751264, 0.01409045964829403, -0.017901248828710026, -0.01182634585945963, 0.011319695942145547, -0.00391597713905667, 0.01408875107644425, 0.0014536721883395831, 0.005294369863106052, -0.015182884594142187, 0.016874653101657477, -0.016501379525939663, 0.013095061353886495, 0.004771639787929827, -0.0103568368743292, 0.018049319702107214, -0.00563496892338089, 0.004356548373003033]","[0.0, 0.0, 0.13537020981311798, 0.07492110133171082, 0.11164796352386475, 0.0, 0.0, 0.0, 0.02710716240108013, 0.0, 0.0, 0.0, 0.15244662761688232, 0.0, 0.15244662761688232, 0.0, 0.15244662761688232, 0.0, 0.0, 0.0, 0.0638938769698143, 0.0, 0.0739615261554718, 0.05575826019048691, 0.0, 0.0, 0.0, 0.0, 0.0, 0.0]","[0.0, 0.1, 0.1, 0.1, 0.1, 0.1, 0.1, 0.1, 0.1, 0.0, 0.0, 0.0, 0.0, 0.0, 0.0, 0.0, 0.0, 0.0, 0.0, 0.0, 0.0, 0.0, 0.0, 0.0, 0.0, 0.0, 0.0, 0.0, 0.1, 0.1]","[0.0, 0.09639049032728528, 0.08847997631614013, 0.09150046917977651, 0.09272546154868136, 0.10260432087905955, 0.09524128161082102, 0.09568472396099796, 0.09134936892633763, 0.0044805049977564605, 0.0017650649192208782, 0.0, 0.0, 0.0, 0.015645074986715184, 0.0, 0.006639691835299496, 0.0, 0.0002527501431992931, 0.00969704440085277, 0.0, 0.0, 0.006458587031034212, 0.00858985180194797, 0.0, 0.0, 0.0, 0.0, 0.09981215739374087, 0.09268317974113344]","[0.0, 0.0, 0.13537020981311798, 0.07492110133171082, 0.11164796352386475, 0.0, 0.0, 0.0, 0.02710716240108013, 0.0, 0.0, 0.0, 0.15244662761688232, 0.0, 0.15244662761688232, 0.0, 0.15244662761688232, 0.0, 0.0, 0.0, 0.0638938769698143, 0.0, 0.0739615261554718, 0.05575826019048691, 0.0, 0.0, 0.0, 0.0, 0.0, 0.0]",0.0012230225776641327
2,0.9913889868053263,"[1.0022508882024528, 1.0100711920022263, 1.010341850245013, 1.0150752130087457, 1.0013092555711982, 1.0058939034538341, 0.9959734034538977, 0.9952310242548852, 1.0038930848354348, 0.9990655372151825, 0.9905854589998768, 1.0183049705847798, 0.9919953767502487, 1.014090459648294, 0.98209875117129, 0.9881736541405404, 1.0113196959421455, 0.9960840228609433, 1.0140887510764443, 1.0014536721883396, 1.005294369863106, 0.9848171154058578, 1.0168746531016575, 0.9834986204740603, 1.0130950613538865, 1.0047716397879298, 0.9896431631256708, 1.0180493197021072, 0.9943650310766191, 1.004356548373003]","[0.9824566350994323, 1.0123929888008552, 1.0080555931664716, 1.0072144110514887, 1.018749530684636, 0.9994429471873126, 1.0007400789627603, 0.9774925011935267, 1.011310870258084, 0.9982838787263938, 1.0223274556928714, 1.0038594496720272, 0.969864141178661, 0.9972581328414372, 1.0018820313158243, 0.9733078858473604, 1.0192920928280633, 1.0084233463569439, 0.9864652291416928, 0.9797839092206213, 0.9949868292983094, 0.9840444811025523, 1.016713008662464, 0.9834351146998026, 1.0068921513232119, 0.9906045066187656, 1.0160082788422524, 0.9964279599473364, 1.0066014312686904, 1.0079642884933309]","[-0.017543364900567737, 0.012392988800855154, 0.008055593166471642, 0.007214411051488678, 0.018749530684635918, -0.0005570528126873642, 0.0007400789627602933, -0.02250749880647329, 0.011310870258083972, -0.0017161212736062081, 0.022327455692871423, 0.0038594496720272264, -0.030135858821338957, -0.0027418671585628385, 0.0018820313158243174, -0.026692114152639612, 0.019292092828063323, 0.008423346356943862, -0.013534770858307232, -0.020216090779378693, -0.005013170701690606, -0.01595551889744773, 0.016713008662464057, -0.016564885300197396, 0.006892151323211859, -0.009395493381234354, 0.01600827884225242, -0.0035720400526636498, 0.006601431268690394, 0.007964288493330862]","[0.09582995623350143, 0.0, 0.0, 0.0, 0.0, 0.0, 0.08740608394145966, 0.10899040102958679, 0.0, 0.10899040102958679, 0.0, 0.0, 0.10899040102958679, 0.100074902176857, 0.10899040102958679, 0.0, 0.0, 0.0, 0.0, 0.08874265849590302, 0.0, 0.0, 0.08299439400434494, 0.10899040102958679, 0.0, 0.0, 0.0, 0.0, 0.0, 0.0]","[0.0, 0.1, 0.1, 0.1, 0.1, 0.1, 0.1, 0.1, 0.1, 0.0, 0.0, 0.0, 0.0, 0.0, 0.0, 0.0, 0.0, 0.0, 0.0, 0.0, 0.0, 0.0, 0.0, 0.0, 0.0, 0.0, 0.0, 0.0, 0.1, 0.1]","[0.013495988986024205, 0.0839787347373629, 0.0834917561283585, 0.09063553245803188, 0.08305829681381599, 0.10278744690991898, 0.0986489722726254, 0.0954711871866872, 0.10027523810012962, 0.0018758363156876488, 0.00476745279534647, 0.005578537716783242, 0.0, 0.010035266596348194, 0.0013385635393618654, 0.0, 0.0, 0.0, 0.0, 0.0, 0.0, 0.00960677244368635, 0.00378735635559929, 0.007894769603489468, 0.01083855554207353, 0.010100717152982233, 0.01925503802788319, 0.0, 0.07959697879899671, 0.08348100151880712]","[0.09582995623350143, 0.0, 0.0, 0.0, 0.0, 0.0, 0.08740608394145966, 0.10899040102958679, 0.0, 0.10899040102958679, 0.0, 0.0, 0.10899040102958679, 0.100074902176857, 0.10899040102958679, 0.0, 0.0, 0.0, 0.0, 0.08874265849590302, 0.0, 0.0, 0.08299439400434494, 0.10899040102958679, 0.0, 0.0, 0.0, 0.0, 0.0, 0.0]",-0.00987134150809584
3,0.9866087978505748,"[0.9824566350994323, 1.0123929888008552, 1.0080555931664716, 1.0072144110514887, 1.018749530684636, 0.9994429471873126, 1.0007400789627603, 0.9774925011935267, 1.011310870258084, 0.9982838787263938, 1.0223274556928714, 1.0038594496720272, 0.969864141178661, 0.9972581328414372, 1.0018820313158243, 0.9733078858473604, 1.0192920928280633, 1.0084233463569439, 0.9864652291416928, 0.9797839092206213, 0.9949868292983094, 0.9840444811025523, 1.016713008662464, 0.9834351146998026, 1.0068921513232119, 0.9906045066187656, 1.0160082788422524, 0.9964279599473364, 1.0066014312686904, 1.0079642884933309]","[0.9914646943209932, 1.0034649724035452, 1.021768895579531, 0.9700291178781713, 1.024747414871589, 0.9960504188860716, 1.0037823194239477, 1.015698078858844, 0.9886429230167953, 1.0084997195001548, 0.9924493760383198, 1.0213363822682853, 1.0039893050602742, 1.0160976197581697, 1.0029442151581025, 0.9982410840868909, 1.003761432066365, 0.9988494626988323, 0.9871683409306885, 1.02780275522124, 0.9979607497839015, 0.9929270608312185, 0.9988302434646733, 0.976350569419927, 1.0018458018341427, 0.9855031802545802, 0.9931015910512241, 1.0028056900061306, 1.009545790370337, 0.9932109840732034]","[-0.008535305679006844, 0.0034649724035451523, 0.02176889557953099, -0.029970882121828746, 0.024747414871588935, -0.003949581113928402, 0.0037823194239476887, 0.01569807885884389, -0.01135707698320465, 0.008499719500154823, -0.0075506239616801585, 0.02133638226828527, 0.003989305060274173, 0.0160976197581697, 0.0029442151581025033, -0.0017589159131090604, 0.0037614320663650336, -0.0011505373011676534, -0.012831659069311496, 0.027802755221240094, -0.0020392502160985204, -0.007072939168781489, -0.0011697565353266937, -0.02364943058007296, 0.0018458018341427351, -0.014496819745419831, -0.006898408948775914, 0.0028056900061306234, 0.009545790370337093, -0.006789015926796593]","[0.0, 0.10300125926733017, 0.0, 0.10300125926733017, 0.0, 0.0, 0.0, 0.0, 0.0, 0.0, 0.0, 0.09717327356338501, 0.0, 0.0, 0.0, 0.0, 0.0, 0.0, 0.0, 0.0, 0.10300125926733017, 0.10300125926733017, 0.0, 0.09277626127004623, 0.0, 0.10300125926733017, 0.0, 0.10300125926733017, 0.09034474194049835, 0.10169823467731476]","[0.0, 0.1, 0.1, 0.1, 0.1, 0.1, 0.1, 0.1, 0.1, 0.0, 0.0, 0.0, 0.0, 0.0, 0.0, 0.0, 0.0, 0.0, 0.0, 0.0, 0.0, 0.0, 0.0, 0.0, 0.0, 0.0, 0.0, 0.0, 0.1, 0.1]","[0.0, 0.1108771459514892, 0.09301991553948953, 0.09437867348937463, 0.08799041431635922, 0.08102434217455363, 0.0794389834027672, 0.10434603825982895, 0.08398117745378955, 0.003136154999135352, 0.0037793567768911376, 0.0, 0.0, 0.013946487556647614, 0.01047420433091876, 0.0018875751753483182, 0.0025773106489992846, 0.0, 0.0, 0.0076853317680940884, 0.011294879458556336, 0.0, 0.005068040981635808, 0.0, 0.01422050246369474, 0.0, 0.006967369862459971, 0.0, 0.08958427560962429, 0.09432181978034249]","[0.0, 0.10300125926733017, 0.0, 0.10300125926733017, 0.0, 0.0, 0.0, 0.0, 0.0, 0.0, 0.0, 0.09717327356338501, 0.0, 0.0, 0.0, 0.0, 0.0, 0.0, 0.0, 0.0, 0.10300125926733017, 0.10300125926733017, 0.0, 0.09277626127004623, 0.0, 0.10300125926733017, 0.0, 0.10300125926733017, 0.09034474194049835, 0.10169823467731476]",-0.005099684891059877
4,0.9856970681835235,"[0.9914646943209932, 1.0034649724035452, 1.021768895579531, 0.9700291178781713, 1.024747414871589, 0.9960504188860716, 1.0037823194239477, 1.015698078858844, 0.9886429230167953, 1.0084997195001548, 0.9924493760383198, 1.0213363822682853, 1.0039893050602742, 1.0160976197581697, 1.0029442151581025, 0.9982410840868909, 1.003761432066365, 0.9988494626988323, 0.9871683409306885, 1.02780275522124, 0.9979607497839015, 0.9929270608312185, 0.9988302434646733, 0.976350569419927, 1.0018458018341427, 0.9855031802545802, 0.9931015910512241, 1.0028056900061306, 1.009545790370337, 0.9932109840732034]","[1.003826291513331, 0.9973147126190715, 0.9927746875981857, 0.9912819702324258, 0.9818736149057047, 1.0194932561365728, 1.0046920795777503, 0.9955619274654806, 1.0086268546103263, 0.9939548093488462, 0.9854029661826926, 1.0116108685661092, 0.9988166366671243, 0.9839211427573397, 1.02724599984726, 1.0106998249115589, 0.9979629755599846, 0.9871461575860137, 1.0075668294078182, 1.0042340315743123, 1.0020641916976578, 1.0089450958744353, 1.0064480574959715, 0.9995284386045509, 0.9802939473730208, 0.9971148138427418, 0.9947110826070223, 0.9902970187676938, 1.0006134839166618, 0.9796085609566499]","[0.003826291513330915, -0.002685287380928547, -0.007225312401814343, -0.008718029767574187, -0.018126385094295316, 0.019493256136572823, 0.004692079577750308, -0.004438072534519444, 0.008626854610326307, -0.006045190651153831, -0.01459703381730737, 0.011610868566109156, -0.0011833633328757198, -0.016078857242660338, 0.02724599984726006, 0.010699824911558853, -0.0020370244400154114, -0.01285384241398635, 0.007566829407818165, 0.004234031574312347, 0.0020641916976578134, 0.00894509587443526, 0.006448057495971549, -0.0004715613954491271, -0.01970605262697922, -0.0028851861572581905, -0.0052889173929776545, -0.009702981232306174, 0.0006134839166618278, -0.020391439043350057]","[0.0, 0.0, 0.10130293667316437, 0.0, 0.0, 0.09558076411485672, 0.0, 0.0, 0.10130293667316437, 0.0, 0.0, 0.10130293667316437, 0.10130293667316437, 0.0, 0.0, 0.0, 0.0, 0.09399564564228058, 0.0, 0.0, 0.10130293667316437, 0.0, 0.0, 0.0, 0.0, 0.0, 0.0, 0.10130293667316437, 0.10130293667316437, 0.10130293667316437]","[0.0, 0.1, 0.1, 0.1, 0.1, 0.1, 0.1, 0.1, 0.1, 0.0, 0.0, 0.0, 0.0, 0.0, 0.0, 0.0, 0.0, 0.0, 0.0, 0.0, 0.0, 0.0, 0.0, 0.0, 0.0, 0.0, 0.0, 0.0, 0.1, 0.1]","[0.0, 0.08310502930374691, 0.09779030079441578, 0.09926741727662666, 0.10582577329603358, 0.08488286663501292, 0.09488998471447947, 0.0801627301598197, 0.09402674864515809, 0.0029622906591491712, 0.011533960002920745, 0.0, 0.005253575690162437, 0.0008049604465517015, 0.016992295055871447, 0.0, 0.0, 0.0, 0.0023525351889405292, 0.0, 0.0, 0.012337342874496159, 0.01956822524834924, 0.0, 0.0, 0.0, 0.003059578158546804, 0.0, 0.08689455558340531, 0.09828983026631329]","[0.0, 0.0, 0.10130295157432556, 0.0, 0.0, 0.09558077901601791, 0.0, 0.0, 0.10130295157432556, 0.0, 0.0, 0.10130295157432556, 0.10130295157432556, 0.0, 0.0, 0.0, 0.0, 0.09399566054344177, 0.0, 0.0, 0.10130295157432556, 0.0, 0.0, 0.0, 0.0, 0.0, 0.0, 0.10130295157432556, 0.10130295157432556, 0.10130295157432556]",-0.0011015908263255281
5,0.9873458349042848,"[1.003826291513331, 0.9973147126190715, 0.9927746875981857, 0.9912819702324258, 0.9818736149057047, 1.0194932561365728, 1.0046920795777503, 0.9955619274654806, 1.0086268546103263, 0.9939548093488462, 0.9854029661826926, 1.0116108685661092, 0.9988166366671243, 0.9839211427573397, 1.02724599984726, 1.0106998249115589, 0.9979629755599846, 0.9871461575860137, 1.0075668294078182, 1.0042340315743123, 1.0020641916976578, 1.0089450958744353, 1.0064480574959715, 0.9995284386045509, 0.9802939473730208, 0.9971148138427418, 0.9947110826070223, 0.9902970187676938, 1.0006134839166618, 0.9796085609566499]","[1.0141519793951141, 1.0040142946016002, 1.0110685471534797, 1.0042386373211896, 1.0062149560852958, 1.0101051800788718, 0.9872342253470554, 0.9874946218764463, 1.0202152766518666, 0.9933005062454136, 0.9935219536264301, 0.998709518094194, 0.9970831667797652, 0.9771073086380122, 0.9948696983930276, 0.9982156672784327, 0.9762753330809032, 0.9940107459921319, 0.9982778939326479, 0.9954989514304086, 0.9953161765679037, 0.9854517132999385, 0.9810023481068707, 1.0185125400939212, 1.008345435498443, 1.0020219453239954, 1.0167474745715916, 1.0064652286030626, 1.0058290985798581, 0.9959718542869366]","[0.014151979395114145, 0.004014294601600188, 0.011068547153479713, 0.0042386373211895645, 0.006214956085295764, 0.010105180078871845, -0.012765774652944595, -0.012505378123553679, 0.02021527665186662, -0.00669949375458645, -0.006478046373569857, -0.0012904819058060513, -0.002916833220234838, -0.022892691361987794, -0.005130301606972365, -0.0017843327215673055, -0.023724666919096804, -0.0059892540078680945, -0.001722106067352125, -0.004501048569591437, -0.004683823432096279, -0.014548286700061475, -0.018997651893129297, 0.018512540093921226, 0.00834543549844291, 0.0020219453239953555, 0.016747474571591647, 0.006465228603062645, 0.0058290985798581385, -0.004028145713063425]","[0.0, 0.11071042716503143, 0.11071042716503143, 0.11071042716503143, 0.11071042716503143, 0.0, 0.0, 0.0, 0.09060817956924438, 0.0, 0.0, 0.11071042716503143, 0.0, 0.0935702919960022, 0.07175668329000473, 0.07980227470397949, 0.0, 0.0, 0.11071042716503143, 0.0, 0.0, 0.0, 0.0, 0.0, 0.0, 0.0, 0.0, 0.0, 0.0, 0.0]","[0.0, 0.1, 0.1, 0.1, 0.1, 0.1, 0.1, 0.1, 0.1, 0.0, 0.0, 0.0, 0.0, 0.0, 0.0, 0.0, 0.0, 0.0, 0.0, 0.0, 0.0, 0.0, 0.0, 0.0, 0.0, 0.0, 0.0, 0.0, 0.1, 0.1]","[0.0, 0.09407054334142712, 0.09307637790384009, 0.09226594746620059, 0.08766599951638959, 0.10374617702237753, 0.09657040079778181, 0.09687410336067628, 0.10464447210381887, 0.0, 0.003670620908746638, 0.0005040092249655524, 0.0, 0.005560837236995073, 0.0, 0.00431213836327833, 0.004706659383198989, 0.0, 0.0, 0.00401295529093599, 0.0, 0.0, 0.003400597485206446, 0.0, 0.0034728755005340533, 0.0, 0.0, 0.0, 0.10090422606952643, 0.10054105902410065]","[0.0, 0.11071042716503143, 0.11071042716503143, 0.11071042716503143, 0.11071042716503143, 0.0, 0.0, 0.0, 0.09060817956924438, 0.0, 0.0, 0.11071042716503143, 0.0, 0.0935702919960022, 0.07175668329000473, 0.07980227470397949, 0.0, 0.0, 0.11071042716503143, 0.0, 0.0, 0.0, 0.0, 0.0, 0.0, 0.0, 0.0, 0.0, 0.0, 0.0]",0.0014235209121967766
6,0.985805413973958,"[1.0141519793951141, 1.0040142946016002, 1.0110685471534797, 1.0042386373211896, 1.0062149560852958, 1.0101051800788718, 0.9872342253470554, 0.9874946218764463, 1.0202152766518666, 0.9933005062454136, 0.9935219536264301, 0.998709518094194, 0.9970831667797652, 0.9771073086380122, 0.9948696983930276, 0.9982156672784327, 0.9762753330809032, 0.9940107459921319, 0.9982778939326479, 0.9954989514304086, 0.9953161765679037, 0.9854517132999385, 0.9810023481068707, 1.0185125400939212, 1.008345435498443, 1.0020219453239954, 1.0167474745715916, 1.0064652286030626, 1.0058290985798581, 0.9959718542869366]","[1.0178187702062167, 0.9985208102798371, 1.0184551749551836, 1.008038805651289, 0.9940609932757987, 0.9990607563720846, 1.0006436285667093, 0.9922019743425563, 0.9748709852861328, 0.9920895098093647, 0.9762285217327668, 1.026708770533605, 1.0171655106863957, 0.9954796423789539, 0.9984599076242252, 0.9924358547766219, 0.9868100178270524, 1.0025617630403467, 1.0073952653373681, 0.9967475281782445, 0.99556821850708, 0.9844155697260442, 0.9963171850938449, 0.9898732477633633, 0.9992811035511742, 1.0114635314026288, 0.9846872962185882, 1.0063622470005507, 0.9788090216352526, 1.020612617057468]","[0.017818770206216694, -0.0014791897201629212, 0.018455174955183562, 0.008038805651289005, -0.0059390067242013345, -0.0009392436279154204, 0.0006436285667092978, -0.007798025657443697, -0.025129014713867193, -0.007910490190635278, -0.023771478267233248, 0.026708770533605097, 0.017165510686395713, -0.004520357621046078, -0.001540092375774793, -0.007564145223378116, -0.013189982172947645, 0.0025617630403467206, 0.007395265337368118, -0.003252471821755476, -0.004431781492920006, -0.01558443027395584, -0.003682814906155074, -0.010126752236636727, -0.0007188964488258343, 0.01146353140262879, -0.015312703781411807, 0.006362247000550658, -0.02119097836474737, 0.020612617057468086]","[0.09723398834466934, 0.0, 0.0, 0.0, 0.10397977381944656, 0.0, 0.0, 0.09928417950868607, 0.0, 0.0, 0.0, 0.10397977381944656, 0.0, 0.10397977381944656, 0.0, 0.10397977381944656, 0.0, 0.0, 0.0, 0.0, 0.0, 0.09537351876497269, 0.10397977381944656, 0.0, 0.0911106988787651, 0.0, 0.09709881246089935, 0.0, 0.0, 0.0]","[0.0, 0.1, 0.1, 0.1, 0.1, 0.1, 0.1, 0.1, 0.1, 0.0, 0.0, 0.0, 0.0, 0.0, 0.0, 0.0, 0.0, 0.0, 0.0, 0.0, 0.0, 0.0, 0.0, 0.0, 0.0, 0.0, 0.0, 0.0, 0.1, 0.1]","[0.005515571189062515, 0.09952024405119259, 0.09071664290121988, 0.10706112893347665, 0.08594043236609224, 0.07779972039095355, 0.08872855173925796, 0.08864457238641356, 0.10983541682073132, 0.0, 0.014780193465237906, 0.0, 0.005429028324568843, 0.0, 0.0, 0.01192013700357479, 0.0, 0.013366781433000602, 0.0, 0.0, 0.0, 0.0, 0.008984736801810897, 0.0, 0.0024440527526954367, 0.009791440050703102, 0.0, 0.0, 0.0912285581586029, 0.08829279123140525]","[0.09723397344350815, 0.0, 0.0, 0.0, 0.10397975891828537, 0.0, 0.0, 0.09928416460752487, 0.0, 0.0, 0.0, 0.10397975891828537, 0.0, 0.10397975891828537, 0.0, 0.10397975891828537, 0.0, 0.0, 0.0, 0.0, 0.0, 0.09537350386381149, 0.10397975891828537, 0.0, 0.09111069142818451, 0.0, 0.09709879755973816, 0.0, 0.0, 0.0]",-0.0018974674475363152
7,0.9895228503419606,"[1.0178187702062167, 0.9985208102798371, 1.0184551749551836, 1.008038805651289, 0.9940609932757987, 0.9990607563720846, 1.0006436285667093, 0.9922019743425563, 0.9748709852861328, 0.9920895098093647, 0.9762285217327668, 1.026708770533605, 1.0171655106863957, 0.9954796423789539, 0.9984599076242252, 0.9924358547766219, 0.9868100178270524, 1.0025617630403467, 1.0073952653373681, 0.9967475281782445, 0.99556821850708, 0.9844155697260442, 0.9963171850938449, 0.9898732477633633, 0.9992811035511742, 1.0114635314026288, 0.9846872962185882, 1.0063622470005507, 0.9788090216352526, 1.020612617057468]","[0.9991422369994363, 0.9863144266834925, 0.999309354438205, 1.0073772118373736, 1.00166022604452, 0.9838288704406806, 1.0093612114179458, 1.0235238448676067, 0.9923330872992605, 1.0134306547593313, 1.0014593778390632, 0.9945820497527329, 0.9906573620680076, 0.9925691996243912, 0.9801512968935266, 1.000443528552406, 0.9949641781870494, 0.9963444702052564, 1.0057411849024793, 1.0141181041604297, 1.006662993772887, 0.9943125770689876, 0.9712631303982058, 0.9919884432465599, 1.0070947687051222, 1.006125105199034, 1.0231676671028562, 1.0020380501504602, 0.972654628691952, 0.9948188206315464]","[-0.0008577630005637271, -0.013685573316507549, -0.0006906455617949891, 0.0073772118373736095, 0.0016602260445199857, -0.01617112955931943, 0.00936121141794577, 0.023523844867606725, -0.007666912700739492, 0.01343065475933125, 0.0014593778390632473, -0.0054179502472671, -0.009342637931992415, -0.007430800375608837, -0.019848703106473353, 0.00044352855240603617, -0.005035821812950592, -0.003655529794743595, 0.005741184902479324, 0.01411810416042969, 0.006662993772887038, -0.005687422931012431, -0.028736869601794224, -0.008011556753440119, 0.007094768705122156, 0.006125105199034087, 0.023167667102856226, 0.0020380501504602133, -0.02734537130804804, -0.005181179368453637]","[0.04441111162304878, 0.0, 0.0585133358836174, 0.0, 0.0, 0.0, 0.0, 0.06401064246892929, 0.0, 0.0, 0.14224570989608765, 0.0, 0.0, 0.14224570989608765, 0.0, 0.0, 0.09002885967493057, 0.037162892520427704, 0.139400914311409, 0.1397351324558258, 0.0, 0.0, 0.0, 0.0, 0.14224570989608765, 0.0, 0.0, 0.0, 0.0, 0.0]","[0.0, 0.1, 0.1, 0.1, 0.1, 0.1, 0.1, 0.1, 0.1, 0.0, 0.0, 0.0, 0.0, 0.0, 0.0, 0.0, 0.0, 0.0, 0.0, 0.0, 0.0, 0.0, 0.0, 0.0, 0.0, 0.0, 0.0, 0.0, 0.1, 0.1]","[0.0, 0.08930803890920316, 0.09685559506538621, 0.08822277449300085, 0.10996100373491531, 0.10297312326781398, 0.10508745987163963, 0.10993843857504611, 0.09144260135836658, 0.00463761212319003, 0.0029052857221836042, 0.0, 0.0, 0.006523242722340281, 0.0, 0.0, 0.0, 0.001543812518242032, 0.0, 0.00042004690890204806, 0.0, 0.0, 0.0, 0.0, 0.0, 0.0, 0.005561907706975467, 0.007095144017897421, 0.07494543339573065, 0.10257847960916673]","[0.04441111162304878, 0.0, 0.0585133358836174, 0.0, 0.0, 0.0, 0.0, 0.06401064246892929, 0.0, 0.0, 0.14224570989608765, 0.0, 0.0, 0.14224570989608765, 0.0, 0.0, 0.09002885967493057, 0.037162892520427704, 0.139400914311409, 0.1397351324558258, 0.0, 0.0, 0.0, 0.0, 0.14224570989608765, 0.0, 0.0, 0.0, 0.0, 0.0]",0.00325635049562471
8,0.9930919845501468,"[0.9991422369994363, 0.9863144266834925, 0.999309354438205, 1.0073772118373736, 1.00166022604452, 0.9838288704406806, 1.0093612114179458, 1.0235238448676067, 0.9923330872992605, 1.0134306547593313, 1.0014593778390632, 0.9945820497527329, 0.9906573620680076, 0.9925691996243912, 0.9801512968935266, 1.000443528552406, 0.9949641781870494, 0.9963444702052564, 1.0057411849024793, 1.0141181041604297, 1.006662993772887, 0.9943125770689876, 0.9712631303982058, 0.9919884432465599, 1.0070947687051222, 1.006125105199034, 1.0231676671028562, 1.0020380501504602, 0.972654628691952, 0.9948188206315464]","[1.022826808591744, 0.9890804914493554, 0.9935324390153861, 1.0105061593654354, 0.9939184381452583, 1.0099064251285435, 1.0205585833104567, 1.007799854127396, 1.0082381484261114, 0.9938919698657487, 0.9933431467196089, 1.001928685540538, 0.9776526096033421, 0.9956061679545298, 1.0139989481406366, 1.010103118706373, 0.9875483613184264, 1.0096415166648653, 1.0024171427641246, 0.9880539572998919, 0.9876957040366452, 0.9904700596147336, 1.0078590137817898, 0.9986330046181623, 1.0017946170330188, 0.9841984131614498, 1.0053970283547273, 1.0003108566373324, 0.9944944824376611, 1.0020300219946598]","[0.02282680859174402, -0.010919508550644608, -0.006467560984613874, 0.010506159365435419, -0.006081561854741735, 0.00990642512854345, 0.02055858331045668, 0.007799854127396033, 0.008238148426111369, -0.006108030134251319, -0.006656853280391117, 0.0019286855405380443, -0.022347390396657896, -0.00439383204547017, 0.013998948140636625, 0.010103118706372927, -0.012451638681573618, 0.009641516664865346, 0.0024171427641246357, -0.011946042700108128, -0.012304295963354805, -0.009529940385266444, 0.00785901378178977, -0.00136699538183771, 0.0017946170330187527, -0.015801586838550152, 0.005397028354727329, 0.00031085663733243507, -0.0055055175623388575, 0.0020300219946598475]","[0.09549622982740402, 0.0, 0.0, 0.0, 0.10487650334835052, 0.0, 0.10487650334835052, 0.0, 0.0, 0.10278219729661942, 0.0, 0.09875592589378357, 0.0, 0.0, 0.0, 0.10487650334835052, 0.0, 0.0, 0.0, 0.0, 0.0, 0.0, 0.10487650334835052, 0.0, 0.0, 0.0745367780327797, 0.0, 0.0, 0.10404640436172485, 0.10487650334835052]","[0.0, 0.1, 0.1, 0.1, 0.1, 0.1, 0.1, 0.1, 0.1, 0.0, 0.0, 0.0, 0.0, 0.0, 0.0, 0.0, 0.0, 0.0, 0.0, 0.0, 0.0, 0.0, 0.0, 0.0, 0.0, 0.0, 0.0, 0.0, 0.1, 0.1]","[0.006742637565665559, 0.09750512099220479, 0.09579530179694787, 0.08970470013821334, 0.07718644928534385, 0.10832583145517295, 0.09009426301128082, 0.09569948684757595, 0.08313116013788775, 0.0, 0.006304439926038411, 0.0, 0.0069656840957077705, 0.0, 0.0, 0.0, 0.008307748429521148, 0.003929802691421914, 0.0, 0.0, 0.0, 0.023869822708005802, 0.0, 0.0, 0.0, 0.008411900171892115, 0.0, 0.002628301861122806, 0.1034236345037488, 0.09197371438224826]","[0.09549622982740402, 0.0, 0.0, 0.0, 0.10487650334835052, 0.0, 0.10487650334835052, 0.0, 0.0, 0.10278219729661942, 0.0, 0.09875592589378357, 0.0, 0.0, 0.0, 0.10487650334835052, 0.0, 0.0, 0.0, 0.0, 0.0, 0.0, 0.10487650334835052, 0.0, 0.0, 0.0745367780327797, 0.0, 0.0, 0.10404640436172485, 0.10487650334835052]",0.0033357504071412957
9,0.9921902701392474,"[1.022826808591744, 0.9890804914493554, 0.9935324390153861, 1.0105061593654354, 0.9939184381452583, 1.0099064251285435, 1.0205585833104567, 1.007799854127396, 1.0082381484261114, 0.9938919698657487, 0.9933431467196089, 1.001928685540538, 0.9776526096033421, 0.9956061679545298, 1.0139989481406366, 1.010103118706373, 0.9875483613184264, 1.0096415166648653, 1.0024171427641246, 0.9880539572998919, 0.9876957040366452, 0.9904700596147336, 1.0078590137817898, 0.9986330046181623, 1.0017946170330188, 0.9841984131614498, 1.0053970283547273, 1.0003108566373324, 0.9944944824376611, 1.0020300219946598]","[0.9985499899932321, 0.9834243003777062, 0.9842423355679253, 1.0091882010983604, 0.9997107675344143, 1.004571475923773, 1.0058767582319212, 1.0003236638306652, 0.9856122296742187, 0.9967805741550769, 1.00573039938414, 0.9984130587477282, 1.0267993576310117, 0.9853884287633479, 0.9973204732730921, 0.9998086216520305, 0.9960815204197143, 1.0295652533235646, 0.9928954413618019, 0.9939109349119599, 1.00852662567624, 0.9999559188758587, 1.0015500606118573, 0.9791980877586597, 0.9979238821509218, 1.0003087045180885, 1.0008927909273526, 1.0015550739051093, 0.9998835693844442, 0.9763703703257935]","[-0.0014500100067679211, -0.01657569962229377, -0.015757664432074714, 0.009188201098360382, -0.00028923246558565374, 0.0045714759237729385, 0.005876758231921242, 0.00032366383066517734, -0.014387770325781313, -0.003219425844923074, 0.005730399384139995, -0.0015869412522717674, 0.02679935763101171, -0.014611571236652132, -0.002679526726907855, -0.00019137834796945086, -0.003918479580285683, 0.029565253323564633, -0.007104558638198144, -0.00608906508804008, 0.008526625676239963, -4.408112414133747e-05, 0.0015500606118572513, -0.020801912241340315, -0.0020761178490782406, 0.0003087045180885095, 0.0008927909273526158, 0.0015550739051093387, -0.00011643061555577372, -0.023629629674206454]","[0.0, 0.0, 0.0, 0.0, 0.10000000894069672, 0.10000000894069672, 0.10000000894069672, 0.10000000894069672, 0.0, 0.0, 0.10000000894069672, 0.0, 0.0, 0.0, 0.10000000894069672, 0.0, 0.0, 0.0, 0.0, 0.0, 0.0, 0.10000000894069672, 0.0, 0.10000000894069672, 0.10000000894069672, 0.10000000894069672, 0.0, 0.0, 0.0, 0.0]","[0.0, 0.1, 0.1, 0.1, 0.1, 0.1, 0.1, 0.1, 0.1, 0.0, 0.0, 0.0, 0.0, 0.0, 0.0, 0.0, 0.0, 0.0, 0.0, 0.0, 0.0, 0.0, 0.0, 0.0, 0.0, 0.0, 0.0, 0.0, 0.1, 0.1]","[0.022041194665702972, 0.08309278924372253, 0.0891501716812808, 0.09699553060614657, 0.08552136115250471, 0.09342013289434391, 0.08572701444350771, 0.0937667962411167, 0.09306471968586456, 0.01172956264378248, 0.0, 0.0, 0.007471088970104603, 0.01142809539209182, 0.009066752332254468, 0.0, 0.0, 0.0024661517752968317, 0.0, 0.0, 0.0, 0.007195252013626232, 0.0, 0.004598743395777238, 0.016257871596162276, 0.009690188198333708, 0.012073861275668158, 0.0041944414439952366, 0.07252186451804037, 0.08852641583067616]","[0.0, 0.0, 0.0, 0.0, 0.09999999403953552, 0.09999999403953552, 0.09999999403953552, 0.09999999403953552, 0.0, 0.0, 0.09999999403953552, 0.0, 0.0, 0.0, 0.09999999403953552, 0.0, 0.0, 0.0, 0.0, 0.0, 0.0, 0.09999999403953552, 0.0, 0.09999999403953552, 0.09999999403953552, 0.09999999403953552, 0.0, 0.0, 0.0, 0.0]",-0.0011255053554634943
10,0.9868837991707623,"[0.9985499899932321, 0.9834243003777062, 0.9842423355679253, 1.0091882010983604, 0.9997107675344143, 1.004571475923773, 1.0058767582319212, 1.0003236638306652, 0.9856122296742187, 0.9967805741550769, 1.00573039938414, 0.9984130587477282, 1.0267993576310117, 0.9853884287633479, 0.9973204732730921, 0.9998086216520305, 0.9960815204197143, 1.0295652533235646, 0.9928954413618019, 0.9939109349119599, 1.00852662567624, 0.9999559188758587, 1.0015500606118573, 0.9791980877586597, 0.9979238821509218, 1.0003087045180885, 1.0008927909273526, 1.0015550739051093, 0.9998835693844442, 0.9763703703257935]","[0.9786805275736844, 0.9940241084748156, 0.9918304691465707, 1.0164018746553356, 0.9879448124107383, 1.0141793109979478, 1.0190522009235472, 0.9948024199411731, 0.9922606035821472, 0.9941643794402576, 1.0037284884348812, 0.9881541283465204, 0.9965032381947616, 1.009497388481015, 1.0056773575149645, 1.0011774748829614, 0.9800763222747282, 0.9942948210812119, 1.0117156961262395, 0.9794189029751503, 0.9928466362287527, 1.0159438441714712, 0.9921828928030265, 0.9945113746001022, 0.9881279037527256, 0.9943074237154516, 0.9828002115695242, 1.0081259839085364, 1.0329518145887815, 1.0081899782899872]","[-0.0213194724263156, -0.005975891525184407, -0.008169530853429308, 0.016401874655335602, -0.012055187589261718, 0.01417931099794778, 0.019052200923547202, -0.005197580058826867, -0.007739396417852817, -0.005835620559742405, 0.003728488434881161, -0.011845871653479612, -0.003496761805238391, 0.009497388481015001, 0.005677357514964454, 0.0011774748829613824, -0.019923677725271816, -0.005705178918788079, 0.011715696126239461, -0.02058109702484967, -0.007153363771247312, 0.01594384417147121, -0.007817107196973483, -0.005488625399897806, -0.011872096247274366, -0.005692576284548445, -0.01719978843047576, 0.00812598390853636, 0.03295181458878149, 0.008189978289987243]","[0.08987787365913391, 0.11240092664957047, 0.0, 0.0, 0.0, 0.11240092664957047, 0.0, 0.0, 0.0, 0.11240092664957047, 0.10443408042192459, 0.0, 0.0, 0.0, 0.0, 0.0, 0.0988498330116272, 0.0855516642332077, 0.0, 0.0, 0.10094760358333588, 0.0, 0.0, 0.0, 0.0, 0.0, 0.09483513236045837, 0.0, 0.0, 0.08830105513334274]","[0.0, 0.1, 0.1, 0.1, 0.1, 0.1, 0.1, 0.1, 0.1, 0.0, 0.0, 0.0, 0.0, 0.0, 0.0, 0.0, 0.0, 0.0, 0.0, 0.0, 0.0, 0.0, 0.0, 0.0, 0.0, 0.0, 0.0, 0.0, 0.1, 0.1]","[0.0, 0.09166777713563021, 0.10060848836853954, 0.0824636561785539, 0.1052949789576261, 0.08490260447919061, 0.10164361128611513, 0.08858970482860218, 0.09957409936856544, 0.0, 0.015222373043863827, 0.008653267639077786, 0.01648719934410601, 0.0015420895938172946, 0.0, 0.010093337546196214, 0.0, 0.0025072852588135922, 0.0, 0.003674339071277135, 0.00027059946283881345, 0.0019522270337366514, 0.0, 0.0, 0.0, 0.0, 0.0, 0.0, 0.09244835973732475, 0.09240400166612474]","[0.08987786620855331, 0.11240091174840927, 0.0, 0.0, 0.0, 0.11240091174840927, 0.0, 0.0, 0.0, 0.11240091174840927, 0.1044340655207634, 0.0, 0.0, 0.0, 0.0, 0.0, 0.098849818110466, 0.0855516567826271, 0.0, 0.0, 0.10094758868217468, 0.0, 0.0, 0.0, 0.0, 0.0, 0.09483511745929718, 0.0, 0.0, 0.08830104768276215]",-0.005634698671571351
11,0.9915440804332615,"[0.9786805275736844, 0.9940241084748156, 0.9918304691465707, 1.0164018746553356, 0.9879448124107383, 1.0141793109979478, 1.0190522009235472, 0.9948024199411731, 0.9922606035821472, 0.9941643794402576, 1.0037284884348812, 0.9881541283465204, 0.9965032381947616, 1.009497388481015, 1.0056773575149645, 1.0011774748829614, 0.9800763222747282, 0.9942948210812119, 1.0117156961262395, 0.9794189029751503, 0.9928466362287527, 1.0159438441714712, 0.9921828928030265, 0.9945113746001022, 0.9881279037527256, 0.9943074237154516, 0.9828002115695242, 1.0081259839085364, 1.0329518145887815, 1.0081899782899872]","[1.0006558809197021, 1.0115999589807938, 0.9815678569940427, 1.0001849205461075, 1.0127128684203512, 1.006476887647614, 1.0142518585505418, 0.9705505010308599, 1.0054199907140853, 0.9876191192845135, 1.0080283465797757, 1.0005692229358643, 0.9953538361196999, 1.0067821842164744, 1.0206765436375718, 0.9965293511249896, 1.0119522922149937, 0.9942897541140573, 1.0016189593601386, 0.9990784790029552, 0.9987137836445981, 1.0057172790741111, 1.008110295633368, 0.9919934080615761, 0.9804444305354177, 0.984189507721005, 0.9935588165908297, 1.0109628618361137, 0.9984018893068205, 1.0042211141147994]","[0.0006558809197021453, 0.0115999589807938, -0.018432143005957302, 0.0001849205461075254, 0.012712868420351242, 0.006476887647614005, 0.014251858550541785, -0.029449498969140064, 0.0054199907140852766, -0.012380880715486486, 0.008028346579775691, 0.0005692229358642553, -0.004646163880300147, 0.006782184216474363, 0.020676543637571765, -0.0034706488750103626, 0.01195229221499372, -0.005710245885942711, 0.001618959360138561, -0.0009215209970447891, -0.0012862163554019368, 0.005717279074111126, 0.00811029563336807, -0.008006591938423901, -0.019555569464582256, -0.015810492278995003, -0.006441183409170326, 0.010962861836113724, -0.0015981106931794997, 0.004221114114799418]","[0.0, 0.0, 0.0, 0.0, 0.11096581071615219, 0.09743937849998474, 0.11096581071615219, 0.0, 0.11096581071615219, 0.0, 0.11096581071615219, 0.0, 0.08163529634475708, 0.0, 0.0, 0.0, 0.07012730836868286, 0.0, 0.0, 0.0, 0.11096581071615219, 0.11096581071615219, 0.0, 0.0, 0.0, 0.08500311523675919, 0.0, 0.0, 0.0, 0.0]","[0.0, 0.1, 0.1, 0.1, 0.1, 0.1, 0.1, 0.1, 0.1, 0.0, 0.0, 0.0, 0.0, 0.0, 0.0, 0.0, 0.0, 0.0, 0.0, 0.0, 0.0, 0.0, 0.0, 0.0, 0.0, 0.0, 0.0, 0.0, 0.1, 0.1]","[0.0, 0.08894909900368107, 0.09418133571781945, 0.09436036490011267, 0.08677391443019535, 0.09176782960939711, 0.09017409880004397, 0.07565122986643702, 0.08540923841872844, 0.008877272796102346, 0.009231686421368757, 0.0, 0.0, 0.0, 0.014964994826999775, 0.0048587979718695004, 0.0, 0.0009161250864688149, 0.0, 0.0, 0.007848922910503387, 0.016566150054426628, 0.013317102999865686, 0.0016280364080739687, 0.001005516910484585, 0.0022037194244854093, 0.016405338259863064, 0.012235607448024089, 0.09293578584417585, 0.08973783189087314]","[0.0, 0.0, 0.0, 0.0, 0.11096581071615219, 0.09743937849998474, 0.11096581071615219, 0.0, 0.11096581071615219, 0.0, 0.11096581071615219, 0.0, 0.08163529634475708, 0.0, 0.0, 0.0, 0.07012730836868286, 0.0, 0.0, 0.0, 0.11096581071615219, 0.11096581071615219, 0.0, 0.0, 0.0, 0.08500311523675919, 0.0, 0.0, 0.0, 0.0]",0.004444942278884173
12,0.9915293960658983,"[1.0006558809197021, 1.0115999589807938, 0.9815678569940427, 1.0001849205461075, 1.0127128684203512, 1.006476887647614, 1.0142518585505418, 0.9705505010308599, 1.0054199907140853, 0.9876191192845135, 1.0080283465797757, 1.0005692229358643, 0.9953538361196999, 1.0067821842164744, 1.0206765436375718, 0.9965293511249896, 1.0119522922149937, 0.9942897541140573, 1.0016189593601386, 0.9990784790029552, 0.9987137836445981, 1.0057172790741111, 1.008110295633368, 0.9919934080615761, 0.9804444305354177, 0.984189507721005, 0.9935588165908297, 1.0109628618361137, 0.9984018893068205, 1.0042211141147994]","[0.9956212856914353, 0.9933105451145303, 1.0099011494968153, 1.0100618529420913, 1.0207089915557568, 1.0112266440459843, 0.9883347577675479, 1.023802249619037, 0.9972119615851212, 0.9768746485797329, 0.9857456286608256, 0.9871095706850544, 0.9938960581501396, 0.995924008662106, 1.031058640627285, 0.9918941190530913, 1.0009823109522924, 0.9747433576966715, 0.9855006191304971, 0.9775547607272659, 1.0214782930382507, 0.9806323335084, 0.9975612381457326, 1.0143524203362617, 0.9967067497290377, 1.0205005705199135, 1.0071238852112407, 1.0052818031541302, 1.0100230866491962, 0.9919440424461764]","[-0.004378714308564735, -0.006689454885469681, 0.009901149496815309, 0.010061852942091276, 0.020708991555756784, 0.01122664404598428, -0.011665242232452133, 0.023802249619037097, -0.002788038414878846, -0.02312535142026706, -0.014254371339174399, -0.01289042931494555, -0.006103941849860406, -0.004075991337894047, 0.031058640627285028, -0.008105880946908672, 0.0009823109522923978, -0.02525664230332847, -0.014499380869502865, -0.02244523927273412, 0.021478293038250662, -0.019367666491600044, -0.0024387618542673906, 0.014352420336261718, -0.003293250270962278, 0.020500570519913497, 0.007123885211240744, 0.005281803154130182, 0.010023086649196156, -0.0080559575538236]","[0.0, 0.1067306399345398, 0.1067306399345398, 0.0, 0.0, 0.0, 0.09084341675043106, 0.1067306399345398, 0.0, 0.0, 0.0, 0.0, 0.0, 0.0, 0.0, 0.0, 0.10304686427116394, 0.0, 0.0847775936126709, 0.1067306399345398, 0.0, 0.0, 0.0, 0.09493957459926605, 0.0, 0.0, 0.0, 0.0, 0.1067306399345398, 0.09273938089609146]","[0.0, 0.1, 0.1, 0.1, 0.1, 0.1, 0.1, 0.1, 0.1, 0.0, 0.0, 0.0, 0.0, 0.0, 0.0, 0.0, 0.0, 0.0, 0.0, 0.0, 0.0, 0.0, 0.0, 0.0, 0.0, 0.0, 0.0, 0.0, 0.1, 0.1]","[0.0013470830182328334, 0.09491474174645033, 0.09108247591553945, 0.10297330959054443, 0.09710718831151847, 0.09350347747527109, 0.08447642816647714, 0.08504564211469472, 0.10774773131975222, 0.0030025699419614937, 0.0, 0.00499301596212508, 0.009876829454546807, 0.01228196105349252, 0.0, 0.0, 0.0, 0.0, 0.0010860593867828548, 0.0, 0.0, 0.0, 0.0, 0.0016356074159656767, 0.01636156093450492, 0.0, 0.0, 0.0, 0.0999112057910901, 0.09265311240104969]","[0.0, 0.1067306399345398, 0.1067306399345398, 0.0, 0.0, 0.0, 0.09084341675043106, 0.1067306399345398, 0.0, 0.0, 0.0, 0.0, 0.0, 0.0, 0.0, 0.0, 0.10304686427116394, 0.0, 0.0847775936126709, 0.1067306399345398, 0.0, 0.0, 0.0, 0.09493957459926605, 0.0, 0.0, 0.0, 0.0, 0.1067306399345398, 0.09273938089609146]",-0.0003340794444305896
13,0.9937587171265823,"[0.9956212856914353, 0.9933105451145303, 1.0099011494968153, 1.0100618529420913, 1.0207089915557568, 1.0112266440459843, 0.9883347577675479, 1.023802249619037, 0.9972119615851212, 0.9768746485797329, 0.9857456286608256, 0.9871095706850544, 0.9938960581501396, 0.995924008662106, 1.031058640627285, 0.9918941190530913, 1.0009823109522924, 0.9747433576966715, 0.9855006191304971, 0.9775547607272659, 1.0214782930382507, 0.9806323335084, 0.9975612381457326, 1.0143524203362617, 0.9967067497290377, 1.0205005705199135, 1.0071238852112407, 1.0052818031541302, 1.0100230866491962, 0.9919440424461764]","[1.004026524077703, 0.9895474576206059, 1.018788829795117, 0.998689864389821, 0.9988420483705097, 0.9994751853361997, 1.0009948392778971, 1.0132717706300964, 0.9864086582618657, 0.9879756901963969, 1.0001559078966353, 0.9932732108387256, 1.0088921910883784, 1.0104265819557756, 1.0071704074318477, 0.9927478823968139, 1.026515686398266, 1.0099630349212387, 0.9862102799711935, 1.0095592967784262, 1.002180282250756, 1.0146121473304122, 0.9978503761340966, 0.9887293848415387, 1.0154679916827722, 1.0072062742698429, 1.0106735278507972, 0.9908527772045754, 1.0156997335719737, 1.0020676420900005]","[0.0040265240777030975, -0.01045254237939408, 0.01878882979511709, -0.0013101356101790085, -0.0011579516294902836, -0.0005248146638002771, 0.0009948392778971193, 0.013271770630096436, -0.013591341738134255, -0.01202430980360314, 0.00015590789663533222, -0.006726789161274449, 0.008892191088378354, 0.010426581955775616, 0.007170407431847714, -0.0072521176031861145, 0.02651568639826607, 0.009963034921238734, -0.013789720028806518, 0.009559296778426152, 0.0021802822507559494, 0.014612147330412162, -0.0021496238659034494, -0.011270615158461283, 0.015467991682772242, 0.007206274269842883, 0.010673527850797226, -0.00914722279542457, 0.01569973357197374, 0.0020676420900005432]","[0.1224447712302208, 0.0, 0.0, 0.0, 0.0, 0.0, 0.0, 0.0, 0.032739173620939255, 0.11543905735015869, 0.0, 0.0, 0.0, 0.0, 0.1224447712302208, 0.0, 0.0, 0.0, 0.0, 0.0, 0.09871961176395416, 0.0, 0.1224447712302208, 0.0, 0.1224447712302208, 0.03455215319991112, 0.0, 0.11978253722190857, 0.10898839682340622, 0.0]","[0.0, 0.1, 0.1, 0.1, 0.1, 0.1, 0.1, 0.1, 0.1, 0.0, 0.0, 0.0, 0.0, 0.0, 0.0, 0.0, 0.0, 0.0, 0.0, 0.0, 0.0, 0.0, 0.0, 0.0, 0.0, 0.0, 0.0, 0.0, 0.1, 0.1]","[0.012855593892576168, 0.09222156559807773, 0.09583735552738173, 0.10149826931999821, 0.09414517065523911, 0.09767350195400074, 0.10529565370759947, 0.09285963184526912, 0.08753953251952229, 0.005293977744445564, 0.0, 0.0, 0.0, 0.003317290964602984, 0.01011424602521138, 0.0012215164092072074, 0.0, 0.0036063746697479675, 0.0, 0.0, 0.006586293586116991, 0.003556258671219468, 0.0, 0.0, 0.0013035752126424039, 0.0, 0.006414056933347597, 0.008493858404159317, 0.0846657643919807, 0.08550051196765374]","[0.1224447712302208, 0.0, 0.0, 0.0, 0.0, 0.0, 0.0, 0.0, 0.032739173620939255, 0.11543905735015869, 0.0, 0.0, 0.0, 0.0, 0.1224447712302208, 0.0, 0.0, 0.0, 0.0, 0.0, 0.09871961176395416, 0.0, 0.1224447712302208, 0.0, 0.1224447712302208, 0.03455215319991112, 0.0, 0.11978253722190857, 0.10898839682340622, 0.0]",0.001982677229986838
14,1.006833304517656,"[1.004026524077703, 0.9895474576206059, 1.018788829795117, 0.998689864389821, 0.9988420483705097, 0.9994751853361997, 1.0009948392778971, 1.0132717706300964, 0.9864086582618657, 0.9879756901963969, 1.0001559078966353, 0.9932732108387256, 1.0088921910883784, 1.0104265819557756, 1.0071704074318477, 0.9927478823968139, 1.026515686398266, 1.0099630349212387, 0.9862102799711935, 1.0095592967784262, 1.002180282250756, 1.0146121473304122, 0.9978503761340966, 0.9887293848415387, 1.0154679916827722, 1.0072062742698429, 1.0106735278507972, 0.9908527772045754, 1.0156997335719737, 1.0020676420900005]","[1.0116452735314023, 0.9952344769726511, 1.000911568436104, 1.0131764148679991, 1.017346405273089, 0.9953474441254342, 0.9816525381835192, 1.0210283686749806, 0.9913090543869784, 0.9946655215237862, 1.0175169241849293, 1.0151970412045805, 0.9900038766482597, 0.9890816038427621, 1.001440128009155, 0.9935189143054172, 0.995707336884506, 1.0038386498630816, 1.013000468909621, 1.0094882726767689, 1.0043048616607586, 1.0127067480918652, 0.9800693052337267, 0.9966646923473115, 1.0035799287909486, 1.0139719432822258, 1.0233953850127009, 1.0171738591950696, 1.0071282827530563, 0.9997852871748067]","[0.011645273531402323, -0.004765523027348895, 0.000911568436104071, 0.013176414867999142, 0.01734640527308895, -0.004652555874565811, -0.018347461816480837, 0.02102836867498059, -0.008690945613021639, -0.005334478476213822, 0.01751692418492934, 0.015197041204580541, -0.009996123351740271, -0.010918396157237886, 0.0014401280091549395, -0.006481085694582833, -0.004292663115494033, 0.003838649863081578, 0.013000468909621032, 0.009488272676768883, 0.004304861660758608, 0.012706748091865228, -0.019930694766273294, -0.003335307652688524, 0.0035799287909485944, 0.01397194328222584, 0.023395385012700887, 0.01717385919506964, 0.007128282753056325, -0.00021471282519325285]","[0.08625929057598114, 0.0, 0.0, 0.11729089170694351, 0.11275804787874222, 0.0, 0.0, 0.11729089170694351, 0.0, 0.0, 0.11729089170694351, 0.0, 0.0, 0.0, 0.09180060029029846, 0.0, 0.0, 0.06369614601135254, 0.0, 0.10711787641048431, 0.0, 0.0, 0.0, 0.0, 0.08207982778549194, 0.0, 0.10441553592681885, 0.0, 0.0, 0.0]","[0.0, 0.1, 0.1, 0.1, 0.1, 0.1, 0.1, 0.1, 0.1, 0.0, 0.0, 0.0, 0.0, 0.0, 0.0, 0.0, 0.0, 0.0, 0.0, 0.0, 0.0, 0.0, 0.0, 0.0, 0.0, 0.0, 0.0, 0.0, 0.1, 0.1]","[0.012067496668648089, 0.1043664138108604, 0.08992703411529243, 0.10936403777901792, 0.10214131600507806, 0.08246928655684467, 0.0763987353923561, 0.0856798233813565, 0.09671740437678207, 0.0, 0.0011913390273411467, 0.011049463853496254, 0.0036684684557536104, 0.007672623935452233, 0.0, 0.008536373475685024, 0.0004895711637795157, 0.01155901177054236, 0.0, 0.0, 0.0, 0.0, 0.0, 0.008240969281359437, 0.0, 0.0, 0.0, 0.0, 0.08560710555933639, 0.10285352539101775]","[0.08625929057598114, 0.0, 0.0, 0.11729089170694351, 0.11275804787874222, 0.0, 0.0, 0.11729089170694351, 0.0, 0.0, 0.11729089170694351, 0.0, 0.0, 0.0, 0.09180060029029846, 0.0, 0.0, 0.06369614601135254, 0.0, 0.10711787641048431, 0.0, 0.0, 0.0, 0.0, 0.08207982778549194, 0.0, 0.10441553592681885, 0.0, 0.0, 0.0]",0.012675583684874535
15,1.0076459864411607,"[1.0116452735314023, 0.9952344769726511, 1.000911568436104, 1.0131764148679991, 1.017346405273089, 0.9953474441254342, 0.9816525381835192, 1.0210283686749806, 0.9913090543869784, 0.9946655215237862, 1.0175169241849293, 1.0151970412045805, 0.9900038766482597, 0.9890816038427621, 1.001440128009155, 0.9935189143054172, 0.995707336884506, 1.0038386498630816, 1.013000468909621, 1.0094882726767689, 1.0043048616607586, 1.0127067480918652, 0.9800693052337267, 0.9966646923473115, 1.0035799287909486, 1.0139719432822258, 1.0233953850127009, 1.0171738591950696, 1.0071282827530563, 0.9997852871748067]","[1.009347110122128, 0.9995504051778854, 1.0026725471967952, 0.9862997491698376, 0.9875959126248646, 1.0028573910061793, 1.0057202510342234, 0.9964055363527792, 0.993158250624732, 1.0142549491822987, 0.9945698545933127, 0.9911542422899391, 0.997611770225183, 0.9963842147579408, 1.0003623458274697, 0.9959280022358082, 1.0044041905932894, 1.0029107886641788, 1.0042814482139057, 0.9948207703056425, 1.0016110039180748, 0.990479026164678, 0.9865575825431899, 0.9944860661179045, 1.0020625778111483, 0.9900726438414289, 1.0273351928921008, 1.0010250616899565, 0.9932025536955598, 0.9996927736381079]","[0.009347110122128077, -0.0004495948221145962, 0.0026725471967952164, -0.013700250830162353, -0.01240408737513543, 0.0028573910061793217, 0.005720251034223356, -0.0035944636472208247, -0.006841749375268047, 0.014254949182298748, -0.005430145406687292, -0.008845757710060909, -0.002388229774817008, -0.0036157852420591885, 0.00036234582746974553, -0.004071997764191759, 0.004404190593289448, 0.0029107886641788205, 0.0042814482139057475, -0.005179229694357468, 0.0016110039180747826, -0.009520973835322022, -0.013442417456810074, -0.005513933882095534, 0.0020625778111482695, -0.009927356158571099, 0.027335192892100846, 0.0010250616899565301, -0.0067974463044402356, -0.00030722636189206565]","[0.10066041350364685, 0.0, 0.10066041350364685, 0.10066041350364685, 0.0, 0.0, 0.09918459504842758, 0.10066041350364685, 0.10066041350364685, 0.10066041350364685, 0.10066041350364685, 0.0, 0.0, 0.0, 0.0, 0.0, 0.0, 0.0, 0.09553205966949463, 0.0, 0.10066041350364685, 0.0, 0.0, 0.0, 0.0, 0.0, 0.0, 0.0, 0.0, 0.0]","[0.0, 0.1, 0.1, 0.1, 0.1, 0.1, 0.1, 0.1, 0.1, 0.0, 0.0, 0.0, 0.0, 0.0, 0.0, 0.0, 0.0, 0.0, 0.0, 0.0, 0.0, 0.0, 0.0, 0.0, 0.0, 0.0, 0.0, 0.0, 0.1, 0.1]","[0.0, 0.11099978492818667, 0.10285255672810466, 0.09340986995259061, 0.09946704618907573, 0.09532449412538688, 0.09029732167584781, 0.07949059061310969, 0.08678225795025309, 0.0, 0.0, 0.0, 0.004036767539183789, 0.009617146883011999, 0.0, 0.0, 7.962998460289475e-05, 0.0010869013187431134, 0.0038477948103947594, 0.0, 0.006757120344723135, 0.0, 0.01913682894320928, 0.009353111437388179, 0.0, 0.0, 0.002620854210809566, 0.0, 0.08497977672349757, 0.09986014564188057]","[0.10066041350364685, 0.0, 0.10066041350364685, 0.10066041350364685, 0.0, 0.0, 0.09918459504842758, 0.10066041350364685, 0.10066041350364685, 0.10066041350364685, 0.10066041350364685, 0.0, 0.0, 0.0, 0.0, 0.0, 0.0, 0.0, 0.09553205966949463, 0.0, 0.10066041350364685, 0.0, 0.0, 0.0, 0.0, 0.0, 0.0, 0.0, 0.0, 0.0]",0.0005335843278249136
16,1.0076419736265099,"[1.009347110122128, 0.9995504051778854, 1.0026725471967952, 0.9862997491698376, 0.9875959126248646, 1.0028573910061793, 1.0057202510342234, 0.9964055363527792, 0.993158250624732, 1.0142549491822987, 0.9945698545933127, 0.9911542422899391, 0.997611770225183, 0.9963842147579408, 1.0003623458274697, 0.9959280022358082, 1.0044041905932894, 1.0029107886641788, 1.0042814482139057, 0.9948207703056425, 1.0016110039180748, 0.990479026164678, 0.9865575825431899, 0.9944860661179045, 1.0020625778111483, 0.9900726438414289, 1.0273351928921008, 1.0010250616899565, 0.9932025536955598, 0.9996927736381079]","[0.9964690520234212, 1.0263877782875481, 0.984873955323067, 1.0106258114961073, 0.9971105817106632, 1.0125540327497384, 1.0022986684470538, 1.0090061282967493, 0.9952747674078253, 1.0132046315458652, 0.9789763388060652, 1.0205204851066567, 0.969441502013166, 0.9938661592074913, 0.9901790263908832, 1.0006874537400574, 1.010659422605711, 1.0194466813242942, 1.0020539703556308, 1.004914648795189, 1.0006555171547324, 1.0125075341048146, 0.976680184028833, 0.9864425888224987, 1.016780211430597, 0.9858912349808707, 1.0052544386302864, 0.9985379414592355, 1.0192647051110624, 1.0069602159855326]","[-0.0035309479765788243, 0.026387778287548125, -0.015126044676933015, 0.010625811496107307, -0.0028894182893367537, 0.01255403274973843, 0.002298668447053842, 0.009006128296749294, -0.004725232592174722, 0.013204631545865153, -0.02102366119393484, 0.020520485106656716, -0.030558497986833966, -0.006133840792508671, -0.009820973609116823, 0.0006874537400574088, 0.010659422605711066, 0.01944668132429417, 0.0020539703556308186, 0.004914648795188992, 0.0006555171547324434, 0.012507534104814644, -0.023319815971166946, -0.01355741117750131, 0.016780211430597047, -0.014108765019129277, 0.0052544386302864066, -0.0014620585407645326, 0.019264705111062375, 0.006960215985532647]","[0.11108436435461044, 0.0, 0.11108436435461044, 0.0597320981323719, 0.0, 0.0, 0.11108436435461044, 0.0, 0.0, 0.0, 0.0, 0.11108436435461044, 0.0, 0.10922382771968842, 0.0, 0.0, 0.0, 0.0, 0.0, 0.11108436435461044, 0.0, 0.0, 0.11108436435461044, 0.0, 0.0, 0.0, 0.11108436435461044, 0.0, 0.05345353111624718, 0.0]","[0.0, 0.1, 0.1, 0.1, 0.1, 0.1, 0.1, 0.1, 0.1, 0.0, 0.0, 0.0, 0.0, 0.0, 0.0, 0.0, 0.0, 0.0, 0.0, 0.0, 0.0, 0.0, 0.0, 0.0, 0.0, 0.0, 0.0, 0.0, 0.1, 0.1]","[0.0, 0.1054522179709773, 0.08381817477250732, 0.08719271319214032, 0.0945294143795584, 0.10161700378156581, 0.09283893430272534, 0.09250359299572766, 0.09450532104491004, 0.005258019098411197, 0.0, 0.004028049310035267, 0.004341887971520051, 0.0, 0.0, 0.004299404640326623, 0.0, 0.0, 0.0, 0.008480713244410958, 0.00590949217119744, 0.0001469573719441077, 0.0, 0.0, 0.011665231262390663, 0.01324172088852643, 0.0, 0.0, 0.10526129753190061, 0.08490985406922438]","[0.11108437180519104, 0.0, 0.11108437180519104, 0.0597321018576622, 0.0, 0.0, 0.11108437180519104, 0.0, 0.0, 0.0, 0.0, 0.11108437180519104, 0.0, 0.10922383517026901, 0.0, 0.0, 0.0, 0.0, 0.0, 0.11108437180519104, 0.0, 0.0, 0.11108437180519104, 0.0, 0.0, 0.0, 0.11108437180519104, 0.0, 0.053453534841537476, 0.0]",-0.0003396239268498447
17,1.0055603651486353,"[0.9964690520234212, 1.0263877782875481, 0.984873955323067, 1.0106258114961073, 0.9971105817106632, 1.0125540327497384, 1.0022986684470538, 1.0090061282967493, 0.9952747674078253, 1.0132046315458652, 0.9789763388060652, 1.0205204851066567, 0.969441502013166, 0.9938661592074913, 0.9901790263908832, 1.0006874537400574, 1.010659422605711, 1.0194466813242942, 1.0020539703556308, 1.004914648795189, 1.0006555171547324, 1.0125075341048146, 0.976680184028833, 0.9864425888224987, 1.016780211430597, 0.9858912349808707, 1.0052544386302864, 0.9985379414592355, 1.0192647051110624, 1.0069602159855326]","[0.9906752667941829, 0.9947909217018784, 1.0009412257082508, 1.0033049974802275, 0.9990065987059782, 0.9920101387165685, 1.0241315409030667, 0.9905095751506056, 1.023389273531062, 1.015921493210402, 1.0007395539836448, 0.9966904486929475, 1.0015172729274742, 1.006032821961069, 1.0066165146420123, 1.008248657218353, 0.9759736137139982, 0.9903227127600833, 1.0134928004883739, 0.9882453318902277, 0.9993368337161327, 0.9949983700052197, 0.9815504230984174, 0.9991298287302072, 0.992087252890618, 1.0258405954390233, 0.9925767585513491, 1.0138839387409548, 1.0066367785508425, 1.0106656604285913]","[-0.00932473320581706, -0.005209078298121561, 0.0009412257082508368, 0.0033049974802275006, -0.0009934012940218118, -0.007989861283431487, 0.024131540903066684, -0.009490424849394441, 0.023389273531061905, 0.015921493210401927, 0.0007395539836447806, -0.0033095513070524607, 0.001517272927474167, 0.006032821961069024, 0.0066165146420122944, 0.008248657218353106, -0.024026386286001844, -0.009677287239916676, 0.013492800488373868, -0.011754668109772326, -0.0006631662838673114, -0.005001629994780266, -0.018449576901582554, -0.0008701712697928299, -0.007912747109381946, 0.025840595439023284, -0.007423241448650919, 0.013883938740954838, 0.006636778550842548, 0.010665660428591295]","[0.10337557643651962, 0.09873238205909729, 0.0, 0.0, 0.0, 0.10353962332010269, 0.0, 0.0, 0.10353962332010269, 0.0, 0.0, 0.07311466336250305, 0.0, 0.0, 0.0, 0.0, 0.0, 0.10353962332010269, 0.0, 0.0, 0.0, 0.0, 0.10353962332010269, 0.0, 0.10353962332010269, 0.0, 0.0, 0.0, 0.10353962332010269, 0.10353962332010269]","[0.0, 0.1, 0.1, 0.1, 0.1, 0.1, 0.1, 0.1, 0.1, 0.0, 0.0, 0.0, 0.0, 0.0, 0.0, 0.0, 0.0, 0.0, 0.0, 0.0, 0.0, 0.0, 0.0, 0.0, 0.0, 0.0, 0.0, 0.0, 0.1, 0.1]","[0.0, 0.09682015772762084, 0.10598477567244384, 0.08788685285445415, 0.10374441556714474, 0.0960958000099271, 0.09168897551566425, 0.09032763164169755, 0.10399414359550956, 0.0, 0.0038276346453867856, 0.007075542708575938, 0.0, 0.0022522680882630167, 0.00988764203423178, 0.0, 0.0, 0.0032348922224718093, 0.008932880339281801, 0.0, 0.0, 0.0005274162770071407, 0.0, 0.00025660132100917195, 0.0, 0.0025005194234944276, 0.0, 0.01054017490912492, 0.09362192408868623, 0.0807997513580049]","[0.10337557643651962, 0.09873238205909729, 0.0, 0.0, 0.0, 0.10353962332010269, 0.0, 0.0, 0.10353962332010269, 0.0, 0.0, 0.07311466336250305, 0.0, 0.0, 0.0, 0.0, 0.0, 0.10353962332010269, 0.0, 0.0, 0.0, 0.0, 0.10353962332010269, 0.0, 0.10353962332010269, 0.0, 0.0, 0.0, 0.10353962332010269, 0.10353962332010269]",-0.0025090365716933676
18,1.0067920531055925,"[0.9906752667941829, 0.9947909217018784, 1.0009412257082508, 1.0033049974802275, 0.9990065987059782, 0.9920101387165685, 1.0241315409030667, 0.9905095751506056, 1.023389273531062, 1.015921493210402, 1.0007395539836448, 0.9966904486929475, 1.0015172729274742, 1.006032821961069, 1.0066165146420123, 1.008248657218353, 0.9759736137139982, 0.9903227127600833, 1.0134928004883739, 0.9882453318902277, 0.9993368337161327, 0.9949983700052197, 0.9815504230984174, 0.9991298287302072, 0.992087252890618, 1.0258405954390233, 0.9925767585513491, 1.0138839387409548, 1.0066367785508425, 1.0106656604285913]","[0.9923205700382182, 0.9989580162843407, 1.007207533358972, 0.9921341893153454, 1.0225556793793262, 1.006693254178396, 1.0048469742090769, 1.0191344413064738, 0.9806865644239303, 0.9815277649965068, 0.9915517275683452, 0.9750655819062523, 1.000616728111427, 0.993465670670905, 0.9951211179300372, 0.9891796294087656, 1.029132359140595, 0.9917846312079538, 1.0024576949574366, 1.0115552391716094, 0.9867099539382295, 1.0004131751431484, 0.9961511042349194, 1.0099435625705129, 0.9807453798411262, 1.0214877999253809, 1.0011816649826444, 1.0137219599427105, 1.0260067484545112, 0.9976681834209867]","[-0.007679429961781836, -0.0010419837156593337, 0.0072075333589720625, -0.00786581068465464, 0.022555679379326232, 0.0066932541783959465, 0.004846974209076871, 0.019134441306473793, -0.019313435576069682, -0.018472235003493154, -0.008448272431654802, -0.024934418093747746, 0.0006167281114271006, -0.006534329329095034, -0.004878882069962787, -0.010820370591234418, 0.029132359140594977, -0.008215368792046207, 0.0024576949574366402, 0.011555239171609388, -0.013290046061770533, 0.0004131751431484254, -0.003848895765080629, 0.009943562570512876, -0.019254620158873803, 0.021487799925380857, 0.0011816649826443815, 0.013721959942710527, 0.02600674845451123, -0.0023318165790132683]","[0.10512427240610123, 0.10512427240610123, 0.0, 0.0, 0.0, 0.0, 0.07764612883329391, 0.10512427240610123, 0.0, 0.10512427240610123, 0.0, 0.0, 0.0, 0.0, 0.08135965466499329, 0.10512427240610123, 0.10512427240610123, 0.0, 0.0, 0.0, 0.0, 0.10512427240610123, 0.0, 0.0, 0.0, 0.0, 0.10512427240610123, 0.0, 0.0, 0.0]","[0.0, 0.1, 0.1, 0.1, 0.1, 0.1, 0.1, 0.1, 0.1, 0.0, 0.0, 0.0, 0.0, 0.0, 0.0, 0.0, 0.0, 0.0, 0.0, 0.0, 0.0, 0.0, 0.0, 0.0, 0.0, 0.0, 0.0, 0.0, 0.1, 0.1]","[0.0, 0.101870000654918, 0.0882087176378425, 0.10021247037353921, 0.0963209982034835, 0.0876885021155968, 0.07281106563076656, 0.10336659707945957, 0.08951179840211718, 0.007769569429499156, 0.01956681453435027, 0.0, 0.0, 0.0, 0.0, 0.0, 0.0, 0.00014889691822949272, 0.0, 0.0, 0.0027158917032308544, 0.000579379742335891, 0.00023624920885366156, 0.0, 0.012878635845484281, 0.018939171114871062, 0.0, 0.0, 0.09577492250775195, 0.10140031889767011]","[0.10512427240610123, 0.10512427240610123, 0.0, 0.0, 0.0, 0.0, 0.07764612883329391, 0.10512427240610123, 0.0, 0.10512427240610123, 0.0, 0.0, 0.0, 0.0, 0.08135965466499329, 0.10512427240610123, 0.10512427240610123, 0.0, 0.0, 0.0, 0.0, 0.10512427240610123, 0.0, 0.0, 0.0, 0.0, 0.10512427240610123, 0.0, 0.0, 0.0]",0.0008505545214867137
19,1.013754803001993,"[0.9923205700382182, 0.9989580162843407, 1.007207533358972, 0.9921341893153454, 1.0225556793793262, 1.006693254178396, 1.0048469742090769, 1.0191344413064738, 0.9806865644239303, 0.9815277649965068, 0.9915517275683452, 0.9750655819062523, 1.000616728111427, 0.993465670670905, 0.9951211179300372, 0.9891796294087656, 1.029132359140595, 0.9917846312079538, 1.0024576949574366, 1.0115552391716094, 0.9867099539382295, 1.0004131751431484, 0.9961511042349194, 1.0099435625705129, 0.9807453798411262, 1.0214877999253809, 1.0011816649826444, 1.0137219599427105, 1.0260067484545112, 0.9976681834209867]","[0.9942295876369136, 1.0345599481556993, 1.003729279641139, 1.0037064963081381, 0.9982636273269566, 1.0020035948854527, 1.0144248881869733, 0.9795101031794945, 1.0022216746542252, 1.0084057868703606, 1.0157130989545968, 1.0158017994826578, 1.0110951492037716, 0.9952504823159444, 1.0242712845159454, 0.9922128435152181, 0.9983180395708777, 1.0119819226746138, 0.9864598647611796, 1.010984877305626, 1.0168691898982658, 1.007157926025055, 1.0017479038731507, 1.0197117763164751, 0.998042099019457, 1.0137471571552876, 0.9857706359553381, 1.003237317806498, 0.994903827602224, 1.010084992391873]","[-0.005770412363086397, 0.034559948155699294, 0.003729279641139005, 0.0037064963081381297, -0.0017363726730433848, 0.002003594885452653, 0.014424888186973295, -0.020489896820505504, 0.002221674654225181, 0.008405786870360643, 0.015713098954596827, 0.015801799482657808, 0.011095149203771637, -0.004749517684055626, 0.0242712845159454, -0.007787156484781899, -0.0016819604291222756, 0.011981922674613843, -0.013540135238820361, 0.010984877305626028, 0.0168691898982658, 0.007157926025054939, 0.0017479038731507135, 0.019711776316475138, -0.001957900980543048, 0.013747157155287626, -0.014229364044661907, 0.0032373178064979413, -0.005096172397776044, 0.010084992391873104]","[0.0, 0.0, 0.09535939991474152, 0.0, 0.10305110365152359, 0.0, 0.0, 0.0, 0.10305110365152359, 0.0, 0.0, 0.09700201451778412, 0.10305110365152359, 0.0, 0.0, 0.0, 0.0, 0.10305110365152359, 0.0, 0.0, 0.0, 0.08628090471029282, 0.0, 0.10305110365152359, 0.0, 0.10305110365152359, 0.10305110365152359, 0.0, 0.0, 0.0]","[0.0, 0.1, 0.1, 0.1, 0.1, 0.1, 0.1, 0.1, 0.1, 0.0, 0.0, 0.0, 0.0, 0.0, 0.0, 0.0, 0.0, 0.0, 0.0, 0.0, 0.0, 0.0, 0.0, 0.0, 0.0, 0.0, 0.0, 0.0, 0.1, 0.1]","[0.0033789505996745807, 0.0963311100962016, 0.0816605178819534, 0.09115847753709018, 0.09828351624650601, 0.0801539888632216, 0.07917138689989844, 0.09996166191040662, 0.09678275969773925, 0.0032298438041804536, 0.0045372053785567865, 0.01655070949926361, 0.009234702055907623, 0.0, 0.0, 0.0002036657970935656, 0.01798974823125621, 0.0, 0.0, 0.0007302210141765586, 0.0, 0.0, 0.004174016991157323, 0.0006855630435864732, 0.0, 0.013486572240961425, 0.0, 0.0, 0.10758256250324137, 0.09471281970792673]","[0.0, 0.0, 0.09535939991474152, 0.0, 0.10305110365152359, 0.0, 0.0, 0.0, 0.10305110365152359, 0.0, 0.0, 0.09700201451778412, 0.10305110365152359, 0.0, 0.0, 0.0, 0.0, 0.10305110365152359, 0.0, 0.0, 0.0, 0.08628090471029282, 0.0, 0.10305110365152359, 0.0, 0.10305110365152359, 0.10305110365152359, 0.0, 0.0, 0.0]",0.006577956789783791
20,1.0150659370106732,"[0.9942295876369136, 1.0345599481556993, 1.003729279641139, 1.0037064963081381, 0.9982636273269566, 1.0020035948854527, 1.0144248881869733, 0.9795101031794945, 1.0022216746542252, 1.0084057868703606, 1.0157130989545968, 1.0158017994826578, 1.0110951492037716, 0.9952504823159444, 1.0242712845159454, 0.9922128435152181, 0.9983180395708777, 1.0119819226746138, 0.9864598647611796, 1.010984877305626, 1.0168691898982658, 1.007157926025055, 1.0017479038731507, 1.0197117763164751, 0.998042099019457, 1.0137471571552876, 0.9857706359553381, 1.003237317806498, 0.994903827602224, 1.010084992391873]","[0.9999578590162393, 1.0011980339990492, 1.0106719380135318, 0.9780338050493734, 0.9807581745311911, 1.016428163606122, 1.0100136719058996, 0.9970271318396067, 0.9734587351243065, 1.004819428826862, 1.0216423069205363, 1.0218703545712002, 0.9945231651082062, 1.015397853946208, 1.034250771182948, 0.999384077055152, 0.9845030696753372, 1.0100029836038256, 1.0100773395440483, 1.0055224946397427, 0.991484251766847, 1.0130643145745912, 1.0207944120209298, 1.017716805667927, 1.0036333044848467, 0.9761409753486446, 1.0007776165620486, 0.977464065027117, 0.9887434649844119, 1.0099246897886194]","[-4.214098376065234e-05, 0.001198033999049164, 0.010671938013531834, -0.021966194950626572, -0.019241825468808926, 0.016428163606122093, 0.010013671905899635, -0.002972868160393327, -0.026541264875693527, 0.004819428826861927, 0.02164230692053626, 0.021870354571200235, -0.005476834891793847, 0.015397853946208073, 0.03425077118294806, -0.0006159229448480241, -0.015496930324662817, 0.010002983603825566, 0.010077339544048325, 0.005522494639742748, -0.008515748233153042, 0.01306431457459123, 0.020794412020929798, 0.017716805667927105, 0.0036333044848466667, -0.023859024651355365, 0.0007776165620485553, -0.022535934972882976, -0.011256535015588098, 0.009924689788619379]","[0.0, 0.0, 0.0, 0.10000000149011612, 0.0, 0.0, 0.0, 0.0, 0.0, 0.10000000149011612, 0.10000000149011612, 0.0, 0.0, 0.0, 0.0, 0.0, 0.0, 0.0, 0.0, 0.0, 0.10000000149011612, 0.0, 0.10000000149011612, 0.10000000149011612, 0.10000000149011612, 0.10000000149011612, 0.0, 0.0, 0.10000000149011612, 0.10000000149011612]","[0.0, 0.1, 0.1, 0.1, 0.1, 0.1, 0.1, 0.1, 0.1, 0.0, 0.0, 0.0, 0.0, 0.0, 0.0, 0.0, 0.0, 0.0, 0.0, 0.0, 0.0, 0.0, 0.0, 0.0, 0.0, 0.0, 0.0, 0.0, 0.1, 0.1]","[0.0, 0.08017853043639508, 0.10396560396715135, 0.09761940221773414, 0.09854587165436578, 0.08464254422207212, 0.10450329389296341, 0.11950993241589176, 0.09471054045928196, 0.0, 0.0, 0.0, 0.0012544038733306312, 0.0, 0.0, 0.0, 0.003132950625762222, 0.012162563809791993, 0.0070869399265062905, 0.0, 0.0015626842393127983, 0.0, 0.0, 0.004780859396729998, 0.0, 0.011586452291023624, 0.0, 0.0, 0.10063079146867387, 0.07412663510301291]","[0.0, 0.0, 0.0, 0.09999998658895493, 0.0, 0.0, 0.0, 0.0, 0.0, 0.09999998658895493, 0.09999998658895493, 0.0, 0.0, 0.0, 0.0, 0.0, 0.0, 0.0, 0.0, 0.0, 0.09999998658895493, 0.0, 0.09999998658895493, 0.09999998658895493, 0.09999998658895493, 0.09999998658895493, 0.0, 0.0, 0.09999998658895493, 0.09999998658895493]",0.0009190697996786922
21,1.010893248439351,"[0.9999578590162393, 1.0011980339990492, 1.0106719380135318, 0.9780338050493734, 0.9807581745311911, 1.016428163606122, 1.0100136719058996, 0.9970271318396067, 0.9734587351243065, 1.004819428826862, 1.0216423069205363, 1.0218703545712002, 0.9945231651082062, 1.015397853946208, 1.034250771182948, 0.999384077055152, 0.9845030696753372, 1.0100029836038256, 1.0100773395440483, 1.0055224946397427, 0.991484251766847, 1.0130643145745912, 1.0207944120209298, 1.017716805667927, 1.0036333044848467, 0.9761409753486446, 1.0007776165620486, 0.977464065027117, 0.9887434649844119, 1.0099246897886194]","[0.9929745458642044, 0.9788828522074688, 0.9997734115977019, 1.0019277744602437, 1.0234119722148525, 0.9865093058947316, 1.0134144306459878, 0.9963252439221784, 0.9906856905943185, 0.9829589677957777, 0.9937286042830134, 0.9924823672754384, 1.0302871553003867, 1.0017226480845, 0.9938900280927464, 1.0030742602732996, 1.0005997350624907, 1.0099820584302348, 1.0231177656418273, 1.013271543675936, 0.99304734063824, 1.0121713224930033, 1.0020217907562248, 0.9916826147280369, 0.9932672563592938, 1.000519060606449, 0.9866188260769694, 1.000102832938105, 1.002301295580095, 1.008130419698064]","[-0.0070254541357955835, -0.021117147792531155, -0.00022658840229805577, 0.0019277744602437252, 0.023411972214852472, -0.013490694105268375, 0.013414430645987796, -0.0036747560778216393, -0.009314309405681453, -0.01704103220422226, -0.00627139571698665, -0.007517632724561629, 0.030287155300386726, 0.001722648084500067, -0.006109971907253597, 0.0030742602732996005, 0.0005997350624906694, 0.009982058430234808, 0.023117765641827326, 0.013271543675936082, -0.0069526593617600385, 0.012171322493003345, 0.0020217907562247728, -0.00831738527196313, -0.006732743640706196, 0.0005190606064489067, -0.01338117392303062, 0.00010283293810497973, 0.002301295580094953, 0.00813041969806405]","[0.0, 0.08121561259031296, 0.0, 0.0990205854177475, 0.0, 0.07768741995096207, 0.06558218598365784, 0.0, 0.0, 0.10224488377571106, 0.1245797872543335, 0.0, 0.0, 0.0, 0.1019178032875061, 0.0, 0.0, 0.0, 0.0, 0.11703047156333923, 0.12030807882547379, 0.0, 0.0, 0.0, 0.0, 0.0, 0.0, 0.11041320115327835, 0.0, 0.0]","[0.0, 0.1, 0.1, 0.1, 0.1, 0.1, 0.1, 0.1, 0.1, 0.0, 0.0, 0.0, 0.0, 0.0, 0.0, 0.0, 0.0, 0.0, 0.0, 0.0, 0.0, 0.0, 0.0, 0.0, 0.0, 0.0, 0.0, 0.0, 0.1, 0.1]","[0.0001691978566461453, 0.09017973148744048, 0.08258182748422462, 0.09595361415560737, 0.09988936414570578, 0.08714820648930481, 0.09602334335670315, 0.1000374492502882, 0.0802466889286136, 0.0054648777868752975, 0.006939793901175547, 0.005934410278886023, 0.004878981271340467, 0.002202708700462994, 0.0032364482139269645, 0.006405154924547678, 0.006693675762898682, 0.007289152513444432, 0.0033726772863552803, 0.015386277454760256, 0.0, 0.0, 0.003906277218271705, 0.006356853602692969, 0.0, 0.0, 0.0, 0.0, 0.09432016809021046, 0.09538311983961709]","[0.0, 0.08121560513973236, 0.0, 0.0990205705165863, 0.0, 0.07768741250038147, 0.06558217853307724, 0.0, 0.0, 0.10224486887454987, 0.1245797723531723, 0.0, 0.0, 0.0, 0.10191778838634491, 0.0, 0.0, 0.0, 0.0, 0.11703045666217804, 0.12030806392431259, 0.0, 0.0, 0.0, 0.0, 0.0, 0.0, 0.11041318625211716, 0.0, 0.0]",-0.0044622427458491385
22,1.0128613767208037,"[0.9929745458642044, 0.9788828522074688, 0.9997734115977019, 1.0019277744602437, 1.0234119722148525, 0.9865093058947316, 1.0134144306459878, 0.9963252439221784, 0.9906856905943185, 0.9829589677957777, 0.9937286042830134, 0.9924823672754384, 1.0302871553003867, 1.0017226480845, 0.9938900280927464, 1.0030742602732996, 1.0005997350624907, 1.0099820584302348, 1.0231177656418273, 1.013271543675936, 0.99304734063824, 1.0121713224930033, 1.0020217907562248, 0.9916826147280369, 0.9932672563592938, 1.000519060606449, 0.9866188260769694, 1.000102832938105, 1.002301295580095, 1.008130419698064]","[1.0256980671749052, 1.0017901914527827, 0.9869937265858532, 0.9970693692347365, 0.9916782611915611, 1.0080158803196992, 1.0202259230904895, 1.0095925624242876, 1.0060848447760018, 0.9954704482666449, 0.9846735359692286, 1.005751012048999, 0.9935228359202971, 1.016974504200347, 0.9940158692354271, 0.99978862403066, 0.9912770941588279, 0.9996073669154323, 0.9819367013155449, 0.9928849789141586, 1.009555409749923, 1.0046385312168753, 0.9988430047170297, 0.9920936897555516, 0.999320695185054, 1.0259092729544332, 0.9900908013782732, 0.9915716683294735, 1.0026557236172662, 0.9809755029294223]","[0.025698067174905193, 0.0017901914527826968, -0.01300627341414684, -0.0029306307652634533, -0.008321738808438894, 0.008015880319699242, 0.02022592309048954, 0.009592562424287632, 0.0060848447760017965, -0.004529551733355119, -0.015326464030771425, 0.005751012048998971, -0.006477164079702891, 0.016974504200347074, -0.005984130764572937, -0.00021137596933995528, -0.00872290584117208, -0.0003926330845677173, -0.01806329868445511, -0.007115021085841389, 0.009555409749923083, 0.004638531216875297, -0.0011569952829703078, -0.007906310244448433, -0.0006793048149460468, 0.025909272954433238, -0.009909198621726789, -0.008428331670526479, 0.0026557236172661813, -0.01902449707057774]","[0.0, 0.0, 0.0, 0.0, 0.0, 0.08756344020366669, 0.0, 0.0, 0.10586681962013245, 0.0, 0.0, 0.0, 0.10586681962013245, 0.0, 0.0, 0.10586681962013245, 0.08969264477491379, 0.08167611062526703, 0.10586681962013245, 0.0, 0.10586681962013245, 0.0, 0.0, 0.0, 0.0, 0.10586681962013245, 0.0, 0.0, 0.10586681962013245, 0.0]","[0.0, 0.1, 0.1, 0.1, 0.1, 0.1, 0.1, 0.1, 0.1, 0.0, 0.0, 0.0, 0.0, 0.0, 0.0, 0.0, 0.0, 0.0, 0.0, 0.0, 0.0, 0.0, 0.0, 0.0, 0.0, 0.0, 0.0, 0.0, 0.1, 0.1]","[0.0, 0.09282014442927926, 0.08471644254878365, 0.09820595541813358, 0.09254781575236948, 0.0916011032974868, 0.09503547768744958, 0.0977832149416286, 0.091400576843136, 0.0, 0.0074806920490394935, 0.0, 0.012651555940395933, 0.0, 0.0, 0.004172071236131189, 0.0, 0.005663607547583473, 0.0, 0.017874645875692333, 0.0037310682944745937, 0.01088233380944193, 0.0, 0.001448347559034649, 0.000635513697030102, 0.0009113542076179652, 0.0, 0.0, 0.09325109196383967, 0.09718698690145161]","[0.0, 0.0, 0.0, 0.0, 0.0, 0.08756344765424728, 0.0, 0.0, 0.10586683452129364, 0.0, 0.0, 0.0, 0.10586683452129364, 0.0, 0.0, 0.10586683452129364, 0.08969265222549438, 0.08167611807584763, 0.10586683452129364, 0.0, 0.10586683452129364, 0.0, 0.0, 0.0, 0.0, 0.10586683452129364, 0.0, 0.0, 0.10586683452129364, 0.0]",0.0016219917509658602
23,1.0098655302570672,"[1.0256980671749052, 1.0017901914527827, 0.9869937265858532, 0.9970693692347365, 0.9916782611915611, 1.0080158803196992, 1.0202259230904895, 1.0095925624242876, 1.0060848447760018, 0.9954704482666449, 0.9846735359692286, 1.005751012048999, 0.9935228359202971, 1.016974504200347, 0.9940158692354271, 0.99978862403066, 0.9912770941588279, 0.9996073669154323, 0.9819367013155449, 0.9928849789141586, 1.009555409749923, 1.0046385312168753, 0.9988430047170297, 0.9920936897555516, 0.999320695185054, 1.0259092729544332, 0.9900908013782732, 0.9915716683294735, 1.0026557236172662, 0.9809755029294223]","[0.9846203414987555, 1.0026114588619799, 0.9984496798976723, 1.0012728996961076, 1.0004462243889516, 1.0045414918194029, 1.0136717877470658, 1.02634680936713, 0.9844038090912358, 1.0024266512656834, 0.9903784585456529, 0.9956859048310561, 0.9987682331421552, 1.0065315504055596, 0.9825399204335082, 0.9872719746191353, 0.9952380254072907, 1.0017462312095133, 1.0138463351249754, 0.9949065978802707, 1.000605494506491, 1.0021900376803778, 1.0105227536601982, 0.9863902415777928, 1.0114769534698176, 0.9880356389365016, 1.0010542855012827, 1.0118883663647695, 0.9970155536182279, 1.0025693210774294]","[-0.015379658501244453, 0.0026114588619798873, -0.0015503201023276958, 0.0012728996961075545, 0.0004462243889515882, 0.0045414918194028875, 0.013671787747065789, 0.026346809367129964, -0.015596190908764185, 0.0024266512656834216, -0.009621541454347127, -0.004314095168943877, -0.0012317668578447627, 0.0065315504055596385, -0.01746007956649176, -0.012728025380864705, -0.004761974592709328, 0.001746231209513338, 0.01384633512497535, -0.005093402119729307, 0.0006054945064910555, 0.002190037680377843, 0.01052275366019817, -0.013609758422207241, 0.011476953469817586, -0.011964361063498408, 0.0010542855012827257, 0.011888366364769531, -0.002984446381772088, 0.002569321077429354]","[0.0, 0.0, 0.0, 0.1135510727763176, 0.08356036990880966, 0.0, 0.09776774048805237, 0.0, 0.10542341321706772, 0.0, 0.09488064050674438, 0.0, 0.09658586978912354, 0.0, 0.0, 0.0, 0.1135510727763176, 0.0, 0.0, 0.0, 0.09138558059930801, 0.0, 0.0, 0.1135510727763176, 0.0, 0.0, 0.0, 0.0, 0.0, 0.08974311500787735]","[0.0, 0.1, 0.1, 0.1, 0.1, 0.1, 0.1, 0.1, 0.1, 0.0, 0.0, 0.0, 0.0, 0.0, 0.0, 0.0, 0.0, 0.0, 0.0, 0.0, 0.0, 0.0, 0.0, 0.0, 0.0, 0.0, 0.0, 0.0, 0.1, 0.1]","[0.0, 0.09832317091458419, 0.1065217774459366, 0.11309974645704797, 0.08709566237998942, 0.08395968728923627, 0.08800103221109465, 0.10107119327486701, 0.08821957262423481, 0.002064563388072849, 0.0, 0.0032241364914599403, 0.0, 0.0, 0.0, 0.012966636360526307, 0.003246351846375907, 0.0, 0.0, 0.0, 0.0, 0.0, 0.0, 0.0018634566689266136, 0.00030971354332206007, 0.01109694946168518, 0.01704621759916035, 0.005624774804236683, 0.08746534573925656, 0.08880001149998643]","[0.0, 0.0, 0.0, 0.1135510727763176, 0.08356036990880966, 0.0, 0.09776774048805237, 0.0, 0.10542341321706772, 0.0, 0.09488064050674438, 0.0, 0.09658586978912354, 0.0, 0.0, 0.0, 0.1135510727763176, 0.0, 0.0, 0.0, 0.09138558059930801, 0.0, 0.0, 0.1135510727763176, 0.0, 0.0, 0.0, 0.0, 0.0, 0.08974311500787735]",-0.0033155755787266377
24,1.0120314235732395,"[0.9846203414987555, 1.0026114588619799, 0.9984496798976723, 1.0012728996961076, 1.0004462243889516, 1.0045414918194029, 1.0136717877470658, 1.02634680936713, 0.9844038090912358, 1.0024266512656834, 0.9903784585456529, 0.9956859048310561, 0.9987682331421552, 1.0065315504055596, 0.9825399204335082, 0.9872719746191353, 0.9952380254072907, 1.0017462312095133, 1.0138463351249754, 0.9949065978802707, 1.000605494506491, 1.0021900376803778, 1.0105227536601982, 0.9863902415777928, 1.0114769534698176, 0.9880356389365016, 1.0010542855012827, 1.0118883663647695, 0.9970155536182279, 1.0025693210774294]","[0.9999257172472268, 1.0056967328470279, 1.0068948046060744, 1.0278619533077518, 0.998923038216332, 1.0096995026130684, 1.0153369725201584, 1.0323562909688444, 0.9754140180606746, 1.009399784247845, 0.9926892371990792, 0.9987833968322879, 1.000334204189039, 1.0041621900529074, 1.0135307764366244, 0.9964841757744083, 1.002883709349526, 0.9965024871280375, 1.0003544296703972, 1.0038576007172386, 0.9853942674572295, 0.993735468266952, 1.0006408368905217, 0.988987048572537, 0.9857728637376995, 1.022592855476396, 0.9928637724061111, 1.0081970289547637, 0.9948253872768015, 1.0203885044145038]","[-7.428275277321372e-05, 0.005696732847027874, 0.0068948046060743895, 0.027861953307751763, -0.0010769617836680068, 0.0096995026130684, 0.01533697252015842, 0.0323562909688444, -0.024585981939325374, 0.009399784247845044, -0.0073107628009208, -0.0012166031677121047, 0.0003342041890390668, 0.004162190052907411, 0.01353077643662437, -0.0035158242255917127, 0.002883709349525976, -0.003497512871962538, 0.00035442967039722717, 0.0038576007172386184, -0.014605732542770533, -0.006264531733047973, 0.0006408368905217454, -0.011012951427462947, -0.014227136262300544, 0.02259285547639589, -0.0071362275938888775, 0.008197028954763708, -0.005174612723198524, 0.020388504414503794]","[0.10316453129053116, 0.16153015196323395, 0.15314796566963196, 0.0, 0.0, 0.0, 0.0, 0.0, 0.08020464330911636, 0.0, 0.0, 0.0, 0.0, 0.060191892087459564, 0.06657065451145172, 0.0, 0.0, 0.0, 0.0, 0.0, 0.062301155179739, 0.059052955359220505, 0.0, 0.09230585396289825, 0.0, 0.0, 0.0, 0.0, 0.0, 0.16153015196323395]","[0.0, 0.1, 0.1, 0.1, 0.1, 0.1, 0.1, 0.1, 0.1, 0.0, 0.0, 0.0, 0.0, 0.0, 0.0, 0.0, 0.0, 0.0, 0.0, 0.0, 0.0, 0.0, 0.0, 0.0, 0.0, 0.0, 0.0, 0.0, 0.1, 0.1]","[0.0, 0.09045622351224135, 0.07633273181232249, 0.11672636465060036, 0.09274644190086874, 0.09190447580663216, 0.09480002911404185, 0.10899735422584562, 0.08805547301185496, 0.0030445121056251277, 0.0, 0.0, 0.0, 0.0010876016211886469, 0.0, 0.0, 0.0, 0.0031605537357506045, 0.0, 0.0, 0.0, 0.0, 0.0, 0.0, 0.018544221759912057, 0.0, 0.0, 0.0, 0.10316642806018766, 0.1109775886829285]","[0.10316453874111176, 0.16153016686439514, 0.15314798057079315, 0.0, 0.0, 0.0, 0.0, 0.0, 0.08020465075969696, 0.0, 0.0, 0.0, 0.0, 0.06019189581274986, 0.06657066196203232, 0.0, 0.0, 0.0, 0.0, 0.0, 0.0623011589050293, 0.0590529590845108, 0.0, 0.09230586141347885, 0.0, 0.0, 0.0, 0.0, 0.0, 0.16153016686439514]",0.001683624550951265
25,1.0089748353170713,"[0.9999257172472268, 1.0056967328470279, 1.0068948046060744, 1.0278619533077518, 0.998923038216332, 1.0096995026130684, 1.0153369725201584, 1.0323562909688444, 0.9754140180606746, 1.009399784247845, 0.9926892371990792, 0.9987833968322879, 1.000334204189039, 1.0041621900529074, 1.0135307764366244, 0.9964841757744083, 1.002883709349526, 0.9965024871280375, 1.0003544296703972, 1.0038576007172386, 0.9853942674572295, 0.993735468266952, 1.0006408368905217, 0.988987048572537, 0.9857728637376995, 1.022592855476396, 0.9928637724061111, 1.0081970289547637, 0.9948253872768015, 1.0203885044145038]","[0.9923497277529795, 0.9934600774176366, 1.017147740136048, 0.9978016075335645, 1.0145661880388779, 1.001388915134607, 0.9973039913393809, 0.9961959770049654, 1.0047881953578899, 1.0029121617067025, 0.9978455107067277, 0.9988347568872319, 0.9904484474686269, 0.9820297285626653, 1.0017423305497664, 1.0063512693093688, 1.0124491480655768, 1.0151651638072194, 0.9987507194873371, 1.0165769725181921, 0.9946954363469934, 1.0140344587138443, 0.9873127354996206, 1.0059000371104554, 0.9921720343192882, 0.9966608187734989, 0.9859220594886304, 1.0168768649046627, 1.009403958842273, 1.0175393376790152]","[-0.007650272247020529, -0.0065399225823633556, 0.01714774013604803, -0.002198392466435495, 0.01456618803887788, 0.0013889151346069273, -0.0026960086606191425, -0.0038040229950345728, 0.0047881953578898795, 0.0029121617067024985, -0.0021544892932723325, -0.0011652431127681107, -0.009551552531373075, -0.01797027143733465, 0.0017423305497663577, 0.006351269309368801, 0.012449148065576843, 0.01516516380721944, -0.0012492805126629314, 0.016576972518192123, -0.005304563653006578, 0.014034458713844344, -0.01268726450037938, 0.005900037110455392, -0.007827965680711757, -0.00333918122650112, -0.014077940511369569, 0.01687686490466267, 0.009403958842272964, 0.017539337679015166]","[0.11273041367530823, 0.0, 0.0, 0.11273041367530823, 0.0, 0.06327252835035324, 0.0, 0.0, 0.10271365195512772, 0.0, 0.0, 0.0, 0.10504509508609772, 0.11273041367530823, 0.0, 0.0, 0.0, 0.0, 0.0, 0.0, 0.11273041367530823, 0.0, 0.09336909651756287, 0.0, 0.0, 0.0, 0.0, 0.0, 0.11273041367530823, 0.07194754481315613]","[0.0, 0.1, 0.1, 0.1, 0.1, 0.1, 0.1, 0.1, 0.1, 0.0, 0.0, 0.0, 0.0, 0.0, 0.0, 0.0, 0.0, 0.0, 0.0, 0.0, 0.0, 0.0, 0.0, 0.0, 0.0, 0.0, 0.0, 0.0, 0.1, 0.1]","[0.0, 0.09360145198601151, 0.09346507419073086, 0.07867867269303598, 0.08737955517409651, 0.09049875825680122, 0.10523704405140677, 0.10027165855669898, 0.09233192385031672, 0.0, 0.00515710109667989, 0.004956746084568044, 0.0, 0.0, 0.0, 0.0, 0.005883214248138062, 0.0, 0.0, 0.0, 0.0, 0.004588389149729688, 0.0, 0.0, 0.0, 0.007204479458225334, 0.01746631546922238, 0.0, 0.10432629678726625, 0.1089533189470718]","[0.11273041367530823, 0.0, 0.0, 0.11273041367530823, 0.0, 0.06327252835035324, 0.0, 0.0, 0.10271365195512772, 0.0, 0.0, 0.0, 0.10504509508609772, 0.11273041367530823, 0.0, 0.0, 0.0, 0.0, 0.0, 0.0, 0.11273041367530823, 0.0, 0.09336909651756287, 0.0, 0.0, 0.0, 0.0, 0.0, 0.11273041367530823, 0.07194754481315613]",-0.003325084703272853
26,0.9983013707438999,"[0.9923497277529795, 0.9934600774176366, 1.017147740136048, 0.9978016075335645, 1.0145661880388779, 1.001388915134607, 0.9973039913393809, 0.9961959770049654, 1.0047881953578899, 1.0029121617067025, 0.9978455107067277, 0.9988347568872319, 0.9904484474686269, 0.9820297285626653, 1.0017423305497664, 1.0063512693093688, 1.0124491480655768, 1.0151651638072194, 0.9987507194873371, 1.0165769725181921, 0.9946954363469934, 1.0140344587138443, 0.9873127354996206, 1.0059000371104554, 0.9921720343192882, 0.9966608187734989, 0.9859220594886304, 1.0168768649046627, 1.009403958842273, 1.0175393376790152]","[1.0165144623634277, 0.9883624795855879, 0.9740505644099017, 1.0107836210843018, 0.990226469958637, 1.0022186508458784, 0.993163513332195, 0.9850472292240726, 0.9910806497776343, 1.0198416541206472, 0.9802682569178556, 0.9816115802975981, 0.9967226249170782, 0.9822135857030151, 0.9857641463222488, 1.0018246292167576, 1.0012057376184005, 1.0088641675459662, 0.9726621268835312, 0.997080352684117, 0.9978096585722797, 1.0091806759341897, 1.002528872967184, 0.9889275217047834, 0.9843827689645875, 1.0001586394368043, 1.0138284257065666, 0.9848678125047677, 1.0044816048269105, 1.0168330028870025]","[0.016514462363427684, -0.011637520414412128, -0.025949435590098324, 0.010783621084301753, -0.009773530041363054, 0.002218650845878356, -0.0068364866678050085, -0.014952770775927382, -0.008919350222365674, 0.0198416541206472, -0.019731743082144426, -0.018388419702401904, -0.0032773750829218073, -0.01778641429698491, -0.014235853677751154, 0.001824629216757634, 0.001205737618400482, 0.008864167545966195, -0.027337873116468847, -0.0029196473158830116, -0.0021903414277203437, 0.009180675934189697, 0.0025288729671839594, -0.011072478295216626, -0.01561723103541246, 0.0001586394368042754, 0.013828425706566616, -0.015132187495232263, 0.004481604826910512, 0.016833002887002513]","[0.0, 0.0, 0.10085771232843399, 0.10085771232843399, 0.0, 0.0, 0.0, 0.0, 0.10085771232843399, 0.0, 0.0, 0.10085771232843399, 0.10085771232843399, 0.09228061139583588, 0.0, 0.0, 0.0, 0.0, 0.10085771232843399, 0.10085771232843399, 0.0, 0.0, 0.10085771232843399, 0.0, 0.0, 0.0, 0.0, 0.10085771232843399, 0.0, 0.0]","[0.0, 0.1, 0.1, 0.1, 0.1, 0.1, 0.1, 0.1, 0.1, 0.0, 0.0, 0.0, 0.0, 0.0, 0.0, 0.0, 0.0, 0.0, 0.0, 0.0, 0.0, 0.0, 0.0, 0.0, 0.0, 0.0, 0.0, 0.0, 0.1, 0.1]","[0.002718951896075974, 0.10614775832958488, 0.08837295980955612, 0.07577321143918983, 0.07729590884712698, 0.10550723072754337, 0.08271891952818311, 0.08800740322197896, 0.0822111289466455, 0.0, 0.0, 0.005864629034124449, 0.008094068908921934, 0.0032682474909072347, 0.0, 0.0038451851747520107, 0.012241941669581305, 0.012389306628383836, 0.010573520134692016, 0.009019512734542963, 0.0, 0.01562919569092118, 0.012469525892127646, 0.010595691616924295, 0.0031281186979976085, 0.011432417332518409, 0.0, 0.0012082503902472476, 0.09819306062868403, 0.07329385522878903]","[0.0, 0.0, 0.10085771232843399, 0.10085771232843399, 0.0, 0.0, 0.0, 0.0, 0.10085771232843399, 0.0, 0.0, 0.10085771232843399, 0.10085771232843399, 0.09228061139583588, 0.0, 0.0, 0.0, 0.0, 0.10085771232843399, 0.10085771232843399, 0.0, 0.0, 0.10085771232843399, 0.0, 0.0, 0.0, 0.0, 0.10085771232843399, 0.0, 0.0]",-0.010982743834089849
27,0.9991525479001304,"[1.0165144623634277, 0.9883624795855879, 0.9740505644099017, 1.0107836210843018, 0.990226469958637, 1.0022186508458784, 0.993163513332195, 0.9850472292240726, 0.9910806497776343, 1.0198416541206472, 0.9802682569178556, 0.9816115802975981, 0.9967226249170782, 0.9822135857030151, 0.9857641463222488, 1.0018246292167576, 1.0012057376184005, 1.0088641675459662, 0.9726621268835312, 0.997080352684117, 0.9978096585722797, 1.0091806759341897, 1.002528872967184, 0.9889275217047834, 0.9843827689645875, 1.0001586394368043, 1.0138284257065666, 0.9848678125047677, 1.0044816048269105, 1.0168330028870025]","[1.0173516543039824, 1.0039213460695022, 0.9975270635954022, 0.9993987536953969, 1.0080349268266093, 0.9780991796065428, 0.9892802488187159, 0.978585711778884, 1.003693771485368, 1.0133744669929519, 1.0146542563611303, 0.9935608351506522, 0.9938163556714547, 1.0060896845778065, 0.9995186485496386, 0.992988808421776, 0.9842010062825123, 1.0087666100378612, 1.015092938028875, 1.0142768897561811, 1.0085786162842834, 1.0043816821344034, 1.0000027374126526, 0.9982348993667871, 1.0122671442946511, 1.017071925338522, 1.0051044958431214, 1.0087194139576316, 1.010713846846432, 0.9935667987787715]","[0.017351654303982444, 0.0039213460695022295, -0.002472936404597781, -0.0006012463046031202, 0.008034926826609334, -0.0219008203934572, -0.010719751181284098, -0.021414288221116018, 0.0036937714853679804, 0.013374466992951861, 0.014654256361130269, -0.0064391648493478115, -0.006183644328545346, 0.0060896845778064534, -0.00048135145036143356, -0.007011191578224052, -0.01579899371748772, 0.008766610037861167, 0.015092938028874903, 0.014276889756181133, 0.008578616284283358, 0.004381682134403375, 2.7374126525536724e-06, -0.0017651006332128905, 0.012267144294651144, 0.017071925338522087, 0.005104495843121448, 0.00871941395763165, 0.010713846846432062, -0.0064332012212284795]","[0.0, 0.10132705420255661, 0.0, 0.0, 0.0, 0.10132705420255661, 0.0, 0.0, 0.10132705420255661, 0.0, 0.10132705420255661, 0.0, 0.0, 0.1001746729016304, 0.0, 0.0, 0.10132705420255661, 0.0, 0.10132705420255661, 0.0, 0.0, 0.0, 0.10132705420255661, 0.10132705420255661, 0.0, 0.0, 0.08920890092849731, 0.0, 0.0, 0.0]","[0.0, 0.1, 0.1, 0.1, 0.1, 0.1, 0.1, 0.1, 0.1, 0.0, 0.0, 0.0, 0.0, 0.0, 0.0, 0.0, 0.0, 0.0, 0.0, 0.0, 0.0, 0.0, 0.0, 0.0, 0.0, 0.0, 0.0, 0.0, 0.1, 0.1]","[0.018163468798228673, 0.08556843986474515, 0.08654964977606065, 0.09493019558880032, 0.09939671314922867, 0.08837521716677371, 0.10103246961643417, 0.08936739415231269, 0.08882662040368737, 7.720073079890608e-05, 0.0, 0.00014789165361244453, 0.0, 0.0, 0.0, 0.0, 0.0, 0.006548791821558861, 0.010739726308348947, 0.001331930478909616, 0.004249860271895779, 0.00916525681273456, 0.0, 0.0, 0.009304075287513166, 0.0, 0.000855010956607071, 0.0018188124202556328, 0.09877350100592308, 0.1047777737355705]","[0.0, 0.10132705420255661, 0.0, 0.0, 0.0, 0.10132705420255661, 0.0, 0.0, 0.10132705420255661, 0.0, 0.10132705420255661, 0.0, 0.0, 0.1001746729016304, 0.0, 0.0, 0.10132705420255661, 0.0, 0.10132705420255661, 0.0, 0.0, 0.0, 0.10132705420255661, 0.10132705420255661, 0.0, 0.0, 0.08920890092849731, 0.0, 0.0, 0.0]",0.0004572171665277085
28,0.9945908677042925,"[1.0173516543039824, 1.0039213460695022, 0.9975270635954022, 0.9993987536953969, 1.0080349268266093, 0.9780991796065428, 0.9892802488187159, 0.978585711778884, 1.003693771485368, 1.0133744669929519, 1.0146542563611303, 0.9935608351506522, 0.9938163556714547, 1.0060896845778065, 0.9995186485496386, 0.992988808421776, 0.9842010062825123, 1.0087666100378612, 1.015092938028875, 1.0142768897561811, 1.0085786162842834, 1.0043816821344034, 1.0000027374126526, 0.9982348993667871, 1.0122671442946511, 1.017071925338522, 1.0051044958431214, 1.0087194139576316, 1.010713846846432, 0.9935667987787715]","[0.9970678344631972, 0.9775953451174821, 0.9727701213625058, 0.9809354060503864, 0.9987743929949121, 1.0006495918736926, 0.9942542133597934, 1.000546917696105, 0.986003159808286, 1.0057837891502834, 0.9879865797856933, 1.0116460406956032, 1.0001330107179052, 1.0155723376936043, 1.0187546796302234, 0.9930287322350643, 1.0055172442608025, 1.0138537091693651, 0.9964837570120038, 1.0106102910927783, 0.9989425805139608, 1.0285096037260173, 1.0049826525384098, 0.9986896097277845, 0.9900677505782476, 1.0094120709461987, 0.9904039143758055, 0.9831918682995625, 1.0014564518249396, 0.9986242324696083]","[-0.0029321655368027555, -0.02240465488251786, -0.027229878637494154, -0.019064593949613573, -0.001225607005087892, 0.0006495918736926232, -0.00574578664020664, 0.0005469176961050426, -0.013996840191713988, 0.005783789150283436, -0.012013420214306736, 0.011646040695603155, 0.00013301071790516872, 0.015572337693604332, 0.01875467963022337, -0.006971267764935729, 0.0055172442608024674, 0.013853709169365125, -0.003516242987996243, 0.010610291092778334, -0.0010574194860392128, 0.028509603726017296, 0.004982652538409793, -0.001310390272215467, -0.009932249421752415, 0.00941207094619867, -0.00959608562419445, -0.01680813170043749, 0.0014564518249395864, -0.0013757675303917027]","[0.0, 0.10587585717439651, 0.0, 0.10587585717439651, 0.0, 0.0, 0.0, 0.0, 0.10587585717439651, 0.0, 0.0, 0.0, 0.0, 0.10587585717439651, 0.0, 0.10587585717439651, 0.10476838052272797, 0.07605297863483429, 0.0, 0.0, 0.10587585717439651, 0.0, 0.0, 0.0, 0.0, 0.0, 0.10587585717439651, 0.0, 0.0, 0.07804770767688751]","[0.0, 0.1, 0.1, 0.1, 0.1, 0.1, 0.1, 0.1, 0.1, 0.0, 0.0, 0.0, 0.0, 0.0, 0.0, 0.0, 0.0, 0.0, 0.0, 0.0, 0.0, 0.0, 0.0, 0.0, 0.0, 0.0, 0.0, 0.0, 0.1, 0.1]","[0.0071400498658028685, 0.10120222088900463, 0.08785175097933415, 0.10254356694845261, 0.08962337653466934, 0.08824177915671176, 0.11820257730270467, 0.08737603088782606, 0.10131188539359794, 0.0005207410176782527, 0.0, 0.0, 0.0, 0.0, 0.0, 0.007907196751973437, 0.0019419482737501588, 0.0025322122236703126, 0.0, 0.0, 0.0, 0.0, 0.0, 0.0034210488787182955, 0.0, 0.0, 0.0, 0.0, 0.09636078211450294, 0.10382283278160259]","[0.0, 0.10587584227323532, 0.0, 0.10587584227323532, 0.0, 0.0, 0.0, 0.0, 0.10587584227323532, 0.0, 0.0, 0.0, 0.0, 0.10587584227323532, 0.0, 0.10587584227323532, 0.10476836562156677, 0.07605297118425369, 0.0, 0.0, 0.10587584227323532, 0.0, 0.0, 0.0, 0.0, 0.0, 0.10587584227323532, 0.0, 0.0, 0.07804770022630692]",-0.004874338969697695
29,1.0012230303463594,"[0.9970678344631972, 0.9775953451174821, 0.9727701213625058, 0.9809354060503864, 0.9987743929949121, 1.0006495918736926, 0.9942542133597934, 1.000546917696105, 0.986003159808286, 1.0057837891502834, 0.9879865797856933, 1.0116460406956032, 1.0001330107179052, 1.0155723376936043, 1.0187546796302234, 0.9930287322350643, 1.0055172442608025, 1.0138537091693651, 0.9964837570120038, 1.0106102910927783, 0.9989425805139608, 1.0285096037260173, 1.0049826525384098, 0.9986896097277845, 0.9900677505782476, 1.0094120709461987, 0.9904039143758055, 0.9831918682995625, 1.0014564518249396, 0.9986242324696083]","[0.9977457415770138, 1.0130959441686136, 0.9982385009769565, 1.009835055049343, 1.0084189777037076, 1.0056398064619314, 1.0164953675736823, 1.0023626295442565, 0.9785466648448663, 1.0335731127656642, 1.007323432073107, 0.9864561517264117, 1.0071458912502254, 1.0049931494245274, 1.0169382059492915, 0.9921887602716206, 0.9985289756927958, 0.998490378127962, 1.0078936464497594, 1.0116227284452846, 1.0111045489733799, 1.0065358548417367, 1.0299588389366723, 1.0027062937887836, 0.9929010190765669, 0.993873446720527, 0.9936939795974814, 0.9898990865562698, 0.9911773013330204, 0.9961645294493099]","[-0.0022542584229862106, 0.013095944168613594, -0.0017614990230434557, 0.0098350550493429, 0.008418977703707586, 0.005639806461931407, 0.016495367573682307, 0.002362629544256478, -0.0214533351551337, 0.033573112765664215, 0.007323432073107039, -0.013543848273588344, 0.007145891250225356, 0.004993149424527443, 0.016938205949291518, -0.007811239728379382, -0.0014710243072042495, -0.0015096218720379584, 0.007893646449759428, 0.011622728445284558, 0.011104548973379869, 0.006535854841736688, 0.029958838936672283, 0.0027062937887836203, -0.007098980923433085, -0.006126553279472979, -0.006306020402518597, -0.010100913443730208, -0.0088226986669796, -0.003835470550690112]","[0.0, 0.10014011710882187, 0.0, 0.1059337928891182, 0.06394711881875992, 0.0, 0.0, 0.1059337928891182, 0.0, 0.0, 0.0, 0.0, 0.0, 0.1059337928891182, 0.0, 0.1059337928891182, 0.0, 0.0, 0.1059337928891182, 0.1059337928891182, 0.0, 0.0, 0.09437624365091324, 0.0, 0.0, 0.0, 0.0, 0.1059337928891182, 0.0, 0.0]","[0.0, 0.1, 0.1, 0.1, 0.1, 0.1, 0.1, 0.1, 0.1, 0.0, 0.0, 0.0, 0.0, 0.0, 0.0, 0.0, 0.0, 0.0, 0.0, 0.0, 0.0, 0.0, 0.0, 0.0, 0.0, 0.0, 0.0, 0.0, 0.1, 0.1]","[0.0, 0.07837524626260621, 0.07698013937053746, 0.07360422008099946, 0.10091888371824106, 0.08692449840649989, 0.08553059955004692, 0.08423999216518437, 0.10363123536796219, 0.0, 0.01347610543292433, 0.006733693759873934, 0.0, 0.0, 0.0, 0.006010925647171124, 0.003798292630687326, 0.0, 0.0, 0.01709942872566639, 0.011955116677124384, 0.01033479902128287, 0.016123277164118512, 0.0, 0.006014518643210851, 0.0021049814011101214, 0.012237815146961378, 0.0, 0.09629982572434036, 0.10760640510345097]","[0.0, 0.10014010220766068, 0.0, 0.105933777987957, 0.06394711136817932, 0.0, 0.0, 0.105933777987957, 0.0, 0.0, 0.0, 0.0, 0.0, 0.105933777987957, 0.0, 0.105933777987957, 0.0, 0.0, 0.105933777987957, 0.105933777987957, 0.0, 0.0, 0.09437622874975204, 0.0, 0.0, 0.0, 0.0, 0.105933777987957, 0.0, 0.0]",0.00626410309983369
30,1.0054538284359673,"[0.9977457415770138, 1.0130959441686136, 0.9982385009769565, 1.009835055049343, 1.0084189777037076, 1.0056398064619314, 1.0164953675736823, 1.0023626295442565, 0.9785466648448663, 1.0335731127656642, 1.007323432073107, 0.9864561517264117, 1.0071458912502254, 1.0049931494245274, 1.0169382059492915, 0.9921887602716206, 0.9985289756927958, 0.998490378127962, 1.0078936464497594, 1.0116227284452846, 1.0111045489733799, 1.0065358548417367, 1.0299588389366723, 1.0027062937887836, 0.9929010190765669, 0.993873446720527, 0.9936939795974814, 0.9898990865562698, 0.9911773013330204, 0.9961645294493099]","[0.9993049077908986, 1.0111171245106196, 1.0120962740602832, 0.997990979430463, 0.9971188141959488, 1.0103715872873467, 1.0203240843221844, 1.0074924400951015, 1.0067738118376635, 1.0072210013665808, 0.9905973569896498, 1.0054315242234138, 0.9931863447681214, 1.0166138738438133, 1.0344681847878598, 1.0042178280650553, 1.0026351649040754, 0.9960225898295125, 1.0011409937185176, 0.9904270208199734, 1.0103009228468607, 1.0073566713335909, 0.9860710434713714, 1.0011593466168176, 0.9848276658614872, 0.9938712024184713, 1.006554080483633, 0.9875722430228411, 0.9787476182502415, 0.9911796079730776]","[-0.0006950922091013556, 0.011117124510619636, 0.01209627406028324, -0.002009020569537001, -0.0028811858040511673, 0.010371587287346662, 0.020324084322184355, 0.007492440095101527, 0.006773811837663457, 0.00722100136658077, -0.009402643010350209, 0.005431524223413753, -0.0068136552318786014, 0.016613873843813298, 0.034468184787859846, 0.004217828065055329, 0.002635164904075449, -0.003977410170487472, 0.0011409937185176133, -0.009572979180026642, 0.010300922846860683, 0.0073566713335908585, -0.013928956528628578, 0.0011593466168176025, -0.015172334138512822, -0.006128797581528733, 0.00655408048363304, -0.012427756977158921, -0.02125238174975852, -0.008820392026922419]","[0.10156217962503433, 0.0, 0.0, 0.10156217962503433, 0.0, 0.0, 0.10156217962503433, 0.10156217962503433, 0.0, 0.08594048023223877, 0.0, 0.0, 0.0, 0.0, 0.10156217962503433, 0.0, 0.0, 0.10156217962503433, 0.10156217962503433, 0.0, 0.0, 0.0, 0.0, 0.0, 0.0, 0.0, 0.0, 0.10156217962503433, 0.0, 0.10156217962503433]","[0.0, 0.1, 0.1, 0.1, 0.1, 0.1, 0.1, 0.1, 0.1, 0.0, 0.0, 0.0, 0.0, 0.0, 0.0, 0.0, 0.0, 0.0, 0.0, 0.0, 0.0, 0.0, 0.0, 0.0, 0.0, 0.0, 0.0, 0.0, 0.1, 0.1]","[0.0034593834262468, 0.1016284688390282, 0.09657565726307882, 0.08371597155976594, 0.08299525534253267, 0.08774630881279645, 0.10963919978864632, 0.10043956374396683, 0.08270495513993928, 0.0, 0.0, 0.0037458039893792563, 0.0, 0.004897537492275688, 0.009599802833720698, 0.0, 0.0035260176039970718, 0.0, 0.012433936548715059, 0.0, 0.012508931964841841, 0.0, 0.0, 0.007066304123840364, 0.005825725876779408, 0.01151998055972357, 0.0, 0.0035566137589305167, 0.090114272599667, 0.0863003087321283]","[0.10156216472387314, 0.0, 0.0, 0.10156216472387314, 0.0, 0.0, 0.10156216472387314, 0.10156216472387314, 0.0, 0.08594047278165817, 0.0, 0.0, 0.0, 0.0, 0.10156216472387314, 0.0, 0.0, 0.10156216472387314, 0.10156216472387314, 0.0, 0.0, 0.0, 0.0, 0.0, 0.0, 0.0, 0.0, 0.10156216472387314, 0.0, 0.10156216472387314]",0.003864792914720462
31,1.0081314841458622,"[0.9993049077908986, 1.0111171245106196, 1.0120962740602832, 0.997990979430463, 0.9971188141959488, 1.0103715872873467, 1.0203240843221844, 1.0074924400951015, 1.0067738118376635, 1.0072210013665808, 0.9905973569896498, 1.0054315242234138, 0.9931863447681214, 1.0166138738438133, 1.0344681847878598, 1.0042178280650553, 1.0026351649040754, 0.9960225898295125, 1.0011409937185176, 0.9904270208199734, 1.0103009228468607, 1.0073566713335909, 0.9860710434713714, 1.0011593466168176, 0.9848276658614872, 0.9938712024184713, 1.006554080483633, 0.9875722430228411, 0.9787476182502415, 0.9911796079730776]","[1.000341711489437, 0.9995616121801766, 1.0081820793302263, 1.022171075567608, 1.0000536127207225, 1.002214552974633, 0.9994781026383938, 0.980874547820963, 1.0042016136433385, 0.9986310684899415, 0.9912108342680708, 0.9830621547979198, 1.0210030046888872, 1.0017662774430889, 0.9970142309398717, 0.9978284314512644, 1.0058392482426188, 0.9974736309312446, 0.9846952177570203, 1.0104194635988542, 1.0169469970182556, 1.0035396335819289, 1.0013233397124868, 1.0093290233291048, 1.0022645271104718, 0.9901930603543869, 0.989590678188824, 0.9953919096359161, 1.0111252185386805, 1.0019132999827767]","[0.00034171148943706875, -0.0004383878198234159, 0.0081820793302263, 0.02217107556760789, 5.361272072246237e-05, 0.0022145529746329107, -0.0005218973616062383, -0.01912545217903705, 0.0042016136433384865, -0.0013689315100584576, -0.008789165731929227, -0.016937845202080193, 0.02100300468888716, 0.0017662774430888817, -0.0029857690601282627, -0.0021715685487355696, 0.005839248242618833, -0.002526369068755363, -0.015304782242979709, 0.01041946359885415, 0.01694699701825564, 0.0035396335819288804, 0.0013233397124867707, 0.00932902332910479, 0.002264527110471759, -0.009806939645613078, -0.010409321811176042, -0.004608090364083939, 0.011125218538680537, 0.0019132999827766728]","[0.0, 0.0, 0.0, 0.0, 0.10000000149011612, 0.0, 0.0, 0.0, 0.0, 0.0, 0.0, 0.10000000149011612, 0.10000000149011612, 0.10000000149011612, 0.10000000149011612, 0.0, 0.0, 0.10000000149011612, 0.0, 0.0, 0.0, 0.10000000149011612, 0.0, 0.10000000149011612, 0.10000000149011612, 0.0, 0.0, 0.0, 0.10000000149011612, 0.0]","[0.0, 0.1, 0.1, 0.1, 0.1, 0.1, 0.1, 0.1, 0.1, 0.0, 0.0, 0.0, 0.0, 0.0, 0.0, 0.0, 0.0, 0.0, 0.0, 0.0, 0.0, 0.0, 0.0, 0.0, 0.0, 0.0, 0.0, 0.0, 0.1, 0.1]","[0.0, 0.07765474116961293, 0.10074722005307202, 0.09062462628346746, 0.08391347274743693, 0.10303881219838251, 0.09908624023743316, 0.09266448319995167, 0.07639824667712153, 0.0, 0.0, 0.012964017809414445, 0.0, 0.0, 0.0056906655104621544, 0.0, 0.005944894567268065, 0.009471793501472084, 0.003423397846270344, 0.0, 0.01110892639413124, 0.0, 0.011212339123987829, 0.011364619700703413, 0.007893940615933178, 0.0, 0.0, 0.008390165196228727, 0.08876068124976884, 0.09964671591788134]","[0.0, 0.0, 0.0, 0.0, 0.10000000149011612, 0.0, 0.0, 0.0, 0.0, 0.0, 0.0, 0.10000000149011612, 0.10000000149011612, 0.10000000149011612, 0.10000000149011612, 0.0, 0.0, 0.10000000149011612, 0.0, 0.0, 0.0, 0.10000000149011612, 0.0, 0.10000000149011612, 0.10000000149011612, 0.0, 0.0, 0.0, 0.10000000149011612, 0.0]",0.0022698725296435743
32,1.0110578063682294,"[1.000341711489437, 0.9995616121801766, 1.0081820793302263, 1.022171075567608, 1.0000536127207225, 1.002214552974633, 0.9994781026383938, 0.980874547820963, 1.0042016136433385, 0.9986310684899415, 0.9912108342680708, 0.9830621547979198, 1.0210030046888872, 1.0017662774430889, 0.9970142309398717, 0.9978284314512644, 1.0058392482426188, 0.9974736309312446, 0.9846952177570203, 1.0104194635988542, 1.0169469970182556, 1.0035396335819289, 1.0013233397124868, 1.0093290233291048, 1.0022645271104718, 0.9901930603543869, 0.989590678188824, 0.9953919096359161, 1.0111252185386805, 1.0019132999827767]","[1.012289889419579, 0.9991680964543, 1.0282671119147484, 1.0019440357386153, 0.9812820215780232, 1.0129177057232064, 1.0161315953645582, 1.000143599238898, 0.9999020059018874, 1.0070480670452286, 1.015552346751695, 1.016032619691297, 1.023614500837709, 0.9737884065441522, 0.9999827369557447, 1.0044697663580193, 1.0272686772036086, 1.002976006602567, 0.9924118733822797, 1.0068120617831051, 1.0104824304001245, 0.997824080424855, 0.9997037361678981, 0.996079367847253, 0.9926219461750286, 1.0049196464233787, 1.0127147333830617, 1.0029576234970743, 1.0070761183585453, 1.0046559571658074]","[0.012289889419579092, -0.0008319035456999524, 0.0282671119147484, 0.0019440357386153462, -0.018717978421976755, 0.012917705723206385, 0.016131595364558216, 0.00014359923889806225, -9.799409811261928e-05, 0.007048067045228645, 0.015552346751694923, 0.01603261969129699, 0.023614500837709107, -0.02621159345584778, -1.7263044255311222e-05, 0.0044697663580193225, 0.027268677203608593, 0.0029760066025670273, -0.007588126617720348, 0.006812061783105117, 0.010482430400124532, -0.002175919575144958, -0.0002962638321019062, -0.003920632152746961, -0.0073780538249713645, 0.004919646423378721, 0.012714733383061727, 0.002957623497074291, 0.007076118358545269, 0.004655957165807356]","[0.0, 0.06447813659906387, 0.0, 0.0, 0.0, 0.0, 0.0, 0.1371515989303589, 0.0, 0.0, 0.0, 0.0, 0.11882081627845764, 0.0651494711637497, 0.0, 0.07357446104288101, 0.0, 0.0, 0.0, 0.0, 0.05484640970826149, 0.1371515989303589, 0.11170371621847153, 0.0, 0.0, 0.0, 0.0, 0.0999721810221672, 0.1371515989303589, 0.0]","[0.0, 0.1, 0.1, 0.1, 0.1, 0.1, 0.1, 0.1, 0.1, 0.0, 0.0, 0.0, 0.0, 0.0, 0.0, 0.0, 0.0, 0.0, 0.0, 0.0, 0.0, 0.0, 0.0, 0.0, 0.0, 0.0, 0.0, 0.0, 0.1, 0.1]","[0.006645401529659087, 0.08339036838113102, 0.10837851171616467, 0.09815979291666556, 0.10288738679998048, 0.09421386893614156, 0.09372584081132988, 0.07420767616159295, 0.0943371610250126, 0.0, 0.0, 0.0, 0.008662983921325734, 0.002842615884463563, 0.0019991545330421178, 0.0, 0.0, 0.0, 0.01636359087138169, 0.007507601737668223, 0.01196325147308666, 0.0, 0.007016307494047338, 0.006099124482984442, 0.0, 0.00625253272961361, 0.0005711674143528151, 0.0, 0.08586301690738594, 0.08891264427296999]","[0.0, 0.06447813659906387, 0.0, 0.0, 0.0, 0.0, 0.0, 0.1371515989303589, 0.0, 0.0, 0.0, 0.0, 0.11882081627845764, 0.0651494711637497, 0.0, 0.07357446104288101, 0.0, 0.0, 0.0, 0.0, 0.05484640970826149, 0.1371515989303589, 0.11170371621847153, 0.0, 0.0, 0.0, 0.0, 0.0999721810221672, 0.1371515989303589, 0.0]",0.002523476127440228
33,1.0136754331300606,"[1.012289889419579, 0.9991680964543, 1.0282671119147484, 1.0019440357386153, 0.9812820215780232, 1.0129177057232064, 1.0161315953645582, 1.000143599238898, 0.9999020059018874, 1.0070480670452286, 1.015552346751695, 1.016032619691297, 1.023614500837709, 0.9737884065441522, 0.9999827369557447, 1.0044697663580193, 1.0272686772036086, 1.002976006602567, 0.9924118733822797, 1.0068120617831051, 1.0104824304001245, 0.997824080424855, 0.9997037361678981, 0.996079367847253, 0.9926219461750286, 1.0049196464233787, 1.0127147333830617, 1.0029576234970743, 1.0070761183585453, 1.0046559571658074]","[1.010925301413918, 1.0158064021135054, 1.0012566504623377, 1.0247760425518626, 0.9915768489396152, 0.9971728704355173, 0.9999959112424909, 1.0010146299331264, 0.9804581034977325, 1.0054281278075754, 0.978995101453223, 1.0162959961198896, 0.9852424718056424, 1.0128023014488066, 1.001675034092153, 1.001934458552125, 1.0069082057332361, 1.0008532346872487, 1.0006723553940413, 1.0148577044508278, 1.0101217619127325, 0.9887482411194138, 0.9956688593300157, 1.0144364213185495, 1.0039763886403437, 1.022995227583124, 0.98013715401559, 1.000582072914498, 1.0083403923181598, 0.9927237702055]","[0.010925301413917898, 0.01580640211350537, 0.001256650462337694, 0.02477604255186261, -0.008423151060384826, -0.002827129564482722, -4.088757509124186e-06, 0.0010146299331263986, -0.019541896502267453, 0.0054281278075754, -0.021004898546777007, 0.016295996119889633, -0.014757528194357605, 0.012802301448806563, 0.0016750340921529716, 0.0019344585521250401, 0.006908205733236139, 0.0008532346872487384, 0.000672355394041313, 0.014857704450827791, 0.010121761912732508, -0.01125175888058616, -0.004331140669984301, 0.014436421318549497, 0.003976388640343664, 0.022995227583124, -0.019862845984410016, 0.0005820729144980774, 0.00834039231815975, -0.007276229794500044]","[0.0, 0.0788833498954773, 0.0, 0.10525726526975632, 0.10525726526975632, 0.0, 0.0, 0.0, 0.10525726526975632, 0.0, 0.0, 0.0, 0.0, 0.0, 0.0, 0.10525726526975632, 0.0, 0.0, 0.0, 0.0, 0.0, 0.10525726526975632, 0.10525726526975632, 0.0, 0.10525726526975632, 0.07905853539705276, 0.0, 0.0, 0.10525726526975632, 0.0]","[0.0, 0.1, 0.1, 0.1, 0.1, 0.1, 0.1, 0.1, 0.1, 0.0, 0.0, 0.0, 0.0, 0.0, 0.0, 0.0, 0.0, 0.0, 0.0, 0.0, 0.0, 0.0, 0.0, 0.0, 0.0, 0.0, 0.0, 0.0, 0.1, 0.1]","[0.015491843513468283, 0.09233039299815442, 0.07808672628317782, 0.09062071942886603, 0.08748881299074088, 0.10263483991480353, 0.09476060379229766, 0.07525762256346948, 0.09127943942918158, 0.0024795191822004157, 0.0, 0.0, 0.0, 0.012961087970712454, 0.0022509531568072586, 0.016791470311548713, 0.005190826809782378, 0.029351105816401917, 0.0, 0.002317816962031983, 0.006743815016335715, 0.005437226046455858, 0.006011422535611729, 0.004070610928739273, 0.0, 0.0, 0.005697938999655478, 0.0, 0.07927338517120353, 0.09347182017835369]","[0.0, 0.0788833498954773, 0.0, 0.10525726526975632, 0.10525726526975632, 0.0, 0.0, 0.0, 0.10525726526975632, 0.0, 0.0, 0.0, 0.0, 0.0, 0.0, 0.10525726526975632, 0.0, 0.0, 0.0, 0.0, 0.0, 0.10525726526975632, 0.10525726526975632, 0.0, 0.10525726526975632, 0.07905853539705276, 0.0, 0.0, 0.10525726526975632, 0.0]",0.002257785500568115
34,1.0166597437569793,"[1.010925301413918, 1.0158064021135054, 1.0012566504623377, 1.0247760425518626, 0.9915768489396152, 0.9971728704355173, 0.9999959112424909, 1.0010146299331264, 0.9804581034977325, 1.0054281278075754, 0.978995101453223, 1.0162959961198896, 0.9852424718056424, 1.0128023014488066, 1.001675034092153, 1.001934458552125, 1.0069082057332361, 1.0008532346872487, 1.0006723553940413, 1.0148577044508278, 1.0101217619127325, 0.9887482411194138, 0.9956688593300157, 1.0144364213185495, 1.0039763886403437, 1.022995227583124, 0.98013715401559, 1.000582072914498, 1.0083403923181598, 0.9927237702055]","[0.9812735547919608, 0.9996600225513612, 1.0047398142909263, 0.9866475081628235, 1.020810211621297, 0.9956498239200243, 0.9662346479706354, 1.0031673734422277, 1.008870036125641, 0.9946924450615162, 1.0083446292808065, 1.010636900863802, 0.9887468643046519, 1.0036400453105903, 1.0124743773073845, 0.9984732835837299, 0.9974890095818871, 1.0187504890593544, 0.9915389240768956, 1.021242718484533, 0.9974364237259952, 1.0012918732236094, 0.9971895433414267, 1.0026260545241659, 0.9943333617572567, 0.9762416480459296, 1.0169804790028212, 0.9927484065493883, 0.9949930960819048, 0.9694728006239264]","[-0.018726445208039233, -0.0003399774486387841, 0.004739814290926292, -0.013352491837176461, 0.020810211621296926, -0.004350176079975676, -0.03376535202936459, 0.0031673734422277278, 0.008870036125641079, -0.005307554938483783, 0.008344629280806481, 0.01063690086380209, -0.011253135695348138, 0.0036400453105902564, 0.012474377307384543, -0.001526716416270113, -0.0025109904181128684, 0.01875048905935439, -0.00846107592310441, 0.021242718484532963, -0.0025635762740048307, 0.0012918732236093522, -0.002810456658573268, 0.002626054524165866, -0.0056666382427432715, -0.02375835195407039, 0.01698047900282118, -0.00725159345061166, -0.005006903918095218, -0.03052719937607362]","[0.0, 0.13233117759227753, 0.07441049814224243, 0.040426526218652725, 0.067104272544384, 0.0, 0.0, 0.1014881506562233, 0.0, 0.13233117759227753, 0.0, 0.0, 0.0, 0.13233117759227753, 0.0, 0.0, 0.10954093188047409, 0.11800289899110794, 0.0, 0.0, 0.0, 0.0, 0.09203319251537323, 0.0, 0.0, 0.0, 0.0, 0.0, 0.0, 0.0]","[0.0, 0.1, 0.1, 0.1, 0.1, 0.1, 0.1, 0.1, 0.1, 0.0, 0.0, 0.0, 0.0, 0.0, 0.0, 0.0, 0.0, 0.0, 0.0, 0.0, 0.0, 0.0, 0.0, 0.0, 0.0, 0.0, 0.0, 0.0, 0.1, 0.1]","[0.0, 0.1027489245665071, 0.09318216537944139, 0.09575105605134078, 0.10069568703358198, 0.10841820107437265, 0.07664840076625169, 0.10383559219136503, 0.09260304274130628, 0.0, 0.009255613270772726, 0.0, 0.018307208427146723, 0.0, 0.0, 0.005898417197797833, 0.0007386035772693547, 0.0, 0.0, 0.002853189723134065, 0.0, 0.0, 0.00016872273853618948, 0.0, 0.01039495357918261, 0.0009416901142519193, 0.0, 0.005619057816819863, 0.08055008181514142, 0.09138939193578037]","[0.0, 0.13233117759227753, 0.07441049814224243, 0.040426526218652725, 0.067104272544384, 0.0, 0.0, 0.1014881506562233, 0.0, 0.13233117759227753, 0.0, 0.0, 0.0, 0.13233117759227753, 0.0, 0.0, 0.10954093188047409, 0.11800289899110794, 0.0, 0.0, 0.0, 0.0, 0.09203319251537323, 0.0, 0.0, 0.0, 0.0, 0.0, 0.0, 0.0]",0.0025006039940196185
35,1.023534018430977,"[0.9812735547919608, 0.9996600225513612, 1.0047398142909263, 0.9866475081628235, 1.020810211621297, 0.9956498239200243, 0.9662346479706354, 1.0031673734422277, 1.008870036125641, 0.9946924450615162, 1.0083446292808065, 1.010636900863802, 0.9887468643046519, 1.0036400453105903, 1.0124743773073845, 0.9984732835837299, 0.9974890095818871, 1.0187504890593544, 0.9915389240768956, 1.021242718484533, 0.9974364237259952, 1.0012918732236094, 0.9971895433414267, 1.0026260545241659, 0.9943333617572567, 0.9762416480459296, 1.0169804790028212, 0.9927484065493883, 0.9949930960819048, 0.9694728006239264]","[1.0104327998875464, 1.0270474453919118, 1.0139502321818246, 0.9932925379966354, 1.005278422880569, 1.0229485918254162, 1.0137547921789054, 0.9911983418496918, 0.9920416507762311, 1.007401893219176, 1.0072889384641666, 1.0078058492881998, 1.0004518220878214, 0.9986442491135554, 0.9911249751372291, 1.0109851981119766, 1.0037219205108796, 0.9989329560355984, 1.0022670153356412, 1.014552607910877, 0.9924835926967762, 1.0194617387590634, 1.0037205921317056, 1.0009632604858107, 1.0157976694329676, 0.9925559163908001, 1.0072689257683574, 0.999183429235334, 0.9891058994274885, 0.991786404972835]","[0.010432799887546418, 0.02704744539191184, 0.013950232181824562, -0.006707462003364584, 0.0052784228805689, 0.022948591825416198, 0.013754792178905406, -0.0088016581503082, -0.007958349223768924, 0.007401893219175948, 0.007288938464166561, 0.007805849288199829, 0.0004518220878213519, -0.0013557508864445733, -0.00887502486277092, 0.010985198111976624, 0.003721920510879606, -0.0010670439644016039, 0.0022670153356412204, 0.014552607910877091, -0.007516407303223782, 0.01946173875906343, 0.0037205921317056134, 0.0009632604858107463, 0.015797669432967565, -0.007444083609199903, 0.007268925768357359, -0.0008165707646660136, -0.0108941005725115, -0.00821359502716501]","[0.0, 0.11774120479822159, 0.07885287702083588, 0.11774120479822159, 0.0, 0.0, 0.11774120479822159, 0.11774120479822159, 0.0, 0.0, 0.0, 0.053006287664175034, 0.11774120479822159, 0.0, 0.0, 0.07004155218601227, 0.0, 0.0, 0.0, 0.09165207296609879, 0.0, 0.0, 0.0, 0.11774120479822159, 0.0, 0.0, 0.0, 0.0, 0.0, 0.0]","[0.0, 0.1, 0.1, 0.1, 0.1, 0.1, 0.1, 0.1, 0.1, 0.0, 0.0, 0.0, 0.0, 0.0, 0.0, 0.0, 0.0, 0.0, 0.0, 0.0, 0.0, 0.0, 0.0, 0.0, 0.0, 0.0, 0.0, 0.0, 0.1, 0.1]","[0.004166760693016635, 0.0657936036778276, 0.10668610302482097, 0.09049279896516789, 0.07981943256841852, 0.10681132885908047, 0.1131062735064699, 0.09950421384025715, 0.08760728398220319, 0.0022993600191309146, 0.005222468794104398, 0.0, 0.0, 0.0, 0.009254999484050501, 0.0034398630492283202, 0.0, 0.0, 0.0, 0.0, 0.0, 0.0, 0.0026557594094930594, 0.002237808266147578, 0.008386223376585615, 0.0, 0.006754311410725891, 0.013894214309898624, 0.09774527851258237, 0.09412191425079039]","[0.0, 0.11774120479822159, 0.07885287702083588, 0.11774120479822159, 0.0, 0.0, 0.11774120479822159, 0.11774120479822159, 0.0, 0.0, 0.0, 0.053006287664175034, 0.11774120479822159, 0.0, 0.0, 0.07004155218601227, 0.0, 0.0, 0.0, 0.09165207296609879, 0.0, 0.0, 0.0, 0.11774120479822159, 0.0, 0.0, 0.0, 0.0, 0.0, 0.0]",0.006317277675644617
36,1.029839832678186,"[1.0104327998875464, 1.0270474453919118, 1.0139502321818246, 0.9932925379966354, 1.005278422880569, 1.0229485918254162, 1.0137547921789054, 0.9911983418496918, 0.9920416507762311, 1.007401893219176, 1.0072889384641666, 1.0078058492881998, 1.0004518220878214, 0.9986442491135554, 0.9911249751372291, 1.0109851981119766, 1.0037219205108796, 0.9989329560355984, 1.0022670153356412, 1.014552607910877, 0.9924835926967762, 1.0194617387590634, 1.0037205921317056, 1.0009632604858107, 1.0157976694329676, 0.9925559163908001, 1.0072689257683574, 0.999183429235334, 0.9891058994274885, 0.991786404972835]","[0.9949068093058518, 1.0022765736022201, 0.9908066759491992, 0.9903789532252847, 1.0089118429941626, 1.003478082922101, 1.0191287200360477, 1.0088084464240543, 0.9982822343122039, 1.0139900852655501, 0.99480645890152, 1.0103328862780692, 1.0146451895126725, 0.9965063353689448, 1.0034912991895582, 1.0216296870150483, 0.9883501068444723, 0.9988538372139846, 1.0234135623251595, 1.0051056272867906, 1.0042423341206712, 0.9951223143458757, 0.9786023928313594, 0.9972477581915755, 1.0064405403374506, 0.9892959628567262, 0.9843145031435527, 1.028098152606406, 1.0247894849711512, 1.0164626442393343]","[-0.005093190694148153, 0.002276573602220111, -0.009193324050800755, -0.009621046774715314, 0.008911842994162589, 0.0034780829221010556, 0.01912872003604771, 0.008808446424054317, -0.0017177656877961356, 0.013990085265550123, -0.005193541098480026, 0.010332886278069164, 0.014645189512672463, -0.00349366463105516, 0.0034912991895581502, 0.021629687015048304, -0.011649893155527669, -0.0011461627860154255, 0.023413562325159454, 0.005105627286790648, 0.0042423341206712095, -0.004877685654124275, -0.021397607168640587, -0.0027522418084244826, 0.006440540337450562, -0.010704037143273837, -0.015685496856447267, 0.028098152606405913, 0.024789484971151188, 0.0164626442393343]","[0.11653358489274979, 0.0, 0.0, 0.0, 0.09730271995067596, 0.0, 0.11653358489274979, 0.0, 0.11653358489274979, 0.0, 0.08521393686532974, 0.0, 0.11653358489274979, 0.07541540265083313, 0.07456929236650467, 0.0, 0.0, 0.0, 0.0, 0.0, 0.11653358489274979, 0.0, 0.0, 0.0, 0.0, 0.0, 0.0, 0.0, 0.08483069390058517, 0.0]","[0.0, 0.1, 0.1, 0.1, 0.1, 0.1, 0.1, 0.1, 0.1, 0.0, 0.0, 0.0, 0.0, 0.0, 0.0, 0.0, 0.0, 0.0, 0.0, 0.0, 0.0, 0.0, 0.0, 0.0, 0.0, 0.0, 0.0, 0.0, 0.1, 0.1]","[0.00491997097484739, 0.08985996393351336, 0.09428253834002315, 0.07889673712004637, 0.08789029435826567, 0.10205284080492472, 0.09574159034250244, 0.08618038258321097, 0.1029944030388638, 0.002855027541412168, 0.0, 0.0, 0.0, 0.002777506477677096, 0.0, 0.0, 0.0, 0.0, 0.004727327644595081, 0.0012846390522899631, 0.002355251594637996, 0.010864223194736986, 0.021521134621310323, 0.0, 0.01091696490124731, 0.010039310575747765, 0.0, 0.0, 0.09167923937054404, 0.09816065352960346]","[0.11653358489274979, 0.0, 0.0, 0.0, 0.09730271995067596, 0.0, 0.11653358489274979, 0.0, 0.11653358489274979, 0.0, 0.08521393686532974, 0.0, 0.11653358489274979, 0.07541540265083313, 0.07456929236650467, 0.0, 0.0, 0.0, 0.0, 0.0, 0.11653358489274979, 0.0, 0.0, 0.0, 0.0, 0.0, 0.0, 0.0, 0.08483069390058517, 0.0]",0.005793113694299476
37,1.030087663875092,"[0.9949068093058518, 1.0022765736022201, 0.9908066759491992, 0.9903789532252847, 1.0089118429941626, 1.003478082922101, 1.0191287200360477, 1.0088084464240543, 0.9982822343122039, 1.0139900852655501, 0.99480645890152, 1.0103328862780692, 1.0146451895126725, 0.9965063353689448, 1.0034912991895582, 1.0216296870150483, 0.9883501068444723, 0.9988538372139846, 1.0234135623251595, 1.0051056272867906, 1.0042423341206712, 0.9951223143458757, 0.9786023928313594, 0.9972477581915755, 1.0064405403374506, 0.9892959628567262, 0.9843145031435527, 1.028098152606406, 1.0247894849711512, 1.0164626442393343]","[0.9879492721066258, 1.0006542944080292, 0.9902347764205908, 1.0190000915720474, 0.9883376285583567, 0.9907898399757715, 1.0043356137439103, 1.0053155266320566, 1.0029602431856022, 0.9983498715672102, 1.0030059653030032, 1.0244076560079305, 0.9878339385755346, 1.0171788918241074, 0.988102487060644, 0.9943497838258517, 1.0147538913047678, 1.0106247371947454, 0.9873205292190432, 1.0011966485431218, 1.0322562853688717, 0.985332360139961, 0.9844696365992722, 1.00786835158416, 0.9807979374479278, 1.0168568782602239, 0.9938601344295337, 1.00145956102228, 0.9946765048266548, 0.9972719805295345]","[-0.012050727893374247, 0.0006542944080292212, -0.009765223579409232, 0.019000091572047406, -0.011662371441643282, -0.009210160024228475, 0.004335613743910338, 0.005315526632056589, 0.002960243185602174, -0.001650128432789777, 0.003005965303003233, 0.02440765600793049, -0.012166061424465413, 0.017178891824107367, -0.011897512939356036, -0.005650216174148293, 0.014753891304767786, 0.010624737194745437, -0.01267947078095677, 0.0011966485431218477, 0.03225628536887171, -0.01466763986003905, -0.015530363400727776, 0.007868351584159994, -0.01920206255207224, 0.016856878260223862, -0.006139865570466307, 0.0014595610222800648, -0.005323495173345183, -0.002728019470465526]","[0.0, 0.09180361032485962, 0.0, 0.0, 0.0, 0.0, 0.0, 0.0, 0.0, 0.10132241249084473, 0.10132241249084473, 0.10132241249084473, 0.0, 0.0, 0.10023435205221176, 0.0, 0.0, 0.0, 0.0, 0.0, 0.0, 0.0, 0.0, 0.0, 0.10132241249084473, 0.10132241249084473, 0.10132241249084473, 0.10132241249084473, 0.09870519489049911, 0.0]","[0.0, 0.1, 0.1, 0.1, 0.1, 0.1, 0.1, 0.1, 0.1, 0.0, 0.0, 0.0, 0.0, 0.0, 0.0, 0.0, 0.0, 0.0, 0.0, 0.0, 0.0, 0.0, 0.0, 0.0, 0.0, 0.0, 0.0, 0.0, 0.1, 0.1]","[0.0, 0.09234260304235643, 0.08859289528410515, 0.09653059209130542, 0.08653300806286716, 0.073115462553989, 0.08969533073808943, 0.1041677386520368, 0.09393957367751742, 0.0, 0.0, 0.013523398784076882, 0.008392916010270392, 0.0, 0.016486690639416293, 0.0, 0.0003794197205048485, 0.0, 0.016602450757225884, 0.0, 0.007798700697336354, 0.0, 0.0, 0.0, 0.0, 0.0068605828250436285, 0.0, 0.0, 0.1126113795977347, 0.09242725686612435]","[0.0, 0.09180361032485962, 0.0, 0.0, 0.0, 0.0, 0.0, 0.0, 0.0, 0.10132241249084473, 0.10132241249084473, 0.10132241249084473, 0.0, 0.0, 0.10023435205221176, 0.0, 0.0, 0.0, 0.0, 0.0, 0.0, 0.0, 0.0, 0.0, 0.10132241249084473, 0.10132241249084473, 0.10132241249084473, 0.10132241249084473, 0.09870519489049911, 0.0]",-0.00014233604681746276
38,1.0361182610775357,"[0.9879492721066258, 1.0006542944080292, 0.9902347764205908, 1.0190000915720474, 0.9883376285583567, 0.9907898399757715, 1.0043356137439103, 1.0053155266320566, 1.0029602431856022, 0.9983498715672102, 1.0030059653030032, 1.0244076560079305, 0.9878339385755346, 1.0171788918241074, 0.988102487060644, 0.9943497838258517, 1.0147538913047678, 1.0106247371947454, 0.9873205292190432, 1.0011966485431218, 1.0322562853688717, 0.985332360139961, 0.9844696365992722, 1.00786835158416, 0.9807979374479278, 1.0168568782602239, 0.9938601344295337, 1.00145956102228, 0.9946765048266548, 0.9972719805295345]","[1.019943476340606, 1.008635259299524, 0.9912595043819492, 0.9983307790452637, 0.9863805364543516, 1.000408135670545, 1.024451615204561, 1.0078232942100038, 1.0075653087866674, 0.9923843630136439, 0.9973062147614767, 1.005535467781316, 1.0107557346964453, 0.992925840271112, 0.9771271431834404, 1.000745067597332, 1.0134908086653338, 1.0163224653558898, 0.9925249892067844, 1.007304609672681, 1.0038682212889776, 1.0109182789483535, 0.9939385725414038, 0.9986212988649541, 0.9942234992547152, 0.9918504142864656, 0.982663328345664, 0.9958002656248582, 1.01852388027827, 1.0191989916472088]","[0.019943476340605892, 0.008635259299524023, -0.008740495618050792, -0.0016692209547363168, -0.013619463545648358, 0.00040813567054498456, 0.024451615204561072, 0.007823294210003828, 0.007565308786667391, -0.007615636986356145, -0.002693785238523261, 0.0055354677813159725, 0.010755734696445307, -0.00707415972888803, -0.022872856816559595, 0.0007450675973319498, 0.013490808665333809, 0.01632246535588977, -0.007475010793215553, 0.007304609672680984, 0.003868221288977569, 0.01091827894835351, -0.006061427458596169, -0.001378701135045901, -0.005776500745284796, -0.008149585713534413, -0.017336671654336056, -0.0041997343751417615, 0.0185238802782699, 0.01919899164720884]","[0.07762153446674347, 0.0, 0.0, 0.12055769562721252, 0.061310913413763046, 0.0, 0.0, 0.0, 0.12381792068481445, 0.0, 0.06276196986436844, 0.0, 0.05865820124745369, 0.0, 0.0, 0.12381792068481445, 0.0, 0.12381792068481445, 0.0, 0.0, 0.12381792068481445, 0.12381792068481445, 0.0, 0.0, 0.0, 0.0, 0.0, 0.0, 0.0, 0.0]","[0.0, 0.1, 0.1, 0.1, 0.1, 0.1, 0.1, 0.1, 0.1, 0.0, 0.0, 0.0, 0.0, 0.0, 0.0, 0.0, 0.0, 0.0, 0.0, 0.0, 0.0, 0.0, 0.0, 0.0, 0.0, 0.0, 0.0, 0.0, 0.1, 0.1]","[0.015168162549705275, 0.08676106777215307, 0.09063101015992778, 0.10608730605612887, 0.09627558639073026, 0.0868862633055871, 0.09984132139054652, 0.08580967191198706, 0.08846379001021167, 0.0, 0.0, 0.004021319107004854, 0.008094691962088885, 0.0, 0.006068832139688762, 0.002897279597162772, 0.0, 0.0013696933551642552, 0.0, 0.0017617662763536742, 0.01345791065204384, 0.01596775538885656, 0.0003536455811960351, 0.000522471714781611, 0.009026261527115564, 0.0, 0.00022748683446028039, 0.0, 0.08765020004603433, 0.09265650627107097]","[0.07762154191732407, 0.0, 0.0, 0.12055771052837372, 0.06131092086434364, 0.0, 0.0, 0.0, 0.12381793558597565, 0.0, 0.06276197731494904, 0.0, 0.058658208698034286, 0.0, 0.0, 0.12381793558597565, 0.0, 0.12381793558597565, 0.0, 0.0, 0.12381793558597565, 0.12381793558597565, 0.0, 0.0, 0.0, 0.0, 0.0, 0.0, 0.0, 0.0]",0.005497269471898457
39,1.03842380716852,"[1.019943476340606, 1.008635259299524, 0.9912595043819492, 0.9983307790452637, 0.9863805364543516, 1.000408135670545, 1.024451615204561, 1.0078232942100038, 1.0075653087866674, 0.9923843630136439, 0.9973062147614767, 1.005535467781316, 1.0107557346964453, 0.992925840271112, 0.9771271431834404, 1.000745067597332, 1.0134908086653338, 1.0163224653558898, 0.9925249892067844, 1.007304609672681, 1.0038682212889776, 1.0109182789483535, 0.9939385725414038, 0.9986212988649541, 0.9942234992547152, 0.9918504142864656, 0.982663328345664, 0.9958002656248582, 1.01852388027827, 1.0191989916472088]","[1.0099403938468878, 1.0041156425404594, 0.9925955507972848, 1.0358447844393979, 1.010031287868549, 1.0116618582911705, 1.0040116317853478, 0.9690171271663711, 0.9912682811215227, 1.0082308609281332, 0.9931567053565145, 1.0122033809374513, 1.0058121500266735, 0.9849651202754682, 1.0030467887556043, 1.0039304629242027, 1.0059478395740695, 0.9892915973610135, 1.0102037791497742, 0.9859586713801188, 0.9982732081328309, 0.9874341973207107, 0.9986956188047008, 1.0158462872258152, 0.9999818304923701, 0.9862402900998629, 1.0151770393252035, 0.9800699727574805, 0.998516223214626, 0.9993393891159481]","[0.00994039384688783, 0.004115642540459374, -0.007404449202715213, 0.03584478443939787, 0.0100312878685489, 0.011661858291170502, 0.004011631785347802, -0.030982872833628883, -0.008731718878477346, 0.008230860928133188, -0.006843294643485542, 0.012203380937451325, 0.005812150026673457, -0.015034879724531769, 0.0030467887556042683, 0.003930462924202738, 0.0059478395740695245, -0.010708402638986536, 0.010203779149774217, -0.014041328619881166, -0.001726791867169064, -0.012565802679289306, -0.0013043811952991868, 0.01584628722581516, -1.8169507629894888e-05, -0.013759709900137085, 0.015177039325203534, -0.019930027242519466, -0.0014837767853740358, -0.0006606108840518932]","[0.0, 0.1160772442817688, 0.0, 0.1160772442817688, 0.0, 0.0, 0.0, 0.0, 0.0, 0.0, 0.1160772442817688, 0.0, 0.1160772442817688, 0.0, 0.0, 0.0, 0.1160772442817688, 0.0, 0.0, 0.0, 0.06799426674842834, 0.0, 0.0, 0.0, 0.0, 0.11267620325088501, 0.06376156955957413, 0.10972490906715393, 0.06545688956975937, 0.0]","[0.0, 0.1, 0.1, 0.1, 0.1, 0.1, 0.1, 0.1, 0.1, 0.0, 0.0, 0.0, 0.0, 0.0, 0.0, 0.0, 0.0, 0.0, 0.0, 0.0, 0.0, 0.0, 0.0, 0.0, 0.0, 0.0, 0.0, 0.0, 0.1, 0.1]","[0.010527136730455716, 0.09800901862806825, 0.08834145935463447, 0.0961182806515563, 0.1026855194204334, 0.1057002733599709, 0.08267771137135588, 0.07318442406875236, 0.10623539223300746, 0.0002683785221458182, 0.0, 0.00044153530395990467, 0.010875610853658756, 0.0, 0.004713270808205691, 0.0021496683422461884, 0.007159331108541643, 0.008889085174812555, 0.0, 0.016884051936408538, 0.014219273369373873, 0.0, 0.003923123464897382, 0.0, 0.0, 0.0, 0.0, 0.0, 0.08695534738160832, 0.08004210791590655]","[0.0, 0.1160772293806076, 0.0, 0.1160772293806076, 0.0, 0.0, 0.0, 0.0, 0.0, 0.0, 0.1160772293806076, 0.0, 0.1160772293806076, 0.0, 0.0, 0.0, 0.1160772293806076, 0.0, 0.0, 0.0, 0.06799425929784775, 0.0, 0.0, 0.0, 0.0, 0.11267618834972382, 0.06376156210899353, 0.10972489416599274, 0.06545688211917877, 0.0]",0.0017780672426299959
40,1.0385791043060375,"[1.0099403938468878, 1.0041156425404594, 0.9925955507972848, 1.0358447844393979, 1.010031287868549, 1.0116618582911705, 1.0040116317853478, 0.9690171271663711, 0.9912682811215227, 1.0082308609281332, 0.9931567053565145, 1.0122033809374513, 1.0058121500266735, 0.9849651202754682, 1.0030467887556043, 1.0039304629242027, 1.0059478395740695, 0.9892915973610135, 1.0102037791497742, 0.9859586713801188, 0.9982732081328309, 0.9874341973207107, 0.9986956188047008, 1.0158462872258152, 0.9999818304923701, 0.9862402900998629, 1.0151770393252035, 0.9800699727574805, 0.998516223214626, 0.9993393891159481]","[1.0120053789636372, 0.9834615175505722, 0.9972953170226229, 1.0105429864856386, 1.0301431187046997, 1.0039965676017168, 0.9869137656909631, 1.0125472453880666, 0.9828290515222505, 0.9662131152671568, 0.9883414368317044, 0.9923320671785618, 0.9783942133160654, 0.9961288082355874, 1.016742240864277, 0.9921173966561232, 0.9761545261587362, 1.0081586051984657, 0.9992470276816793, 0.985365567578465, 1.0101950428021085, 0.9813561941562677, 0.9994800767227313, 1.0039003158928677, 1.0106378142088568, 1.001054894878407, 1.0266472732633072, 0.9970244952641323, 1.0174519217633682, 0.9943619480529649]","[0.012005378963637181, -0.016538482449427794, -0.0027046829773771375, 0.010542986485638561, 0.030143118704699656, 0.0039965676017168494, -0.013086234309036882, 0.012547245388066619, -0.01717094847774947, -0.03378688473284319, -0.01165856316829561, -0.007667932821438184, -0.021605786683934647, -0.0038711917644126403, 0.016742240864277003, -0.007882603343876804, -0.023845473841263787, 0.008158605198465674, -0.0007529723183207215, -0.014634432421534949, 0.010195042802108478, -0.018643805843732264, -0.0005199232772686857, 0.0039003158928676562, 0.010637814208856788, 0.0010548948784070422, 0.02664727326330718, -0.002975504735867718, 0.017451921763368183, -0.00563805194703515]","[0.10575923323631287, 0.0, 0.0, 0.09984169155359268, 0.0, 0.0, 0.0, 0.10575923323631287, 0.0, 0.10575923323631287, 0.10205251723527908, 0.0, 0.0, 0.10575923323631287, 0.0, 0.0, 0.0, 0.08165650814771652, 0.0, 0.10575923323631287, 0.0, 0.0, 0.0, 0.0, 0.10575923323631287, 0.0, 0.0, 0.0, 0.08189387619495392, 0.0]","[0.0, 0.1, 0.1, 0.1, 0.1, 0.1, 0.1, 0.1, 0.1, 0.0, 0.0, 0.0, 0.0, 0.0, 0.0, 0.0, 0.0, 0.0, 0.0, 0.0, 0.0, 0.0, 0.0, 0.0, 0.0, 0.0, 0.0, 0.0, 0.1, 0.1]","[0.0, 0.08816259410592696, 0.08795128923176443, 0.09410725041996389, 0.07702776505731798, 0.09445352201949314, 0.07999619530881615, 0.07663594273050373, 0.09417103117537409, 0.010344037263512866, 0.0019483786474838274, 0.014908652911082612, 0.012432623850082123, 0.01121282642758275, 0.003999835450047704, 0.006505785121700533, 0.007620631033776936, 0.011426901624942757, 0.006504072767627291, 0.0, 0.0, 0.0, 0.01051873944937307, 0.0, 0.001312827174082868, 0.005790128597911861, 0.0, 0.005912222372778612, 0.09482592389252685, 0.102230823366327]","[0.10575924068689346, 0.0, 0.0, 0.09984169900417328, 0.0, 0.0, 0.0, 0.10575924068689346, 0.0, 0.10575924068689346, 0.10205252468585968, 0.0, 0.0, 0.10575924068689346, 0.0, 0.0, 0.0, 0.08165651559829712, 0.0, 0.10575924068689346, 0.0, 0.0, 0.0, 0.0, 0.10575924068689346, 0.0, 0.0, 0.0, 0.08189388364553452, 0.0]",-0.00020880405942539762
41,1.0408932724563245,"[1.0120053789636372, 0.9834615175505722, 0.9972953170226229, 1.0105429864856386, 1.0301431187046997, 1.0039965676017168, 0.9869137656909631, 1.0125472453880666, 0.9828290515222505, 0.9662131152671568, 0.9883414368317044, 0.9923320671785618, 0.9783942133160654, 0.9961288082355874, 1.016742240864277, 0.9921173966561232, 0.9761545261587362, 1.0081586051984657, 0.9992470276816793, 0.985365567578465, 1.0101950428021085, 0.9813561941562677, 0.9994800767227313, 1.0039003158928677, 1.0106378142088568, 1.001054894878407, 1.0266472732633072, 0.9970244952641323, 1.0174519217633682, 0.9943619480529649]","[1.0006763857232233, 0.9690460958876757, 0.9875657906921396, 1.010720850629349, 1.0070941516519085, 0.9919444428340894, 1.0123991671426387, 1.016197779728897, 1.0016535905710988, 1.0014339355968338, 1.0092403321468635, 0.9946199053065439, 1.005736775624675, 0.9860921056292598, 0.992566544285094, 0.9900830059940691, 0.996024565834094, 0.9899506762328499, 1.0157636315429925, 1.0002468434887624, 0.9855826083950339, 0.9925093004254075, 1.002044213096703, 1.0168435933863453, 1.005310204999178, 1.0010983480283882, 1.0137226106568478, 0.9755961986527271, 1.005786722903578, 0.9986797642219296]","[0.0006763857232232606, -0.03095390411232435, -0.012434209307860433, 0.010720850629349021, 0.00709415165190852, -0.008055557165910554, 0.012399167142638667, 0.01619777972889702, 0.0016535905710988175, 0.001433935596833802, 0.009240332146863484, -0.005380094693456128, 0.005736775624674895, -0.013907894370740248, -0.0074334557149059455, -0.009916994005930935, -0.0039754341659059556, -0.010049323767150065, 0.01576363154299254, 0.0002468434887623605, -0.014417391604966134, -0.007490699574592474, 0.002044213096703107, 0.016843593386345335, 0.005310204999178003, 0.001098348028388152, 0.013722610656847767, -0.024403801347272935, 0.005786722903577957, -0.0013202357780703888]","[0.0, 0.0, 0.0, 0.0902625024318695, 0.0, 0.10057362169027328, 0.0, 0.0, 0.10835732519626617, 0.0, 0.0, 0.0, 0.10835732519626617, 0.0, 0.0, 0.0, 0.0, 0.0, 0.10835732519626617, 0.09425816684961319, 0.08771585673093796, 0.0, 0.10835732519626617, 0.0, 0.08756973594427109, 0.10619091242551804, 0.0, 0.0, 0.0, 0.0]","[0.0, 0.1, 0.1, 0.1, 0.1, 0.1, 0.1, 0.1, 0.1, 0.0, 0.0, 0.0, 0.0, 0.0, 0.0, 0.0, 0.0, 0.0, 0.0, 0.0, 0.0, 0.0, 0.0, 0.0, 0.0, 0.0, 0.0, 0.0, 0.1, 0.1]","[0.006784526292342613, 0.08956527707156076, 0.09756271854242334, 0.09877582002654374, 0.09715062260766202, 0.08750210928512966, 0.09549365648711301, 0.10256202706720077, 0.08636041366834615, 0.006971962620702993, 0.0038539288311395547, 0.0, 0.0, 0.00421790841409354, 0.00872305120850142, 0.014549678540377758, 0.0, 0.004836775885871029, 0.002372043166949165, 0.0, 0.0, 0.00210734408017003, 0.0, 0.0, 0.0, 0.0, 0.0, 0.0, 0.08796040349036312, 0.10264973271350933]","[0.0, 0.0, 0.0, 0.0902625024318695, 0.0, 0.10057362169027328, 0.0, 0.0, 0.10835732519626617, 0.0, 0.0, 0.0, 0.10835732519626617, 0.0, 0.0, 0.0, 0.0, 0.0, 0.10835732519626617, 0.09425816684961319, 0.08771585673093796, 0.0, 0.10835732519626617, 0.0, 0.08756973594427109, 0.10619091242551804, 0.0, 0.0, 0.0, 0.0]",0.0019230366045355734
42,1.050649214132297,"[1.0006763857232233, 0.9690460958876757, 0.9875657906921396, 1.010720850629349, 1.0070941516519085, 0.9919444428340894, 1.0123991671426387, 1.016197779728897, 1.0016535905710988, 1.0014339355968338, 1.0092403321468635, 0.9946199053065439, 1.005736775624675, 0.9860921056292598, 0.992566544285094, 0.9900830059940691, 0.996024565834094, 0.9899506762328499, 1.0157636315429925, 1.0002468434887624, 0.9855826083950339, 0.9925093004254075, 1.002044213096703, 1.0168435933863453, 1.005310204999178, 1.0010983480283882, 1.0137226106568478, 0.9755961986527271, 1.005786722903578, 0.9986797642219296]","[0.9896183432637025, 0.9869386831319049, 1.0005480794947588, 1.0056627464569488, 1.0046316981874235, 1.0147270613671817, 1.007151644066168, 1.009752250403118, 1.0005205801995525, 0.9848014164315134, 1.0073292383245886, 1.0242675453494299, 1.0043822442667436, 1.009418358018555, 0.9983137418411273, 0.9927866090131902, 0.9860158028394366, 1.006034063104389, 1.02073545671156, 1.0455412328678122, 0.9903592345043376, 1.0095532441327613, 1.0102221106339773, 1.015293742082535, 0.9779599037442231, 1.0097132222437832, 1.000795396528741, 1.0066378995365732, 0.9846814500274373, 1.0111464528617558]","[-0.01038165673629754, -0.013061316868095085, 0.0005480794947587686, 0.005662746456948753, 0.004631698187423483, 0.014727061367181715, 0.007151644066168084, 0.009752250403118001, 0.0005205801995524784, -0.015198583568486579, 0.007329238324588649, 0.024267545349429875, 0.004382244266743607, 0.009418358018554951, -0.0016862581588726888, -0.007213390986809842, -0.013984197160563427, 0.00603406310438892, 0.020735456711560074, 0.0455412328678122, -0.009640765495662396, 0.009553244132761263, 0.010222110633977266, 0.015293742082534978, -0.022040096255776853, 0.009713222243783237, 0.0007953965287410547, 0.006637899536573233, -0.015318549972562656, 0.011146452861755751]","[0.11211644858121872, 0.0, 0.0, 0.0, 0.0, 0.0, 0.0, 0.0, 0.0, 0.0, 0.0, 0.10704126954078674, 0.10066382586956024, 0.0, 0.0, 0.0, 0.11705618351697922, 0.0722048431634903, 0.08731313794851303, 0.09243761748075485, 0.0, 0.08439560234546661, 0.0, 0.11672211438417435, 0.0, 0.0, 0.11004897952079773, 0.0, 0.0, 0.0]","[0.0, 0.1, 0.1, 0.1, 0.1, 0.1, 0.1, 0.1, 0.1, 0.0, 0.0, 0.0, 0.0, 0.0, 0.0, 0.0, 0.0, 0.0, 0.0, 0.0, 0.0, 0.0, 0.0, 0.0, 0.0, 0.0, 0.0, 0.0, 0.1, 0.1]","[0.013005611816125277, 0.0990233330536276, 0.08498314807990126, 0.09970170478344778, 0.09423752784518195, 0.08477877563193004, 0.10283391713462683, 0.08734041076095655, 0.09376413310458967, 0.0, 0.010939099945926057, 0.009138029398575344, 0.0, 0.006527838869717844, 0.0, 0.0, 0.00112009231953683, 0.0, 0.002303758976729607, 0.01680114754436518, 0.0023358351565962014, 0.0, 0.0, 0.0, 0.0, 0.004392989260964377, 0.00295732868569012, 0.0015397945387252239, 0.0895635601618387, 0.0927119629309476]","[0.11211644858121872, 0.0, 0.0, 0.0, 0.0, 0.0, 0.0, 0.0, 0.0, 0.0, 0.0, 0.10704126954078674, 0.10066382586956024, 0.0, 0.0, 0.0, 0.11705618351697922, 0.0722048431634903, 0.08731313794851303, 0.09243761748075485, 0.0, 0.08439560234546661, 0.0, 0.11672211438417435, 0.0, 0.0, 0.11004897952079773, 0.0, 0.0, 0.0]",0.008947386919889222
43,1.0445494095179457,"[0.9896183432637025, 0.9869386831319049, 1.0005480794947588, 1.0056627464569488, 1.0046316981874235, 1.0147270613671817, 1.007151644066168, 1.009752250403118, 1.0005205801995525, 0.9848014164315134, 1.0073292383245886, 1.0242675453494299, 1.0043822442667436, 1.009418358018555, 0.9983137418411273, 0.9927866090131902, 0.9860158028394366, 1.006034063104389, 1.02073545671156, 1.0455412328678122, 0.9903592345043376, 1.0095532441327613, 1.0102221106339773, 1.015293742082535, 0.9779599037442231, 1.0097132222437832, 1.000795396528741, 1.0066378995365732, 0.9846814500274373, 1.0111464528617558]","[1.0223472011006505, 1.0133021618228202, 1.001798196463895, 1.0057354399228988, 0.9971381679548235, 0.9926863996273234, 1.011223792927057, 0.990779988558809, 0.9976558591124599, 1.0042795186753117, 0.9962089730926416, 0.9782032766149927, 0.9853140448372751, 1.0069387426021748, 1.017359960482573, 0.9991354405304459, 0.9899238069340983, 0.9961806172143538, 1.0112472168602669, 0.989162117363792, 0.9848612633043025, 1.0157034348589684, 0.980188480437148, 0.971949165328317, 1.01264450326581, 1.0187166633951978, 0.9930227820522033, 0.9831044952763229, 0.9949193643855605, 1.0077065377356798]","[0.02234720110065047, 0.01330216182282018, 0.0017981964638948966, 0.005735439922898822, -0.0028618320451765378, -0.0073136003726765875, 0.011223792927057108, -0.009220011441191, -0.0023441408875400915, 0.004279518675311733, -0.0037910269073584413, -0.021796723385007266, -0.014685955162724862, 0.006938742602174752, 0.017359960482572934, -0.0008645594695541048, -0.010076193065901684, -0.003819382785646197, 0.011247216860266862, -0.010837882636207996, -0.015138736695697541, 0.015703434858968413, -0.019811519562851987, -0.02805083467168301, 0.012644503265810014, 0.01871666339519784, -0.00697721794779671, -0.01689550472367707, -0.005080635614439499, 0.007706537735679753]","[0.0, 0.0, 0.0, 0.10221244394779205, 0.0, 0.10221244394779205, 0.0, 0.0, 0.0, 0.0, 0.0, 0.08709109574556351, 0.0, 0.0, 0.0, 0.0, 0.10221244394779205, 0.10221244394779205, 0.0, 0.0, 0.0, 0.09520940482616425, 0.0, 0.10221244394779205, 0.10221244394779205, 0.0, 0.0, 0.10221244394779205, 0.10221244394779205, 0.0]","[0.0, 0.1, 0.1, 0.1, 0.1, 0.1, 0.1, 0.1, 0.1, 0.0, 0.0, 0.0, 0.0, 0.0, 0.0, 0.0, 0.0, 0.0, 0.0, 0.0, 0.0, 0.0, 0.0, 0.0, 0.0, 0.0, 0.0, 0.0, 0.1, 0.1]","[0.0, 0.10427182736402363, 0.09834546342966086, 0.09012136105734693, 0.10559636203147922, 0.08270931428298325, 0.09999652968530638, 0.10682568146485086, 0.0958004351334973, 0.004637467189099756, 0.0, 0.017398876624230487, 0.0037607857256538643, 0.0, 0.0, 0.0, 0.0, 0.0, 0.0, 0.0, 0.011786486064730102, 0.008285818499809711, 0.0, 0.0, 0.0, 0.003309918386532594, 0.0, 0.0, 0.08431545296863321, 0.08283822009216188]","[0.0, 0.0, 0.0, 0.10221244394779205, 0.0, 0.10221244394779205, 0.0, 0.0, 0.0, 0.0, 0.0, 0.08709109574556351, 0.0, 0.0, 0.0, 0.0, 0.10221244394779205, 0.10221244394779205, 0.0, 0.0, 0.0, 0.09520940482616425, 0.0, 0.10221244394779205, 0.10221244394779205, 0.0, 0.0, 0.10221244394779205, 0.10221244394779205, 0.0]",-0.00615800549062746
44,1.0530081014764814,"[1.0223472011006505, 1.0133021618228202, 1.001798196463895, 1.0057354399228988, 0.9971381679548235, 0.9926863996273234, 1.011223792927057, 0.990779988558809, 0.9976558591124599, 1.0042795186753117, 0.9962089730926416, 0.9782032766149927, 0.9853140448372751, 1.0069387426021748, 1.017359960482573, 0.9991354405304459, 0.9899238069340983, 0.9961806172143538, 1.0112472168602669, 0.989162117363792, 0.9848612633043025, 1.0157034348589684, 0.980188480437148, 0.971949165328317, 1.01264450326581, 1.0187166633951978, 0.9930227820522033, 0.9831044952763229, 0.9949193643855605, 1.0077065377356798]","[1.0051305792637681, 1.017344192991143, 0.9948346433677712, 1.0196336398720132, 0.9850123960986744, 0.9956772234430374, 0.9976375713835007, 1.011891476124105, 1.0216859608500939, 1.0015099232108398, 1.001982856087517, 1.0249621911705489, 1.0024297043308337, 1.0156473016728738, 0.9842343436776669, 1.00428434765309, 0.9870905049125258, 1.0058192516664668, 0.9933235433582367, 1.011114961095172, 1.0108830476819486, 1.001191635544527, 1.008604032161733, 0.9828222021169171, 0.9974562204850576, 1.0089046131849724, 1.0092920884939527, 1.0156553647896742, 1.007336476790698, 1.0185506938107234]","[0.0051305792637681424, 0.017344192991143093, -0.005165356632228835, 0.019633639872013164, -0.014987603901325586, -0.00432277655696256, -0.002362428616499268, 0.011891476124104905, 0.02168596085009389, 0.0015099232108397587, 0.0019828560875170265, 0.024962191170548875, 0.0024297043308336708, 0.01564730167287376, -0.015765656322333066, 0.004284347653090048, -0.012909495087474188, 0.005819251666466796, -0.0066764566417633064, 0.01111496109517196, 0.010883047681948588, 0.0011916355445269478, 0.00860403216173311, -0.017177797883082935, -0.002543779514942446, 0.008904613184972376, 0.009292088493952688, 0.01565536478967422, 0.007336476790698043, 0.018550693810723384]","[0.0, 0.0, 0.0, 0.09877914190292358, 0.0, 0.0, 0.11501680314540863, 0.06039445102214813, 0.11501680314540863, 0.0, 0.11501680314540863, 0.0, 0.0, 0.11501680314540863, 0.0, 0.0, 0.0, 0.0, 0.0, 0.0, 0.0, 0.03570885583758354, 0.11501680314540863, 0.11501680314540863, 0.0, 0.0, 0.0, 0.0, 0.0, 0.11501680314540863]","[0.0, 0.1, 0.1, 0.1, 0.1, 0.1, 0.1, 0.1, 0.1, 0.0, 0.0, 0.0, 0.0, 0.0, 0.0, 0.0, 0.0, 0.0, 0.0, 0.0, 0.0, 0.0, 0.0, 0.0, 0.0, 0.0, 0.0, 0.0, 0.1, 0.1]","[0.018601851183532525, 0.08411307942449862, 0.09912199137914535, 0.08928390482784969, 0.10321258866987637, 0.08917005981920309, 0.1030206453100163, 0.07565689486384149, 0.0791019982962799, 0.0, 0.0, 0.0038999242838327923, 0.0, 0.0, 0.0, 0.016449165727372424, 0.009276253814215003, 0.0, 0.01691617957496741, 0.0, 0.00793052373774701, 0.025589616209569278, 0.005351979048131628, 0.0020483965481181508, 0.005230800831443714, 0.0, 0.004409292714406352, 0.0, 0.09923492424837134, 0.06237992948758143]","[0.0, 0.0, 0.0, 0.09877912700176239, 0.0, 0.0, 0.11501678824424744, 0.060394443571567535, 0.11501678824424744, 0.0, 0.11501678824424744, 0.0, 0.0, 0.11501678824424744, 0.0, 0.0, 0.0, 0.0, 0.0, 0.0, 0.0, 0.03570885211229324, 0.11501678824424744, 0.11501678824424744, 0.0, 0.0, 0.0, 0.0, 0.0, 0.11501678824424744]",0.007676734233333431
45,1.0526313593684862,"[1.0051305792637681, 1.017344192991143, 0.9948346433677712, 1.0196336398720132, 0.9850123960986744, 0.9956772234430374, 0.9976375713835007, 1.011891476124105, 1.0216859608500939, 1.0015099232108398, 1.001982856087517, 1.0249621911705489, 1.0024297043308337, 1.0156473016728738, 0.9842343436776669, 1.00428434765309, 0.9870905049125258, 1.0058192516664668, 0.9933235433582367, 1.011114961095172, 1.0108830476819486, 1.001191635544527, 1.008604032161733, 0.9828222021169171, 0.9974562204850576, 1.0089046131849724, 1.0092920884939527, 1.0156553647896742, 1.007336476790698, 1.0185506938107234]","[0.9961879306302949, 0.9875990883396046, 1.0072741747024594, 0.9863149143146572, 1.009122352530524, 0.9833480259379919, 0.9984480521487422, 1.0211603624604197, 1.0115954529954976, 1.0148312637696886, 0.9953283660045058, 1.0132468769832292, 1.0151879950279643, 1.000261453907398, 1.002350960021947, 1.0052377118836455, 1.0080061325349323, 0.9951471434153194, 1.006818624374261, 0.9848988576393665, 0.9826018224099864, 1.010742154400251, 1.000409010113888, 1.0128267241829532, 0.9940950499024689, 1.0059302904866703, 0.9997237607588962, 1.0165285586389823, 1.020019151142885, 1.0162153311699655]","[-0.003812069369705129, -0.012400911660395364, 0.007274174702459391, -0.013685085685342768, 0.009122352530523958, -0.016651974062008135, -0.0015519478512577844, 0.021160362460419746, 0.01159545299549758, 0.014831263769688574, -0.0046716339954941954, 0.013246876983229239, 0.015187995027964307, 0.00026145390739795715, 0.002350960021946902, 0.005237711883645524, 0.00800613253493232, -0.004852856584680598, 0.006818624374260951, -0.015101142360633535, -0.017398177590013608, 0.010742154400251058, 0.0004090101138880531, 0.012826724182953164, -0.005904950097531114, 0.005930290486670264, -0.0002762392411037595, 0.016528558638982283, 0.020019151142885105, 0.01621533116996554]","[0.0, 0.11172057688236237, 0.0, 0.11172057688236237, 0.0, 0.0, 0.07569067925214767, 0.0, 0.0, 0.0, 0.0, 0.0, 0.0, 0.0, 0.0, 0.0, 0.11172057688236237, 0.09755930304527283, 0.0, 0.0, 0.0, 0.08190079033374786, 0.11172057688236237, 0.0, 0.10646526515483856, 0.11172057688236237, 0.0, 0.0, 0.0, 0.07978104054927826]","[0.0, 0.1, 0.1, 0.1, 0.1, 0.1, 0.1, 0.1, 0.1, 0.0, 0.0, 0.0, 0.0, 0.0, 0.0, 0.0, 0.0, 0.0, 0.0, 0.0, 0.0, 0.0, 0.0, 0.0, 0.0, 0.0, 0.0, 0.0, 0.1, 0.1]","[0.006973911303664348, 0.10432111693085022, 0.09474909599218703, 0.08628387050659304, 0.09162322751604389, 0.10229722216700925, 0.09421055226546196, 0.09895848450970979, 0.10134327168717382, 0.001329314120348896, 0.00023947469692961462, 0.0, 0.0014012083372529674, 0.0, 0.009986777353972675, 0.0015678431766991752, 0.0, 0.0, 0.0, 0.006229890909070968, 0.0, 0.004101938777547719, 0.00787012230260644, 0.002056258544386527, 0.0, 0.0, 0.0, 0.006354688101995167, 0.08576595721726901, 0.09233577358322749]","[0.0, 0.11172058433294296, 0.0, 0.11172058433294296, 0.0, 0.0, 0.07569068670272827, 0.0, 0.0, 0.0, 0.0, 0.0, 0.0, 0.0, 0.0, 0.0, 0.11172058433294296, 0.09755931049585342, 0.0, 0.0, 0.0, 0.08190079778432846, 0.11172058433294296, 0.0, 0.10646527260541916, 0.11172058433294296, 0.0, 0.0, 0.0, 0.07978104799985886]",-0.0007637477365665178
46,1.0551404878864443,"[0.9961879306302949, 0.9875990883396046, 1.0072741747024594, 0.9863149143146572, 1.009122352530524, 0.9833480259379919, 0.9984480521487422, 1.0211603624604197, 1.0115954529954976, 1.0148312637696886, 0.9953283660045058, 1.0132468769832292, 1.0151879950279643, 1.000261453907398, 1.002350960021947, 1.0052377118836455, 1.0080061325349323, 0.9951471434153194, 1.006818624374261, 0.9848988576393665, 0.9826018224099864, 1.010742154400251, 1.000409010113888, 1.0128267241829532, 0.9940950499024689, 1.0059302904866703, 0.9997237607588962, 1.0165285586389823, 1.020019151142885, 1.0162153311699655]","[0.9956248017949711, 0.9914309254011322, 0.9945414410284209, 0.9855650534188543, 0.9803431415237605, 0.9945326569880041, 1.0142757319641278, 1.018476733149112, 0.9944192383098882, 0.9608114127219309, 1.0004788775379099, 1.0053980579573745, 1.0234545479120705, 1.0129260581785482, 1.0084447767918068, 1.0143448764029763, 1.0021552747530171, 1.0048350687936527, 1.0204771285082397, 1.0093653068272577, 0.9768507718456794, 1.0189178501268257, 0.9948732298097905, 1.001418219335459, 1.0132284966443972, 0.9871285390944753, 1.0030636670410276, 0.9841512957702443, 0.9814695334658616, 1.0363088206163693]","[-0.004375198205028852, -0.008569074598867799, -0.005458558971579097, -0.014434946581145747, -0.019656858476239547, -0.005467343011995918, 0.014275731964127791, 0.018476733149112023, -0.005580761690111791, -0.039188587278069065, 0.000478877537909872, 0.005398057957374469, 0.023454547912070467, 0.012926058178548194, 0.008444776791806774, 0.014344876402976325, 0.0021552747530171334, 0.004835068793652697, 0.020477128508239684, 0.009365306827257669, -0.023149228154320634, 0.018917850126825675, -0.005126770190209462, 0.0014182193354590478, 0.01322849664439718, -0.012871460905524712, 0.0030636670410275624, -0.015848704229755706, -0.018530466534138368, 0.03630882061636931]","[0.10598915815353394, 0.0, 0.09302785247564316, 0.10598915815353394, 0.0, 0.0, 0.10598915815353394, 0.10598915815353394, 0.0, 0.08631031215190887, 0.0, 0.0, 0.10598915815353394, 0.0, 0.0, 0.0, 0.0, 0.0, 0.10501415282487869, 0.0, 0.07971272617578506, 0.10598915815353394, 0.0, 0.0, 0.0, 0.0, 0.0, 0.0, 0.0, 0.0]","[0.0, 0.1, 0.1, 0.1, 0.1, 0.1, 0.1, 0.1, 0.1, 0.0, 0.0, 0.0, 0.0, 0.0, 0.0, 0.0, 0.0, 0.0, 0.0, 0.0, 0.0, 0.0, 0.0, 0.0, 0.0, 0.0, 0.0, 0.0, 0.1, 0.1]","[0.0, 0.0899964889589744, 0.09452903784696355, 0.08268865820664392, 0.10594536913146597, 0.10059097553634765, 0.09590390894323855, 0.09889397807466624, 0.114896841093821, 0.0, 0.0, 0.0031583767083329176, 0.008469927473428042, 0.004205580083235247, 0.01201423553490251, 0.0, 0.0027236700449462317, 0.00467657174710584, 0.0, 0.0, 0.0033637290317929036, 0.0, 0.0, 0.003095345306839804, 0.0, 0.0, 0.0, 0.0, 0.08125336105324023, 0.09359394522405491]","[0.10598915815353394, 0.0, 0.09302785247564316, 0.10598915815353394, 0.0, 0.0, 0.10598915815353394, 0.10598915815353394, 0.0, 0.08631031215190887, 0.0, 0.0, 0.10598915815353394, 0.0, 0.0, 0.0, 0.0, 0.0, 0.10501415282487869, 0.0, 0.07971272617578506, 0.10598915815353394, 0.0, 0.0, 0.0, 0.0, 0.0, 0.0, 0.0, 0.0]",0.0019962570644655145
47,1.0492969285308031,"[0.9956248017949711, 0.9914309254011322, 0.9945414410284209, 0.9855650534188543, 0.9803431415237605, 0.9945326569880041, 1.0142757319641278, 1.018476733149112, 0.9944192383098882, 0.9608114127219309, 1.0004788775379099, 1.0053980579573745, 1.0234545479120705, 1.0129260581785482, 1.0084447767918068, 1.0143448764029763, 1.0021552747530171, 1.0048350687936527, 1.0204771285082397, 1.0093653068272577, 0.9768507718456794, 1.0189178501268257, 0.9948732298097905, 1.001418219335459, 1.0132284966443972, 0.9871285390944753, 1.0030636670410276, 0.9841512957702443, 0.9814695334658616, 1.0363088206163693]","[0.9952866816512074, 0.9943839053509733, 1.004970485296441, 1.0038707802607838, 0.9958597326692484, 1.023796170509751, 0.984704390331659, 1.0097574365511486, 1.000655213289602, 0.9956734335309955, 1.0040343966631062, 0.9898377138073404, 1.0147029647978445, 0.9913993489906175, 0.9979150656214879, 0.9915167770036228, 1.0203417850471477, 1.0085594933315698, 1.0135732482524973, 0.9848963988467839, 0.9913741780101063, 1.0194525485514954, 1.027568616941865, 0.9944037912546363, 0.9801124031543653, 1.0071568639649437, 1.0225495554170188, 0.9776089223761532, 1.0097776490460502, 1.0046127666134819]","[-0.004713318348792628, -0.005616094649026682, 0.004970485296440952, 0.0038707802607838016, -0.004140267330751568, 0.023796170509750914, -0.015295609668340981, 0.00975743655114858, 0.0006552132896020524, -0.0043265664690045336, 0.004034396663106232, -0.010162286192659575, 0.014702964797844498, -0.008600651009382454, -0.0020849343785120933, -0.00848322299637716, 0.020341785047147676, 0.0085594933315698, 0.013573248252497283, -0.015103601153216073, -0.0086258219898937, 0.019452548551495363, 0.027568616941864965, -0.005596208745363707, -0.01988759684563468, 0.007156863964943749, 0.022549555417018752, -0.022391077623846845, 0.009777649046050163, 0.004612766613481867]","[0.10997209697961807, 0.0, 0.0, 0.0, 0.10997209697961807, 0.07907898724079132, 0.10997209697961807, 0.0, 0.08238143473863602, 0.0, 0.0, 0.0, 0.0, 0.10997209697961807, 0.0, 0.0, 0.0, 0.0, 0.0, 0.08638468384742737, 0.0, 0.0, 0.0, 0.0, 0.10997209697961807, 0.0, 0.09232234209775925, 0.10997209697961807, 0.0, 0.0]","[0.0, 0.1, 0.1, 0.1, 0.1, 0.1, 0.1, 0.1, 0.1, 0.0, 0.0, 0.0, 0.0, 0.0, 0.0, 0.0, 0.0, 0.0, 0.0, 0.0, 0.0, 0.0, 0.0, 0.0, 0.0, 0.0, 0.0, 0.0, 0.1, 0.1]","[0.0, 0.10209818489074496, 0.06929777826862905, 0.08952833927383785, 0.11005819735555651, 0.08089114217225797, 0.10310208601339046, 0.09511280670136078, 0.09506087979261922, 0.0048154777472007694, 0.0, 0.012957045095652351, 0.0, 0.01414674991162904, 0.0, 0.0024891163642094464, 0.0, 0.011734733017243022, 0.0, 0.0, 0.0, 0.0, 0.0, 0.0, 0.0, 0.0, 0.0, 0.01238194731736137, 0.09559012627540282, 0.10073538980290445]","[0.10997209697961807, 0.0, 0.0, 0.0, 0.10997209697961807, 0.07907898724079132, 0.10997209697961807, 0.0, 0.08238143473863602, 0.0, 0.0, 0.0, 0.0, 0.10997209697961807, 0.0, 0.0, 0.0, 0.0, 0.0, 0.08638468384742737, 0.0, 0.0, 0.0, 0.0, 0.10997209697961807, 0.0, 0.09232234209775925, 0.10997209697961807, 0.0, 0.0]",-0.005837929437481191
48,1.0514867910842987,"[0.9952866816512074, 0.9943839053509733, 1.004970485296441, 1.0038707802607838, 0.9958597326692484, 1.023796170509751, 0.984704390331659, 1.0097574365511486, 1.000655213289602, 0.9956734335309955, 1.0040343966631062, 0.9898377138073404, 1.0147029647978445, 0.9913993489906175, 0.9979150656214879, 0.9915167770036228, 1.0203417850471477, 1.0085594933315698, 1.0135732482524973, 0.9848963988467839, 0.9913741780101063, 1.0194525485514954, 1.027568616941865, 0.9944037912546363, 0.9801124031543653, 1.0071568639649437, 1.0225495554170188, 0.9776089223761532, 1.0097776490460502, 1.0046127666134819]","[0.9991790349278109, 1.0153667064645526, 1.0044564927217685, 0.9977958215830673, 0.9938520704905263, 1.00723358457496, 1.001168377454103, 0.9762467315630365, 1.0109363781652114, 0.9904691924317764, 0.9926493245982225, 0.9986863131055163, 0.9893725942270376, 1.0106642505251449, 0.9980652564051692, 1.005552982533654, 1.0208321921795926, 0.9981773180595431, 1.00229495258206, 1.012244941476171, 0.9832420282295293, 1.0185537604154127, 1.0055719306974273, 0.9984149208080212, 0.9943155110274547, 1.0030650656387097, 1.0195815436239384, 1.0065986597406487, 0.9888112472426457, 1.001240139475638]","[-0.0008209650721890949, 0.015366706464552626, 0.004456492721768512, -0.002204178416932656, -0.006147929509473737, 0.007233584574960039, 0.0011683774541029202, -0.02375326843696346, 0.010936378165211424, -0.009530807568223554, -0.007350675401777473, -0.0013136868944837454, -0.010627405772962395, 0.010664250525144858, -0.0019347435948308123, 0.005552982533653994, 0.020832192179592646, -0.0018226819404568717, 0.002294952582059917, 0.012244941476170945, -0.01675797177047067, 0.01855376041541268, 0.005571930697427341, -0.001585079191978811, -0.005684488972545254, 0.003065065638709674, 0.01958154362393838, 0.00659865974064866, -0.011188752757354314, 0.001240139475638058]","[0.10952641069889069, 0.08149892836809158, 0.09311390668153763, 0.10952641069889069, 0.0, 0.0, 0.0, 0.0, 0.0, 0.0, 0.10952641069889069, 0.0, 0.0, 0.10952641069889069, 0.0, 0.10952641069889069, 0.0, 0.0, 0.0, 0.0, 0.0, 0.0, 0.10952641069889069, 0.10952641069889069, 0.0, 0.0, 0.0, 0.0, 0.058702290058135986, 0.0]","[0.0, 0.1, 0.1, 0.1, 0.1, 0.1, 0.1, 0.1, 0.1, 0.0, 0.0, 0.0, 0.0, 0.0, 0.0, 0.0, 0.0, 0.0, 0.0, 0.0, 0.0, 0.0, 0.0, 0.0, 0.0, 0.0, 0.0, 0.0, 0.1, 0.1]","[0.010980574709298278, 0.09676071363434793, 0.07982608699044583, 0.0813530385963975, 0.0854910926120077, 0.08236398313956964, 0.11586433378497202, 0.09110785444325438, 0.09307261266785617, 0.0, 0.016466657792501744, 0.0, 0.0, 0.00602327741879303, 0.00029081538828330073, 0.004213727302990276, 0.0, 0.0036987051536732903, 0.007248418777940858, 0.008015039123784038, 0.0, 0.0, 0.005160841124116307, 0.0, 0.00688917255344709, 0.0, 0.0052250966008214415, 0.002710936485580078, 0.10734612586249342, 0.08989089583742575]","[0.10952641069889069, 0.08149892836809158, 0.09311390668153763, 0.10952641069889069, 0.0, 0.0, 0.0, 0.0, 0.0, 0.0, 0.10952641069889069, 0.0, 0.0, 0.10952641069889069, 0.0, 0.10952641069889069, 0.0, 0.0, 0.0, 0.0, 0.0, 0.0, 0.10952641069889069, 0.10952641069889069, 0.0, 0.0, 0.0, 0.0, 0.058702290058135986, 0.0]",0.0017499852876155812
49,1.0478112180542798,"[0.9991790349278109, 1.0153667064645526, 1.0044564927217685, 0.9977958215830673, 0.9938520704905263, 1.00723358457496, 1.001168377454103, 0.9762467315630365, 1.0109363781652114, 0.9904691924317764, 0.9926493245982225, 0.9986863131055163, 0.9893725942270376, 1.0106642505251449, 0.9980652564051692, 1.005552982533654, 1.0208321921795926, 0.9981773180595431, 1.00229495258206, 1.012244941476171, 0.9832420282295293, 1.0185537604154127, 1.0055719306974273, 0.9984149208080212, 0.9943155110274547, 1.0030650656387097, 1.0195815436239384, 1.0065986597406487, 0.9888112472426457, 1.001240139475638]","[1.0006216503444927, 1.0065771759840132, 1.0110861979894856, 1.0288699223182753, 1.0030818715385068, 0.9926147903276303, 1.0041097719326886, 1.020913611276822, 1.0043814626479162, 1.0056254078331253, 1.0173700749382384, 1.0148184122381734, 0.9667097367993991, 0.9928874162846724, 0.9867912301805161, 0.9970176491344963, 0.9947986479777278, 0.9955528123354601, 0.9951530814523886, 0.9852074020733007, 0.9950156188863766, 1.0081466213819197, 0.9923019085119017, 1.004052884037052, 0.9807924398537746, 1.008243147537274, 1.0271513688696388, 1.0122469634824438, 1.0040675154677488, 0.9981927707285514]","[0.0006216503444926857, 0.006577175984013195, 0.011086197989485624, 0.028869922318275343, 0.0030818715385068085, -0.007385209672369664, 0.004109771932688577, 0.02091361127682201, 0.004381462647916168, 0.005625407833125262, 0.01737007493823839, 0.014818412238173373, -0.03329026320060091, -0.007112583715327636, -0.013208769819483934, -0.0029823508655036912, -0.005201352022272232, -0.004447187664539887, -0.004846918547611434, -0.014792597926699291, -0.004984381113623426, 0.008146621381919683, -0.007698091488098302, 0.0040528840370519514, -0.019207560146225378, 0.008243147537273954, 0.02715136886963876, 0.012246963482443807, 0.00406751546774875, -0.0018072292714486071]","[0.0, 0.0, 0.0, 0.0, 0.0, 0.0, 0.12275037169456482, 0.0, 0.0989360585808754, 0.0, 0.0, 0.0, 0.12275037169456482, 0.0, 0.0, 0.0, 0.0, 0.0, 0.12275037169456482, 0.08811873942613602, 0.0, 0.0, 0.0, 0.12275037169456482, 0.06639167666435242, 0.0977775901556015, 0.03817756846547127, 0.0, 0.1195969358086586, 0.0]","[0.0, 0.1, 0.1, 0.1, 0.1, 0.1, 0.1, 0.1, 0.1, 0.0, 0.0, 0.0, 0.0, 0.0, 0.0, 0.0, 0.0, 0.0, 0.0, 0.0, 0.0, 0.0, 0.0, 0.0, 0.0, 0.0, 0.0, 0.0, 0.1, 0.1]","[0.0030689840153924415, 0.09983950453502716, 0.10551459391824305, 0.09001990142599633, 0.10269704034779642, 0.08797018612229351, 0.09419387205548845, 0.09465711307501161, 0.09891228715405095, 0.010087025728435728, 0.0, 0.0, 0.0, 0.004045047029185671, 0.0, 0.0, 0.0, 0.008488715868850886, 0.0, 0.0, 0.0008274641687066219, 0.004512447458733127, 0.0, 0.0, 0.0, 0.0, 0.004067353344701156, 0.009164873261590475, 0.09122588167164611, 0.09070770881885029]","[0.0, 0.0, 0.0, 0.0, 0.0, 0.0, 0.12275037169456482, 0.0, 0.0989360585808754, 0.0, 0.0, 0.0, 0.12275037169456482, 0.0, 0.0, 0.0, 0.0, 0.0, 0.12275037169456482, 0.08811873942613602, 0.0, 0.0, 0.0, 0.12275037169456482, 0.06639167666435242, 0.0977775901556015, 0.03817756846547127, 0.0, 0.1195969358086586, 0.0]",-0.0038910674117563007
50,1.047203063350104,"[1.0006216503444927, 1.0065771759840132, 1.0110861979894856, 1.0288699223182753, 1.0030818715385068, 0.9926147903276303, 1.0041097719326886, 1.020913611276822, 1.0043814626479162, 1.0056254078331253, 1.0173700749382384, 1.0148184122381734, 0.9667097367993991, 0.9928874162846724, 0.9867912301805161, 0.9970176491344963, 0.9947986479777278, 0.9955528123354601, 0.9951530814523886, 0.9852074020733007, 0.9950156188863766, 1.0081466213819197, 0.9923019085119017, 1.004052884037052, 0.9807924398537746, 1.008243147537274, 1.0271513688696388, 1.0122469634824438, 1.0040675154677488, 0.9981927707285514]","[1.0118407715837374, 1.0056488551107083, 1.0093430064668933, 0.9980368520987699, 0.9963524158120405, 1.0079120317915045, 0.9879765425053726, 0.9750924879899937, 1.002800911172774, 1.003794571814798, 0.9788516808896813, 0.9977891765925586, 1.0030229482305038, 1.0131673421909215, 0.9854330410817979, 1.024930997218408, 1.0073836424176834, 1.00015303364684, 1.0133013585900048, 1.0066073424307949, 0.9768146963630521, 1.0035162727387583, 0.9933186102515946, 1.0022506071036204, 0.9977554999053618, 1.0045051038130604, 1.0117336283194702, 1.008595475646547, 0.9904355627674821, 0.9913387969851049]","[0.01184077158373742, 0.00564885511070834, 0.009343006466893344, -0.001963147901230089, -0.0036475841879595183, 0.007912031791504459, -0.01202345749462741, -0.024907512010006294, 0.0028009111727740343, 0.003794571814798031, -0.02114831911031867, -0.002210823407441387, 0.0030229482305037525, 0.013167342190921527, -0.014566958918202144, 0.02493099721840797, 0.0073836424176834115, 0.0001530336468400506, 0.013301358590004808, 0.00660734243079486, -0.02318530363694793, 0.0035162727387583192, -0.006681389748405375, 0.00225060710362035, -0.002244500094638169, 0.004505103813060352, 0.011733628319470224, 0.008595475646546946, -0.009564437232517875, -0.008661203014895147]","[0.0, 0.11271011084318161, 0.0, 0.0, 0.12153344601392746, 0.0, 0.0, 0.1236778050661087, 0.0, 0.0, 0.0, 0.04624186456203461, 0.0, 0.0, 0.0, 0.0, 0.0, 0.09803245961666107, 0.0, 0.0, 0.0, 0.0, 0.0, 0.1236778050661087, 0.0, 0.10706067085266113, 0.1236778050661087, 0.08251913636922836, 0.0, 0.06086890026926994]","[0.0, 0.1, 0.1, 0.1, 0.1, 0.1, 0.1, 0.1, 0.1, 0.0, 0.0, 0.0, 0.0, 0.0, 0.0, 0.0, 0.0, 0.0, 0.0, 0.0, 0.0, 0.0, 0.0, 0.0, 0.0, 0.0, 0.0, 0.0, 0.1, 0.1]","[0.007735981271742071, 0.09751922854079763, 0.08446216043062696, 0.08317560583983294, 0.0948025651029286, 0.0802812239532579, 0.1136960335625074, 0.09662525982473315, 0.09177943768640064, 0.009935957582353609, 0.0, 0.00580942901340169, 0.008024761192173064, 0.0, 0.003442995431587007, 0.0, 0.007704681733979555, 0.0, 0.00021732741450164678, 0.0, 0.002445594648260097, 0.0, 0.001018633768500977, 0.016237052392452902, 0.008072361701440992, 0.0, 0.009159633749691958, 0.0, 0.09659092493035894, 0.08126315022847033]","[0.0, 0.11271011829376221, 0.0, 0.0, 0.12153345346450806, 0.0, 0.0, 0.1236778125166893, 0.0, 0.0, 0.0, 0.046241868287324905, 0.0, 0.0, 0.0, 0.0, 0.0, 0.09803246706724167, 0.0, 0.0, 0.0, 0.0, 0.0, 0.1236778125166893, 0.0, 0.10706067830324173, 0.1236778125166893, 0.08251914381980896, 0.0, 0.06086890399456024]",-0.0009726096410434804
51,1.0424209212706002,"[1.0118407715837374, 1.0056488551107083, 1.0093430064668933, 0.9980368520987699, 0.9963524158120405, 1.0079120317915045, 0.9879765425053726, 0.9750924879899937, 1.002800911172774, 1.003794571814798, 0.9788516808896813, 0.9977891765925586, 1.0030229482305038, 1.0131673421909215, 0.9854330410817979, 1.024930997218408, 1.0073836424176834, 1.00015303364684, 1.0133013585900048, 1.0066073424307949, 0.9768146963630521, 1.0035162727387583, 0.9933186102515946, 1.0022506071036204, 0.9977554999053618, 1.0045051038130604, 1.0117336283194702, 1.008595475646547, 0.9904355627674821, 0.9913387969851049]","[1.0029097701231402, 0.9841947956430763, 0.9988011593600614, 0.990139213859436, 1.0038755052820914, 0.9980913517733623, 1.0035030641123712, 1.008336469554304, 1.0145443567956147, 1.0129743387592318, 0.9867946413849865, 0.9735443230125196, 1.0064398121091696, 1.0232264654468133, 0.9849366162149847, 0.9786415270041123, 1.0099270624943595, 0.9851458180108619, 0.9880491793947648, 1.0013227046744961, 0.9882552490399453, 0.9985775888809609, 0.9747274831547871, 0.9841164079632738, 1.0001866048946422, 0.9979444342784425, 0.991793239630196, 0.9992309922849367, 0.9914811445224831, 1.0025085103718472]","[0.0029097701231401985, -0.015805204356923674, -0.001198840639938581, -0.00986078614056396, 0.0038755052820913516, -0.0019086482266377214, 0.0035030641123712236, 0.008336469554304005, 0.014544356795614721, 0.012974338759231818, -0.013205358615013485, -0.026455676987480414, 0.0064398121091695515, 0.023226465446813283, -0.01506338378501526, -0.021358472995887667, 0.009927062494359484, -0.014854181989138127, -0.011950820605235224, 0.0013227046744961335, -0.011744750960054673, -0.0014224111190390687, -0.025272516845212922, -0.01588359203672618, 0.00018660489464217278, -0.0020555657215575174, -0.008206760369803945, -0.0007690077150632746, -0.008518855477516851, 0.0025085103718471835]","[0.13388092815876007, 0.0855572372674942, 0.0, 0.0, 0.13388092815876007, 0.0, 0.0, 0.0, 0.0, 0.0, 0.13388092815876007, 0.11115720868110657, 0.0, 0.13388092815876007, 0.0, 0.13388092815876007, 0.0, 0.0, 0.0, 0.0, 0.0, 0.0, 0.0, 0.0, 0.0, 0.0, 0.0, 0.0, 0.0, 0.13388092815876007]","[0.0, 0.1, 0.1, 0.1, 0.1, 0.1, 0.1, 0.1, 0.1, 0.0, 0.0, 0.0, 0.0, 0.0, 0.0, 0.0, 0.0, 0.0, 0.0, 0.0, 0.0, 0.0, 0.0, 0.0, 0.0, 0.0, 0.0, 0.0, 0.1, 0.1]","[0.004020223779438933, 0.09156813466042518, 0.09388747238589226, 0.08349271972822449, 0.07997498472649878, 0.0837137795049787, 0.08750422658937751, 0.09228722536733007, 0.08391179459052525, 0.007627636546577439, 0.013531181421919993, 0.0, 0.0, 0.01828148822110391, 0.0, 0.0, 0.0006938784975513506, 0.0, 0.015134012731069367, 0.013588365254895969, 0.0012723970917555747, 0.0, 0.0163828205691896, 0.0, 0.0, 0.010558430156964744, 0.007971271911452233, 0.009029788865590638, 0.09749250820044104, 0.08807565919879694]","[0.13388092815876007, 0.0855572372674942, 0.0, 0.0, 0.13388092815876007, 0.0, 0.0, 0.0, 0.0, 0.0, 0.13388092815876007, 0.11115720868110657, 0.0, 0.13388092815876007, 0.0, 0.13388092815876007, 0.0, 0.0, 0.0, 0.0, 0.0, 0.0, 0.0, 0.0, 0.0, 0.0, 0.0, 0.0, 0.0, 0.13388092815876007]",-0.0049335813436569825
52,1.0446301730667131,"[1.0029097701231402, 0.9841947956430763, 0.9988011593600614, 0.990139213859436, 1.0038755052820914, 0.9980913517733623, 1.0035030641123712, 1.008336469554304, 1.0145443567956147, 1.0129743387592318, 0.9867946413849865, 0.9735443230125196, 1.0064398121091696, 1.0232264654468133, 0.9849366162149847, 0.9786415270041123, 1.0099270624943595, 0.9851458180108619, 0.9880491793947648, 1.0013227046744961, 0.9882552490399453, 0.9985775888809609, 0.9747274831547871, 0.9841164079632738, 1.0001866048946422, 0.9979444342784425, 0.991793239630196, 0.9992309922849367, 0.9914811445224831, 1.0025085103718472]","[1.0203255308430057, 0.9964247191622354, 0.9679203092021692, 1.0137838252250329, 1.0140957895314076, 1.0309117719584284, 1.0045100663936022, 0.9947358239427386, 1.0245861733218518, 1.0071743112134843, 0.9961706982459454, 0.9974990377681948, 1.0085307717789784, 1.0165065473679362, 0.9952068549393999, 1.003322398225005, 0.9962211955810093, 1.0056593389955761, 1.010487597452206, 1.013261912489965, 1.0091129429254324, 1.0043653734253792, 0.9984422637150975, 0.9971803668502948, 1.0035010905823125, 1.005540872873071, 1.0007280241678578, 0.9934552471783438, 0.9789194107436581, 0.9921485622144314]","[0.0203255308430057, -0.003575280837764594, -0.032079690797830795, 0.013783825225032853, 0.014095789531407554, 0.030911771958428425, 0.004510066393602186, -0.005264176057261372, 0.024586173321851756, 0.00717431121348433, -0.0038293017540546037, -0.0025009622318051816, 0.00853077177897843, 0.01650654736793622, -0.004793145060600135, 0.003322398225005019, -0.0037788044189907, 0.005659338995576135, 0.010487597452206066, 0.01326191248996511, 0.00911294292543241, 0.0043653734253792376, -0.0015577362849025223, -0.0028196331497052363, 0.003501090582312516, 0.005540872873071034, 0.000728024167857777, -0.00654475282165623, -0.02108058925634193, -0.007851437785568627]","[0.0, 0.0, 0.0, 0.0, 0.06314487010240555, 0.0, 0.0, 0.11465142667293549, 0.0, 0.10967207700014114, 0.0, 0.0, 0.11465142667293549, 0.0, 0.09461668878793716, 0.0, 0.0, 0.11465142667293549, 0.11465142667293549, 0.0, 0.0, 0.0, 0.11465142667293549, 0.0, 0.0, 0.0, 0.0, 0.07620356231927872, 0.0, 0.08310563862323761]","[0.0, 0.1, 0.1, 0.1, 0.1, 0.1, 0.1, 0.1, 0.1, 0.0, 0.0, 0.0, 0.0, 0.0, 0.0, 0.0, 0.0, 0.0, 0.0, 0.0, 0.0, 0.0, 0.0, 0.0, 0.0, 0.0, 0.0, 0.0, 0.1, 0.1]","[0.010862771251034761, 0.08098871576991566, 0.09177989297576217, 0.08957020285679554, 0.09929096329647302, 0.0838505326427184, 0.08720233389033631, 0.08582310184193266, 0.08913837990980387, 0.0156191853125524, 0.005755478448928999, 0.0, 0.005106224258100486, 0.0, 0.015136936284867794, 0.0, 0.0, 0.008970667091845528, 0.0, 0.009321713115298414, 0.01328135395956423, 0.0, 0.0, 0.0, 0.010542375889748896, 0.0, 0.01942510070187383, 0.00866960484436024, 0.08758681314291868, 0.08207765251516809]","[0.0, 0.0, 0.0, 0.0, 0.06314487010240555, 0.0, 0.0, 0.11465142667293549, 0.0, 0.10967207700014114, 0.0, 0.0, 0.11465142667293549, 0.0, 0.09461668878793716, 0.0, 0.0, 0.11465142667293549, 0.11465142667293549, 0.0, 0.0, 0.0, 0.11465142667293549, 0.0, 0.0, 0.0, 0.0, 0.07620356231927872, 0.0, 0.08310563862323761]",0.0017266264537302276
53,1.038233531759984,"[1.0203255308430057, 0.9964247191622354, 0.9679203092021692, 1.0137838252250329, 1.0140957895314076, 1.0309117719584284, 1.0045100663936022, 0.9947358239427386, 1.0245861733218518, 1.0071743112134843, 0.9961706982459454, 0.9974990377681948, 1.0085307717789784, 1.0165065473679362, 0.9952068549393999, 1.003322398225005, 0.9962211955810093, 1.0056593389955761, 1.010487597452206, 1.013261912489965, 1.0091129429254324, 1.0043653734253792, 0.9984422637150975, 0.9971803668502948, 1.0035010905823125, 1.005540872873071, 1.0007280241678578, 0.9934552471783438, 0.9789194107436581, 0.9921485622144314]","[0.999975395084159, 0.9999332461800167, 1.0014725642857034, 1.0075417855319548, 0.9777947535307464, 1.015896802999292, 1.0095736645836266, 0.9871396599303331, 1.0108448079798382, 0.9901151968975729, 0.9731997912792528, 0.9873647752065076, 1.0025947462331934, 1.0147603204416202, 1.012815566317022, 0.9966880292844957, 1.0021883913387493, 0.9944232301230973, 0.9838580413298617, 0.9993838198867327, 0.9747332006808177, 0.9839463716615463, 1.0005967713710953, 0.9765777269187905, 1.0062867884984172, 1.0013438013466351, 0.9975617794849556, 1.017607005047698, 1.0069115118312646, 0.9958514618921556]","[-2.4604915840997776e-05, -6.675381998333396e-05, 0.001472564285703415, 0.007541785531954837, -0.022205246469253592, 0.01589680299929208, 0.009573664583626629, -0.012860340069666854, 0.010844807979838222, -0.00988480310242712, -0.026800208720747176, -0.012635224793492439, 0.0025947462331934457, 0.014760320441620234, 0.012815566317021965, -0.0033119707155042644, 0.0021883913387492626, -0.0055767698769026985, -0.016141958670138346, -0.0006161801132672506, -0.025266799319182298, -0.016053628338453696, 0.0005967713710952616, -0.023422273081209477, 0.0062867884984172395, 0.0013438013466351428, -0.002438220515044387, 0.017607005047697966, 0.006911511831264594, -0.004148538107844435]","[0.0, 0.10021230578422546, 0.0, 0.0, 0.0, 0.0, 0.10021230578422546, 0.10021230578422546, 0.0, 0.0, 0.10021230578422546, 0.0, 0.0, 0.0, 0.0, 0.10021230578422546, 0.0, 0.0, 0.0, 0.0, 0.10021230578422546, 0.10021230578422546, 0.10021230578422546, 0.0, 0.0, 0.0, 0.0, 0.09808919578790665, 0.0, 0.10021230578422546]","[0.0, 0.1, 0.1, 0.1, 0.1, 0.1, 0.1, 0.1, 0.1, 0.0, 0.0, 0.0, 0.0, 0.0, 0.0, 0.0, 0.0, 0.0, 0.0, 0.0, 0.0, 0.0, 0.0, 0.0, 0.0, 0.0, 0.0, 0.0, 0.1, 0.1]","[0.0, 0.09048566313316986, 0.08808694137702605, 0.08838921510466533, 0.09642437388492227, 0.08934742892209724, 0.08081299817083039, 0.11047591149075456, 0.08932009295554151, 0.0011856457817675421, 0.0, 0.00538023573126441, 0.012418087640025036, 0.0, 0.003490807838784091, 0.0, 0.0, 0.0, 0.00804239213790559, 0.0025014085253838923, 0.0, 0.0, 0.0, 0.01909759703506242, 0.0010983498800858566, 0.0, 0.008842122110284543, 0.009876225634369568, 0.09912341999000925, 0.09560108265605056]","[0.0, 0.10021230578422546, 0.0, 0.0, 0.0, 0.0, 0.10021230578422546, 0.10021230578422546, 0.0, 0.0, 0.10021230578422546, 0.0, 0.0, 0.0, 0.0, 0.10021230578422546, 0.0, 0.0, 0.0, 0.0, 0.10021230578422546, 0.10021230578422546, 0.10021230578422546, 0.0, 0.0, 0.0, 0.0, 0.09808919578790665, 0.0, 0.10021230578422546]",-0.006539010897219533
54,1.0391639519837554,"[0.999975395084159, 0.9999332461800167, 1.0014725642857034, 1.0075417855319548, 0.9777947535307464, 1.015896802999292, 1.0095736645836266, 0.9871396599303331, 1.0108448079798382, 0.9901151968975729, 0.9731997912792528, 0.9873647752065076, 1.0025947462331934, 1.0147603204416202, 1.012815566317022, 0.9966880292844957, 1.0021883913387493, 0.9944232301230973, 0.9838580413298617, 0.9993838198867327, 0.9747332006808177, 0.9839463716615463, 1.0005967713710953, 0.9765777269187905, 1.0062867884984172, 1.0013438013466351, 0.9975617794849556, 1.017607005047698, 1.0069115118312646, 0.9958514618921556]","[0.9640141990120482, 0.9960431229561197, 0.9710926039201082, 1.0136825038959354, 0.9916048044479715, 0.9849786289656938, 1.0131109986496807, 0.9994097166689319, 1.0072822547553015, 1.0072670328108708, 1.023527038294394, 1.0015686625279014, 1.0113830342479024, 1.0184000889380704, 1.002729914117692, 1.0127348823242257, 0.9969200338532228, 0.9962107747937364, 0.9985834294770498, 0.9969271637473843, 1.0038257807044444, 1.0086947690762322, 0.9985940930653705, 1.0004750445261017, 1.005580232213889, 1.0112686862555236, 0.9878063391652385, 1.008120178509342, 0.9765597541951149, 0.993962358884219]","[-0.03598580098795179, -0.003956877043880258, -0.02890739607989179, 0.013682503895935394, -0.0083951955520285, -0.01502137103430623, 0.013110998649680683, -0.0005902833310681421, 0.0072822547553015315, 0.0072670328108708215, 0.023527038294393954, 0.0015686625279014432, 0.011383034247902435, 0.018400088938070436, 0.0027299141176919672, 0.012734882324225705, -0.003079966146777191, -0.003789225206263569, -0.001416570522950189, -0.003072836252615674, 0.0038257807044443926, 0.008694769076232234, -0.0014059069346294972, 0.0004750445261016978, 0.005580232213888925, 0.011268686255523575, -0.012193660834761477, 0.008120178509342102, -0.02344024580488513, -0.006037641115780978]","[0.0, 0.0, 0.0, 0.08144789189100266, 0.10261009633541107, 0.0, 0.0, 0.10261009633541107, 0.0, 0.0, 0.0, 0.0, 0.10261009633541107, 0.0, 0.0, 0.09767131507396698, 0.0, 0.10261009633541107, 0.10261009633541107, 0.10261009633541107, 0.10261009633541107, 0.0, 0.0, 0.0, 0.0, 0.0, 0.10261009633541107, 0.0, 0.0, 0.0]","[0.0, 0.1, 0.1, 0.1, 0.1, 0.1, 0.1, 0.1, 0.1, 0.0, 0.0, 0.0, 0.0, 0.0, 0.0, 0.0, 0.0, 0.0, 0.0, 0.0, 0.0, 0.0, 0.0, 0.0, 0.0, 0.0, 0.0, 0.0, 0.1, 0.1]","[0.0, 0.10255450892724143, 0.09369506036796062, 0.09779608794563736, 0.08655645354121433, 0.08265699158070926, 0.0974160145443314, 0.09740898467965599, 0.10208822209724697, 0.0, 0.0, 0.0, 0.003939231739393722, 0.006517007206510877, 0.0, 0.0035065722870740537, 0.0, 0.0, 0.0, 0.0, 0.0, 0.0033973793816896953, 0.0035464491395707453, 0.023085542082835087, 0.007307632202945872, 0.0, 0.0004859626990659466, 0.0, 0.0995481615911711, 0.08849373798574556]","[0.0, 0.0, 0.0, 0.08144789189100266, 0.10261009633541107, 0.0, 0.0, 0.10261009633541107, 0.0, 0.0, 0.0, 0.0, 0.10261009633541107, 0.0, 0.0, 0.09767131507396698, 0.0, 0.10261009633541107, 0.10261009633541107, 0.10261009633541107, 0.10261009633541107, 0.0, 0.0, 0.0, 0.0, 0.0, 0.10261009633541107, 0.0, 0.0, 0.0]",0.0005103404439493366
55,1.0466866178518182,"[0.9640141990120482, 0.9960431229561197, 0.9710926039201082, 1.0136825038959354, 0.9916048044479715, 0.9849786289656938, 1.0131109986496807, 0.9994097166689319, 1.0072822547553015, 1.0072670328108708, 1.023527038294394, 1.0015686625279014, 1.0113830342479024, 1.0184000889380704, 1.002729914117692, 1.0127348823242257, 0.9969200338532228, 0.9962107747937364, 0.9985834294770498, 0.9969271637473843, 1.0038257807044444, 1.0086947690762322, 0.9985940930653705, 1.0004750445261017, 1.005580232213889, 1.0112686862555236, 0.9878063391652385, 1.008120178509342, 0.9765597541951149, 0.993962358884219]","[1.0045907532543903, 1.000210548440751, 0.9882215685810596, 0.9962876661619751, 1.0276205413918977, 1.0273742531901053, 0.9871079475280484, 0.9954001357421605, 1.0202458260847864, 1.0107233286290687, 1.0037311825925468, 1.0070153535731465, 1.0170929517046452, 0.9865072090902868, 1.0095640300075857, 1.0209352439844266, 1.0150537994441942, 1.0204100063285022, 1.0081623959867418, 0.998164051347166, 0.9952943064591678, 0.9978573746817194, 0.9997062991358894, 1.0219679205425622, 1.0044819436209866, 0.9863744425964365, 0.9997121287634031, 0.9941855529244706, 1.002112369261182, 1.0275958350807786]","[0.00459075325439029, 0.00021054844075107937, -0.011778431418940416, -0.0037123338380249393, 0.027620541391897735, 0.027374253190105335, -0.012892052471951576, -0.0045998642578395366, 0.020245826084786422, 0.010723328629068662, 0.003731182592546789, 0.007015353573146532, 0.0170929517046452, -0.013492790909713226, 0.009564030007585655, 0.020935243984426588, 0.01505379944419416, 0.020410006328502206, 0.008162395986741844, -0.0018359486528339852, -0.004705693540832168, -0.0021426253182805777, -0.00029370086411062424, 0.021967920542562247, 0.004481943620986639, -0.013625557403563526, -0.00028787123659690383, -0.005814447075529361, 0.0021123692611819678, 0.027595835080778564]","[0.10640709847211838, 0.0, 0.0, 0.0, 0.09520979225635529, 0.0, 0.10640709847211838, 0.0, 0.0, 0.0, 0.0, 0.09619081765413284, 0.09575291723012924, 0.0, 0.0, 0.0, 0.10640709847211838, 0.10640709847211838, 0.09485143423080444, 0.10640709847211838, 0.0, 0.0, 0.0, 0.0, 0.0, 0.08595956861972809, 0.0, 0.0, 0.0, 0.0]","[0.0, 0.1, 0.1, 0.1, 0.1, 0.1, 0.1, 0.1, 0.1, 0.0, 0.0, 0.0, 0.0, 0.0, 0.0, 0.0, 0.0, 0.0, 0.0, 0.0, 0.0, 0.0, 0.0, 0.0, 0.0, 0.0, 0.0, 0.0, 0.1, 0.1]","[0.006853300945598253, 0.10282331802422615, 0.1039430995933525, 0.1017474660854668, 0.0745587599151193, 0.09131367736624289, 0.11270071957537671, 0.08962773036889897, 0.08297693549375071, 0.0, 0.0, 0.0, 0.0, 0.0, 0.0, 0.0, 0.009004898468142005, 0.00538439961073958, 0.003888191149595037, 0.0032335256065603264, 0.011523165574674062, 0.0, 0.001192831854644599, 0.0014133973480716646, 0.00254702043734584, 0.0, 0.004236165958879669, 0.0, 0.08533039515342719, 0.1057010014698878]","[0.10640709847211838, 0.0, 0.0, 0.0, 0.09520979225635529, 0.0, 0.10640709847211838, 0.0, 0.0, 0.0, 0.0, 0.09619081765413284, 0.09575291723012924, 0.0, 0.0, 0.0, 0.10640709847211838, 0.10640709847211838, 0.09485143423080444, 0.10640709847211838, 0.0, 0.0, 0.0, 0.0, 0.0, 0.08595956861972809, 0.0, 0.0, 0.0, 0.0]",0.006828848604446971
56,1.052762857704283,"[1.0045907532543903, 1.000210548440751, 0.9882215685810596, 0.9962876661619751, 1.0276205413918977, 1.0273742531901053, 0.9871079475280484, 0.9954001357421605, 1.0202458260847864, 1.0107233286290687, 1.0037311825925468, 1.0070153535731465, 1.0170929517046452, 0.9865072090902868, 1.0095640300075857, 1.0209352439844266, 1.0150537994441942, 1.0204100063285022, 1.0081623959867418, 0.998164051347166, 0.9952943064591678, 0.9978573746817194, 0.9997062991358894, 1.0219679205425622, 1.0044819436209866, 0.9863744425964365, 0.9997121287634031, 0.9941855529244706, 1.002112369261182, 1.0275958350807786]","[1.002627454515259, 1.0110468732472335, 1.000734065331286, 0.9967243655781414, 1.0150934999760246, 1.0029826637942845, 1.0207644851301703, 0.9956975617985951, 1.0008910660522274, 1.0188276809948518, 1.0044900537649708, 0.9981397893359067, 1.0105240943431864, 1.009805496509134, 0.9959040057831509, 0.9884857768864496, 0.987692467553908, 1.0003940222259544, 1.0070831168934355, 1.003991883525437, 1.0276970730577333, 0.9977260428607682, 1.0139706853919435, 1.0135517016648212, 1.0054820127429414, 0.9918477825184036, 1.0094260877217647, 0.9754769230547713, 1.011589690339261, 1.0160728859670647]","[0.00262745451525892, 0.011046873247233524, 0.0007340653312859491, -0.003275634421858631, 0.015093499976024605, 0.002982663794284468, 0.020764485130170263, -0.004302438201404857, 0.0008910660522274405, 0.01882768099485177, 0.004490053764970803, -0.0018602106640932536, 0.010524094343186352, 0.009805496509134093, -0.0040959942168491414, -0.011514223113550437, -0.012307532446091951, 0.0003940222259544157, 0.007083116893435548, 0.00399188352543689, 0.02769707305773328, -0.0022739571392318414, 0.01397068539194346, 0.013551701664821225, 0.005482012742941356, -0.008152217481596447, 0.009426087721764675, -0.024523076945228706, 0.011589690339260939, 0.016072885967064687]","[0.08065710961818695, 0.0, 0.09373553097248077, 0.07631732523441315, 0.06859354674816132, 0.0, 0.14515510201454163, 0.0, 0.0, 0.0, 0.0, 0.0, 0.06578478217124939, 0.0, 0.0, 0.1337425857782364, 0.0, 0.14515510201454163, 0.0, 0.04570377245545387, 0.0, 0.0, 0.0, 0.0, 0.0, 0.0, 0.0, 0.0, 0.0, 0.14515510201454163]","[0.0, 0.1, 0.1, 0.1, 0.1, 0.1, 0.1, 0.1, 0.1, 0.0, 0.0, 0.0, 0.0, 0.0, 0.0, 0.0, 0.0, 0.0, 0.0, 0.0, 0.0, 0.0, 0.0, 0.0, 0.0, 0.0, 0.0, 0.0, 0.1, 0.1]","[0.0, 0.08418009282611333, 0.10025390022194519, 0.09328647977798053, 0.0860254257486942, 0.08595174466473497, 0.08225039623151412, 0.1010679282428495, 0.10644700514194122, 0.0, 0.00015545412855203964, 0.0, 0.010701403647513473, 0.0, 0.0, 0.005051055706988777, 0.007838498865976186, 0.008090334742621472, 0.01970387084253479, 0.0, 5.111430671586041e-05, 0.0006724865570383355, 0.0, 0.013037039262470644, 0.0, 0.0, 0.007012343312654875, 0.0051860185604490055, 0.09008675974839658, 0.09295064746231489]","[0.08065710961818695, 0.0, 0.09373553097248077, 0.07631732523441315, 0.06859354674816132, 0.0, 0.14515510201454163, 0.0, 0.0, 0.0, 0.0, 0.0, 0.06578478217124939, 0.0, 0.0, 0.1337425857782364, 0.0, 0.14515510201454163, 0.0, 0.04570377245545387, 0.0, 0.0, 0.0, 0.0, 0.0, 0.0, 0.0, 0.0, 0.0, 0.14515510201454163]",0.0053977648817766745
57,1.0534083898767186,"[1.002627454515259, 1.0110468732472335, 1.000734065331286, 0.9967243655781414, 1.0150934999760246, 1.0029826637942845, 1.0207644851301703, 0.9956975617985951, 1.0008910660522274, 1.0188276809948518, 1.0044900537649708, 0.9981397893359067, 1.0105240943431864, 1.009805496509134, 0.9959040057831509, 0.9884857768864496, 0.987692467553908, 1.0003940222259544, 1.0070831168934355, 1.003991883525437, 1.0276970730577333, 0.9977260428607682, 1.0139706853919435, 1.0135517016648212, 1.0054820127429414, 0.9918477825184036, 1.0094260877217647, 0.9754769230547713, 1.011589690339261, 1.0160728859670647]","[0.9864401601483742, 1.0111988510697325, 1.0021167908270205, 0.9940369993990891, 0.9960341547464544, 0.9986476393767026, 1.0224720831249954, 0.9939739722490412, 0.9915682330315811, 1.0044096086859844, 1.0004830736441712, 1.0263640969259205, 1.0111567922934024, 0.9769385352444026, 0.9769127878298444, 0.9953873094074397, 0.9847951485696511, 0.9919606752510056, 1.0127470829594665, 0.9739037893176122, 0.9957711606975845, 1.005088230348268, 1.0064268666833482, 1.0083967698607512, 1.0010384116783797, 1.0059877289846797, 0.9751260333412569, 1.0022266023076118, 1.0028654269033728, 1.0135958197466062]","[-0.013559839851625788, 0.011198851069732507, 0.0021167908270205427, -0.005963000600910928, -0.003965845253545597, -0.001352360623297355, 0.02247208312499538, -0.00602602775095884, -0.008431766968418852, 0.00440960868598439, 0.0004830736441712169, 0.026364096925920455, 0.011156792293402384, -0.02306146475559745, -0.023087212170155635, -0.004612690592560309, -0.015204851430348887, -0.008039324748994381, 0.012747082959466471, -0.026096210682387766, -0.004228839302415466, 0.005088230348267997, 0.006426866683348242, 0.008396769860751219, 0.0010384116783797026, 0.005987728984679697, -0.024873966658743085, 0.002226602307611847, 0.0028654269033727697, 0.013595819746606175]","[0.0757158175110817, 0.0, 0.0, 0.1133735254406929, 0.0, 0.09677337110042572, 0.1133735254406929, 0.0, 0.0, 0.1133735254406929, 0.0, 0.0, 0.0, 0.0, 0.1133735254406929, 0.0, 0.0, 0.0, 0.1133735254406929, 0.0, 0.1133735254406929, 0.056137651205062866, 0.0, 0.09113197028636932, 0.0, 0.0, 0.0, 0.0, 0.0, 0.0]","[0.0, 0.1, 0.1, 0.1, 0.1, 0.1, 0.1, 0.1, 0.1, 0.0, 0.0, 0.0, 0.0, 0.0, 0.0, 0.0, 0.0, 0.0, 0.0, 0.0, 0.0, 0.0, 0.0, 0.0, 0.0, 0.0, 0.0, 0.0, 0.1, 0.1]","[0.0, 0.09430904465491907, 0.1035465902418057, 0.09725629394604565, 0.08409046996782127, 0.09162218265674718, 0.0890520029356436, 0.09758474986204689, 0.09171272953716139, 0.0, 0.0, 0.004596750902486377, 0.0, 0.002864671895892867, 0.0, 0.005133286966663533, 0.0, 0.0, 0.008162667422302589, 0.008742854559715976, 0.0, 0.0022329498727145956, 0.017606127083329617, 0.0, 0.0, 0.00037571495304802464, 0.005062517257601346, 0.007161436044859809, 0.09940166202420977, 0.08948529721498465]","[0.07571582496166229, 0.0, 0.0, 0.1133735328912735, 0.0, 0.09677337855100632, 0.1133735328912735, 0.0, 0.0, 0.1133735328912735, 0.0, 0.0, 0.0, 0.0, 0.1133735328912735, 0.0, 0.0, 0.0, 0.1133735328912735, 0.0, 0.1133735328912735, 0.056137654930353165, 0.0, 0.09113197773694992, 0.0, 0.0, 0.0, 0.0, 0.0, 0.0]",0.00019656674974354043
58,1.053616846646405,"[0.9864401601483742, 1.0111988510697325, 1.0021167908270205, 0.9940369993990891, 0.9960341547464544, 0.9986476393767026, 1.0224720831249954, 0.9939739722490412, 0.9915682330315811, 1.0044096086859844, 1.0004830736441712, 1.0263640969259205, 1.0111567922934024, 0.9769385352444026, 0.9769127878298444, 0.9953873094074397, 0.9847951485696511, 0.9919606752510056, 1.0127470829594665, 0.9739037893176122, 0.9957711606975845, 1.005088230348268, 1.0064268666833482, 1.0083967698607512, 1.0010384116783797, 1.0059877289846797, 0.9751260333412569, 1.0022266023076118, 1.0028654269033728, 1.0135958197466062]","[1.0093805196398906, 0.9975443155268142, 0.9983757271028211, 0.9978014742473981, 1.0120125644343512, 0.9919244034762628, 1.0055998003560203, 0.9976970702036638, 0.9880240614035166, 1.0167073893773872, 0.9919004639766076, 1.0220292649360656, 1.0023637192353165, 1.000320558280093, 0.9939755322641015, 0.9885203484478942, 1.0023218606021553, 0.9868247127207572, 0.9927676343327422, 0.9890699486632882, 1.001215501973543, 1.0315869754686717, 1.0173200655633474, 1.0194084462737212, 0.9928616107789318, 0.9815963273642919, 0.9962365865549168, 0.9705562805510592, 1.0204055121483693, 0.988971812702636]","[0.009380519639890617, -0.002455684473185782, -0.0016242728971789244, -0.002198525752601932, 0.01201256443435117, -0.008075596523737238, 0.005599800356020257, -0.002302929796336173, -0.011975938596483382, 0.01670738937738725, -0.008099536023392417, 0.022029264936065607, 0.0023637192353165304, 0.00032055828009291965, -0.006024467735898487, -0.01147965155210584, 0.0023218606021553345, -0.013175287279242776, -0.007232365667257823, -0.010930051336711766, 0.0012155019735429207, 0.03158697546867173, 0.01732006556334742, 0.01940844627372118, -0.007138389221068242, -0.01840367263570808, -0.0037634134450832413, -0.029443719448940753, 0.020405512148369276, -0.01102818729736399]","[0.04408586770296097, 0.1154150739312172, 0.10229519009590149, 0.1154150739312172, 0.0, 0.0, 0.1154150739312172, 0.0, 0.0, 0.0, 0.0, 0.0, 0.0, 0.0, 0.0, 0.0, 0.06889273971319199, 0.0, 0.0, 0.1154150739312172, 0.0, 0.0, 0.1118626594543457, 0.0, 0.0, 0.0, 0.0, 0.106406569480896, 0.10479665547609329, 0.0]","[0.0, 0.1, 0.1, 0.1, 0.1, 0.1, 0.1, 0.1, 0.1, 0.0, 0.0, 0.0, 0.0, 0.0, 0.0, 0.0, 0.0, 0.0, 0.0, 0.0, 0.0, 0.0, 0.0, 0.0, 0.0, 0.0, 0.0, 0.0, 0.1, 0.1]","[0.0, 0.09532502996274307, 0.09819382809573801, 0.09793698169375581, 0.08597072544346972, 0.09151573824204745, 0.0936533379434995, 0.10176401327179248, 0.08297764034109918, 0.0, 0.0, 0.0, 0.004064945616609266, 0.0, 0.0, 0.0, 0.0, 0.00287500399321027, 0.0058420819368617686, 0.009329187854209112, 0.005344939780046959, 0.0, 0.0, 0.004224709126519635, 0.012440757968423893, 0.0, 0.007903102110522683, 0.0, 0.09403977163997203, 0.10659820497947912]","[0.04408586770296097, 0.1154150739312172, 0.10229519009590149, 0.1154150739312172, 0.0, 0.0, 0.1154150739312172, 0.0, 0.0, 0.0, 0.0, 0.0, 0.0, 0.0, 0.0, 0.0, 0.06889273971319199, 0.0, 0.0, 0.1154150739312172, 0.0, 0.0, 0.1118626594543457, 0.0, 0.0, 0.0, 0.0, 0.106406569480896, 0.10479665547609329, 0.0]",-0.0002140187396068065
59,1.0574095577794858,"[1.0093805196398906, 0.9975443155268142, 0.9983757271028211, 0.9978014742473981, 1.0120125644343512, 0.9919244034762628, 1.0055998003560203, 0.9976970702036638, 0.9880240614035166, 1.0167073893773872, 0.9919004639766076, 1.0220292649360656, 1.0023637192353165, 1.000320558280093, 0.9939755322641015, 0.9885203484478942, 1.0023218606021553, 0.9868247127207572, 0.9927676343327422, 0.9890699486632882, 1.001215501973543, 1.0315869754686717, 1.0173200655633474, 1.0194084462737212, 0.9928616107789318, 0.9815963273642919, 0.9962365865549168, 0.9705562805510592, 1.0204055121483693, 0.988971812702636]","[1.0201593563902764, 1.0015325259840908, 1.012006584170541, 1.0100462654932623, 0.9966484417503968, 1.0012918727818003, 1.0064632867898025, 1.0163561922943176, 1.0080076778175635, 0.9939744530955117, 1.0184959870772075, 0.9913239813140653, 1.0192544678135875, 1.004674807614512, 0.9913294986069083, 1.0065892295738317, 1.0107041711226998, 0.9957879333656396, 0.9863853228523684, 0.995666761546373, 1.0153314439429901, 1.0162348424346859, 1.0110651212247987, 0.9862223441258171, 1.0169200944716321, 0.9968706248279087, 1.011004984517443, 0.986752857796413, 0.9991057709470207, 0.9959118339990362]","[0.02015935639027644, 0.0015325259840908156, 0.012006584170541013, 0.010046265493262263, -0.0033515582496032037, 0.0012918727818003184, 0.006463286789802458, 0.016356192294317617, 0.008007677817563508, -0.00602554690448831, 0.018495987077207454, -0.008676018685934705, 0.019254467813587528, 0.004674807614512, -0.008670501393091667, 0.006589229573831679, 0.010704171122699835, -0.004212066634360356, -0.013614677147631649, -0.004333238453626986, 0.01533144394299013, 0.01623484243468587, 0.011065121224798746, -0.013777655874182893, 0.01692009447163212, -0.003129375172091331, 0.011004984517442917, -0.013247142203587026, -0.0008942290529793118, -0.004088166000963844]","[0.0, 0.0, 0.08516650646924973, 0.0, 0.0, 0.0, 0.0, 0.0, 0.13365478813648224, 0.13365478813648224, 0.0, 0.0, 0.0, 0.0, 0.0, 0.0, 0.0, 0.0, 0.0, 0.06053916737437248, 0.0, 0.13365478813648224, 0.11088826507329941, 0.10217535495758057, 0.0, 0.0, 0.08719857782125473, 0.0, 0.07876942306756973, 0.07429834455251694]","[0.0, 0.1, 0.1, 0.1, 0.1, 0.1, 0.1, 0.1, 0.1, 0.0, 0.0, 0.0, 0.0, 0.0, 0.0, 0.0, 0.0, 0.0, 0.0, 0.0, 0.0, 0.0, 0.0, 0.0, 0.0, 0.0, 0.0, 0.0, 0.1, 0.1]","[0.0, 0.09132649057726733, 0.07675265798657423, 0.08785011182654442, 0.08979937399328337, 0.08687448783145892, 0.09155253808556207, 0.1145322394052518, 0.10174237191209964, 0.003712737846418486, 0.010463202044791856, 0.0020737850869814787, 0.0, 0.003964187670892449, 0.002369596694402464, 0.0038496990250901676, 0.0, 0.0058746081196263044, 7.406025963637773e-06, 0.01659170772714322, 0.0, 0.0060289166942451506, 0.0066859699161184736, 0.005290204174581471, 0.00029824552449781436, 0.006731665690900481, 0.0, 0.0, 0.08351605991605321, 0.1021117362242516]","[0.0, 0.0, 0.08516650646924973, 0.0, 0.0, 0.0, 0.0, 0.0, 0.13365478813648224, 0.13365478813648224, 0.0, 0.0, 0.0, 0.0, 0.0, 0.0, 0.0, 0.0, 0.0, 0.06053916737437248, 0.0, 0.13365478813648224, 0.11088826507329941, 0.10217535495758057, 0.0, 0.0, 0.08719857782125473, 0.0, 0.07876942306756973, 0.07429834455251694]",0.003195440512514864
60,1.0630538973696035,"[1.0201593563902764, 1.0015325259840908, 1.012006584170541, 1.0100462654932623, 0.9966484417503968, 1.0012918727818003, 1.0064632867898025, 1.0163561922943176, 1.0080076778175635, 0.9939744530955117, 1.0184959870772075, 0.9913239813140653, 1.0192544678135875, 1.004674807614512, 0.9913294986069083, 1.0065892295738317, 1.0107041711226998, 0.9957879333656396, 0.9863853228523684, 0.995666761546373, 1.0153314439429901, 1.0162348424346859, 1.0110651212247987, 0.9862223441258171, 1.0169200944716321, 0.9968706248279087, 1.011004984517443, 0.986752857796413, 0.9991057709470207, 0.9959118339990362]","[1.0114504004888298, 0.9961793577821991, 0.9940688644581213, 0.994521768892787, 1.0111741873182103, 0.9956140779427367, 0.9923189816654389, 0.989698908778376, 0.9833935606681901, 1.004961588269212, 1.0024590460967011, 1.0179396309438424, 0.9743489220317688, 0.9838960703638411, 0.9923824938068957, 0.9905857829460799, 0.9878138488421966, 1.0080988593026925, 1.0042011258408547, 1.0083059595536972, 0.994410405721309, 1.0151719734115479, 0.9870819786830247, 1.0163504592246464, 0.9730670044153962, 1.0048167874940543, 0.9867454187750487, 1.0219957751317983, 1.0025740622745913, 1.0278318198064353]","[0.011450400488829837, -0.0038206422178008737, -0.00593113554187874, -0.005478231107213016, 0.011174187318210294, -0.004385922057263292, -0.0076810183345611405, -0.010301091221624037, -0.01660643933180994, 0.004961588269212003, 0.002459046096701112, 0.017939630943842433, -0.025651077968231184, -0.01610392963615892, -0.007617506193104306, -0.009414217053920093, -0.012186151157803415, 0.008098859302692496, 0.004201125840854747, 0.008305959553697173, -0.00558959427869099, 0.015171973411547857, -0.012918021316975281, 0.016350459224646396, -0.026932995584603825, 0.004816787494054342, -0.013254581224951267, 0.02199577513179829, 0.0025740622745913377, 0.027831819806435343]","[0.11290034651756287, 0.0, 0.0, 0.10340704023838043, 0.07632696628570557, 0.0, 0.0, 0.0, 0.08314263820648193, 0.0, 0.0, 0.11290034651756287, 0.0, 0.0, 0.0, 0.0, 0.0, 0.0, 0.11290034651756287, 0.0, 0.10681916028261185, 0.0, 0.1079789251089096, 0.0, 0.0, 0.0, 0.0, 0.08206041902303696, 0.0, 0.10156382620334625]","[0.0, 0.1, 0.1, 0.1, 0.1, 0.1, 0.1, 0.1, 0.1, 0.0, 0.0, 0.0, 0.0, 0.0, 0.0, 0.0, 0.0, 0.0, 0.0, 0.0, 0.0, 0.0, 0.0, 0.0, 0.0, 0.0, 0.0, 0.0, 0.1, 0.1]","[0.0, 0.08819958758224586, 0.07318548511377618, 0.09303034658217259, 0.0803835358557622, 0.09138173138502673, 0.08965559658441412, 0.101303818108072, 0.07848306747810042, 0.0, 0.0017902824398121767, 0.018649030380058374, 0.011590928844788418, 0.0028851615240613995, 0.0, 0.0, 0.00791275516925729, 0.0, 0.010451105225047996, 0.0005211151393882237, 0.003875079214520131, 0.006164260343641621, 0.008326748569758695, 0.00028025356356353205, 0.009325798382688776, 0.0, 0.016376934709234507, 0.020897185222930124, 0.08496314832103997, 0.10036704426063867]","[0.11290035396814346, 0.0, 0.0, 0.10340704768896103, 0.07632697373628616, 0.0, 0.0, 0.0, 0.08314264565706253, 0.0, 0.0, 0.11290035396814346, 0.0, 0.0, 0.0, 0.0, 0.0, 0.0, 0.11290035396814346, 0.0, 0.10681916773319244, 0.0, 0.1079789325594902, 0.0, 0.0, 0.0, 0.0, 0.08206042647361755, 0.0, 0.10156383365392685]",0.004942758155437674
61,1.063000307746889,"[1.0114504004888298, 0.9961793577821991, 0.9940688644581213, 0.994521768892787, 1.0111741873182103, 0.9956140779427367, 0.9923189816654389, 0.989698908778376, 0.9833935606681901, 1.004961588269212, 1.0024590460967011, 1.0179396309438424, 0.9743489220317688, 0.9838960703638411, 0.9923824938068957, 0.9905857829460799, 0.9878138488421966, 1.0080988593026925, 1.0042011258408547, 1.0083059595536972, 0.994410405721309, 1.0151719734115479, 0.9870819786830247, 1.0163504592246464, 0.9730670044153962, 1.0048167874940543, 0.9867454187750487, 1.0219957751317983, 1.0025740622745913, 1.0278318198064353]","[1.021002635524753, 1.0021059980329166, 0.9941274152771588, 0.9868391803890973, 1.0203504872226663, 0.9970009403314508, 1.0119718588215858, 1.000482876122871, 1.027233356599243, 1.0199139697675494, 1.0029385316801513, 1.0084204744797962, 1.0150078315671673, 1.0245868097836213, 1.0005436776775356, 1.0113057039578528, 1.0033036257406533, 0.9964159032558588, 1.01693688077423, 1.0049194683310583, 0.9889607328178294, 0.9867260819310759, 0.97359114682195, 1.0092781762133318, 1.0358182556709925, 0.9922143450570388, 1.017052218523358, 0.9942389044152439, 1.0080663238900822, 1.0151699514413053]","[0.02100263552475301, 0.002105998032916556, -0.005872584722841245, -0.013160819610902652, 0.020350487222666303, -0.0029990596685491866, 0.011971858821585801, 0.0004828761228710121, 0.027233356599243086, 0.019913969767549444, 0.002938531680151346, 0.008420474479796214, 0.01500783156716734, 0.024586809783621266, 0.0005436776775356034, 0.011305703957852797, 0.0033036257406533487, -0.003584096744141174, 0.016936880774230056, 0.004919468331058274, -0.011039267182170631, -0.013273918068924084, -0.026408853178049974, 0.009278176213331824, 0.035818255670992505, -0.00778565494296124, 0.01705221852335792, -0.005761095584756126, 0.008066323890082217, 0.015169951441305285]","[0.0, 0.1128423660993576, 0.1128423660993576, 0.1128423660993576, 0.0, 0.0, 0.1128423660993576, 0.0, 0.0, 0.0, 0.1128423660993576, 0.0, 0.0, 0.0, 0.0750807449221611, 0.0, 0.0, 0.1128423660993576, 0.0, 0.08691933006048203, 0.0, 0.0, 0.0, 0.0, 0.0, 0.07475569099187851, 0.0, 0.0, 0.08619008958339691, 0.0]","[0.0, 0.1, 0.1, 0.1, 0.1, 0.1, 0.1, 0.1, 0.1, 0.0, 0.0, 0.0, 0.0, 0.0, 0.0, 0.0, 0.0, 0.0, 0.0, 0.0, 0.0, 0.0, 0.0, 0.0, 0.0, 0.0, 0.0, 0.0, 0.1, 0.1]","[0.010802404368423058, 0.10090609815653155, 0.09333375040034152, 0.0858152288263941, 0.08467888558221716, 0.08370415973725812, 0.07396086614920987, 0.08612594026052672, 0.09054003141522807, 0.0, 0.009092537393190093, 0.004346665400461432, 0.0, 0.022258567366574077, 0.0, 0.012188312203146926, 0.009595848641720056, 0.009951042946493191, 0.004276482747383221, 0.006928946505132774, 0.0, 0.0, 0.0, 0.0, 0.003956953065802776, 0.0, 0.011790127211836846, 0.0, 0.09348816538046445, 0.10225898624166399]","[0.0, 0.1128423660993576, 0.1128423660993576, 0.1128423660993576, 0.0, 0.0, 0.1128423660993576, 0.0, 0.0, 0.0, 0.1128423660993576, 0.0, 0.0, 0.0, 0.0750807449221611, 0.0, 0.0, 0.1128423660993576, 0.0, 0.08691933006048203, 0.0, 0.0, 0.0, 0.0, 0.0, 0.07475569099187851, 0.0, 0.0, 0.08619008958339691, 0.0]",-0.0004217022232663477
62,1.0672816854895495,"[1.021002635524753, 1.0021059980329166, 0.9941274152771588, 0.9868391803890973, 1.0203504872226663, 0.9970009403314508, 1.0119718588215858, 1.000482876122871, 1.027233356599243, 1.0199139697675494, 1.0029385316801513, 1.0084204744797962, 1.0150078315671673, 1.0245868097836213, 1.0005436776775356, 1.0113057039578528, 1.0033036257406533, 0.9964159032558588, 1.01693688077423, 1.0049194683310583, 0.9889607328178294, 0.9867260819310759, 0.97359114682195, 1.0092781762133318, 1.0358182556709925, 0.9922143450570388, 1.017052218523358, 0.9942389044152439, 1.0080663238900822, 1.0151699514413053]","[1.0020058344044487, 1.007126909535522, 0.9949156256430026, 0.995870844875548, 0.9995364859140624, 1.0144420248574446, 0.9933693095927751, 0.997764349750796, 1.0017496589205825, 1.0171070852125008, 0.998090313447759, 0.9859420473435552, 1.0085547582942476, 1.0047966164978552, 0.9848336532291356, 1.0135589284310904, 0.9952466255243745, 1.0117953747108137, 0.9943172014241397, 1.0067113829627223, 0.9881434550290594, 0.9935238674202143, 1.0142464900825499, 1.0182185221051196, 1.0179567075230818, 0.9988805772332, 0.997264161689888, 0.9580393582114791, 0.9894959061564641, 0.9932866160154827]","[0.002005834404448681, 0.007126909535521975, -0.005084374356997379, -0.004129155124452, -0.0004635140859375886, 0.014442024857444613, -0.00663069040722486, -0.0022356502492040242, 0.001749658920582542, 0.017107085212500817, -0.0019096865522409967, -0.014057952656444828, 0.008554758294247566, 0.004796616497855233, -0.01516634677086437, 0.013558928431090411, -0.004753374475625516, 0.01179537471081371, -0.005682798575860293, 0.006711382962722334, -0.011856544970940575, -0.006476132579785743, 0.014246490082549856, 0.01821852210511965, 0.01795670752308176, -0.0011194227667999934, -0.0027358383101120376, -0.04196064178852088, -0.0105040938435359, -0.006713383984517263]","[0.0, 0.11065233498811722, 0.11065233498811722, 0.11065233498811722, 0.0, 0.0, 0.0, 0.11065233498811722, 0.11065233498811722, 0.11065233498811722, 0.06120874360203743, 0.0, 0.0, 0.0, 0.0, 0.0, 0.0, 0.10081931948661804, 0.0, 0.0, 0.0, 0.0, 0.0, 0.07973411679267883, 0.0, 0.09432382136583328, 0.0, 0.0, 0.0, 0.0]","[0.0, 0.1, 0.1, 0.1, 0.1, 0.1, 0.1, 0.1, 0.1, 0.0, 0.0, 0.0, 0.0, 0.0, 0.0, 0.0, 0.0, 0.0, 0.0, 0.0, 0.0, 0.0, 0.0, 0.0, 0.0, 0.0, 0.0, 0.0, 0.1, 0.1]","[0.0, 0.08307547596785729, 0.10312238896425698, 0.11285609872381232, 0.0960256308073586, 0.10166022733181937, 0.08610800302554499, 0.09119982017631134, 0.09406635024273066, 0.0, 0.015435580660290429, 0.0035784568989651864, 0.0, 0.008872404154936866, 0.0, 0.00826510444276825, 0.0, 0.0, 0.0, 0.0, 0.0, 0.0, 0.007646847088292119, 0.0, 0.0, 0.0, 0.0, 0.003912289399708532, 0.08829243380461606, 0.09588288831073097]","[0.0, 0.11065234243869781, 0.11065234243869781, 0.11065234243869781, 0.0, 0.0, 0.0, 0.11065234243869781, 0.11065234243869781, 0.11065234243869781, 0.06120874732732773, 0.0, 0.0, 0.0, 0.0, 0.0, 0.0, 0.10081932693719864, 0.0, 0.0, 0.0, 0.0, 0.0, 0.07973412424325943, 0.0, 0.09432382881641388, 0.0, 0.0, 0.0, 0.0]",0.0036429547579029152
63,1.0639376656151946,"[1.0020058344044487, 1.007126909535522, 0.9949156256430026, 0.995870844875548, 0.9995364859140624, 1.0144420248574446, 0.9933693095927751, 0.997764349750796, 1.0017496589205825, 1.0171070852125008, 0.998090313447759, 0.9859420473435552, 1.0085547582942476, 1.0047966164978552, 0.9848336532291356, 1.0135589284310904, 0.9952466255243745, 1.0117953747108137, 0.9943172014241397, 1.0067113829627223, 0.9881434550290594, 0.9935238674202143, 1.0142464900825499, 1.0182185221051196, 1.0179567075230818, 0.9988805772332, 0.997264161689888, 0.9580393582114791, 0.9894959061564641, 0.9932866160154827]","[0.9931465091923097, 1.0100283420234484, 1.0074764658502127, 1.021182593213854, 0.98440959149413, 1.0001079434747537, 0.993335210269548, 0.9880268175266728, 1.0003197462853932, 0.9994870273421911, 0.9939195691696665, 0.9932265913573807, 1.0041886438179695, 0.9905873323338962, 0.9992123912495213, 0.9974185281681022, 0.987149446090979, 0.9906931989031132, 0.9927592327955804, 1.006602690060682, 1.0090053815594577, 1.0056036155866823, 0.9928023570166005, 1.0087666329697094, 1.0080380761724814, 1.0049090324489094, 1.00739973321256, 1.0273057459396888, 0.9893024805184089, 1.0038358391680935]","[-0.006853490807690266, 0.010028342023448378, 0.007476465850212666, 0.021182593213854073, -0.015590408505870013, 0.00010794347475373556, -0.0066647897304520365, -0.011973182473327237, 0.0003197462853932187, -0.0005129726578089189, -0.006080430830333494, -0.006773408642619327, 0.004188643817969462, -0.009412667666103824, -0.0007876087504786744, -0.0025814718318978302, -0.012850553909021012, -0.009306801096886752, -0.007240767204419574, 0.006602690060681926, 0.009005381559457737, 0.00560361558668232, -0.007197642983399533, 0.008766632969709365, 0.008038076172481423, 0.0049090324489093895, 0.0073997332125599335, 0.02730574593968882, -0.010697519481591145, 0.003835839168093491]","[0.0, 0.10515112429857254, 0.0, 0.0, 0.0, 0.0, 0.10515112429857254, 0.0, 0.0, 0.10515112429857254, 0.0, 0.10515112429857254, 0.0, 0.09679079800844193, 0.10515112429857254, 0.0, 0.08704439550638199, 0.10515112429857254, 0.0, 0.0, 0.10515112429857254, 0.0, 0.08010696619749069, 0.0, 0.0, 0.0, 0.0, 0.0, 0.0, 0.0]","[0.0, 0.1, 0.1, 0.1, 0.1, 0.1, 0.1, 0.1, 0.1, 0.0, 0.0, 0.0, 0.0, 0.0, 0.0, 0.0, 0.0, 0.0, 0.0, 0.0, 0.0, 0.0, 0.0, 0.0, 0.0, 0.0, 0.0, 0.0, 0.1, 0.1]","[0.0, 0.09601748310979771, 0.09612343525831386, 0.08079625480308777, 0.09157571282708908, 0.08578478492938313, 0.10400403942146652, 0.10232671911515616, 0.09193699813596085, 0.004414833953382475, 0.013326017275725752, 0.004248834645059056, 0.004727457805650323, 0.0, 0.0, 0.0, 0.0, 0.00413947979993121, 0.00037553867010499566, 0.0, 0.0045865244007825415, 0.0, 0.013210638098711123, 0.0030608728643525176, 0.0, 0.0024496075748095016, 0.0, 0.014131258583432164, 0.08536006591998166, 0.09740344280782136]","[0.0, 0.10515112429857254, 0.0, 0.0, 0.0, 0.0, 0.10515112429857254, 0.0, 0.0, 0.10515112429857254, 0.0, 0.10515112429857254, 0.0, 0.09679079800844193, 0.10515112429857254, 0.0, 0.08704439550638199, 0.10515112429857254, 0.0, 0.0, 0.10515112429857254, 0.0, 0.08010696619749069, 0.0, 0.0, 0.0, 0.0, 0.0, 0.0, 0.0]",-0.0035861367632521895
64,1.0663080839086738,"[0.9931465091923097, 1.0100283420234484, 1.0074764658502127, 1.021182593213854, 0.98440959149413, 1.0001079434747537, 0.993335210269548, 0.9880268175266728, 1.0003197462853932, 0.9994870273421911, 0.9939195691696665, 0.9932265913573807, 1.0041886438179695, 0.9905873323338962, 0.9992123912495213, 0.9974185281681022, 0.987149446090979, 0.9906931989031132, 0.9927592327955804, 1.006602690060682, 1.0090053815594577, 1.0056036155866823, 0.9928023570166005, 1.0087666329697094, 1.0080380761724814, 1.0049090324489094, 1.00739973321256, 1.0273057459396888, 0.9893024805184089, 1.0038358391680935]","[1.035749447831508, 1.0118156980052313, 1.001655011295033, 0.991577273898412, 1.0080494221532725, 0.9689430321359521, 0.9772246385109157, 0.9945112255011084, 1.0101016842290798, 0.9999974059105369, 0.9943628349245612, 0.9731858299959427, 0.9958802196876653, 0.9856794561207395, 0.9891884857643387, 1.015478245277903, 1.005289195901543, 0.9720433807346928, 0.9883968922569935, 0.9866594199387029, 0.9874379143677766, 1.00982554156587, 1.0040616452651183, 0.9852185191428813, 0.9916075987962949, 1.0148560216244193, 1.0133003747498845, 1.0237180845065275, 0.9757225035670587, 1.0061269074269887]","[0.03574944783150791, 0.011815698005231301, 0.001655011295033093, -0.008422726101588007, 0.008049422153272534, -0.03105696786404788, -0.022775361489084323, -0.005488774498891624, 0.010101684229079755, -2.5940894631260036e-06, -0.005637165075438766, -0.02681417000405728, -0.004119780312334731, -0.014320543879260517, -0.01081151423566129, 0.01547824527790298, 0.005289195901543087, -0.027956619265307237, -0.011603107743006547, -0.013340580061297125, -0.012562085632223385, 0.0098255415658699, 0.004061645265118319, -0.014781480857118723, -0.008392401203705102, 0.014856021624419347, 0.013300374749884547, 0.02371808450652746, -0.024277496432941303, 0.006126907426988737]","[0.0, 0.0, 0.12621082365512848, 0.0, 0.0, 0.0, 0.0, 0.15924875438213348, 0.13582587242126465, 0.0, 0.0, 0.0, 0.0, 0.04408392310142517, 0.0, 0.15924875438213348, 0.15924875438213348, 0.0, 0.030551841482520103, 0.0, 0.0, 0.053619470447301865, 0.0, 0.034379515796899796, 0.09758231043815613, 0.0, 0.0, 0.0, 0.0, 0.0]","[0.0, 0.1, 0.1, 0.1, 0.1, 0.1, 0.1, 0.1, 0.1, 0.0, 0.0, 0.0, 0.0, 0.0, 0.0, 0.0, 0.0, 0.0, 0.0, 0.0, 0.0, 0.0, 0.0, 0.0, 0.0, 0.0, 0.0, 0.0, 0.1, 0.1]","[0.012054573052319821, 0.08972955692028571, 0.08506381255723518, 0.08311316955686547, 0.09134991333317487, 0.08353935582003826, 0.09197665663031776, 0.10198432792120092, 0.0955235162190443, 0.0, 0.022825865615390833, 0.0, 0.0, 0.0, 0.0013065837112236187, 0.0, 0.007985208052023275, 0.013508756483279557, 0.0012336362057175615, 0.0015198201914336557, 0.008401595721367658, 0.009948904098239094, 0.0, 0.0, 0.0, 0.01746010530663767, 0.002581581893797302, 0.009301590189254609, 0.09302199664635667, 0.0765694738747962]","[0.0, 0.0, 0.12621082365512848, 0.0, 0.0, 0.0, 0.0, 0.15924875438213348, 0.13582587242126465, 0.0, 0.0, 0.0, 0.0, 0.04408392310142517, 0.0, 0.15924875438213348, 0.15924875438213348, 0.0, 0.030551841482520103, 0.0, 0.0, 0.053619470447301865, 0.0, 0.034379515796899796, 0.09758231043815613, 0.0, 0.0, 0.0, 0.0, 0.0]",0.0017864279980301693
65,1.0686010475910754,"[1.035749447831508, 1.0118156980052313, 1.001655011295033, 0.991577273898412, 1.0080494221532725, 0.9689430321359521, 0.9772246385109157, 0.9945112255011084, 1.0101016842290798, 0.9999974059105369, 0.9943628349245612, 0.9731858299959427, 0.9958802196876653, 0.9856794561207395, 0.9891884857643387, 1.015478245277903, 1.005289195901543, 0.9720433807346928, 0.9883968922569935, 0.9866594199387029, 0.9874379143677766, 1.00982554156587, 1.0040616452651183, 0.9852185191428813, 0.9916075987962949, 1.0148560216244193, 1.0133003747498845, 1.0237180845065275, 0.9757225035670587, 1.0061269074269887]","[1.0031238188883107, 1.0157058632411784, 1.0170780871965994, 0.9906395953167781, 1.0185223437920965, 0.9914372007185835, 1.014385844029181, 1.0065468681112026, 1.0152297180761858, 1.0004153713199522, 0.9983149569180287, 0.9875444664489099, 1.0144691222363211, 0.9974480747986098, 0.9939238784303636, 0.9900464951585812, 1.0119406781770122, 1.0264342603744023, 1.0266030804786952, 1.0209668801647707, 1.004124097941727, 1.016032037006328, 1.0152894629299438, 1.0109430562412578, 0.9940565562528275, 1.0099708485911671, 1.0043502445456278, 1.0111973324053674, 0.9953444778060089, 0.9892048619526532]","[0.003123818888310703, 0.015705863241178397, 0.017078087196599423, -0.009360404683221857, 0.018522343792096496, -0.008562799281416456, 0.014385844029181083, 0.006546868111202642, 0.015229718076185783, 0.0004153713199521736, -0.0016850430819712603, -0.012455533551090081, 0.01446912223632113, -0.0025519252013902483, -0.006076121569636439, -0.00995350484141877, 0.011940678177012165, 0.02643426037440233, 0.026603080478695196, 0.020966880164770663, 0.004124097941726967, 0.016032037006328048, 0.01528946292994382, 0.010943056241257798, -0.005943443747172483, 0.009970848591167147, 0.004350244545627824, 0.011197332405367355, -0.004655522193991124, -0.010795138047346775]","[0.0, 0.0, 0.0, 0.10733848065137863, 0.0, 0.0, 0.0, 0.0, 0.11087140440940857, 0.09651050716638565, 0.0, 0.11087140440940857, 0.0, 0.0, 0.0, 0.11087140440940857, 0.0, 0.0, 0.04880271479487419, 0.0, 0.0, 0.11087140440940857, 0.0, 0.11087140440940857, 0.0, 0.08211985975503922, 0.0, 0.0, 0.0, 0.11087140440940857]","[0.0, 0.1, 0.1, 0.1, 0.1, 0.1, 0.1, 0.1, 0.1, 0.0, 0.0, 0.0, 0.0, 0.0, 0.0, 0.0, 0.0, 0.0, 0.0, 0.0, 0.0, 0.0, 0.0, 0.0, 0.0, 0.0, 0.0, 0.0, 0.1, 0.1]","[0.0, 0.09440337868436822, 0.1005546450409844, 0.10611410428950602, 0.09554500337364916, 0.08763104094284965, 0.10408633234907246, 0.08573432409676082, 0.1039350059184382, 0.004815270780325421, 0.0, 0.0, 0.0050979068967731845, 0.0016556234506375767, 0.0, 0.005697362325672393, 0.0, 0.0008327010348015921, 0.0, 0.007536471207330034, 0.0, 0.0, 0.0, 0.0, 0.008659334742741213, 0.0, 0.0, 0.0, 0.09595049317046853, 0.09175100169562123]","[0.0, 0.0, 0.0, 0.10733848065137863, 0.0, 0.0, 0.0, 0.0, 0.11087140440940857, 0.09651050716638565, 0.0, 0.11087140440940857, 0.0, 0.0, 0.0, 0.11087140440940857, 0.0, 0.0, 0.04880271479487419, 0.0, 0.0, 0.11087140440940857, 0.0, 0.11087140440940857, 0.0, 0.08211985975503922, 0.0, 0.0, 0.0, 0.11087140440940857]",0.0017211232994984065
66,1.0730327492846872,"[1.0031238188883107, 1.0157058632411784, 1.0170780871965994, 0.9906395953167781, 1.0185223437920965, 0.9914372007185835, 1.014385844029181, 1.0065468681112026, 1.0152297180761858, 1.0004153713199522, 0.9983149569180287, 0.9875444664489099, 1.0144691222363211, 0.9974480747986098, 0.9939238784303636, 0.9900464951585812, 1.0119406781770122, 1.0264342603744023, 1.0266030804786952, 1.0209668801647707, 1.004124097941727, 1.016032037006328, 1.0152894629299438, 1.0109430562412578, 0.9940565562528275, 1.0099708485911671, 1.0043502445456278, 1.0111973324053674, 0.9953444778060089, 0.9892048619526532]","[0.9979109120228782, 1.0189616105601758, 1.002323982421372, 0.9927807856109637, 1.0112068558619949, 1.0044133878170716, 1.023332705491676, 0.9836896323387291, 1.002895966441653, 0.9937973317709603, 0.9992100098674458, 1.012696958755475, 0.9885789444004722, 0.9869832529010396, 1.0269054470603842, 1.0125447876979297, 1.0140977991340474, 0.9939564410413697, 1.001007823818819, 0.975326799128531, 0.9888788628847551, 0.97427529303447, 1.027046379441293, 1.0190934403644143, 0.99041887510155, 1.0166417632514626, 1.0147840330084243, 0.9963532640227645, 1.0022256227673456, 0.9940232615075378]","[-0.0020890879771218174, 0.018961610560175757, 0.002323982421372106, -0.007219214389036277, 0.01120685586199488, 0.004413387817071568, 0.023332705491676098, -0.01631036766127092, 0.0028959664416530195, -0.006202668229039698, -0.000789990132554208, 0.012696958755475052, -0.011421055599527774, -0.01301674709896039, 0.026905447060384224, 0.01254478769792966, 0.014097799134047406, -0.006043558958630291, 0.0010078238188189204, -0.02467320087146896, -0.011121137115244872, -0.025724706965529975, 0.027046379441292956, 0.019093440364414294, -0.009581124898449978, 0.016641763251462605, 0.014784033008424347, -0.0036467359772355268, 0.002225622767345614, -0.005976738492462164]","[0.10198789089918137, 0.0922456905245781, 0.0, 0.10690823942422867, 0.0, 0.0, 0.0, 0.0, 0.07971209287643433, 0.0, 0.1016174927353859, 0.0, 0.10690823942422867, 0.0, 0.0, 0.08989575505256653, 0.10690823942422867, 0.0, 0.0, 0.0, 0.0, 0.0, 0.0, 0.0, 0.0, 0.0, 0.10690823942422867, 0.0, 0.10690823942422867, 0.0]","[0.0, 0.1, 0.1, 0.1, 0.1, 0.1, 0.1, 0.1, 0.1, 0.0, 0.0, 0.0, 0.0, 0.0, 0.0, 0.0, 0.0, 0.0, 0.0, 0.0, 0.0, 0.0, 0.0, 0.0, 0.0, 0.0, 0.0, 0.0, 0.1, 0.1]","[0.0, 0.09072568053795432, 0.07421690431657486, 0.09422283625277268, 0.09421767538705993, 0.08874116113259255, 0.10228155169383939, 0.10224913685435898, 0.10418426788145176, 0.006295390208102447, 0.007051780873797654, 0.0, 0.0, 0.005074045727835879, 0.012303414063200183, 0.0, 0.0, 0.0045668019820454125, 0.0, 0.004938995355091021, 0.0, 0.0, 0.010749286663779372, 0.008516147519057028, 0.0, 0.0, 0.0, 0.0009711649085987694, 0.09462724531794942, 0.0940665133239385]","[0.10198787599802017, 0.0922456830739975, 0.0, 0.10690822452306747, 0.0, 0.0, 0.0, 0.0, 0.07971208542585373, 0.0, 0.1016174778342247, 0.0, 0.10690822452306747, 0.0, 0.0, 0.08989574760198593, 0.10690822452306747, 0.0, 0.0, 0.0, 0.0, 0.0, 0.0, 0.0, 0.0, 0.0, 0.10690822452306747, 0.0, 0.10690822452306747, 0.0]",0.0037409642444675255
67,1.0860294241132376,"[0.9979109120228782, 1.0189616105601758, 1.002323982421372, 0.9927807856109637, 1.0112068558619949, 1.0044133878170716, 1.023332705491676, 0.9836896323387291, 1.002895966441653, 0.9937973317709603, 0.9992100098674458, 1.012696958755475, 0.9885789444004722, 0.9869832529010396, 1.0269054470603842, 1.0125447876979297, 1.0140977991340474, 0.9939564410413697, 1.001007823818819, 0.975326799128531, 0.9888788628847551, 0.97427529303447, 1.027046379441293, 1.0190934403644143, 0.99041887510155, 1.0166417632514626, 1.0147840330084243, 0.9963532640227645, 1.0022256227673456, 0.9940232615075378]","[1.0098980718657353, 1.0042516899612568, 0.9941710135873449, 1.0180541985389124, 1.008502698533661, 1.0054743675093485, 0.9974769753009232, 0.9995854654965196, 0.9972724308928271, 1.0275280179349893, 1.0100628385681707, 1.0018089095449694, 0.9750505257856517, 1.0064228123959575, 0.9996449023857392, 1.00995737212218, 1.007635236344814, 0.9950240826202639, 0.9842663490374491, 0.9814713275874977, 1.0360686289671095, 1.0044777860407788, 1.0126030813009668, 1.0111495101595505, 1.004538747547242, 0.9917754060419381, 1.0017195500958673, 0.9982257521559061, 0.9974558441982727, 1.0019256626844517]","[0.009898071865735325, 0.004251689961256799, -0.005828986412655057, 0.018054198538912436, 0.008502698533660924, 0.005474367509348488, -0.002523024699076837, -0.00041453450348039045, -0.002727569107172867, 0.02752801793498927, 0.010062838568170696, 0.0018089095449693726, -0.024949474214348344, 0.0064228123959575445, -0.0003550976142607798, 0.009957372122179953, 0.007635236344814, -0.004975917379736128, -0.01573365096255086, -0.018528672412502334, 0.036068628967109495, 0.004477786040778753, 0.012603081300966767, 0.011149510159550458, 0.004538747547242039, -0.008224593958061854, 0.0017195500958673282, -0.001774247844093857, -0.002544155801727288, 0.0019256626844517122]","[0.12344088405370712, 0.0, 0.0, 0.0, 0.09606481343507767, 0.0, 0.0, 0.07739044725894928, 0.0, 0.12344088405370712, 0.0, 0.0, 0.0, 0.0, 0.0, 0.0, 0.06982048600912094, 0.05290486291050911, 0.0, 0.0, 0.12344088405370712, 0.0, 0.09774389117956161, 0.0, 0.12344088405370712, 0.0, 0.11231200397014618, 0.0, 0.0, 0.0]","[0.0, 0.1, 0.1, 0.1, 0.1, 0.1, 0.1, 0.1, 0.1, 0.0, 0.0, 0.0, 0.0, 0.0, 0.0, 0.0, 0.0, 0.0, 0.0, 0.0, 0.0, 0.0, 0.0, 0.0, 0.0, 0.0, 0.0, 0.0, 0.1, 0.1]","[0.015555239480154786, 0.08637446586035985, 0.1054412520131953, 0.08769580275152877, 0.08174723410838985, 0.08148802097989881, 0.08059067672770762, 0.09215050522645332, 0.11000668491993043, 0.010273292917244107, 0.0, 2.6406400744984717e-05, 0.004086561691018232, 0.0, 0.0, 0.0, 0.0007837223847906149, 0.0, 0.0, 0.0, 0.009917929605029753, 0.0, 0.021064387849503607, 0.0, 0.0, 0.0, 0.019481538126187477, 0.0008249633620281857, 0.09255017865565318, 0.09994113694018106]","[0.12344088405370712, 0.0, 0.0, 0.0, 0.09606481343507767, 0.0, 0.0, 0.07739044725894928, 0.0, 0.12344088405370712, 0.0, 0.0, 0.0, 0.0, 0.0, 0.0, 0.06982048600912094, 0.05290486291050911, 0.0, 0.0, 0.12344088405370712, 0.0, 0.09774389117956161, 0.0, 0.12344088405370712, 0.0, 0.11231200397014618, 0.0, 0.0, 0.0]",0.011607472351047761
68,1.081043827357299,"[1.0098980718657353, 1.0042516899612568, 0.9941710135873449, 1.0180541985389124, 1.008502698533661, 1.0054743675093485, 0.9974769753009232, 0.9995854654965196, 0.9972724308928271, 1.0275280179349893, 1.0100628385681707, 1.0018089095449694, 0.9750505257856517, 1.0064228123959575, 0.9996449023857392, 1.00995737212218, 1.007635236344814, 0.9950240826202639, 0.9842663490374491, 0.9814713275874977, 1.0360686289671095, 1.0044777860407788, 1.0126030813009668, 1.0111495101595505, 1.004538747547242, 0.9917754060419381, 1.0017195500958673, 0.9982257521559061, 0.9974558441982727, 1.0019256626844517]","[0.9933051069668869, 0.9900003773548994, 0.9936925454952795, 0.9884765627566694, 0.9920954764663916, 0.9842173530288351, 0.9811632729494776, 0.9984215733426923, 1.0040485444199951, 0.9941003590479772, 1.024253629811528, 0.9841447329639302, 0.9871083512921615, 1.0096716768525844, 0.9998019469754655, 1.0048003892343977, 1.0133387877813849, 1.0221850330213682, 0.9864230941320582, 1.0094930695484392, 1.0007339507194772, 0.9925480638134392, 0.996429216099137, 0.9917710515557843, 0.9786429833392757, 0.9864602826409521, 1.005438870348993, 0.9976012592387536, 1.0013662906137903, 1.0025854796029496]","[-0.006694893033113103, -0.00999962264510057, -0.006307454504720478, -0.011523437243330603, -0.007904523533608376, -0.015782646971164938, -0.018836727050522417, -0.0015784266573076744, 0.004048544419995137, -0.005899640952022778, 0.0242536298115279, -0.015855267036069765, -0.012891648707838543, 0.00967167685258441, -0.00019805302453446139, 0.0048003892343977395, 0.013338787781384864, 0.022185033021368206, -0.013576905867941802, 0.009493069548439204, 0.0007339507194772388, -0.007451936186560815, -0.0035707839008629616, -0.008228948444215733, -0.021357016660724315, -0.01353971735904791, 0.00543887034899293, -0.002398740761246354, 0.0013662906137903441, 0.0025854796029496363]","[0.0, 0.0, 0.0, 0.0, 0.10497725754976273, 0.08231247216463089, 0.10497725754976273, 0.0, 0.10497725754976273, 0.0, 0.0, 0.0, 0.0, 0.0, 0.0, 0.0, 0.0, 0.07786953449249268, 0.10497725754976273, 0.10497725754976273, 0.10497725754976273, 0.0, 0.0, 0.10497725754976273, 0.0, 0.10497725754976273, 0.0, 0.0, 0.0, 0.0]","[0.0, 0.1, 0.1, 0.1, 0.1, 0.1, 0.1, 0.1, 0.1, 0.0, 0.0, 0.0, 0.0, 0.0, 0.0, 0.0, 0.0, 0.0, 0.0, 0.0, 0.0, 0.0, 0.0, 0.0, 0.0, 0.0, 0.0, 0.0, 0.1, 0.1]","[0.0034926457418815306, 0.10253750698569426, 0.10907215992616417, 0.09720469571686711, 0.08641989304299115, 0.0926043498430479, 0.10816147106751581, 0.08966960024061744, 0.09619000534468837, 0.0, 0.0, 0.0, 0.0, 0.0, 0.0, 0.0, 0.0, 0.008401973327650433, 0.0, 0.0, 0.0, 0.0, 0.0, 0.002494868558783975, 0.0, 0.0, 0.0, 0.0, 0.09452615923206303, 0.1092246709720348]","[0.0, 0.0, 0.0, 0.0, 0.10497724264860153, 0.08231246471405029, 0.10497724264860153, 0.0, 0.10497724264860153, 0.0, 0.0, 0.0, 0.0, 0.0, 0.0, 0.0, 0.0, 0.07786952704191208, 0.10497724264860153, 0.10497724264860153, 0.10497724264860153, 0.0, 0.0, 0.10497724264860153, 0.0, 0.10497724264860153, 0.0, 0.0, 0.0, 0.0]",-0.00500332644792116
69,1.0733491515445768,"[0.9933051069668869, 0.9900003773548994, 0.9936925454952795, 0.9884765627566694, 0.9920954764663916, 0.9842173530288351, 0.9811632729494776, 0.9984215733426923, 1.0040485444199951, 0.9941003590479772, 1.024253629811528, 0.9841447329639302, 0.9871083512921615, 1.0096716768525844, 0.9998019469754655, 1.0048003892343977, 1.0133387877813849, 1.0221850330213682, 0.9864230941320582, 1.0094930695484392, 1.0007339507194772, 0.9925480638134392, 0.996429216099137, 0.9917710515557843, 0.9786429833392757, 0.9864602826409521, 1.005438870348993, 0.9976012592387536, 1.0013662906137903, 1.0025854796029496]","[0.9941531655634254, 0.9911715766113147, 1.0011639093877276, 0.9974585247503701, 0.9982127114198879, 0.9627155241941562, 0.9967929991168256, 0.9947907869613376, 1.0052698088590664, 1.001841792668533, 1.0081835896935387, 1.0041871734937853, 0.9972501390180394, 1.005993461584655, 1.0134652148648946, 0.9913093683367159, 0.9859256386908195, 1.0150652101426294, 0.9940556711838042, 0.9920491829105167, 1.016103729515607, 1.0177984564941214, 1.0262826346932001, 1.0064272552183189, 1.0158606671918207, 0.9922693632223103, 1.0224045351585471, 0.9985491606556213, 0.9814657032074479, 0.9875192765832823]","[-0.005846834436574633, -0.00882842338868528, 0.0011639093877275908, -0.0025414752496298876, -0.001787288580112123, -0.03728447580584382, -0.0032070008831743824, -0.005209213038662397, 0.0052698088590663605, 0.0018417926685330155, 0.008183589693538718, 0.004187173493785279, -0.002749860981960617, 0.00599346158465508, 0.013465214864894604, -0.008690631663284099, -0.014074361309180494, 0.015065210142629404, -0.005944328816195776, -0.007950817089483309, 0.016103729515607013, 0.017798456494121373, 0.026282634693200135, 0.006427255218318884, 0.015860667191820665, -0.007730636777689703, 0.022404535158547123, -0.0014508393443787293, -0.01853429679255214, -0.012480723416717687]","[0.0, 0.0, 0.0, 0.0, 0.09999999403953552, 0.09999999403953552, 0.0, 0.09999999403953552, 0.0, 0.09999999403953552, 0.0, 0.09999999403953552, 0.0, 0.0, 0.0, 0.09999999403953552, 0.09999999403953552, 0.0, 0.0, 0.0, 0.09999999403953552, 0.0, 0.0, 0.0, 0.0, 0.09999999403953552, 0.0, 0.0, 0.09999999403953552, 0.0]","[0.0, 0.1, 0.1, 0.1, 0.1, 0.1, 0.1, 0.1, 0.1, 0.0, 0.0, 0.0, 0.0, 0.0, 0.0, 0.0, 0.0, 0.0, 0.0, 0.0, 0.0, 0.0, 0.0, 0.0, 0.0, 0.0, 0.0, 0.0, 0.1, 0.1]","[0.007746246048683194, 0.09499536145045982, 0.08383065316501372, 0.09241931714643682, 0.09966647562653433, 0.10513063031972904, 0.09461495300586407, 0.08446654862603356, 0.09722817585731745, 0.0, 0.0, 0.02605638479673253, 0.0, 0.007194289746820233, 0.0, 0.0, 0.0038607261814839616, 0.0, 0.0, 0.0, 0.0, 0.0007985470298630103, 0.0, 0.0, 0.0, 0.0, 0.018361362052855955, 0.0, 0.09838342986079374, 0.08524689908537864]","[0.0, 0.0, 0.0, 0.0, 0.09999999403953552, 0.09999999403953552, 0.0, 0.09999999403953552, 0.0, 0.09999999403953552, 0.0, 0.09999999403953552, 0.0, 0.0, 0.0, 0.09999999403953552, 0.09999999403953552, 0.0, 0.0, 0.0, 0.09999999403953552, 0.0, 0.0, 0.0, 0.0, 0.09999999403953552, 0.0, 0.0, 0.09999999403953552, 0.0]",-0.007527306978695725
70,1.0681478906549315,"[0.9941531655634254, 0.9911715766113147, 1.0011639093877276, 0.9974585247503701, 0.9982127114198879, 0.9627155241941562, 0.9967929991168256, 0.9947907869613376, 1.0052698088590664, 1.001841792668533, 1.0081835896935387, 1.0041871734937853, 0.9972501390180394, 1.005993461584655, 1.0134652148648946, 0.9913093683367159, 0.9859256386908195, 1.0150652101426294, 0.9940556711838042, 0.9920491829105167, 1.016103729515607, 1.0177984564941214, 1.0262826346932001, 1.0064272552183189, 1.0158606671918207, 0.9922693632223103, 1.0224045351585471, 0.9985491606556213, 0.9814657032074479, 0.9875192765832823]","[0.9960386752506478, 0.9801888210892313, 0.980974341170091, 0.9966385140726338, 1.024373461821386, 1.0037059291895385, 1.0203521922287404, 0.9953354177353751, 1.0228432049858844, 1.0039416576182159, 1.0057900025365252, 1.0095520155684872, 0.9909157980534838, 0.9992628099348285, 1.008298321929858, 0.9967021197598831, 1.0112789038147623, 1.0203601367285478, 1.0037848192328267, 0.985558171740619, 1.0145037716384209, 0.9817626693614809, 0.9994469142579353, 0.9847948915129593, 0.9882895579159546, 0.9980044545011544, 1.0206905360750027, 1.0098899163248276, 0.9912546882614307, 1.0085273042738474]","[-0.00396132474935218, -0.019811178910768668, -0.01902565882990903, -0.0033614859273661812, 0.024373461821386, 0.0037059291895384927, 0.020352192228740407, -0.00466458226462485, 0.022843204985884435, 0.003941657618215855, 0.005790002536525174, 0.009552015568487171, -0.009084201946516157, -0.000737190065171478, 0.008298321929858021, -0.0032978802401169016, 0.011278903814762264, 0.02036013672854775, 0.003784819232826697, -0.014441828259381007, 0.01450377163842087, -0.018237330638519067, -0.0005530857420646962, -0.015205108487040708, -0.01171044208404537, -0.001995545498845619, 0.020690536075002708, 0.009889916324827608, -0.008745311738569295, 0.008527304273847403]","[0.0, 0.1003960520029068, 0.0964355543255806, 0.0, 0.0, 0.1003960520029068, 0.1003960520029068, 0.0, 0.0, 0.0, 0.0, 0.0, 0.1003960520029068, 0.1003960520029068, 0.0, 0.1003960520029068, 0.0, 0.0, 0.0, 0.1003960520029068, 0.0, 0.0, 0.0, 0.1003960520029068, 0.0, 0.0, 0.0, 0.0, 0.0, 0.1003960520029068]","[0.0, 0.1, 0.1, 0.1, 0.1, 0.1, 0.1, 0.1, 0.1, 0.0, 0.0, 0.0, 0.0, 0.0, 0.0, 0.0, 0.0, 0.0, 0.0, 0.0, 0.0, 0.0, 0.0, 0.0, 0.0, 0.0, 0.0, 0.0, 0.1, 0.1]","[0.0, 0.09104810098026861, 0.09555478676074584, 0.08554205308484625, 0.09308834290362145, 0.08841191168016457, 0.09266448056117375, 0.11208954345645693, 0.09623479992198153, 0.0, 0.0, 0.0, 0.0, 0.0019549003650641463, 0.0, 0.004433463218216589, 0.0, 0.01643282288415567, 0.0007417099954326597, 0.005829771224391426, 0.0, 0.004306740421918052, 0.0021905356540827493, 0.0, 0.016213904662549537, 0.01133031664314797, 0.0, 0.0, 0.09023554485351931, 0.09169627072826289]","[0.0, 0.1003960371017456, 0.0964355394244194, 0.0, 0.0, 0.1003960371017456, 0.1003960371017456, 0.0, 0.0, 0.0, 0.0, 0.0, 0.1003960371017456, 0.1003960371017456, 0.0, 0.1003960371017456, 0.0, 0.0, 0.0, 0.1003960371017456, 0.0, 0.0, 0.0, 0.1003960371017456, 0.0, 0.0, 0.0, 0.0, 0.0, 0.1003960371017456]",-0.005309073070808202
71,1.0671083470479885,"[0.9960386752506478, 0.9801888210892313, 0.980974341170091, 0.9966385140726338, 1.024373461821386, 1.0037059291895385, 1.0203521922287404, 0.9953354177353751, 1.0228432049858844, 1.0039416576182159, 1.0057900025365252, 1.0095520155684872, 0.9909157980534838, 0.9992628099348285, 1.008298321929858, 0.9967021197598831, 1.0112789038147623, 1.0203601367285478, 1.0037848192328267, 0.985558171740619, 1.0145037716384209, 0.9817626693614809, 0.9994469142579353, 0.9847948915129593, 0.9882895579159546, 0.9980044545011544, 1.0206905360750027, 1.0098899163248276, 0.9912546882614307, 1.0085273042738474]","[1.006854360300126, 1.0251543008526183, 1.014840568150766, 0.9870808781270253, 0.9940175685612943, 1.0222387583822736, 1.0000572089583453, 1.0028395620996347, 1.0161861590681622, 0.9920804484901857, 1.0006583673408325, 1.005794670008284, 0.9990169059051445, 1.0081685696805815, 1.0037482899438843, 1.0086052404988999, 0.9991068090292919, 0.9860916475068637, 1.0107312987529098, 0.982258592400378, 1.0215156105123193, 0.990384263888526, 0.9982258795441459, 1.0038763999157816, 1.0222685283628348, 0.989839429425479, 0.9788630950491499, 0.9858407037081528, 1.0099064885517453, 1.0199765651050174]","[0.006854360300126094, 0.025154300852618272, 0.014840568150765954, -0.012919121872974726, -0.005982431438705693, 0.022238758382273627, 5.720895834526729e-05, 0.0028395620996346516, 0.01618615906816223, -0.007919551509814271, 0.0006583673408324664, 0.005794670008284042, -0.00098309409485553, 0.00816856968058155, 0.00374828994388432, 0.00860524049889988, -0.0008931909707080576, -0.013908352493136267, 0.01073129875290979, -0.01774140759962195, 0.021515610512319316, -0.009615736111474038, -0.0017741204558541224, 0.003876399915781592, 0.022268528362834772, -0.010160570574521022, -0.021136904950850077, -0.014159296291847201, 0.009906488551745252, 0.01997656510501744]","[0.0, 0.10580091923475266, 0.10580091923475266, 0.0, 0.10580091923475266, 0.0, 0.06596536189317703, 0.0, 0.10580091923475266, 0.10580091923475266, 0.0, 0.0, 0.0, 0.0, 0.0, 0.0, 0.0, 0.10580091923475266, 0.0, 0.0876273363828659, 0.0, 0.0, 0.10580091923475266, 0.0, 0.0, 0.0, 0.10580091923475266, 0.0, 0.0, 0.0]","[0.0, 0.1, 0.1, 0.1, 0.1, 0.1, 0.1, 0.1, 0.1, 0.0, 0.0, 0.0, 0.0, 0.0, 0.0, 0.0, 0.0, 0.0, 0.0, 0.0, 0.0, 0.0, 0.0, 0.0, 0.0, 0.0, 0.0, 0.0, 0.1, 0.1]","[0.0, 0.1009197126252108, 0.09904361106058233, 0.08860292554271251, 0.09039147639823353, 0.08463738060143801, 0.10117504700529645, 0.08734309645050589, 0.09102572481505912, 0.004826597331273901, 0.0, 0.0, 0.0, 0.0, 0.0, 0.0, 0.00939283816842348, 0.002079368182227045, 0.0019525164445632634, 0.009030570342824775, 0.0029893924009566425, 0.0, 0.006218921311473535, 0.0, 0.005122514344381394, 0.0058307224437697145, 0.0, 0.0025658160512989736, 0.10877953404144917, 0.09807223443831954]","[0.0, 0.10580091923475266, 0.10580091923475266, 0.0, 0.10580091923475266, 0.0, 0.06596536189317703, 0.0, 0.10580091923475266, 0.10580091923475266, 0.0, 0.0, 0.0, 0.0, 0.0, 0.0, 0.0, 0.10580091923475266, 0.0, 0.0876273363828659, 0.0, 0.0, 0.10580091923475266, 0.0, 0.0, 0.0, 0.10580091923475266, 0.0, 0.0, 0.0]",-0.0013835123333084671
72,1.0642926080079729,"[1.006854360300126, 1.0251543008526183, 1.014840568150766, 0.9870808781270253, 0.9940175685612943, 1.0222387583822736, 1.0000572089583453, 1.0028395620996347, 1.0161861590681622, 0.9920804484901857, 1.0006583673408325, 1.005794670008284, 0.9990169059051445, 1.0081685696805815, 1.0037482899438843, 1.0086052404988999, 0.9991068090292919, 0.9860916475068637, 1.0107312987529098, 0.982258592400378, 1.0215156105123193, 0.990384263888526, 0.9982258795441459, 1.0038763999157816, 1.0222685283628348, 0.989839429425479, 0.9788630950491499, 0.9858407037081528, 1.0099064885517453, 1.0199765651050174]","[0.9923988761398758, 0.9873654281636186, 0.9988872225408371, 1.0033740727403408, 1.0066530734318246, 0.993086940353386, 0.9956465836991161, 0.9834301037084278, 0.9882291430355297, 0.9991115756353682, 1.0005475394482581, 0.9922325621260335, 0.9833888298820688, 0.9977839348874806, 0.9853590979653276, 0.9810259434232425, 1.000281429744896, 1.0304795314527626, 0.9954309258145404, 0.9819580621911561, 1.00010045728105, 0.9935336533358522, 0.9917427511063206, 1.0037227266022133, 1.0113894434485258, 0.984219095573981, 0.9923251407374455, 0.9797219748995196, 0.9999567034532016, 0.9977224587221785]","[-0.007601123860124237, -0.012634571836381392, -0.0011127774591629391, 0.00337407274034085, 0.006653073431824641, -0.006913059646614039, -0.004353416300883928, -0.01656989629157224, -0.011770856964470333, -0.000888424364631768, 0.0005475394482581386, -0.007767437873966498, -0.01661117011793123, -0.002216065112519372, -0.014640902034672387, -0.018974056576757548, 0.00028142974489608896, 0.03047953145276261, -0.004569074185459598, -0.01804193780884389, 0.00010045728104990381, -0.006466346664147804, -0.008257248893679403, 0.0037227266022132888, 0.011389443448525771, -0.015780904426018982, -0.007674859262554512, -0.02027802510048038, -4.329654679835482e-05, -0.0022775412778215376]","[0.0, 0.0, 0.0, 0.0, 0.0, 0.0, 0.0, 0.0, 0.0, 0.07624199986457825, 0.1165086030960083, 0.0, 0.0, 0.09793571382761002, 0.0, 0.0, 0.0, 0.0, 0.1165086030960083, 0.0873141810297966, 0.0, 0.09084346890449524, 0.09554117172956467, 0.0, 0.1165086030960083, 0.0, 0.0, 0.0, 0.08985310792922974, 0.11274455487728119]","[0.0, 0.1, 0.1, 0.1, 0.1, 0.1, 0.1, 0.1, 0.1, 0.0, 0.0, 0.0, 0.0, 0.0, 0.0, 0.0, 0.0, 0.0, 0.0, 0.0, 0.0, 0.0, 0.0, 0.0, 0.0, 0.0, 0.0, 0.0, 0.1, 0.1]","[0.0, 0.09888366964013173, 0.08210599077900592, 0.092601728507542, 0.08954103829381944, 0.08079491007102876, 0.08701618928120144, 0.09520179656827557, 0.10441068358911254, 0.0, 0.01460157212199592, 0.00800804148049492, 0.0, 0.0, 0.0021535265354739016, 0.0, 0.0, 0.0015030662059663856, 0.019771582143344065, 0.009795604343235984, 0.010429583690775403, 0.0, 0.0, 0.0, 0.0006001476209670273, 0.0, 0.0, 0.0, 0.10533858449999804, 0.09724228462763096]","[0.0, 0.0, 0.0, 0.0, 0.0, 0.0, 0.0, 0.0, 0.0, 0.07624199986457825, 0.1165086030960083, 0.0, 0.0, 0.09793571382761002, 0.0, 0.0, 0.0, 0.0, 0.1165086030960083, 0.0873141810297966, 0.0, 0.09084346890449524, 0.09554117172956467, 0.0, 0.1165086030960083, 0.0, 0.0, 0.0, 0.08985310792922974, 0.11274455487728119]",-0.0030659746172092793
73,1.0679983117303231,"[0.9923988761398758, 0.9873654281636186, 0.9988872225408371, 1.0033740727403408, 1.0066530734318246, 0.993086940353386, 0.9956465836991161, 0.9834301037084278, 0.9882291430355297, 0.9991115756353682, 1.0005475394482581, 0.9922325621260335, 0.9833888298820688, 0.9977839348874806, 0.9853590979653276, 0.9810259434232425, 1.000281429744896, 1.0304795314527626, 0.9954309258145404, 0.9819580621911561, 1.00010045728105, 0.9935336533358522, 0.9917427511063206, 1.0037227266022133, 1.0113894434485258, 0.984219095573981, 0.9923251407374455, 0.9797219748995196, 0.9999567034532016, 0.9977224587221785]","[0.9950808006665698, 1.0194405608798653, 0.9979303300288586, 0.9921206980995974, 0.9962918524818392, 1.014044451583501, 0.9982224627539282, 1.0037189673044706, 1.0008404120598857, 1.0024594400402185, 1.0019977495374963, 1.002815345176304, 0.985369828168895, 1.0054798687579556, 0.9995736589653447, 1.0201771255937566, 1.0184000215827864, 1.0133615246013454, 1.0210897935836118, 1.0137005692661651, 1.0007653489154706, 1.0186532797710768, 1.0046117708067521, 1.00840072657435, 0.9904298470910136, 0.9890305715530445, 0.9979570300973892, 0.9990852809586792, 1.0038670747734277, 0.9812502269361736]","[-0.004919199333430213, 0.019440560879865343, -0.0020696699711414412, -0.007879301900402647, -0.0037081475181608425, 0.014044451583500983, -0.0017775372460717698, 0.003718967304470633, 0.0008404120598857201, 0.0024594400402184746, 0.0019977495374963183, 0.002815345176303996, -0.014630171831105043, 0.005479868757955586, -0.0004263410346553309, 0.020177125593756617, 0.01840002158278642, 0.013361524601345431, 0.02108979358361185, 0.013700569266165141, 0.0007653489154706428, 0.01865327977107678, 0.004611770806752125, 0.008400726574349981, -0.00957015290898644, -0.010969428446955476, -0.0020429699026107695, -0.0009147190413207884, 0.0038670747734277366, -0.018749773063826414]","[0.1013307124376297, 0.0, 0.09747542440891266, 0.0, 0.1013307124376297, 0.0, 0.0, 0.0, 0.0, 0.1013307124376297, 0.1013307124376297, 0.0, 0.0, 0.0, 0.0, 0.0, 0.10063845664262772, 0.09605224430561066, 0.1013307124376297, 0.0, 0.0, 0.0, 0.0, 0.0, 0.0, 0.09784964472055435, 0.0, 0.1013307124376297, 0.0, 0.0]","[0.0, 0.1, 0.1, 0.1, 0.1, 0.1, 0.1, 0.1, 0.1, 0.0, 0.0, 0.0, 0.0, 0.0, 0.0, 0.0, 0.0, 0.0, 0.0, 0.0, 0.0, 0.0, 0.0, 0.0, 0.0, 0.0, 0.0, 0.0, 0.1, 0.1]","[0.0, 0.09034782392978691, 0.09844182108973311, 0.08095954824193775, 0.10508103138126305, 0.10156502751873095, 0.09325129280846825, 0.09457472124201996, 0.09952756065448985, 0.0, 0.0, 0.0038041462529554144, 0.007192235055664102, 0.0, 0.006173887278794453, 0.0, 0.0029976724648575525, 0.007145075047373988, 0.0, 0.0, 0.0, 0.004501084863139369, 0.0, 0.011204763594195003, 0.01599487946415928, 0.005727866377586325, 0.0, 0.0, 0.08994673293453044, 0.08156282980031433]","[0.1013306975364685, 0.0, 0.09747540950775146, 0.0, 0.1013306975364685, 0.0, 0.0, 0.0, 0.0, 0.1013306975364685, 0.1013306975364685, 0.0, 0.0, 0.0, 0.0, 0.0, 0.10063844174146652, 0.09605222940444946, 0.1013306975364685, 0.0, 0.0, 0.0, 0.0, 0.0, 0.0, 0.09784962981939316, 0.0, 0.1013306975364685, 0.0, 0.0]",0.0031012445780997907
74,1.067089999057588,"[0.9950808006665698, 1.0194405608798653, 0.9979303300288586, 0.9921206980995974, 0.9962918524818392, 1.014044451583501, 0.9982224627539282, 1.0037189673044706, 1.0008404120598857, 1.0024594400402185, 1.0019977495374963, 1.002815345176304, 0.985369828168895, 1.0054798687579556, 0.9995736589653447, 1.0201771255937566, 1.0184000215827864, 1.0133615246013454, 1.0210897935836118, 1.0137005692661651, 1.0007653489154706, 1.0186532797710768, 1.0046117708067521, 1.00840072657435, 0.9904298470910136, 0.9890305715530445, 0.9979570300973892, 0.9990852809586792, 1.0038670747734277, 0.9812502269361736]","[0.9934510552956076, 1.0041921293407339, 1.0233442697528465, 0.988516589728258, 1.0185561574644124, 0.9882774046861009, 1.0316615450656206, 1.0100221883480414, 0.981619173713095, 1.0168484452535214, 0.9973997166566617, 0.9850522793304188, 0.9901827641126176, 1.0116272828366437, 0.9899997132547358, 0.971958982722061, 1.0049086893516481, 1.001884133523986, 0.999919089156115, 0.9964371991634201, 1.0026342397435057, 0.9910270438123786, 1.011162432580656, 0.990848782573453, 1.0003130171978096, 1.0163019409218839, 0.9989338305711999, 0.9912129008546194, 1.0035002298225093, 1.0021375771645409]","[-0.006548944704392379, 0.0041921293407338744, 0.023344269752846536, -0.011483410271742045, 0.018556157464412415, -0.011722595313899076, 0.03166154506562058, 0.010022188348041361, -0.01838082628690496, 0.01684844525352136, -0.0026002833433382833, -0.014947720669581166, -0.00981723588738237, 0.011627282836643715, -0.010000286745264209, -0.02804101727793895, 0.004908689351648121, 0.0018841335239860868, -8.091084388495151e-05, -0.0035628008365798935, 0.0026342397435057396, -0.008972956187621395, 0.011162432580656079, -0.00915121742654701, 0.00031301719780962856, 0.016301940921883862, -0.0010661694288001122, -0.008787099145380561, 0.0035002298225093043, 0.0021375771645408825]","[0.0, 0.0, 0.0, 0.0, 0.10268097370862961, 0.0, 0.0, 0.12884876132011414, 0.12884876132011414, 0.0, 0.0, 0.12884876132011414, 0.0, 0.0, 0.0, 0.0, 0.0, 0.0, 0.0, 0.12884876132011414, 0.057786889374256134, 0.04120441898703575, 0.09195732325315475, 0.0, 0.07312848418951035, 0.0, 0.11784695088863373, 0.0, 0.0, 0.0]","[0.0, 0.1, 0.1, 0.1, 0.1, 0.1, 0.1, 0.1, 0.1, 0.0, 0.0, 0.0, 0.0, 0.0, 0.0, 0.0, 0.0, 0.0, 0.0, 0.0, 0.0, 0.0, 0.0, 0.0, 0.0, 0.0, 0.0, 0.0, 0.1, 0.1]","[0.0, 0.1011090599373513, 0.08661067504573094, 0.102373858262717, 0.09304427360517105, 0.08132936033473716, 0.08876449513528618, 0.09559593341957669, 0.09812253771122445, 0.006979555291422136, 0.0, 0.01604810835645418, 0.006601657669808311, 0.007388504910572937, 0.0, 0.0, 0.0, 0.0, 0.017437029229305845, 0.01147981271694904, 0.0, 0.001805856947134807, 0.010618045031404377, 0.0, 0.0, 0.0, 0.004127934475400247, 0.0, 0.09577578443051027, 0.07478751748924313]","[0.0, 0.0, 0.0, 0.0, 0.10268095880746841, 0.0, 0.0, 0.12884874641895294, 0.12884874641895294, 0.0, 0.0, 0.12884874641895294, 0.0, 0.0, 0.0, 0.0, 0.0, 0.0, 0.0, 0.12884874641895294, 0.05778688192367554, 0.04120441526174545, 0.09195731580257416, 0.0, 0.07312847673892975, 0.0, 0.11784693598747253, 0.0, 0.0, 0.0]",-0.0012807226654372953
75,1.0705240353185044,"[0.9934510552956076, 1.0041921293407339, 1.0233442697528465, 0.988516589728258, 1.0185561574644124, 0.9882774046861009, 1.0316615450656206, 1.0100221883480414, 0.981619173713095, 1.0168484452535214, 0.9973997166566617, 0.9850522793304188, 0.9901827641126176, 1.0116272828366437, 0.9899997132547358, 0.971958982722061, 1.0049086893516481, 1.001884133523986, 0.999919089156115, 0.9964371991634201, 1.0026342397435057, 0.9910270438123786, 1.011162432580656, 0.990848782573453, 1.0003130171978096, 1.0163019409218839, 0.9989338305711999, 0.9912129008546194, 1.0035002298225093, 1.0021375771645409]","[1.0063074444101636, 0.9836380836211069, 0.9845114279308811, 0.9936595915839934, 1.0041303849391103, 1.0018746023276985, 0.9842468878874427, 0.9885866765803992, 0.9845289219848308, 1.011466985656773, 1.013278212957871, 1.003027069406717, 0.998964912655085, 1.0138550386410623, 1.0155044349834765, 1.0003607764065374, 1.0004071921712576, 0.9982812950088459, 1.005766261194971, 0.9997340197017685, 0.97725815512159, 0.9956227098407331, 0.9969414729643914, 1.012958063224483, 1.0110577250591246, 0.9936903394608032, 1.0281724973770658, 0.9729312820552748, 0.9798223070825701, 1.001790011788861]","[0.006307444410163621, -0.01636191637889306, -0.015488572069118911, -0.006340408416006582, 0.004130384939110332, 0.001874602327698538, -0.015753112112557255, -0.011413323419600774, -0.015471078015169226, 0.011466985656773065, 0.013278212957871016, 0.0030270694067169313, -0.0010350873449149756, 0.0138550386410623, 0.015504434983476534, 0.00036077640653742193, 0.00040719217125761986, -0.0017187049911541186, 0.005766261194970923, -0.00026598029823154956, -0.022741844878410022, -0.004377290159266911, -0.0030585270356086047, 0.012958063224483007, 0.011057725059124612, -0.006309660539196793, 0.02817249737706584, -0.027068717944725207, -0.02017769291742988, 0.0017900117888609568]","[0.10482557117938995, 0.10482557117938995, 0.0, 0.0, 0.0, 0.0, 0.0, 0.10482557117938995, 0.0, 0.0, 0.0, 0.08447948843240738, 0.0, 0.07857569307088852, 0.10482557117938995, 0.0, 0.0, 0.10482557117938995, 0.0, 0.0, 0.0, 0.10482557117938995, 0.0, 0.0, 0.0, 0.0, 0.10482557117938995, 0.0, 0.0, 0.10316578298807144]","[0.0, 0.1, 0.1, 0.1, 0.1, 0.1, 0.1, 0.1, 0.1, 0.0, 0.0, 0.0, 0.0, 0.0, 0.0, 0.0, 0.0, 0.0, 0.0, 0.0, 0.0, 0.0, 0.0, 0.0, 0.0, 0.0, 0.0, 0.0, 0.1, 0.1]","[0.0008119012513803057, 0.10621162741238013, 0.10022243422697422, 0.08310237399664384, 0.09052839562661986, 0.08664015338637256, 0.11613383213487394, 0.10890585359389127, 0.09151199020489634, 0.0, 0.00044557993889891303, 0.0, 0.0, 0.0, 0.0, 0.0041612078369394285, 0.0, 0.0, 0.0, 0.006572054499139774, 0.0, 0.0011502989051244985, 0.006279390163402579, 0.0, 0.0, 0.0, 0.0020283534230841976, 0.002671552109738633, 0.09766040422484627, 0.09496259706479339]","[0.10482557117938995, 0.10482557117938995, 0.0, 0.0, 0.0, 0.0, 0.0, 0.10482557117938995, 0.0, 0.0, 0.0, 0.08447948843240738, 0.0, 0.07857569307088852, 0.10482557117938995, 0.0, 0.0, 0.10482557117938995, 0.0, 0.0, 0.0, 0.10482557117938995, 0.0, 0.0, 0.0, 0.0, 0.10482557117938995, 0.0, 0.0, 0.10316578298807144]",0.002850173208605156
76,1.0749677104435558,"[1.0063074444101636, 0.9836380836211069, 0.9845114279308811, 0.9936595915839934, 1.0041303849391103, 1.0018746023276985, 0.9842468878874427, 0.9885866765803992, 0.9845289219848308, 1.011466985656773, 1.013278212957871, 1.003027069406717, 0.998964912655085, 1.0138550386410623, 1.0155044349834765, 1.0003607764065374, 1.0004071921712576, 0.9982812950088459, 1.005766261194971, 0.9997340197017685, 0.97725815512159, 0.9956227098407331, 0.9969414729643914, 1.012958063224483, 1.0110577250591246, 0.9936903394608032, 1.0281724973770658, 0.9729312820552748, 0.9798223070825701, 1.001790011788861]","[0.9870983605447051, 1.0021914832026015, 1.0401106753411578, 0.9975950326574935, 1.005599823926327, 0.9970239590629036, 1.0113884585562025, 0.9784462572594204, 0.9874105069486412, 1.0170449010463625, 0.9941302457800235, 0.9927580751151972, 1.0016727109134553, 1.0062881785699243, 0.987947807731376, 1.0054499026754962, 1.009330148680683, 0.9785438287443994, 0.9977853033307218, 0.9917497999556629, 1.004628836122829, 1.003909864630725, 1.0229537270703317, 1.0013284000474612, 1.0094443144721887, 0.9899682069627614, 0.9828706325545141, 1.0064135998639006, 0.9818076209303335, 1.000052860475785]","[-0.012901639455294878, 0.0021914832026015407, 0.04011067534115775, -0.0024049673425065032, 0.005599823926327074, -0.002976040937096358, 0.011388458556202519, -0.02155374274057964, -0.012589493051358813, 0.01704490104636247, -0.005869754219976486, -0.007241924884802797, 0.001672710913455333, 0.006288178569924252, -0.012052192268623974, 0.0054499026754961655, 0.009330148680682937, -0.02145617125560062, -0.0022146966692782044, -0.008250200044337075, 0.00462883612282905, 0.003909864630724957, 0.02295372707033172, 0.0013284000474611535, 0.009444314472188742, -0.010031793037238557, -0.017129367445485877, 0.006413599863900554, -0.01819237906966653, 5.286047578501041e-05]","[0.0, 0.0, 0.10091397911310196, 0.0, 0.10190483182668686, 0.10190483182668686, 0.0, 0.0, 0.0, 0.0, 0.09123063832521439, 0.10190483182668686, 0.10190483182668686, 0.10190483182668686, 0.0, 0.0, 0.10190483182668686, 0.0, 0.0, 0.0, 0.0, 0.09452157467603683, 0.0, 0.0, 0.0, 0.10190483182668686, 0.0, 0.0, 0.0, 0.0]","[0.0, 0.1, 0.1, 0.1, 0.1, 0.1, 0.1, 0.1, 0.1, 0.0, 0.0, 0.0, 0.0, 0.0, 0.0, 0.0, 0.0, 0.0, 0.0, 0.0, 0.0, 0.0, 0.0, 0.0, 0.0, 0.0, 0.0, 0.0, 0.1, 0.1]","[0.0, 0.0987876749296407, 0.09045645354622446, 0.09102830989537801, 0.09927211572595533, 0.09255032711044393, 0.10647530766159143, 0.10584883771494068, 0.09187967262695235, 0.0011308072536301698, 0.0, 0.0, 0.006563044129816957, 0.0020851326237643496, 0.008087540572899425, 0.0, 0.0, 0.003894671053111637, 0.007931018103587826, 0.004058513378731955, 0.0, 0.0, 0.0, 0.0, 0.01434213059022233, 0.004295814842277541, 0.0, 0.007460956358367171, 0.07808450370861666, 0.08576716817384707]","[0.0, 0.0, 0.10091398656368256, 0.0, 0.10190483927726746, 0.10190483927726746, 0.0, 0.0, 0.0, 0.0, 0.09123064577579498, 0.10190483927726746, 0.10190483927726746, 0.10190483927726746, 0.0, 0.0, 0.10190483927726746, 0.0, 0.0, 0.0, 0.0, 0.09452158212661743, 0.0, 0.0, 0.0, 0.10190483927726746, 0.0, 0.0, 0.0, 0.0]",0.003782580999699121
77,1.0694545672257945,"[0.9870983605447051, 1.0021914832026015, 1.0401106753411578, 0.9975950326574935, 1.005599823926327, 0.9970239590629036, 1.0113884585562025, 0.9784462572594204, 0.9874105069486412, 1.0170449010463625, 0.9941302457800235, 0.9927580751151972, 1.0016727109134553, 1.0062881785699243, 0.987947807731376, 1.0054499026754962, 1.009330148680683, 0.9785438287443994, 0.9977853033307218, 0.9917497999556629, 1.004628836122829, 1.003909864630725, 1.0229537270703317, 1.0013284000474612, 1.0094443144721887, 0.9899682069627614, 0.9828706325545141, 1.0064135998639006, 0.9818076209303335, 1.000052860475785]","[0.9997169766475777, 1.0042905983856316, 0.9940880507709786, 0.9952246672130389, 0.9916708426365891, 1.000245070438079, 1.018955079594037, 0.9867720191501714, 1.0171707275256958, 0.9970557001437301, 1.018239824131662, 1.0163265092794935, 1.0052679889129275, 1.0015897848676452, 0.9895375216007569, 0.9816795714277504, 0.996117206857336, 1.0102158701968968, 0.9926866542683974, 0.99332938830868, 0.992041688872125, 1.001128985347551, 0.9633484006532652, 1.0050594099988692, 0.9650298545214064, 0.9977254900560764, 1.0013790390896, 0.9935814531454055, 1.0022425049604156, 0.973116658977019]","[-0.0002830233524222514, 0.0042905983856316166, -0.005911949229021385, -0.004775332786961073, -0.008329157363410888, 0.0002450704380789759, 0.018955079594036972, -0.013227980849828569, 0.017170727525695817, -0.002944299856269872, 0.01823982413166192, 0.01632650927949353, 0.005267988912927457, 0.001589784867645161, -0.01046247839924308, -0.01832042857224958, -0.0038827931426640427, 0.010215870196896848, -0.007313345731602583, -0.006670611691319994, -0.00795831112787504, 0.0011289853475509037, -0.03665159934673479, 0.005059409998869224, -0.03497014547859356, -0.0022745099439236416, 0.0013790390896000204, -0.006418546854594531, 0.002242504960415559, -0.026883341022980956]","[0.0, 0.0, 0.0, 0.10356160998344421, 0.0, 0.0, 0.10356160998344421, 0.0, 0.0, 0.0, 0.0, 0.09684645384550095, 0.10356160998344421, 0.0, 0.07952010631561279, 0.0, 0.0, 0.0, 0.10180725157260895, 0.0, 0.10356160998344421, 0.0, 0.10045650601387024, 0.0, 0.0, 0.0, 0.10356160998344421, 0.0, 0.0, 0.10356160998344421]","[0.0, 0.1, 0.1, 0.1, 0.1, 0.1, 0.1, 0.1, 0.1, 0.0, 0.0, 0.0, 0.0, 0.0, 0.0, 0.0, 0.0, 0.0, 0.0, 0.0, 0.0, 0.0, 0.0, 0.0, 0.0, 0.0, 0.0, 0.0, 0.1, 0.1]","[0.016592625765488075, 0.08791203323905078, 0.08690474437660839, 0.09157034540846873, 0.08798706434396154, 0.08947858855796816, 0.10138246410469352, 0.10450138242890772, 0.09572868878296815, 0.011244928789428066, 0.0, 0.009517638834905457, 0.00028702965322526664, 0.013548514338246505, 0.01684027868306309, 0.006991249464983372, 0.0, 0.0006635729555074589, 0.0, 0.0, 0.0, 0.0032593519549507562, 0.0, 0.0006470563131992228, 0.012907694202054348, 0.0, 0.0013390290739155567, 0.004151414131520897, 0.0820843450736341, 0.07445995952325091]","[0.0, 0.0, 0.0, 0.10356160998344421, 0.0, 0.0, 0.10356160998344421, 0.0, 0.0, 0.0, 0.0, 0.09684645384550095, 0.10356160998344421, 0.0, 0.07952010631561279, 0.0, 0.0, 0.0, 0.10180725157260895, 0.0, 0.10356160998344421, 0.0, 0.10045650601387024, 0.0, 0.0, 0.0, 0.10356160998344421, 0.0, 0.0, 0.10356160998344421]",-0.005545679825806773
78,1.0652366549541543,"[0.9997169766475777, 1.0042905983856316, 0.9940880507709786, 0.9952246672130389, 0.9916708426365891, 1.000245070438079, 1.018955079594037, 0.9867720191501714, 1.0171707275256958, 0.9970557001437301, 1.018239824131662, 1.0163265092794935, 1.0052679889129275, 1.0015897848676452, 0.9895375216007569, 0.9816795714277504, 0.996117206857336, 1.0102158701968968, 0.9926866542683974, 0.99332938830868, 0.992041688872125, 1.001128985347551, 0.9633484006532652, 1.0050594099988692, 0.9650298545214064, 0.9977254900560764, 1.0013790390896, 0.9935814531454055, 1.0022425049604156, 0.973116658977019]","[0.9921979118790146, 0.993362705499018, 0.9838535579220313, 0.9897570006916031, 0.9960105860248355, 1.0017543208858435, 0.9784048730286726, 0.9998373903161273, 0.9892590388854992, 1.0201713992076435, 0.9860406405669253, 1.0024253622926926, 0.9737865898923946, 0.9870882855815034, 1.0066348740113205, 0.9862395367932684, 0.9902264359211818, 1.0185863891036981, 0.9899567035908602, 1.0095837547518316, 0.9970014204008179, 0.9912416875666635, 0.9964958952198486, 1.0091165430466662, 1.0027048458319239, 0.9757220948122627, 1.0000648636529619, 0.9933770309097025, 1.0055597285682694, 1.0109540862622197]","[-0.007802088120985373, -0.006637294500982049, -0.01614644207796867, -0.010242999308396894, -0.003989413975164502, 0.0017543208858434856, -0.021595126971327372, -0.00016260968387271646, -0.010740961114500847, 0.020171399207643548, -0.013959359433074692, 0.0024253622926926344, -0.02621341010760536, -0.01291171441849659, 0.006634874011320457, -0.013760463206731632, -0.009773564078818242, 0.018586389103698142, -0.010043296409139812, 0.009583754751831597, -0.0029985795991821496, -0.008758312433336468, -0.003504104780151396, 0.009116543046666203, 0.0027048458319238744, -0.024277905187737314, 6.486365296187735e-05, -0.00662296909029747, 0.005559728568269362, 0.01095408626221972]","[0.0, 0.0, 0.0, 0.0, 0.0, 0.0, 0.0, 0.10307824611663818, 0.07872965186834335, 0.0, 0.0, 0.10075575858354568, 0.0989667996764183, 0.0, 0.0, 0.10307824611663818, 0.0, 0.10307824611663818, 0.0, 0.10307824611663818, 0.0, 0.0, 0.0, 0.0, 0.10307824611663818, 0.10307824611663818, 0.10307824611663818, 0.0, 0.0, 0.0]","[0.0, 0.1, 0.1, 0.1, 0.1, 0.1, 0.1, 0.1, 0.1, 0.0, 0.0, 0.0, 0.0, 0.0, 0.0, 0.0, 0.0, 0.0, 0.0, 0.0, 0.0, 0.0, 0.0, 0.0, 0.0, 0.0, 0.0, 0.0, 0.1, 0.1]","[0.0, 0.08577333130919736, 0.07924853320867005, 0.10075914135680178, 0.08347361590010936, 0.08580402483906059, 0.09063216223575413, 0.0817324680992853, 0.09926963973142687, 0.016475841520788955, 0.001946751379508062, 0.012553521971632436, 0.006303461511668376, 0.0022680378768888815, 0.0, 0.004583217205687586, 0.0, 0.009741635543966393, 0.010072562993843346, 0.0, 0.0054325694733422395, 0.01265735530909082, 0.010133902422882275, 0.0, 0.0029442803241915973, 0.018367308090845684, 0.0, 0.0008918193132262543, 0.0762210926252775, 0.10271372575685411]","[0.0, 0.0, 0.0, 0.0, 0.0, 0.0, 0.0, 0.10307825356721878, 0.07872965931892395, 0.0, 0.0, 0.10075576603412628, 0.0989668071269989, 0.0, 0.0, 0.10307825356721878, 0.0, 0.10307825356721878, 0.0, 0.10307825356721878, 0.0, 0.0, 0.0, 0.0, 0.10307825356721878, 0.10307825356721878, 0.10307825356721878, 0.0, 0.0, 0.0]",-0.004367254234943101
79,1.0619317654427258,"[0.9921979118790146, 0.993362705499018, 0.9838535579220313, 0.9897570006916031, 0.9960105860248355, 1.0017543208858435, 0.9784048730286726, 0.9998373903161273, 0.9892590388854992, 1.0201713992076435, 0.9860406405669253, 1.0024253622926926, 0.9737865898923946, 0.9870882855815034, 1.0066348740113205, 0.9862395367932684, 0.9902264359211818, 1.0185863891036981, 0.9899567035908602, 1.0095837547518316, 0.9970014204008179, 0.9912416875666635, 0.9964958952198486, 1.0091165430466662, 1.0027048458319239, 0.9757220948122627, 1.0000648636529619, 0.9933770309097025, 1.0055597285682694, 1.0109540862622197]","[1.0013811217771968, 1.0011848391367038, 1.0001126360627892, 0.9860706378401383, 1.0065099151034946, 0.9963975586979762, 0.996661986307166, 0.9897891059656722, 0.9952390961836353, 1.00778063602312, 1.0100073462960089, 1.0004269727606407, 1.0085227587621857, 0.9969549264217814, 0.9977431451634008, 1.0010568325117382, 1.015275818653251, 0.9856022043469845, 0.9807037608678889, 1.0121767322803445, 0.9933821435598135, 1.0039751481224535, 1.000895737696972, 0.9908770900950075, 1.0188767495145252, 0.9954773397755095, 1.016781561584724, 1.0033680009624604, 1.0084771183941224, 0.9991141035470763]","[0.0013811217771968476, 0.0011848391367037525, 0.00011263606278921756, -0.013929362159861736, 0.0065099151034946345, -0.0036024413020238066, -0.003338013692834041, -0.010210894034327844, -0.004760903816364737, 0.007780636023120069, 0.010007346296008857, 0.0004269727606407425, 0.008522758762185667, -0.0030450735782185934, -0.002256854836599209, 0.0010568325117381594, 0.015275818653250894, -0.014397795653015466, -0.019296239132111093, 0.012176732280344549, -0.006617856440186531, 0.003975148122453476, 0.0008957376969720432, -0.009122909904992538, 0.018876749514525226, -0.004522660224490549, 0.016781561584723992, 0.0033680009624603713, 0.008477118394122352, -0.0008858964529236957]","[0.10546716302633286, 0.0, 0.10546716302633286, 0.0, 0.0, 0.0, 0.0, 0.10546716302633286, 0.10546716302633286, 0.0, 0.0, 0.10546716302633286, 0.0, 0.0, 0.08480329066514969, 0.0, 0.0, 0.08877187967300415, 0.0, 0.0, 0.0, 0.08815465867519379, 0.0, 0.10546716302633286, 0.0, 0.0, 0.0, 0.10546716302633286, 0.0, 0.0]","[0.0, 0.1, 0.1, 0.1, 0.1, 0.1, 0.1, 0.1, 0.1, 0.0, 0.0, 0.0, 0.0, 0.0, 0.0, 0.0, 0.0, 0.0, 0.0, 0.0, 0.0, 0.0, 0.0, 0.0, 0.0, 0.0, 0.0, 0.0, 0.1, 0.1]","[0.0034657019991111305, 0.09282168772792498, 0.0766368050696979, 0.10717524534543281, 0.0846223426302256, 0.09700207301037124, 0.09321863558591456, 0.09229200410908228, 0.10327047120069201, 0.006977830319341718, 0.012294001481153822, 0.00728331078734309, 0.0032846551006219795, 0.0, 0.0029098406994654633, 0.0, 0.009674464117259267, 0.0, 0.0, 0.0003372830716564568, 0.0008278692865323107, 0.0, 0.004040554685093121, 0.0, 0.0, 0.0, 0.0, 0.004237947466417284, 0.0962575316556696, 0.10136974465099333]","[0.10546716302633286, 0.0, 0.10546716302633286, 0.0, 0.0, 0.0, 0.0, 0.10546716302633286, 0.10546716302633286, 0.0, 0.0, 0.10546716302633286, 0.0, 0.0, 0.08480329066514969, 0.0, 0.0, 0.08877187967300415, 0.0, 0.0, 0.0, 0.08815465867519379, 0.0, 0.10546716302633286, 0.0, 0.0, 0.0, 0.10546716302633286, 0.0, 0.0]",-0.0034692526694416427
80,1.0582523624334539,"[1.0013811217771968, 1.0011848391367038, 1.0001126360627892, 0.9860706378401383, 1.0065099151034946, 0.9963975586979762, 0.996661986307166, 0.9897891059656722, 0.9952390961836353, 1.00778063602312, 1.0100073462960089, 1.0004269727606407, 1.0085227587621857, 0.9969549264217814, 0.9977431451634008, 1.0010568325117382, 1.015275818653251, 0.9856022043469845, 0.9807037608678889, 1.0121767322803445, 0.9933821435598135, 1.0039751481224535, 1.000895737696972, 0.9908770900950075, 1.0188767495145252, 0.9954773397755095, 1.016781561584724, 1.0033680009624604, 1.0084771183941224, 0.9991141035470763]","[1.0082600890080204, 1.000207143260264, 0.9708060418284539, 0.9975448974465655, 0.9822193883098325, 1.0021759157471961, 0.9859261753205333, 0.9805857205445041, 1.0113640665383496, 0.9962853778811502, 0.9899390267374855, 0.9886718228691752, 0.9817528379113345, 0.9909952635536733, 0.9894463712315833, 1.0147011164024646, 1.0037633021637145, 1.0006846167008028, 0.9882324372606902, 1.008402723995442, 1.0118057052169276, 1.0145198938939906, 1.0165193006287758, 0.9947428164587157, 0.9883390371395543, 1.0109924762394542, 0.9922864435597113, 1.007800458032977, 0.9912210655755238, 0.9928297974897364]","[0.008260089008020444, 0.00020714326026394225, -0.02919395817154613, -0.0024551025534345072, -0.017780611690167536, 0.002175915747196111, -0.014073824679466718, -0.019414279455495898, 0.011364066538349649, -0.003714622118849764, -0.010060973262514539, -0.01132817713082479, -0.018247162088665503, -0.009004736446326711, -0.0105536287684167, 0.014701116402464631, 0.003763302163714455, 0.0006846167008027759, -0.01176756273930979, 0.008402723995442063, 0.011805705216927587, 0.014519893893990554, 0.016519300628775824, -0.005257183541284349, -0.011660962860445712, 0.010992476239454207, -0.007713556440288705, 0.007800458032976909, -0.008778934424476192, -0.007170202510263568]","[0.0, 0.0, 0.05181382969021797, 0.0, 0.1179950088262558, 0.1179950088262558, 0.0, 0.0, 0.0, 0.0, 0.1179950088262558, 0.1179950088262558, 0.0, 0.1179950088262558, 0.07289763540029526, 0.0, 0.0, 0.0, 0.0, 0.0, 0.04932345822453499, 0.1179950088262558, 0.1179950088262558, 0.0, 0.0, 0.0, 0.0, 0.0, 0.0, 0.0]","[0.0, 0.1, 0.1, 0.1, 0.1, 0.1, 0.1, 0.1, 0.1, 0.0, 0.0, 0.0, 0.0, 0.0, 0.0, 0.0, 0.0, 0.0, 0.0, 0.0, 0.0, 0.0, 0.0, 0.0, 0.0, 0.0, 0.0, 0.0, 0.1, 0.1]","[0.0, 0.10231815675971202, 0.09709764139792897, 0.09242574050381074, 0.09839066992003759, 0.11298514185286831, 0.0852357522906299, 0.10569429886308458, 0.10521863457944057, 0.0035565316998867566, 0.0, 0.0, 0.0, 0.006063813134794645, 0.005961775255414219, 0.0, 0.0, 0.0, 0.0008437633899896377, 0.0, 0.0, 0.0, 0.0, 0.0, 0.0, 0.0, 0.010946711726297395, 0.0, 0.08194352548533297, 0.09131784314077179]","[0.0, 0.0, 0.05181383341550827, 0.0, 0.1179950162768364, 0.1179950162768364, 0.0, 0.0, 0.0, 0.0, 0.1179950162768364, 0.1179950162768364, 0.0, 0.1179950162768364, 0.07289764285087585, 0.0, 0.0, 0.0, 0.0, 0.0, 0.04932346194982529, 0.1179950162768364, 0.1179950162768364, 0.0, 0.0, 0.0, 0.0, 0.0, 0.0, 0.0]",-0.0039019823940234623
81,1.0622684484416998,"[1.0082600890080204, 1.000207143260264, 0.9708060418284539, 0.9975448974465655, 0.9822193883098325, 1.0021759157471961, 0.9859261753205333, 0.9805857205445041, 1.0113640665383496, 0.9962853778811502, 0.9899390267374855, 0.9886718228691752, 0.9817528379113345, 0.9909952635536733, 0.9894463712315833, 1.0147011164024646, 1.0037633021637145, 1.0006846167008028, 0.9882324372606902, 1.008402723995442, 1.0118057052169276, 1.0145198938939906, 1.0165193006287758, 0.9947428164587157, 0.9883390371395543, 1.0109924762394542, 0.9922864435597113, 1.007800458032977, 0.9912210655755238, 0.9928297974897364]","[1.000504032325317, 1.0081656898344673, 0.9892103357274985, 0.999774234440139, 1.0114255780852024, 1.0078784884913703, 1.025870971897618, 1.0185016413181573, 1.0162459589912525, 0.9961913088454595, 1.0097796926807314, 0.9844619418319162, 0.9897474659644351, 1.0051032680750591, 1.0040172001470322, 1.0226240826266007, 1.0025656687729945, 1.0152322118931105, 1.0318312886194683, 0.9957414898764552, 0.9975421420448098, 0.9991349140618958, 1.0062346926234655, 0.9862790404598444, 0.9729370287249332, 0.9992145540425614, 0.9875910649569909, 1.0010125450728689, 1.0097485104096844, 0.9998715042378776]","[0.0005040323253169277, 0.008165689834467305, -0.010789664272501498, -0.0002257655598609798, 0.011425578085202392, 0.007878488491370295, 0.025870971897618, 0.018501641318157347, 0.016245958991252474, -0.003808691154540522, 0.009779692680731422, -0.015538058168083846, -0.01025253403556492, 0.00510326807505912, 0.004017200147032218, 0.02262408262660065, 0.002565668772994467, 0.015232211893110525, 0.03183128861946827, -0.004258510123544834, -0.002457857955190157, -0.0008650859381041931, 0.006234692623465543, -0.01372095954015562, -0.02706297127506685, -0.0007854459574385686, -0.012408935043009106, 0.0010125450728688534, 0.009748510409684386, -0.00012849576212237146]","[0.09781261533498764, 0.0, 0.0, 0.0, 0.0, 0.0, 0.0, 0.09909579902887344, 0.0, 0.0, 0.0, 0.0, 0.10038644820451736, 0.0, 0.0, 0.10038644820451736, 0.0, 0.10038644820451736, 0.10038644820451736, 0.0, 0.0, 0.0, 0.0, 0.0, 0.10038644820451736, 0.10038644820451736, 0.10038644820451736, 0.0, 0.0, 0.10038644820451736]","[0.0, 0.1, 0.1, 0.1, 0.1, 0.1, 0.1, 0.1, 0.1, 0.0, 0.0, 0.0, 0.0, 0.0, 0.0, 0.0, 0.0, 0.0, 0.0, 0.0, 0.0, 0.0, 0.0, 0.0, 0.0, 0.0, 0.0, 0.0, 0.1, 0.1]","[0.0, 0.09284494026668437, 0.08359575822920892, 0.09371242077531837, 0.09484160467008808, 0.09848410380618504, 0.08132365387714302, 0.09205085982672469, 0.110402698084465, 0.021182543977074926, 0.0034835263080514535, 0.0, 0.0, 0.0, 0.0007985370026599025, 0.00334379026093607, 0.0, 0.02255821777472623, 0.0025677779170948977, 0.011504987033417194, 0.0042701548739592175, 0.009813829694080102, 0.002927241855926547, 0.0, 0.0, 0.0, 0.0, 0.0, 0.0875891978131647, 0.08270415595309122]","[0.09781261533498764, 0.0, 0.0, 0.0, 0.0, 0.0, 0.0, 0.09909579902887344, 0.0, 0.0, 0.0, 0.0, 0.10038644820451736, 0.0, 0.0, 0.10038644820451736, 0.0, 0.10038644820451736, 0.10038644820451736, 0.0, 0.0, 0.0, 0.0, 0.0, 0.10038644820451736, 0.10038644820451736, 0.10038644820451736, 0.0, 0.0, 0.10038644820451736]",0.003362227953687162
82,1.0704980204676076,"[1.000504032325317, 1.0081656898344673, 0.9892103357274985, 0.999774234440139, 1.0114255780852024, 1.0078784884913703, 1.025870971897618, 1.0185016413181573, 1.0162459589912525, 0.9961913088454595, 1.0097796926807314, 0.9844619418319162, 0.9897474659644351, 1.0051032680750591, 1.0040172001470322, 1.0226240826266007, 1.0025656687729945, 1.0152322118931105, 1.0318312886194683, 0.9957414898764552, 0.9975421420448098, 0.9991349140618958, 1.0062346926234655, 0.9862790404598444, 0.9729370287249332, 0.9992145540425614, 0.9875910649569909, 1.0010125450728689, 1.0097485104096844, 0.9998715042378776]","[1.001957077705866, 0.9952241688076265, 0.997242831029035, 0.997687440431846, 1.0110358207948866, 1.0203597747492315, 1.0106662741333459, 1.0136348096845322, 1.0152584056248195, 1.0164315926290295, 1.0113504550280044, 1.0092926759791614, 1.0184131095106543, 0.9825912123369807, 0.9868185758358581, 1.003671914337529, 1.0080733555673178, 0.9950150467503489, 1.006775457042621, 1.0009410769710547, 1.0137831045089876, 1.0230369649208797, 1.003625614021628, 1.0045219847298437, 1.00104236757952, 1.0024354314699417, 0.9883721517423176, 1.0041430842104306, 0.9978196904760748, 0.9851003855886851]","[0.0019570777058659505, -0.004775831192373459, -0.002757168970965007, -0.0023125595681540156, 0.01103582079488663, 0.020359774749231452, 0.010666274133345865, 0.013634809684532234, 0.015258405624819504, 0.01643159262902949, 0.011350455028004358, 0.009292675979161391, 0.018413109510654335, -0.017408787663019343, -0.01318142416414192, 0.003671914337529003, 0.008073355567317808, -0.004984953249651092, 0.006775457042621058, 0.0009410769710547218, 0.013783104508987565, 0.0230369649208797, 0.0036256140216279764, 0.004521984729843664, 0.0010423675795199205, 0.00243543146994174, -0.011627848257682372, 0.0041430842104306365, -0.002180309523925228, -0.014899614411314932]","[0.0, 0.0, 0.0, 0.0, 0.0, 0.1362880915403366, 0.0, 0.1362880915403366, 0.0, 0.044986922293901443, 0.1362880915403366, 0.0, 0.08991703391075134, 0.08267317712306976, 0.1291719377040863, 0.1362880915403366, 0.0, 0.02414080686867237, 0.0, 0.0, 0.0, 0.08395778387784958, 0.0, 0.0, 0.0, 0.0, 0.0, 0.0, 0.0, 0.0]","[0.0, 0.1, 0.1, 0.1, 0.1, 0.1, 0.1, 0.1, 0.1, 0.0, 0.0, 0.0, 0.0, 0.0, 0.0, 0.0, 0.0, 0.0, 0.0, 0.0, 0.0, 0.0, 0.0, 0.0, 0.0, 0.0, 0.0, 0.0, 0.1, 0.1]","[0.009946829283761817, 0.0852805015208026, 0.10241340274523955, 0.09717269727564617, 0.09314151039716399, 0.10484154339394829, 0.11036629485194178, 0.08690009424658186, 0.08999827996684774, 0.0, 0.0, 0.005929307163676244, 0.0, 0.0, 0.0, 0.002172928234971021, 0.0, 0.0, 0.007214658459072424, 0.0, 0.0, 0.011163966283856502, 0.0, 0.005775564445575659, 0.0, 0.0, 0.0, 0.003055077347021797, 0.09440522994935648, 0.09022211443453608]","[0.0, 0.0, 0.0, 0.0, 0.0, 0.1362880915403366, 0.0, 0.1362880915403366, 0.0, 0.044986922293901443, 0.1362880915403366, 0.0, 0.08991703391075134, 0.08267317712306976, 0.1291719377040863, 0.1362880915403366, 0.0, 0.02414080686867237, 0.0, 0.0, 0.0, 0.08395778387784958, 0.0, 0.0, 0.0, 0.0, 0.0, 0.0, 0.0, 0.0]",0.007273562494332435
83,1.0674167333480924,"[1.001957077705866, 0.9952241688076265, 0.997242831029035, 0.997687440431846, 1.0110358207948866, 1.0203597747492315, 1.0106662741333459, 1.0136348096845322, 1.0152584056248195, 1.0164315926290295, 1.0113504550280044, 1.0092926759791614, 1.0184131095106543, 0.9825912123369807, 0.9868185758358581, 1.003671914337529, 1.0080733555673178, 0.9950150467503489, 1.006775457042621, 1.0009410769710547, 1.0137831045089876, 1.0230369649208797, 1.003625614021628, 1.0045219847298437, 1.00104236757952, 1.0024354314699417, 0.9883721517423176, 1.0041430842104306, 0.9978196904760748, 0.9851003855886851]","[1.0123142908262195, 0.9917804906524349, 0.9812569288279192, 0.9959001436633421, 1.0281122892521741, 0.9976265837964146, 1.0224972015365665, 0.998675999789897, 1.0155168771481042, 0.9885564385435873, 0.9779911110652725, 0.9971940977787647, 0.987513361069559, 1.0079620431700391, 0.987752435447685, 1.0052767287400963, 0.9882072545722881, 1.0192211463111032, 0.9873175697319763, 1.0012992461760226, 1.037314086541753, 1.0089317521850099, 0.9995773569072995, 0.9836546651856892, 1.0022819353424004, 0.9930567076364398, 1.0029228302760609, 0.9999387705868539, 1.0043606034656578, 1.0015940213246561]","[0.012314290826219487, -0.008219509347565102, -0.01874307117208085, -0.004099856336657881, 0.028112289252174127, -0.0023734162035854434, 0.022497201536566536, -0.001324000210103038, 0.015516877148104236, -0.011443561456412676, -0.022008888934727522, -0.0028059022212353346, -0.012486638930440996, 0.007962043170039124, -0.012247564552315016, 0.005276728740096326, -0.011792745427711915, 0.019221146311103166, -0.012682430268023737, 0.001299246176022617, 0.037314086541752944, 0.008931752185009856, -0.00042264309270045874, -0.016345334814310775, 0.0022819353424003985, -0.006943292363560172, 0.0029228302760608837, -6.12294131461244e-05, 0.0043606034656578085, 0.0015940213246561363]","[0.0, 0.0, 0.0, 0.0, 0.0, 0.1059141606092453, 0.0, 0.1059141606092453, 0.0, 0.08522513508796692, 0.1059141606092453, 0.0, 0.06746160238981247, 0.0, 0.0, 0.1059141606092453, 0.0, 0.1059141606092453, 0.1059141606092453, 0.0, 0.0, 0.0, 0.0, 0.0, 0.1059141606092453, 0.0, 0.0, 0.0, 0.0, 0.1059141606092453]","[0.0, 0.1, 0.1, 0.1, 0.1, 0.1, 0.1, 0.1, 0.1, 0.0, 0.0, 0.0, 0.0, 0.0, 0.0, 0.0, 0.0, 0.0, 0.0, 0.0, 0.0, 0.0, 0.0, 0.0, 0.0, 0.0, 0.0, 0.0, 0.1, 0.1]","[0.009267016321196904, 0.10008670909990353, 0.09346217220419865, 0.08014038020507075, 0.08433491359763141, 0.08911315364820376, 0.09318634773610811, 0.08336710852837295, 0.10066312618898209, 0.019172051683967007, 0.00581647760309694, 0.0, 0.0026737511133812487, 0.0, 0.0, 0.0, 0.015084296468542053, 0.0, 0.0, 0.0, 0.0016971613988746572, 0.009937684683564589, 0.005811854560754951, 0.005947043075715842, 0.0, 0.0, 0.007074857939471187, 0.01361865433178687, 0.0898879907298311, 0.08965724888134542]","[0.0, 0.0, 0.0, 0.0, 0.0, 0.1059141606092453, 0.0, 0.1059141606092453, 0.0, 0.08522513508796692, 0.1059141606092453, 0.0, 0.06746160238981247, 0.0, 0.0, 0.1059141606092453, 0.0, 0.1059141606092453, 0.1059141606092453, 0.0, 0.0, 0.0, 0.0, 0.0, 0.1059141606092453, 0.0, 0.0, 0.0, 0.0, 0.1059141606092453]",-0.0033186790421267775
84,1.0674110793312401,"[1.0123142908262195, 0.9917804906524349, 0.9812569288279192, 0.9959001436633421, 1.0281122892521741, 0.9976265837964146, 1.0224972015365665, 0.998675999789897, 1.0155168771481042, 0.9885564385435873, 0.9779911110652725, 0.9971940977787647, 0.987513361069559, 1.0079620431700391, 0.987752435447685, 1.0052767287400963, 0.9882072545722881, 1.0192211463111032, 0.9873175697319763, 1.0012992461760226, 1.037314086541753, 1.0089317521850099, 0.9995773569072995, 0.9836546651856892, 1.0022819353424004, 0.9930567076364398, 1.0029228302760609, 0.9999387705868539, 1.0043606034656578, 1.0015940213246561]","[0.9951670701195612, 1.0271813223394999, 0.9858049359044415, 0.9839444206844706, 1.0157973090984753, 0.9867712503004874, 1.0123886493731022, 0.9991367557542432, 0.9823144437307959, 1.0023999912043302, 0.9880330156070427, 0.9870150735547476, 1.0092384213706407, 1.0057717803064068, 0.9976275415785159, 1.0092110121387603, 1.0081787724622817, 1.0004585395464627, 1.0173403861761119, 0.9808064003099644, 1.0063961634905163, 1.015225407551088, 0.9886330834851218, 0.9957993393750567, 1.0078423013107445, 1.0103393181286107, 1.00833828351013, 1.0183523701584785, 1.008278046530775, 0.9890946278730675]","[-0.004832929880438819, 0.02718132233949988, -0.014195064095558485, -0.016055579315529367, 0.01579730909847532, -0.013228749699512599, 0.012388649373102245, -0.000863244245756789, -0.017685556269204095, 0.0023999912043302096, -0.011966984392957292, -0.012984926445252398, 0.009238421370640681, 0.005771780306406793, -0.002372458421484147, 0.0092110121387603, 0.008178772462281714, 0.00045853954646268846, 0.017340386176111888, -0.019193599690035645, 0.0063961634905163045, 0.015225407551088033, -0.0113669165148782, -0.0042006606249432865, 0.007842301310744482, 0.010339318128610664, 0.008338283510129996, 0.01835237015847846, 0.008278046530775018, -0.010905372126932544]","[0.0, 0.08156376332044601, 0.0, 0.08693721145391464, 0.10755524784326553, 0.0, 0.0, 0.10755524784326553, 0.10677093267440796, 0.0, 0.10701457411050797, 0.0, 0.0, 0.0, 0.08704304695129395, 0.0, 0.0, 0.0, 0.0, 0.10044944286346436, 0.0, 0.0, 0.0, 0.0, 0.0, 0.0, 0.10755524784326553, 0.10755524784326553, 0.0, 0.0]","[0.0, 0.1, 0.1, 0.1, 0.1, 0.1, 0.1, 0.1, 0.1, 0.0, 0.0, 0.0, 0.0, 0.0, 0.0, 0.0, 0.0, 0.0, 0.0, 0.0, 0.0, 0.0, 0.0, 0.0, 0.0, 0.0, 0.0, 0.0, 0.1, 0.1]","[0.0, 0.09687503558571375, 0.08903135509726798, 0.08032805377511582, 0.09017729630815866, 0.08926868280952202, 0.11244058781487323, 0.09616506250034058, 0.07855877595741603, 0.017017990275320916, 0.0, 0.008299378087002119, 0.0, 0.0, 0.001791671278302789, 0.00581375890526447, 0.0, 0.00954682565611766, 0.0, 0.0, 0.0018588439618511293, 0.018089039949395796, 0.008044622749163226, 0.01361487257281323, 0.0, 0.0, 0.0, 0.0, 0.08832767878052163, 0.09475046793583904]","[0.0, 0.08156376332044601, 0.0, 0.08693721145391464, 0.10755524784326553, 0.0, 0.0, 0.10755524784326553, 0.10677093267440796, 0.0, 0.10701457411050797, 0.0, 0.0, 0.0, 0.08704304695129395, 0.0, 0.0, 0.0, 0.0, 0.10044944286346436, 0.0, 0.0, 0.0, 0.0, 0.0, 0.0, 0.10755524784326553, 0.10755524784326553, 0.0, 0.0]",-0.00042148017109963474
85,1.0665606490837922,"[0.9951670701195612, 1.0271813223394999, 0.9858049359044415, 0.9839444206844706, 1.0157973090984753, 0.9867712503004874, 1.0123886493731022, 0.9991367557542432, 0.9823144437307959, 1.0023999912043302, 0.9880330156070427, 0.9870150735547476, 1.0092384213706407, 1.0057717803064068, 0.9976275415785159, 1.0092110121387603, 1.0081787724622817, 1.0004585395464627, 1.0173403861761119, 0.9808064003099644, 1.0063961634905163, 1.015225407551088, 0.9886330834851218, 0.9957993393750567, 1.0078423013107445, 1.0103393181286107, 1.00833828351013, 1.0183523701584785, 1.008278046530775, 0.9890946278730675]","[0.9891240309541277, 0.9867880728574505, 1.001813053963421, 1.0077562335535806, 0.9919137838031344, 1.0081809488852573, 1.0107712106623397, 0.9982553644487923, 1.0140472098892654, 1.0037149160876833, 0.9968517023607786, 1.025727549601135, 0.9908081385107235, 1.0071627688570068, 0.9943114866554504, 1.018425451854731, 0.9941572375569316, 1.0098186367277273, 1.0028762764170063, 1.005004890553214, 0.9914863582212669, 0.9882216589859196, 0.9979646519697578, 0.9892455020899068, 1.0069105155176485, 0.9855895426461864, 0.9996922281004512, 0.9788271719215828, 1.0007376998025679, 1.0127071587163707]","[-0.010875969045872291, -0.013211927142549484, 0.0018130539634209075, 0.0077562335535805715, -0.008086216196865559, 0.008180948885257333, 0.010771210662339659, -0.0017446355512077405, 0.014047209889265444, 0.003714916087683262, -0.00314829763922142, 0.025727549601135102, -0.009191861489276532, 0.00716276885700684, -0.005688513344549562, 0.0184254518547311, -0.005842762443068361, 0.009818636727727315, 0.002876276417006274, 0.00500489055321407, -0.00851364177873315, -0.011778341014080373, -0.00203534803024219, -0.010754497910093197, 0.006910515517648541, -0.014410457353813633, -0.00030777189954878104, -0.02117282807841725, 0.0007376998025678816, 0.012707158716370737]","[0.0, 0.10361967235803604, 0.10361967235803604, 0.0, 0.10361967235803604, 0.0, 0.0, 0.0, 0.0, 0.0, 0.0, 0.10361967235803604, 0.10361967235803604, 0.0, 0.0, 0.0, 0.0, 0.10361967235803604, 0.0, 0.0, 0.0, 0.0, 0.0, 0.0690891370177269, 0.0, 0.0, 0.0, 0.10195346176624298, 0.10361967235803604, 0.10361967235803604]","[0.0, 0.1, 0.1, 0.1, 0.1, 0.1, 0.1, 0.1, 0.1, 0.0, 0.0, 0.0, 0.0, 0.0, 0.0, 0.0, 0.0, 0.0, 0.0, 0.0, 0.0, 0.0, 0.0, 0.0, 0.0, 0.0, 0.0, 0.0, 0.1, 0.1]","[0.006585840554365524, 0.09233550707262578, 0.08328630722540134, 0.08595432929852588, 0.09533487575165402, 0.08550603299651965, 0.09473061811398588, 0.0861052408417602, 0.08098562976649921, 0.010717168349552726, 0.0, 0.001942216951272122, 0.0, 0.0027224473387961316, 0.0015896585282318102, 0.016543906293975324, 0.0, 0.0018802360157052448, 0.003765150272299974, 0.013676742570325404, 0.0, 0.010855778799551796, 0.0, 0.0009970097791869666, 0.0038090860276720697, 0.0073691197526918615, 0.007127687675738175, 0.0, 0.10317313313750463, 0.10300627688615825]","[0.0, 0.10361967235803604, 0.10361967235803604, 0.0, 0.10361967235803604, 0.0, 0.0, 0.0, 0.0, 0.0, 0.0, 0.10361967235803604, 0.10361967235803604, 0.0, 0.0, 0.0, 0.0, 0.10361967235803604, 0.0, 0.0, 0.0, 0.0, 0.0, 0.0690891370177269, 0.0, 0.0, 0.0, 0.10195346176624298, 0.10361967235803604, 0.10361967235803604]",-0.0012330221477701538
86,1.0669751105936385,"[0.9891240309541277, 0.9867880728574505, 1.001813053963421, 1.0077562335535806, 0.9919137838031344, 1.0081809488852573, 1.0107712106623397, 0.9982553644487923, 1.0140472098892654, 1.0037149160876833, 0.9968517023607786, 1.025727549601135, 0.9908081385107235, 1.0071627688570068, 0.9943114866554504, 1.018425451854731, 0.9941572375569316, 1.0098186367277273, 1.0028762764170063, 1.005004890553214, 0.9914863582212669, 0.9882216589859196, 0.9979646519697578, 0.9892455020899068, 1.0069105155176485, 0.9855895426461864, 0.9996922281004512, 0.9788271719215828, 1.0007376998025679, 1.0127071587163707]","[0.9965775141230918, 1.0087134244291143, 1.00286936816087, 0.9910772701759203, 0.991495648389195, 1.0185897430519222, 1.01333856971484, 1.0099834340067477, 1.0089476005637181, 1.014609956106699, 1.0039039953680429, 1.0091127453783237, 0.9951218580270941, 1.0124018038922975, 1.0017674724867778, 0.9896201662060029, 0.99632323728502, 0.9760761929921308, 0.9974941358337411, 1.033601962930573, 0.9882681803793482, 1.0065680356048294, 1.003089210017162, 0.9905728991343664, 1.0086390110293213, 1.0094857565142674, 1.005572966447888, 1.024183577480655, 0.9909244869644616, 0.9972344520485806]","[-0.003422485876908188, 0.00871342442911427, 0.0028693681608700228, -0.008922729824079711, -0.008504351610804983, 0.01858974305192218, 0.013338569714840043, 0.009983434006747727, 0.008947600563718128, 0.014609956106699018, 0.0039039953680428674, 0.009112745378323739, -0.004878141972905925, 0.012401803892297503, 0.001767472486777777, -0.010379833793997095, -0.003676762714979964, -0.023923807007869224, -0.0025058641662588643, 0.03360196293057305, -0.01173181962065184, 0.006568035604829436, 0.003089210017162003, -0.009427100865633586, 0.008639011029321297, 0.009485756514267418, 0.0055729664478880725, 0.024183577480654916, -0.00907551303553844, -0.002765547951419367]","[0.11910945177078247, 0.0, 0.0, 0.0, 0.07447261363267899, 0.0, 0.11910945177078247, 0.11910945177078247, 0.0, 0.0, 0.0, 0.0, 0.0, 0.11910945177078247, 0.0, 0.0, 0.10440558195114136, 0.0, 0.0, 0.0, 0.11910945177078247, 0.06551543623209, 0.0, 0.06228582188487053, 0.0, 0.0, 0.0, 0.0, 0.09777331352233887, 0.0]","[0.0, 0.1, 0.1, 0.1, 0.1, 0.1, 0.1, 0.1, 0.1, 0.0, 0.0, 0.0, 0.0, 0.0, 0.0, 0.0, 0.0, 0.0, 0.0, 0.0, 0.0, 0.0, 0.0, 0.0, 0.0, 0.0, 0.0, 0.0, 0.1, 0.1]","[0.0018435396628289672, 0.09814325211550218, 0.09043197552694046, 0.10213517875718135, 0.09257278008493477, 0.09545631657693476, 0.09095683814673756, 0.09683245514844531, 0.10419488254638577, 0.0025874235354028437, 0.0, 0.0009169787667936471, 0.008966670235910761, 0.00033093826290375743, 0.0, 0.0007725845657183731, 0.0, 0.0, 0.0, 0.0, 0.011468482666005898, 0.0, 0.0, 0.001824864063407048, 0.014572094912610786, 0.008819156074669883, 0.0014622434136044359, 0.0, 0.09154048334597886, 0.08417086159110253]","[0.11910945177078247, 0.0, 0.0, 0.0, 0.07447261363267899, 0.0, 0.11910945177078247, 0.11910945177078247, 0.0, 0.0, 0.0, 0.0, 0.0, 0.11910945177078247, 0.0, 0.0, 0.10440558195114136, 0.0, 0.0, 0.0, 0.11910945177078247, 0.06551543623209, 0.0, 0.06228582188487053, 0.0, 0.0, 0.0, 0.0, 0.09777331352233887, 0.0]",-2.307354210824309e-05
87,1.069318971396327,"[0.9965775141230918, 1.0087134244291143, 1.00286936816087, 0.9910772701759203, 0.991495648389195, 1.0185897430519222, 1.01333856971484, 1.0099834340067477, 1.0089476005637181, 1.014609956106699, 1.0039039953680429, 1.0091127453783237, 0.9951218580270941, 1.0124018038922975, 1.0017674724867778, 0.9896201662060029, 0.99632323728502, 0.9760761929921308, 0.9974941358337411, 1.033601962930573, 0.9882681803793482, 1.0065680356048294, 1.003089210017162, 0.9905728991343664, 1.0086390110293213, 1.0094857565142674, 1.005572966447888, 1.024183577480655, 0.9909244869644616, 0.9972344520485806]","[1.015032136843561, 1.0383128590842026, 1.006270465813887, 0.9940820333419618, 1.000827236445487, 1.0129393293085263, 0.9750107937652878, 1.0107542374303147, 1.0050245168368956, 1.0020213618812508, 0.999425250605009, 0.9951460316050957, 0.999122381035143, 1.0097790140646703, 1.0025646879151815, 0.9901099639284835, 1.0111190082053758, 1.0036137390452677, 1.0048664854443439, 0.9947252193261981, 0.9967295692326401, 0.9990264759753598, 1.020016832436347, 0.9939547160118335, 1.0234118484528079, 0.9857350727817457, 0.9869403237101677, 1.0204003176631475, 1.003549188696234, 0.9936528704683141]","[0.015032136843561084, 0.038312859084202566, 0.006270465813887016, -0.005917966658038232, 0.0008272364454871006, 0.01293932930852626, -0.024989206234712236, 0.010754237430314673, 0.005024516836895643, 0.002021361881250794, -0.0005747493949910254, -0.004853968394904262, -0.000877618964857052, 0.0097790140646703, 0.002564687915181496, -0.009890036071516506, 0.011119008205375813, 0.0036137390452677387, 0.004866485444343871, -0.005274780673801938, -0.0032704307673598887, -0.0009735240246402377, 0.020016832436347, -0.0060452839881665055, 0.02341184845280786, -0.014264927218254342, -0.01305967628983229, 0.020400317663147538, 0.003549188696233996, -0.006347129531685924]","[0.0, 0.0, 0.0, 0.10173352807760239, 0.10173352807760239, 0.0, 0.0, 0.0, 0.0, 0.0, 0.0, 0.0, 0.0, 0.0, 0.0, 0.10173352807760239, 0.10173352807760239, 0.0, 0.10173352807760239, 0.0, 0.10173352807760239, 0.0, 0.0, 0.0, 0.10173352807760239, 0.08959896862506866, 0.0, 0.09653285890817642, 0.0, 0.10173352807760239]","[0.0, 0.1, 0.1, 0.1, 0.1, 0.1, 0.1, 0.1, 0.1, 0.0, 0.0, 0.0, 0.0, 0.0, 0.0, 0.0, 0.0, 0.0, 0.0, 0.0, 0.0, 0.0, 0.0, 0.0, 0.0, 0.0, 0.0, 0.0, 0.1, 0.1]","[0.0, 0.09193865286464305, 0.10235275608352092, 0.1125248934582398, 0.09355162017211352, 0.08919684093308239, 0.10761503060600132, 0.07937201635031879, 0.09054922345057034, 0.0006431156281159107, 0.0, 0.002982318329954675, 0.0033833174615812093, 0.0, 0.009442998581116323, 0.0, 0.010347562222698179, 0.0, 0.00225267745036189, 0.0, 0.0, 0.0, 0.01446058068873877, 0.0016351958075022668, 0.0, 0.003035897443825096, 0.0067049963177633716, 0.0018082127227003295, 0.08918131253699664, 0.08702078089015501]","[0.0, 0.0, 0.0, 0.10173352807760239, 0.10173352807760239, 0.0, 0.0, 0.0, 0.0, 0.0, 0.0, 0.0, 0.0, 0.0, 0.0, 0.10173352807760239, 0.10173352807760239, 0.0, 0.10173352807760239, 0.0, 0.10173352807760239, 0.0, 0.0, 0.0, 0.10173352807760239, 0.08959896862506866, 0.0, 0.09653285890817642, 0.0, 0.10173352807760239]",0.0017995134473385863
88,1.0653217543053293,"[1.015032136843561, 1.0383128590842026, 1.006270465813887, 0.9940820333419618, 1.000827236445487, 1.0129393293085263, 0.9750107937652878, 1.0107542374303147, 1.0050245168368956, 1.0020213618812508, 0.999425250605009, 0.9951460316050957, 0.999122381035143, 1.0097790140646703, 1.0025646879151815, 0.9901099639284835, 1.0111190082053758, 1.0036137390452677, 1.0048664854443439, 0.9947252193261981, 0.9967295692326401, 0.9990264759753598, 1.020016832436347, 0.9939547160118335, 1.0234118484528079, 0.9857350727817457, 0.9869403237101677, 1.0204003176631475, 1.003549188696234, 0.9936528704683141]","[1.0118418374212501, 0.9887244584656318, 0.9990304076321441, 0.9922877037364534, 0.9766799266643147, 0.9957822126458763, 0.9826030035056937, 0.9901182618642826, 1.0042426609329456, 1.0361965597783316, 0.994921569458903, 0.9714967968980217, 1.001481543062469, 1.0060482172366956, 1.0062304972304337, 1.0008818746975094, 1.017789847698759, 0.992999713056015, 1.0065347438735457, 0.9930226250473959, 1.001999105002862, 0.9899776723171337, 0.9983837556598177, 0.9972805375707612, 1.0126794115998288, 0.9808850918924357, 0.9924288237371001, 1.001346168981, 0.973221035933476, 1.010419460064216]","[0.011841837421250112, -0.011275541534368161, -0.000969592367855876, -0.007712296263546636, -0.02332007333568531, -0.004217787354123703, -0.01739699649430626, -0.009881738135717355, 0.004242660932945563, 0.03619655977833158, -0.005078430541097023, -0.02850320310197829, 0.0014815430624690595, 0.006048217236695574, 0.006230497230433674, 0.0008818746975094438, 0.01778984769875902, -0.0070002869439850235, 0.00653474387354569, -0.006977374952604087, 0.001999105002862045, -0.010022327682866261, -0.0016162443401822602, -0.002719462429238817, 0.012679411599828772, -0.019114908107564332, -0.007571176262899937, 0.0013461689809999289, -0.026778964066524025, 0.010419460064216013]","[0.0, 0.0, 0.0, 0.0, 0.0, 0.0994868129491806, 0.10005702823400497, 0.0, 0.0, 0.0, 0.0, 0.0, 0.0, 0.10005702823400497, 0.10005702823400497, 0.10005702823400497, 0.0, 0.10005702823400497, 0.0, 0.0, 0.0, 0.10005702823400497, 0.10005702823400497, 0.10005702823400497, 0.0, 0.0, 0.10005702823400497, 0.0, 0.0, 0.0]","[0.0, 0.1, 0.1, 0.1, 0.1, 0.1, 0.1, 0.1, 0.1, 0.0, 0.0, 0.0, 0.0, 0.0, 0.0, 0.0, 0.0, 0.0, 0.0, 0.0, 0.0, 0.0, 0.0, 0.0, 0.0, 0.0, 0.0, 0.0, 0.1, 0.1]","[0.0045527386304707465, 0.07724902183345563, 0.07672813330718077, 0.09724833979534178, 0.0901315704040691, 0.10046189156538121, 0.08643877983457872, 0.09953874319194035, 0.08527935059148828, 0.0013563752124264525, 0.0, 0.021570569719621485, 0.006969307515550282, 0.0, 0.00509186111183744, 0.0, 0.0, 0.00954405516262094, 0.00898048168898818, 0.0, 0.0, 0.0, 0.0, 0.009347784024414017, 0.005685338557333033, 0.017596044002773488, 0.013251832335706017, 0.0, 0.08929126707143684, 0.09368651444338504]","[0.0, 0.0, 0.0, 0.0, 0.0, 0.0994868129491806, 0.10005702823400497, 0.0, 0.0, 0.0, 0.0, 0.0, 0.0, 0.10005702823400497, 0.10005702823400497, 0.10005702823400497, 0.0, 0.10005702823400497, 0.0, 0.0, 0.0, 0.10005702823400497, 0.10005702823400497, 0.10005702823400497, 0.0, 0.0, 0.10005702823400497, 0.0, 0.0, 0.0]",-0.00413280696250433
89,1.0686959052663643,"[1.0118418374212501, 0.9887244584656318, 0.9990304076321441, 0.9922877037364534, 0.9766799266643147, 0.9957822126458763, 0.9826030035056937, 0.9901182618642826, 1.0042426609329456, 1.0361965597783316, 0.994921569458903, 0.9714967968980217, 1.001481543062469, 1.0060482172366956, 1.0062304972304337, 1.0008818746975094, 1.017789847698759, 0.992999713056015, 1.0065347438735457, 0.9930226250473959, 1.001999105002862, 0.9899776723171337, 0.9983837556598177, 0.9972805375707612, 1.0126794115998288, 0.9808850918924357, 0.9924288237371001, 1.001346168981, 0.973221035933476, 1.010419460064216]","[0.998986073988762, 1.0069765491824338, 1.0127375344643814, 1.0175466160376376, 0.9838259100500987, 1.0079508065374472, 1.0048413222178196, 0.9891931154315493, 1.0291541614986928, 1.014161898688776, 1.0010048449730307, 0.9897554601452081, 0.9969215794933428, 1.004895280598972, 1.0034365076614105, 1.000102488739601, 1.0045899525341995, 0.9962906866569955, 1.0144956888500063, 1.0001625545292723, 1.0122852554964268, 0.987218598332985, 0.991886976931619, 1.0061694945321262, 1.0159360093729553, 0.974208988982126, 1.0067842914304, 0.9896888140041492, 1.0004678920164067, 1.0030925227809362]","[-0.0010139260112379533, 0.006976549182433844, 0.012737534464381417, 0.01754661603763763, -0.016174089949901327, 0.007950806537447175, 0.0048413222178196325, -0.010806884568450692, 0.029154161498692766, 0.014161898688775931, 0.0010048449730306608, -0.010244539854791901, -0.003078420506657187, 0.0048952805989719295, 0.0034365076614104595, 0.00010248873960105875, 0.004589952534199471, -0.0037093133430045055, 0.014495688850006294, 0.0001625545292722741, 0.012285255496426783, -0.012781401667015024, -0.00811302306838102, 0.0061694945321262296, 0.01593600937295525, -0.025791011017873955, 0.006784291430399936, -0.010311185995850791, 0.0004678920164067346, 0.003092522780936191]","[0.0, 0.0, 0.0, 0.08738737553358078, 0.0, 0.0, 0.1040738895535469, 0.0, 0.11047760397195816, 0.0, 0.0687224417924881, 0.0, 0.0, 0.10092059522867203, 0.0, 0.0, 0.0, 0.11047760397195816, 0.0, 0.0, 0.08650771528482437, 0.0, 0.0, 0.11047760397195816, 0.0, 0.11047760397195816, 0.0, 0.11047760397195816, 0.0, 0.0]","[0.0, 0.1, 0.1, 0.1, 0.1, 0.1, 0.1, 0.1, 0.1, 0.0, 0.0, 0.0, 0.0, 0.0, 0.0, 0.0, 0.0, 0.0, 0.0, 0.0, 0.0, 0.0, 0.0, 0.0, 0.0, 0.0, 0.0, 0.0, 0.1, 0.1]","[0.008042448515671135, 0.08586967958919745, 0.08091093965816672, 0.10848556383942895, 0.11387071451317182, 0.09665608853314264, 0.09571087257645512, 0.1064844677311118, 0.09582723905472582, 0.0, 0.0, 0.0, 0.0010739262907637377, 0.0, 0.0021856010480737005, 0.0, 0.009385925643695349, 0.0, 0.0, 0.0, 0.0, 0.0007614503220709281, 0.007993092821948792, 0.0, 0.0, 0.0026401382663017773, 0.0, 0.009029430486548256, 0.08829962127884648, 0.08677279983067959]","[0.0, 0.0, 0.0, 0.08738737553358078, 0.0, 0.0, 0.1040738895535469, 0.0, 0.11047760397195816, 0.0, 0.0687224417924881, 0.0, 0.0, 0.10092059522867203, 0.0, 0.0, 0.0, 0.11047760397195816, 0.0, 0.0, 0.08650771528482437, 0.0, 0.0, 0.11047760397195816, 0.0, 0.11047760397195816, 0.0, 0.11047760397195816, 0.0, 0.0]",0.002761098560657967
90,1.0776296475391478,"[0.998986073988762, 1.0069765491824338, 1.0127375344643814, 1.0175466160376376, 0.9838259100500987, 1.0079508065374472, 1.0048413222178196, 0.9891931154315493, 1.0291541614986928, 1.014161898688776, 1.0010048449730307, 0.9897554601452081, 0.9969215794933428, 1.004895280598972, 1.0034365076614105, 1.000102488739601, 1.0045899525341995, 0.9962906866569955, 1.0144956888500063, 1.0001625545292723, 1.0122852554964268, 0.987218598332985, 0.991886976931619, 1.0061694945321262, 1.0159360093729553, 0.974208988982126, 1.0067842914304, 0.9896888140041492, 1.0004678920164067, 1.0030925227809362]","[1.0165790431814892, 1.0153434708772862, 0.9948576553997017, 0.9828148825834956, 1.0004597178079613, 0.9936659306936241, 1.0090109357386645, 1.0141240471560917, 1.005002600917176, 1.009055733602651, 0.9805945165097512, 0.9895419721515681, 1.0086270099870231, 1.007230493701783, 0.9928960378897606, 0.9981314728786123, 0.9972624791421121, 1.0060177504191639, 1.0005626300523558, 1.0020455547279616, 1.00070150519026, 0.9849932348951191, 1.0042155657346743, 1.0068385386929897, 0.9977537779291153, 1.0162903230251437, 1.0194744944522702, 1.0211389987303026, 1.0131249057856238, 1.0005279116172172]","[0.016579043181489173, 0.015343470877286158, -0.0051423446002982764, -0.017185117416504414, 0.0004597178079612796, -0.006334069306375922, 0.009010935738664516, 0.014124047156091724, 0.00500260091717597, 0.009055733602651106, -0.019405483490248843, -0.010458027848431861, 0.008627009987023149, 0.007230493701783081, -0.007103962110239448, -0.001868527121387742, -0.0027375208578879207, 0.006017750419163859, 0.0005626300523557948, 0.0020455547279616404, 0.0007015051902599101, -0.01500676510488086, 0.004215565734674298, 0.006838538692989671, -0.0022462220708846514, 0.01629032302514366, 0.01947449445227023, 0.02113899873030256, 0.013124905785623753, 0.0005279116172172138]","[0.07144865393638611, 0.12055491656064987, 0.1221434623003006, 0.0, 0.0, 0.0, 0.0, 0.0, 0.0, 0.0, 0.0, 0.0, 0.0, 0.0, 0.0, 0.0, 0.0, 0.0, 0.0, 0.08360006660223007, 0.0, 0.0, 0.0, 0.07591788470745087, 0.09641645848751068, 0.08341419696807861, 0.0, 0.12218078970909119, 0.11269782483577728, 0.11162575334310532]","[0.0, 0.1, 0.1, 0.1, 0.1, 0.1, 0.1, 0.1, 0.1, 0.0, 0.0, 0.0, 0.0, 0.0, 0.0, 0.0, 0.0, 0.0, 0.0, 0.0, 0.0, 0.0, 0.0, 0.0, 0.0, 0.0, 0.0, 0.0, 0.1, 0.1]","[0.0, 0.10866326620586446, 0.09045050013906349, 0.11274237231656799, 0.08425918946739396, 0.08831491143672995, 0.10322095506354259, 0.11651749428583079, 0.07918261068803654, 0.0, 0.00035845366344419883, 0.0049595001325493234, 0.0, 0.0, 0.004102446926171763, 0.007137292858020066, 0.0, 0.008088878717368735, 0.005989580640796779, 0.0, 0.006911216052043023, 0.0, 0.0, 0.0, 0.0, 0.0, 0.0, 0.0, 0.07830752073421254, 0.10079381067236381]","[0.07144864648580551, 0.12055490165948868, 0.1221434473991394, 0.0, 0.0, 0.0, 0.0, 0.0, 0.0, 0.0, 0.0, 0.0, 0.0, 0.0, 0.0, 0.0, 0.0, 0.0, 0.0, 0.08360005915164948, 0.0, 0.0, 0.0, 0.07591787725687027, 0.09641644358634949, 0.08341418951749802, 0.0, 0.12218077480792999, 0.11269780993461609, 0.11162573844194412]",0.007864680742895702
91,1.082473597374751,"[1.0165790431814892, 1.0153434708772862, 0.9948576553997017, 0.9828148825834956, 1.0004597178079613, 0.9936659306936241, 1.0090109357386645, 1.0141240471560917, 1.005002600917176, 1.009055733602651, 0.9805945165097512, 0.9895419721515681, 1.0086270099870231, 1.007230493701783, 0.9928960378897606, 0.9981314728786123, 0.9972624791421121, 1.0060177504191639, 1.0005626300523558, 1.0020455547279616, 1.00070150519026, 0.9849932348951191, 1.0042155657346743, 1.0068385386929897, 0.9977537779291153, 1.0162903230251437, 1.0194744944522702, 1.0211389987303026, 1.0131249057856238, 1.0005279116172172]","[1.0278568802436725, 0.9938081995246524, 1.0061424378211066, 0.9979438184605123, 0.9910002098571895, 0.9924025744654343, 1.0056442144087994, 0.9870227209481516, 1.0143451130631234, 1.012367993237479, 0.9896454639474475, 1.0095792303234759, 1.0192204868105126, 1.002088535714165, 1.0008619183485041, 1.0077936684015472, 0.9848151512660315, 1.025900827843628, 0.9930951042474909, 1.0139620162218346, 1.0041920920231087, 1.0197383911145543, 0.9966210480705908, 0.9817630821295726, 1.010039114486833, 1.0149532488464585, 1.0046661434565933, 1.005333394839157, 1.0144974856823064, 0.9848061277080332]","[0.0278568802436725, -0.00619180047534762, 0.006142437821106572, -0.0020561815394877225, -0.008999790142810493, -0.0075974255345656605, 0.005644214408799364, -0.012977279051848423, 0.01434511306312336, 0.012367993237478947, -0.010354536052552543, 0.009579230323475851, 0.019220486810512583, 0.0020885357141648964, 0.0008619183485041315, 0.00779366840154716, -0.015184848733968526, 0.025900827843627905, -0.006904895752509077, 0.013962016221834572, 0.004192092023108662, 0.019738391114554332, -0.0033789519294091797, -0.01823691787042736, 0.010039114486833034, 0.014953248846458544, 0.00466614345659333, 0.0053333948391569574, 0.014497485682306355, -0.015193872291966781]","[0.0, 0.0, 0.12959913909435272, 0.0, 0.0, 0.0, 0.0, 0.16898852586746216, 0.0, 0.16898852586746216, 0.0, 0.16898852586746216, 0.0, 0.04244115203619003, 0.0, 0.0, 0.0, 0.0, 0.0, 0.16898852586746216, 0.0, 0.0, 0.1384398192167282, 0.0, 0.0, 0.013565813191235065, 0.0, 0.0, 0.0, 0.0]","[0.0, 0.1, 0.1, 0.1, 0.1, 0.1, 0.1, 0.1, 0.1, 0.0, 0.0, 0.0, 0.0, 0.0, 0.0, 0.0, 0.0, 0.0, 0.0, 0.0, 0.0, 0.0, 0.0, 0.0, 0.0, 0.0, 0.0, 0.0, 0.1, 0.1]","[0.002843394737731089, 0.10861897969557141, 0.08604725392153016, 0.0894531679191943, 0.08520749800702009, 0.100822951763753, 0.09665744373754541, 0.08461827556913983, 0.09150899141470685, 0.0, 0.0066596557947092945, 0.0, 0.0, 0.0, 0.0018405504994834546, 0.0, 0.0, 0.0, 0.0, 0.0, 0.0015444227839172956, 0.01089850664076605, 0.0, 0.0, 0.0, 0.0, 0.014973220051350463, 0.007965636634405937, 0.10112227876316789, 0.10921777206600743]","[0.0, 0.0, 0.12959913909435272, 0.0, 0.0, 0.0, 0.0, 0.16898852586746216, 0.0, 0.16898852586746216, 0.0, 0.16898852586746216, 0.0, 0.04244115203619003, 0.0, 0.0, 0.0, 0.0, 0.0, 0.16898852586746216, 0.0, 0.0, 0.1384398192167282, 0.0, 0.0, 0.013565813191235065, 0.0, 0.0, 0.0, 0.0]",0.003956930193511227
92,1.0838767227788157,"[1.0278568802436725, 0.9938081995246524, 1.0061424378211066, 0.9979438184605123, 0.9910002098571895, 0.9924025744654343, 1.0056442144087994, 0.9870227209481516, 1.0143451130631234, 1.012367993237479, 0.9896454639474475, 1.0095792303234759, 1.0192204868105126, 1.002088535714165, 1.0008619183485041, 1.0077936684015472, 0.9848151512660315, 1.025900827843628, 0.9930951042474909, 1.0139620162218346, 1.0041920920231087, 1.0197383911145543, 0.9966210480705908, 0.9817630821295726, 1.010039114486833, 1.0149532488464585, 1.0046661434565933, 1.005333394839157, 1.0144974856823064, 0.9848061277080332]","[0.9987058018780651, 1.0194215128634672, 0.9691070228480879, 0.9913330351785242, 1.0129799005878626, 0.9905227797562972, 0.9915801433708383, 0.9865522487345932, 0.9934183983674937, 0.9847632058673577, 1.012932796607762, 1.021843970165389, 1.0221997221394086, 0.9786467785071453, 1.0081109413176985, 0.994369889026697, 1.014918004868747, 1.0001382394948009, 0.9965810728416213, 0.9902508229014969, 1.0077726706062424, 1.002962007745253, 1.0221876846985625, 0.9941311361289659, 0.9810500590387453, 0.988812857278982, 1.0141623307533245, 1.0015642823023134, 1.0120255662040933, 0.9954871833200352]","[-0.0012941981219348753, 0.01942151286346716, -0.030892977151912082, -0.008666964821475776, 0.01297990058786258, -0.009477220243702789, -0.00841985662916167, -0.01344775126540676, -0.006581601632506318, -0.01523679413264234, 0.01293279660776192, 0.02184397016538897, 0.022199722139408573, -0.02135322149285468, 0.008110941317698517, -0.005630110973303015, 0.014918004868746948, 0.0001382394948008514, -0.0034189271583786596, -0.009749177098503092, 0.007772670606242427, 0.0029620077452530147, 0.02218768469856247, -0.005868863871034136, -0.018949940961254685, -0.01118714272101795, 0.014162330753324515, 0.0015642823023134245, 0.012025566204093341, -0.004512816679964837]","[0.0, 0.0, 0.0, 0.0, 0.11310707777738571, 0.0, 0.11310707777738571, 0.0, 0.0, 0.11310707777738571, 0.0, 0.11155420541763306, 0.0, 0.11310707777738571, 0.0, 0.0, 0.09284400194883347, 0.07323560863733292, 0.10864996910095215, 0.0, 0.11310707777738571, 0.0, 0.0, 0.0, 0.0, 0.0, 0.0, 0.0, 0.04818085581064224, 0.0]","[0.0, 0.1, 0.1, 0.1, 0.1, 0.1, 0.1, 0.1, 0.1, 0.0, 0.0, 0.0, 0.0, 0.0, 0.0, 0.0, 0.0, 0.0, 0.0, 0.0, 0.0, 0.0, 0.0, 0.0, 0.0, 0.0, 0.0, 0.0, 0.1, 0.1]","[0.0, 0.09187950036418285, 0.096657014895621, 0.09322768678142675, 0.09269445038036324, 0.0884884806812125, 0.08470174227982445, 0.0820202963881157, 0.09965255099425263, 0.002443082847825262, 0.0, 0.0, 0.006394585131631463, 0.009442238503268916, 0.0, 0.01067902134728301, 0.0, 0.0, 0.008020619262750163, 0.0, 0.012921897327522804, 0.0, 0.0, 0.012539525398823088, 0.011208199859382963, 0.0, 0.0, 0.001767928973935783, 0.08356076761401328, 0.11170041096856423]","[0.0, 0.0, 0.0, 0.0, 0.11310707777738571, 0.0, 0.11310707777738571, 0.0, 0.0, 0.11310707777738571, 0.0, 0.11155420541763306, 0.0, 0.11310707777738571, 0.0, 0.0, 0.09284400194883347, 0.07323560863733292, 0.10864996910095215, 0.0, 0.11310707777738571, 0.0, 0.0, 0.0, 0.0, 0.0, 0.0, 0.0, 0.04818085581064224, 0.0]",0.00087324868170562
93,1.0884474313211099,"[0.9987058018780651, 1.0194215128634672, 0.9691070228480879, 0.9913330351785242, 1.0129799005878626, 0.9905227797562972, 0.9915801433708383, 0.9865522487345932, 0.9934183983674937, 0.9847632058673577, 1.012932796607762, 1.021843970165389, 1.0221997221394086, 0.9786467785071453, 1.0081109413176985, 0.994369889026697, 1.014918004868747, 1.0001382394948009, 0.9965810728416213, 0.9902508229014969, 1.0077726706062424, 1.002962007745253, 1.0221876846985625, 0.9941311361289659, 0.9810500590387453, 0.988812857278982, 1.0141623307533245, 1.0015642823023134, 1.0120255662040933, 0.9954871833200352]","[0.9982861498460653, 0.9912808875046815, 0.9921535646995119, 1.0025784794130617, 0.9923200916712934, 1.0036508794130345, 0.9856302468631265, 1.017212800073341, 1.0160062732988033, 0.9949844579375852, 1.0013108047785921, 1.0057509637493414, 1.0030014985031397, 1.0073925311499496, 0.9998550245357223, 0.9943698542089461, 0.9993138537002574, 1.0223129412342828, 1.0132959421588863, 0.9901438836004619, 0.9879491474019351, 0.9964807300550896, 1.0118854877209407, 0.998435811259509, 0.998487887126143, 0.9994813711451632, 1.0121673912805416, 0.9884529871521319, 1.012211241391364, 1.0173479866997104]","[-0.0017138501539346596, -0.008719112495318537, -0.00784643530048812, 0.002578479413061663, -0.007679908328706575, 0.0036508794130345468, -0.014369753136873498, 0.017212800073340917, 0.01600627329880333, -0.005015542062414835, 0.001310804778592134, 0.0057509637493413646, 0.003001498503139688, 0.007392531149949644, -0.000144975464277719, -0.00563014579105392, -0.0006861462997426182, 0.022312941234282846, 0.013295942158886298, -0.009856116399538095, -0.012050852598064932, -0.0035192699449103637, 0.011885487720940668, -0.0015641887404910237, -0.0015121128738569967, -0.0005186288548367779, 0.012167391280541562, -0.011547012847868077, 0.01221124139136398, 0.017347986699710383]","[0.0, 0.0, 0.0, 0.0, 0.0, 0.0, 0.0, 0.09999999403953552, 0.0, 0.09999999403953552, 0.09999999403953552, 0.0, 0.09999999403953552, 0.09999999403953552, 0.0, 0.0, 0.09999999403953552, 0.09999999403953552, 0.0, 0.0, 0.09999999403953552, 0.09999999403953552, 0.0, 0.0, 0.0, 0.0, 0.0, 0.0, 0.09999999403953552, 0.0]","[0.0, 0.1, 0.1, 0.1, 0.1, 0.1, 0.1, 0.1, 0.1, 0.0, 0.0, 0.0, 0.0, 0.0, 0.0, 0.0, 0.0, 0.0, 0.0, 0.0, 0.0, 0.0, 0.0, 0.0, 0.0, 0.0, 0.0, 0.0, 0.1, 0.1]","[0.0066511273637327225, 0.10020793182468096, 0.09018698324196424, 0.08781460695008732, 0.09110178587599274, 0.10546674178924129, 0.09816703387768959, 0.10901945910201179, 0.08516541314446753, 0.014836258284637195, 0.0058985860109570624, 0.002170348852219802, 0.0024640767656332386, 0.0, 0.0, 0.010287363897306437, 0.0031427118226135336, 0.0, 0.0011100554280745855, 0.0, 0.001345727032575839, 0.0001510379683794306, 0.0, 0.005108689140165872, 0.017843805474459195, 0.004501693950466712, 0.00030329008941853004, 0.0, 0.08022444115175786, 0.07683083096146659]","[0.0, 0.0, 0.0, 0.0, 0.0, 0.0, 0.0, 0.09999999403953552, 0.0, 0.09999999403953552, 0.09999999403953552, 0.0, 0.09999999403953552, 0.09999999403953552, 0.0, 0.0, 0.09999999403953552, 0.09999999403953552, 0.0, 0.0, 0.09999999403953552, 0.09999999403953552, 0.0, 0.0, 0.0, 0.0, 0.0, 0.0, 0.09999999403953552, 0.0]",0.003796041370997333
94,1.0842728486094575,"[0.9982861498460653, 0.9912808875046815, 0.9921535646995119, 1.0025784794130617, 0.9923200916712934, 1.0036508794130345, 0.9856302468631265, 1.017212800073341, 1.0160062732988033, 0.9949844579375852, 1.0013108047785921, 1.0057509637493414, 1.0030014985031397, 1.0073925311499496, 0.9998550245357223, 0.9943698542089461, 0.9993138537002574, 1.0223129412342828, 1.0132959421588863, 0.9901438836004619, 0.9879491474019351, 0.9964807300550896, 1.0118854877209407, 0.998435811259509, 0.998487887126143, 0.9994813711451632, 1.0121673912805416, 0.9884529871521319, 1.012211241391364, 1.0173479866997104]","[0.9884535597768389, 0.9896994220540469, 1.019402282406845, 0.9901466473076361, 1.00171194615774, 0.9918135754556914, 1.0026842849761302, 1.0115237243329573, 1.0284298954686288, 1.0123191646736078, 1.0045390092612565, 0.9978758079546503, 1.0072832048401537, 1.007216569300271, 0.9947261135357433, 0.9910263049757724, 1.0034323736746462, 0.9905599647870473, 0.986313130669537, 0.9989415499586136, 1.0001746167972354, 0.9792496261824443, 0.9902848962830766, 1.0092347194047149, 1.0140631475376447, 1.0178729347425324, 1.008019012717784, 0.9947361381786787, 1.029172085008336, 1.0207433796298595]","[-0.011546440223161092, -0.010300577945953071, 0.01940228240684494, -0.00985335269236387, 0.001711946157739952, -0.008186424544308624, 0.002684284976130158, 0.011523724332957341, 0.02842989546862884, 0.01231916467360783, 0.004539009261256499, -0.0021241920453497487, 0.0072832048401536564, 0.007216569300271036, -0.0052738864642567496, -0.008973695024227624, 0.0034323736746462163, -0.009440035212952669, -0.013686869330463036, -0.0010584500413863829, 0.00017461679723540513, -0.020750373817555734, -0.009715103716923412, 0.009234719404714875, 0.014063147537644705, 0.017872934742532376, 0.008019012717783935, -0.005263861821321325, 0.029172085008335902, 0.020743379629859504]","[0.0, 0.0, 0.0, 0.11805092543363571, 0.0, 0.11386648565530777, 0.0, 0.0, 0.0, 0.04319528117775917, 0.0, 0.11805092543363571, 0.06601288914680481, 0.0, 0.0, 0.0846782699227333, 0.0, 0.11805092543363571, 0.0, 0.0, 0.0, 0.10199246555566788, 0.0, 0.0, 0.0, 0.11805092543363571, 0.0, 0.11805092543363571, 0.0, 0.0]","[0.0, 0.1, 0.1, 0.1, 0.1, 0.1, 0.1, 0.1, 0.1, 0.0, 0.0, 0.0, 0.0, 0.0, 0.0, 0.0, 0.0, 0.0, 0.0, 0.0, 0.0, 0.0, 0.0, 0.0, 0.0, 0.0, 0.0, 0.0, 0.1, 0.1]","[0.0, 0.08595949588694697, 0.09102557369013381, 0.09425431179754926, 0.09927125803312561, 0.09118414240832982, 0.09110430966441559, 0.0839280496635272, 0.08410348355820395, 0.0, 0.013527868018476987, 0.0, 0.0, 0.0, 0.0011919794207606083, 0.006815772270045192, 0.009149583965164085, 0.009188416175920226, 0.0032475558446612893, 0.004785516269336752, 0.0, 0.0, 0.007401506273846694, 0.008713309070624661, 0.008812587463463776, 0.010929085036694073, 0.0, 0.017414959232076466, 0.08410707721072752, 0.09388415904596963]","[0.0, 0.0, 0.0, 0.11805092543363571, 0.0, 0.11386648565530777, 0.0, 0.0, 0.0, 0.04319528117775917, 0.0, 0.11805092543363571, 0.06601288914680481, 0.0, 0.0, 0.0846782699227333, 0.0, 0.11805092543363571, 0.0, 0.0, 0.0, 0.10199246555566788, 0.0, 0.0, 0.0, 0.11805092543363571, 0.0, 0.11805092543363571, 0.0, 0.0]",-0.004242541409357529
95,1.0818925753588224,"[0.9884535597768389, 0.9896994220540469, 1.019402282406845, 0.9901466473076361, 1.00171194615774, 0.9918135754556914, 1.0026842849761302, 1.0115237243329573, 1.0284298954686288, 1.0123191646736078, 1.0045390092612565, 0.9978758079546503, 1.0072832048401537, 1.007216569300271, 0.9947261135357433, 0.9910263049757724, 1.0034323736746462, 0.9905599647870473, 0.986313130669537, 0.9989415499586136, 1.0001746167972354, 0.9792496261824443, 0.9902848962830766, 1.0092347194047149, 1.0140631475376447, 1.0178729347425324, 1.008019012717784, 0.9947361381786787, 1.029172085008336, 1.0207433796298595]","[0.9963308524585578, 1.0226623161031478, 1.0016545343788514, 1.0074594351874082, 0.984286235009144, 0.9915497077906782, 1.0154754601548568, 0.9971950700279693, 0.9905702641874126, 0.9749183838566507, 0.9815128247724475, 0.991160235477297, 1.0118550925711003, 1.0102988389008154, 0.9754285015672187, 1.0043904326425808, 0.9830823257924503, 0.9912504306256928, 1.0009437553903162, 0.97537566731166, 1.0073181036442136, 1.0050204964368088, 0.9808624600984273, 0.9841926062644916, 0.9953294383443895, 1.0089633770348787, 0.9981362897486886, 0.9975473925713264, 0.9858669159947684, 1.0091685062974864]","[-0.003669147541442208, 0.02266231610314784, 0.0016545343788514355, 0.007459435187408214, -0.015713764990855972, -0.008450292209321808, 0.01547546015485679, -0.0028049299720307452, -0.009429735812587436, -0.02508161614334925, -0.0184871752275525, -0.008839764522702964, 0.01185509257110029, 0.010298838900815399, -0.02457149843278128, 0.004390432642580766, -0.01691767420754975, -0.008749569374307153, 0.0009437553903162144, -0.024624332688339967, 0.007318103644213592, 0.005020496436808797, -0.019137539901572742, -0.015807393735508435, -0.004670561655610528, 0.008963377034878706, -0.001863710251311379, -0.002452607428673592, -0.014133084005231611, 0.009168506297486445]","[0.11878497153520584, 0.0, 0.11878497153520584, 0.0, 0.0835207924246788, 0.0, 0.0, 0.11878497153520584, 0.0, 0.0, 0.0, 0.0, 0.11241187900304794, 0.0, 0.0, 0.11878497153520584, 0.0, 0.0, 0.05313698574900627, 0.0, 0.0, 0.10219462215900421, 0.05481084808707237, 0.0, 0.0, 0.0, 0.0, 0.0, 0.11878497153520584, 0.0]","[0.0, 0.1, 0.1, 0.1, 0.1, 0.1, 0.1, 0.1, 0.1, 0.0, 0.0, 0.0, 0.0, 0.0, 0.0, 0.0, 0.0, 0.0, 0.0, 0.0, 0.0, 0.0, 0.0, 0.0, 0.0, 0.0, 0.0, 0.0, 0.1, 0.1]","[0.0, 0.08551888845965953, 0.10650528784583237, 0.09959201565679962, 0.09959497830887123, 0.10285020349031936, 0.09683650060084921, 0.0912592744221214, 0.08848799052401206, 0.0, 0.0, 0.002191906841109156, 0.0021397260864265584, 0.008868667795656395, 0.0, 0.015379685515064523, 0.010137378138517285, 0.0023294351211936453, 0.0, 0.00047408405228428004, 0.0015547195823061438, 0.01166891879279926, 0.0, 0.0, 0.011623738733160666, 0.0, 0.0, 0.0, 0.08757448039160838, 0.07541211964140893]","[0.11878497153520584, 0.0, 0.11878497153520584, 0.0, 0.0835207924246788, 0.0, 0.0, 0.11878497153520584, 0.0, 0.0, 0.0, 0.0, 0.11241187900304794, 0.0, 0.0, 0.11878497153520584, 0.0, 0.0, 0.05313698574900627, 0.0, 0.0, 0.10219462215900421, 0.05481084808707237, 0.0, 0.0, 0.0, 0.0, 0.0, 0.11878497153520584, 0.0]",-0.002633505161578275
96,1.086693144644456,"[0.9963308524585578, 1.0226623161031478, 1.0016545343788514, 1.0074594351874082, 0.984286235009144, 0.9915497077906782, 1.0154754601548568, 0.9971950700279693, 0.9905702641874126, 0.9749183838566507, 0.9815128247724475, 0.991160235477297, 1.0118550925711003, 1.0102988389008154, 0.9754285015672187, 1.0043904326425808, 0.9830823257924503, 0.9912504306256928, 1.0009437553903162, 0.97537566731166, 1.0073181036442136, 1.0050204964368088, 0.9808624600984273, 0.9841926062644916, 0.9953294383443895, 1.0089633770348787, 0.9981362897486886, 0.9975473925713264, 0.9858669159947684, 1.0091685062974864]","[1.0005456713301784, 1.0115982368570486, 0.9949004351657914, 0.9825566697968409, 1.032699089065992, 1.0018183913977783, 1.0011568141368197, 1.0013695721353315, 0.9833152673249386, 1.0217302925075076, 1.0033148997330807, 0.984896770379312, 1.0115302863401863, 1.0222980866542157, 1.0025959952391164, 0.9994263740611511, 1.0042831780533186, 0.9952409309153116, 0.9829333109677653, 1.0000753937306184, 1.0049966720778316, 1.027966710908898, 1.0142534643373216, 1.0099585633159072, 1.027654709310162, 0.9783288994722643, 1.0001844098108208, 0.9923497288316032, 1.0101432942960016, 1.0031094383638683]","[0.0005456713301783545, 0.011598236857048638, -0.005099564834208592, -0.017443330203159135, 0.03269908906599195, 0.001818391397778285, 0.0011568141368196727, 0.0013695721353315093, -0.01668473267506143, 0.021730292507507576, 0.003314899733080745, -0.015103229620687997, 0.011530286340186269, 0.022298086654215732, 0.0025959952391163554, -0.0005736259388489096, 0.00428317805331857, -0.004759069084688372, -0.01706668903223474, 7.539373061837829e-05, 0.00499667207783161, 0.027966710908897907, 0.014253464337321553, 0.009958563315907165, 0.027654709310162007, -0.021671100527735687, 0.00018440981082079588, -0.007650271168396783, 0.010143294296001582, 0.0031094383638683443]","[0.0, 0.0, 0.10000000149011612, 0.10000000149011612, 0.0, 0.10000000149011612, 0.0, 0.0, 0.0, 0.0, 0.10000000149011612, 0.0, 0.0, 0.10000000149011612, 0.10000000149011612, 0.10000000149011612, 0.0, 0.10000000149011612, 0.0, 0.0, 0.0, 0.10000000149011612, 0.10000000149011612, 0.0, 0.0, 0.0, 0.0, 0.0, 0.0, 0.0]","[0.0, 0.1, 0.1, 0.1, 0.1, 0.1, 0.1, 0.1, 0.1, 0.0, 0.0, 0.0, 0.0, 0.0, 0.0, 0.0, 0.0, 0.0, 0.0, 0.0, 0.0, 0.0, 0.0, 0.0, 0.0, 0.0, 0.0, 0.0, 0.1, 0.1]","[0.0, 0.09947863376973594, 0.09221000156434817, 0.08795332797113145, 0.0985084623604579, 0.08020499679765053, 0.09258419649338114, 0.09907458480270191, 0.11046182888220472, 0.005833208993897368, 0.019172150734414552, 0.005661002807968103, 0.0, 0.0, 0.009346595995273894, 0.0, 0.0, 0.0, 0.0, 0.01633182164585485, 0.0, 4.437466070904449e-05, 0.0, 0.0, 0.0, 0.0, 0.005949362097830141, 0.0010825528828753129, 0.08079850527098645, 0.09530439226857858]","[0.0, 0.0, 0.10000000149011612, 0.10000000149011612, 0.0, 0.10000000149011612, 0.0, 0.0, 0.0, 0.0, 0.10000000149011612, 0.0, 0.0, 0.10000000149011612, 0.10000000149011612, 0.10000000149011612, 0.0, 0.10000000149011612, 0.0, 0.0, 0.0, 0.10000000149011612, 0.10000000149011612, 0.0, 0.0, 0.0, 0.0, 0.0, 0.0, 0.0]",0.004051748192879108
97,1.0842800919913036,"[1.0005456713301784, 1.0115982368570486, 0.9949004351657914, 0.9825566697968409, 1.032699089065992, 1.0018183913977783, 1.0011568141368197, 1.0013695721353315, 0.9833152673249386, 1.0217302925075076, 1.0033148997330807, 0.984896770379312, 1.0115302863401863, 1.0222980866542157, 1.0025959952391164, 0.9994263740611511, 1.0042831780533186, 0.9952409309153116, 0.9829333109677653, 1.0000753937306184, 1.0049966720778316, 1.027966710908898, 1.0142534643373216, 1.0099585633159072, 1.027654709310162, 0.9783288994722643, 1.0001844098108208, 0.9923497288316032, 1.0101432942960016, 1.0031094383638683]","[1.004069334048639, 0.9962615263304241, 1.0093573613801345, 0.9987198173010156, 1.0065101446790972, 0.9855521759755299, 1.0044632238775275, 0.998306836312718, 1.0039036538997168, 1.017493246226597, 0.9946086234087124, 0.9901838991975311, 0.9966430110898233, 1.0128935965727361, 0.9939979228320304, 0.9781659926012263, 0.9811091217811327, 0.9916551987894218, 0.9798127329921724, 1.0182155514045506, 0.9990735171341366, 0.9976607275657333, 0.9934806494254113, 0.9937052327857655, 1.0152870265197629, 0.9998174409584698, 0.9993221847507866, 0.9982978653465701, 1.0077035991704666, 0.9935515371658976]","[0.004069334048639073, -0.0037384736695759146, 0.009357361380134543, -0.0012801826989844445, 0.006510144679097163, -0.01444782402447009, 0.004463223877527511, -0.0016931636872820066, 0.003903653899716808, 0.017493246226597092, -0.005391376591287633, -0.009816100802468863, -0.0033569889101766615, 0.012893596572736143, -0.006002077167969633, -0.021834007398773725, -0.018890878218867257, -0.008344801210578234, -0.02018726700782758, 0.018215551404550556, -0.0009264828658633872, -0.0023392724342666815, -0.006519350574588745, -0.006294767214234498, 0.01528702651976288, -0.00018255904153019475, -0.0006778152492133982, -0.001702134653429943, 0.007703599170466591, -0.006448462834102386]","[0.0, 0.0, 0.0, 0.09312219172716141, 0.0, 0.09115733206272125, 0.0, 0.0, 0.0, 0.11552945524454117, 0.0, 0.0, 0.11552945524454117, 0.0, 0.0, 0.11552945524454117, 0.08839788287878036, 0.0, 0.08228056132793427, 0.11552945524454117, 0.0, 0.0, 0.0, 0.0, 0.11552945524454117, 0.0, 0.0, 0.0, 0.0, 0.06739472597837448]","[0.0, 0.1, 0.1, 0.1, 0.1, 0.1, 0.1, 0.1, 0.1, 0.0, 0.0, 0.0, 0.0, 0.0, 0.0, 0.0, 0.0, 0.0, 0.0, 0.0, 0.0, 0.0, 0.0, 0.0, 0.0, 0.0, 0.0, 0.0, 0.1, 0.1]","[0.0, 0.09108450187484184, 0.09665569631691232, 0.10291782938289067, 0.09791338939293319, 0.09372314004174752, 0.10190737604740802, 0.08338796479092814, 0.10159426202665095, 0.005184406236756455, 0.0007574692597505665, 0.00505885792501235, 0.0, 0.005605920479943863, 0.0, 0.00022177492385326076, 0.0, 0.004645765495597654, 0.0, 0.0, 0.0, 0.02246379890323236, 0.0, 0.0, 0.0, 0.0, 0.0011082381724564275, 0.006767137497429081, 0.07891643572036618, 0.10008603551128917]","[0.0, 0.0, 0.0, 0.09312219172716141, 0.0, 0.09115733206272125, 0.0, 0.0, 0.0, 0.11552945524454117, 0.0, 0.0, 0.11552945524454117, 0.0, 0.0, 0.11552945524454117, 0.08839788287878036, 0.0, 0.08228056132793427, 0.11552945524454117, 0.0, 0.0, 0.0, 0.0, 0.11552945524454117, 0.0, 0.0, 0.0, 0.0, 0.06739472597837448]",-0.0026607125520767693
98,1.090576518411594,"[1.004069334048639, 0.9962615263304241, 1.0093573613801345, 0.9987198173010156, 1.0065101446790972, 0.9855521759755299, 1.0044632238775275, 0.998306836312718, 1.0039036538997168, 1.017493246226597, 0.9946086234087124, 0.9901838991975311, 0.9966430110898233, 1.0128935965727361, 0.9939979228320304, 0.9781659926012263, 0.9811091217811327, 0.9916551987894218, 0.9798127329921724, 1.0182155514045506, 0.9990735171341366, 0.9976607275657333, 0.9934806494254113, 0.9937052327857655, 1.0152870265197629, 0.9998174409584698, 0.9993221847507866, 0.9982978653465701, 1.0077035991704666, 0.9935515371658976]","[1.018393367128457, 1.0089026289848486, 1.0095155585449476, 0.9927370732137307, 0.9926037206808968, 1.0106597243108655, 1.015639625906585, 0.9906922036495092, 0.9910884070288318, 0.9917403876012636, 1.002136286805874, 0.9940477704424918, 1.0182248244931313, 1.014895784870456, 0.9891252877095453, 1.0052650070910458, 0.9922490393012084, 1.0023813849179641, 0.9925923837801821, 1.0053702533497237, 0.9985332394131943, 1.0106410221798958, 0.9952285153777962, 1.0133233068924485, 1.0168331873169685, 1.0023917099654949, 0.9828063822291843, 1.0121890964645512, 1.0196490927964525, 1.0117695564463207]","[0.018393367128457072, 0.008902628984848615, 0.009515558544947567, -0.007262926786269275, -0.007396279319103249, 0.010659724310865482, 0.015639625906584964, -0.009307796350490838, -0.00891159297116817, -0.008259612398736405, 0.002136286805874077, -0.005952229557508182, 0.018224824493131342, 0.014895784870456064, -0.010874712290454669, 0.005265007091045826, -0.007750960698791554, 0.0023813849179641355, -0.007407616219817892, 0.0053702533497237415, -0.0014667605868057265, 0.01064102217989582, -0.004771484622203781, 0.013323306892448539, 0.01683318731696848, 0.0023917099654948704, -0.01719361777081574, 0.012189096464551241, 0.01964909279645255, 0.011769556446320717]","[0.0, 0.0, 0.0, 0.0, 0.10290997475385666, 0.09873514622449875, 0.10290997475385666, 0.0, 0.0, 0.0, 0.0, 0.0, 0.10290997475385666, 0.10290997475385666, 0.0, 0.0, 0.07798503339290619, 0.0, 0.0, 0.0, 0.0, 0.0, 0.0, 0.10290997475385666, 0.0, 0.10290997475385666, 0.10290997475385666, 0.10290997475385666, 0.0, 0.0]","[0.0, 0.1, 0.1, 0.1, 0.1, 0.1, 0.1, 0.1, 0.1, 0.0, 0.0, 0.0, 0.0, 0.0, 0.0, 0.0, 0.0, 0.0, 0.0, 0.0, 0.0, 0.0, 0.0, 0.0, 0.0, 0.0, 0.0, 0.0, 0.1, 0.1]","[0.0, 0.0772275364393691, 0.08179647152811811, 0.08965469475551004, 0.09283579572462368, 0.09634053813807705, 0.10217793464643321, 0.09075767220592874, 0.08661593146189707, 0.002179689541120899, 1.416031743769084e-06, 0.0, 0.011663356328079003, 0.0005765631877195684, 8.391401314112753e-05, 0.0, 0.0, 0.0, 0.005851585815327592, 0.007999424565660773, 0.015443172654531826, 0.009738769658213972, 0.014689751591877595, 0.003587074696527131, 0.009495683938729417, 0.010105101046436017, 0.0, 0.002873542138930819, 0.09811319466934718, 0.0901911852226562]","[0.0, 0.0, 0.0, 0.0, 0.10290997475385666, 0.09873514622449875, 0.10290997475385666, 0.0, 0.0, 0.0, 0.0, 0.0, 0.10290997475385666, 0.10290997475385666, 0.0, 0.0, 0.07798503339290619, 0.0, 0.0, 0.0, 0.0, 0.0, 0.0, 0.10290997475385666, 0.0, 0.10290997475385666, 0.10290997475385666, 0.10290997475385666, 0.0, 0.0]",0.005426268717350347
99,1.0968079468226473,"[1.018393367128457, 1.0089026289848486, 1.0095155585449476, 0.9927370732137307, 0.9926037206808968, 1.0106597243108655, 1.015639625906585, 0.9906922036495092, 0.9910884070288318, 0.9917403876012636, 1.002136286805874, 0.9940477704424918, 1.0182248244931313, 1.014895784870456, 0.9891252877095453, 1.0052650070910458, 0.9922490393012084, 1.0023813849179641, 0.9925923837801821, 1.0053702533497237, 0.9985332394131943, 1.0106410221798958, 0.9952285153777962, 1.0133233068924485, 1.0168331873169685, 1.0023917099654949, 0.9828063822291843, 1.0121890964645512, 1.0196490927964525, 1.0117695564463207]","[0.9960056822424959, 0.9911988718134366, 1.008226512382189, 0.9934563383253517, 0.9984362309017111, 0.9902775888379438, 1.0258418962662827, 0.9957053870387135, 1.008083737128091, 1.0014906893525783, 1.0073763848984032, 1.001792896146916, 0.9948007668863481, 1.0047238336775806, 0.9900592852579921, 1.0096555605757644, 0.9893246828620568, 0.9860647030425189, 1.0000213701359946, 1.01939978067565, 1.027128050530253, 0.995323277988473, 0.9890819719496244, 1.0260925118860085, 0.9930214812472792, 0.9984490262233119, 1.0270963568621732, 0.9836035479785417, 1.0120963037200812, 0.9895095131918037]","[-0.00399431775750414, -0.008801128186563423, 0.008226512382188966, -0.00654366167464826, -0.0015637690982889252, -0.009722411162056188, 0.02584189626628275, -0.004294612961286526, 0.008083737128091073, 0.001490689352578345, 0.007376384898403199, 0.0017928961469160232, -0.005199233113651891, 0.004723833677580558, -0.009940714742007861, 0.009655560575764444, -0.01067531713794323, -0.01393529695748108, 2.1370135994569495e-05, 0.01939978067565007, 0.027128050530252912, -0.004676722011527024, -0.010918028050375561, 0.026092511886008474, -0.006978518752720819, -0.0015509737766881138, 0.027096356862173154, -0.01639645202145834, 0.012096303720081192, -0.010490486808196309]","[0.0, 0.10436826944351196, 0.0, 0.06869081407785416, 0.0, 0.0, 0.10831023007631302, 0.0, 0.0, 0.0, 0.0, 0.09683782607316971, 0.0, 0.0, 0.0, 0.0, 0.0, 0.0, 0.0, 0.10831023007631302, 0.10831023007631302, 0.0, 0.10831023007631302, 0.0, 0.0, 0.10753895342350006, 0.08101306855678558, 0.10831023007631302, 0.0, 0.0]","[0.0, 0.1, 0.1, 0.1, 0.1, 0.1, 0.1, 0.1, 0.1, 0.0, 0.0, 0.0, 0.0, 0.0, 0.0, 0.0, 0.0, 0.0, 0.0, 0.0, 0.0, 0.0, 0.0, 0.0, 0.0, 0.0, 0.0, 0.0, 0.1, 0.1]","[0.0, 0.10273954149076465, 0.07915935120441094, 0.08960636635236323, 0.10110508382292277, 0.08248539591451548, 0.10506500018141383, 0.09174527997497114, 0.0915134597057715, 0.0, 0.003898614189820135, 0.0007906656001251415, 0.009593862238826554, 0.0, 0.005325914718091731, 0.0, 0.0, 0.014070250613204705, 0.019018091726118933, 0.0, 0.002910038312861835, 0.0025799357679231155, 0.010374921165000866, 0.01671711090028403, 0.0, 0.007303815174628555, 0.0, 0.0, 0.07414023192910943, 0.08985706901687147]","[0.0, 0.10436825454235077, 0.0, 0.06869080662727356, 0.0, 0.0, 0.10831021517515182, 0.0, 0.0, 0.0, 0.0, 0.09683781117200851, 0.0, 0.0, 0.0, 0.0, 0.0, 0.0, 0.0, 0.10831021517515182, 0.10831021517515182, 0.0, 0.10831021517515182, 0.0, 0.0, 0.10753893852233887, 0.08101306110620499, 0.10831021517515182, 0.0, 0.0]",0.0052627764107798245
