step,portfolio_value,prev_prices,curr_prices,returns,action,expert_action,sub_expert_action,real_action,reward
1,1.0045356203007774,"[1.001683190305992, 1.0060002143260611, 1.0127452558926062, 0.997251172233344, 0.9909487188978141, 0.9934194791329434, 0.9896287877316763, 1.008552702301648, 1.0122785957528528, 0.9928425837428949, 1.0115191246243824, 1.0119156724359593, 0.9941414504234509, 0.9987254323741204, 0.9931627085983785, 0.9938932871745472, 0.968926766025256, 0.9812218573730707, 0.9939854820082181, 0.996128938949323, 1.0108578876502248, 0.9950452854996008, 0.9827273386456872, 1.0123915453501202, 0.9859258390771175, 0.9965993589456787, 0.9997326335966064, 0.9960904014100491, 1.0013541840673779, 1.0023906426910394]","[1.009839077276251, 0.9953357172992819, 1.0102407331743328, 1.0085274980258363, 1.0237125380856553, 1.015561002619508, 1.0125425756787845, 1.016855908330678, 0.9931300295054274, 0.9934354266585952, 1.0202644200872009, 1.0312403080881303, 0.99687348631951, 1.000922833488321, 0.9998191336999351, 0.9996855482281997, 0.9954321841618581, 1.002639760912148, 1.0182949664268222, 1.0002291672981192, 1.0051906224213996, 0.9791972257098923, 1.0109354014101952, 1.0102051714460427, 1.0237439916857685, 1.021019569460836, 0.9754637909218136, 1.0054617959525778, 1.005501824315869, 1.00116715498742]","[0.009839077276251107, -0.004664282700718059, 0.010240733174332828, 0.0085274980258363, 0.02371253808565532, 0.015561002619508102, 0.012542575678784473, 0.01685590833067807, -0.006869970494572608, -0.006564573341404811, 0.020264420087200863, 0.031240308088130275, -0.003126513680489995, 0.0009228334883208955, -0.0001808663000648636, -0.00031445177180033923, -0.00456781583814192, 0.0026397609121480148, 0.018294966426822157, 0.00022916729811917058, 0.00519062242139956, -0.020802774290107684, 0.010935401410195222, 0.010205171446042716, 0.023743991685768462, 0.02101956946083594, -0.024536209078186433, 0.005461795952577786, 0.005501824315869097, 0.0011671549874199272]","[0.0, 0.10000000149011612, 0.0, 0.10000000149011612, 0.0, 0.0, 0.10000000149011612, 0.0, 0.10000000149011612, 0.0, 0.0, 0.0, 0.0, 0.0, 0.0, 0.0, 0.0, 0.0, 0.0, 0.0, 0.10000000149011612, 0.10000000149011612, 0.0, 0.0, 0.10000000149011612, 0.10000000149011612, 0.0, 0.0, 0.10000000149011612, 0.10000000149011612]","[0.0, 0.1, 0.1, 0.1, 0.1, 0.1, 0.1, 0.1, 0.1, 0.0, 0.0, 0.0, 0.0, 0.0, 0.0, 0.0, 0.0, 0.0, 0.0, 0.0, 0.0, 0.0, 0.0, 0.0, 0.0, 0.0, 0.0, 0.0, 0.1, 0.1]","[0.0, 0.08296462607314782, 0.09657954904116155, 0.0952049571704257, 0.09167529375061904, 0.0840903256507119, 0.08396990066340237, 0.09180182682304143, 0.08346271714415318, 0.0, 0.0029822263549144656, 0.0016738165140891903, 0.0, 0.0, 0.012085669008301214, 0.003807911201579352, 0.0006047711128782383, 0.02626939543140145, 0.006478650256615846, 0.0, 0.0024609389200646497, 0.0, 0.0, 0.013980847639095777, 0.0, 0.0, 0.0, 0.013766267146133935, 0.10586367464102198, 0.10027663545724094]","[0.0, 0.09999998658895493, 0.0, 0.09999998658895493, 0.0, 0.0, 0.09999998658895493, 0.0, 0.09999998658895493, 0.0, 0.0, 0.0, 0.0, 0.0, 0.0, 0.0, 0.0, 0.0, 0.0, 0.0, 0.09999998658895493, 0.09999998658895493, 0.0, 0.0, 0.09999998658895493, 0.09999998658895493, 0.0, 0.0, 0.09999998658895493, 0.09999998658895493]",0.004525231866706901
2,1.0037249596803843,"[1.009839077276251, 0.9953357172992819, 1.0102407331743328, 1.0085274980258363, 1.0237125380856553, 1.015561002619508, 1.0125425756787845, 1.016855908330678, 0.9931300295054274, 0.9934354266585952, 1.0202644200872009, 1.0312403080881303, 0.99687348631951, 1.000922833488321, 0.9998191336999351, 0.9996855482281997, 0.9954321841618581, 1.002639760912148, 1.0182949664268222, 1.0002291672981192, 1.0051906224213996, 0.9791972257098923, 1.0109354014101952, 1.0102051714460427, 1.0237439916857685, 1.021019569460836, 0.9754637909218136, 1.0054617959525778, 1.005501824315869, 1.00116715498742]","[0.9831879815160522, 0.9882068601770426, 1.002808730046965, 0.9865618414066544, 1.0018486553679873, 0.9688969165683488, 1.0148937360330348, 0.9966050667023482, 1.012090968892308, 0.9902383958242611, 0.9940565414242671, 0.9903068667439435, 1.0043818182024802, 0.9990299974754991, 1.0067859796853906, 0.9730814360614347, 0.9976550170039251, 0.9856513322346679, 1.0123864384510057, 1.0003426837078213, 1.0047206805638316, 0.9941823788867398, 1.0082259429201779, 1.0184387772283112, 0.9959667930191823, 0.9962678961907088, 1.0186438934649198, 1.0021875737956842, 1.011004591191518, 1.0018520758533225]","[-0.016812018483947755, -0.011793139822957377, 0.0028087300469650245, -0.013438158593345628, 0.0018486553679872841, -0.031103083431651246, 0.014893736033034788, -0.0033949332976518365, 0.012090968892308096, -0.009761604175738903, -0.005943458575732863, -0.009693133256056474, 0.004381818202480181, -0.000970002524500857, 0.006785979685390631, -0.026918563938565288, -0.0023449829960748847, -0.014348667765332057, 0.012386438451005732, 0.00034268370782131186, 0.00472068056383157, -0.00581762111326023, 0.008225942920177864, 0.01843877722831122, -0.004033206980817661, -0.0037321038092912318, 0.018643893464919792, 0.002187573795684239, 0.011004591191517976, 0.0018520758533224768]","[0.0, 0.0, 0.10000000894069672, 0.10000000894069672, 0.0, 0.0, 0.0, 0.0, 0.0, 0.0, 0.10000000894069672, 0.10000000894069672, 0.0, 0.10000000894069672, 0.0, 0.0, 0.10000000894069672, 0.0, 0.10000000894069672, 0.0, 0.0, 0.0, 0.0, 0.0, 0.0, 0.10000000894069672, 0.0, 0.0, 0.10000000894069672, 0.10000000894069672]","[0.0, 0.1, 0.1, 0.1, 0.1, 0.1, 0.1, 0.1, 0.1, 0.0, 0.0, 0.0, 0.0, 0.0, 0.0, 0.0, 0.0, 0.0, 0.0, 0.0, 0.0, 0.0, 0.0, 0.0, 0.0, 0.0, 0.0, 0.0, 0.1, 0.1]","[0.00025278388138029066, 0.1069576691785378, 0.08682254414521107, 0.08511410860425783, 0.08141112997427678, 0.09685785444224321, 0.09770266240317166, 0.085570858779683, 0.10166934928769111, 0.004918238670546559, 0.0, 0.0, 0.0009537590280057656, 0.004938116433381849, 0.0, 0.0, 0.0, 0.019913604271603134, 0.0, 0.0011972365438870018, 0.014286594490627143, 0.0, 0.011966951066678062, 0.021096490283882077, 0.004676044884173437, 0.0011732620891259514, 0.0, 0.0, 0.07911133062428184, 0.09340941091735448]","[0.0, 0.0, 0.09999999403953552, 0.09999999403953552, 0.0, 0.0, 0.0, 0.0, 0.0, 0.0, 0.09999999403953552, 0.09999999403953552, 0.0, 0.09999999403953552, 0.0, 0.0, 0.09999999403953552, 0.0, 0.09999999403953552, 0.0, 0.0, 0.0, 0.0, 0.0, 0.0, 0.09999999403953552, 0.0, 0.0, 0.09999999403953552, 0.09999999403953552]",-0.0008073858259980097
3,1.0063739653251023,"[0.9831879815160522, 0.9882068601770426, 1.002808730046965, 0.9865618414066544, 1.0018486553679873, 0.9688969165683488, 1.0148937360330348, 0.9966050667023482, 1.012090968892308, 0.9902383958242611, 0.9940565414242671, 0.9903068667439435, 1.0043818182024802, 0.9990299974754991, 1.0067859796853906, 0.9730814360614347, 0.9976550170039251, 0.9856513322346679, 1.0123864384510057, 1.0003426837078213, 1.0047206805638316, 0.9941823788867398, 1.0082259429201779, 1.0184387772283112, 0.9959667930191823, 0.9962678961907088, 1.0186438934649198, 1.0021875737956842, 1.011004591191518, 1.0018520758533225]","[1.0134052848626482, 0.9858173232683518, 1.0043213265872457, 0.9740547977903614, 1.0027501396741914, 1.0143986090856203, 1.013566621275469, 0.9971742884170538, 1.0061891747704725, 1.0194310820770245, 1.0239199234903364, 1.012535725574248, 1.0039149375004064, 1.0153324782027957, 1.0015331457503722, 0.990222714232795, 1.0158997803972531, 1.009924228431525, 0.9900238706610472, 0.9902458343001299, 0.9868757133280558, 0.9841180451676935, 0.9885915929668535, 1.017407238128822, 0.988295264384141, 0.9889284123872704, 1.010442414942383, 1.015054272760928, 0.9999523466437551, 0.9998785953048832]","[0.013405284862648248, -0.014182676731648192, 0.004321326587245711, -0.025945202209638585, 0.002750139674191354, 0.014398609085620295, 0.013566621275469037, -0.0028257115829462, 0.006189174770472539, 0.019431082077024486, 0.023919923490336448, 0.01253572557424798, 0.00391493750040639, 0.015332478202795707, 0.0015331457503722223, -0.009777285767205046, 0.01589978039725315, 0.009924228431525073, -0.009976129338952755, -0.009754165699870088, -0.013124286671944208, -0.015881954832306477, -0.011408407033146495, 0.017407238128821945, -0.011704735615859052, -0.011071587612729639, 0.01044241494238296, 0.015054272760927967, -4.76533562449033e-05, -0.00012140469511678909]","[0.0, 0.0, 0.0, 0.0, 0.0, 0.0, 0.10000000894069672, 0.10000000894069672, 0.10000000894069672, 0.0, 0.0, 0.0, 0.0, 0.10000000894069672, 0.10000000894069672, 0.0, 0.10000000894069672, 0.0, 0.0, 0.0, 0.10000000894069672, 0.10000000894069672, 0.0, 0.10000000894069672, 0.10000000894069672, 0.0, 0.0, 0.0, 0.0, 0.0]","[0.0, 0.1, 0.1, 0.1, 0.1, 0.1, 0.1, 0.1, 0.1, 0.0, 0.0, 0.0, 0.0, 0.0, 0.0, 0.0, 0.0, 0.0, 0.0, 0.0, 0.0, 0.0, 0.0, 0.0, 0.0, 0.0, 0.0, 0.0, 0.1, 0.1]","[0.018094687173768557, 0.10279495989206168, 0.0741787420481446, 0.10251783477954153, 0.09123351271981718, 0.09907243656968044, 0.09882692247064606, 0.08057981681115765, 0.07958924852937055, 0.0, 0.0, 0.011885069144836877, 0.0, 0.006666340574956495, 0.0, 0.008679434311776228, 0.0, 0.012262575887505818, 0.012941888991828123, 0.0, 0.0, 0.0003788694018304603, 0.0, 0.001240993214778212, 0.0, 0.0, 0.01408255488028347, 0.0, 0.08548350600753665, 0.0994906065904793]","[0.0, 0.0, 0.0, 0.0, 0.0, 0.0, 0.09999999403953552, 0.09999999403953552, 0.09999999403953552, 0.0, 0.0, 0.0, 0.0, 0.09999999403953552, 0.09999999403953552, 0.0, 0.09999999403953552, 0.0, 0.0, 0.0, 0.09999999403953552, 0.09999999403953552, 0.0, 0.09999999403953552, 0.09999999403953552, 0.0, 0.0, 0.0, 0.0, 0.0]",0.0026190544628850714
4,1.0044674398004527,"[1.0134052848626482, 0.9858173232683518, 1.0043213265872457, 0.9740547977903614, 1.0027501396741914, 1.0143986090856203, 1.013566621275469, 0.9971742884170538, 1.0061891747704725, 1.0194310820770245, 1.0239199234903364, 1.012535725574248, 1.0039149375004064, 1.0153324782027957, 1.0015331457503722, 0.990222714232795, 1.0158997803972531, 1.009924228431525, 0.9900238706610472, 0.9902458343001299, 0.9868757133280558, 0.9841180451676935, 0.9885915929668535, 1.017407238128822, 0.988295264384141, 0.9889284123872704, 1.010442414942383, 1.015054272760928, 0.9999523466437551, 0.9998785953048832]","[1.0022362492009667, 1.0004934671354313, 1.0148908627375328, 0.9974905286961289, 0.9820411270181042, 1.0154278361758158, 1.0188629136169862, 0.9930508821589992, 1.0127841095753238, 1.02425558266995, 0.9852525564438331, 0.9900434047492029, 1.0010050368341372, 0.9933427183355187, 1.0014986919597324, 1.0443358558991847, 0.9968924897913677, 1.003343930469158, 0.9888900123417897, 0.9987456932968009, 0.9939659294174339, 0.9893899516367946, 1.0044357106153352, 1.0099647985191056, 1.0110027169633409, 0.9938800745817848, 1.004741817721611, 1.0260822433212435, 0.9880463511666524, 1.0319492391076832]","[0.0022362492009666557, 0.0004934671354313025, 0.014890862737532817, -0.002509471303871136, -0.0179588729818958, 0.015427836175815779, 0.01886291361698622, -0.006949117841000829, 0.012784109575323832, 0.024255582669949982, -0.014747443556166862, -0.009956595250797062, 0.0010050368341372184, -0.006657281664481318, 0.001498691959732401, 0.04433585589918465, -0.0031075102086323136, 0.0033439304691580407, -0.011109987658210252, -0.0012543067031991484, -0.006034070582566109, -0.010610048363205449, 0.004435710615335209, 0.009964798519105589, 0.011002716963340875, -0.006119925418215155, 0.004741817721610975, 0.026082243321243537, -0.011953648833347597, 0.031949239107683214]","[0.11640224605798721, 0.0680854544043541, 0.09042716771364212, 0.0, 0.0, 0.0, 0.0, 0.11640224605798721, 0.0, 0.0, 0.11640224605798721, 0.0, 0.0, 0.0, 0.11640224605798721, 0.0, 0.0, 0.09445770829916, 0.09772960096597672, 0.0, 0.0, 0.0, 0.067288838326931, 0.0, 0.0, 0.11640224605798721, 0.0, 0.0, 0.0, 0.0]","[0.0, 0.1, 0.1, 0.1, 0.1, 0.1, 0.1, 0.1, 0.1, 0.0, 0.0, 0.0, 0.0, 0.0, 0.0, 0.0, 0.0, 0.0, 0.0, 0.0, 0.0, 0.0, 0.0, 0.0, 0.0, 0.0, 0.0, 0.0, 0.1, 0.1]","[0.0, 0.08480587386925931, 0.07774584546223849, 0.08861374928836817, 0.08184018757661778, 0.09020031064177896, 0.11382363378236, 0.08451307543040758, 0.07777774006562692, 0.0, 0.001769435887511383, 0.005989464686120293, 0.022204650543734238, 0.009635686752161579, 0.010173592169106257, 0.011658038282970577, 0.0, 0.011497077821634763, 0.0, 0.0109806773173946, 0.0, 0.0, 0.0, 0.0, 0.001551844271561095, 0.010775680042391949, 0.005507690504152249, 0.02151162925970776, 0.08662289599127651, 0.09080122035361936]","[0.11640224605798721, 0.0680854544043541, 0.09042716771364212, 0.0, 0.0, 0.0, 0.0, 0.11640224605798721, 0.0, 0.0, 0.11640224605798721, 0.0, 0.0, 0.0, 0.11640224605798721, 0.0, 0.0, 0.09445770829916, 0.09772960096597672, 0.0, 0.0, 0.0, 0.067288838326931, 0.0, 0.0, 0.11640224605798721, 0.0, 0.0, 0.0, 0.0]",-0.002483154540767156
5,1.0025056999532522,"[1.0022362492009667, 1.0004934671354313, 1.0148908627375328, 0.9974905286961289, 0.9820411270181042, 1.0154278361758158, 1.0188629136169862, 0.9930508821589992, 1.0127841095753238, 1.02425558266995, 0.9852525564438331, 0.9900434047492029, 1.0010050368341372, 0.9933427183355187, 1.0014986919597324, 1.0443358558991847, 0.9968924897913677, 1.003343930469158, 0.9888900123417897, 0.9987456932968009, 0.9939659294174339, 0.9893899516367946, 1.0044357106153352, 1.0099647985191056, 1.0110027169633409, 0.9938800745817848, 1.004741817721611, 1.0260822433212435, 0.9880463511666524, 1.0319492391076832]","[1.018219984980892, 0.9939211837742559, 0.97846023406649, 0.9854007776131973, 1.0048930684184423, 0.9957487453109111, 0.9822703998965643, 1.0049936663585903, 0.9893265933975735, 0.9953167849811382, 0.9803231537523394, 0.9917294222705285, 1.0095950849092288, 1.0045842449762654, 0.9990062317337455, 1.017598096291405, 1.0080648539504384, 0.9974851309094911, 0.9953364709632008, 1.0000808760553732, 1.0172666055416073, 0.9870661388493019, 0.994538448160013, 1.0140175371879996, 1.0014280567641296, 1.004177315653893, 1.0085637039707835, 0.988978719112183, 0.9885673688893978, 0.9863796705747403]","[0.018219984980891946, -0.0060788162257441325, -0.021539765933510036, -0.014599222386802668, 0.004893068418442281, -0.004251254689088935, -0.017729600103435716, 0.004993666358590332, -0.01067340660242655, -0.004683215018861819, -0.01967684624766064, -0.008270577729471484, 0.00959508490922878, 0.004584244976265417, -0.0009937682662545244, 0.017598096291405074, 0.008064853950438433, -0.002514869090508909, -0.00466352903679923, 8.087605537321352e-05, 0.017266605541607305, -0.012933861150698056, -0.005461551839986978, 0.014017537187999585, 0.0014280567641296038, 0.004177315653892899, 0.008563703970783543, -0.011021280887816953, -0.01143263111060222, -0.013620329425259703]","[0.10444352775812149, 0.0, 0.10444352775812149, 0.0, 0.0, 0.08205723762512207, 0.0, 0.10444352775812149, 0.10135560482740402, 0.0, 0.0, 0.0, 0.0, 0.10444352775812149, 0.0, 0.0, 0.0, 0.0, 0.0, 0.0, 0.0, 0.10009147971868515, 0.0, 0.0, 0.0, 0.08983448892831802, 0.10444352775812149, 0.10444352775812149, 0.0, 0.0]","[0.0, 0.1, 0.1, 0.1, 0.1, 0.1, 0.1, 0.1, 0.1, 0.0, 0.0, 0.0, 0.0, 0.0, 0.0, 0.0, 0.0, 0.0, 0.0, 0.0, 0.0, 0.0, 0.0, 0.0, 0.0, 0.0, 0.0, 0.0, 0.1, 0.1]","[0.0010967761988802166, 0.09333608485871975, 0.09582103053190598, 0.09375805274438193, 0.11032062561597852, 0.10305265406769314, 0.08972749229932851, 0.09347475582306256, 0.09363248906050267, 0.0, 0.0, 0.0027382912739936606, 0.00048815154755517225, 0.0, 0.0013712571570968616, 0.0016787394627363309, 0.0, 0.002543219539946269, 0.00702146966763745, 0.0, 0.0, 0.006119573633511546, 0.01156066063017926, 0.025104493400468122, 0.0, 0.0, 0.0, 0.009758067669306585, 0.0866125386118723, 0.07078357620524321]","[0.10444352775812149, 0.0, 0.10444352775812149, 0.0, 0.0, 0.08205723762512207, 0.0, 0.10444352775812149, 0.10135560482740402, 0.0, 0.0, 0.0, 0.0, 0.10444352775812149, 0.0, 0.0, 0.0, 0.0, 0.0, 0.0, 0.0, 0.10009147971868515, 0.0, 0.0, 0.0, 0.08983448892831802, 0.10444352775812149, 0.10444352775812149, 0.0, 0.0]",-0.0022319612760709666
6,1.0069625883265219,"[1.018219984980892, 0.9939211837742559, 0.97846023406649, 0.9854007776131973, 1.0048930684184423, 0.9957487453109111, 0.9822703998965643, 1.0049936663585903, 0.9893265933975735, 0.9953167849811382, 0.9803231537523394, 0.9917294222705285, 1.0095950849092288, 1.0045842449762654, 0.9990062317337455, 1.017598096291405, 1.0080648539504384, 0.9974851309094911, 0.9953364709632008, 1.0000808760553732, 1.0172666055416073, 0.9870661388493019, 0.994538448160013, 1.0140175371879996, 1.0014280567641296, 1.004177315653893, 1.0085637039707835, 0.988978719112183, 0.9885673688893978, 0.9863796705747403]","[1.001154222672692, 1.0024833239943447, 1.0276563513271486, 0.9983351290853125, 1.022221288477633, 1.0158859483824414, 1.0196374923758198, 0.9991632332114392, 0.971538188407678, 1.0208587352342924, 1.0062151721750396, 1.0005850911210026, 0.9966009829007002, 1.0065955425241566, 0.973473778671982, 1.0033745296078946, 0.9939839397411648, 1.0024652685762805, 1.01841117016622, 0.9859609051942221, 1.0124947862577782, 0.9929518298826707, 0.9984502756023999, 0.9977509809791255, 0.9861321191005185, 0.9819341982876663, 0.9823430207933564, 0.9797855586495006, 1.0013015763078723, 1.003215846071015]","[0.0011542226726919402, 0.0024833239943446994, 0.02765635132714861, -0.0016648709146874774, 0.02222128847763294, 0.015885948382441395, 0.0196374923758198, -0.0008367667885608165, -0.028461811592321973, 0.02085873523429238, 0.0062151721750396405, 0.0005850911210025789, -0.003399017099299795, 0.006595542524156617, -0.026526221328017963, 0.0033745296078946385, -0.006016060258835165, 0.0024652685762804882, 0.01841117016621996, -0.014039094805777919, 0.012494786257778223, -0.007048170117329278, -0.0015497243976001496, -0.0022490190208744876, -0.013867880899481544, -0.01806580171233374, -0.017656979206643553, -0.020214441350499435, 0.0013015763078723097, 0.003215846071014994]","[0.0, 0.0, 0.0, 0.0, 0.0, 0.0901014432311058, 0.0, 0.0, 0.0, 0.08339117467403412, 0.10634718835353851, 0.0, 0.10634718835353851, 0.0, 0.0, 0.0, 0.10634718835353851, 0.10634718835353851, 0.10634718835353851, 0.0, 0.0, 0.0820770189166069, 0.10634718835353851, 0.0, 0.0, 0.0, 0.0, 0.0, 0.10634718835353851, 0.0]","[0.0, 0.1, 0.1, 0.1, 0.1, 0.1, 0.1, 0.1, 0.1, 0.0, 0.0, 0.0, 0.0, 0.0, 0.0, 0.0, 0.0, 0.0, 0.0, 0.0, 0.0, 0.0, 0.0, 0.0, 0.0, 0.0, 0.0, 0.0, 0.1, 0.1]","[0.0, 0.08169319966175388, 0.09256860099752848, 0.0956483542543899, 0.08386681429329695, 0.07373286872577628, 0.10086983136215363, 0.0989266230719269, 0.08411703446605472, 0.008363822084680119, 0.0, 0.004970284315071396, 0.015079637455624588, 0.005734767574821941, 0.0, 0.0, 0.012100196469445613, 0.009173266090828405, 0.0063962412151322215, 0.0034120984258104213, 0.0, 0.011807484697243126, 0.0, 0.0068685625803638056, 0.0, 0.0, 0.006286210782264682, 0.0022071125419800813, 0.09478919033064039, 0.10138779860321234]","[0.0, 0.0, 0.0, 0.0, 0.0, 0.0901014506816864, 0.0, 0.0, 0.0, 0.08339118212461472, 0.10634719580411911, 0.0, 0.10634719580411911, 0.0, 0.0, 0.0, 0.10634719580411911, 0.10634719580411911, 0.10634719580411911, 0.0, 0.0, 0.0820770263671875, 0.10634719580411911, 0.0, 0.0, 0.0, 0.0, 0.0, 0.10634719580411911, 0.0]",0.004051177047787437
7,1.0089909476001218,"[1.001154222672692, 1.0024833239943447, 1.0276563513271486, 0.9983351290853125, 1.022221288477633, 1.0158859483824414, 1.0196374923758198, 0.9991632332114392, 0.971538188407678, 1.0208587352342924, 1.0062151721750396, 1.0005850911210026, 0.9966009829007002, 1.0065955425241566, 0.973473778671982, 1.0033745296078946, 0.9939839397411648, 1.0024652685762805, 1.01841117016622, 0.9859609051942221, 1.0124947862577782, 0.9929518298826707, 0.9984502756023999, 0.9977509809791255, 0.9861321191005185, 0.9819341982876663, 0.9823430207933564, 0.9797855586495006, 1.0013015763078723, 1.003215846071015]","[1.0143190803316364, 1.0016451238327844, 1.0108889240179684, 0.9933387344787998, 1.0067542871250603, 1.003866826354269, 1.0009224339736602, 0.9826242386716691, 1.0016773067018752, 0.9941706083013012, 0.9894829190524755, 1.0130747213220528, 0.9846826742803316, 0.9854931810206337, 1.011433570013434, 0.9916901785165936, 0.9973455734451855, 0.9985838704913532, 0.999169106268284, 0.981521494267657, 1.005397341482076, 1.0056759003653188, 1.0158149061397679, 1.0244121604024394, 1.0158319156384048, 0.9886931443023259, 1.0051800285277583, 0.9958342491036144, 1.0228088084685438, 1.025294414984433]","[0.014319080331636425, 0.0016451238327843676, 0.010888924017968371, -0.006661265521200166, 0.006754287125060321, 0.0038668263542689374, 0.0009224339736602083, -0.017375761328330852, 0.0016773067018751586, -0.005829391698698783, -0.01051708094752446, 0.013074721322052785, -0.015317325719668373, -0.014506818979366343, 0.011433570013434036, -0.008309821483406421, -0.002654426554814515, -0.0014161295086467796, -0.0008308937317159648, -0.018478505732342998, 0.005397341482076046, 0.005675900365318842, 0.01581490613976788, 0.02441216040243943, 0.015831915638404803, -0.01130685569767409, 0.00518002852775834, -0.0041657508963856005, 0.02280880846854383, 0.025294414984432967]","[0.0, 0.0, 0.0, 0.0, 0.10086265951395035, 0.0, 0.0, 0.0, 0.0, 0.09223615378141403, 0.10086265951395035, 0.0, 0.10086265951395035, 0.0, 0.0, 0.0, 0.10086265951395035, 0.10086265951395035, 0.0, 0.0, 0.10086265951395035, 0.0, 0.0, 0.10086265951395035, 0.0, 0.0, 0.0, 0.10086265951395035, 0.10086265951395035, 0.0]","[0.0, 0.1, 0.1, 0.1, 0.1, 0.1, 0.1, 0.1, 0.1, 0.0, 0.0, 0.0, 0.0, 0.0, 0.0, 0.0, 0.0, 0.0, 0.0, 0.0, 0.0, 0.0, 0.0, 0.0, 0.0, 0.0, 0.0, 0.0, 0.1, 0.1]","[0.0, 0.10669483672348751, 0.08248596519811859, 0.08328839273006128, 0.08359358835293533, 0.09588314575792113, 0.08817966873372986, 0.08662554234668116, 0.08811589870712899, 0.00875487759682824, 0.002283686395986346, 0.019148867573755758, 0.007320925994978446, 0.012195126575175363, 0.002460993087043613, 0.005718896322151646, 0.015058670700804947, 0.0, 0.015372411104935509, 0.0, 0.007447681257056936, 0.0069329242908817285, 0.0013094845680846983, 0.0004603061293473279, 0.0025116950034243324, 0.0, 0.0, 0.0, 0.08082585383973696, 0.09733056100974427]","[0.0, 0.0, 0.0, 0.0, 0.10086264461278915, 0.0, 0.0, 0.0, 0.0, 0.09223614633083344, 0.10086264461278915, 0.0, 0.10086264461278915, 0.0, 0.0, 0.0, 0.10086264461278915, 0.10086264461278915, 0.0, 0.0, 0.10086264461278915, 0.0, 0.0, 0.10086264461278915, 0.0, 0.0, 0.0, 0.10086264461278915, 0.10086264461278915, 0.0]",0.0016899437949567636
8,1.000337599090999,"[1.0143190803316364, 1.0016451238327844, 1.0108889240179684, 0.9933387344787998, 1.0067542871250603, 1.003866826354269, 1.0009224339736602, 0.9826242386716691, 1.0016773067018752, 0.9941706083013012, 0.9894829190524755, 1.0130747213220528, 0.9846826742803316, 0.9854931810206337, 1.011433570013434, 0.9916901785165936, 0.9973455734451855, 0.9985838704913532, 0.999169106268284, 0.981521494267657, 1.005397341482076, 1.0056759003653188, 1.0158149061397679, 1.0244121604024394, 1.0158319156384048, 0.9886931443023259, 1.0051800285277583, 0.9958342491036144, 1.0228088084685438, 1.025294414984433]","[1.0120944683620465, 0.9725831920843457, 1.0071498625558866, 0.986992442349081, 0.9940938583495219, 0.9869434922682783, 1.0063439156207512, 0.997148822087765, 1.0214436568315934, 1.0174460726467263, 1.0075181176826773, 1.0051181060979537, 1.0001038089188679, 1.0016862194016893, 0.9871690631450852, 1.0262927512114763, 0.9902685949478963, 0.9959785210262971, 0.9799767080427592, 1.0230234811644778, 1.0135434016792364, 0.9681652909879251, 1.0148635155660832, 1.016356780291452, 0.9877749513115386, 0.9796555924099276, 1.0121519513522057, 0.9908978009538413, 0.9829078048375809, 0.9905059554864716]","[0.012094468362046529, -0.027416807915654262, 0.007149862555886566, -0.013007557650918988, -0.005906141650478092, -0.013056507731721734, 0.006343915620751206, -0.0028511779122349923, 0.02144365683159344, 0.017446072646726263, 0.007518117682677294, 0.005118106097953712, 0.0001038089188678537, 0.0016862194016893373, -0.012830936854914765, 0.02629275121147634, -0.009731405052103681, -0.004021478973702863, -0.02002329195724084, 0.023023481164477833, 0.0135434016792364, -0.03183470901207486, 0.01486351556608323, 0.016356780291451933, -0.012225048688461415, -0.02034440759007239, 0.012151951352205703, -0.009102199046158721, -0.01709219516241911, -0.009494044513528421]","[0.0, 0.09999999403953552, 0.09999999403953552, 0.0, 0.09999999403953552, 0.0, 0.0, 0.0, 0.0, 0.0, 0.0, 0.0, 0.0, 0.0, 0.09999999403953552, 0.0, 0.09999999403953552, 0.0, 0.09999999403953552, 0.09999999403953552, 0.0, 0.09999999403953552, 0.0, 0.0, 0.0, 0.09999999403953552, 0.09999999403953552, 0.0, 0.0, 0.0]","[0.0, 0.1, 0.1, 0.1, 0.1, 0.1, 0.1, 0.1, 0.1, 0.0, 0.0, 0.0, 0.0, 0.0, 0.0, 0.0, 0.0, 0.0, 0.0, 0.0, 0.0, 0.0, 0.0, 0.0, 0.0, 0.0, 0.0, 0.0, 0.1, 0.1]","[0.00033278689515758484, 0.10419674003660057, 0.09127756844315735, 0.092269449253608, 0.0937527119033707, 0.09702543624411043, 0.08472701290865306, 0.10522824457704916, 0.08342293823064696, 0.0, 0.0025748635886446865, 0.011399642765312348, 0.0016782535223732343, 0.0, 0.020973306427920595, 0.0, 0.0, 0.0, 0.008613650559143968, 0.0043942523649134705, 0.0, 0.0, 0.0, 0.009063449477120471, 0.009574551018909503, 0.0, 0.0, 0.0, 0.09456086954329652, 0.08493427224001143]","[0.0, 0.09999999403953552, 0.09999999403953552, 0.0, 0.09999999403953552, 0.0, 0.0, 0.0, 0.0, 0.0, 0.0, 0.0, 0.0, 0.0, 0.09999999403953552, 0.0, 0.09999999403953552, 0.0, 0.09999999403953552, 0.09999999403953552, 0.0, 0.09999999403953552, 0.0, 0.0, 0.0, 0.09999999403953552, 0.09999999403953552, 0.0, 0.0, 0.0]",-0.00881032679000995
9,1.0000866956310315,"[1.0120944683620465, 0.9725831920843457, 1.0071498625558866, 0.986992442349081, 0.9940938583495219, 0.9869434922682783, 1.0063439156207512, 0.997148822087765, 1.0214436568315934, 1.0174460726467263, 1.0075181176826773, 1.0051181060979537, 1.0001038089188679, 1.0016862194016893, 0.9871690631450852, 1.0262927512114763, 0.9902685949478963, 0.9959785210262971, 0.9799767080427592, 1.0230234811644778, 1.0135434016792364, 0.9681652909879251, 1.0148635155660832, 1.016356780291452, 0.9877749513115386, 0.9796555924099276, 1.0121519513522057, 0.9908978009538413, 0.9829078048375809, 0.9905059554864716]","[0.9934387616330937, 1.01790016730704, 0.9963588325271162, 1.009488384321808, 1.004991329378438, 0.9963980529308752, 1.0133283609947776, 1.0047500397011278, 1.008286553205259, 0.9778947413269377, 1.0119753576001334, 1.0138695365658434, 1.0054738552794276, 0.9915065338739181, 1.0276173549619505, 1.0058289149612458, 1.006876912220499, 0.9917473288483398, 0.987565836892702, 0.9894979752174496, 1.0114578361248134, 1.0154424370719741, 0.9908634312538231, 0.9955971654835796, 1.02505234469878, 0.9877892769759179, 1.0067509991569652, 0.9817413632668666, 1.0200924725872476, 0.9925389349459878]","[-0.006561238366906252, 0.017900167307040027, -0.0036411674728837884, 0.009488384321808097, 0.0049913293784380475, -0.0036019470691247557, 0.013328360994777633, 0.004750039701127751, 0.00828655320525895, -0.022105258673062345, 0.011975357600133352, 0.013869536565843443, 0.005473855279427564, -0.008493466126081928, 0.027617354961950502, 0.0058289149612458235, 0.006876912220499021, -0.008252671151660174, -0.012434163107297946, -0.010502024782550357, 0.011457836124813436, 0.015442437071974124, -0.009136568746176854, -0.0044028345164204286, 0.025052344698780038, -0.012210723024082104, 0.006750999156965198, -0.018258636733133438, 0.020092472587247556, -0.007461065054012228]","[0.0, 0.0, 0.07830783724784851, 0.0, 0.10874835401773453, 0.10874835401773453, 0.10874835401773453, 0.0, 0.0, 0.0791393294930458, 0.0, 0.0, 0.0, 0.09773293137550354, 0.0, 0.0, 0.09232969582080841, 0.0, 0.0, 0.0, 0.0, 0.0, 0.0, 0.10874835401773453, 0.0, 0.10874835401773453, 0.0, 0.0, 0.10874835401773453, 0.0]","[0.0, 0.1, 0.1, 0.1, 0.1, 0.1, 0.1, 0.1, 0.1, 0.0, 0.0, 0.0, 0.0, 0.0, 0.0, 0.0, 0.0, 0.0, 0.0, 0.0, 0.0, 0.0, 0.0, 0.0, 0.0, 0.0, 0.0, 0.0, 0.1, 0.1]","[0.010269996014109722, 0.07274619763797456, 0.08596529448537689, 0.08998549601198741, 0.0946775427725141, 0.08949214625225642, 0.0998027941845646, 0.10489448681921885, 0.08512067138535606, 0.0, 0.0021643488664878684, 0.0, 0.0, 0.011858814155328024, 0.00288152789074066, 0.0, 0.005707029588701868, 0.0, 0.0, 0.0063994742119460445, 0.009119113783690262, 0.0037441164027556067, 0.0, 0.008493386749116738, 0.0, 0.017696451238920413, 0.002316594121008021, 0.011379860032240834, 0.09811254864821178, 0.08717210874749327]","[0.0, 0.0, 0.07830783724784851, 0.0, 0.10874835401773453, 0.10874835401773453, 0.10874835401773453, 0.0, 0.0, 0.0791393294930458, 0.0, 0.0, 0.0, 0.09773293137550354, 0.0, 0.0, 0.09232969582080841, 0.0, 0.0, 0.0, 0.0, 0.0, 0.0, 0.10874835401773453, 0.0, 0.10874835401773453, 0.0, 0.0, 0.10874835401773453, 0.0]",-0.000700138575162498
10,0.9985528739053556,"[0.9934387616330937, 1.01790016730704, 0.9963588325271162, 1.009488384321808, 1.004991329378438, 0.9963980529308752, 1.0133283609947776, 1.0047500397011278, 1.008286553205259, 0.9778947413269377, 1.0119753576001334, 1.0138695365658434, 1.0054738552794276, 0.9915065338739181, 1.0276173549619505, 1.0058289149612458, 1.006876912220499, 0.9917473288483398, 0.987565836892702, 0.9894979752174496, 1.0114578361248134, 1.0154424370719741, 0.9908634312538231, 0.9955971654835796, 1.02505234469878, 0.9877892769759179, 1.0067509991569652, 0.9817413632668666, 1.0200924725872476, 0.9925389349459878]","[1.0040790272323306, 1.013881174742768, 0.9784713095143598, 0.9903181424966603, 1.0075194519175412, 0.9905926405651186, 0.9961253129213233, 1.015996619782436, 0.990661990473229, 1.0031645837877357, 1.0126236518748581, 0.9884828468668083, 1.0185936193253973, 0.9885180513108089, 1.0083738783443381, 1.005205156203066, 0.9945896964300666, 0.9992407308396047, 0.9959241359976804, 0.9965958517844041, 0.9965845539389652, 1.0073432822276323, 1.003838236184156, 0.9788491349269892, 1.0059621647343198, 1.0034319471371973, 0.9957543952338626, 1.0057296636570334, 0.9815347298796275, 0.9998014821278284]","[0.0040790272323305565, 0.013881174742768065, -0.02152869048564021, -0.00968185750333972, 0.00751945191754122, -0.009407359434881357, -0.003874687078676664, 0.01599661978243594, -0.009338009526770996, 0.003164583787735653, 0.012623651874858144, -0.011517153133191682, 0.01859361932539727, -0.011481948689191057, 0.008373878344338115, 0.0052051562030659415, -0.005410303569933439, -0.0007592691603952595, -0.004075864002319629, -0.0034041482155958702, -0.0034154460610348325, 0.007343282227632253, 0.0038382361841560186, -0.021150865073010783, 0.005962164734319764, 0.0034319471371973, -0.004245604766137445, 0.005729663657033424, -0.018465270120372468, -0.00019851787217162187]","[0.10575564950704575, 0.0, 0.0, 0.0, 0.0, 0.0, 0.0, 0.05322324484586716, 0.10575564950704575, 0.0, 0.0, 0.0, 0.0, 0.0, 0.10575564950704575, 0.0, 0.0, 0.10575564950704575, 0.10347219556570053, 0.0, 0.10575564950704575, 0.10575564950704575, 0.0, 0.10301505029201508, 0.0, 0.0, 0.10575564950704575, 0.0, 0.0, 0.0]","[0.0, 0.1, 0.1, 0.1, 0.1, 0.1, 0.1, 0.1, 0.1, 0.0, 0.0, 0.0, 0.0, 0.0, 0.0, 0.0, 0.0, 0.0, 0.0, 0.0, 0.0, 0.0, 0.0, 0.0, 0.0, 0.0, 0.0, 0.0, 0.1, 0.1]","[0.009938235828163547, 0.09397191506026699, 0.10163710488614489, 0.09561174175852233, 0.08302927254602827, 0.08361033780629193, 0.08890963562041206, 0.09224043711099242, 0.0997904250630925, 0.0024918719955818614, 0.0043671291240836504, 0.006162620631835019, 0.0016174318661628243, 0.0058172031878393335, 0.0, 0.0, 0.0, 0.0, 0.0, 0.002925984416312707, 0.00391432798286255, 0.011082966776034075, 0.0, 0.019072431630495226, 0.00706820425603424, 0.008390823701342, 0.008726285479482159, 0.0, 0.08180450753986873, 0.0878191057321507]","[0.10575563460588455, 0.0, 0.0, 0.0, 0.0, 0.0, 0.0, 0.05322323739528656, 0.10575563460588455, 0.0, 0.0, 0.0, 0.0, 0.0, 0.10575563460588455, 0.0, 0.0, 0.10575563460588455, 0.10347218066453934, 0.0, 0.10575563460588455, 0.10575563460588455, 0.0, 0.10301503539085388, 0.0, 0.0, 0.10575563460588455, 0.0, 0.0, 0.0]",-0.0018364185932261668
11,1.00381825370094,"[1.0040790272323306, 1.013881174742768, 0.9784713095143598, 0.9903181424966603, 1.0075194519175412, 0.9905926405651186, 0.9961253129213233, 1.015996619782436, 0.990661990473229, 1.0031645837877357, 1.0126236518748581, 0.9884828468668083, 1.0185936193253973, 0.9885180513108089, 1.0083738783443381, 1.005205156203066, 0.9945896964300666, 0.9992407308396047, 0.9959241359976804, 0.9965958517844041, 0.9965845539389652, 1.0073432822276323, 1.003838236184156, 0.9788491349269892, 1.0059621647343198, 1.0034319471371973, 0.9957543952338626, 1.0057296636570334, 0.9815347298796275, 0.9998014821278284]","[0.9958922759969215, 1.013404926616132, 0.9974732609580335, 1.0002494525556378, 0.9927285037314721, 1.0075507217200832, 0.9955607959072117, 1.0170914609721626, 0.9931700673046175, 0.9899001039911424, 0.9903733872654117, 1.0146927453570367, 1.0392527180681064, 1.017793836607072, 1.020670801273539, 0.9933388402910754, 0.9976002086076465, 1.0113324158760042, 0.9839960259534598, 1.0061389365905973, 1.0101421845950247, 1.0059103751473966, 1.0109536555511445, 1.0184377853665072, 0.997206842630303, 0.9980355844726803, 0.9971724198972453, 1.005219207679252, 1.0084038090459388, 1.0013991702138991]","[-0.004107724003078461, 0.013404926616132018, -0.0025267390419665414, 0.0002494525556377969, -0.007271496268527855, 0.007550721720083198, -0.004439204092788307, 0.01709146097216263, -0.006829932695382457, -0.010099896008857634, -0.009626612734588313, 0.014692745357036685, 0.039252718068106374, 0.01779383660707201, 0.02067080127353904, -0.006661159708924558, -0.0023997913923534675, 0.011332415876004198, -0.016003974046540193, 0.006138936590597277, 0.010142184595024695, 0.005910375147396563, 0.01095365555114447, 0.018437785366507198, -0.002793157369696986, -0.0019644155273197406, -0.0028275801027547454, 0.0052192076792521025, 0.008403809045938848, 0.0013991702138991258]","[0.10253342241048813, 0.09797564148902893, 0.0, 0.0, 0.0, 0.0, 0.0, 0.09799131751060486, 0.10253342241048813, 0.0, 0.0, 0.0, 0.0, 0.0, 0.0, 0.0, 0.0, 0.0, 0.0, 0.0, 0.10253342241048813, 0.0, 0.10253342241048813, 0.08629906922578812, 0.0, 0.10253342241048813, 0.10253342241048813, 0.0, 0.0, 0.10253342241048813]","[0.0, 0.1, 0.1, 0.1, 0.1, 0.1, 0.1, 0.1, 0.1, 0.0, 0.0, 0.0, 0.0, 0.0, 0.0, 0.0, 0.0, 0.0, 0.0, 0.0, 0.0, 0.0, 0.0, 0.0, 0.0, 0.0, 0.0, 0.0, 0.1, 0.1]","[0.0, 0.0883109459627961, 0.0898525543889725, 0.09693927486471551, 0.09843378759735259, 0.07539987197978655, 0.1082825108709266, 0.09858675510685835, 0.11924742779028191, 0.0, 0.0, 0.0, 0.0, 0.0, 0.0033341974390384546, 0.0, 0.0012826260118521914, 0.0, 0.004509857171227892, 0.0025219761669718023, 0.0, 0.0, 0.0, 0.003314467968896266, 0.0012082778596968857, 0.0, 0.0, 0.004614495764552634, 0.10115200569256243, 0.10300896736351137]","[0.10253342986106873, 0.09797564893960953, 0.0, 0.0, 0.0, 0.0, 0.0, 0.09799132496118546, 0.10253342986106873, 0.0, 0.0, 0.0, 0.0, 0.0, 0.0, 0.0, 0.0, 0.0, 0.0, 0.0, 0.10253342986106873, 0.0, 0.10253342986106873, 0.08629907667636871, 0.0, 0.10253342986106873, 0.10253342986106873, 0.0, 0.0, 0.10253342986106873]",0.00495529432932343
12,0.9989496410554234,"[0.9958922759969215, 1.013404926616132, 0.9974732609580335, 1.0002494525556378, 0.9927285037314721, 1.0075507217200832, 0.9955607959072117, 1.0170914609721626, 0.9931700673046175, 0.9899001039911424, 0.9903733872654117, 1.0146927453570367, 1.0392527180681064, 1.017793836607072, 1.020670801273539, 0.9933388402910754, 0.9976002086076465, 1.0113324158760042, 0.9839960259534598, 1.0061389365905973, 1.0101421845950247, 1.0059103751473966, 1.0109536555511445, 1.0184377853665072, 0.997206842630303, 0.9980355844726803, 0.9971724198972453, 1.005219207679252, 1.0084038090459388, 1.0013991702138991]","[0.9913024302626876, 0.9902123029798009, 0.9904341019635771, 1.0182928684411154, 0.9810724746578001, 0.990893822961206, 0.9900720639994498, 0.9840128228326283, 1.0044120689762623, 0.9967098102774934, 0.9880361653786607, 1.018831793998613, 1.01032404373085, 1.001626853058795, 1.0139136173361638, 1.0035756478993667, 1.0126369093908636, 0.9832322956598395, 0.9897262869263578, 0.9896815008722545, 1.0165652164030847, 1.0183260832544416, 0.9973252596550283, 1.0198274322524674, 0.9927632523253515, 1.0058610078287253, 1.0115977492031638, 0.9985772738366433, 1.0046674716704718, 0.9806687491195148]","[-0.008697569737312394, -0.009787697020199104, -0.009565898036422937, 0.01829286844111544, -0.01892752534219988, -0.009106177038794017, -0.009927936000550197, -0.015987177167371747, 0.00441206897626234, -0.003290189722506609, -0.01196383462133932, 0.0188317939986129, 0.010324043730850052, 0.0016268530587950636, 0.013913617336163808, 0.0035756478993667073, 0.012636909390863593, -0.016767704340160505, -0.010273713073642221, -0.010318499127745517, 0.016565216403084726, 0.018326083254441627, -0.0026747403449717266, 0.019827432252467414, -0.007236747674648547, 0.00586100782872534, 0.01159774920316381, -0.0014227261633567023, 0.004667471670471768, -0.01933125088048515]","[0.10009460896253586, 0.10009460896253586, 0.0, 0.0, 0.10009460896253586, 0.0, 0.10009460896253586, 0.0, 0.0, 0.0, 0.09914857894182205, 0.0, 0.0, 0.0, 0.10009460896253586, 0.0, 0.0, 0.10009460896253586, 0.0, 0.0, 0.0, 0.0, 0.10009460896253586, 0.0, 0.0, 0.0, 0.10009460896253586, 0.0, 0.10009460896253586, 0.0]","[0.0, 0.1, 0.1, 0.1, 0.1, 0.1, 0.1, 0.1, 0.1, 0.0, 0.0, 0.0, 0.0, 0.0, 0.0, 0.0, 0.0, 0.0, 0.0, 0.0, 0.0, 0.0, 0.0, 0.0, 0.0, 0.0, 0.0, 0.0, 0.1, 0.1]","[0.006514239346667183, 0.08909136817085576, 0.08876260558866039, 0.08962959562695795, 0.08640224830099759, 0.09032784922170876, 0.08926603476499802, 0.10297836928087323, 0.09385522099036074, 0.0, 0.001675175467686483, 0.0, 0.0, 0.006471057886319139, 0.01847299519956125, 0.004497971274409529, 0.0019144739476544485, 0.011854279309604714, 0.003995894671739148, 0.0, 0.00949428633179938, 0.005994809154049445, 0.0, 0.014510330308992582, 0.0, 0.0058918617873669615, 0.0, 0.002673999853301837, 0.08893253456713006, 0.08679279894830526]","[0.10009460896253586, 0.10009460896253586, 0.0, 0.0, 0.10009460896253586, 0.0, 0.10009460896253586, 0.0, 0.0, 0.0, 0.09914857894182205, 0.0, 0.0, 0.0, 0.10009460896253586, 0.0, 0.0, 0.10009460896253586, 0.0, 0.0, 0.0, 0.0, 0.10009460896253586, 0.0, 0.0, 0.0, 0.10009460896253586, 0.0, 0.10009460896253586, 0.0]",-0.0052008556874867115
13,1.001747941682634,"[0.9913024302626876, 0.9902123029798009, 0.9904341019635771, 1.0182928684411154, 0.9810724746578001, 0.990893822961206, 0.9900720639994498, 0.9840128228326283, 1.0044120689762623, 0.9967098102774934, 0.9880361653786607, 1.018831793998613, 1.01032404373085, 1.001626853058795, 1.0139136173361638, 1.0035756478993667, 1.0126369093908636, 0.9832322956598395, 0.9897262869263578, 0.9896815008722545, 1.0165652164030847, 1.0183260832544416, 0.9973252596550283, 1.0198274322524674, 0.9927632523253515, 1.0058610078287253, 1.0115977492031638, 0.9985772738366433, 1.0046674716704718, 0.9806687491195148]","[1.0095185248009753, 0.9994479453701581, 0.9989035427574311, 1.0184636748976612, 1.0108279263803692, 0.9935912194307034, 0.9708647520019105, 1.007086075073884, 1.0078005338881448, 1.0098369408957797, 0.9939081873881033, 1.0221299782179474, 1.0188565279895048, 0.994111851437331, 1.006387197296981, 1.0003540054695315, 0.9826774574212455, 1.0071339425335097, 0.9886322867386602, 1.0254339531748111, 1.0051933022772404, 0.9949365296703928, 1.010331189338673, 1.008737543242409, 1.0067076947740383, 1.0214218224890137, 0.9983445740755471, 0.9948035612562752, 1.0259247709680481, 1.0183642681197986]","[0.009518524800975259, -0.0005520546298418694, -0.0010964572425689045, 0.01846367489766121, 0.010827926380369224, -0.006408780569296613, -0.02913524799808953, 0.007086075073883924, 0.007800533888144834, 0.009836940895779689, -0.00609181261189673, 0.022129978217947377, 0.018856527989504768, -0.005888148562668949, 0.0063871972969808954, 0.00035400546953145984, -0.01732254257875454, 0.007133942533509741, -0.011367713261339785, 0.02543395317481112, 0.0051933022772403525, -0.005063470329607189, 0.010331189338673052, 0.008737543242409052, 0.00670769477403832, 0.021421822489013698, -0.0016554259244528913, -0.005196438743724774, 0.025924770968048128, 0.018364268119798632]","[0.0, 0.0, 0.0, 0.0, 0.12713515758514404, 0.0, 0.0, 0.05958244577050209, 0.0, 0.08658906072378159, 0.06957583129405975, 0.13057941198349, 0.0, 0.08735426515340805, 0.0, 0.0, 0.13057941198349, 0.0, 0.0, 0.0, 0.0474456287920475, 0.13057941198349, 0.0, 0.0, 0.13057941198349, 0.0, 0.0, 0.0, 0.0, 0.0]","[0.0, 0.1, 0.1, 0.1, 0.1, 0.1, 0.1, 0.1, 0.1, 0.0, 0.0, 0.0, 0.0, 0.0, 0.0, 0.0, 0.0, 0.0, 0.0, 0.0, 0.0, 0.0, 0.0, 0.0, 0.0, 0.0, 0.0, 0.0, 0.1, 0.1]","[0.006784921449158004, 0.1004402435260277, 0.08239317404622826, 0.08786644513197862, 0.08211000529124654, 0.09034508721818763, 0.08692870055934947, 0.09531604171929563, 0.08655555067031499, 0.0, 0.0, 0.015786306936861498, 0.0, 0.02052343685166179, 0.009906751016611407, 0.00809023807846936, 0.0020547727502413056, 0.0, 0.007613094080432469, 0.0038257282473277594, 0.0, 0.0, 0.01258981789726713, 0.0, 0.011344381507684503, 0.012054362633982057, 0.006063554272679467, 0.0003620243992198231, 0.08735149990260162, 0.083693861813173]","[0.0, 0.0, 0.0, 0.0, 0.12713515758514404, 0.0, 0.0, 0.05958244577050209, 0.0, 0.08658906072378159, 0.06957583129405975, 0.13057941198349, 0.0, 0.08735426515340805, 0.0, 0.0, 0.13057941198349, 0.0, 0.0, 0.0, 0.0474456287920475, 0.13057941198349, 0.0, 0.0, 0.13057941198349, 0.0, 0.0, 0.0, 0.0, 0.0]",0.002379782549597246
14,1.0043119958414548,"[1.0095185248009753, 0.9994479453701581, 0.9989035427574311, 1.0184636748976612, 1.0108279263803692, 0.9935912194307034, 0.9708647520019105, 1.007086075073884, 1.0078005338881448, 1.0098369408957797, 0.9939081873881033, 1.0221299782179474, 1.0188565279895048, 0.994111851437331, 1.006387197296981, 1.0003540054695315, 0.9826774574212455, 1.0071339425335097, 0.9886322867386602, 1.0254339531748111, 1.0051933022772404, 0.9949365296703928, 1.010331189338673, 1.008737543242409, 1.0067076947740383, 1.0214218224890137, 0.9983445740755471, 0.9948035612562752, 1.0259247709680481, 1.0183642681197986]","[1.0085785958229285, 1.033116061512279, 1.0109254728860912, 1.0078304762411336, 0.9838497106279129, 1.0072209307561864, 1.0100282146963555, 0.9831937423793746, 1.0036567183205638, 0.9985866877289874, 1.0007173909492098, 1.0099708098815776, 1.0170428299540053, 1.0143464313463582, 0.9929159089226477, 0.9881983956936224, 1.000031626466919, 1.0008526974099747, 0.9935521208924475, 1.0085231451467624, 0.9869591537097728, 0.9988714887545823, 1.0084254308081275, 1.002544044922829, 1.0033134317688934, 1.0256268657776357, 1.009339387179263, 1.0096862821568873, 1.023224010536166, 0.9909120998671943]","[0.008578595822928525, 0.03311606151227897, 0.010925472886091248, 0.007830476241133644, -0.016150289372087068, 0.00722093075618635, 0.010028214696355509, -0.016806257620625376, 0.003656718320563801, -0.0014133122710126012, 0.0007173909492097508, 0.009970809881577614, 0.0170428299540053, 0.014346431346358157, -0.007084091077352306, -0.011801604306377556, 3.1626466918899254e-05, 0.0008526974099747342, -0.006447879107552512, 0.008523145146762445, -0.01304084629022717, -0.0011285112454176849, 0.008425430808127521, 0.002544044922828892, 0.0033134317688934267, 0.025626865777635732, 0.009339387179263081, 0.009686282156887271, 0.023224010536166073, -0.009087900132805693]","[0.06320042163133621, 0.0, 0.11091350018978119, 0.0, 0.0, 0.0, 0.0, 0.029247451573610306, 0.10495959967374802, 0.0, 0.0, 0.0, 0.0, 0.0, 0.11118192225694656, 0.0, 0.0, 0.0, 0.099993497133255, 0.0, 0.0, 0.1201258972287178, 0.1201258972287178, 0.1201258972287178, 0.0, 0.0, 0.0, 0.1201258972287178, 0.0, 0.0]","[0.0, 0.1, 0.1, 0.1, 0.1, 0.1, 0.1, 0.1, 0.1, 0.0, 0.0, 0.0, 0.0, 0.0, 0.0, 0.0, 0.0, 0.0, 0.0, 0.0, 0.0, 0.0, 0.0, 0.0, 0.0, 0.0, 0.0, 0.0, 0.1, 0.1]","[0.025926874073480474, 0.08093636940689615, 0.08535044125524394, 0.0936483297848698, 0.09827262498500115, 0.07526385774176717, 0.10915373872646658, 0.10953868973263958, 0.08020433422696427, 0.0, 0.003515088680090831, 0.0, 0.007507376826752715, 0.0016146574525373, 0.0, 0.0022679764845570387, 0.0, 0.0, 0.0013322557414512954, 0.0, 0.0167553303446922, 0.0, 0.0, 0.007161609158035496, 0.0, 0.0, 0.0, 0.0, 0.0975815244633724, 0.10396892091518156]","[0.06320042908191681, 0.0, 0.11091350764036179, 0.0, 0.0, 0.0, 0.0, 0.029247453436255455, 0.10495960712432861, 0.0, 0.0, 0.0, 0.0, 0.0, 0.11118192970752716, 0.0, 0.0, 0.0, 0.0999935045838356, 0.0, 0.0, 0.1201259046792984, 0.1201259046792984, 0.1201259046792984, 0.0, 0.0, 0.0, 0.1201259046792984, 0.0, 0.0]",0.002171588250371299
15,1.0073642182505382,"[1.0085785958229285, 1.033116061512279, 1.0109254728860912, 1.0078304762411336, 0.9838497106279129, 1.0072209307561864, 1.0100282146963555, 0.9831937423793746, 1.0036567183205638, 0.9985866877289874, 1.0007173909492098, 1.0099708098815776, 1.0170428299540053, 1.0143464313463582, 0.9929159089226477, 0.9881983956936224, 1.000031626466919, 1.0008526974099747, 0.9935521208924475, 1.0085231451467624, 0.9869591537097728, 0.9988714887545823, 1.0084254308081275, 1.002544044922829, 1.0033134317688934, 1.0256268657776357, 1.009339387179263, 1.0096862821568873, 1.023224010536166, 0.9909120998671943]","[0.9915590129813449, 0.9850848955670407, 1.0145513598311133, 1.0027175683605802, 1.0037555426498634, 1.01303248084118, 0.9859128422696205, 0.9979342304922579, 0.992411385350935, 1.0098251166416319, 1.0072359134322315, 0.9924484560407338, 1.0054898320271834, 1.012501292622931, 1.006561770124917, 0.997894702691683, 1.0056418999426104, 1.0024661146162568, 1.0153765594711024, 0.9934946502647544, 1.004465550204966, 0.9854517817276137, 0.9808258492191975, 0.9983983675203502, 0.9995141858570131, 0.9999960983657646, 0.9898442581440728, 0.9961598946983655, 0.9865556476485839, 1.0125352571052226]","[-0.008440987018655144, -0.014915104432959292, 0.01455135983111333, 0.002717568360580236, 0.0037555426498634414, 0.013032480841179916, -0.014087157730379496, -0.0020657695077420657, -0.0075886146490650175, 0.009825116641631881, 0.007235913432231511, -0.00755154395926616, 0.00548983202718345, 0.012501292622931093, 0.006561770124916988, -0.002105297308316989, 0.00564189994261044, 0.002466114616256787, 0.015376559471102391, -0.006505349735245636, 0.0044655502049659734, -0.014548218272386282, -0.019174150780802535, -0.0016016324796498393, -0.0004858141429868734, -3.901634235359275e-06, -0.010155741855927158, -0.0038401053016344777, -0.013444352351416056, 0.01253525710522263]","[0.0, 0.0, 0.0, 0.0, 0.11220066994428635, 0.11220066994428635, 0.0, 0.08250216394662857, 0.0, 0.10350614041090012, 0.0, 0.0, 0.0720723569393158, 0.0, 0.0, 0.07536310702562332, 0.0, 0.0, 0.11220066994428635, 0.0, 0.0, 0.0, 0.0, 0.11220066994428635, 0.11220066994428635, 0.0, 0.0, 0.0, 0.10555286705493927, 0.0]","[0.0, 0.1, 0.1, 0.1, 0.1, 0.1, 0.1, 0.1, 0.1, 0.0, 0.0, 0.0, 0.0, 0.0, 0.0, 0.0, 0.0, 0.0, 0.0, 0.0, 0.0, 0.0, 0.0, 0.0, 0.0, 0.0, 0.0, 0.0, 0.1, 0.1]","[0.0, 0.08312462724343818, 0.09141275952030237, 0.09872755675927121, 0.08072262890162696, 0.09398334806495166, 0.09573423928150226, 0.0902656703239783, 0.09331555077507937, 0.0076415055984391895, 0.0, 0.016203837310904762, 0.013599025441925927, 0.0, 0.0023171762333823037, 0.0, 0.0, 0.0, 0.0, 0.0, 0.00880311112830833, 0.004656652490437599, 0.006366616294076692, 0.007101978444962147, 0.012223113617117122, 0.007590638902282458, 0.002383031048586416, 0.0, 0.0848327779243741, 0.09899415469505263]","[0.0, 0.0, 0.0, 0.0, 0.11220066994428635, 0.11220066994428635, 0.0, 0.08250216394662857, 0.0, 0.10350614041090012, 0.0, 0.0, 0.0720723569393158, 0.0, 0.0, 0.07536310702562332, 0.0, 0.0, 0.11220066994428635, 0.0, 0.0, 0.0, 0.0, 0.11220066994428635, 0.11220066994428635, 0.0, 0.0, 0.0, 0.10555286705493927, 0.0]",0.0026443829768309523
16,1.01154524483512,"[0.9915590129813449, 0.9850848955670407, 1.0145513598311133, 1.0027175683605802, 1.0037555426498634, 1.01303248084118, 0.9859128422696205, 0.9979342304922579, 0.992411385350935, 1.0098251166416319, 1.0072359134322315, 0.9924484560407338, 1.0054898320271834, 1.012501292622931, 1.006561770124917, 0.997894702691683, 1.0056418999426104, 1.0024661146162568, 1.0153765594711024, 0.9934946502647544, 1.004465550204966, 0.9854517817276137, 0.9808258492191975, 0.9983983675203502, 0.9995141858570131, 0.9999960983657646, 0.9898442581440728, 0.9961598946983655, 0.9865556476485839, 1.0125352571052226]","[1.0022576352947616, 0.9884038448794638, 0.9806915893436648, 1.0086468802113109, 1.0060241198684834, 1.020607569839884, 1.0010969451641785, 0.9920977264875573, 0.9959600073288601, 1.0001252561772, 1.005063130754549, 1.0086482631540001, 0.9953081874137746, 0.9809048075117757, 1.0009826343436394, 1.0094378938176034, 1.0147113430249917, 0.9989514612039748, 0.9806042368146293, 1.015437375256276, 0.9917326490318442, 1.00645031674344, 1.0053164091230788, 0.9979688826603105, 0.9995096317483229, 0.989070944464246, 1.0088236398087391, 0.9914000764280827, 0.9908733773897501, 0.996802504765922]","[0.0022576352947616396, -0.011596155120536245, -0.01930841065633515, 0.008646880211310881, 0.006024119868483391, 0.020607569839883988, 0.0010969451641784644, -0.007902273512442659, -0.004039992671139858, 0.00012525617720005044, 0.005063130754549006, 0.008648263154000135, -0.004691812586225419, -0.019095192488224333, 0.0009826343436394325, 0.009437893817603404, 0.014711343024991663, -0.001048538796025178, -0.01939576318537073, 0.015437375256275976, -0.008267350968155784, 0.006450316743439988, 0.005316409123078847, -0.0020311173396895255, -0.0004903682516771424, -0.010929055535753962, 0.008823639808739125, -0.0085999235719173, -0.00912662261024988, -0.003197495234077974]","[0.0, 0.0, 0.0, 0.10202821344137192, 0.10202821344137192, 0.0, 0.08174607902765274, 0.0, 0.10202821344137192, 0.0, 0.0, 0.0, 0.0, 0.0, 0.0, 0.10202821344137192, 0.10202821344137192, 0.0, 0.0, 0.10202821344137192, 0.10202821344137192, 0.10202821344137192, 0.0, 0.0, 0.0, 0.0, 0.0, 0.10202821344137192, 0.0, 0.0]","[0.0, 0.1, 0.1, 0.1, 0.1, 0.1, 0.1, 0.1, 0.1, 0.0, 0.0, 0.0, 0.0, 0.0, 0.0, 0.0, 0.0, 0.0, 0.0, 0.0, 0.0, 0.0, 0.0, 0.0, 0.0, 0.0, 0.0, 0.0, 0.1, 0.1]","[0.008856146063155981, 0.09654756246457231, 0.09550841826776152, 0.08351642307385004, 0.06873556594533149, 0.08901542477641614, 0.09590508063597089, 0.0953509875531241, 0.09562395739888306, 0.012165131492264013, 0.0, 0.0032280191195349643, 0.01614156276551167, 0.0, 0.0, 0.0018079055716430728, 0.003281403029666503, 0.007700123754309501, 0.003256989287762612, 0.004803698086755079, 0.0, 0.0, 0.005478569771512964, 0.012195333936965846, 0.0, 0.0, 0.0, 0.0, 0.09581276529327935, 0.10506893171172899]","[0.0, 0.0, 0.0, 0.10202822089195251, 0.10202822089195251, 0.0, 0.08174608647823334, 0.0, 0.10202822089195251, 0.0, 0.0, 0.0, 0.0, 0.0, 0.0, 0.10202822089195251, 0.10202822089195251, 0.0, 0.0, 0.10202822089195251, 0.10202822089195251, 0.10202822089195251, 0.0, 0.0, 0.0, 0.0, 0.0, 0.10202822089195251, 0.0, 0.0]",0.003874942077557228
17,1.0113776468614892,"[1.0022576352947616, 0.9884038448794638, 0.9806915893436648, 1.0086468802113109, 1.0060241198684834, 1.020607569839884, 1.0010969451641785, 0.9920977264875573, 0.9959600073288601, 1.0001252561772, 1.005063130754549, 1.0086482631540001, 0.9953081874137746, 0.9809048075117757, 1.0009826343436394, 1.0094378938176034, 1.0147113430249917, 0.9989514612039748, 0.9806042368146293, 1.015437375256276, 0.9917326490318442, 1.00645031674344, 1.0053164091230788, 0.9979688826603105, 0.9995096317483229, 0.989070944464246, 1.0088236398087391, 0.9914000764280827, 0.9908733773897501, 0.996802504765922]","[0.9950251981062366, 1.0029298377153253, 0.9847352008739011, 0.9905737735148789, 1.001814932780582, 1.0037617599415039, 1.017385631981102, 0.9985144430430737, 1.0273030673932442, 0.9948996332948802, 1.001235232839634, 0.9848745937609475, 0.9882549744589575, 0.9928953558105443, 1.0024994907438574, 0.9737460194273547, 1.0296168156300511, 1.00918581110756, 1.0081117535782964, 1.013169521083164, 0.9917865544168524, 0.9893348866162762, 1.0089941417039177, 0.9982592044134065, 1.0157204154433055, 0.9916488603023146, 0.9987453433753033, 1.0048730490565445, 1.001220226047616, 0.9778045911138475]","[-0.004974801893763425, 0.0029298377153252897, -0.015264799126098905, -0.009426226485121147, 0.0018149327805820903, 0.0037617599415038505, 0.0173856319811021, -0.001485556956926315, 0.027303067393244174, -0.005100366705119819, 0.001235232839633893, -0.015125406239052452, -0.011745025541042509, -0.007104644189455667, 0.0024994907438573577, -0.026253980572645275, 0.02961681563005114, 0.009185811107560005, 0.00811175357829641, 0.013169521083163938, -0.008213445583147627, -0.010665113383723779, 0.008994141703917657, -0.0017407955865934577, 0.01572041544330549, -0.008351139697685417, -0.001254656624696704, 0.0048730490565445095, 0.0012202260476159577, -0.022195408886152457]","[0.10384899377822876, 0.0821881964802742, 0.0, 0.0, 0.0, 0.0, 0.0, 0.0, 0.0, 0.09898154437541962, 0.0, 0.0, 0.10814232379198074, 0.10507556796073914, 0.0, 0.0, 0.0, 0.10814232379198074, 0.0, 0.0, 0.0, 0.09285497665405273, 0.0892077088356018, 0.0, 0.10814232379198074, 0.0, 0.0, 0.0, 0.10341601073741913, 0.0]","[0.0, 0.1, 0.1, 0.1, 0.1, 0.1, 0.1, 0.1, 0.1, 0.0, 0.0, 0.0, 0.0, 0.0, 0.0, 0.0, 0.0, 0.0, 0.0, 0.0, 0.0, 0.0, 0.0, 0.0, 0.0, 0.0, 0.0, 0.0, 0.1, 0.1]","[0.00724294508206073, 0.09111328683085053, 0.09923209076516627, 0.08475085373261507, 0.08788922460234518, 0.09738170517336667, 0.10709344780314903, 0.08763312244229401, 0.10508438267139547, 0.0, 0.00671789711680661, 0.012832609675973713, 0.003225549143029639, 0.0, 0.0, 0.004638028749564742, 0.0026191110019116435, 0.0, 0.0, 0.0, 0.0, 0.0, 0.0, 0.006273667191568268, 0.0, 0.0028881956494903934, 0.006721871815538869, 0.0063400791278001994, 0.09914765735904303, 0.08117427406603014]","[0.10384899377822876, 0.0821881964802742, 0.0, 0.0, 0.0, 0.0, 0.0, 0.0, 0.0, 0.09898154437541962, 0.0, 0.0, 0.10814232379198074, 0.10507556796073914, 0.0, 0.0, 0.0, 0.10814232379198074, 0.0, 0.0, 0.0, 0.09285497665405273, 0.0892077088356018, 0.0, 0.10814232379198074, 0.0, 0.0, 0.0, 0.10341601073741913, 0.0]",-0.0006035471919005523
18,1.0103201266347206,"[0.9950251981062366, 1.0029298377153253, 0.9847352008739011, 0.9905737735148789, 1.001814932780582, 1.0037617599415039, 1.017385631981102, 0.9985144430430737, 1.0273030673932442, 0.9948996332948802, 1.001235232839634, 0.9848745937609475, 0.9882549744589575, 0.9928953558105443, 1.0024994907438574, 0.9737460194273547, 1.0296168156300511, 1.00918581110756, 1.0081117535782964, 1.013169521083164, 0.9917865544168524, 0.9893348866162762, 1.0089941417039177, 0.9982592044134065, 1.0157204154433055, 0.9916488603023146, 0.9987453433753033, 1.0048730490565445, 1.001220226047616, 0.9778045911138475]","[1.030951528161102, 0.9971193913411482, 1.0116723561190157, 0.9743801162709836, 0.9971020034967478, 1.0088773534963469, 0.9813080557298608, 0.9976222838155775, 0.9890471088076033, 1.003646589490316, 0.999501518496598, 1.0016201005290608, 0.999106941670283, 0.9914471385721394, 0.9977625211225981, 1.0032342421015688, 0.9743413186387929, 0.9865112205339516, 0.999102195736364, 0.9824754858799226, 0.9961890442609816, 0.9885603715430611, 1.019120885051131, 0.9818365890452754, 1.0047693961036197, 1.0168647025667594, 1.022215859619291, 0.9860431103911788, 0.9940925262273634, 1.0207082458058436]","[0.030951528161101916, -0.0028806086588517577, 0.011672356119015737, -0.025619883729016357, -0.002897996503252176, 0.008877353496346885, -0.018691944270139205, -0.002377716184422507, -0.01095289119239673, 0.0036465894903159324, -0.0004984815034020373, 0.0016201005290608084, -0.0008930583297169781, -0.008552861427860603, -0.0022374788774018883, 0.0032342421015687517, -0.02565868136120708, -0.013488779466048428, -0.0008978042636359485, -0.017524514120077384, -0.0038109557390183513, -0.01143962845693891, 0.019120885051131076, -0.018163410954724624, 0.004769396103619705, 0.016864702566759426, 0.022215859619290956, -0.013956889608821244, -0.005907473772636562, 0.020708245805843628]","[0.10280562192201614, 0.10280562192201614, 0.10280562192201614, 0.0, 0.0, 0.0, 0.0, 0.0, 0.0, 0.0, 0.10280562192201614, 0.0, 0.0, 0.08866056054830551, 0.10280562192201614, 0.0962352454662323, 0.10280562192201614, 0.0, 0.10280562192201614, 0.095464788377285, 0.0, 0.0, 0.0, 0.0, 0.0, 0.0, 0.0, 0.0, 0.0, 0.0]","[0.0, 0.1, 0.1, 0.1, 0.1, 0.1, 0.1, 0.1, 0.1, 0.0, 0.0, 0.0, 0.0, 0.0, 0.0, 0.0, 0.0, 0.0, 0.0, 0.0, 0.0, 0.0, 0.0, 0.0, 0.0, 0.0, 0.0, 0.0, 0.1, 0.1]","[0.009632378221753474, 0.08621819751725887, 0.09518113056376969, 0.09289992277715967, 0.07999457190861023, 0.08325471018780832, 0.07893031807642148, 0.09450356161995496, 0.09689932184177831, 0.002621738532910399, 0.0027092033365820572, 0.004893590920692075, 0.0, 0.0, 0.0021557572752710003, 0.0, 0.0, 0.00474280467012068, 0.00046423178441505055, 0.0064871234029457, 0.007583303265735815, 0.0, 0.020302996987912218, 0.012107808400504483, 0.0, 0.012257009145069388, 0.0, 0.022413688637260638, 0.09504946237231582, 0.08869716855374984]","[0.10280562937259674, 0.10280562937259674, 0.10280562937259674, 0.0, 0.0, 0.0, 0.0, 0.0, 0.0, 0.0, 0.10280562937259674, 0.0, 0.0, 0.08866056799888611, 0.10280562937259674, 0.0962352529168129, 0.10280562937259674, 0.0, 0.10280562937259674, 0.0954647958278656, 0.0, 0.0, 0.0, 0.0, 0.0, 0.0, 0.0, 0.0, 0.0, 0.0]",-0.0013031284662911179
19,1.009764952826969,"[1.030951528161102, 0.9971193913411482, 1.0116723561190157, 0.9743801162709836, 0.9971020034967478, 1.0088773534963469, 0.9813080557298608, 0.9976222838155775, 0.9890471088076033, 1.003646589490316, 0.999501518496598, 1.0016201005290608, 0.999106941670283, 0.9914471385721394, 0.9977625211225981, 1.0032342421015688, 0.9743413186387929, 0.9865112205339516, 0.999102195736364, 0.9824754858799226, 0.9961890442609816, 0.9885603715430611, 1.019120885051131, 0.9818365890452754, 1.0047693961036197, 1.0168647025667594, 1.022215859619291, 0.9860431103911788, 0.9940925262273634, 1.0207082458058436]","[0.9995867527704124, 0.9983250450567671, 0.9965174766745207, 0.9964361192891694, 0.9866845247803536, 0.9854840345114865, 0.9975842380159917, 0.986073225451866, 1.0009954395921055, 1.0155512494881573, 0.9998852007926465, 1.0093398478178512, 1.013587691028865, 0.9980040126473875, 0.9877085615664086, 1.0024875084654217, 1.0083250841465672, 1.0215358697501817, 1.004368770143, 1.0137035176147609, 0.999810235144535, 0.9948075938800452, 0.985788430132792, 1.0145328102093474, 0.9921545091270753, 1.000663818409046, 0.9935715375152642, 0.9897849306156581, 0.9838500145824444, 1.001259925118376]","[-0.00041324722958757665, -0.001674954943232887, -0.00348252332547927, -0.0035638807108305803, -0.013315475219646378, -0.014515965488513527, -0.00241576198400828, -0.013926774548133958, 0.0009954395921054626, 0.015551249488157337, -0.00011479920735346649, 0.009339847817851243, 0.013587691028865034, -0.001995987352612527, -0.012291438433591373, 0.002487508465421673, 0.008325084146567185, 0.021535869750181735, 0.004368770142999967, 0.013703517614760852, -0.0001897648554649578, -0.005192406119954751, -0.014211569867207952, 0.01453281020934738, -0.007845490872924743, 0.0006638184090459465, -0.006428462484735831, -0.010215069384341913, -0.016149985417555635, 0.0012599251183760263]","[0.0, 0.10000000894069672, 0.10000000894069672, 0.10000000894069672, 0.0, 0.10000000894069672, 0.0, 0.0, 0.0, 0.0, 0.10000000894069672, 0.0, 0.10000000894069672, 0.10000000894069672, 0.0, 0.0, 0.10000000894069672, 0.0, 0.10000000894069672, 0.0, 0.0, 0.0, 0.0, 0.0, 0.0, 0.0, 0.10000000894069672, 0.0, 0.0, 0.0]","[0.0, 0.1, 0.1, 0.1, 0.1, 0.1, 0.1, 0.1, 0.1, 0.0, 0.0, 0.0, 0.0, 0.0, 0.0, 0.0, 0.0, 0.0, 0.0, 0.0, 0.0, 0.0, 0.0, 0.0, 0.0, 0.0, 0.0, 0.0, 0.1, 0.1]","[0.0, 0.08641696345815006, 0.08900668114630567, 0.0977956059341583, 0.09820772972807137, 0.08938615191675141, 0.07205240143148668, 0.09359983627269003, 0.08642541922449012, 0.0008542173178679477, 0.013969400772326052, 0.0, 0.0034979716663610105, 0.004882476973384641, 0.0, 0.007992152566625506, 5.748438314519345e-05, 0.0, 0.007145565906324231, 0.013023509193060187, 0.017350480044097914, 0.0, 0.0, 0.0, 0.009156610050719131, 0.018511881590304126, 0.0, 0.00671059655264075, 0.09047582517236724, 0.09348103869867236]","[0.0, 0.10000000894069672, 0.10000000894069672, 0.10000000894069672, 0.0, 0.10000000894069672, 0.0, 0.0, 0.0, 0.0, 0.10000000894069672, 0.0, 0.10000000894069672, 0.10000000894069672, 0.0, 0.0, 0.10000000894069672, 0.0, 0.10000000894069672, 0.0, 0.0, 0.0, 0.0, 0.0, 0.0, 0.0, 0.10000000894069672, 0.0, 0.0, 0.0]",-0.0009311967378200588
20,1.011148827409865,"[0.9995867527704124, 0.9983250450567671, 0.9965174766745207, 0.9964361192891694, 0.9866845247803536, 0.9854840345114865, 0.9975842380159917, 0.986073225451866, 1.0009954395921055, 1.0155512494881573, 0.9998852007926465, 1.0093398478178512, 1.013587691028865, 0.9980040126473875, 0.9877085615664086, 1.0024875084654217, 1.0083250841465672, 1.0215358697501817, 1.004368770143, 1.0137035176147609, 0.999810235144535, 0.9948075938800452, 0.985788430132792, 1.0145328102093474, 0.9921545091270753, 1.000663818409046, 0.9935715375152642, 0.9897849306156581, 0.9838500145824444, 1.001259925118376]","[0.9690556044698064, 0.9976748202251283, 0.9909973813186957, 0.9650656506315601, 1.0067312219926199, 1.0082723400949472, 0.9984060335993238, 0.9966553099362291, 0.9941350353469443, 1.0227379297616783, 1.0062521247291063, 1.0068951729403943, 0.9983259871413952, 0.994376935450944, 0.9907175090681292, 0.987810451238703, 1.0055285550192556, 0.9986772270710611, 0.9845357398802144, 1.0129480275912004, 0.9935131417682982, 0.9900138827490191, 1.0184544563321687, 1.010636131131934, 1.0086550662261815, 0.9997464190380336, 0.9933752770266371, 1.0036079212936222, 0.9997290594514397, 0.9944065952662684]","[-0.03094439553019357, -0.0023251797748716774, -0.009002618681304253, -0.034934349368439865, 0.006731221992619885, 0.00827234009494715, -0.0015939664006762166, -0.0033446900637709165, -0.005864964653055749, 0.02273792976167832, 0.006252124729106301, 0.006895172940394323, -0.0016740128586048009, -0.005623064549056034, -0.009282490931870835, -0.012189548761296964, 0.005528555019255643, -0.0013227729289388979, -0.015464260119785633, 0.012948027591200395, -0.006486858231701809, -0.009986117250980864, 0.01845445633216869, 0.010636131131934068, 0.008655066226181507, -0.0002535809619663709, -0.006624722973362918, 0.003607921293622196, -0.00027094054856025007, -0.0055934047337315995]","[0.0, 0.0, 0.1040203794836998, 0.0, 0.1040203794836998, 0.0, 0.0, 0.0, 0.0, 0.1040203794836998, 0.1040203794836998, 0.1040203794836998, 0.0, 0.0, 0.0, 0.1040203794836998, 0.1040203794836998, 0.0, 0.08016978204250336, 0.0, 0.0876670628786087, 0.0, 0.0, 0.0, 0.0, 0.0, 0.0, 0.1040203794836998, 0.0, 0.0]","[0.0, 0.1, 0.1, 0.1, 0.1, 0.1, 0.1, 0.1, 0.1, 0.0, 0.0, 0.0, 0.0, 0.0, 0.0, 0.0, 0.0, 0.0, 0.0, 0.0, 0.0, 0.0, 0.0, 0.0, 0.0, 0.0, 0.0, 0.0, 0.1, 0.1]","[0.006156796954567866, 0.08968302076420989, 0.08981173713969008, 0.09400027881433433, 0.10377088150738416, 0.07593225763011686, 0.09000272828925751, 0.10779383631065809, 0.10677295958047751, 0.0, 0.0, 0.014961369366495609, 0.0, 0.006127601766961595, 0.0, 0.0015483171591682097, 0.003926951447518522, 0.0, 0.0, 0.0015958615951698382, 0.005036082176509993, 0.0, 0.0003575241995733247, 0.003019704876896757, 0.010858350113903492, 0.002757555592332923, 0.0, 0.0, 0.09305367301019905, 0.09283251170457439]","[0.0, 0.0, 0.10402039438486099, 0.0, 0.10402039438486099, 0.0, 0.0, 0.0, 0.0, 0.10402039438486099, 0.10402039438486099, 0.10402039438486099, 0.0, 0.0, 0.0, 0.10402039438486099, 0.10402039438486099, 0.0, 0.08016978949308395, 0.0, 0.0876670703291893, 0.0, 0.0, 0.0, 0.0, 0.0, 0.0, 0.10402039438486099, 0.0, 0.0]",0.0009773179682712198
21,1.0091908333807045,"[0.9690556044698064, 0.9976748202251283, 0.9909973813186957, 0.9650656506315601, 1.0067312219926199, 1.0082723400949472, 0.9984060335993238, 0.9966553099362291, 0.9941350353469443, 1.0227379297616783, 1.0062521247291063, 1.0068951729403943, 0.9983259871413952, 0.994376935450944, 0.9907175090681292, 0.987810451238703, 1.0055285550192556, 0.9986772270710611, 0.9845357398802144, 1.0129480275912004, 0.9935131417682982, 0.9900138827490191, 1.0184544563321687, 1.010636131131934, 1.0086550662261815, 0.9997464190380336, 0.9933752770266371, 1.0036079212936222, 0.9997290594514397, 0.9944065952662684]","[1.0013405888277336, 0.999928762944592, 0.9882223681829613, 1.003970213492295, 1.0018930033773301, 1.0166791306810203, 0.983401790048843, 0.9970710557092558, 0.9986402202981906, 0.9902064185300731, 0.9888670482621444, 1.0192793993128455, 0.9925775522170982, 1.0298233183281968, 0.9985906977148787, 1.0024842311098985, 0.9785362131469272, 1.0039355977983795, 1.0014156501806633, 0.9939212069201454, 1.0083049993972941, 1.0073640827939332, 1.0045014610735883, 1.0003521159430382, 1.02056775006708, 0.9820487500327241, 1.0201376149076284, 1.0036390583911348, 0.9822621208871801, 1.0015051652863298]","[0.0013405888277335798, -7.123705540801328e-05, -0.011777631817038725, 0.003970213492294983, 0.0018930033773301158, 0.016679130681020338, -0.016598209951157017, -0.0029289442907441954, -0.0013597797018094493, -0.009793581469926926, -0.011132951737855556, 0.019279399312845502, -0.007422447782901798, 0.029823318328196846, -0.001409302285121261, 0.0024842311098984826, -0.02146378685307282, 0.0039355977983794865, 0.0014156501806632527, -0.006078793079854594, 0.008304999397294122, 0.007364082793933191, 0.0045014610735882865, 0.00035211594303818927, 0.020567750067080004, -0.01795124996727593, 0.020137614907628443, 0.003639058391134764, -0.017737879112819877, 0.0015051652863298237]","[0.0, 0.11188148707151413, 0.07859059423208237, 0.0, 0.0, 0.0, 0.0, 0.03899417072534561, 0.0, 0.0, 0.09360290318727493, 0.0, 0.11740844696760178, 0.11740844696760178, 0.0, 0.0, 0.0, 0.0, 0.11740844696760178, 0.11740844696760178, 0.0, 0.0, 0.0, 0.09791345149278641, 0.0, 0.10938356816768646, 0.0, 0.0, 0.0, 0.0]","[0.0, 0.1, 0.1, 0.1, 0.1, 0.1, 0.1, 0.1, 0.1, 0.0, 0.0, 0.0, 0.0, 0.0, 0.0, 0.0, 0.0, 0.0, 0.0, 0.0, 0.0, 0.0, 0.0, 0.0, 0.0, 0.0, 0.0, 0.0, 0.1, 0.1]","[0.01614802677909458, 0.08804587882272977, 0.10444347748593213, 0.08850944832377866, 0.10298280881430275, 0.09458210772259404, 0.09386175352117375, 0.08405320203980259, 0.10344670869657138, 0.0, 0.0, 0.0, 0.0, 0.0, 0.0, 0.0, 0.020354353326367338, 0.0, 0.003368786473468578, 0.0, 0.0009600512837132129, 0.0039824494178129785, 0.0, 0.003589457890137694, 0.010313733072139569, 0.0044819018943244105, 0.0, 0.007914970900333185, 0.07556096234309914, 0.09339992119262426]","[0.0, 0.11188148707151413, 0.07859059423208237, 0.0, 0.0, 0.0, 0.0, 0.03899417072534561, 0.0, 0.0, 0.09360290318727493, 0.0, 0.11740844696760178, 0.11740844696760178, 0.0, 0.0, 0.0, 0.0, 0.11740844696760178, 0.11740844696760178, 0.0, 0.0, 0.0, 0.09791345149278641, 0.0, 0.10938356816768646, 0.0, 0.0, 0.0, 0.0]",-0.0023911066351438776
22,1.0069660392786823,"[1.0013405888277336, 0.999928762944592, 0.9882223681829613, 1.003970213492295, 1.0018930033773301, 1.0166791306810203, 0.983401790048843, 0.9970710557092558, 0.9986402202981906, 0.9902064185300731, 0.9888670482621444, 1.0192793993128455, 0.9925775522170982, 1.0298233183281968, 0.9985906977148787, 1.0024842311098985, 0.9785362131469272, 1.0039355977983795, 1.0014156501806633, 0.9939212069201454, 1.0083049993972941, 1.0073640827939332, 1.0045014610735883, 1.0003521159430382, 1.02056775006708, 0.9820487500327241, 1.0201376149076284, 1.0036390583911348, 0.9822621208871801, 1.0015051652863298]","[0.9951147517011143, 1.0098014212365918, 0.9958731983368491, 1.0037886571963663, 0.9950377361506348, 0.9831974588794794, 1.004362821576204, 0.9797507946188808, 1.007879698833733, 1.0033145311369525, 1.0136807534137737, 1.0031808702923497, 1.0050209410931719, 1.0051982772271377, 0.9913422825856437, 0.9976471360397896, 0.9868094671286061, 0.9917161087442911, 1.0025294787252863, 0.9933938236639731, 1.0030028703387044, 1.0024765228752919, 1.0067713294776115, 0.9974912514184169, 1.0193284922141637, 1.0139959319941023, 0.988727573396622, 0.981926704297205, 1.018521203259443, 1.008866558894593]","[-0.004885248298885703, 0.009801421236591779, -0.004126801663150936, 0.0037886571963663407, -0.004962263849365156, -0.016802541120520598, 0.004362821576203935, -0.020249205381119184, 0.007879698833733073, 0.003314531136952459, 0.013680753413773727, 0.0031808702923497023, 0.00502094109317186, 0.0051982772271377264, -0.00865771741435628, -0.002352863960210394, -0.013190532871393934, -0.008283891255708942, 0.002529478725286305, -0.006606176336026892, 0.0030028703387043887, 0.0024765228752918755, 0.0067713294776114985, -0.00250874858158312, 0.01932849221416366, 0.013995931994102317, -0.011272426603378016, -0.018073295702795034, 0.018521203259443064, 0.00886655889459309]","[0.08564740419387817, 0.12087234854698181, 0.0, 0.0, 0.0, 0.0, 0.0, 0.12087234854698181, 0.0, 0.0, 0.0, 0.12008495628833771, 0.0, 0.0, 0.09173483401536942, 0.12087234854698181, 0.0, 0.0, 0.0, 0.07902514189481735, 0.0, 0.0, 0.0, 0.0, 0.0, 0.10311379283666611, 0.0, 0.0796848013997078, 0.0, 0.07809203118085861]","[0.0, 0.1, 0.1, 0.1, 0.1, 0.1, 0.1, 0.1, 0.1, 0.0, 0.0, 0.0, 0.0, 0.0, 0.0, 0.0, 0.0, 0.0, 0.0, 0.0, 0.0, 0.0, 0.0, 0.0, 0.0, 0.0, 0.0, 0.0, 0.1, 0.1]","[0.005111640719116733, 0.08798487923103407, 0.10239806004039341, 0.09184009143286528, 0.09742454483635175, 0.0785089125339089, 0.09093816005843235, 0.07978292228430102, 0.08924145705263967, 0.0, 0.01455736692451921, 0.0073797848928294505, 0.006730782642963583, 0.0001096307109346712, 0.0, 0.00668961322231447, 0.0033651370636117316, 0.0, 0.012024280166088228, 0.010296046723184989, 0.0, 0.015960694091434302, 0.0, 0.002444918318155689, 0.0038429521091655253, 0.016566682737439064, 3.904685326961889e-05, 0.0, 0.085005905335837, 0.09175649001920942]","[0.08564740419387817, 0.12087234854698181, 0.0, 0.0, 0.0, 0.0, 0.0, 0.12087234854698181, 0.0, 0.0, 0.0, 0.12008495628833771, 0.0, 0.0, 0.09173483401536942, 0.12087234854698181, 0.0, 0.0, 0.0, 0.07902514189481735, 0.0, 0.0, 0.0, 0.0, 0.0, 0.10311379283666611, 0.0, 0.0796848013997078, 0.0, 0.07809203118085861]",-0.0026931147785844104
23,0.9960230540293847,"[0.9951147517011143, 1.0098014212365918, 0.9958731983368491, 1.0037886571963663, 0.9950377361506348, 0.9831974588794794, 1.004362821576204, 0.9797507946188808, 1.007879698833733, 1.0033145311369525, 1.0136807534137737, 1.0031808702923497, 1.0050209410931719, 1.0051982772271377, 0.9913422825856437, 0.9976471360397896, 0.9868094671286061, 0.9917161087442911, 1.0025294787252863, 0.9933938236639731, 1.0030028703387044, 1.0024765228752919, 1.0067713294776115, 0.9974912514184169, 1.0193284922141637, 1.0139959319941023, 0.988727573396622, 0.981926704297205, 1.018521203259443, 1.008866558894593]","[1.0191737747170697, 0.9967943038535555, 1.0076849749490595, 0.9985102719275705, 1.0146186419844472, 0.9998530605565218, 1.0135895706100078, 0.9740154800447951, 0.9857865809436059, 0.9909743337382009, 0.9835687189401344, 1.0104680494474896, 0.9868258568871819, 1.0135988042252677, 0.9945351384532952, 0.9747498700487054, 1.0056202825672387, 1.0199095603742128, 0.9976331888138373, 0.9991044626651095, 0.9943931687240956, 0.9999446683653206, 0.9849808057790568, 0.992290981563337, 0.9885660453040704, 0.9742874526053166, 1.0050182224029114, 0.9706425081996267, 1.0272809361106845, 0.9877618326109452]","[0.019173774717069714, -0.0032056961464445033, 0.007684974949059509, -0.0014897280724295303, 0.014618641984447178, -0.0001469394434782112, 0.013589570610007762, -0.0259845199552049, -0.014213419056394061, -0.009025666261799126, -0.016431281059865577, 0.01046804944748958, -0.01317414311281806, 0.013598804225267713, -0.00546486154670478, -0.02525012995129461, 0.005620282567238677, 0.019909560374212765, -0.002366811186162665, -0.0008955373348904505, -0.005606831275904445, -5.5331634679411934e-05, -0.015019194220943222, -0.007709018436663051, -0.01143395469592956, -0.025712547394683427, 0.0050182224029113875, -0.02935749180037328, 0.027280936110684495, -0.01223816738905481]","[0.0, 0.0, 0.1056966558098793, 0.1056966558098793, 0.0, 0.0, 0.0, 0.0, 0.1056966558098793, 0.0, 0.1056966558098793, 0.0, 0.1056966558098793, 0.0, 0.0, 0.0871758982539177, 0.0, 0.0, 0.0, 0.09445986151695251, 0.0, 0.08450283855199814, 0.09968148171901703, 0.0, 0.0, 0.0, 0.0, 0.1056966558098793, 0.0, 0.0]","[0.0, 0.1, 0.1, 0.1, 0.1, 0.1, 0.1, 0.1, 0.1, 0.0, 0.0, 0.0, 0.0, 0.0, 0.0, 0.0, 0.0, 0.0, 0.0, 0.0, 0.0, 0.0, 0.0, 0.0, 0.0, 0.0, 0.0, 0.0, 0.1, 0.1]","[0.006320884494370122, 0.06996039632979557, 0.07880239039721534, 0.08750912325415151, 0.08276551513718701, 0.08269743072016873, 0.09328490319030662, 0.10786782823187074, 0.09043322677269501, 0.019987620725696095, 0.011882866501931657, 0.014126521977797674, 0.0024843813544541088, 0.0, 0.010449956693761068, 0.001738917814030365, 0.0036064030759937926, 0.006767802669526687, 0.0, 0.006281085113181069, 0.012240681315308363, 0.0, 0.0016702664737556759, 0.0050425574741849374, 0.015628376820451453, 0.0, 0.02268740481226724, 0.0010318157908134464, 0.08073712667708097, 0.08399451618200486]","[0.0, 0.0, 0.1056966558098793, 0.1056966558098793, 0.0, 0.0, 0.0, 0.0, 0.1056966558098793, 0.0, 0.1056966558098793, 0.0, 0.1056966558098793, 0.0, 0.0, 0.0871758982539177, 0.0, 0.0, 0.0, 0.09445986151695251, 0.0, 0.08450283855199814, 0.09968148171901703, 0.0, 0.0, 0.0, 0.0, 0.1056966558098793, 0.0, 0.0]",-0.011300211857012302
24,1.0021797990104826,"[1.0191737747170697, 0.9967943038535555, 1.0076849749490595, 0.9985102719275705, 1.0146186419844472, 0.9998530605565218, 1.0135895706100078, 0.9740154800447951, 0.9857865809436059, 0.9909743337382009, 0.9835687189401344, 1.0104680494474896, 0.9868258568871819, 1.0135988042252677, 0.9945351384532952, 0.9747498700487054, 1.0056202825672387, 1.0199095603742128, 0.9976331888138373, 0.9991044626651095, 0.9943931687240956, 0.9999446683653206, 0.9849808057790568, 0.992290981563337, 0.9885660453040704, 0.9742874526053166, 1.0050182224029114, 0.9706425081996267, 1.0272809361106845, 0.9877618326109452]","[1.0085164657070482, 1.0226834754697753, 0.9901075921173099, 1.0034756396447273, 1.0019944461208425, 0.9894524781307366, 1.008125077940669, 1.0295875835664088, 0.9942254815435875, 1.0218130125080194, 0.9992717849720644, 0.9988183110008133, 0.9906910197203651, 1.0136870811308434, 1.0061792331316548, 1.0043433313107109, 1.0150450157404236, 0.9972628836506238, 1.0116149474442524, 1.0057528646926837, 1.0229370266767213, 0.9980064338091683, 1.01454671194967, 1.0046940513670812, 0.9840842110859401, 0.9949280733055907, 1.017175522331902, 0.9874411777566541, 1.0199488466361648, 0.9941405955690865]","[0.008516465707048226, 0.022683475469775338, -0.00989240788269008, 0.003475639644727302, 0.0019944461208425412, -0.010547521869263443, 0.008125077940668968, 0.02958758356640878, -0.005774518456412525, 0.02181301250801937, -0.0007282150279356303, -0.001181688999186692, -0.009308980279634893, 0.013687081130843382, 0.006179233131654804, 0.004343331310710852, 0.015045015740423606, -0.002737116349376234, 0.0116149474442524, 0.005752864692683657, 0.02293702667672126, -0.001993566190831686, 0.014546711949670055, 0.004694051367081231, -0.01591578891405987, -0.005071926694409257, 0.017175522331901893, -0.012558822243345924, 0.019948846636164808, -0.005859404430913484]","[0.0, 0.0, 0.0, 0.1022658720612526, 0.1022658720612526, 0.08878643810749054, 0.0, 0.1022658720612526, 0.0, 0.0, 0.0, 0.1022658720612526, 0.0, 0.0, 0.1022658720612526, 0.0, 0.1022658720612526, 0.0, 0.0, 0.0, 0.0, 0.0, 0.09308665990829468, 0.0, 0.1022658720612526, 0.0, 0.1022658720612526, 0.0, 0.0, 0.0]","[0.0, 0.1, 0.1, 0.1, 0.1, 0.1, 0.1, 0.1, 0.1, 0.0, 0.0, 0.0, 0.0, 0.0, 0.0, 0.0, 0.0, 0.0, 0.0, 0.0, 0.0, 0.0, 0.0, 0.0, 0.0, 0.0, 0.0, 0.0, 0.1, 0.1]","[0.0, 0.08513032684577723, 0.09960599926369709, 0.10026173501021474, 0.0912875566296494, 0.0884460282725338, 0.10951630350373605, 0.09405385887962309, 0.08608594785955986, 0.01085904282623772, 0.0, 0.0, 0.009150832468292291, 0.0, 0.0059935667374525995, 0.017335496580569477, 0.0, 0.0, 0.0, 0.011281885481208722, 0.0, 0.0, 0.013876923069942662, 0.0, 0.010047358985833513, 0.0, 0.0, 0.0, 0.08980404266891355, 0.07726309491675815]","[0.0, 0.0, 0.0, 0.1022658571600914, 0.1022658571600914, 0.08878643065690994, 0.0, 0.1022658571600914, 0.0, 0.0, 0.0, 0.1022658571600914, 0.0, 0.0, 0.1022658571600914, 0.0, 0.1022658571600914, 0.0, 0.0, 0.0, 0.0, 0.0, 0.09308665245771408, 0.0, 0.1022658571600914, 0.0, 0.1022658571600914, 0.0, 0.0, 0.0]",0.005734102462588179
25,1.001722154333147,"[1.0085164657070482, 1.0226834754697753, 0.9901075921173099, 1.0034756396447273, 1.0019944461208425, 0.9894524781307366, 1.008125077940669, 1.0295875835664088, 0.9942254815435875, 1.0218130125080194, 0.9992717849720644, 0.9988183110008133, 0.9906910197203651, 1.0136870811308434, 1.0061792331316548, 1.0043433313107109, 1.0150450157404236, 0.9972628836506238, 1.0116149474442524, 1.0057528646926837, 1.0229370266767213, 0.9980064338091683, 1.01454671194967, 1.0046940513670812, 0.9840842110859401, 0.9949280733055907, 1.017175522331902, 0.9874411777566541, 1.0199488466361648, 0.9941405955690865]","[1.0008094906229779, 1.0008460388657137, 1.009825387374214, 1.01178833732453, 1.00785490975559, 0.9898534641308085, 0.9886362104494557, 0.9915602295924155, 0.9857627177227749, 0.9788979273388273, 1.0043137282216321, 0.9864266134953354, 0.9934735638696371, 1.0259111779266803, 0.994213119721865, 1.0137538311523733, 1.0064042385459395, 0.9961272018377564, 1.0033387698630387, 0.9887224303787722, 1.001065654385934, 1.017898693734802, 0.996193509507013, 1.009562139736012, 0.9946968247007584, 1.0170895994756657, 1.003082821087634, 1.008464680730389, 0.9737067042126254, 0.9964449083857738]","[0.0008094906229778598, 0.0008460388657136608, 0.009825387374214012, 0.011788337324529996, 0.00785490975559, -0.010146535869191453, -0.01136378955054429, -0.00843977040758448, -0.014237282277225094, -0.0211020726611727, 0.004313728221632118, -0.013573386504664553, -0.006526436130362856, 0.025911177926680296, -0.005786880278135009, 0.013753831152373275, 0.006404238545939522, -0.003872798162243618, 0.0033387698630387153, -0.011277569621227834, 0.0010656543859339784, 0.017898693734802018, -0.0038064904929869803, 0.009562139736011943, -0.005303175299241625, 0.017089599475665684, 0.0030828210876339135, 0.008464680730388974, -0.026293295787374604, -0.00355509161422618]","[0.0, 0.0, 0.0, 0.0, 0.09696974605321884, 0.10617322474718094, 0.10617322474718094, 0.0, 0.0, 0.10617322474718094, 0.0, 0.0, 0.0, 0.0, 0.10617322474718094, 0.0, 0.0, 0.10617322474718094, 0.0, 0.0, 0.0, 0.10442895442247391, 0.06709139049053192, 0.09447049349546432, 0.0, 0.10617322474718094, 0.0, 0.0, 0.0, 0.0]","[0.0, 0.1, 0.1, 0.1, 0.1, 0.1, 0.1, 0.1, 0.1, 0.0, 0.0, 0.0, 0.0, 0.0, 0.0, 0.0, 0.0, 0.0, 0.0, 0.0, 0.0, 0.0, 0.0, 0.0, 0.0, 0.0, 0.0, 0.0, 0.1, 0.1]","[0.008111344706386418, 0.09250290142650813, 0.08620522931630244, 0.08605283223419187, 0.1018737185796664, 0.09526949191633659, 0.09475986590963117, 0.08596655036994016, 0.10181106443453307, 0.0030452637957534496, 0.0, 0.0026819485668811423, 0.0, 0.0, 0.006987907711422453, 0.00485840174089124, 0.007633709464852222, 0.003912639957384951, 0.005001467238391849, 0.0, 0.0, 0.004982268917217576, 0.0013967805753306777, 0.01764013255709415, 0.0, 0.0, 0.0, 0.010615461285784753, 0.09435593116247995, 0.08433508813301943]","[0.0, 0.0, 0.0, 0.0, 0.09696975350379944, 0.10617323219776154, 0.10617323219776154, 0.0, 0.0, 0.10617323219776154, 0.0, 0.0, 0.0, 0.0, 0.10617323219776154, 0.0, 0.0, 0.10617323219776154, 0.0, 0.0, 0.0, 0.1044289618730545, 0.06709139794111252, 0.09447050094604492, 0.0, 0.10617323219776154, 0.0, 0.0, 0.0, 0.0]",-0.0007397188593566985
26,1.004810052307819,"[1.0008094906229779, 1.0008460388657137, 1.009825387374214, 1.01178833732453, 1.00785490975559, 0.9898534641308085, 0.9886362104494557, 0.9915602295924155, 0.9857627177227749, 0.9788979273388273, 1.0043137282216321, 0.9864266134953354, 0.9934735638696371, 1.0259111779266803, 0.994213119721865, 1.0137538311523733, 1.0064042385459395, 0.9961272018377564, 1.0033387698630387, 0.9887224303787722, 1.001065654385934, 1.017898693734802, 0.996193509507013, 1.009562139736012, 0.9946968247007584, 1.0170895994756657, 1.003082821087634, 1.008464680730389, 0.9737067042126254, 0.9964449083857738]","[0.9990753309929454, 0.9868784745795837, 1.007011400009696, 0.9963034773010923, 1.0116569862287155, 0.9949403165047811, 0.9989433259078653, 1.0063756505578616, 0.9850109511928843, 0.9815557243531025, 0.9809908076538562, 1.0131266296880246, 0.9953803440391014, 1.0144898683861872, 0.9824639965704617, 1.0150515897045107, 0.99661318278866, 0.9919858013000267, 0.9957145671656507, 0.9953962483142924, 0.9938546158161206, 0.9947439405112876, 1.0054923368831232, 1.0084763773879408, 0.9741718557871183, 0.9939101109254487, 1.0217447148442966, 1.0047808977608208, 1.0154495827522383, 1.0076063009728224]","[-0.0009246690070545682, -0.013121525420416336, 0.007011400009695912, -0.003696522698907745, 0.011656986228715471, -0.005059683495218903, -0.001056674092134724, 0.006375650557861601, -0.014989048807115712, -0.018444275646897546, -0.019009192346143844, 0.013126629688024583, -0.004619655960898639, 0.014489868386187155, -0.017536003429538316, 0.015051589704510704, -0.003386817211340043, -0.00801419869997333, -0.004285432834349345, -0.004603751685707591, -0.006145384183879443, -0.005256059488712439, 0.005492336883123228, 0.008476377387940826, -0.02582814421288171, -0.0060898890745513246, 0.02174471484429663, 0.004780897760820801, 0.015449582752238289, 0.007606300972822444]","[0.0, 0.0, 0.0, 0.08657489717006683, 0.0, 0.11324738711118698, 0.0, 0.0, 0.0, 0.0, 0.0, 0.0, 0.0, 0.0, 0.07181551307439804, 0.03735669329762459, 0.0, 0.0, 0.13526484370231628, 0.0, 0.0, 0.0, 0.13526484370231628, 0.13526484370231628, 0.0, 0.08797883242368698, 0.13526484370231628, 0.0, 0.061967309564352036, 0.0]","[0.0, 0.1, 0.1, 0.1, 0.1, 0.1, 0.1, 0.1, 0.1, 0.0, 0.0, 0.0, 0.0, 0.0, 0.0, 0.0, 0.0, 0.0, 0.0, 0.0, 0.0, 0.0, 0.0, 0.0, 0.0, 0.0, 0.0, 0.0, 0.1, 0.1]","[0.0, 0.09399737717426457, 0.08790128517804281, 0.07564091767065306, 0.10616742657882722, 0.08796975876129587, 0.10476957632472356, 0.09230712814625655, 0.08612593496949193, 0.0071384987073153045, 0.0, 0.0, 0.00032274683162468443, 0.015106180126466657, 0.0033842333957952377, 0.009546115032614811, 0.0, 0.0, 0.0, 0.01000688569671758, 0.0, 0.0014789126691903771, 0.004701216356698081, 0.0, 0.002045296226111951, 0.01697830748841742, 0.0025788632261873625, 0.0, 0.09615404353560472, 0.09567929590370022]","[0.0, 0.0, 0.0, 0.08657489717006683, 0.0, 0.11324738711118698, 0.0, 0.0, 0.0, 0.0, 0.0, 0.0, 0.0, 0.0, 0.07181551307439804, 0.03735669329762459, 0.0, 0.0, 0.13526484370231628, 0.0, 0.0, 0.0, 0.13526484370231628, 0.13526484370231628, 0.0, 0.08797883242368698, 0.13526484370231628, 0.0, 0.061967309564352036, 0.0]",0.0027154578328582022
27,1.0018071010777345,"[0.9990753309929454, 0.9868784745795837, 1.007011400009696, 0.9963034773010923, 1.0116569862287155, 0.9949403165047811, 0.9989433259078653, 1.0063756505578616, 0.9850109511928843, 0.9815557243531025, 0.9809908076538562, 1.0131266296880246, 0.9953803440391014, 1.0144898683861872, 0.9824639965704617, 1.0150515897045107, 0.99661318278866, 0.9919858013000267, 0.9957145671656507, 0.9953962483142924, 0.9938546158161206, 0.9947439405112876, 1.0054923368831232, 1.0084763773879408, 0.9741718557871183, 0.9939101109254487, 1.0217447148442966, 1.0047808977608208, 1.0154495827522383, 1.0076063009728224]","[0.9890521278290336, 0.9798805037866579, 1.0186523344054201, 0.9842455293169987, 1.0119364851003978, 0.9877070565000969, 1.0054749534377845, 0.9816145886322868, 0.9897083074825341, 0.9909811437196934, 1.0020180970907833, 0.981132380215212, 1.0088513981860103, 1.0081544542872907, 1.0066722928193397, 1.028029761444161, 1.0146821996888187, 0.9960347777482684, 1.0114748979082357, 0.9891412135808247, 1.0095986613062053, 0.9753961787647434, 0.9918396665674972, 1.0032237373420172, 0.9985304747089404, 0.9950047243942278, 1.024541250835897, 0.9831992102465624, 1.0005492986849502, 0.9900454031311192]","[-0.010947872170966377, -0.02011949621334208, 0.018652334405420135, -0.015754470683001287, 0.011936485100397798, -0.012292943499903064, 0.00547495343778448, -0.01838541136771321, -0.010291692517465867, -0.00901885628030663, 0.0020180970907832663, -0.018867619784788014, 0.008851398186010329, 0.008154454287290669, 0.006672292819339676, 0.028029761444160917, 0.014682199688818676, -0.0039652222517315705, 0.011474897908235748, -0.01085878641917526, 0.009598661306205347, -0.024603821235256618, -0.008160333432502775, 0.0032237373420171966, -0.0014695252910595924, -0.004995275605772176, 0.024541250835897088, -0.016800789753437573, 0.000549298684950239, -0.009954596868880783]","[0.10804534703493118, 0.10804534703493118, 0.0, 0.0, 0.10804534703493118, 0.10804534703493118, 0.0, 0.0, 0.0, 0.0, 0.0, 0.052895259112119675, 0.10446903854608536, 0.0, 0.0, 0.0, 0.0, 0.0, 0.0, 0.08631829172372818, 0.0, 0.0, 0.0, 0.0, 0.10804534703493118, 0.0, 0.10804534703493118, 0.0, 0.0, 0.10804534703493118]","[0.0, 0.1, 0.1, 0.1, 0.1, 0.1, 0.1, 0.1, 0.1, 0.0, 0.0, 0.0, 0.0, 0.0, 0.0, 0.0, 0.0, 0.0, 0.0, 0.0, 0.0, 0.0, 0.0, 0.0, 0.0, 0.0, 0.0, 0.0, 0.1, 0.1]","[0.014895276290745713, 0.09238492521443634, 0.1013174421406647, 0.09337254513139195, 0.09531974101455643, 0.09740402013568973, 0.08179505775965507, 0.08149905145439738, 0.10049869192058723, 0.0, 0.0, 0.006636668058018732, 0.0, 8.204499933559275e-05, 0.0036025886339879107, 0.0006475140893975686, 0.0, 0.007894790335095762, 0.0007977516494020753, 0.003636917986156627, 0.00807110252729266, 0.0, 0.013429466180285838, 0.0027231127486648334, 0.010105944435397512, 0.0, 0.0, 0.0, 0.09042917382113376, 0.09345617347370667]","[0.10804534703493118, 0.10804534703493118, 0.0, 0.0, 0.10804534703493118, 0.10804534703493118, 0.0, 0.0, 0.0, 0.0, 0.0, 0.052895259112119675, 0.10446903854608536, 0.0, 0.0, 0.0, 0.0, 0.0, 0.0, 0.08631829172372818, 0.0, 0.0, 0.0, 0.0, 0.10804534703493118, 0.0, 0.10804534703493118, 0.0, 0.0, 0.10804534703493118]",-0.0033792899218849566
28,0.9951005866452373,"[0.9890521278290336, 0.9798805037866579, 1.0186523344054201, 0.9842455293169987, 1.0119364851003978, 0.9877070565000969, 1.0054749534377845, 0.9816145886322868, 0.9897083074825341, 0.9909811437196934, 1.0020180970907833, 0.981132380215212, 1.0088513981860103, 1.0081544542872907, 1.0066722928193397, 1.028029761444161, 1.0146821996888187, 0.9960347777482684, 1.0114748979082357, 0.9891412135808247, 1.0095986613062053, 0.9753961787647434, 0.9918396665674972, 1.0032237373420172, 0.9985304747089404, 0.9950047243942278, 1.024541250835897, 0.9831992102465624, 1.0005492986849502, 0.9900454031311192]","[0.9955436805963412, 0.9903979096212462, 1.0052306575403054, 0.9722310110416867, 0.9985707008598977, 0.983743801813681, 1.0110758554458252, 0.9961650566894328, 1.0079294421778502, 1.000961949417955, 0.98872685029519, 1.0241243897416763, 1.0031357266383385, 1.0186844724539772, 1.0036310206599297, 0.9890764499708127, 0.9922382843550523, 0.9987376144799247, 1.0081979047721112, 1.0043440933362446, 1.0274137852977419, 0.9769928758712331, 1.0041285460036147, 0.9951806725984351, 0.9961370497181737, 1.0091161044164256, 1.0097372330942325, 1.0221759592997681, 0.9772095016777804, 0.9900444432729847]","[-0.0044563194036587594, -0.009602090378753814, 0.0052306575403053834, -0.027768988958313257, -0.0014292991401022581, -0.01625619818631896, 0.011075855445825233, -0.003834943310567218, 0.007929442177850188, 0.0009619494179549104, -0.01127314970480997, 0.0241243897416763, 0.0031357266383384985, 0.018684472453977197, 0.003631020659929707, -0.010923550029187323, -0.007761715644947653, -0.0012623855200752931, 0.008197904772111242, 0.0043440933362446366, 0.027413785297741855, -0.02300712412876693, 0.004128546003614675, -0.004819327401564877, -0.0038629502818262607, 0.00911610441642563, 0.009737233094232467, 0.022175959299768122, -0.022790498322219577, -0.009955556727015313]","[0.0, 0.0, 0.0, 0.10440997034311295, 0.0, 0.0862790122628212, 0.0, 0.0, 0.0, 0.0, 0.10440997034311295, 0.10440997034311295, 0.0, 0.10440997034311295, 0.0, 0.10440997034311295, 0.10440997034311295, 0.0, 0.0, 0.10440997034311295, 0.0, 0.0946330726146698, 0.0, 0.0, 0.0, 0.0, 0.0, 0.0, 0.08821814507246017, 0.0]","[0.0, 0.1, 0.1, 0.1, 0.1, 0.1, 0.1, 0.1, 0.1, 0.0, 0.0, 0.0, 0.0, 0.0, 0.0, 0.0, 0.0, 0.0, 0.0, 0.0, 0.0, 0.0, 0.0, 0.0, 0.0, 0.0, 0.0, 0.0, 0.1, 0.1]","[0.008076338346335503, 0.08206279506848853, 0.11035358029076331, 0.08100622318491991, 0.0872546808780331, 0.0986338874887956, 0.10391854985988876, 0.09304583274421782, 0.10133287782824038, 0.012725537968522669, 0.0, 0.0007585977746166211, 0.013907406255880309, 0.0, 0.011317070796688627, 0.004569495637800102, 0.0, 0.0059595951579905285, 0.010498822318655916, 0.0, 0.009683486141223857, 0.0, 0.0, 0.0, 0.0, 0.0, 0.0, 0.0, 0.09411899973573462, 0.0707762225232039]","[0.0, 0.0, 0.0, 0.10440997034311295, 0.0, 0.0862790122628212, 0.0, 0.0, 0.0, 0.0, 0.10440997034311295, 0.10440997034311295, 0.0, 0.10440997034311295, 0.0, 0.10440997034311295, 0.10440997034311295, 0.0, 0.0, 0.10440997034311295, 0.0, 0.0946330726146698, 0.0, 0.0, 0.0, 0.0, 0.0, 0.0, 0.08821814507246017, 0.0]",-0.007118229930684284
29,1.0042925878700633,"[0.9955436805963412, 0.9903979096212462, 1.0052306575403054, 0.9722310110416867, 0.9985707008598977, 0.983743801813681, 1.0110758554458252, 0.9961650566894328, 1.0079294421778502, 1.000961949417955, 0.98872685029519, 1.0241243897416763, 1.0031357266383385, 1.0186844724539772, 1.0036310206599297, 0.9890764499708127, 0.9922382843550523, 0.9987376144799247, 1.0081979047721112, 1.0043440933362446, 1.0274137852977419, 0.9769928758712331, 1.0041285460036147, 0.9951806725984351, 0.9961370497181737, 1.0091161044164256, 1.0097372330942325, 1.0221759592997681, 0.9772095016777804, 0.9900444432729847]","[0.9948499186556108, 1.022491881781396, 0.9900562008384797, 0.9949314980605033, 0.9994950338357181, 0.9930898520973372, 1.006166797691133, 1.011171917634394, 1.0048144555450969, 1.0077246975898984, 1.0250604782069883, 0.9896841929088314, 0.9963019849406877, 1.0188078026878706, 1.0148008409937055, 0.9998118100838103, 1.0055072442113027, 1.0068666721703707, 1.000262280144869, 1.008404041317725, 1.0209195943525493, 1.0119853277256539, 1.005621295292824, 1.0038877549430958, 0.9870476116868383, 1.0022916682138887, 0.979090048819697, 0.9933339863667565, 1.0084183695268572, 0.981686903686635]","[-0.005150081344389212, 0.02249188178139594, -0.009943799161520328, -0.005068501939496706, -0.0005049661642818615, -0.0069101479026627555, 0.006166797691133041, 0.011171917634394068, 0.004814455545096852, 0.007724697589898355, 0.025060478206988313, -0.010315807091168638, -0.0036980150593123318, 0.018807802687870634, 0.014800840993705489, -0.00018818991618974046, 0.005507244211302664, 0.006866672170370736, 0.0002622801448690648, 0.008404041317725097, 0.02091959435254931, 0.01198532772565386, 0.005621295292824069, 0.003887754943095789, -0.0129523883131617, 0.002291668213888709, -0.020909951180303032, -0.006666013633243484, 0.00841836952685715, -0.018313096313364974]","[0.0, 0.0, 0.08830772340297699, 0.0, 0.0, 0.0, 0.0, 0.10484284162521362, 0.0, 0.10484284162521362, 0.10484284162521362, 0.0, 0.0, 0.0, 0.07294957339763641, 0.10484284162521362, 0.0, 0.0, 0.0, 0.0, 0.10484284162521362, 0.10484284162521362, 0.10484284162521362, 0.10484284162521362, 0.0, 0.0, 0.0, 0.0, 0.0, 0.0]","[0.0, 0.1, 0.1, 0.1, 0.1, 0.1, 0.1, 0.1, 0.1, 0.0, 0.0, 0.0, 0.0, 0.0, 0.0, 0.0, 0.0, 0.0, 0.0, 0.0, 0.0, 0.0, 0.0, 0.0, 0.0, 0.0, 0.0, 0.0, 0.1, 0.1]","[0.0, 0.08419274073333184, 0.09573588257176824, 0.1116956550889162, 0.09837788437737836, 0.07843948234511108, 0.09918497603635945, 0.09513153522956648, 0.0943773490869992, 0.0, 0.0, 0.0, 0.006140768629744694, 0.0, 0.0022634812665577072, 0.0, 0.0, 0.009682879182292303, 0.012074630504644747, 0.0, 0.0, 0.0, 0.014849462830544207, 0.01064503781848289, 0.0, 0.0, 0.001356997376036388, 0.0, 0.0966536910944182, 0.08919754582784786]","[0.0, 0.0, 0.08830772340297699, 0.0, 0.0, 0.0, 0.0, 0.10484284162521362, 0.0, 0.10484284162521362, 0.10484284162521362, 0.0, 0.0, 0.0, 0.07294957339763641, 0.10484284162521362, 0.0, 0.0, 0.0, 0.0, 0.10484284162521362, 0.10484284162521362, 0.10484284162521362, 0.10484284162521362, 0.0, 0.0, 0.0, 0.0, 0.0, 0.0]",0.008806180881030568
30,0.9954518180535569,"[0.9948499186556108, 1.022491881781396, 0.9900562008384797, 0.9949314980605033, 0.9994950338357181, 0.9930898520973372, 1.006166797691133, 1.011171917634394, 1.0048144555450969, 1.0077246975898984, 1.0250604782069883, 0.9896841929088314, 0.9963019849406877, 1.0188078026878706, 1.0148008409937055, 0.9998118100838103, 1.0055072442113027, 1.0068666721703707, 1.000262280144869, 1.008404041317725, 1.0209195943525493, 1.0119853277256539, 1.005621295292824, 1.0038877549430958, 0.9870476116868383, 1.0022916682138887, 0.979090048819697, 0.9933339863667565, 1.0084183695268572, 0.981686903686635]","[1.0198950764528936, 0.9909398719560812, 1.0053324883781858, 1.0040642911770172, 0.9939333804493047, 0.99158726433409, 0.9871331577068686, 1.012082894217212, 0.9812398528345255, 1.0089780005862048, 0.9953243929327037, 0.9812903889595643, 0.9969824686999912, 1.0103103142002778, 0.9808023225928217, 0.990959575716952, 1.0074157864283997, 0.9878698800795161, 0.9862813931060302, 0.9935500380243094, 0.989287001184298, 0.9978952739068431, 1.0062265355538895, 0.9838265942196392, 0.9971555947099878, 0.9915063542672231, 0.9805595515326797, 1.0111238769794992, 0.9842187270234625, 0.9752672420320406]","[0.019895076452893568, -0.009060128043918758, 0.005332488378185785, 0.004064291177017232, -0.006066619550695318, -0.008412735665910054, -0.012866842293131397, 0.012082894217211981, -0.018760147165474472, 0.008978000586204793, -0.004675607067296306, -0.01870961104043567, -0.0030175313000088133, 0.010310314200277837, -0.01919767740717826, -0.009040424283047965, 0.007415786428399684, -0.01213011992048385, -0.013718606893969754, -0.006449961975690588, -0.01071299881570198, -0.002104726093156928, 0.006226535553889523, -0.01617340578036075, -0.0028444052900121752, -0.008493645732776889, -0.019440448467320293, 0.011123876979499236, -0.01578127297653753, -0.024732757967959373]","[0.0, 0.11072444915771484, 0.0, 0.0, 0.11545566469430923, 0.0, 0.0, 0.0, 0.07284534722566605, 0.0, 0.11545566469430923, 0.0, 0.0, 0.0, 0.0, 0.0, 0.0, 0.11545566469430923, 0.0, 0.0, 0.0, 0.0, 0.10503876954317093, 0.04618716984987259, 0.0, 0.0, 0.0, 0.08792594820261002, 0.11545566469430923, 0.11545566469430923]","[0.0, 0.1, 0.1, 0.1, 0.1, 0.1, 0.1, 0.1, 0.1, 0.0, 0.0, 0.0, 0.0, 0.0, 0.0, 0.0, 0.0, 0.0, 0.0, 0.0, 0.0, 0.0, 0.0, 0.0, 0.0, 0.0, 0.0, 0.0, 0.1, 0.1]","[0.0, 0.08795484800801011, 0.09899741581230018, 0.08936454510795856, 0.08458919429851904, 0.09600076276755255, 0.09606763074425888, 0.08540879132993949, 0.09502620388457636, 0.0, 0.0, 0.0, 0.0, 0.0, 0.005297549270606462, 0.0, 0.0, 0.0, 0.0, 0.0, 0.012673094922696826, 0.002189064023181379, 0.004026762959977655, 0.002906552683298873, 0.0, 0.002458567423396036, 0.007437383073218428, 0.01653220264677749, 0.09745868451795311, 0.11561074652577859]","[0.0, 0.11072444915771484, 0.0, 0.0, 0.11545566469430923, 0.0, 0.0, 0.0, 0.07284534722566605, 0.0, 0.11545566469430923, 0.0, 0.0, 0.0, 0.0, 0.0, 0.0, 0.11545566469430923, 0.0, 0.0, 0.0, 0.0, 0.10503876954317093, 0.04618716984987259, 0.0, 0.0, 0.0, 0.08792594820261002, 0.11545566469430923, 0.11545566469430923]",-0.009263861786895986
31,0.998639631383971,"[1.0198950764528936, 0.9909398719560812, 1.0053324883781858, 1.0040642911770172, 0.9939333804493047, 0.99158726433409, 0.9871331577068686, 1.012082894217212, 0.9812398528345255, 1.0089780005862048, 0.9953243929327037, 0.9812903889595643, 0.9969824686999912, 1.0103103142002778, 0.9808023225928217, 0.990959575716952, 1.0074157864283997, 0.9878698800795161, 0.9862813931060302, 0.9935500380243094, 0.989287001184298, 0.9978952739068431, 1.0062265355538895, 0.9838265942196392, 0.9971555947099878, 0.9915063542672231, 0.9805595515326797, 1.0111238769794992, 0.9842187270234625, 0.9752672420320406]","[0.9923567521033192, 0.9828729820999034, 0.9964085960711199, 0.9951961938759738, 1.0157587960894139, 1.0140652987583159, 1.0154125413253223, 0.9955118381778901, 0.9859853650509479, 0.9927988611235251, 0.9645621846344467, 0.9903064562844881, 1.0081813695987352, 1.0084554559979022, 1.0119682826128005, 1.028879244840887, 0.9825342953533146, 0.9988478862761164, 1.0196747935712316, 1.0112691989782556, 1.0070608351853239, 0.9920113948917627, 0.9979850369049954, 0.9985114500458699, 1.0060314212981347, 1.0116186807399528, 1.018541875395203, 1.0062181046042722, 0.9911227019245117, 0.9998072978369004]","[-0.007643247896680805, -0.01712701790009663, -0.0035914039288801325, -0.0048038061240262, 0.015758796089413885, 0.014065298758315858, 0.015412541325322326, -0.004488161822109871, -0.014014634949052085, -0.0072011388764748885, -0.03543781536555335, -0.009693543715511899, 0.008181369598735166, 0.008455455997902206, 0.011968282612800474, 0.028879244840886997, -0.017465704646685398, -0.0011521137238835744, 0.019674793571231586, 0.011269198978255623, 0.007060835185323855, -0.00798860510823729, -0.002014963095004596, -0.0014885499541300584, 0.00603142129813472, 0.011618680739952758, 0.01854187539520291, 0.00621810460427219, -0.008877298075488316, -0.00019270216309963395]","[0.0, 0.0, 0.09950671344995499, 0.0, 0.0, 0.0, 0.0, 0.0, 0.0, 0.0, 0.0, 0.0, 0.11087307333946228, 0.0, 0.08141250908374786, 0.0, 0.11087307333946228, 0.11087307333946228, 0.06607012450695038, 0.11087307333946228, 0.0, 0.0, 0.0, 0.0, 0.11087307333946228, 0.0, 0.0, 0.08777227252721786, 0.0, 0.11087307333946228]","[0.0, 0.1, 0.1, 0.1, 0.1, 0.1, 0.1, 0.1, 0.1, 0.0, 0.0, 0.0, 0.0, 0.0, 0.0, 0.0, 0.0, 0.0, 0.0, 0.0, 0.0, 0.0, 0.0, 0.0, 0.0, 0.0, 0.0, 0.0, 0.1, 0.1]","[0.0, 0.08198976513725849, 0.11017624761764422, 0.08464304192063667, 0.07903030125027923, 0.09679940706166079, 0.1069926681034806, 0.0998509424584831, 0.09682707737427299, 0.007550860539635742, 0.011732072331421694, 0.0, 0.0, 0.001038495848674038, 0.0017825225452307684, 0.01232840109860753, 0.0, 0.0, 0.0, 0.0, 0.0, 0.01022884125958351, 0.0, 0.0, 0.01046900350959154, 0.0041717845932356026, 0.0, 0.0, 0.08295004629524967, 0.10143852105505387]","[0.0, 0.0, 0.09950669854879379, 0.0, 0.0, 0.0, 0.0, 0.0, 0.0, 0.0, 0.0, 0.0, 0.11087305843830109, 0.0, 0.08141250163316727, 0.0, 0.11087305843830109, 0.11087305843830109, 0.06607011705636978, 0.11087305843830109, 0.0, 0.0, 0.0, 0.0, 0.11087305843830109, 0.0, 0.0, 0.08777226507663727, 0.0, 0.11087305843830109]",0.00283539478978519
32,0.9989369684162541,"[0.9923567521033192, 0.9828729820999034, 0.9964085960711199, 0.9951961938759738, 1.0157587960894139, 1.0140652987583159, 1.0154125413253223, 0.9955118381778901, 0.9859853650509479, 0.9927988611235251, 0.9645621846344467, 0.9903064562844881, 1.0081813695987352, 1.0084554559979022, 1.0119682826128005, 1.028879244840887, 0.9825342953533146, 0.9988478862761164, 1.0196747935712316, 1.0112691989782556, 1.0070608351853239, 0.9920113948917627, 0.9979850369049954, 0.9985114500458699, 1.0060314212981347, 1.0116186807399528, 1.018541875395203, 1.0062181046042722, 0.9911227019245117, 0.9998072978369004]","[0.9870968698774503, 1.0132819142446283, 1.000664749350177, 1.0129374771011097, 1.0138798783165415, 1.0121307681416183, 1.0121015096250847, 0.9874875838764945, 1.006321987023994, 1.0015158587204098, 1.0094122076709888, 0.9804512960236726, 0.9892482644041877, 0.9959156199736754, 0.9861578516790199, 0.9973813609139817, 0.9790118973680759, 1.0042794265383665, 1.0131087616162422, 1.0081587729527306, 1.0040938636092456, 1.0144123682443926, 0.9922515721396782, 1.0044612669035156, 1.007238595750009, 1.01125768266971, 0.987205258513518, 0.9989238592364399, 0.9989030434800898, 0.990317523841181]","[-0.012903130122549733, 0.013281914244628323, 0.0006647493501770185, 0.012937477101109707, 0.013879878316541472, 0.012130768141618287, 0.012101509625084717, -0.01251241612350551, 0.006321987023993891, 0.001515858720409824, 0.009412207670988826, -0.019548703976327353, -0.010751735595812328, -0.004084380026324608, -0.013842148320980074, -0.0026186390860183373, -0.020988102631924077, 0.004279426538366549, 0.013108761616242193, 0.008158772952730597, 0.004093863609245574, 0.014412368244392626, -0.007748427860321816, 0.0044612669035155594, 0.007238595750008958, 0.011257682669709945, -0.012794741486481964, -0.0010761407635601072, -0.0010969565199101527, -0.009682476158819009]","[0.0, 0.0, 0.10351918637752533, 0.0, 0.10351918637752533, 0.0, 0.10351918637752533, 0.0, 0.0, 0.10351918637752533, 0.0, 0.0, 0.10314380377531052, 0.0, 0.0, 0.0, 0.10351918637752533, 0.0, 0.10351918637752533, 0.0, 0.0, 0.0, 0.0, 0.08934326469898224, 0.0, 0.0, 0.0, 0.08287861943244934, 0.0, 0.10351918637752533]","[0.0, 0.1, 0.1, 0.1, 0.1, 0.1, 0.1, 0.1, 0.1, 0.0, 0.0, 0.0, 0.0, 0.0, 0.0, 0.0, 0.0, 0.0, 0.0, 0.0, 0.0, 0.0, 0.0, 0.0, 0.0, 0.0, 0.0, 0.0, 0.1, 0.1]","[0.0, 0.08957483481368879, 0.09684273948121323, 0.09311870601652332, 0.0876215176179314, 0.07850768630840509, 0.0824988817182755, 0.09389289289454487, 0.08709035549529491, 0.0, 0.0, 0.004043181483770654, 0.004000483518238304, 0.010486397286103585, 0.006447061794984227, 0.004989483119426558, 0.009160579560754781, 0.005304771657225363, 0.0, 0.01197609113065967, 0.01788121212004242, 0.005252794669621726, 0.0008649776063544052, 0.0, 0.005038232799527547, 0.0, 0.006483524268825319, 0.010164713643015633, 0.1026662001898148, 0.08609268080575783]","[0.0, 0.0, 0.10351918637752533, 0.0, 0.10351918637752533, 0.0, 0.10351918637752533, 0.0, 0.0, 0.10351918637752533, 0.0, 0.0, 0.10314380377531052, 0.0, 0.0, 0.0, 0.10351918637752533, 0.0, 0.10351918637752533, 0.0, 0.0, 0.0, 0.0, 0.08934326469898224, 0.0, 0.0, 0.0, 0.08287861943244934, 0.0, 0.10351918637752533]",-0.00010343312471338697
33,1.007481654517391,"[0.9870968698774503, 1.0132819142446283, 1.000664749350177, 1.0129374771011097, 1.0138798783165415, 1.0121307681416183, 1.0121015096250847, 0.9874875838764945, 1.006321987023994, 1.0015158587204098, 1.0094122076709888, 0.9804512960236726, 0.9892482644041877, 0.9959156199736754, 0.9861578516790199, 0.9973813609139817, 0.9790118973680759, 1.0042794265383665, 1.0131087616162422, 1.0081587729527306, 1.0040938636092456, 1.0144123682443926, 0.9922515721396782, 1.0044612669035156, 1.007238595750009, 1.01125768266971, 0.987205258513518, 0.9989238592364399, 0.9989030434800898, 0.990317523841181]","[0.9799042849179999, 1.0121298789991007, 1.0073047922910296, 1.0130247769250393, 1.012125086082168, 0.9992951803618637, 1.0066926971389496, 0.9939266819644044, 0.9927026935600156, 0.9950217099774765, 0.9916390571886488, 1.0087842579335182, 1.0077078457613569, 1.009651138585424, 1.0031162967669742, 1.0117676873874244, 1.0280795667136742, 0.9957574220348553, 0.9996820875364886, 0.9976664548512613, 1.0025743947722914, 0.994633933294243, 1.0105603766899895, 0.9839241662138215, 1.00181663615835, 1.0096050624323119, 0.9899714752208183, 1.0046238236212741, 1.0091527604382065, 1.0018297090240331]","[-0.020095715082000143, 0.012129878999100674, 0.007304792291029649, 0.013024776925039339, 0.012125086082168002, -0.0007048196381362892, 0.006692697138949599, -0.006073318035595632, -0.007297306439984386, -0.004978290022523479, -0.008360942811351246, 0.008784257933518225, 0.007707845761356857, 0.009651138585424102, 0.0031162967669742248, 0.011767687387424397, 0.028079566713674176, -0.0042425779651447115, -0.0003179124635114272, -0.002333545148738736, 0.0025743947722913774, -0.005366066705757011, 0.010560376689989548, -0.016075833786178495, 0.0018166361583500379, 0.00960506243231185, -0.010028524779181702, 0.004623823621274115, 0.009152760438206453, 0.0018297090240331215]","[0.0, 0.0, 0.0, 0.10024222731590271, 0.10024222731590271, 0.0, 0.0, 0.10024222731590271, 0.0, 0.0, 0.0, 0.0, 0.10024222731590271, 0.10024222731590271, 0.0, 0.0, 0.10024222731590271, 0.0, 0.0, 0.10024222731590271, 0.0, 0.0, 0.0, 0.0, 0.0, 0.09781991690397263, 0.0, 0.10024222731590271, 0.10024222731590271, 0.0]","[0.0, 0.1, 0.1, 0.1, 0.1, 0.1, 0.1, 0.1, 0.1, 0.0, 0.0, 0.0, 0.0, 0.0, 0.0, 0.0, 0.0, 0.0, 0.0, 0.0, 0.0, 0.0, 0.0, 0.0, 0.0, 0.0, 0.0, 0.0, 0.1, 0.1]","[0.010747157416206967, 0.08532694364137403, 0.08408957685334008, 0.09280276187162151, 0.09096416114814541, 0.0981565370592832, 0.08868350476980949, 0.09446757921212036, 0.09495605845715208, 0.0, 0.012079530906004702, 0.0, 0.013526463009263332, 0.0, 0.001748817396580117, 0.0, 0.0006861091782522151, 0.008335980364686335, 0.0, 0.00660520315399967, 0.0, 0.022874469441411457, 0.0, 0.0, 0.0, 0.004488380628720765, 0.00571260489730067, 0.0, 0.08878798463489497, 0.09496017595983272]","[0.0, 0.0, 0.0, 0.10024222731590271, 0.10024222731590271, 0.0, 0.0, 0.10024222731590271, 0.0, 0.0, 0.0, 0.0, 0.10024222731590271, 0.10024222731590271, 0.0, 0.0, 0.10024222731590271, 0.0, 0.0, 0.10024222731590271, 0.0, 0.0, 0.0, 0.0, 0.0, 0.09781991690397263, 0.0, 0.10024222731590271, 0.10024222731590271, 0.0]",0.008101377804951859
34,1.0012305837440376,"[0.9799042849179999, 1.0121298789991007, 1.0073047922910296, 1.0130247769250393, 1.012125086082168, 0.9992951803618637, 1.0066926971389496, 0.9939266819644044, 0.9927026935600156, 0.9950217099774765, 0.9916390571886488, 1.0087842579335182, 1.0077078457613569, 1.009651138585424, 1.0031162967669742, 1.0117676873874244, 1.0280795667136742, 0.9957574220348553, 0.9996820875364886, 0.9976664548512613, 1.0025743947722914, 0.994633933294243, 1.0105603766899895, 0.9839241662138215, 1.00181663615835, 1.0096050624323119, 0.9899714752208183, 1.0046238236212741, 1.0091527604382065, 1.0018297090240331]","[0.9802210492265245, 1.0181356055929351, 0.9964457410618736, 1.0108405091791506, 0.9927039892916614, 1.0150854906142655, 1.005833220907296, 1.0072097705056566, 0.9943662189390061, 0.9720265948537234, 1.0172938037812107, 0.9770746292799883, 0.9962072051954743, 1.008796186781084, 0.9863642079075593, 0.9883768948058341, 0.9907471646401157, 0.9599072339967708, 1.0271509236928005, 0.9879126184286471, 1.0192464672054466, 0.9928113061985747, 1.0030214531715147, 1.007158339862814, 1.0061140681712981, 0.9814054253433871, 1.0107358412635958, 1.0003912670333324, 1.006960725175856, 0.9975068089502787]","[-0.019778950773475468, 0.018135605592935145, -0.0035542589381264422, 0.010840509179150581, -0.007296010708338629, 0.015085490614265451, 0.005833220907295988, 0.007209770505656632, -0.005633781060993881, -0.027973405146276553, 0.017293803781210704, -0.022925370720011662, -0.0037927948045256565, 0.008796186781083959, -0.013635792092440702, -0.011623105194165873, -0.009252835359884304, -0.0400927660032292, 0.027150923692800477, -0.012087381571352918, 0.01924646720544665, -0.007188693801425283, 0.0030214531715146986, 0.0071583398628138895, 0.006114068171298115, -0.01859457465661285, 0.010735841263595836, 0.00039126703333236534, 0.006960725175856108, -0.002493191049721344]","[0.09426236897706985, 0.0, 0.0, 0.10508625209331512, 0.0, 0.0, 0.0, 0.08471788465976715, 0.0, 0.0, 0.0, 0.10508625209331512, 0.0, 0.0, 0.0, 0.08541598170995712, 0.0, 0.10508625209331512, 0.0, 0.10508625209331512, 0.10508625209331512, 0.0, 0.0, 0.0, 0.0, 0.0, 0.0, 0.10508625209331512, 0.10508625209331512, 0.0]","[0.0, 0.1, 0.1, 0.1, 0.1, 0.1, 0.1, 0.1, 0.1, 0.0, 0.0, 0.0, 0.0, 0.0, 0.0, 0.0, 0.0, 0.0, 0.0, 0.0, 0.0, 0.0, 0.0, 0.0, 0.0, 0.0, 0.0, 0.0, 0.1, 0.1]","[0.010992556480478137, 0.09784740085675651, 0.097490489022535, 0.09090870680201102, 0.09168814165627458, 0.09722248793501473, 0.08412665273330303, 0.0862087669365681, 0.07954927150672972, 0.006662126978118405, 0.0, 0.013611401482413084, 0.0, 0.0, 0.0, 0.008214791877545384, 0.01713643374855775, 0.012945589033401067, 0.0009549800308037861, 0.002787359640211485, 0.0, 0.0, 0.0019427480246154926, 0.003499020896252227, 0.0, 0.0, 0.0, 0.0063474978919501775, 0.09460702166629874, 0.09525655480016151]","[0.09426236897706985, 0.0, 0.0, 0.10508625209331512, 0.0, 0.0, 0.0, 0.08471788465976715, 0.0, 0.0, 0.0, 0.10508625209331512, 0.0, 0.0, 0.0, 0.08541598170995712, 0.0, 0.10508625209331512, 0.0, 0.10508625209331512, 0.10508625209331512, 0.0, 0.0, 0.0, 0.0, 0.0, 0.0, 0.10508625209331512, 0.10508625209331512, 0.0]",-0.006639289228113581
35,1.0050658751575658,"[0.9802210492265245, 1.0181356055929351, 0.9964457410618736, 1.0108405091791506, 0.9927039892916614, 1.0150854906142655, 1.005833220907296, 1.0072097705056566, 0.9943662189390061, 0.9720265948537234, 1.0172938037812107, 0.9770746292799883, 0.9962072051954743, 1.008796186781084, 0.9863642079075593, 0.9883768948058341, 0.9907471646401157, 0.9599072339967708, 1.0271509236928005, 0.9879126184286471, 1.0192464672054466, 0.9928113061985747, 1.0030214531715147, 1.007158339862814, 1.0061140681712981, 0.9814054253433871, 1.0107358412635958, 1.0003912670333324, 1.006960725175856, 0.9975068089502787]","[1.0042866228787792, 1.0206164596984009, 0.9904256762530451, 1.020762359051864, 0.9907300527682399, 1.0051283009026966, 0.9895733325420321, 1.008206299699508, 0.9996065191044207, 1.0145210677905292, 1.0275491423822616, 1.0105533795805959, 0.9952742041679694, 1.0137663499206166, 1.019508982823498, 0.9946505255825235, 1.0017577653452745, 1.0039829275659982, 0.9997708446363691, 1.0068314934404818, 1.0021727002056915, 1.0097015111844043, 0.9964738880314655, 0.9897392259653014, 1.0123777218260785, 0.9860100625714814, 0.9994268610886783, 0.997478866695888, 1.010689696891514, 1.0087672415104818]","[0.004286622878779234, 0.02061645969840087, -0.009574323746954883, 0.020762359051863966, -0.009269947231760112, 0.005128300902696559, -0.010426667457967942, 0.008206299699508035, -0.0003934808955793345, 0.014521067790529196, 0.027549142382261582, 0.010553379580595879, -0.004725795832030588, 0.01376634992061665, 0.019508982823498, -0.005349474417476463, 0.001757765345274498, 0.003982927565998162, -0.00022915536363088407, 0.0068314934404818395, 0.0021727002056914912, 0.009701511184404321, -0.0035261119685344733, -0.010260774034698605, 0.012377721826078547, -0.013989937428518617, -0.0005731389113217134, -0.0025211333041119666, 0.010689696891514, 0.008767241510481805]","[0.0, 0.0, 0.0, 0.10340184718370438, 0.10340184718370438, 0.0, 0.10340184718370438, 0.0, 0.08179959654808044, 0.10340184718370438, 0.0, 0.10340184718370438, 0.0, 0.0, 0.0, 0.10340184718370438, 0.0, 0.0, 0.0, 0.0, 0.0, 0.0, 0.10340184718370438, 0.0, 0.10340184718370438, 0.0, 0.0, 0.0, 0.0, 0.09098560363054276]","[0.0, 0.1, 0.1, 0.1, 0.1, 0.1, 0.1, 0.1, 0.1, 0.0, 0.0, 0.0, 0.0, 0.0, 0.0, 0.0, 0.0, 0.0, 0.0, 0.0, 0.0, 0.0, 0.0, 0.0, 0.0, 0.0, 0.0, 0.0, 0.1, 0.1]","[0.001971937185213607, 0.09041095422062186, 0.09723202929364891, 0.08556138232963699, 0.0942836632011792, 0.10476646907329584, 0.09101676999598532, 0.09308199780439534, 0.08738797310432142, 0.021637737513808382, 0.0, 0.0063731554355598696, 0.0, 0.0001797448567541656, 0.014217691242610943, 0.0033377672062752297, 0.0, 0.011173575971807851, 0.0034299901280470833, 0.005061789236736244, 0.0, 0.0, 0.0, 0.005825908837044787, 0.0, 0.0028525334271883845, 0.0, 0.0, 0.09322763210903634, 0.08696929782683231]","[0.0, 0.0, 0.0, 0.10340184718370438, 0.10340184718370438, 0.0, 0.10340184718370438, 0.0, 0.08179959654808044, 0.10340184718370438, 0.0, 0.10340184718370438, 0.0, 0.0, 0.0, 0.10340184718370438, 0.0, 0.0, 0.0, 0.0, 0.0, 0.0, 0.10340184718370438, 0.0, 0.10340184718370438, 0.0, 0.0, 0.0, 0.0, 0.09098560363054276]",0.003397767028168873
36,1.0055553989426165,"[1.0042866228787792, 1.0206164596984009, 0.9904256762530451, 1.020762359051864, 0.9907300527682399, 1.0051283009026966, 0.9895733325420321, 1.008206299699508, 0.9996065191044207, 1.0145210677905292, 1.0275491423822616, 1.0105533795805959, 0.9952742041679694, 1.0137663499206166, 1.019508982823498, 0.9946505255825235, 1.0017577653452745, 1.0039829275659982, 0.9997708446363691, 1.0068314934404818, 1.0021727002056915, 1.0097015111844043, 0.9964738880314655, 0.9897392259653014, 1.0123777218260785, 0.9860100625714814, 0.9994268610886783, 0.997478866695888, 1.010689696891514, 1.0087672415104818]","[0.9931831356396404, 1.0025263343411264, 0.994040155021411, 0.9929809753076682, 0.9882760952483013, 1.008999382860847, 0.9998083422390618, 1.0144053949134102, 0.9846774570132976, 0.985377642130618, 1.0074891524021488, 1.01647826295225, 1.0095759556784478, 0.9908899725920809, 1.0108184856505207, 1.0293966910447838, 1.0086640744989217, 1.0155387227181505, 0.9974384717143436, 0.9970158895455384, 0.9966305829505974, 0.9993799469193428, 1.0071820459204395, 1.021621497522878, 1.0270418150118874, 0.9786317305143613, 0.9995133375956152, 0.9800953931442977, 0.9964518531741134, 1.0098359518219608]","[-0.0068168643603595536, 0.0025263343411263683, -0.005959844978589035, -0.007019024692331843, -0.01172390475169871, 0.008999382860847005, -0.00019165776093821307, 0.014405394913410197, -0.015322542986702437, -0.014622357869382041, 0.007489152402148758, 0.016478262952249967, 0.009575955678447823, -0.009110027407919108, 0.010818485650520682, 0.029396691044783818, 0.008664074498921703, 0.015538722718150488, -0.002561528285656367, -0.0029841104544615638, -0.0033694170494026343, -0.0006200530806571569, 0.007182045920439473, 0.021621497522877897, 0.027041815011887405, -0.021368269485638747, -0.0004866624043847745, -0.019904606855702278, -0.0035481468258865556, 0.009835951821960842]","[0.0, 0.10138615220785141, 0.0, 0.0, 0.10138615220785141, 0.0, 0.0, 0.10138615220785141, 0.09261146932840347, 0.0, 0.09629935026168823, 0.0, 0.0, 0.10138615220785141, 0.0, 0.0, 0.0, 0.0, 0.10138615220785141, 0.10138615220785141, 0.0, 0.0, 0.0, 0.10138615220785141, 0.0, 0.0, 0.10138615220785141, 0.0, 0.0, 0.0]","[0.0, 0.1, 0.1, 0.1, 0.1, 0.1, 0.1, 0.1, 0.1, 0.0, 0.0, 0.0, 0.0, 0.0, 0.0, 0.0, 0.0, 0.0, 0.0, 0.0, 0.0, 0.0, 0.0, 0.0, 0.0, 0.0, 0.0, 0.0, 0.1, 0.1]","[0.0065923387140248, 0.09828369195118618, 0.08585780510871467, 0.08304795456021881, 0.08211654099630532, 0.09327662242534687, 0.10523345802470575, 0.11443339238820402, 0.09879050029059545, 0.01190697291106018, 0.0, 0.0, 0.003896933830803226, 0.0, 0.0, 0.0, 0.0, 0.0, 0.005451905048292547, 0.01673963358360366, 0.008360521054240313, 0.0, 0.0, 0.0, 0.0, 0.0, 0.005943562186796792, 0.0, 0.09313909726435958, 0.08692906966154187]","[0.0, 0.10138613730669022, 0.0, 0.0, 0.10138613730669022, 0.0, 0.0, 0.10138613730669022, 0.09261146187782288, 0.0, 0.09629933536052704, 0.0, 0.0, 0.10138613730669022, 0.0, 0.0, 0.0, 0.0, 0.10138613730669022, 0.10138613730669022, 0.0, 0.0, 0.0, 0.10138613730669022, 0.0, 0.0, 0.10138613730669022, 0.0, 0.0, 0.0]",0.00012160167804175207
37,1.0117163115025225,"[0.9931831356396404, 1.0025263343411264, 0.994040155021411, 0.9929809753076682, 0.9882760952483013, 1.008999382860847, 0.9998083422390618, 1.0144053949134102, 0.9846774570132976, 0.985377642130618, 1.0074891524021488, 1.01647826295225, 1.0095759556784478, 0.9908899725920809, 1.0108184856505207, 1.0293966910447838, 1.0086640744989217, 1.0155387227181505, 0.9974384717143436, 0.9970158895455384, 0.9966305829505974, 0.9993799469193428, 1.0071820459204395, 1.021621497522878, 1.0270418150118874, 0.9786317305143613, 0.9995133375956152, 0.9800953931442977, 0.9964518531741134, 1.0098359518219608]","[0.9933083146104764, 1.013359145505513, 1.004049311293037, 1.0078485826239285, 1.01248235687841, 1.000961377431992, 1.0187263419589434, 0.9725677766797166, 0.9920639438401618, 0.9862512525681199, 1.014300414652773, 0.9786731414621371, 0.9927741853716316, 0.9975758512020312, 1.0102889001069437, 1.027956734335406, 0.9723522737351025, 0.982567791466486, 0.9955844527654775, 0.9830950497153537, 0.9688267713061766, 0.9986421130462537, 0.9948502610005578, 0.9906514578789266, 0.9873010069292231, 1.0012744970587293, 0.9875516624205374, 1.0048646347318844, 0.9812049829729727, 1.0062737291583628]","[-0.006691685389523583, 0.013359145505513093, 0.0040493112930370945, 0.007848582623928513, 0.01248235687841004, 0.0009613774319920942, 0.018726341958943404, -0.02743222332028339, -0.007936056159838167, -0.013748747431880148, 0.014300414652772986, -0.02132685853786287, -0.007225814628368354, -0.002424148797968817, 0.010288900106943721, 0.02795673433540591, -0.027647726264897532, -0.017432208533514015, -0.004415547234522532, -0.016904950284646336, -0.03117322869382344, -0.001357886953746279, -0.005149738999442155, -0.009348542121073389, -0.012698993070776932, 0.0012744970587292848, -0.01244833757946262, 0.004864634731884365, -0.01879501702702735, 0.006273729158362773]","[0.0, 0.0, 0.09352412819862366, 0.09428400546312332, 0.10129554569721222, 0.09461798518896103, 0.1044304147362709, 0.0, 0.0, 0.0, 0.0, 0.0, 0.0, 0.09899767488241196, 0.0, 0.09987003356218338, 0.0, 0.0, 0.0, 0.0, 0.0, 0.0, 0.10344473272562027, 0.10476773232221603, 0.0, 0.0, 0.0, 0.0, 0.0, 0.10476773232221603]","[0.0, 0.1, 0.1, 0.1, 0.1, 0.1, 0.1, 0.1, 0.1, 0.0, 0.0, 0.0, 0.0, 0.0, 0.0, 0.0, 0.0, 0.0, 0.0, 0.0, 0.0, 0.0, 0.0, 0.0, 0.0, 0.0, 0.0, 0.0, 0.1, 0.1]","[0.006153889624517807, 0.09227964046834658, 0.09133458533463744, 0.09149510473312684, 0.09256113941084648, 0.08264928527208176, 0.07742251481715011, 0.08727096888365558, 0.0949353312367939, 0.0, 0.0, 0.0, 0.0, 0.010401016654613899, 0.0, 0.00588309296996533, 0.001153272078308754, 0.012035417493287329, 0.0016035572384119957, 0.015103560945752726, 0.021595752677015842, 0.0, 0.021094789108436957, 0.0, 0.005988459759426429, 0.010875003509776804, 0.0, 0.0, 0.10097586277273066, 0.0771877550111168]","[0.0, 0.0, 0.09352413564920425, 0.09428401291370392, 0.10129555314779282, 0.09461799263954163, 0.1044304221868515, 0.0, 0.0, 0.0, 0.0, 0.0, 0.0, 0.09899768233299255, 0.0, 0.09987004101276398, 0.0, 0.0, 0.0, 0.0, 0.0, 0.0, 0.10344474017620087, 0.10476773977279663, 0.0, 0.0, 0.0, 0.0, 0.0, 0.10476773977279663]",0.005690863441396849
38,1.0118385308582971,"[0.9933083146104764, 1.013359145505513, 1.004049311293037, 1.0078485826239285, 1.01248235687841, 1.000961377431992, 1.0187263419589434, 0.9725677766797166, 0.9920639438401618, 0.9862512525681199, 1.014300414652773, 0.9786731414621371, 0.9927741853716316, 0.9975758512020312, 1.0102889001069437, 1.027956734335406, 0.9723522737351025, 0.982567791466486, 0.9955844527654775, 0.9830950497153537, 0.9688267713061766, 0.9986421130462537, 0.9948502610005578, 0.9906514578789266, 0.9873010069292231, 1.0012744970587293, 0.9875516624205374, 1.0048646347318844, 0.9812049829729727, 1.0062737291583628]","[1.0012167998660908, 1.0010414349473176, 1.0044929298601364, 1.025780244321314, 0.9866166654255256, 1.004727739023144, 1.0139804453971613, 0.981437924042875, 1.0053335298236243, 1.013889007033738, 0.9921770831931978, 1.012168222644881, 0.9863298676274475, 1.0184640937766305, 1.0073574781285655, 1.0040730879898945, 1.0252198495788658, 0.9832943502997754, 0.9869239876824522, 0.9935059069759801, 1.0121272976460396, 0.9901281075464391, 0.9991863389022881, 0.9768582969120394, 1.0032569116251828, 1.0123278537586708, 1.0021565411151074, 0.9917410041813367, 0.996136676650466, 0.9814895262758994]","[0.0012167998660908008, 0.0010414349473175655, 0.004492929860136385, 0.025780244321313983, -0.013383334574474381, 0.00472773902314394, 0.013980445397161256, -0.018562075957125, 0.005333529823624339, 0.013889007033738077, -0.00782291680680225, 0.012168222644880933, -0.013670132372552546, 0.018464093776630497, 0.0073574781285654645, 0.004073087989894475, 0.025219849578865805, -0.01670564970022459, -0.013076012317547847, -0.006494093024019931, 0.012127297646039592, -0.009871892453560904, -0.0008136610977118597, -0.023141703087960597, 0.0032569116251828234, 0.012327853758670848, 0.0021565411151074354, -0.008258995818663295, -0.003863323349533987, -0.01851047372410064]","[0.10860734432935715, 0.0, 0.10832944512367249, 0.09053464233875275, 0.0, 0.0, 0.10860734432935715, 0.0, 0.0, 0.0, 0.0, 0.0, 0.10860734432935715, 0.10860734432935715, 0.0, 0.0, 0.0, 0.0865376740694046, 0.0, 0.0824703574180603, 0.0, 0.08909112960100174, 0.0, 0.0, 0.0, 0.0, 0.0, 0.0, 0.0, 0.10860734432935715]","[0.0, 0.1, 0.1, 0.1, 0.1, 0.1, 0.1, 0.1, 0.1, 0.0, 0.0, 0.0, 0.0, 0.0, 0.0, 0.0, 0.0, 0.0, 0.0, 0.0, 0.0, 0.0, 0.0, 0.0, 0.0, 0.0, 0.0, 0.0, 0.1, 0.1]","[0.0, 0.09467913272887286, 0.07021076547602739, 0.1054456755185384, 0.10123785554445557, 0.0884740562288162, 0.10686805169531678, 0.07920451972073947, 0.09806674214087215, 0.0, 0.0, 0.0, 0.007838378737581576, 0.0, 0.0, 0.0, 0.009450493442997787, 0.0, 0.0, 0.0, 0.0, 0.0015085476280537124, 0.0017142208990134247, 0.00794334989158199, 0.0, 0.014134915073224607, 0.0013756686884934743, 0.0, 0.11159340701075549, 0.10025421957465903]","[0.10860734432935715, 0.0, 0.10832944512367249, 0.09053464233875275, 0.0, 0.0, 0.10860734432935715, 0.0, 0.0, 0.0, 0.0, 0.0, 0.10860734432935715, 0.10860734432935715, 0.0, 0.0, 0.0, 0.0865376740694046, 0.0, 0.0824703574180603, 0.0, 0.08909112960100174, 0.0, 0.0, 0.0, 0.0, 0.0, 0.0, 0.0, 0.10860734432935715]",-0.00022798034241071414
39,1.0107302883158646,"[1.0012167998660908, 1.0010414349473176, 1.0044929298601364, 1.025780244321314, 0.9866166654255256, 1.004727739023144, 1.0139804453971613, 0.981437924042875, 1.0053335298236243, 1.013889007033738, 0.9921770831931978, 1.012168222644881, 0.9863298676274475, 1.0184640937766305, 1.0073574781285655, 1.0040730879898945, 1.0252198495788658, 0.9832943502997754, 0.9869239876824522, 0.9935059069759801, 1.0121272976460396, 0.9901281075464391, 0.9991863389022881, 0.9768582969120394, 1.0032569116251828, 1.0123278537586708, 1.0021565411151074, 0.9917410041813367, 0.996136676650466, 0.9814895262758994]","[0.9906942677142567, 1.0150799443321836, 1.0109919931857967, 1.0136235507974174, 0.9970749255817761, 0.9983190139081564, 1.0021725837766509, 1.0161978429382135, 0.9987130520387658, 0.9914186574931056, 0.9875673176190257, 1.002157471646011, 0.9996315229448549, 1.0049303838984125, 0.9973681024417993, 0.9970474182208208, 1.021763992852647, 0.9910608327109196, 1.0087661710608162, 1.0112773473916206, 0.9879947978083528, 0.9778277155099375, 0.9807275815697357, 0.9879284376767178, 0.9833043525538335, 1.0123379285988237, 1.0050323160944161, 0.9936669248463612, 0.9938534226718325, 1.0015411114458872]","[-0.009305732285743273, 0.015079944332183626, 0.010991993185796689, 0.013623550797417394, -0.002925074418223872, -0.0016809860918436392, 0.0021725837766508604, 0.01619784293821347, -0.001286947961234186, -0.008581342506894352, -0.01243268238097428, 0.0021574716460111, -0.0003684770551450889, 0.004930383898412494, -0.002631897558200702, -0.002952581779179231, 0.021763992852646963, -0.008939167289080396, 0.00876617106081623, 0.011277347391620562, -0.012005202191647246, -0.022172284490062477, -0.019272418430264282, -0.012071562323282214, -0.016695647446166473, 0.012337928598823655, 0.005032316094416123, -0.00633307515363879, -0.00614657732816748, 0.0015411114458872]","[0.0, 0.0, 0.0, 0.09022675454616547, 0.0, 0.0, 0.10086627304553986, 0.0, 0.11864978075027466, 0.08576694875955582, 0.0, 0.0, 0.0, 0.0729251354932785, 0.0, 0.0, 0.0, 0.0, 0.11864978075027466, 0.10611303150653839, 0.0, 0.06950277835130692, 0.0, 0.0, 0.11864978075027466, 0.0, 0.0, 0.0, 0.11864978075027466, 0.0]","[0.0, 0.1, 0.1, 0.1, 0.1, 0.1, 0.1, 0.1, 0.1, 0.0, 0.0, 0.0, 0.0, 0.0, 0.0, 0.0, 0.0, 0.0, 0.0, 0.0, 0.0, 0.0, 0.0, 0.0, 0.0, 0.0, 0.0, 0.0, 0.1, 0.1]","[0.006640674737040443, 0.08657599330974029, 0.0921278834593252, 0.09390664554393652, 0.09194413438237613, 0.0913738774007231, 0.09706354859453645, 0.10065638274297753, 0.09018986629832286, 0.008891709504041988, 0.0, 0.004729073815883931, 0.011776910155236298, 0.0, 0.0, 0.0, 0.0, 0.0, 0.00368218733416622, 0.010076813648699617, 0.0, 0.010229102288506441, 0.004520386813886577, 0.0, 0.0014852340226544478, 0.014030935712058643, 0.0, 0.0, 0.08595264110670009, 0.09414599912918721]","[0.0, 0.0, 0.0, 0.09022675454616547, 0.0, 0.0, 0.10086627304553986, 0.0, 0.11864978075027466, 0.08576694875955582, 0.0, 0.0, 0.0, 0.0729251354932785, 0.0, 0.0, 0.0, 0.0, 0.11864978075027466, 0.10611303150653839, 0.0, 0.06950277835130692, 0.0, 0.0, 0.11864978075027466, 0.0, 0.0, 0.0, 0.11864978075027466, 0.0]",-0.0015302431357195295
40,1.0148581081313235,"[0.9906942677142567, 1.0150799443321836, 1.0109919931857967, 1.0136235507974174, 0.9970749255817761, 0.9983190139081564, 1.0021725837766509, 1.0161978429382135, 0.9987130520387658, 0.9914186574931056, 0.9875673176190257, 1.002157471646011, 0.9996315229448549, 1.0049303838984125, 0.9973681024417993, 0.9970474182208208, 1.021763992852647, 0.9910608327109196, 1.0087661710608162, 1.0112773473916206, 0.9879947978083528, 0.9778277155099375, 0.9807275815697357, 0.9879284376767178, 0.9833043525538335, 1.0123379285988237, 1.0050323160944161, 0.9936669248463612, 0.9938534226718325, 1.0015411114458872]","[0.9874876107422718, 0.9986640724009073, 0.9977412885655488, 1.0204650481789177, 0.9888545497429487, 0.9843765159197424, 1.0057872607231275, 0.9902676527464489, 1.0137928947698647, 0.9950221415695067, 0.9848634943352744, 1.003004301841011, 1.0053201731915515, 1.0261466284522645, 1.0034331564915773, 1.0078031634465034, 1.0027703175839482, 0.9899348734900284, 1.008185614998837, 1.0053250729185406, 1.0325202340315136, 0.9979990275098908, 0.9996391664472666, 0.9983056125734485, 0.9992979691369906, 0.9999769344314123, 1.0236653417394466, 0.9963028518879743, 0.9703230167384744, 1.008112717655808]","[-0.01251238925772824, -0.0013359275990927344, -0.0022587114344512216, 0.0204650481789177, -0.01114545025705127, -0.0156234840802576, 0.005787260723127519, -0.009732347253551099, 0.013792894769864672, -0.004977858430493254, -0.015136505664725575, 0.003004301841011081, 0.005320173191551536, 0.026146628452264453, 0.0034331564915772717, 0.007803163446503447, 0.0027703175839481897, -0.0100651265099716, 0.008185614998837076, 0.005325072918540563, 0.032520234031513606, -0.0020009724901092207, -0.00036083355273341944, -0.0016943874265514802, -0.0007020308630093508, -2.306556858766573e-05, 0.023665341739446566, -0.0036971481120257055, -0.02967698326152557, 0.00811271765580801]","[0.0, 0.10116825252771378, 0.0, 0.0, 0.10116825252771378, 0.0, 0.10116825252771378, 0.10116825252771378, 0.09361845999956131, 0.0, 0.10116825252771378, 0.10116825252771378, 0.0, 0.0, 0.0, 0.0, 0.0, 0.0, 0.0, 0.0, 0.10116825252771378, 0.0, 0.0, 0.0, 0.0, 0.09703560918569565, 0.10116825252771378, 0.0, 0.0, 0.0]","[0.0, 0.1, 0.1, 0.1, 0.1, 0.1, 0.1, 0.1, 0.1, 0.0, 0.0, 0.0, 0.0, 0.0, 0.0, 0.0, 0.0, 0.0, 0.0, 0.0, 0.0, 0.0, 0.0, 0.0, 0.0, 0.0, 0.0, 0.0, 0.1, 0.1]","[0.0, 0.09185573342615605, 0.09051811082647979, 0.09761899871019167, 0.08926103467346987, 0.08940801661767762, 0.10781307248819316, 0.10015553015167217, 0.09914301380682924, 0.0, 0.0, 0.01002402806783765, 0.0, 0.0017471053280947457, 0.0, 0.0, 0.0, 0.003170319774940064, 0.002022757001076287, 0.004972315759158455, 0.0017716314045300122, 0.0, 0.0, 0.002803667628807739, 0.008659323028646285, 0.004089771094892185, 0.01412513026557976, 0.001831887792963834, 0.0853318200364815, 0.09367673211632203]","[0.0, 0.10116825252771378, 0.0, 0.0, 0.10116825252771378, 0.0, 0.10116825252771378, 0.10116825252771378, 0.09361845999956131, 0.0, 0.10116825252771378, 0.10116825252771378, 0.0, 0.0, 0.0, 0.0, 0.0, 0.0, 0.0, 0.0, 0.10116825252771378, 0.0, 0.0, 0.0, 0.0, 0.09703560918569565, 0.10116825252771378, 0.0, 0.0, 0.0]",0.0036967891733899333
41,1.0139176886560795,"[0.9874876107422718, 0.9986640724009073, 0.9977412885655488, 1.0204650481789177, 0.9888545497429487, 0.9843765159197424, 1.0057872607231275, 0.9902676527464489, 1.0137928947698647, 0.9950221415695067, 0.9848634943352744, 1.003004301841011, 1.0053201731915515, 1.0261466284522645, 1.0034331564915773, 1.0078031634465034, 1.0027703175839482, 0.9899348734900284, 1.008185614998837, 1.0053250729185406, 1.0325202340315136, 0.9979990275098908, 0.9996391664472666, 0.9983056125734485, 0.9992979691369906, 0.9999769344314123, 1.0236653417394466, 0.9963028518879743, 0.9703230167384744, 1.008112717655808]","[1.012675414543806, 0.9866750126790325, 0.9868402556541778, 0.9843829069218797, 0.9800711789562565, 0.9875110662905223, 1.0025773477617355, 1.020975098304138, 0.9989205215114635, 0.9966591909653002, 1.0091206013981209, 1.0095180112557525, 0.9891605782020999, 1.0200121038190453, 1.0163451679110267, 1.0170201644162618, 0.9991755803100203, 0.9718949027950182, 0.9975745962741231, 0.9920476941099851, 0.9945083349967918, 1.0153387456395038, 1.002226765391033, 0.9788726019530112, 0.9859470037880266, 0.9963343583622973, 0.9835467591737551, 1.022179993015865, 1.019638481687026, 0.9924843901074583]","[0.01267541454380594, -0.01332498732096754, -0.013159744345822233, -0.015617093078120314, -0.019928821043743494, -0.012488933709477679, 0.00257734776173546, 0.020975098304137907, -0.0010794784885365116, -0.0033408090346997987, 0.009120601398120876, 0.009518011255752468, -0.010839421797900095, 0.02001210381904528, 0.016345167911026692, 0.01702016441626175, -0.0008244196899797052, -0.028105097204981777, -0.0024254037258768513, -0.007952305890014943, -0.00549166500320819, 0.01533874563950377, 0.0022267653910330587, -0.02112739804698882, -0.014052996211973423, -0.0036656416377026657, -0.016453240826244886, 0.02217999301586504, 0.019638481687026088, -0.007515609892541741]","[0.0, 0.0, 0.10352626442909241, 0.0, 0.10352626442909241, 0.0, 0.0, 0.0, 0.0, 0.10193587839603424, 0.0, 0.0, 0.0, 0.0, 0.10352626442909241, 0.0, 0.10352626442909241, 0.0, 0.0, 0.0, 0.0, 0.09645520150661469, 0.10048668086528778, 0.0, 0.0, 0.0, 0.09738759696483612, 0.08610329031944275, 0.0, 0.10352626442909241]","[0.0, 0.1, 0.1, 0.1, 0.1, 0.1, 0.1, 0.1, 0.1, 0.0, 0.0, 0.0, 0.0, 0.0, 0.0, 0.0, 0.0, 0.0, 0.0, 0.0, 0.0, 0.0, 0.0, 0.0, 0.0, 0.0, 0.0, 0.0, 0.1, 0.1]","[0.007716822449777817, 0.09240343142919391, 0.08928739300267324, 0.07621551506500794, 0.08225364510171784, 0.09829076234008569, 0.09593367886054753, 0.09956687721432296, 0.10783167679063449, 0.0, 0.0, 0.0, 0.0, 0.007779182020797645, 0.0, 0.0, 0.0004280739754913741, 0.00041216365330092064, 0.010469349874776462, 0.0012854259277145952, 0.017315751585980796, 0.0, 0.0, 0.009537999606763964, 0.0, 0.007661995582969964, 0.0, 0.0, 0.10532088916479247, 0.09028936635345043]","[0.0, 0.0, 0.1035262793302536, 0.0, 0.1035262793302536, 0.0, 0.0, 0.0, 0.0, 0.10193589329719543, 0.0, 0.0, 0.0, 0.0, 0.1035262793302536, 0.0, 0.1035262793302536, 0.0, 0.0, 0.0, 0.0, 0.09645521640777588, 0.10048669576644897, 0.0, 0.0, 0.0, 0.09738761186599731, 0.08610329777002335, 0.0, 0.1035262793302536]",-0.0012245542395356852
42,1.013959432094324,"[1.012675414543806, 0.9866750126790325, 0.9868402556541778, 0.9843829069218797, 0.9800711789562565, 0.9875110662905223, 1.0025773477617355, 1.020975098304138, 0.9989205215114635, 0.9966591909653002, 1.0091206013981209, 1.0095180112557525, 0.9891605782020999, 1.0200121038190453, 1.0163451679110267, 1.0170201644162618, 0.9991755803100203, 0.9718949027950182, 0.9975745962741231, 0.9920476941099851, 0.9945083349967918, 1.0153387456395038, 1.002226765391033, 0.9788726019530112, 0.9859470037880266, 0.9963343583622973, 0.9835467591737551, 1.022179993015865, 1.019638481687026, 0.9924843901074583]","[0.9810759560887476, 1.011057602424863, 0.9768372811689688, 1.0069957349143033, 1.0060362930194693, 0.9963296975495911, 0.9924445261058693, 1.0030353245379013, 1.011780806892361, 1.0089350626941844, 0.9984492210944773, 1.0125781589553753, 1.0054095302447625, 0.9950763402511505, 0.9926947432803829, 1.0001408840943327, 0.9961456493708034, 0.9968346954833092, 0.9868438186077636, 0.99805064857237, 1.0027083493344866, 1.001695837886472, 0.9880212834677251, 1.0073570579900448, 0.997144469541335, 1.0127111662843085, 0.9792263717528601, 1.0029389505393846, 1.0059637537972275, 0.9854001232184216]","[-0.018924043911252353, 0.011057602424862978, -0.02316271883103116, 0.006995734914303275, 0.006036293019469285, -0.003670302450408891, -0.007555473894130693, 0.0030353245379013405, 0.011780806892361051, 0.008935062694184426, -0.0015507789055226873, 0.012578158955375285, 0.005409530244762539, -0.004923659748849452, -0.007305256719617126, 0.00014088409433266058, -0.00385435062919659, -0.0031653045166908367, -0.013156181392236399, -0.001949351427629975, 0.002708349334486604, 0.0016958378864719847, -0.011978716532274891, 0.007357057990044824, -0.0028555304586650454, 0.012711166284308462, -0.020773628247139908, 0.002938950539384644, 0.005963753797227467, -0.01459987678157837]","[0.0, 0.1074371412396431, 0.1074371412396431, 0.08120265603065491, 0.06719871610403061, 0.1074371412396431, 0.0, 0.0, 0.0, 0.0, 0.0, 0.0, 0.0, 0.0, 0.0, 0.0, 0.0, 0.0, 0.0, 0.10569553077220917, 0.1074371412396431, 0.0, 0.0, 0.1074371412396431, 0.0, 0.1074371412396431, 0.0, 0.0, 0.0, 0.10128025710582733]","[0.0, 0.1, 0.1, 0.1, 0.1, 0.1, 0.1, 0.1, 0.1, 0.0, 0.0, 0.0, 0.0, 0.0, 0.0, 0.0, 0.0, 0.0, 0.0, 0.0, 0.0, 0.0, 0.0, 0.0, 0.0, 0.0, 0.0, 0.0, 0.1, 0.1]","[0.0, 0.08151097282782824, 0.08976190761810762, 0.10633579587853116, 0.10160683004586374, 0.10809877053992019, 0.08631233226839033, 0.09959926945852851, 0.09965280316094428, 0.0011079033746186386, 0.0, 0.004701286288838037, 0.00669632562351797, 0.0, 0.0, 0.013459494990913791, 0.0034842382883648946, 0.00031818767131741295, 0.0, 0.0, 0.0, 0.007308000860204858, 0.0, 0.0, 0.006388578798142912, 0.0, 0.0029282379761697815, 0.0, 0.08203390177824257, 0.0986951625515551]","[0.0, 0.1074371412396431, 0.1074371412396431, 0.08120265603065491, 0.06719871610403061, 0.1074371412396431, 0.0, 0.0, 0.0, 0.0, 0.0, 0.0, 0.0, 0.0, 0.0, 0.0, 0.0, 0.0, 0.0, 0.10569553077220917, 0.1074371412396431, 0.0, 0.0, 0.1074371412396431, 0.0, 0.1074371412396431, 0.0, 0.0, 0.0, 0.10128025710582733]",-0.00038367142386899495
43,1.0182390587848618,"[0.9810759560887476, 1.011057602424863, 0.9768372811689688, 1.0069957349143033, 1.0060362930194693, 0.9963296975495911, 0.9924445261058693, 1.0030353245379013, 1.011780806892361, 1.0089350626941844, 0.9984492210944773, 1.0125781589553753, 1.0054095302447625, 0.9950763402511505, 0.9926947432803829, 1.0001408840943327, 0.9961456493708034, 0.9968346954833092, 0.9868438186077636, 0.99805064857237, 1.0027083493344866, 1.001695837886472, 0.9880212834677251, 1.0073570579900448, 0.997144469541335, 1.0127111662843085, 0.9792263717528601, 1.0029389505393846, 1.0059637537972275, 0.9854001232184216]","[0.9847572417251668, 0.9955469654880551, 1.0058018885176985, 1.004010063309694, 0.9858279909051719, 0.991758290036498, 1.0014445570933865, 1.0298659729067379, 1.000037881303902, 0.9960445178949758, 0.9718032740315277, 1.0173689409979516, 1.0050272981438224, 0.9978398033424322, 0.9836664805004092, 1.0083915644020267, 1.0162374387882145, 1.0044218201588928, 1.0043954123650474, 0.9887414093331239, 0.9937155822187153, 1.0076938622888165, 1.0008986077219444, 1.0041820835899817, 1.0130778267158305, 1.0194942701508316, 0.9881055489275526, 1.0043747229269564, 0.9865042682173211, 1.004055908192249]","[-0.015242758274833235, -0.004453034511944898, 0.0058018885176984725, 0.004010063309694001, -0.014172009094828075, -0.008241709963502042, 0.0014445570933865337, 0.02986597290673787, 3.7881303901921015e-05, -0.003955482105024166, -0.028196725968472336, 0.01736894099795161, 0.005027298143822412, -0.0021601966575678366, -0.01633351949959083, 0.008391564402026708, 0.016237438788214487, 0.0044218201588928085, 0.004395412365047369, -0.011258590666876067, -0.006284417781284746, 0.007693862288816522, 0.0008986077219443889, 0.004182083589981733, 0.013077826715830465, 0.019494270150831605, -0.011894451072447354, 0.004374722926956398, -0.013495731782678932, 0.0040559081922491025]","[0.09999999403953552, 0.0, 0.09999999403953552, 0.09999999403953552, 0.0, 0.0, 0.0, 0.0, 0.09999999403953552, 0.0, 0.0, 0.0, 0.0, 0.09999999403953552, 0.0, 0.09999999403953552, 0.0, 0.09999999403953552, 0.0, 0.0, 0.0, 0.0, 0.0, 0.0, 0.09999999403953552, 0.09999999403953552, 0.0, 0.09999999403953552, 0.0, 0.0]","[0.0, 0.1, 0.1, 0.1, 0.1, 0.1, 0.1, 0.1, 0.1, 0.0, 0.0, 0.0, 0.0, 0.0, 0.0, 0.0, 0.0, 0.0, 0.0, 0.0, 0.0, 0.0, 0.0, 0.0, 0.0, 0.0, 0.0, 0.0, 0.1, 0.1]","[0.0, 0.09994295696167263, 0.0741455967993675, 0.10715269056260707, 0.08795551992091444, 0.10626934750608008, 0.10224215812168684, 0.09099786665004006, 0.08388526758741738, 0.0, 0.002606009171508989, 0.002340157560943668, 0.014584322746067531, 0.009368597879332457, 0.0, 0.009386919760995706, 0.0012398098267690874, 0.0, 0.0, 0.010296964838828703, 0.0, 0.0, 0.0006791083500967662, 0.003958683584611002, 0.0005126816572305514, 0.00028445694447372594, 0.004973480916193473, 0.0, 0.09033631302316712, 0.0968410896299952]","[0.09999999403953552, 0.0, 0.09999999403953552, 0.09999999403953552, 0.0, 0.0, 0.0, 0.0, 0.09999999403953552, 0.0, 0.0, 0.0, 0.0, 0.09999999403953552, 0.0, 0.09999999403953552, 0.0, 0.09999999403953552, 0.0, 0.0, 0.0, 0.0, 0.0, 0.0, 0.09999999403953552, 0.09999999403953552, 0.0, 0.09999999403953552, 0.0, 0.0]",0.003826378910292707
44,1.0226766389737945,"[0.9847572417251668, 0.9955469654880551, 1.0058018885176985, 1.004010063309694, 0.9858279909051719, 0.991758290036498, 1.0014445570933865, 1.0298659729067379, 1.000037881303902, 0.9960445178949758, 0.9718032740315277, 1.0173689409979516, 1.0050272981438224, 0.9978398033424322, 0.9836664805004092, 1.0083915644020267, 1.0162374387882145, 1.0044218201588928, 1.0043954123650474, 0.9887414093331239, 0.9937155822187153, 1.0076938622888165, 1.0008986077219444, 1.0041820835899817, 1.0130778267158305, 1.0194942701508316, 0.9881055489275526, 1.0043747229269564, 0.9865042682173211, 1.004055908192249]","[1.0309529531999486, 0.9962897998106984, 1.0107993247600646, 1.011169466454314, 0.9970927704024889, 1.0172520391665938, 1.0330224976174205, 0.9942480881131925, 1.011911160805389, 1.005099842172102, 0.9944990404452625, 1.0049390403719434, 0.9792409402715644, 1.0086883781772982, 0.9969760552251532, 0.9913060612676429, 0.9942773200261597, 0.9925366087369203, 0.986631534805831, 0.9863027237876663, 0.9876740823418783, 1.0009957905218567, 0.9651405833414658, 1.0166044523501379, 0.9724309961171259, 0.9893085729934271, 1.013735135580423, 1.0242925681794084, 0.996172830854412, 1.0022682131743603]","[0.03095295319994862, -0.0037102001893015712, 0.010799324760064621, 0.011169466454314048, -0.0029072295975111073, 0.01725203916659379, 0.03302249761742049, -0.005751911886807459, 0.01191116080538901, 0.00509984217210202, -0.005500959554737506, 0.004939040371943371, -0.020759059728435614, 0.008688378177298173, -0.0030239447748467985, -0.008693938732357132, -0.00572267997384035, -0.007463391263079711, -0.01336846519416901, -0.013697276212333742, -0.012325917658121743, 0.000995790521856721, -0.034859416658534204, 0.016604452350137855, -0.027569003882874088, -0.010691427006572884, 0.013735135580422941, 0.02429256817940839, -0.0038271691455880053, 0.002268213174360323]","[0.10294384509325027, 0.0, 0.10294384509325027, 0.0, 0.0, 0.10294384509325027, 0.0, 0.0, 0.0, 0.10294384509325027, 0.0, 0.0, 0.0, 0.0, 0.0, 0.10294384509325027, 0.10294384509325027, 0.0, 0.10294384509325027, 0.0, 0.10294384509325027, 0.10294384509325027, 0.0, 0.0, 0.0, 0.0, 0.0, 0.07350535690784454, 0.0, 0.0]","[0.0, 0.1, 0.1, 0.1, 0.1, 0.1, 0.1, 0.1, 0.1, 0.0, 0.0, 0.0, 0.0, 0.0, 0.0, 0.0, 0.0, 0.0, 0.0, 0.0, 0.0, 0.0, 0.0, 0.0, 0.0, 0.0, 0.0, 0.0, 0.1, 0.1]","[0.01883817991644102, 0.08585880338927977, 0.08778481290968791, 0.09506324750492122, 0.07736053361703951, 0.08954062472153827, 0.08407687147464497, 0.08953200710568261, 0.0818529493750602, 0.0, 0.00030516219373283684, 0.0014415450893614785, 0.0, 0.0, 0.01077757290783016, 0.0009825675894779902, 0.011827674759494415, 0.007142423698154205, 0.0, 0.0, 0.004811264323565622, 0.010515518963887216, 0.0, 0.003436333945060656, 0.0011296101691542569, 0.019057918949639787, 0.010361801769215901, 0.017427605523210137, 0.09509690633962552, 0.09577806376429432]","[0.10294385254383087, 0.0, 0.10294385254383087, 0.0, 0.0, 0.10294385254383087, 0.0, 0.0, 0.0, 0.10294385254383087, 0.0, 0.0, 0.0, 0.0, 0.0, 0.10294385254383087, 0.10294385254383087, 0.0, 0.10294385254383087, 0.0, 0.10294385254383087, 0.10294385254383087, 0.0, 0.0, 0.0, 0.0, 0.0, 0.07350536435842514, 0.0, 0.0]",0.004026086093183945
45,1.0239606688279381,"[1.0309529531999486, 0.9962897998106984, 1.0107993247600646, 1.011169466454314, 0.9970927704024889, 1.0172520391665938, 1.0330224976174205, 0.9942480881131925, 1.011911160805389, 1.005099842172102, 0.9944990404452625, 1.0049390403719434, 0.9792409402715644, 1.0086883781772982, 0.9969760552251532, 0.9913060612676429, 0.9942773200261597, 0.9925366087369203, 0.986631534805831, 0.9863027237876663, 0.9876740823418783, 1.0009957905218567, 0.9651405833414658, 1.0166044523501379, 0.9724309961171259, 0.9893085729934271, 1.013735135580423, 1.0242925681794084, 0.996172830854412, 1.0022682131743603]","[0.9970822380992811, 0.9772225768886111, 1.004400115615291, 0.9770726249877327, 0.9864672074526726, 1.019508414361733, 1.0166177930508862, 1.0021924511066111, 0.9852723869568157, 0.9892995792259622, 0.993453678811993, 1.0020597522669987, 0.981749982126203, 1.0116334892922614, 1.003007477040991, 0.9953173886379304, 1.0036315229689357, 1.0014617935132, 1.0017751618477757, 0.9946668487138315, 1.0197626439061187, 1.0001958929997963, 0.9980305553454936, 0.9913021113165791, 1.0019076823903836, 1.0159682813959134, 0.9988912842945251, 0.9929273751315673, 1.003701961903826, 0.9973583990306669]","[-0.002917761900718907, -0.02277742311138886, 0.004400115615291078, -0.02292737501226727, -0.013532792547327421, 0.019508414361733006, 0.016617793050886176, 0.0021924511066111485, -0.014727613043184262, -0.010700420774037767, -0.0065463211880070205, 0.0020597522669987267, -0.018250017873796986, 0.011633489292261379, 0.0030074770409909135, -0.0046826113620696, 0.003631522968935652, 0.0014617935131999715, 0.001775161847775708, -0.005333151286168514, 0.019762643906118704, 0.0001958929997962766, -0.001969444654506436, -0.008697888683420918, 0.001907682390383636, 0.015968281395913442, -0.001108715705474883, -0.007072624868432742, 0.003701961903826101, -0.00264160096933308]","[0.10000000149011612, 0.0, 0.0, 0.0, 0.10000000149011612, 0.0, 0.10000000149011612, 0.0, 0.0, 0.0, 0.10000000149011612, 0.0, 0.0, 0.10000000149011612, 0.0, 0.10000000149011612, 0.0, 0.0, 0.0, 0.10000000149011612, 0.10000000149011612, 0.10000000149011612, 0.0, 0.0, 0.0, 0.0, 0.0, 0.0, 0.0, 0.10000000149011612]","[0.0, 0.1, 0.1, 0.1, 0.1, 0.1, 0.1, 0.1, 0.1, 0.0, 0.0, 0.0, 0.0, 0.0, 0.0, 0.0, 0.0, 0.0, 0.0, 0.0, 0.0, 0.0, 0.0, 0.0, 0.0, 0.0, 0.0, 0.0, 0.1, 0.1]","[0.0009423547474992905, 0.08748085687190976, 0.09344346110845482, 0.09345317912478954, 0.09135788957505923, 0.09019172634652921, 0.08379372895456778, 0.0842993748309913, 0.08315083596393819, 0.0, 0.016942463830116796, 0.005149460399286535, 0.0, 0.004514595483079199, 0.011293940115970862, 0.0111732277336632, 0.002616563787926525, 0.0, 0.0026987302344005427, 0.0, 0.0, 0.0, 0.014418292163058767, 0.004112871393101383, 0.005009216184590126, 0.020126936487889983, 0.0, 0.009848744480664142, 0.09013424682527442, 0.09384730335723826]","[0.10000000149011612, 0.0, 0.0, 0.0, 0.10000000149011612, 0.0, 0.10000000149011612, 0.0, 0.0, 0.0, 0.10000000149011612, 0.0, 0.0, 0.10000000149011612, 0.0, 0.10000000149011612, 0.0, 0.0, 0.0, 0.10000000149011612, 0.10000000149011612, 0.10000000149011612, 0.0, 0.0, 0.0, 0.0, 0.0, 0.0, 0.0, 0.10000000149011612]",0.0009393743019311287
46,1.0213455599673618,"[0.9970822380992811, 0.9772225768886111, 1.004400115615291, 0.9770726249877327, 0.9864672074526726, 1.019508414361733, 1.0166177930508862, 1.0021924511066111, 0.9852723869568157, 0.9892995792259622, 0.993453678811993, 1.0020597522669987, 0.981749982126203, 1.0116334892922614, 1.003007477040991, 0.9953173886379304, 1.0036315229689357, 1.0014617935132, 1.0017751618477757, 0.9946668487138315, 1.0197626439061187, 1.0001958929997963, 0.9980305553454936, 0.9913021113165791, 1.0019076823903836, 1.0159682813959134, 0.9988912842945251, 0.9929273751315673, 1.003701961903826, 0.9973583990306669]","[0.9969942628145864, 0.980685444268119, 1.009993998106524, 1.0065847881699255, 0.9969260818795586, 0.9921716822084665, 1.0292509000920487, 1.0054573283586754, 0.975904849105708, 0.9968425755406686, 0.9941611368188507, 1.0202688219757372, 1.0013569780142038, 1.008068192754153, 0.9980934791312674, 0.9805656257857213, 1.0257800558584929, 0.9714713133276986, 1.006219308994178, 0.985371257095973, 0.988051952341741, 1.002909348898089, 1.0232504586179267, 1.0105431853415388, 1.0144756932682883, 1.004310579407409, 0.9774090539473237, 1.0126874515175548, 1.0010949935762743, 1.0080000776424793]","[-0.003005737185413637, -0.01931455573188101, 0.009993998106524016, 0.006584788169925471, -0.0030739181204414434, -0.007828317791533479, 0.02925090009204867, 0.005457328358675406, -0.02409515089429204, -0.003157424459331426, -0.005838863181149345, 0.020268821975737206, 0.001356978014203758, 0.008068192754153047, -0.001906520868732553, -0.019434374214278738, 0.025780055858492856, -0.02852868667230135, 0.006219308994177997, -0.014628742904027048, -0.011948047658258965, 0.002909348898088915, 0.02325045861792674, 0.010543185341538752, 0.014475693268288348, 0.0043105794074089765, -0.02259094605267631, 0.012687451517554793, 0.0010949935762742946, 0.008000077642479342]","[0.0, 0.0, 0.0, 0.0, 0.0, 0.0, 0.1042545959353447, 0.06380642205476761, 0.0, 0.0, 0.0, 0.0, 0.0, 0.0, 0.0, 0.1042545959353447, 0.1042545959353447, 0.10239352285861969, 0.0, 0.1042545959353447, 0.1042545959353447, 0.0, 0.0, 0.0, 0.0, 0.0, 0.1042545959353447, 0.10401789098978043, 0.1042545959353447, 0.0]","[0.0, 0.1, 0.1, 0.1, 0.1, 0.1, 0.1, 0.1, 0.1, 0.0, 0.0, 0.0, 0.0, 0.0, 0.0, 0.0, 0.0, 0.0, 0.0, 0.0, 0.0, 0.0, 0.0, 0.0, 0.0, 0.0, 0.0, 0.0, 0.1, 0.1]","[0.0, 0.08875280015194839, 0.09773818414118364, 0.08735002299151619, 0.09647256249400223, 0.10135512296522534, 0.09480018794931096, 0.0928969932099715, 0.09157760827263754, 0.0, 0.011571473552073396, 0.0, 0.0, 0.006579124802642348, 0.0032673955554341663, 0.0, 0.0, 0.0, 0.0, 0.0, 0.0, 0.0010117699969073573, 0.002386857862870258, 0.01055176822579399, 0.0, 0.0, 0.007787165956781277, 0.0027880126772955984, 0.10260873600569474, 0.10050421318871103]","[0.0, 0.0, 0.0, 0.0, 0.0, 0.0, 0.1042545959353447, 0.06380642205476761, 0.0, 0.0, 0.0, 0.0, 0.0, 0.0, 0.0, 0.1042545959353447, 0.1042545959353447, 0.10239352285861969, 0.0, 0.1042545959353447, 0.1042545959353447, 0.0, 0.0, 0.0, 0.0, 0.0, 0.1042545959353447, 0.10401789098978043, 0.1042545959353447, 0.0]",-0.002930439293777011
47,1.0155657829590372,"[0.9969942628145864, 0.980685444268119, 1.009993998106524, 1.0065847881699255, 0.9969260818795586, 0.9921716822084665, 1.0292509000920487, 1.0054573283586754, 0.975904849105708, 0.9968425755406686, 0.9941611368188507, 1.0202688219757372, 1.0013569780142038, 1.008068192754153, 0.9980934791312674, 0.9805656257857213, 1.0257800558584929, 0.9714713133276986, 1.006219308994178, 0.985371257095973, 0.988051952341741, 1.002909348898089, 1.0232504586179267, 1.0105431853415388, 1.0144756932682883, 1.004310579407409, 0.9774090539473237, 1.0126874515175548, 1.0010949935762743, 1.0080000776424793]","[1.0105557423329872, 1.000651880792713, 1.006553395099915, 0.9866612621357365, 0.9821797112153879, 0.9941085230589131, 0.9833766251707652, 0.9915243898772642, 0.9915859956510832, 0.9930979843852235, 1.0143286123038335, 0.9858264828980574, 0.9925956669257701, 0.9951170733024977, 0.987477582449671, 0.9949900614423625, 0.979727056495635, 0.9764272673433373, 1.0040456787264265, 0.9666700168185312, 1.011539265319654, 0.9929105000401184, 0.9915000125768381, 1.0164225558471742, 1.0058945154631016, 1.00608672381598, 0.9898390063611023, 1.0248482310750169, 0.9979716510608319, 1.0178875923533355]","[0.010555742332987172, 0.0006518807927129444, 0.006553395099915038, -0.013338737864263539, -0.01782028878461206, -0.005891476941086937, -0.016623374829234816, -0.008475610122735788, -0.008414004348916815, -0.006902015614776547, 0.014328612303833532, -0.01417351710194259, -0.007404333074229941, -0.004882926697502343, -0.012522417550329012, -0.005009938557637539, -0.020272943504365037, -0.02357273265666271, 0.0040456787264264715, -0.03332998318146885, 0.01153926531965399, -0.007089499959881618, -0.008499987423161937, 0.016422555847174225, 0.005894515463101602, 0.006086723815980077, -0.010160993638897664, 0.02484823107501688, -0.0020283489391681453, 0.01788759235333548]","[0.11559297144412994, 0.0, 0.1197962760925293, 0.0, 0.0, 0.0, 0.0, 0.0, 0.0, 0.1197962760925293, 0.1197962760925293, 0.08344171941280365, 0.1197962760925293, 0.0, 0.0, 0.0, 0.0, 0.1197962760925293, 0.08218758553266525, 0.1197962760925293, 0.0, 0.0, 0.0, 0.0, 0.0, 0.0, 0.0, 0.0, 0.0, 0.0]","[0.0, 0.1, 0.1, 0.1, 0.1, 0.1, 0.1, 0.1, 0.1, 0.0, 0.0, 0.0, 0.0, 0.0, 0.0, 0.0, 0.0, 0.0, 0.0, 0.0, 0.0, 0.0, 0.0, 0.0, 0.0, 0.0, 0.0, 0.0, 0.1, 0.1]","[0.0, 0.08947522818894789, 0.0962286527726928, 0.08533704685949665, 0.07775241440387082, 0.10307963773392673, 0.09528917260744993, 0.09025094085315782, 0.0896656937143114, 0.0, 0.0, 0.0, 0.0024444913586500797, 0.0, 0.010733220144584084, 0.02006885111429565, 0.0001204693722494842, 0.018971128500748103, 0.0, 0.0, 0.014578621803168004, 0.0, 0.0, 0.007663843023935649, 0.00955860528246364, 0.0, 0.0, 0.0, 0.0912571575726931, 0.09752482469335821]","[0.11559297889471054, 0.0, 0.1197962835431099, 0.0, 0.0, 0.0, 0.0, 0.0, 0.0, 0.1197962835431099, 0.1197962835431099, 0.08344172686338425, 0.1197962835431099, 0.0, 0.0, 0.0, 0.0, 0.1197962835431099, 0.08218759298324585, 0.1197962835431099, 0.0, 0.0, 0.0, 0.0, 0.0, 0.0, 0.0, 0.0, 0.0, 0.0]",-0.006115052994218043
48,1.0142751344714078,"[1.0105557423329872, 1.000651880792713, 1.006553395099915, 0.9866612621357365, 0.9821797112153879, 0.9941085230589131, 0.9833766251707652, 0.9915243898772642, 0.9915859956510832, 0.9930979843852235, 1.0143286123038335, 0.9858264828980574, 0.9925956669257701, 0.9951170733024977, 0.987477582449671, 0.9949900614423625, 0.979727056495635, 0.9764272673433373, 1.0040456787264265, 0.9666700168185312, 1.011539265319654, 0.9929105000401184, 0.9915000125768381, 1.0164225558471742, 1.0058945154631016, 1.00608672381598, 0.9898390063611023, 1.0248482310750169, 0.9979716510608319, 1.0178875923533355]","[1.0042684249965343, 1.0105954877336274, 1.0146434728906568, 1.0101533159412333, 1.0101824641875865, 1.0062119151875655, 0.9858625132272651, 0.9920086420571531, 0.9947412003708782, 0.9726257219110304, 1.0004456009456941, 1.0165295733042599, 1.0103997084851146, 1.000350169630363, 1.0203958252262162, 0.9989763433971963, 1.003996292228483, 1.0072031877569176, 1.0050370588821893, 0.9992791022914529, 0.9998836288212647, 0.9955665290119673, 0.9732310905122853, 1.015340288057519, 0.9897866027459293, 1.0164105512329724, 1.0127915201404274, 0.9933770505733126, 1.01648263211844, 0.9892744558966255]","[0.004268424996534348, 0.010595487733627396, 0.014643472890656817, 0.010153315941233254, 0.010182464187586504, 0.0062119151875654754, -0.014137486772734853, -0.007991357942846888, -0.005258799629121791, -0.02737427808896964, 0.00044560094569412456, 0.01652957330425986, 0.010399708485114623, 0.0003501696303629398, 0.02039582522621619, -0.0010236566028036798, 0.003996292228483078, 0.0072031877569176395, 0.005037058882189305, -0.000720897708547108, -0.00011637117873530833, -0.004433470988032706, -0.02676890948771471, 0.01534028805751908, -0.010213397254070666, 0.016410551232972415, 0.012791520140427393, -0.006622949426687397, 0.01648263211843992, -0.010725544103374451]","[0.0, 0.0, 0.0, 0.0, 0.10237102955579758, 0.10237102955579758, 0.10237102955579758, 0.10237102955579758, 0.0, 0.0, 0.0, 0.0, 0.08994309604167938, 0.0, 0.0, 0.0, 0.0, 0.0, 0.10237102955579758, 0.0, 0.0, 0.09108873456716537, 0.10237102955579758, 0.0, 0.0, 0.0, 0.0, 0.10237102955579758, 0.10237102955579758, 0.0]","[0.0, 0.1, 0.1, 0.1, 0.1, 0.1, 0.1, 0.1, 0.1, 0.0, 0.0, 0.0, 0.0, 0.0, 0.0, 0.0, 0.0, 0.0, 0.0, 0.0, 0.0, 0.0, 0.0, 0.0, 0.0, 0.0, 0.0, 0.0, 0.1, 0.1]","[0.005464996191351908, 0.09609686294114836, 0.09076870448682389, 0.0863289716302713, 0.09391220917039118, 0.09837087266164896, 0.09131039859838555, 0.09407873019345443, 0.10573350152262265, 0.005436720148456396, 0.0, 0.0069270588163228685, 0.0, 0.007646418188851579, 0.0, 0.0, 0.0, 0.0, 0.009426086327185543, 0.0, 0.0, 0.003365690325500428, 0.0, 0.0, 0.0, 0.008492777942567389, 0.012281655376552165, 5.85627260509028e-05, 0.0926025049461237, 0.09169727780629092]","[0.0, 0.0, 0.0, 0.0, 0.10237102955579758, 0.10237102955579758, 0.10237102955579758, 0.10237102955579758, 0.0, 0.0, 0.0, 0.0, 0.08994309604167938, 0.0, 0.0, 0.0, 0.0, 0.0, 0.10237102955579758, 0.0, 0.0, 0.09108873456716537, 0.10237102955579758, 0.0, 0.0, 0.0, 0.0, 0.10237102955579758, 0.10237102955579758, 0.0]",-0.0016585903171620457
49,1.0191066863675458,"[1.0042684249965343, 1.0105954877336274, 1.0146434728906568, 1.0101533159412333, 1.0101824641875865, 1.0062119151875655, 0.9858625132272651, 0.9920086420571531, 0.9947412003708782, 0.9726257219110304, 1.0004456009456941, 1.0165295733042599, 1.0103997084851146, 1.000350169630363, 1.0203958252262162, 0.9989763433971963, 1.003996292228483, 1.0072031877569176, 1.0050370588821893, 0.9992791022914529, 0.9998836288212647, 0.9955665290119673, 0.9732310905122853, 1.015340288057519, 0.9897866027459293, 1.0164105512329724, 1.0127915201404274, 0.9933770505733126, 1.01648263211844, 0.9892744558966255]","[1.0100781257143492, 0.9831590312462064, 0.9755649433555232, 0.9922281062064116, 1.0078631955908457, 1.0119777062627973, 1.0173356096521837, 1.0208448159989085, 1.0020372274466538, 1.0022977702437408, 0.9959048622164979, 0.9930685483861569, 1.0108981736358624, 1.0089609868959521, 1.006435551999857, 1.0020290022448408, 0.998035814500339, 0.984471715736398, 0.9844937552310767, 0.9885411562506798, 1.0083292455145032, 0.9808723703152596, 1.0042574830386943, 1.0195199467581724, 0.998190050461508, 1.0163586701754492, 1.0078658717315896, 1.0312894832039703, 1.0054205524323652, 0.9890205261791182]","[0.010078125714349184, -0.016840968753793595, -0.02443505664447676, -0.007771893793588447, 0.007863195590845695, 0.01197770626279726, 0.017335609652183726, 0.020844815998908528, 0.0020372274466538, 0.002297770243740782, -0.004095137783502123, -0.00693145161384312, 0.01089817363586243, 0.00896098689595215, 0.006435551999856903, 0.0020290022448408163, -0.001964185499661042, -0.015528284263601977, -0.01550624476892326, -0.011458843749320158, 0.008329245514503203, -0.019127629684740355, 0.004257483038694332, 0.01951994675817237, -0.0018099495384920061, 0.01635867017544923, 0.007865871731589591, 0.03128948320397029, 0.005420552432365167, -0.010979473820881824]","[0.07540588080883026, 0.0, 0.0, 0.10528753697872162, 0.11572442203760147, 0.0, 0.0, 0.11572442203760147, 0.0, 0.0, 0.0, 0.0, 0.11572442203760147, 0.0, 0.0, 0.0, 0.0, 0.11572442203760147, 0.0, 0.0, 0.04749841243028641, 0.0, 0.0, 0.0, 0.0, 0.11572442203760147, 0.09911415725946426, 0.0, 0.0, 0.09407182782888412]","[0.0, 0.1, 0.1, 0.1, 0.1, 0.1, 0.1, 0.1, 0.1, 0.0, 0.0, 0.0, 0.0, 0.0, 0.0, 0.0, 0.0, 0.0, 0.0, 0.0, 0.0, 0.0, 0.0, 0.0, 0.0, 0.0, 0.0, 0.0, 0.1, 0.1]","[0.013081208694576048, 0.08918830505540692, 0.07992977036074185, 0.09744467579633845, 0.09918423174806563, 0.09049963559944435, 0.08733786341341296, 0.09514954003546088, 0.09286808052922892, 0.0011542035827888724, 0.0, 0.0056327748605147256, 0.0, 0.0, 0.004129321595642842, 0.0, 0.00013609284150682688, 0.009869720619167716, 0.0, 0.008140412362625598, 0.0, 0.0, 0.01614505582646163, 0.0011418389972360449, 0.01396533810620536, 0.0, 0.0, 0.0011864801495990885, 0.0989207036399041, 0.09489474618567112]","[0.07540588825941086, 0.0, 0.0, 0.10528754442930222, 0.11572442948818207, 0.0, 0.0, 0.11572442948818207, 0.0, 0.0, 0.0, 0.0, 0.11572442948818207, 0.0, 0.0, 0.0, 0.0, 0.11572442948818207, 0.0, 0.0, 0.047498416155576706, 0.0, 0.0, 0.0, 0.0, 0.11572442948818207, 0.09911416471004486, 0.0, 0.0, 0.09407183527946472]",0.004355209739085769
50,1.0197625740835163,"[1.0100781257143492, 0.9831590312462064, 0.9755649433555232, 0.9922281062064116, 1.0078631955908457, 1.0119777062627973, 1.0173356096521837, 1.0208448159989085, 1.0020372274466538, 1.0022977702437408, 0.9959048622164979, 0.9930685483861569, 1.0108981736358624, 1.0089609868959521, 1.006435551999857, 1.0020290022448408, 0.998035814500339, 0.984471715736398, 0.9844937552310767, 0.9885411562506798, 1.0083292455145032, 0.9808723703152596, 1.0042574830386943, 1.0195199467581724, 0.998190050461508, 1.0163586701754492, 1.0078658717315896, 1.0312894832039703, 1.0054205524323652, 0.9890205261791182]","[0.9904341274488654, 0.9856572456113557, 0.9665992623087777, 1.0072147052990494, 0.9958554591169854, 1.010401608684, 0.9995172721926656, 1.0069786776390348, 0.9734615615099103, 1.014616894606373, 1.0035730157396312, 0.993248379863323, 1.0017922834703827, 0.9949860171650061, 0.99388586442164, 0.9903209288119389, 1.020205728423081, 0.98873303633106, 1.0129746291643937, 0.9938655189556923, 1.0163795513737395, 0.9984945457406307, 0.9768552028665676, 1.0098756238066549, 1.011164422095537, 1.0065542932907157, 0.990940658283078, 0.9964391041201449, 0.9840537001584818, 0.99972058673626]","[-0.009565872551134613, -0.014342754388644297, -0.033400737691222315, 0.00721470529904944, -0.004144540883014636, 0.010401608683999974, -0.00048272780733438214, 0.006978677639034814, -0.026538438490089744, 0.014616894606372943, 0.0035730157396312023, -0.006751620136676961, 0.0017922834703827384, -0.00501398283499388, -0.006114135578360047, -0.009679071188061106, 0.020205728423080993, -0.011266963668939978, 0.012974629164393736, -0.006134481044307694, 0.016379551373739476, -0.001505454259369321, -0.023144797133432427, 0.009875623806654854, 0.011164422095536919, 0.006554293290715663, -0.00905934171692202, -0.003560895879855086, -0.015946299841518186, -0.00027941326374003594]","[0.10208860784769058, 0.10208860784769058, 0.0, 0.0, 0.0, 0.10208860784769058, 0.0, 0.10208860784769058, 0.0, 0.0, 0.10208860784769058, 0.0, 0.0, 0.0, 0.0, 0.0, 0.0, 0.10208860784769058, 0.09700334072113037, 0.0, 0.10208860784769058, 0.0, 0.0, 0.0, 0.0, 0.09638337045907974, 0.0, 0.0, 0.09199302643537521, 0.0]","[0.0, 0.1, 0.1, 0.1, 0.1, 0.1, 0.1, 0.1, 0.1, 0.0, 0.0, 0.0, 0.0, 0.0, 0.0, 0.0, 0.0, 0.0, 0.0, 0.0, 0.0, 0.0, 0.0, 0.0, 0.0, 0.0, 0.0, 0.0, 0.1, 0.1]","[0.016233849567168092, 0.0788023664976328, 0.09724798930192895, 0.08918579985567918, 0.08328212582580576, 0.07696934233444669, 0.10922559470694944, 0.08510925072962865, 0.0869020544376565, 0.0026502043561025613, 0.0, 0.0, 0.0, 0.0, 0.00038935093648477694, 0.0, 0.0, 0.022796228168618787, 0.005876359875842943, 0.00445032487417471, 0.008583884238816107, 0.015523510749082568, 0.0, 0.005131918692975418, 0.0, 0.005503205760073166, 0.010891568100979344, 0.0138758605081818, 0.096567754280131, 0.08480145620164076]","[0.10208860784769058, 0.10208860784769058, 0.0, 0.0, 0.0, 0.10208860784769058, 0.0, 0.10208860784769058, 0.0, 0.0, 0.10208860784769058, 0.0, 0.0, 0.0, 0.0, 0.0, 0.0, 0.10208860784769058, 0.09700334072113037, 0.0, 0.10208860784769058, 0.0, 0.0, 0.0, 0.0, 0.09638337045907974, 0.0, 0.0, 0.09199302643537521, 0.0]",0.00021164647473791815
51,1.016468846228656,"[0.9904341274488654, 0.9856572456113557, 0.9665992623087777, 1.0072147052990494, 0.9958554591169854, 1.010401608684, 0.9995172721926656, 1.0069786776390348, 0.9734615615099103, 1.014616894606373, 1.0035730157396312, 0.993248379863323, 1.0017922834703827, 0.9949860171650061, 0.99388586442164, 0.9903209288119389, 1.020205728423081, 0.98873303633106, 1.0129746291643937, 0.9938655189556923, 1.0163795513737395, 0.9984945457406307, 0.9768552028665676, 1.0098756238066549, 1.011164422095537, 1.0065542932907157, 0.990940658283078, 0.9964391041201449, 0.9840537001584818, 0.99972058673626]","[0.9968777686352331, 1.0250008926104115, 1.0026684428466663, 0.9794047156851405, 1.015083675361428, 1.008660291230988, 0.9876128739938865, 0.9880579624579835, 0.9922454151864816, 0.9937156444238922, 1.0005294531844264, 1.009621505781299, 1.0115214230513803, 0.9996612627525063, 1.000160681759576, 0.9974147265126919, 0.9881585155782072, 1.0036363454813206, 0.9927227407243991, 1.0088835369934364, 1.0039867444686938, 0.9935306730389046, 0.9974905070057852, 1.0007560207888142, 0.9985731789216622, 1.0137920360629264, 1.0055026869514925, 0.9961528361772929, 0.9932381471021602, 1.0028527207481421]","[-0.0031222313647668587, 0.025000892610411496, 0.0026684428466663412, -0.020595284314859463, 0.015083675361428073, 0.008660291230988104, -0.01238712600611347, -0.011942037542016504, -0.007754584813518428, -0.006284355576107847, 0.0005294531844264316, 0.009621505781298945, 0.011521423051380264, -0.00033873724749367007, 0.00016068175957606456, -0.002585273487308082, -0.01184148442179278, 0.0036363454813206353, -0.007277259275600856, 0.008883536993436358, 0.003986744468693848, -0.006469326961095367, -0.002509492994214768, 0.0007560207888142045, -0.0014268210783378033, 0.01379203606292645, 0.005502686951492475, -0.0038471638227071114, -0.006761852897839815, 0.0028527207481421346]","[0.10000000894069672, 0.0, 0.10000000894069672, 0.10000000894069672, 0.0, 0.0, 0.0, 0.0, 0.10000000894069672, 0.0, 0.0, 0.0, 0.0, 0.0, 0.0, 0.10000000894069672, 0.10000000894069672, 0.0, 0.0, 0.0, 0.0, 0.10000000894069672, 0.0, 0.10000000894069672, 0.0, 0.10000000894069672, 0.0, 0.0, 0.0, 0.10000000894069672]","[0.0, 0.1, 0.1, 0.1, 0.1, 0.1, 0.1, 0.1, 0.1, 0.0, 0.0, 0.0, 0.0, 0.0, 0.0, 0.0, 0.0, 0.0, 0.0, 0.0, 0.0, 0.0, 0.0, 0.0, 0.0, 0.0, 0.0, 0.0, 0.1, 0.1]","[0.011998021972401109, 0.08834658462811215, 0.08986706958733694, 0.10287530164133574, 0.09734566723572159, 0.08869792922989687, 0.08392051162698602, 0.08372644670392326, 0.08138236009815432, 0.0036064975371556817, 0.0037124937141126413, 0.0, 7.924977032589029e-05, 0.0, 0.0, 0.0, 0.0075355794092614465, 0.0, 0.007941165084631736, 0.0, 0.01080546736133874, 0.0, 0.013902419772392703, 0.022963019827725646, 0.0, 0.003770096070657088, 0.002482836689033048, 0.0048425125366585164, 0.08506799710250584, 0.10513077240033297]","[0.10000000894069672, 0.0, 0.10000000894069672, 0.10000000894069672, 0.0, 0.0, 0.0, 0.0, 0.10000000894069672, 0.0, 0.0, 0.0, 0.0, 0.0, 0.0, 0.10000000894069672, 0.10000000894069672, 0.0, 0.0, 0.0, 0.0, 0.10000000894069672, 0.0, 0.10000000894069672, 0.0, 0.10000000894069672, 0.0, 0.0, 0.0, 0.10000000894069672]",-0.0036073101204164033
52,1.0148889535843604,"[0.9968777686352331, 1.0250008926104115, 1.0026684428466663, 0.9794047156851405, 1.015083675361428, 1.008660291230988, 0.9876128739938865, 0.9880579624579835, 0.9922454151864816, 0.9937156444238922, 1.0005294531844264, 1.009621505781299, 1.0115214230513803, 0.9996612627525063, 1.000160681759576, 0.9974147265126919, 0.9881585155782072, 1.0036363454813206, 0.9927227407243991, 1.0088835369934364, 1.0039867444686938, 0.9935306730389046, 0.9974905070057852, 1.0007560207888142, 0.9985731789216622, 1.0137920360629264, 1.0055026869514925, 0.9961528361772929, 0.9932381471021602, 1.0028527207481421]","[0.9919826787533703, 0.9921195571633662, 0.985588031984653, 0.9967994559009732, 1.0001524717800168, 1.0035217995014094, 0.9987270192394234, 0.9919381084215264, 0.9986356954150567, 0.9979323822173141, 0.9839749815628174, 1.0071152013962907, 0.9919603348334772, 0.9751251597071701, 1.0038048633985506, 1.00949129995391, 1.0247941088614343, 0.9943351785987146, 1.0297983283224186, 0.990519608265345, 0.9855637350720146, 0.9984112517041782, 0.988019740790647, 0.9933688896335735, 0.9874532581347181, 0.9917539671296516, 1.0087193834279933, 1.0080029075790955, 1.0209266527412848, 0.9971827521227964]","[-0.008017321246629683, -0.007880442836633805, -0.014411968015347054, -0.003200544099026814, 0.00015247178001676076, 0.003521799501409406, -0.0012729807605765808, -0.00806189157847359, -0.0013643045849432989, -0.0020676177826859377, -0.016025018437182625, 0.007115201396290738, -0.00803966516652277, -0.024874840292829936, 0.003804863398550573, 0.00949129995391007, 0.024794108861434294, -0.005664821401285436, 0.029798328322418577, -0.00948039173465498, -0.014436264927985443, -0.0015887482958217847, -0.011980259209352973, -0.006631110366426496, -0.01254674186528193, -0.008246032870348419, 0.008719383427993277, 0.008002907579095497, 0.0209266527412848, -0.0028172478772036103]","[0.0, 0.0, 0.10281539708375931, 0.10281539708375931, 0.0, 0.10281539708375931, 0.10281539708375931, 0.10281539708375931, 0.0, 0.0, 0.0, 0.0, 0.09243715554475784, 0.0, 0.0, 0.0, 0.0, 0.10281539708375931, 0.0902218148112297, 0.0, 0.0, 0.0, 0.0, 0.0, 0.10281539708375931, 0.0, 0.0, 0.09763318300247192, 0.0, 0.0]","[0.0, 0.1, 0.1, 0.1, 0.1, 0.1, 0.1, 0.1, 0.1, 0.0, 0.0, 0.0, 0.0, 0.0, 0.0, 0.0, 0.0, 0.0, 0.0, 0.0, 0.0, 0.0, 0.0, 0.0, 0.0, 0.0, 0.0, 0.0, 0.1, 0.1]","[0.0, 0.07495450193460651, 0.0990398091416241, 0.09348774986332035, 0.08560743377930588, 0.08990172135274797, 0.09967601657678583, 0.108637586252887, 0.10013628382909065, 0.0, 0.010083985361578481, 0.0, 0.0, 0.0028793939434626267, 0.005130472580566925, 0.007358414655447252, 0.0, 0.0023899320096388435, 0.0, 0.007064406880629493, 0.0054832814925080894, 0.0, 0.0, 0.0, 0.010020644295925533, 0.0, 0.0032635925982548047, 0.0, 0.09930758836077522, 0.09557718509084444]","[0.0, 0.0, 0.1028154045343399, 0.1028154045343399, 0.0, 0.1028154045343399, 0.1028154045343399, 0.1028154045343399, 0.0, 0.0, 0.0, 0.0, 0.09243716299533844, 0.0, 0.0, 0.0, 0.0, 0.1028154045343399, 0.0902218222618103, 0.0, 0.0, 0.0, 0.0, 0.0, 0.1028154045343399, 0.0, 0.0, 0.09763319045305252, 0.0, 0.0]",-0.0019347557560862167
53,1.014350835870575,"[0.9919826787533703, 0.9921195571633662, 0.985588031984653, 0.9967994559009732, 1.0001524717800168, 1.0035217995014094, 0.9987270192394234, 0.9919381084215264, 0.9986356954150567, 0.9979323822173141, 0.9839749815628174, 1.0071152013962907, 0.9919603348334772, 0.9751251597071701, 1.0038048633985506, 1.00949129995391, 1.0247941088614343, 0.9943351785987146, 1.0297983283224186, 0.990519608265345, 0.9855637350720146, 0.9984112517041782, 0.988019740790647, 0.9933688896335735, 0.9874532581347181, 0.9917539671296516, 1.0087193834279933, 1.0080029075790955, 1.0209266527412848, 0.9971827521227964]","[1.0111428771798083, 0.9970914561774469, 1.0115358633630855, 0.9777458095334407, 0.9992641686425144, 0.9886256033557533, 0.9877830706144493, 1.0075381115808457, 0.9983331772987569, 1.0115063843867371, 0.984471688469885, 0.9783653970317042, 1.0033471910031042, 0.9839275468449551, 1.0100851008254248, 1.007167674706035, 0.9984825077288376, 1.0266168598583478, 1.0024057361557612, 1.000248707680242, 0.9802877744800105, 1.0118486723440634, 1.0071838056912994, 1.009057951583134, 1.0123334660753691, 1.0032493391359336, 0.9727434383090988, 1.0143947100594466, 1.002494342495168, 1.0180831855182895]","[0.01114287717980833, -0.0029085438225531224, 0.011535863363085541, -0.022254190466559298, -0.0007358313574855613, -0.011374396644246665, -0.012216929385550745, 0.007538111580845719, -0.0016668227012430759, 0.011506384386737123, -0.015528311530115024, -0.02163460296829578, 0.0033471910031042107, -0.016072453155044908, 0.010085100825424798, 0.0071676747060349655, -0.0015174922711623795, 0.02661685985834783, 0.002405736155761229, 0.0002487076802419885, -0.019712225519989524, 0.011848672344063393, 0.007183805691299394, 0.009057951583133939, 0.012333466075369115, 0.0032493391359336155, -0.027256561690901182, 0.014394710059446592, 0.0024943424951680004, 0.01808318551828947]","[0.08467364311218262, 0.0, 0.06268858909606934, 0.0, 0.0, 0.0, 0.10767350345849991, 0.0, 0.0, 0.0, 0.0, 0.10767350345849991, 0.0, 0.10767350345849991, 0.0, 0.0, 0.0, 0.10767350345849991, 0.0, 0.09892328083515167, 0.0, 0.10767350345849991, 0.0, 0.0, 0.0, 0.0, 0.10767350345849991, 0.0, 0.0, 0.10767350345849991]","[0.0, 0.1, 0.1, 0.1, 0.1, 0.1, 0.1, 0.1, 0.1, 0.0, 0.0, 0.0, 0.0, 0.0, 0.0, 0.0, 0.0, 0.0, 0.0, 0.0, 0.0, 0.0, 0.0, 0.0, 0.0, 0.0, 0.0, 0.0, 0.1, 0.1]","[0.005265061261823027, 0.08281310102102671, 0.08592961698979154, 0.08106800997617508, 0.09382626262895154, 0.08805055531942212, 0.08189216179714015, 0.09932005490829718, 0.08859831461027086, 0.00512842546776853, 0.0010252170419915007, 0.01258316637116501, 0.0, 0.0, 0.0, 0.028241507742341087, 0.006721024913704582, 0.017031949898254416, 0.0, 0.006870712016924829, 0.0, 0.005154974335312493, 0.0, 0.0, 0.016838714429535457, 0.00778157940180111, 0.0, 0.0, 0.09920231472341803, 0.0866572751448848]","[0.08467363566160202, 0.0, 0.06268858164548874, 0.0, 0.0, 0.0, 0.10767348855733871, 0.0, 0.0, 0.0, 0.0, 0.10767348855733871, 0.0, 0.10767348855733871, 0.0, 0.0, 0.0, 0.10767348855733871, 0.0, 0.09892326593399048, 0.0, 0.10767348855733871, 0.0, 0.0, 0.0, 0.0, 0.10767348855733871, 0.0, 0.0, 0.10767348855733871]",-0.000939167049620626
54,1.011103346864822,"[1.0111428771798083, 0.9970914561774469, 1.0115358633630855, 0.9777458095334407, 0.9992641686425144, 0.9886256033557533, 0.9877830706144493, 1.0075381115808457, 0.9983331772987569, 1.0115063843867371, 0.984471688469885, 0.9783653970317042, 1.0033471910031042, 0.9839275468449551, 1.0100851008254248, 1.007167674706035, 0.9984825077288376, 1.0266168598583478, 1.0024057361557612, 1.000248707680242, 0.9802877744800105, 1.0118486723440634, 1.0071838056912994, 1.009057951583134, 1.0123334660753691, 1.0032493391359336, 0.9727434383090988, 1.0143947100594466, 1.002494342495168, 1.0180831855182895]","[0.9891352192370649, 1.012267067055156, 0.9916241541822226, 0.994877561323526, 1.0044323644408608, 0.995648732674621, 1.0230871773697703, 1.0012792725601094, 0.9925474795790216, 0.9855288660683286, 1.0005266544413338, 1.0065598207376876, 1.0123874808132902, 0.9939193932077582, 0.9819040626992027, 0.9911148331181749, 0.9873116485414034, 0.9948901530243185, 1.0214731030997417, 0.9993993925285864, 0.9926899712041294, 0.9966956084414544, 0.9925971001928563, 0.988873469757122, 1.0081195374235281, 1.0194792309432332, 1.0008816040835093, 1.0002083009937872, 1.0016135131308008, 1.0014585370071531]","[-0.010864780762935067, 0.0122670670551559, -0.008375845817777394, -0.005122438676473995, 0.004432364440860814, -0.004351267325379049, 0.023087177369770284, 0.0012792725601094013, -0.007452520420978437, -0.014471133931671432, 0.0005266544413338181, 0.006559820737687572, 0.01238748081329022, -0.006080606792241761, -0.018095937300797282, -0.008885166881825057, -0.012688351458596592, -0.005109846975681509, 0.02147310309974171, -0.0006006074714135501, -0.007310028795870616, -0.0033043915585455608, -0.0074028998071437035, -0.011126530242878019, 0.008119537423528111, 0.019479230943233228, 0.0008816040835093464, 0.00020830099378721378, 0.0016135131308008255, 0.001458537007153149]","[0.10686139017343521, 0.0, 0.0, 0.10686139017343521, 0.10686139017343521, 0.0, 0.0, 0.0, 0.0, 0.0, 0.0, 0.0, 0.0, 0.10686139017343521, 0.0, 0.10686139017343521, 0.10686139017343521, 0.0, 0.07114409655332565, 0.0, 0.0, 0.0, 0.10686139017343521, 0.10686139017343521, 0.0, 0.07396483421325684, 0.0, 0.0, 0.0, 0.0]","[0.0, 0.1, 0.1, 0.1, 0.1, 0.1, 0.1, 0.1, 0.1, 0.0, 0.0, 0.0, 0.0, 0.0, 0.0, 0.0, 0.0, 0.0, 0.0, 0.0, 0.0, 0.0, 0.0, 0.0, 0.0, 0.0, 0.0, 0.0, 0.1, 0.1]","[0.0, 0.07726859012071069, 0.08693937539505507, 0.07313020866232954, 0.10651840739675283, 0.09532345933916539, 0.10104488520527526, 0.10184046630455482, 0.09520566766350075, 0.02146093995372197, 0.0, 0.0, 0.0, 0.0, 0.0, 0.0, 0.005206324397117095, 0.0, 0.0, 0.0, 0.0, 0.0, 0.0, 0.003780529016380379, 0.005206245264532917, 0.00025829547412834457, 0.01433088307168749, 0.006409751826774916, 0.10351841079383282, 0.1025575601144797]","[0.10686139017343521, 0.0, 0.0, 0.10686139017343521, 0.10686139017343521, 0.0, 0.0, 0.0, 0.0, 0.0, 0.0, 0.0, 0.0, 0.10686139017343521, 0.0, 0.10686139017343521, 0.10686139017343521, 0.0, 0.07114409655332565, 0.0, 0.0, 0.0, 0.10686139017343521, 0.10686139017343521, 0.0, 0.07396483421325684, 0.0, 0.0, 0.0, 0.0]",-0.003522517688592661
55,1.0073331583592635,"[0.9891352192370649, 1.012267067055156, 0.9916241541822226, 0.994877561323526, 1.0044323644408608, 0.995648732674621, 1.0230871773697703, 1.0012792725601094, 0.9925474795790216, 0.9855288660683286, 1.0005266544413338, 1.0065598207376876, 1.0123874808132902, 0.9939193932077582, 0.9819040626992027, 0.9911148331181749, 0.9873116485414034, 0.9948901530243185, 1.0214731030997417, 0.9993993925285864, 0.9926899712041294, 0.9966956084414544, 0.9925971001928563, 0.988873469757122, 1.0081195374235281, 1.0194792309432332, 1.0008816040835093, 1.0002083009937872, 1.0016135131308008, 1.0014585370071531]","[0.9964135506415704, 0.9982828218532029, 0.9995740188147502, 1.007205924644483, 1.0135335975085336, 1.0000704120307193, 1.002820350407375, 0.9920720727310189, 0.9944435100434401, 0.9961587194526295, 0.9849585965057082, 1.010172280552032, 0.9765842154912249, 0.9995962971382453, 0.996242793282614, 1.0100606382501, 0.9907453015150147, 1.0197499688609883, 1.0059740586211114, 0.9804802459542095, 0.9830050734027209, 1.0018703697603284, 0.988432619951097, 1.02593034276985, 1.0035562930499982, 0.981960370857326, 1.002840973440359, 1.000303607131287, 0.9973872680967657, 1.0059286174878337]","[-0.0035864493584295554, -0.0017171781467970604, -0.0004259811852498352, 0.007205924644483108, 0.013533597508533557, 7.041203071933566e-05, 0.0028203504073749386, -0.007927927268981061, -0.005556489956559885, -0.0038412805473705403, -0.015041403494291838, 0.010172280552031898, -0.023415784508775128, -0.0004037028617547289, -0.003757206717385997, 0.010060638250100062, -0.00925469848498528, 0.019749968860988343, 0.005974058621111444, -0.01951975404579054, -0.01699492659727908, 0.0018703697603283942, -0.011567380048903009, 0.025930342769850068, 0.0035562930499981604, -0.018039629142673985, 0.0028409734403589404, 0.0003036071312869648, -0.0026127319032343, 0.005928617487833687]","[0.0, 0.0, 0.0875319167971611, 0.0, 0.0, 0.0, 0.10381052643060684, 0.0, 0.10381052643060684, 0.0, 0.10381052643060684, 0.0, 0.0, 0.10381052643060684, 0.08198390901088715, 0.0, 0.10381052643060684, 0.0, 0.0, 0.10381052643060684, 0.0, 0.0, 0.10381052643060684, 0.10381052643060684, 0.0, 0.0, 0.0, 0.0, 0.0, 0.0]","[0.0, 0.1, 0.1, 0.1, 0.1, 0.1, 0.1, 0.1, 0.1, 0.0, 0.0, 0.0, 0.0, 0.0, 0.0, 0.0, 0.0, 0.0, 0.0, 0.0, 0.0, 0.0, 0.0, 0.0, 0.0, 0.0, 0.0, 0.0, 0.1, 0.1]","[0.009776894526946491, 0.10091813666381384, 0.09290599765772228, 0.08974702462576652, 0.11418360872564262, 0.09398289745728314, 0.10574605100976531, 0.08196794347417886, 0.097548301948628, 0.0, 0.0, 0.012751597591402266, 0.0, 0.006135848500593595, 0.001661377834954281, 0.0, 0.0025167446195636534, 0.0, 0.0, 0.0, 0.007430316973248516, 0.0, 0.004162701417832529, 0.0, 0.0, 0.0, 0.01359852727965562, 0.0038927438290643746, 0.08382908464787525, 0.07724420121606265]","[0.0, 0.0, 0.0875319167971611, 0.0, 0.0, 0.0, 0.10381052643060684, 0.0, 0.10381052643060684, 0.0, 0.10381052643060684, 0.0, 0.0, 0.10381052643060684, 0.08198390901088715, 0.0, 0.10381052643060684, 0.0, 0.0, 0.10381052643060684, 0.0, 0.0, 0.10381052643060684, 0.10381052643060684, 0.0, 0.0, 0.0, 0.0, 0.0, 0.0]",-0.004136603997065222
56,1.0039684617960847,"[0.9964135506415704, 0.9982828218532029, 0.9995740188147502, 1.007205924644483, 1.0135335975085336, 1.0000704120307193, 1.002820350407375, 0.9920720727310189, 0.9944435100434401, 0.9961587194526295, 0.9849585965057082, 1.010172280552032, 0.9765842154912249, 0.9995962971382453, 0.996242793282614, 1.0100606382501, 0.9907453015150147, 1.0197499688609883, 1.0059740586211114, 0.9804802459542095, 0.9830050734027209, 1.0018703697603284, 0.988432619951097, 1.02593034276985, 1.0035562930499982, 0.981960370857326, 1.002840973440359, 1.000303607131287, 0.9973872680967657, 1.0059286174878337]","[1.010715669924976, 1.0097279032157545, 0.9852588178551114, 1.0047695971610382, 0.9930587296617333, 1.0228401295115794, 0.9938798638079005, 0.972331985428075, 0.9870086555733034, 1.0224651409681442, 1.0031242669555211, 1.0168541054807583, 1.0004695527861929, 1.0055226250172107, 1.005065818481793, 1.0111162463487038, 1.0092561588836042, 0.991738491170828, 1.0348363910924767, 1.0090152872791631, 0.9933083401566953, 1.0067464428563273, 0.99083054532028, 1.0023713576385176, 0.9688176033906103, 1.0136560944607167, 1.0089786265037304, 1.0012481062187524, 0.992245308415688, 0.9947099419776789]","[0.010715669924975968, 0.009727903215754452, -0.01474118214488862, 0.004769597161038197, -0.006941270338266747, 0.022840129511579432, -0.006120136192099501, -0.027668014571925026, -0.012991344426696583, 0.022465140968144226, 0.003124266955521149, 0.016854105480758275, 0.0004695527861928728, 0.0055226250172106806, 0.005065818481793105, 0.011116246348703784, 0.009256158883604204, -0.008261508829171982, 0.034836391092476715, 0.00901528727916312, -0.006691659843304665, 0.006746442856327306, -0.009169454679719968, 0.0023713576385175905, -0.031182396609389706, 0.013656094460716695, 0.00897862650373038, 0.0012481062187523762, -0.007754691584311968, -0.005290058022321076]","[0.0, 0.11124654114246368, 0.0, 0.0, 0.0, 0.0, 0.135970801115036, 0.12025542557239532, 0.135970801115036, 0.0, 0.0, 0.0, 0.0, 0.09157239645719528, 0.0, 0.0, 0.04443487897515297, 0.05961281806230545, 0.0, 0.0, 0.0, 0.0, 0.0, 0.11906182020902634, 0.0, 0.045903727412223816, 0.0, 0.135970801115036, 0.0, 0.0]","[0.0, 0.1, 0.1, 0.1, 0.1, 0.1, 0.1, 0.1, 0.1, 0.0, 0.0, 0.0, 0.0, 0.0, 0.0, 0.0, 0.0, 0.0, 0.0, 0.0, 0.0, 0.0, 0.0, 0.0, 0.0, 0.0, 0.0, 0.0, 0.1, 0.1]","[0.010076273748887865, 0.08632399215510708, 0.0849763849885034, 0.09105286087072488, 0.09912579925572601, 0.09597861737522022, 0.0851211683713608, 0.08832993738066472, 0.09602702665163643, 0.0, 0.006020021837696628, 0.005392679258846082, 0.0, 0.0, 0.013285370056645606, 0.014892249141644151, 0.0009069296253396177, 0.016431643772252175, 0.0, 0.010088766811229121, 0.0, 0.0, 0.0, 0.007754279117452033, 0.006643965926148942, 0.0, 0.0, 0.0008607886803255761, 0.08971846938511444, 0.09099277558947419]","[0.0, 0.11124654114246368, 0.0, 0.0, 0.0, 0.0, 0.135970801115036, 0.12025542557239532, 0.135970801115036, 0.0, 0.0, 0.0, 0.0, 0.09157239645719528, 0.0, 0.0, 0.04443487897515297, 0.05961281806230545, 0.0, 0.0, 0.0, 0.0, 0.0, 0.11906182020902634, 0.0, 0.045903727412223816, 0.0, 0.135970801115036, 0.0, 0.0]",-0.0037843335010202405
57,1.0033174699605827,"[1.010715669924976, 1.0097279032157545, 0.9852588178551114, 1.0047695971610382, 0.9930587296617333, 1.0228401295115794, 0.9938798638079005, 0.972331985428075, 0.9870086555733034, 1.0224651409681442, 1.0031242669555211, 1.0168541054807583, 1.0004695527861929, 1.0055226250172107, 1.005065818481793, 1.0111162463487038, 1.0092561588836042, 0.991738491170828, 1.0348363910924767, 1.0090152872791631, 0.9933083401566953, 1.0067464428563273, 0.99083054532028, 1.0023713576385176, 0.9688176033906103, 1.0136560944607167, 1.0089786265037304, 1.0012481062187524, 0.992245308415688, 0.9947099419776789]","[0.9855697949698287, 0.9932064814721006, 1.0090119951279675, 0.9776176774995806, 1.0053570180906577, 0.9861007809064362, 0.9950500061972994, 0.9969230225735254, 1.0032401384015779, 1.0033351732504687, 1.0041491067132058, 1.0066048802152676, 0.9985965060864966, 0.9937456003317332, 1.0067861756877665, 1.012840114443632, 0.9986080924115187, 1.000117393451018, 0.9883900599052884, 1.008915285137936, 0.9837266733948953, 0.9809872715190157, 0.9898569081893708, 1.011651547386911, 0.9980527457867854, 0.9982396958300247, 1.006518318903758, 1.0026340267497178, 0.979180242052082, 0.9955336214111878]","[-0.01443020503017134, -0.006793518527899445, 0.009011995127967465, -0.022382322500419383, 0.005357018090657695, -0.013899219093563842, -0.0049499938027005586, -0.003076977426474614, 0.0032401384015778856, 0.003335173250468726, 0.004149106713205786, 0.006604880215267617, -0.001403493913503362, -0.006254399668266797, 0.006786175687766516, 0.012840114443632089, -0.0013919075884812893, 0.00011739345101791088, -0.011609940094711613, 0.008915285137935935, -0.01627332660510472, -0.019012728480984342, -0.010143091810629223, 0.011651547386910988, -0.001947254213214622, -0.001760304169975302, 0.006518318903758091, 0.0026340267497177994, -0.020819757947918016, -0.004466378588812159]","[0.09999999403953552, 0.0, 0.09999999403953552, 0.0, 0.09999999403953552, 0.0, 0.09999999403953552, 0.09999999403953552, 0.0, 0.0, 0.0, 0.09999999403953552, 0.0, 0.0, 0.09999999403953552, 0.0, 0.0, 0.09999999403953552, 0.0, 0.09999999403953552, 0.0, 0.0, 0.0, 0.0, 0.0, 0.0, 0.0, 0.0, 0.09999999403953552, 0.0]","[0.0, 0.1, 0.1, 0.1, 0.1, 0.1, 0.1, 0.1, 0.1, 0.0, 0.0, 0.0, 0.0, 0.0, 0.0, 0.0, 0.0, 0.0, 0.0, 0.0, 0.0, 0.0, 0.0, 0.0, 0.0, 0.0, 0.0, 0.0, 0.1, 0.1]","[0.0, 0.10954617002742371, 0.09638600767464509, 0.08017095822613665, 0.08755946830315539, 0.10201187593481337, 0.09745506989576687, 0.10517617979009096, 0.09572411102378545, 0.0, 0.0, 0.0, 0.0, 0.012412368591149636, 0.0, 0.0, 0.0, 0.0, 0.0, 0.0, 0.0, 0.0, 0.0, 0.007001345130306613, 0.006272120872301682, 0.005150049482373949, 0.0, 0.013392964505925645, 0.08484349083153402, 0.09689781971059083]","[0.09999999403953552, 0.0, 0.09999999403953552, 0.0, 0.09999999403953552, 0.0, 0.09999999403953552, 0.09999999403953552, 0.0, 0.0, 0.0, 0.09999999403953552, 0.0, 0.0, 0.09999999403953552, 0.0, 0.0, 0.09999999403953552, 0.0, 0.09999999403953552, 0.0, 0.0, 0.0, 0.0, 0.0, 0.0, 0.0, 0.0, 0.09999999403953552, 0.0]",-0.0010965169392128376
58,0.9996568740047108,"[0.9855697949698287, 0.9932064814721006, 1.0090119951279675, 0.9776176774995806, 1.0053570180906577, 0.9861007809064362, 0.9950500061972994, 0.9969230225735254, 1.0032401384015779, 1.0033351732504687, 1.0041491067132058, 1.0066048802152676, 0.9985965060864966, 0.9937456003317332, 1.0067861756877665, 1.012840114443632, 0.9986080924115187, 1.000117393451018, 0.9883900599052884, 1.008915285137936, 0.9837266733948953, 0.9809872715190157, 0.9898569081893708, 1.011651547386911, 0.9980527457867854, 0.9982396958300247, 1.006518318903758, 1.0026340267497178, 0.979180242052082, 0.9955336214111878]","[1.0062076605565624, 0.9966087219474468, 0.9916001328147085, 0.9961185281801402, 1.0099468900746793, 1.0076781754366035, 0.9997938071275875, 0.9816847813026446, 1.016544438296154, 1.0184931813519018, 0.9922936215414423, 1.0174252396347043, 1.012099922120326, 0.9796490662429026, 1.0080573550205867, 1.0004630383329753, 1.0125444529448686, 1.0193992639707306, 0.9976828241938304, 1.004073279890693, 1.0196281655300823, 1.0178668649226934, 0.9983887579135989, 0.9993936133793744, 0.9712997190796889, 1.005672095485299, 0.9960435154888571, 1.0007357797070324, 1.0079350002867, 0.9945015480273428]","[0.006207660556562411, -0.003391278052553237, -0.00839986718529151, -0.003881471819859761, 0.009946890074679304, 0.00767817543660354, -0.00020619287241252504, -0.018315218697355418, 0.01654443829615393, 0.01849318135190181, -0.0077063784585577055, 0.017425239634704326, 0.012099922120325957, -0.0203509337570974, 0.008057355020586687, 0.0004630383329753407, 0.012544452944868612, 0.01939926397073055, -0.0023171758061696357, 0.00407327989069306, 0.019628165530082287, 0.017866864922693404, -0.0016112420864010657, -0.0006063866206256208, -0.028700280920311072, 0.0056720954852989, -0.003956484511142944, 0.0007357797070324246, 0.007935000286700022, -0.005498451972657192]","[0.0, 0.0, 0.0, 0.11982133984565735, 0.0, 0.0, 0.12156247347593307, 0.08047651499509811, 0.0, 0.0, 0.119249127805233, 0.0, 0.0, 0.12156247347593307, 0.12156247347593307, 0.0, 0.0, 0.0, 0.0, 0.05473686754703522, 0.0, 0.0, 0.07931388169527054, 0.0, 0.0, 0.0, 0.0, 0.0, 0.12156247347593307, 0.06015238165855408]","[0.0, 0.1, 0.1, 0.1, 0.1, 0.1, 0.1, 0.1, 0.1, 0.0, 0.0, 0.0, 0.0, 0.0, 0.0, 0.0, 0.0, 0.0, 0.0, 0.0, 0.0, 0.0, 0.0, 0.0, 0.0, 0.0, 0.0, 0.0, 0.1, 0.1]","[0.0033463026906829633, 0.11302365276791768, 0.09012532424786873, 0.09347489414932789, 0.0805290021376552, 0.08771208126242745, 0.08161669208970743, 0.10121143947839299, 0.09556147292827717, 0.0017389580344456944, 0.013800183852107245, 0.0, 0.0024589935319373982, 0.0061601688144081, 0.0, 0.0, 0.0, 0.0, 0.00887296741266561, 0.0, 0.011699282335454446, 0.0, 0.0, 0.010822592616238148, 0.0, 0.0, 0.0, 0.0, 0.10394490215069492, 0.09390108949979102]","[0.0, 0.0, 0.0, 0.11982133984565735, 0.0, 0.0, 0.12156247347593307, 0.08047651499509811, 0.0, 0.0, 0.119249127805233, 0.0, 0.0, 0.12156247347593307, 0.12156247347593307, 0.0, 0.0, 0.0, 0.0, 0.05473686754703522, 0.0, 0.0, 0.07931388169527054, 0.0, 0.0, 0.0, 0.0, 0.0, 0.12156247347593307, 0.06015238165855408]",-0.00409755558242746
59,1.0011954910682785,"[1.0062076605565624, 0.9966087219474468, 0.9916001328147085, 0.9961185281801402, 1.0099468900746793, 1.0076781754366035, 0.9997938071275875, 0.9816847813026446, 1.016544438296154, 1.0184931813519018, 0.9922936215414423, 1.0174252396347043, 1.012099922120326, 0.9796490662429026, 1.0080573550205867, 1.0004630383329753, 1.0125444529448686, 1.0193992639707306, 0.9976828241938304, 1.004073279890693, 1.0196281655300823, 1.0178668649226934, 0.9983887579135989, 0.9993936133793744, 0.9712997190796889, 1.005672095485299, 0.9960435154888571, 1.0007357797070324, 1.0079350002867, 0.9945015480273428]","[1.0205608925666154, 1.005278185737576, 0.9944202136201858, 1.0055034939165728, 0.9991879400880773, 0.969596862371711, 1.005502714896141, 0.988970163316681, 1.0139851148294172, 0.9953875868798132, 0.9981689507608915, 0.9862274260020346, 0.9865297830515004, 0.9983412872310938, 1.025141726031098, 1.0058385643820007, 1.0146152852158155, 0.9763355817407748, 0.9849958308385688, 0.9994555453895551, 0.9976057181797109, 1.0060756273463094, 0.9923723223617537, 1.0076159776977343, 0.9960611188200313, 0.9908823937406793, 0.9900471205148581, 1.000007838712835, 1.0050353704145385, 1.0178922960964452]","[0.02056089256661542, 0.005278185737576102, -0.005579786379814156, 0.005503493916572788, -0.0008120599119226801, -0.030403137628288945, 0.00550271489614107, -0.011029836683319028, 0.013985114829417222, -0.004612413120186787, -0.0018310492391084843, -0.013772573997965387, -0.013470216948499592, -0.0016587127689061676, 0.02514172603109799, 0.005838564382000699, 0.014615285215815454, -0.02366441825922516, -0.015004169161431213, -0.0005444546104449444, -0.0023942818202891125, 0.006075627346309398, -0.007627677638246344, 0.007615977697734255, -0.003938881179968656, -0.009117606259320676, -0.009952879485141897, 7.838712835050998e-06, 0.005035370414538498, 0.01789229609644516]","[0.0, 0.0948704183101654, 0.0, 0.0, 0.0, 0.0, 0.12191694229841232, 0.0, 0.1342000663280487, 0.0, 0.0, 0.12148135155439377, 0.038142748177051544, 0.06144535541534424, 0.0, 0.029440581798553467, 0.0, 0.0, 0.0, 0.0, 0.11119965463876724, 0.14365145564079285, 0.0, 0.0, 0.0, 0.0, 0.0, 0.14365145564079285, 0.0, 0.0]","[0.0, 0.1, 0.1, 0.1, 0.1, 0.1, 0.1, 0.1, 0.1, 0.0, 0.0, 0.0, 0.0, 0.0, 0.0, 0.0, 0.0, 0.0, 0.0, 0.0, 0.0, 0.0, 0.0, 0.0, 0.0, 0.0, 0.0, 0.0, 0.1, 0.1]","[0.012454046035252957, 0.07276466643025217, 0.10364843489175674, 0.08561528781388625, 0.09555086463004003, 0.07996108687459015, 0.0884625251878885, 0.09593588468025584, 0.08945914866904864, 0.003135428418238715, 0.0, 0.017679629397062337, 0.017221271511725013, 0.0, 0.0, 0.0, 0.0, 0.0, 0.009112379903888244, 0.001032425159541132, 0.0034804842782720927, 0.0029737770582759816, 0.008044061005061887, 0.009986529934592916, 0.006841219291755244, 0.0, 0.0, 0.010968941634357451, 0.08981585390499268, 0.09585605328926493]","[0.0, 0.0948704183101654, 0.0, 0.0, 0.0, 0.0, 0.12191694229841232, 0.0, 0.1342000663280487, 0.0, 0.0, 0.12148135155439377, 0.038142748177051544, 0.06144535541534424, 0.0, 0.029440581798553467, 0.0, 0.0, 0.0, 0.0, 0.11119965463876724, 0.14365145564079285, 0.0, 0.0, 0.0, 0.0, 0.0, 0.14365145564079285, 0.0, 0.0]",0.001113449320356601
60,1.001703879360538,"[1.0205608925666154, 1.005278185737576, 0.9944202136201858, 1.0055034939165728, 0.9991879400880773, 0.969596862371711, 1.005502714896141, 0.988970163316681, 1.0139851148294172, 0.9953875868798132, 0.9981689507608915, 0.9862274260020346, 0.9865297830515004, 0.9983412872310938, 1.025141726031098, 1.0058385643820007, 1.0146152852158155, 0.9763355817407748, 0.9849958308385688, 0.9994555453895551, 0.9976057181797109, 1.0060756273463094, 0.9923723223617537, 1.0076159776977343, 0.9960611188200313, 0.9908823937406793, 0.9900471205148581, 1.000007838712835, 1.0050353704145385, 1.0178922960964452]","[0.994938693595291, 0.990892554258449, 1.0112618693658064, 1.0112216851958924, 1.0033974049606262, 1.0187958378533895, 0.9853565779557418, 0.987219336910013, 1.0096472041695552, 0.9992448919203489, 1.0048811513484244, 1.0038047813853685, 1.009937467273674, 1.0051513829276475, 0.9999942074775764, 1.0016237935547063, 1.0114327000849417, 0.9992702091340274, 1.022801561018803, 0.9818707590513315, 1.016265404056458, 1.000658580006787, 0.9870317909682701, 1.0016121186429436, 1.0016317026765689, 0.974317277661307, 1.0165651596629035, 0.988226109645218, 0.9860571542540933, 0.989988471439147]","[-0.005061306404709032, -0.009107445741550979, 0.01126186936580642, 0.011221685195892395, 0.003397404960626238, 0.018795837853389452, -0.01464342204425817, -0.012780663089987043, 0.009647204169555224, -0.0007551080796510679, 0.004881151348424373, 0.0038047813853685497, 0.009937467273674061, 0.0051513829276474965, -5.792522423608837e-06, 0.001623793554706321, 0.011432700084941683, -0.0007297908659725794, 0.02280156101880304, -0.018129240948668524, 0.016265404056458044, 0.0006585800067870906, -0.012968209031729905, 0.0016121186429436385, 0.0016317026765688691, -0.025682722338692954, 0.016565159662903506, -0.011773890354782046, -0.013942845745906651, -0.010011528560852967]","[0.0, 0.1011856272816658, 0.0, 0.09517525136470795, 0.0, 0.0, 0.0, 0.1011856272816658, 0.0, 0.1011856272816658, 0.0, 0.0, 0.1011856272816658, 0.09533971548080444, 0.0, 0.1011856272816658, 0.1011856272816658, 0.1011856272816658, 0.0, 0.0, 0.0, 0.0, 0.0, 0.0, 0.0, 0.0, 0.0, 0.0, 0.0, 0.1011856272816658]","[0.0, 0.1, 0.1, 0.1, 0.1, 0.1, 0.1, 0.1, 0.1, 0.0, 0.0, 0.0, 0.0, 0.0, 0.0, 0.0, 0.0, 0.0, 0.0, 0.0, 0.0, 0.0, 0.0, 0.0, 0.0, 0.0, 0.0, 0.0, 0.1, 0.1]","[0.0051555201896032795, 0.09565560070895279, 0.09036478643738938, 0.10158925748798134, 0.08481044416023406, 0.07792612908466241, 0.10574884653671722, 0.10281085994503636, 0.08420521008640044, 0.003729711714085929, 0.007848481409917242, 0.0035407702235310833, 0.0, 0.007427156741112582, 0.0016125312463832193, 0.00041444866305016386, 0.0, 0.0, 0.00027424288226792756, 0.0, 0.0, 0.004979580291617844, 0.007580461223344233, 0.0, 0.0, 0.0017121747500838296, 0.0, 0.0, 0.11117690847778126, 0.10143687773984757]","[0.0, 0.1011856347322464, 0.0, 0.09517525881528854, 0.0, 0.0, 0.0, 0.1011856347322464, 0.0, 0.1011856347322464, 0.0, 0.0, 0.1011856347322464, 0.09533972293138504, 0.0, 0.1011856347322464, 0.1011856347322464, 0.1011856347322464, 0.0, 0.0, 0.0, 0.0, 0.0, 0.0, 0.0, 0.0, 0.0, 0.0, 0.0, 0.1011856347322464]",0.00010074373887366996
61,1.0072718870827815,"[0.994938693595291, 0.990892554258449, 1.0112618693658064, 1.0112216851958924, 1.0033974049606262, 1.0187958378533895, 0.9853565779557418, 0.987219336910013, 1.0096472041695552, 0.9992448919203489, 1.0048811513484244, 1.0038047813853685, 1.009937467273674, 1.0051513829276475, 0.9999942074775764, 1.0016237935547063, 1.0114327000849417, 0.9992702091340274, 1.022801561018803, 0.9818707590513315, 1.016265404056458, 1.000658580006787, 0.9870317909682701, 1.0016121186429436, 1.0016317026765689, 0.974317277661307, 1.0165651596629035, 0.988226109645218, 0.9860571542540933, 0.989988471439147]","[1.010517240471162, 1.021106735589868, 1.0386882492517158, 0.992136704990826, 1.0298086303963665, 0.9936446837236254, 0.9839849420574216, 0.9863660906072856, 1.02897068750691, 1.0160372129365978, 1.0071667561535718, 1.0149187582244412, 1.0098692452351994, 0.9947773013429251, 0.9781636339025634, 1.0148487693166957, 0.9932484028664504, 1.0156317648673818, 0.9929862919377926, 0.9923099129885244, 1.0137114076144638, 0.9861209601432143, 0.987589526315281, 0.9900561237890289, 1.0177680814493741, 1.0273295192800063, 0.9941620102041904, 0.9937892075058286, 0.9673512959975771, 1.0049104015339139]","[0.010517240471161982, 0.021106735589867975, 0.03868824925171577, -0.007863295009174043, 0.029808630396366498, -0.006355316276374645, -0.016015057942578403, -0.01363390939271436, 0.02897068750691001, 0.016037212936597767, 0.007166756153571763, 0.01491875822444122, 0.009869245235199386, -0.00522269865707492, -0.021836366097436555, 0.014848769316695654, -0.006751597133549558, 0.015631764867381825, -0.007013708062207358, -0.007690087011475555, 0.013711407614463766, -0.013879039856785735, -0.012410473684719037, -0.009943876210971148, 0.01776808144937414, 0.027329519280006265, -0.005837989795809628, -0.0062107924941714465, -0.032648704002422924, 0.004910401533913866]","[0.0, 0.10639367252588272, 0.0, 0.0, 0.10639367252588272, 0.10639367252588272, 0.0, 0.0, 0.0, 0.10639367252588272, 0.08885053545236588, 0.0, 0.10639367252588272, 0.0, 0.08177569508552551, 0.0, 0.0, 0.0, 0.0, 0.10639367252588272, 0.0, 0.0, 0.0, 0.0, 0.0, 0.0, 0.08461800962686539, 0.0, 0.0, 0.10639367252588272]","[0.0, 0.1, 0.1, 0.1, 0.1, 0.1, 0.1, 0.1, 0.1, 0.0, 0.0, 0.0, 0.0, 0.0, 0.0, 0.0, 0.0, 0.0, 0.0, 0.0, 0.0, 0.0, 0.0, 0.0, 0.0, 0.0, 0.0, 0.0, 0.1, 0.1]","[0.004502192216663131, 0.10064544502202533, 0.09480973305193775, 0.09271017033483177, 0.09129277538263238, 0.0787805625193421, 0.09612296741901716, 0.08791751158862908, 0.08920221926937892, 0.0, 0.0005888788330617079, 0.0, 0.0032583403838525628, 0.0036219703431444373, 0.0, 0.00979224491872656, 0.0, 0.0, 0.0, 4.966400408932738e-05, 0.008398726999547669, 0.0019797894131427947, 0.000807435888846948, 0.00391147560948585, 0.0, 0.005199019150037589, 0.004494137804703008, 0.0, 0.11094696822361065, 0.11096777162329337]","[0.0, 0.10639367252588272, 0.0, 0.0, 0.10639367252588272, 0.10639367252588272, 0.0, 0.0, 0.0, 0.10639367252588272, 0.08885053545236588, 0.0, 0.10639367252588272, 0.0, 0.08177569508552551, 0.0, 0.0, 0.0, 0.0, 0.10639367252588272, 0.0, 0.0, 0.0, 0.0, 0.0, 0.0, 0.08461800962686539, 0.0, 0.0, 0.10639367252588272]",0.005139538876679958
62,1.0014798920664008,"[1.010517240471162, 1.021106735589868, 1.0386882492517158, 0.992136704990826, 1.0298086303963665, 0.9936446837236254, 0.9839849420574216, 0.9863660906072856, 1.02897068750691, 1.0160372129365978, 1.0071667561535718, 1.0149187582244412, 1.0098692452351994, 0.9947773013429251, 0.9781636339025634, 1.0148487693166957, 0.9932484028664504, 1.0156317648673818, 0.9929862919377926, 0.9923099129885244, 1.0137114076144638, 0.9861209601432143, 0.987589526315281, 0.9900561237890289, 1.0177680814493741, 1.0273295192800063, 0.9941620102041904, 0.9937892075058286, 0.9673512959975771, 1.0049104015339139]","[1.0095883163164707, 1.0001427362319113, 0.9762729642946587, 1.0007699037256559, 0.9933169985973426, 0.9873290062821871, 1.0010837259905287, 1.0121906017183526, 0.9847076032098308, 0.9888334196691496, 0.979745396481895, 0.9890378790709529, 1.0155343224113256, 0.9986668901382809, 0.9857971328426537, 1.0092684793917368, 0.9837155067770277, 1.0148206377992128, 0.9886032281142748, 0.9869652329490001, 0.9978067305930687, 1.0023820043068512, 0.9803703250596973, 1.0286891639400977, 0.9951679679469402, 1.0001032148805584, 0.9912246303935335, 1.0314783366169062, 1.0006132320299688, 0.9950923439264721]","[0.009588316316470724, 0.00014273623191130014, -0.023727035705341293, 0.0007699037256558849, -0.006683001402657429, -0.012670993717812884, 0.00108372599052875, 0.012190601718352623, -0.01529239679016925, -0.011166580330850384, -0.02025460351810504, -0.010962120929047137, 0.015534322411325574, -0.001333109861719084, -0.01420286715734631, 0.009268479391736806, -0.01628449322297232, 0.014820637799212832, -0.011396771885725188, -0.01303476705099993, -0.0021932694069313197, 0.0023820043068512042, -0.019629674940302655, 0.028689163940097684, -0.00483203205305982, 0.0001032148805584221, -0.008775369606466521, 0.031478336616906244, 0.0006132320299687688, -0.004907656073527944]","[0.0, 0.0, 0.0, 0.0, 0.10797532647848129, 0.0, 0.09405877441167831, 0.0, 0.0, 0.0, 0.0, 0.0, 0.0, 0.10860813409090042, 0.0, 0.0, 0.08016512542963028, 0.0, 0.09069404751062393, 0.10860813409090042, 0.08406607061624527, 0.0, 0.0, 0.0, 0.10860813409090042, 0.10860813409090042, 0.0, 0.0, 0.0, 0.10860813409090042]","[0.0, 0.1, 0.1, 0.1, 0.1, 0.1, 0.1, 0.1, 0.1, 0.0, 0.0, 0.0, 0.0, 0.0, 0.0, 0.0, 0.0, 0.0, 0.0, 0.0, 0.0, 0.0, 0.0, 0.0, 0.0, 0.0, 0.0, 0.0, 0.1, 0.1]","[0.01695520093456857, 0.07826676836698984, 0.07635937116116197, 0.0920018819668226, 0.09840362220628164, 0.10607090231858098, 0.0969168187196513, 0.09507877127140316, 0.0903984278204365, 0.0054445175149388896, 0.0, 0.0, 0.01961590489779197, 0.0, 0.001266469454788892, 0.0, 0.016105936354692332, 0.0060238807049358785, 0.0047680300400210025, 0.0, 0.0, 0.010487582685442086, 0.0, 0.00587366227276013, 0.0, 0.011569422623827192, 0.017410853944035444, 0.0, 0.0737613982210839, 0.07722057651978588]","[0.0, 0.0, 0.0, 0.0, 0.10797532647848129, 0.0, 0.09405877441167831, 0.0, 0.0, 0.0, 0.0, 0.0, 0.0, 0.10860813409090042, 0.0, 0.0, 0.08016512542963028, 0.0, 0.09069404751062393, 0.10860813409090042, 0.08406607061624527, 0.0, 0.0, 0.0, 0.10860813409090042, 0.10860813409090042, 0.0, 0.0, 0.0, 0.10860813409090042]",-0.006119778085786229
63,0.994818128119936,"[1.0095883163164707, 1.0001427362319113, 0.9762729642946587, 1.0007699037256559, 0.9933169985973426, 0.9873290062821871, 1.0010837259905287, 1.0121906017183526, 0.9847076032098308, 0.9888334196691496, 0.979745396481895, 0.9890378790709529, 1.0155343224113256, 0.9986668901382809, 0.9857971328426537, 1.0092684793917368, 0.9837155067770277, 1.0148206377992128, 0.9886032281142748, 0.9869652329490001, 0.9978067305930687, 1.0023820043068512, 0.9803703250596973, 1.0286891639400977, 0.9951679679469402, 1.0001032148805584, 0.9912246303935335, 1.0314783366169062, 1.0006132320299688, 0.9950923439264721]","[0.9798634576144253, 0.9905222143135208, 0.9849942746418907, 0.9879474858258763, 1.006647242062299, 0.9920403512084747, 0.99228079418804, 0.9981060023540191, 1.0013464065474293, 1.0030550801443086, 0.9927268359287849, 0.997934422163877, 0.9982094657533043, 0.9883048300223847, 1.0105914973661136, 1.0080272389676839, 1.0071819830324218, 1.0048966913618997, 0.9848321289235769, 1.0173787926897282, 1.001791386785329, 0.9826487580076488, 0.99529512885419, 1.0123310626254027, 1.0114590211141623, 1.007428605010518, 0.9983190453304328, 0.9945685956747872, 1.0011353019788025, 0.9792123512606304]","[-0.02013654238557472, -0.009477785686479168, -0.01500572535810929, -0.012052514174123674, 0.0066472420622989414, -0.007959648791525331, -0.0077192058119599505, -0.0018939976459808605, 0.0013464065474293463, 0.003055080144308553, -0.0072731640712151435, -0.002065577836123045, -0.0017905342466957297, -0.011695169977615327, 0.010591497366113645, 0.00802723896768387, 0.00718198303242179, 0.004896691361899741, -0.015167871076423145, 0.017378792689728195, 0.0017913867853289744, -0.017351241992351163, -0.0047048711458099746, 0.012331062625402733, 0.011459021114162304, 0.007428605010517897, -0.0016809546695671918, -0.00543140432521283, 0.0011353019788025165, -0.020787648739369557]","[0.10830843448638916, 0.0, 0.0, 0.0, 0.10830843448638916, 0.0, 0.10830843448638916, 0.10830843448638916, 0.0, 0.0, 0.10830843448638916, 0.0, 0.0, 0.0, 0.10830843448638916, 0.0, 0.0, 0.07013054937124252, 0.10609086602926254, 0.0, 0.0, 0.10830843448638916, 0.0, 0.0, 0.0, 0.0, 0.0, 0.0, 0.0, 0.06561961024999619]","[0.0, 0.1, 0.1, 0.1, 0.1, 0.1, 0.1, 0.1, 0.1, 0.0, 0.0, 0.0, 0.0, 0.0, 0.0, 0.0, 0.0, 0.0, 0.0, 0.0, 0.0, 0.0, 0.0, 0.0, 0.0, 0.0, 0.0, 0.0, 0.1, 0.1]","[0.0, 0.08782784564100425, 0.097816284667752, 0.08898441745326782, 0.07945088579189259, 0.09112260398769692, 0.09085441410990898, 0.09231477800520209, 0.09321704768863207, 0.010472891087940622, 0.00047549241925952423, 0.0, 0.0016492734676292306, 0.0, 0.0, 0.01160983950148718, 0.010446105480777927, 0.00817402443662627, 0.0037579503234831647, 0.00906619133890309, 0.0, 0.0009211322450966717, 0.0, 0.0, 0.0, 0.014155081080968518, 0.01113837974213244, 0.015652862292548617, 0.09822790781189628, 0.08266459142589368]","[0.10830841958522797, 0.0, 0.0, 0.0, 0.10830841958522797, 0.0, 0.10830841958522797, 0.10830841958522797, 0.0, 0.0, 0.10830841958522797, 0.0, 0.0, 0.0, 0.10830841958522797, 0.0, 0.0, 0.07013054192066193, 0.10609085112810135, 0.0, 0.0, 0.10830841958522797, 0.0, 0.0, 0.0, 0.0, 0.0, 0.0, 0.0, 0.06561960279941559]",-0.00702590634301404
64,0.9954787406386725,"[0.9798634576144253, 0.9905222143135208, 0.9849942746418907, 0.9879474858258763, 1.006647242062299, 0.9920403512084747, 0.99228079418804, 0.9981060023540191, 1.0013464065474293, 1.0030550801443086, 0.9927268359287849, 0.997934422163877, 0.9982094657533043, 0.9883048300223847, 1.0105914973661136, 1.0080272389676839, 1.0071819830324218, 1.0048966913618997, 0.9848321289235769, 1.0173787926897282, 1.001791386785329, 0.9826487580076488, 0.99529512885419, 1.0123310626254027, 1.0114590211141623, 1.007428605010518, 0.9983190453304328, 0.9945685956747872, 1.0011353019788025, 0.9792123512606304]","[1.0064978027147078, 1.005565563489072, 0.9849479302022627, 1.00460747071732, 1.0039166522093037, 1.004669664281901, 0.998000382827952, 0.9956394057298223, 0.9842809491389578, 1.0012187688486316, 0.9901686268918264, 0.9992463895250896, 1.0081338762683691, 0.9903947943759084, 1.020344872983007, 0.9773438087522655, 0.993240943832663, 1.010987193951736, 1.0144511991296492, 1.0054329543922134, 1.0063269181378283, 1.004711874817847, 0.9860084306544369, 0.9970249222189917, 1.010528887768731, 0.9935071340108969, 0.989096593569298, 1.0154235810629737, 1.009868236177358, 1.0066450511963954]","[0.00649780271470779, 0.00556556348907189, -0.015052069797737322, 0.004607470717320039, 0.003916652209303706, 0.004669664281901076, -0.001999617172047996, -0.0043605942701776534, -0.015719050861042194, 0.0012187688486315906, -0.009831373108173613, -0.0007536104749104044, 0.008133876268369145, -0.009605205624091617, 0.020344872983006912, -0.022656191247734547, -0.006759056167336963, 0.010987193951736085, 0.014451199129649206, 0.005432954392213363, 0.0063269181378282635, 0.004711874817846962, -0.013991569345563115, -0.0029750777810082507, 0.010528887768731066, -0.006492865989103147, -0.010903406430701978, 0.015423581062973701, 0.009868236177358103, 0.006645051196395357]","[0.0, 0.0, 0.0, 0.10977986454963684, 0.0, 0.1005069836974144, 0.10856261104345322, 0.09641847759485245, 0.0, 0.0, 0.0, 0.0, 0.09052016586065292, 0.0, 0.0, 0.10226311534643173, 0.0, 0.0907498225569725, 0.0, 0.0, 0.09345134347677231, 0.0, 0.0, 0.0, 0.09796776622533798, 0.10977986454963684, 0.0, 0.0, 0.0, 0.0]","[0.0, 0.1, 0.1, 0.1, 0.1, 0.1, 0.1, 0.1, 0.1, 0.0, 0.0, 0.0, 0.0, 0.0, 0.0, 0.0, 0.0, 0.0, 0.0, 0.0, 0.0, 0.0, 0.0, 0.0, 0.0, 0.0, 0.0, 0.0, 0.1, 0.1]","[0.0, 0.07866498680945325, 0.07699331411136438, 0.07745700907473493, 0.08320941115183572, 0.10836708086804478, 0.08616285237459294, 0.10018709801308116, 0.09308417582110268, 0.001777462252622981, 0.0, 0.014971123784101712, 0.0, 0.005087869335530359, 0.01919123067568155, 0.0, 0.0014060250908547569, 0.0009811711346731811, 0.020962231806028478, 0.0, 0.0, 0.012248323678194803, 0.0, 0.0023309797279455866, 0.0, 0.01576631530512221, 0.0007690369722442466, 0.011740091358757088, 0.08753931290300562, 0.10110289775102746]","[0.0, 0.0, 0.0, 0.10977986454963684, 0.0, 0.1005069836974144, 0.10856261104345322, 0.09641847759485245, 0.0, 0.0, 0.0, 0.0, 0.09052016586065292, 0.0, 0.0, 0.10226311534643173, 0.0, 0.0907498225569725, 0.0, 0.0, 0.09345134347677231, 0.0, 0.0, 0.0, 0.09796776622533798, 0.10977986454963684, 0.0, 0.0, 0.0, 0.0]",0.00025879725527901517
65,1.0019751598370772,"[1.0064978027147078, 1.005565563489072, 0.9849479302022627, 1.00460747071732, 1.0039166522093037, 1.004669664281901, 0.998000382827952, 0.9956394057298223, 0.9842809491389578, 1.0012187688486316, 0.9901686268918264, 0.9992463895250896, 1.0081338762683691, 0.9903947943759084, 1.020344872983007, 0.9773438087522655, 0.993240943832663, 1.010987193951736, 1.0144511991296492, 1.0054329543922134, 1.0063269181378283, 1.004711874817847, 0.9860084306544369, 0.9970249222189917, 1.010528887768731, 0.9935071340108969, 0.989096593569298, 1.0154235810629737, 1.009868236177358, 1.0066450511963954]","[0.9976114249591357, 0.9714716465426102, 0.997249764212393, 1.0155383211087365, 0.9965203276662964, 1.0070959696153166, 1.0163264165407302, 1.0001851525372285, 1.0014616084092187, 1.002989487399063, 1.0075155887415963, 1.0122077278107942, 1.0089390593510843, 0.9848406588165539, 1.0115300832426324, 0.9965266145170102, 1.0050450230091392, 1.009481983222619, 1.0265783761042988, 1.0021263487043184, 0.9747243954074168, 1.003544285338381, 1.00404906810505, 1.0019161695521064, 1.0251069514567528, 0.9780767611876218, 0.9735180143386242, 1.0074948222675253, 1.0284017250320265, 1.0008179412403737]","[-0.002388575040864316, -0.0285283534573898, -0.002750235787607025, 0.015538321108736541, -0.0034796723337036095, 0.007095969615316555, 0.016326416540730193, 0.00018515253722850566, 0.0014616084092187176, 0.0029894873990630177, 0.007515588741596302, 0.012207727810794156, 0.0089390593510843, -0.015159341183446085, 0.011530083242632383, -0.0034733854829898103, 0.005045023009139227, 0.00948198322261895, 0.026578376104298806, 0.0021263487043183815, -0.025275604592583156, 0.0035442853383809148, 0.004049068105050013, 0.0019161695521063837, 0.02510695145675279, -0.021923238812378232, -0.02648198566137583, 0.007494822267525292, 0.028401725032026537, 0.0008179412403737096]","[0.0, 0.0, 0.0, 0.0, 0.0, 0.11840463429689407, 0.0, 0.06594514846801758, 0.0, 0.11840463429689407, 0.11840463429689407, 0.0, 0.0, 0.0, 0.06393077969551086, 0.09331430494785309, 0.07854272425174713, 0.0, 0.11840463429689407, 0.0, 0.0, 0.10624389350414276, 0.0, 0.0, 0.0, 0.0, 0.0, 0.0, 0.0, 0.11840463429689407]","[0.0, 0.1, 0.1, 0.1, 0.1, 0.1, 0.1, 0.1, 0.1, 0.0, 0.0, 0.0, 0.0, 0.0, 0.0, 0.0, 0.0, 0.0, 0.0, 0.0, 0.0, 0.0, 0.0, 0.0, 0.0, 0.0, 0.0, 0.0, 0.1, 0.1]","[0.0002737349887813041, 0.10635260489339304, 0.09043011168269871, 0.10046231885620267, 0.08533832540028213, 0.0887546803118942, 0.08883598939139897, 0.1000414222022871, 0.11050734444803408, 0.0, 0.00030944087102609936, 0.0, 0.0, 0.005160469752786817, 0.0, 0.0, 0.0, 0.0, 0.0, 0.01064097307212029, 0.0, 0.0026735175202753517, 0.0, 0.009347378845483952, 0.0, 0.007321175812551697, 0.0, 0.014666479458440075, 0.09643924417755949, 0.08244478831478415]","[0.0, 0.0, 0.0, 0.0, 0.0, 0.11840461939573288, 0.0, 0.06594514101743698, 0.0, 0.11840461939573288, 0.11840461939573288, 0.0, 0.0, 0.0, 0.06393077224493027, 0.09331429749727249, 0.07854271680116653, 0.0, 0.11840461939573288, 0.0, 0.0, 0.10624387860298157, 0.0, 0.0, 0.0, 0.0, 0.0, 0.0, 0.0, 0.11840461939573288]",0.006104234494435617
66,0.9992801193387397,"[0.9976114249591357, 0.9714716465426102, 0.997249764212393, 1.0155383211087365, 0.9965203276662964, 1.0070959696153166, 1.0163264165407302, 1.0001851525372285, 1.0014616084092187, 1.002989487399063, 1.0075155887415963, 1.0122077278107942, 1.0089390593510843, 0.9848406588165539, 1.0115300832426324, 0.9965266145170102, 1.0050450230091392, 1.009481983222619, 1.0265783761042988, 1.0021263487043184, 0.9747243954074168, 1.003544285338381, 1.00404906810505, 1.0019161695521064, 1.0251069514567528, 0.9780767611876218, 0.9735180143386242, 1.0074948222675253, 1.0284017250320265, 1.0008179412403737]","[0.9992456338806951, 0.9944517815934263, 0.9879830898782036, 1.008428733874167, 0.99875128887238, 0.9942001623220688, 0.9868232293370223, 0.9776201770311548, 0.9963225258541752, 0.9892678034792264, 0.998682099447128, 0.9846656540611621, 1.0037101265087685, 0.9960365962191949, 0.9942292852798711, 1.0167588200608086, 0.9998452070334465, 0.9895792241125825, 0.993649139930043, 1.0043649978538618, 1.0024323243390905, 0.9972943482562974, 0.9921613443454067, 0.973317608422111, 0.9968050411771788, 1.0228264287293802, 0.9964928057881043, 0.9774994515421173, 1.0109914468517853, 1.015586248459796]","[-0.0007543661193049056, -0.005548218406573713, -0.012016910121796398, 0.008428733874167094, -0.001248711127620039, -0.005799837677931241, -0.013176770662977733, -0.02237982296884522, -0.003677474145824755, -0.010732196520773618, -0.0013179005528719534, -0.015334345938837868, 0.003710126508768452, -0.003963403780805064, -0.005770714720128911, 0.016758820060808644, -0.0001547929665535186, -0.010420775887417522, -0.006350860069956998, 0.004364997853861796, 0.0024323243390904636, -0.0027056517437026306, -0.007838655654593296, -0.026682391577888986, -0.00319495882282117, 0.022826428729380233, -0.0035071942118957145, -0.02250054845788274, 0.010991446851785325, 0.015586248459795948]","[0.10719848424196243, 0.0, 0.0, 0.10719848424196243, 0.0, 0.0, 0.10719848424196243, 0.0, 0.0, 0.0, 0.0, 0.10719848424196243, 0.0, 0.0, 0.0, 0.0, 0.0, 0.0, 0.0, 0.09189794212579727, 0.10719848424196243, 0.0, 0.0, 0.07661441713571548, 0.0, 0.10719848424196243, 0.0, 0.10719848424196243, 0.08109819144010544, 0.0]","[0.0, 0.1, 0.1, 0.1, 0.1, 0.1, 0.1, 0.1, 0.1, 0.0, 0.0, 0.0, 0.0, 0.0, 0.0, 0.0, 0.0, 0.0, 0.0, 0.0, 0.0, 0.0, 0.0, 0.0, 0.0, 0.0, 0.0, 0.0, 0.1, 0.1]","[0.0003458670866636421, 0.08703456481597108, 0.08346073979063157, 0.10287921386823623, 0.09225813086149871, 0.09666848555041442, 0.09539521565969947, 0.07143102492740162, 0.09127074174609488, 0.0, 0.014129710387726637, 0.003226640805671974, 0.0024503317443823097, 0.0, 0.0, 0.0174766118428281, 0.012293396490645326, 0.007719159206493464, 0.0, 0.0, 0.012431448615536042, 0.0, 0.00790210003803764, 0.0, 0.0, 0.0, 0.0, 0.009477712471225527, 0.08608518170846098, 0.10606372238238028]","[0.10719849169254303, 0.0, 0.0, 0.10719849169254303, 0.0, 0.0, 0.10719849169254303, 0.0, 0.0, 0.0, 0.0, 0.10719849169254303, 0.0, 0.0, 0.0, 0.0, 0.0, 0.0, 0.0, 0.09189794957637787, 0.10719849169254303, 0.0, 0.0, 0.07661442458629608, 0.0, 0.10719849169254303, 0.0, 0.10719849169254303, 0.08109819889068604, 0.0]",-0.0030928454436647546
67,1.0032350981890144,"[0.9992456338806951, 0.9944517815934263, 0.9879830898782036, 1.008428733874167, 0.99875128887238, 0.9942001623220688, 0.9868232293370223, 0.9776201770311548, 0.9963225258541752, 0.9892678034792264, 0.998682099447128, 0.9846656540611621, 1.0037101265087685, 0.9960365962191949, 0.9942292852798711, 1.0167588200608086, 0.9998452070334465, 0.9895792241125825, 0.993649139930043, 1.0043649978538618, 1.0024323243390905, 0.9972943482562974, 0.9921613443454067, 0.973317608422111, 0.9968050411771788, 1.0228264287293802, 0.9964928057881043, 0.9774994515421173, 1.0109914468517853, 1.015586248459796]","[0.981096817929046, 1.004359846011697, 0.9899791260270406, 1.0282841429091993, 1.0152301999444526, 0.9995182070504345, 0.98824438328254, 0.9931472489606259, 0.9846217588221997, 0.9965806813999433, 0.9947336721570947, 1.0080653137481335, 1.0052951383432116, 0.9950488644527474, 1.0059715899493629, 1.0012137178232305, 0.996157686497697, 0.9979318975699616, 1.0188274761750684, 0.9799124589636449, 0.9828456298012966, 1.0075621348557449, 1.0154630406222593, 1.0210675372985931, 0.9906261254960049, 0.9728952027426144, 0.9922359905659028, 0.9873102215280256, 0.9993562193312333, 0.9950397154336796]","[-0.018903182070953983, 0.004359846011696922, -0.010020873972959365, 0.02828414290919934, 0.015230199944452627, -0.0004817929495655182, -0.011755616717459949, -0.006852751039374105, -0.01537824117780029, -0.003419318600056731, -0.005266327842905261, 0.008065313748133462, 0.005295138343211603, -0.004951135547252572, 0.0059715899493628655, 0.0012137178232305423, -0.0038423135023030186, -0.00206810243003841, 0.018827476175068414, -0.020087541036355128, -0.01715437019870336, 0.007562134855744862, 0.015463040622259339, 0.02106753729859312, -0.009373874503995072, -0.02710479725738557, -0.007764009434097163, -0.012689778471974389, -0.0006437806687666914, -0.004960284566320361]","[0.0, 0.0, 0.10005360096693039, 0.10005360096693039, 0.10005360096693039, 0.0, 0.0, 0.10005360096693039, 0.0, 0.0, 0.0, 0.0, 0.09951759874820709, 0.10005360096693039, 0.0, 0.0, 0.10005360096693039, 0.0, 0.0, 0.10005360096693039, 0.0, 0.0, 0.10005360096693039, 0.10005360096693039, 0.0, 0.0, 0.0, 0.0, 0.0, 0.0]","[0.0, 0.1, 0.1, 0.1, 0.1, 0.1, 0.1, 0.1, 0.1, 0.0, 0.0, 0.0, 0.0, 0.0, 0.0, 0.0, 0.0, 0.0, 0.0, 0.0, 0.0, 0.0, 0.0, 0.0, 0.0, 0.0, 0.0, 0.0, 0.1, 0.1]","[0.011723306327778533, 0.08992916598641348, 0.08674103088975152, 0.09136736247608829, 0.0697000939415713, 0.10419504822795876, 0.08683454928623441, 0.08239869954557787, 0.09371525942140005, 0.0, 0.0, 0.002019312451070688, 0.012624682748450048, 0.0, 0.0, 0.0, 0.004539647788768948, 0.000869029296528749, 0.0014376298223936817, 0.0, 0.0, 0.0015548595916212884, 0.022503737818785008, 0.009111512060991553, 0.006392591080569906, 0.005258327943714033, 0.017894466932274204, 0.0, 0.10241482904889805, 0.09677485731315968]","[0.0, 0.0, 0.10005360096693039, 0.10005360096693039, 0.10005360096693039, 0.0, 0.0, 0.10005360096693039, 0.0, 0.0, 0.0, 0.0, 0.09951759874820709, 0.10005360096693039, 0.0, 0.0, 0.10005360096693039, 0.0, 0.0, 0.10005360096693039, 0.0, 0.0, 0.10005360096693039, 0.10005360096693039, 0.0, 0.0, 0.0, 0.0, 0.0, 0.0]",0.0035793026061764887
68,1.002805724435958,"[0.981096817929046, 1.004359846011697, 0.9899791260270406, 1.0282841429091993, 1.0152301999444526, 0.9995182070504345, 0.98824438328254, 0.9931472489606259, 0.9846217588221997, 0.9965806813999433, 0.9947336721570947, 1.0080653137481335, 1.0052951383432116, 0.9950488644527474, 1.0059715899493629, 1.0012137178232305, 0.996157686497697, 0.9979318975699616, 1.0188274761750684, 0.9799124589636449, 0.9828456298012966, 1.0075621348557449, 1.0154630406222593, 1.0210675372985931, 0.9906261254960049, 0.9728952027426144, 0.9922359905659028, 0.9873102215280256, 0.9993562193312333, 0.9950397154336796]","[1.0066454938381921, 1.019684288923687, 0.9925894613205052, 1.0091334968046122, 1.0059864589947112, 0.9971844235878059, 1.0127805167050292, 0.9969825838256187, 1.007765312427777, 0.9894339370621565, 0.980590682318327, 0.9879513023614069, 1.0149131090437313, 0.997594256694498, 0.9938259525242836, 1.0134875733612665, 0.9821145898404303, 1.01386841095978, 0.9843956108297404, 0.9910431434759912, 1.008751184780805, 1.0009516369168354, 0.9991180454656986, 1.0069234398719449, 0.9948460400050699, 1.013147256268742, 1.0264581807617192, 0.9942190721658, 0.9878508433649408, 0.9972240062057606]","[0.006645493838192129, 0.01968428892368701, -0.007410538679494816, 0.009133496804612173, 0.005986458994711175, -0.0028155764121940985, 0.012780516705029221, -0.0030174161743813377, 0.007765312427777005, -0.010566062937843457, -0.019409317681672977, -0.012048697638593064, 0.014913109043731332, -0.0024057433055020283, -0.006174047475716371, 0.013487573361266492, -0.01788541015956968, 0.013868410959779975, -0.015604389170259636, -0.008956856524008794, 0.008751184780805055, 0.0009516369168354188, -0.000881954534301399, 0.006923439871944881, -0.0051539599949300685, 0.013147256268742025, 0.02645818076171924, -0.005780927834200034, -0.012149156635059222, -0.0027759937942394286]","[0.0, 0.0, 0.0, 0.0, 0.10619072616100311, 0.0, 0.07655252516269684, 0.0, 0.0, 0.0, 0.1078600138425827, 0.0, 0.0, 0.1007053554058075, 0.0, 0.08701106160879135, 0.0, 0.0, 0.0, 0.10508309304714203, 0.09301727265119553, 0.1078600138425827, 0.0, 0.0, 0.1078600138425827, 0.0, 0.0, 0.0, 0.0, 0.1078600138425827]","[0.0, 0.1, 0.1, 0.1, 0.1, 0.1, 0.1, 0.1, 0.1, 0.0, 0.0, 0.0, 0.0, 0.0, 0.0, 0.0, 0.0, 0.0, 0.0, 0.0, 0.0, 0.0, 0.0, 0.0, 0.0, 0.0, 0.0, 0.0, 0.1, 0.1]","[0.012509229648849646, 0.08986602525515035, 0.09371771145567437, 0.0928265393056595, 0.10039252543680194, 0.09375314075709117, 0.0866718657291116, 0.08628104270571359, 0.09793794671401884, 0.0022746168402226143, 0.00024151198973017723, 0.0051794073728619935, 0.01964157513418741, 0.0, 0.014627930488479464, 0.0, 0.0034965880358404306, 0.0013595945741403082, 0.0, 0.0028440905433667935, 0.006078385742829092, 0.0, 0.0, 0.002536304080583524, 0.008159851460640796, 0.0, 0.0, 0.004857172560519467, 0.09411132565297062, 0.08063561851555635]","[0.0, 0.0, 0.0, 0.0, 0.10619071125984192, 0.0, 0.07655251771211624, 0.0, 0.0, 0.0, 0.10785999894142151, 0.0, 0.0, 0.1007053405046463, 0.0, 0.08701105415821075, 0.0, 0.0, 0.0, 0.10508307814598083, 0.09301726520061493, 0.10785999894142151, 0.0, 0.0, 0.10785999894142151, 0.0, 0.0, 0.0, 0.0, 0.10785999894142151]",-0.000750122229296021
69,0.997451480772958,"[1.0066454938381921, 1.019684288923687, 0.9925894613205052, 1.0091334968046122, 1.0059864589947112, 0.9971844235878059, 1.0127805167050292, 0.9969825838256187, 1.007765312427777, 0.9894339370621565, 0.980590682318327, 0.9879513023614069, 1.0149131090437313, 0.997594256694498, 0.9938259525242836, 1.0134875733612665, 0.9821145898404303, 1.01386841095978, 0.9843956108297404, 0.9910431434759912, 1.008751184780805, 1.0009516369168354, 0.9991180454656986, 1.0069234398719449, 0.9948460400050699, 1.013147256268742, 1.0264581807617192, 0.9942190721658, 0.9878508433649408, 0.9972240062057606]","[1.0060590176612554, 1.0019409966366652, 0.9909217765548352, 0.9815377269321821, 1.0018976470569891, 1.0042509373008486, 0.9735495695986233, 1.007099956814487, 1.0030816921731927, 1.0307681284488426, 0.9942591364931622, 0.9845980992543543, 0.9869068125931761, 1.0281321259921925, 1.0013470279820835, 0.9948390057759824, 1.0216468063619768, 1.0095232056913548, 1.0121109457228654, 1.015724746556142, 0.9832594597497727, 1.0073111370152854, 0.9885280436395999, 0.9870597171865167, 0.9813915682162694, 1.016678003860304, 1.0067449116130769, 0.9916497386546606, 0.9899331878164209, 1.0143595269095391]","[0.006059017661255384, 0.0019409966366652487, -0.009078223445164846, -0.01846227306781789, 0.001897647056989138, 0.0042509373008485785, -0.026450430401376734, 0.007099956814486941, 0.0030816921731926517, 0.03076812844884258, -0.005740863506837779, -0.015401900745645736, -0.013093187406823859, 0.028132125992192503, 0.0013470279820835263, -0.005160994224017612, 0.0216468063619768, 0.009523205691354786, 0.012110945722865418, 0.01572474655614209, -0.01674054025022731, 0.007311137015285407, -0.011471956360400104, -0.01294028281348325, -0.018608431783730617, 0.016678003860304047, 0.006744911613076887, -0.00835026134533945, -0.010066812183579077, 0.014359526909539122]","[0.0, 0.0, 0.10875321179628372, 0.0, 0.0, 0.0, 0.0, 0.0, 0.0, 0.0, 0.0, 0.10875321179628372, 0.0, 0.0, 0.0, 0.10875321179628372, 0.0, 0.0742259994149208, 0.0, 0.0, 0.10875321179628372, 0.08381131291389465, 0.10875321179628372, 0.09529156982898712, 0.0, 0.10875321179628372, 0.0, 0.0, 0.09415179491043091, 0.0]","[0.0, 0.1, 0.1, 0.1, 0.1, 0.1, 0.1, 0.1, 0.1, 0.0, 0.0, 0.0, 0.0, 0.0, 0.0, 0.0, 0.0, 0.0, 0.0, 0.0, 0.0, 0.0, 0.0, 0.0, 0.0, 0.0, 0.0, 0.0, 0.1, 0.1]","[0.008637560090538362, 0.09044863561645851, 0.09626634029171102, 0.08893884226673411, 0.09698212406935537, 0.0957374311378359, 0.09270151389441357, 0.08270249669337529, 0.09855062138932628, 0.008954550946019093, 0.0009823349514736844, 0.0, 0.0, 0.005818747969767894, 0.0, 0.013871187802197104, 0.0, 0.0, 0.0, 0.0, 0.003321318047696105, 0.0, 0.0, 0.0133654541214166, 0.0, 0.0, 0.0026739704981380897, 0.014320746194975142, 0.09867134715527291, 0.08705477686329514]","[0.0, 0.0, 0.10875321924686432, 0.0, 0.0, 0.0, 0.0, 0.0, 0.0, 0.0, 0.0, 0.10875321924686432, 0.0, 0.0, 0.0, 0.10875321924686432, 0.0, 0.0742260068655014, 0.0, 0.0, 0.10875321924686432, 0.08381132036447525, 0.10875321924686432, 0.09529157727956772, 0.0, 0.10875321924686432, 0.0, 0.0, 0.0941518023610115, 0.0]",-0.005749353188804172
70,1.0082935867806513,"[1.0060590176612554, 1.0019409966366652, 0.9909217765548352, 0.9815377269321821, 1.0018976470569891, 1.0042509373008486, 0.9735495695986233, 1.007099956814487, 1.0030816921731927, 1.0307681284488426, 0.9942591364931622, 0.9845980992543543, 0.9869068125931761, 1.0281321259921925, 1.0013470279820835, 0.9948390057759824, 1.0216468063619768, 1.0095232056913548, 1.0121109457228654, 1.015724746556142, 0.9832594597497727, 1.0073111370152854, 0.9885280436395999, 0.9870597171865167, 0.9813915682162694, 1.016678003860304, 1.0067449116130769, 0.9916497386546606, 0.9899331878164209, 1.0143595269095391]","[1.018963390145084, 1.012907637263594, 0.985329005627671, 0.9923611446001617, 1.0005297628312322, 1.0285671612335217, 0.9900491848981333, 0.9760901979129152, 0.9978730557834811, 1.0151138886343667, 1.0164205829058288, 1.0116095261956115, 1.025788255485475, 0.9884183672046537, 0.993253146193769, 0.983917946259984, 1.010724732130971, 1.024804956412431, 0.9994676420310441, 0.9700670088410164, 1.002987085573603, 1.0067039853802993, 1.0124710791537548, 0.9990510019895156, 0.9939730811120384, 1.0089721950779196, 0.994159297591145, 1.0000027767906297, 0.9828774118952004, 0.9965828589049209]","[0.01896339014508408, 0.012907637263593896, -0.014670994372328994, -0.007638855399838329, 0.0005297628312321834, 0.028567161233521654, -0.009950815101866683, -0.02390980208708482, -0.0021269442165189334, 0.01511388863436669, 0.016420582905828818, 0.011609526195611508, 0.02578825548547492, -0.011581632795346297, -0.006746853806230968, -0.016082053740016033, 0.010724732130970915, 0.02480495641243108, -0.0005323579689558988, -0.029932991158983624, 0.0029870855736029434, 0.00670398538029926, 0.012471079153754783, -0.0009489980104844253, -0.006026918887961585, 0.008972195077919576, -0.005840702408855036, 2.7767906296549683e-06, -0.017122588104799608, -0.003417141095079068]","[0.0, 0.0, 0.0, 0.0, 0.10290498286485672, 0.10406751185655594, 0.0, 0.0, 0.10406751185655594, 0.0, 0.10406751185655594, 0.0, 0.09814154356718063, 0.0, 0.0, 0.0, 0.0, 0.08514801412820816, 0.0, 0.0, 0.10406751185655594, 0.10406751185655594, 0.0, 0.10406751185655594, 0.0, 0.08940043300390244, 0.0, 0.0, 0.0, 0.0]","[0.0, 0.1, 0.1, 0.1, 0.1, 0.1, 0.1, 0.1, 0.1, 0.0, 0.0, 0.0, 0.0, 0.0, 0.0, 0.0, 0.0, 0.0, 0.0, 0.0, 0.0, 0.0, 0.0, 0.0, 0.0, 0.0, 0.0, 0.0, 0.1, 0.1]","[0.0008453874294678852, 0.08999953315560702, 0.08808779079283838, 0.09385357164386107, 0.0863822436337837, 0.10288344951200128, 0.09063743482461623, 0.1050854286918621, 0.10495285289122552, 0.0, 0.0, 0.0009445760030837699, 0.0014172853135749283, 0.00019366894589217096, 0.0, 0.004409738077821024, 0.0008241712547822253, 0.0, 0.0, 0.011788644413643943, 0.007380918647068102, 0.0, 0.009079403790644645, 0.0, 0.00967379432119674, 0.0, 0.0, 0.013632152173840603, 0.07996007693501916, 0.09796787754816977]","[0.0, 0.0, 0.0, 0.0, 0.10290498286485672, 0.10406751185655594, 0.0, 0.0, 0.10406751185655594, 0.0, 0.10406751185655594, 0.0, 0.09814154356718063, 0.0, 0.0, 0.0, 0.0, 0.08514801412820816, 0.0, 0.0, 0.10406751185655594, 0.10406751185655594, 0.0, 0.10406751185655594, 0.0, 0.08940043300390244, 0.0, 0.0, 0.0, 0.0]",0.010428866584659734
71,1.0208404172644712,"[1.018963390145084, 1.012907637263594, 0.985329005627671, 0.9923611446001617, 1.0005297628312322, 1.0285671612335217, 0.9900491848981333, 0.9760901979129152, 0.9978730557834811, 1.0151138886343667, 1.0164205829058288, 1.0116095261956115, 1.025788255485475, 0.9884183672046537, 0.993253146193769, 0.983917946259984, 1.010724732130971, 1.024804956412431, 0.9994676420310441, 0.9700670088410164, 1.002987085573603, 1.0067039853802993, 1.0124710791537548, 0.9990510019895156, 0.9939730811120384, 1.0089721950779196, 0.994159297591145, 1.0000027767906297, 0.9828774118952004, 0.9965828589049209]","[1.0007341686995188, 0.9952713320708854, 1.0053548696207455, 1.023124566397396, 1.0076413912520548, 1.0101047869025666, 0.9835893792150247, 1.009626914049632, 1.0051434370056251, 0.9987651432474667, 0.9978941693616494, 1.018058117063394, 0.9979805076376472, 1.0145872228832662, 1.0105610284680608, 0.9928737434104092, 1.0289457230073156, 1.0059285933869468, 0.9891336800717624, 0.9998179881196609, 0.9788022432641217, 1.0136982650101338, 1.0089098636182978, 1.035196020929982, 1.0241839578751613, 1.010926501258588, 0.9969291676815983, 1.0053302273621691, 0.9913612691637698, 0.9968887892792802]","[0.0007341686995188113, -0.004728667929114638, 0.005354869620745495, 0.023124566397396018, 0.007641391252054763, 0.010104786902566554, -0.01641062078497535, 0.009626914049631896, 0.00514343700562514, -0.0012348567525333198, -0.00210583063835057, 0.018058117063393997, -0.0020194923623527705, 0.014587222883266193, 0.01056102846806084, -0.007126256589590763, 0.02894572300731557, 0.0059285933869468455, -0.010866319928237611, -0.00018201188033906135, -0.021197756735878315, 0.013698265010133825, 0.00890986361829782, 0.035196020929981975, 0.024183957875161255, 0.010926501258587962, -0.0030708323184016617, 0.005330227362169149, -0.008638730836230235, -0.003111210720719848]","[0.0, 0.0, 0.0, 0.0, 0.0, 0.08565748482942581, 0.0, 0.0, 0.10177592933177948, 0.0, 0.0, 0.10177592933177948, 0.10177592933177948, 0.10177592933177948, 0.0, 0.0, 0.10177592933177948, 0.10013508796691895, 0.0, 0.0, 0.0, 0.10177592933177948, 0.0, 0.0, 0.10177592933177948, 0.0, 0.0, 0.10177592933177948, 0.0, 0.0]","[0.0, 0.1, 0.1, 0.1, 0.1, 0.1, 0.1, 0.1, 0.1, 0.0, 0.0, 0.0, 0.0, 0.0, 0.0, 0.0, 0.0, 0.0, 0.0, 0.0, 0.0, 0.0, 0.0, 0.0, 0.0, 0.0, 0.0, 0.0, 0.1, 0.1]","[0.0, 0.07731658538855699, 0.08591860769682234, 0.07625715893290978, 0.08852130056589604, 0.10036616151051954, 0.0833148322131002, 0.0925445665245046, 0.09793159120945848, 0.00332955076490509, 0.007064162586803497, 0.0153341100787994, 0.0023310658708867293, 0.0, 0.0, 0.010303752942053329, 0.0, 0.012689564346903685, 0.015376082395212914, 0.0019834951843750465, 0.009097776976324821, 0.012759893716498405, 0.0, 0.008003870391291345, 0.0, 0.007447564725052935, 0.003502615532312899, 0.0, 0.10369016920409219, 0.08491552124271964]","[0.0, 0.0, 0.0, 0.0, 0.0, 0.08565748482942581, 0.0, 0.0, 0.10177592933177948, 0.0, 0.0, 0.10177592933177948, 0.10177592933177948, 0.10177592933177948, 0.0, 0.0, 0.10177592933177948, 0.10013508796691895, 0.0, 0.0, 0.0, 0.10177592933177948, 0.0, 0.0, 0.10177592933177948, 0.0, 0.0, 0.10177592933177948, 0.0, 0.0]",0.011972080275186295
72,1.0263775749778132,"[1.0007341686995188, 0.9952713320708854, 1.0053548696207455, 1.023124566397396, 1.0076413912520548, 1.0101047869025666, 0.9835893792150247, 1.009626914049632, 1.0051434370056251, 0.9987651432474667, 0.9978941693616494, 1.018058117063394, 0.9979805076376472, 1.0145872228832662, 1.0105610284680608, 0.9928737434104092, 1.0289457230073156, 1.0059285933869468, 0.9891336800717624, 0.9998179881196609, 0.9788022432641217, 1.0136982650101338, 1.0089098636182978, 1.035196020929982, 1.0241839578751613, 1.010926501258588, 0.9969291676815983, 1.0053302273621691, 0.9913612691637698, 0.9968887892792802]","[0.9951797276302474, 1.0024412067103798, 0.9970596443405215, 1.0019658268859222, 1.0029513479794745, 0.9924731298859967, 1.0043364737715528, 1.0137331070260802, 1.0114441806084666, 0.9987038561278311, 1.0004579626671184, 0.9971740386211589, 0.9886033885390352, 0.9991012036013338, 0.9986830083242244, 0.9923660882750746, 0.9986890465872515, 0.9888249277035207, 0.9749410755252833, 1.0086664847130493, 1.0016604081136535, 1.0051909166981738, 0.9972259864770857, 1.004703787577929, 1.027258874334766, 1.0095751405704056, 1.0022523463631439, 1.0237228503988822, 0.9983116223865841, 0.9962675669539909]","[-0.004820272369752576, 0.0024412067103798396, -0.0029403556594784774, 0.001965826885922173, 0.0029513479794744946, -0.007526870114003326, 0.0043364737715527735, 0.013733107026080216, 0.011444180608466636, -0.00129614387216892, 0.0004579626671183945, -0.0028259613788410576, -0.011396611460964823, -0.0008987963986661907, -0.0013169916757755917, -0.007633911724925446, -0.0013109534127484501, -0.011175072296479294, -0.025058924474716693, 0.008666484713049316, 0.0016604081136535331, 0.005190916698173842, -0.002774013522914287, 0.004703787577928997, 0.027258874334765926, 0.00957514057040565, 0.0022523463631438645, 0.023722850398882223, -0.0016883776134158923, -0.0037324330460091204]","[0.0, 0.0, 0.0, 0.0, 0.0, 0.1034337654709816, 0.08859787881374359, 0.0, 0.0, 0.1034337654709816, 0.0, 0.08908457309007645, 0.0, 0.0, 0.0, 0.0, 0.1034337654709816, 0.0, 0.0, 0.0, 0.0, 0.0, 0.0, 0.09828127175569534, 0.1034337654709816, 0.1034337654709816, 0.0, 0.1034337654709816, 0.0, 0.1034337654709816]","[0.0, 0.1, 0.1, 0.1, 0.1, 0.1, 0.1, 0.1, 0.1, 0.0, 0.0, 0.0, 0.0, 0.0, 0.0, 0.0, 0.0, 0.0, 0.0, 0.0, 0.0, 0.0, 0.0, 0.0, 0.0, 0.0, 0.0, 0.0, 0.1, 0.1]","[0.0, 0.08916558592652041, 0.08915376732217818, 0.09495652625314699, 0.08673415543007634, 0.09066726583388114, 0.09738758373859736, 0.08337549416374618, 0.09930230946167523, 0.005007764711466174, 0.0, 0.003929580781044706, 0.0, 0.005170601326791242, 0.0, 0.009214706231126123, 0.01045262855532716, 0.0, 0.0, 0.008943434577660897, 0.0, 0.009623964512232464, 0.0163535977136599, 0.00036001090645637775, 0.0, 0.0026354476951844247, 0.0011726753425904332, 0.0057429153700144136, 0.08420009709794223, 0.10644988704868165]","[0.0, 0.0, 0.0, 0.0, 0.0, 0.1034337505698204, 0.088597871363163, 0.0, 0.0, 0.1034337505698204, 0.0, 0.08908456563949585, 0.0, 0.0, 0.0, 0.0, 0.1034337505698204, 0.0, 0.0, 0.0, 0.0, 0.0, 0.0, 0.09828125685453415, 0.1034337505698204, 0.1034337505698204, 0.0, 0.1034337505698204, 0.0, 0.1034337505698204]",0.00498801960767336
73,1.0255267714848069,"[0.9951797276302474, 1.0024412067103798, 0.9970596443405215, 1.0019658268859222, 1.0029513479794745, 0.9924731298859967, 1.0043364737715528, 1.0137331070260802, 1.0114441806084666, 0.9987038561278311, 1.0004579626671184, 0.9971740386211589, 0.9886033885390352, 0.9991012036013338, 0.9986830083242244, 0.9923660882750746, 0.9986890465872515, 0.9888249277035207, 0.9749410755252833, 1.0086664847130493, 1.0016604081136535, 1.0051909166981738, 0.9972259864770857, 1.004703787577929, 1.027258874334766, 1.0095751405704056, 1.0022523463631439, 1.0237228503988822, 0.9983116223865841, 0.9962675669539909]","[1.0181945745326273, 0.9886451454788006, 0.9879791321393545, 0.9840755112666607, 1.0024506820820336, 0.991871272406387, 0.9954071569967644, 1.0137811968421475, 0.9935701523183073, 0.9937499448605766, 1.0157986240464174, 0.9889321419886649, 0.9960072462090291, 0.9997061278012679, 1.0236576937453128, 0.9929621689611273, 1.0109480227756638, 0.9986866487203917, 0.986284858003873, 1.0313599749712226, 1.0047853157124074, 1.021303027553754, 0.9920328017827132, 1.0054431660306464, 1.022378788170885, 0.98868079247824, 0.9923176038750982, 0.9955871073659912, 1.0075509183235427, 1.0020071226720644]","[0.018194574532627295, -0.011354854521199442, -0.01202086786064549, -0.015924488733339293, 0.002450682082033584, -0.00812872759361305, -0.004592843003235592, 0.013781196842147514, -0.006429847681692746, -0.006250055139423449, 0.01579862404641741, -0.011067858011335141, -0.00399275379097086, -0.0002938721987321147, 0.02365769374531279, -0.007037831038872677, 0.010948022775663757, -0.0013133512796082991, -0.013715141996127, 0.03135997497122256, 0.0047853157124073675, 0.021303027553754017, -0.007967198217286753, 0.005443166030646429, 0.02237878817088501, -0.011319207521759966, -0.007682396124901847, -0.0044128926340087915, 0.00755091832354271, 0.0020071226720643764]","[0.0, 0.061085641384124756, 0.0, 0.0, 0.12559877336025238, 0.1106705516576767, 0.0, 0.12848366796970367, 0.1263992190361023, 0.0, 0.0, 0.0, 0.06102854385972023, 0.0, 0.0, 0.0, 0.07830854505300522, 0.0, 0.0, 0.0, 0.12848366796970367, 0.0, 0.0, 0.0, 0.0, 0.0955638736486435, 0.08437755703926086, 0.0, 0.0, 0.0]","[0.0, 0.1, 0.1, 0.1, 0.1, 0.1, 0.1, 0.1, 0.1, 0.0, 0.0, 0.0, 0.0, 0.0, 0.0, 0.0, 0.0, 0.0, 0.0, 0.0, 0.0, 0.0, 0.0, 0.0, 0.0, 0.0, 0.0, 0.0, 0.1, 0.1]","[0.010855290380648561, 0.08281969323186288, 0.08248369874839367, 0.08765390833680345, 0.10275564733728963, 0.07811388241459091, 0.09100494787585989, 0.09050520491998434, 0.09795145387303819, 0.0, 0.0, 0.009924297135803402, 0.0, 0.006147650850486274, 0.005914009777945664, 0.0, 0.0, 0.0, 0.021377700721492202, 0.012905961503729363, 0.026035916172473413, 0.0006922755766560925, 0.0, 0.0, 0.0011700352811958251, 0.00011405029310768918, 0.0, 0.0, 0.0876358767019388, 0.10393849886669979]","[0.0, 0.061085641384124756, 0.0, 0.0, 0.12559877336025238, 0.1106705516576767, 0.0, 0.12848366796970367, 0.1263992190361023, 0.0, 0.0, 0.0, 0.06102854385972023, 0.0, 0.0, 0.0, 0.07830854505300522, 0.0, 0.0, 0.0, 0.12848366796970367, 0.0, 0.0, 0.0, 0.0, 0.0955638736486435, 0.08437755703926086, 0.0, 0.0, 0.0]",-0.0012339374423294624
74,1.0182336834526369,"[1.0181945745326273, 0.9886451454788006, 0.9879791321393545, 0.9840755112666607, 1.0024506820820336, 0.991871272406387, 0.9954071569967644, 1.0137811968421475, 0.9935701523183073, 0.9937499448605766, 1.0157986240464174, 0.9889321419886649, 0.9960072462090291, 0.9997061278012679, 1.0236576937453128, 0.9929621689611273, 1.0109480227756638, 0.9986866487203917, 0.986284858003873, 1.0313599749712226, 1.0047853157124074, 1.021303027553754, 0.9920328017827132, 1.0054431660306464, 1.022378788170885, 0.98868079247824, 0.9923176038750982, 0.9955871073659912, 1.0075509183235427, 1.0020071226720644]","[0.9998296382456948, 0.9833315858366142, 0.9870274718397309, 1.0115347285296639, 1.002353381388408, 0.9917037835302851, 1.0129428640855962, 0.9919114384961165, 0.9903654659090774, 1.0061137807194227, 0.9952264572793029, 1.0071932044811027, 1.0183482587590051, 1.014070298203055, 0.9785258251526617, 0.9914062655811396, 0.9936257927258193, 0.9947382257401383, 0.9925650770091327, 0.9987196229798265, 0.9868990836715233, 0.9918537962377347, 0.9957616901878124, 0.9952388097375184, 0.9763640602651786, 0.9734237085353368, 0.9941065692517137, 0.9864242408099954, 0.9955988665045222, 1.007695371314948]","[-0.00017036175430518163, -0.016668414163385825, -0.012972528160269059, 0.011534728529663862, 0.0023533813884080157, -0.008296216469714901, 0.012942864085596195, -0.008088561503883485, -0.00963453409092263, 0.006113780719422701, -0.004773542720697077, 0.007193204481102722, 0.018348258759005143, 0.014070298203054943, -0.021474174847338268, -0.008593734418860355, -0.006374207274180699, -0.00526177425986174, -0.007434922990867343, -0.0012803770201734732, -0.013100916328476653, -0.00814620376226527, -0.004238309812187646, -0.004761190262481563, -0.023635939734821365, -0.026576291464663226, -0.005893430748286299, -0.013575759190004644, -0.0044011334954777714, 0.0076953713149479075]","[0.12284480035305023, 0.0, 0.1454378068447113, 0.0, 0.0, 0.0, 0.0, 0.0, 0.0, 0.0, 0.1522713452577591, 0.12986671924591064, 0.012227572500705719, 0.0, 0.12755587697029114, 0.0, 0.0, 0.0, 0.0, 0.0, 0.0, 0.1522713452577591, 0.01767679862678051, 0.0, 0.0, 0.0, 0.0, 0.10524334758520126, 0.034604333341121674, 0.0]","[0.0, 0.1, 0.1, 0.1, 0.1, 0.1, 0.1, 0.1, 0.1, 0.0, 0.0, 0.0, 0.0, 0.0, 0.0, 0.0, 0.0, 0.0, 0.0, 0.0, 0.0, 0.0, 0.0, 0.0, 0.0, 0.0, 0.0, 0.0, 0.1, 0.1]","[0.0, 0.10773646695190862, 0.10218767365859543, 0.08476483058260653, 0.09698644728390737, 0.08601194408561395, 0.1153113091589552, 0.09666226298789805, 0.08763917738509688, 0.0, 0.0, 0.0, 0.0, 0.0005022418459267823, 0.0, 0.0, 0.00521296422653267, 0.0, 0.0007659350777879976, 0.0, 0.010372210176016472, 0.0036712496851070875, 0.0, 0.007169910066063833, 0.0, 0.016286076742181323, 0.0, 0.0, 0.09784409456707749, 0.08087520551872424]","[0.12284480780363083, 0.0, 0.1454378217458725, 0.0, 0.0, 0.0, 0.0, 0.0, 0.0, 0.0, 0.1522713601589203, 0.12986673414707184, 0.012227573432028294, 0.0, 0.12755589187145233, 0.0, 0.0, 0.0, 0.0, 0.0, 0.0, 0.1522713601589203, 0.01767680048942566, 0.0, 0.0, 0.0, 0.0, 0.10524335503578186, 0.03460433706641197, 0.0]",-0.007591465806763458
75,1.0277742444728855,"[0.9998296382456948, 0.9833315858366142, 0.9870274718397309, 1.0115347285296639, 1.002353381388408, 0.9917037835302851, 1.0129428640855962, 0.9919114384961165, 0.9903654659090774, 1.0061137807194227, 0.9952264572793029, 1.0071932044811027, 1.0183482587590051, 1.014070298203055, 0.9785258251526617, 0.9914062655811396, 0.9936257927258193, 0.9947382257401383, 0.9925650770091327, 0.9987196229798265, 0.9868990836715233, 0.9918537962377347, 0.9957616901878124, 0.9952388097375184, 0.9763640602651786, 0.9734237085353368, 0.9941065692517137, 0.9864242408099954, 0.9955988665045222, 1.007695371314948]","[0.9884043445260315, 0.9976247121321983, 1.0183635234055604, 0.9915428874012691, 1.0206942414208833, 1.0072132289929403, 1.0096843849912143, 0.9971733304219187, 1.00596508343095, 1.019550460520008, 0.9830616591006507, 1.0009715230564242, 1.0229065232226127, 1.020001370187332, 0.9935820628334463, 1.0107179683229532, 1.025038994886761, 1.0091966140808497, 1.020561012543663, 0.9824425162954121, 0.9925422461335175, 1.0220107119571418, 1.0023453659515524, 1.0221620441652004, 0.9975742224566913, 0.9928900879689206, 0.9852952109019205, 0.9996741009616822, 0.9944469752786556, 0.9869925998972086]","[-0.011595655473968458, -0.002375287867801723, 0.018363523405560356, -0.008457112598730943, 0.020694241420883275, 0.0072132289929403015, 0.009684384991214268, -0.002826669578081309, 0.0059650834309499245, 0.019550460520008084, -0.016938340899349313, 0.0009715230564242283, 0.022906523222612662, 0.020001370187332057, -0.0064179371665537, 0.010717968322953242, 0.02503899488676109, 0.009196614080849708, 0.02056101254366305, -0.017557483704587873, -0.007457753866482508, 0.02201071195714177, 0.002345365951552436, 0.0221620441652004, -0.002425777543308749, -0.007109912031079357, -0.014704789098079485, -0.00032589903831781175, -0.005553024721344446, -0.013007400102791444]","[0.10078921169042587, 0.0, 0.0, 0.10078921169042587, 0.10078921169042587, 0.0, 0.0, 0.10078921169042587, 0.0, 0.10078921169042587, 0.0, 0.0, 0.10078921169042587, 0.09800899028778076, 0.0, 0.0, 0.10078921169042587, 0.0, 0.0, 0.0, 0.0, 0.0, 0.0, 0.10078921169042587, 0.0, 0.0, 0.09567731618881226, 0.0, 0.0, 0.0]","[0.0, 0.1, 0.1, 0.1, 0.1, 0.1, 0.1, 0.1, 0.1, 0.0, 0.0, 0.0, 0.0, 0.0, 0.0, 0.0, 0.0, 0.0, 0.0, 0.0, 0.0, 0.0, 0.0, 0.0, 0.0, 0.0, 0.0, 0.0, 0.1, 0.1]","[0.0, 0.09987133909983734, 0.10970486449923152, 0.08672908502785223, 0.09304786902245699, 0.09854332676951845, 0.09945658121851873, 0.09713229256711592, 0.0834337950680719, 0.0, 0.0, 0.0019564060099699697, 0.005537612344348834, 0.0, 0.0153768811799203, 0.0, 0.0, 0.0, 0.001551871388789688, 0.005420610843135323, 0.0076348372937195185, 0.0, 0.008414734443482695, 0.0, 0.0, 0.0, 0.0, 0.0, 0.09805456639224762, 0.08813332683178297]","[0.10078921169042587, 0.0, 0.0, 0.10078921169042587, 0.10078921169042587, 0.0, 0.0, 0.10078921169042587, 0.0, 0.10078921169042587, 0.0, 0.0, 0.10078921169042587, 0.09800899028778076, 0.0, 0.0, 0.10078921169042587, 0.0, 0.0, 0.0, 0.0, 0.0, 0.0, 0.10078921169042587, 0.0, 0.0, 0.09567731618881226, 0.0, 0.0, 0.0]",0.008965921820075086
76,1.026434209217303,"[0.9884043445260315, 0.9976247121321983, 1.0183635234055604, 0.9915428874012691, 1.0206942414208833, 1.0072132289929403, 1.0096843849912143, 0.9971733304219187, 1.00596508343095, 1.019550460520008, 0.9830616591006507, 1.0009715230564242, 1.0229065232226127, 1.020001370187332, 0.9935820628334463, 1.0107179683229532, 1.025038994886761, 1.0091966140808497, 1.020561012543663, 0.9824425162954121, 0.9925422461335175, 1.0220107119571418, 1.0023453659515524, 1.0221620441652004, 0.9975742224566913, 0.9928900879689206, 0.9852952109019205, 0.9996741009616822, 0.9944469752786556, 0.9869925998972086]","[1.0107634670361938, 1.016180243097446, 1.0019609795451496, 1.0074532668308303, 0.997093683418652, 0.9894531140312617, 0.9843186519145602, 1.0069606792908283, 1.0092189315589088, 0.99377331344152, 1.0103247406577183, 0.9946760775626364, 0.9638661229181646, 1.0057806138958887, 1.0124222700059338, 0.9973775022747202, 1.0097934106518107, 1.0046684544155897, 0.9950285562300178, 0.9878265333121543, 1.007747969234792, 0.9973595062549563, 1.0007468374870565, 0.990821042776387, 0.9897812712372327, 1.03054367658524, 0.9663149147172687, 0.9899438748669042, 0.9921965125770722, 0.9984399202746765]","[0.010763467036193797, 0.016180243097446034, 0.0019609795451496215, 0.007453266830830252, -0.0029063165813479896, -0.010546885968738318, -0.01568134808543975, 0.006960679290828331, 0.00921893155890885, -0.006226686558480021, 0.010324740657718268, -0.005323922437363571, -0.03613387708183535, 0.005780613895888687, 0.012422270005933767, -0.002622497725279782, 0.009793410651810719, 0.004668454415589718, -0.004971443769982153, -0.012173466687845691, 0.007747969234791929, -0.002640493745043715, 0.0007468374870565064, -0.009178957223612949, -0.010218728762767304, 0.030543676585240043, -0.033685085282731286, -0.010056125133095839, -0.007803487422927802, -0.00156007972532346]","[0.0, 0.0, 0.0, 0.10406249016523361, 0.08098582178354263, 0.10770953446626663, 0.0, 0.10707390308380127, 0.0, 0.0, 0.0, 0.0, 0.0, 0.10509544610977173, 0.0, 0.10770953446626663, 0.0, 0.0, 0.0, 0.10770953446626663, 0.09389882534742355, 0.07804533839225769, 0.0, 0.10770953446626663, 0.0, 0.0, 0.0, 0.0, 0.0, 0.0]","[0.0, 0.1, 0.1, 0.1, 0.1, 0.1, 0.1, 0.1, 0.1, 0.0, 0.0, 0.0, 0.0, 0.0, 0.0, 0.0, 0.0, 0.0, 0.0, 0.0, 0.0, 0.0, 0.0, 0.0, 0.0, 0.0, 0.0, 0.0, 0.1, 0.1]","[0.0035481132666828757, 0.08533840248423458, 0.08744315549030285, 0.1030901095864207, 0.09981049903666503, 0.0822122567617564, 0.10221328468070807, 0.09784975851734604, 0.10242235525482693, 0.0, 0.0, 0.0, 0.0, 0.0025192813425256003, 0.0, 0.0, 0.008005554131368045, 0.029555541328385733, 0.0, 0.0, 0.007337993681921866, 0.0, 0.0007874716841406861, 0.0, 0.0, 0.006346271363305239, 0.0, 0.009775673411599708, 0.08111740712788229, 0.09062687084992735]","[0.0, 0.0, 0.0, 0.10406249761581421, 0.08098582923412323, 0.10770954191684723, 0.0, 0.10707391053438187, 0.0, 0.0, 0.0, 0.0, 0.0, 0.10509545356035233, 0.0, 0.10770954191684723, 0.0, 0.0, 0.0, 0.10770954191684723, 0.09389883279800415, 0.07804534584283829, 0.0, 0.10770954191684723, 0.0, 0.0, 0.0, 0.0, 0.0, 0.0]",-0.0016897148871929824
77,1.0239735719406065,"[1.0107634670361938, 1.016180243097446, 1.0019609795451496, 1.0074532668308303, 0.997093683418652, 0.9894531140312617, 0.9843186519145602, 1.0069606792908283, 1.0092189315589088, 0.99377331344152, 1.0103247406577183, 0.9946760775626364, 0.9638661229181646, 1.0057806138958887, 1.0124222700059338, 0.9973775022747202, 1.0097934106518107, 1.0046684544155897, 0.9950285562300178, 0.9878265333121543, 1.007747969234792, 0.9973595062549563, 1.0007468374870565, 0.990821042776387, 0.9897812712372327, 1.03054367658524, 0.9663149147172687, 0.9899438748669042, 0.9921965125770722, 0.9984399202746765]","[0.9857898807497762, 0.9998325456464574, 1.008257389305296, 0.9998710334124999, 1.0139532995504972, 0.9825059908996535, 0.9970027558986883, 1.0131609590567996, 1.020526128824364, 1.0031890943446897, 0.9807419178638229, 0.9860231350175976, 0.9999544801895485, 1.0085865585804379, 1.000201208843962, 1.005175608643848, 0.9984702604709265, 0.9883665717086447, 0.9952992040709042, 1.0218789635223158, 1.017479586413795, 1.0076726829643299, 0.9884120181866131, 1.0112742090942302, 0.9977851898060193, 0.9964438282752318, 1.0015740752751785, 0.9995489001900616, 0.9924271668819343, 0.9949898853661577]","[-0.014210119250223752, -0.0001674543535425954, 0.008257389305295959, -0.00012896658750005674, 0.013953299550497178, -0.017494009100346486, -0.002997244101311747, 0.013160959056799593, 0.02052612882436411, 0.0031890943446897246, -0.01925808213617708, -0.01397686498240236, -4.551981045153308e-05, 0.008586558580437886, 0.00020120884396201966, 0.005175608643847918, -0.0015297395290735372, -0.011633428291355274, -0.00470079592909578, 0.021878963522315775, 0.0174795864137951, 0.00767268296432988, -0.011587981813386938, 0.011274209094230159, -0.002214810193980732, -0.0035561717247681868, 0.0015740752751784992, -0.0004510998099384045, -0.007572833118065669, -0.005010114633842266]","[0.07892873138189316, 0.0, 0.0, 0.0, 0.1155184730887413, 0.12133118510246277, 0.0, 0.0, 0.022886093705892563, 0.0, 0.0, 0.08010850101709366, 0.0, 0.0, 0.12133118510246277, 0.0, 0.0, 0.0, 0.1122845858335495, 0.0, 0.0, 0.10494889318943024, 0.0, 0.0, 0.0, 0.0, 0.12133118510246277, 0.0, 0.0, 0.12133118510246277]","[0.0, 0.1, 0.1, 0.1, 0.1, 0.1, 0.1, 0.1, 0.1, 0.0, 0.0, 0.0, 0.0, 0.0, 0.0, 0.0, 0.0, 0.0, 0.0, 0.0, 0.0, 0.0, 0.0, 0.0, 0.0, 0.0, 0.0, 0.0, 0.1, 0.1]","[0.0, 0.07858031648103991, 0.08264175851795928, 0.08396197844161099, 0.08558615651183009, 0.0897491895408722, 0.1013369857642052, 0.10729262753007172, 0.10507118736439486, 0.0012415703727791142, 0.004364707865561751, 0.0, 0.0, 0.0, 0.013038851548210847, 0.0, 0.0, 0.0, 0.01009860377814822, 0.007545879533994792, 0.00203768168592754, 0.0, 0.006542052097566927, 0.0021779762183207845, 0.011811444367807225, 0.008158354594147526, 0.0, 0.0, 0.09906511941509265, 0.09969755837045852]","[0.07892872393131256, 0.0, 0.0, 0.0, 0.11551845818758011, 0.12133117020130157, 0.0, 0.0, 0.022886091843247414, 0.0, 0.0, 0.08010849356651306, 0.0, 0.0, 0.12133117020130157, 0.0, 0.0, 0.0, 0.1122845709323883, 0.0, 0.0, 0.10494887828826904, 0.0, 0.0, 0.0, 0.0, 0.12133117020130157, 0.0, 0.0, 0.12133117020130157]",-0.0028141569796168034
78,1.0283568818535003,"[0.9857898807497762, 0.9998325456464574, 1.008257389305296, 0.9998710334124999, 1.0139532995504972, 0.9825059908996535, 0.9970027558986883, 1.0131609590567996, 1.020526128824364, 1.0031890943446897, 0.9807419178638229, 0.9860231350175976, 0.9999544801895485, 1.0085865585804379, 1.000201208843962, 1.005175608643848, 0.9984702604709265, 0.9883665717086447, 0.9952992040709042, 1.0218789635223158, 1.017479586413795, 1.0076726829643299, 0.9884120181866131, 1.0112742090942302, 0.9977851898060193, 0.9964438282752318, 1.0015740752751785, 0.9995489001900616, 0.9924271668819343, 0.9949898853661577]","[1.0036028605177223, 0.9963428572045074, 1.0032794151498623, 0.9921494038429524, 1.001905843969588, 1.0104682175688318, 0.990255567828338, 1.0015223558042186, 1.004451657945767, 1.0012095603728468, 0.9989444856851308, 0.9800130122822275, 0.9765772983855061, 0.9884748404292122, 0.9988594216056917, 1.0081415380221497, 1.0044304131145712, 1.0078155164712366, 0.9948305087114838, 0.9941658294223163, 0.9816159241775684, 0.9971602259455657, 0.9984433178889724, 0.9942210925989594, 0.994530249637549, 0.9868327997125328, 0.9932361208963936, 1.0139107892538557, 1.005505743787623, 1.0142023624546133]","[0.003602860517722295, -0.003657142795492563, 0.003279415149862297, -0.00785059615704764, 0.0019058439695880391, 0.010468217568831761, -0.009744432171661987, 0.0015223558042185559, 0.0044516579457669625, 0.0012095603728468074, -0.001055514314869166, -0.01998698771777252, -0.02342270161449389, -0.011525159570787813, -0.001140578394308256, 0.008141538022149675, 0.004430413114571152, 0.007815516471236572, -0.0051694912885161814, -0.0058341705776836505, -0.018384075822431623, -0.002839774054434252, -0.001556682111027552, -0.005778907401040589, -0.005469750362451009, -0.013167200287467207, -0.006763879103606429, 0.013910789253855693, 0.005505743787622919, 0.01420236245461326]","[0.0, 0.09170010685920715, 0.05270581692457199, 0.0, 0.0, 0.11327394843101501, 0.0, 0.12338370084762573, 0.12338370084762573, 0.0, 0.0, 0.0, 0.0, 0.0, 0.0, 0.11380468308925629, 0.0, 0.0, 0.0, 0.0, 0.0, 0.0, 0.0, 0.0, 0.0, 0.12338370084762573, 0.0, 0.12338370084762573, 0.04772033542394638, 0.08726029098033905]","[0.0, 0.1, 0.1, 0.1, 0.1, 0.1, 0.1, 0.1, 0.1, 0.0, 0.0, 0.0, 0.0, 0.0, 0.0, 0.0, 0.0, 0.0, 0.0, 0.0, 0.0, 0.0, 0.0, 0.0, 0.0, 0.0, 0.0, 0.0, 0.1, 0.1]","[0.0, 0.08655711183191685, 0.0971921586488779, 0.08783955102280791, 0.08756677866513149, 0.09430123669042988, 0.10623230676421122, 0.09137848476874734, 0.08351306791022696, 0.0, 0.0, 0.0057986183283065314, 0.011923264474136505, 0.0, 0.0035025884485056402, 0.0, 0.006164102598364401, 0.0, 0.011559572969728855, 0.0009519430581606294, 0.0, 0.0, 0.008938751862173992, 0.012036747396861662, 0.0, 0.0, 0.0, 0.0050377418409639175, 0.10960080528294017, 0.08990516743750808]","[0.0, 0.09170011430978775, 0.05270582064986229, 0.0, 0.0, 0.11327395588159561, 0.0, 0.12338370829820633, 0.12338370829820633, 0.0, 0.0, 0.0, 0.0, 0.0, 0.0, 0.11380469053983688, 0.0, 0.0, 0.0, 0.0, 0.0, 0.0, 0.0, 0.0, 0.0, 0.12338370829820633, 0.0, 0.12338370829820633, 0.04772033914923668, 0.08726029843091965]",0.003846980844159299
79,1.027997569824552,"[1.0036028605177223, 0.9963428572045074, 1.0032794151498623, 0.9921494038429524, 1.001905843969588, 1.0104682175688318, 0.990255567828338, 1.0015223558042186, 1.004451657945767, 1.0012095603728468, 0.9989444856851308, 0.9800130122822275, 0.9765772983855061, 0.9884748404292122, 0.9988594216056917, 1.0081415380221497, 1.0044304131145712, 1.0078155164712366, 0.9948305087114838, 0.9941658294223163, 0.9816159241775684, 0.9971602259455657, 0.9984433178889724, 0.9942210925989594, 0.994530249637549, 0.9868327997125328, 0.9932361208963936, 1.0139107892538557, 1.005505743787623, 1.0142023624546133]","[0.9975144773763744, 1.0129330862547308, 1.0010077943373592, 1.0296728683785719, 0.990443214516474, 0.9844729263455204, 0.9995721944822389, 0.9971938842398645, 1.0099726403549079, 1.0025951791083896, 1.0034329683924048, 0.9839558003859203, 0.9961320517752856, 0.9732779700137955, 0.996354854709812, 1.013118675837484, 0.9833991804520656, 0.9957600955586122, 0.9952033383967426, 1.006953594180086, 1.0109549703096217, 1.0267489318094514, 1.0001025307284062, 0.9904590945897261, 0.9955178498446915, 0.9975027513163065, 1.0027741828055583, 0.9908996808418373, 1.007556652730367, 0.9937050652504867]","[-0.002485522623625558, 0.012933086254730775, 0.0010077943373592024, 0.02967286837857186, -0.009556785483526009, -0.015527073654479584, -0.0004278055177611151, -0.0028061157601354525, 0.009972640354907858, 0.002595179108389578, 0.0034329683924048116, -0.016044199614079657, -0.003867948224714368, -0.026722029986204543, -0.003645145290188001, 0.01311867583748394, -0.016600819547934353, -0.004239904441387776, -0.004796661603257424, 0.006953594180086009, 0.01095497030962167, 0.02674893180945137, 0.00010253072840615829, -0.009540905410273859, -0.004482150155308506, -0.002497248683693498, 0.0027741828055583007, -0.009100319158162673, 0.007556652730366986, -0.006294934749513259]","[0.0, 0.0, 0.0, 0.11475773900747299, 0.0, 0.0, 0.0, 0.06727013736963272, 0.0, 0.0, 0.0, 0.0, 0.0, 0.09767419844865799, 0.11475773900747299, 0.07290045917034149, 0.0, 0.11475773900747299, 0.0, 0.0, 0.0, 0.0, 0.07861775904893875, 0.10974878072738647, 0.0, 0.11475773900747299, 0.11475773900747299, 0.0, 0.0, 0.0]","[0.0, 0.1, 0.1, 0.1, 0.1, 0.1, 0.1, 0.1, 0.1, 0.0, 0.0, 0.0, 0.0, 0.0, 0.0, 0.0, 0.0, 0.0, 0.0, 0.0, 0.0, 0.0, 0.0, 0.0, 0.0, 0.0, 0.0, 0.0, 0.1, 0.1]","[0.008095066387362003, 0.10615811959445377, 0.08422974017365385, 0.09557068053716451, 0.09452970359227908, 0.1016627107703042, 0.08453187388030454, 0.08225422698345587, 0.08826504465230464, 0.00873711313915004, 0.0, 0.0, 0.0158292398924385, 0.00256760467287598, 0.0, 0.007595059778974829, 0.0, 0.011081507017242783, 0.005884895112816183, 0.0, 0.0015177954303779034, 0.003341277376685267, 0.0037351023973462506, 0.0016517761037964135, 0.0, 0.004186127516781043, 0.00421305333107242, 0.005941450976004305, 0.0924312080846111, 0.08598962259854456]","[0.0, 0.0, 0.0, 0.11475773900747299, 0.0, 0.0, 0.0, 0.06727013736963272, 0.0, 0.0, 0.0, 0.0, 0.0, 0.09767419844865799, 0.11475773900747299, 0.07290045917034149, 0.0, 0.11475773900747299, 0.0, 0.0, 0.0, 0.0, 0.07861775904893875, 0.10974878072738647, 0.0, 0.11475773900747299, 0.11475773900747299, 0.0, 0.0, 0.0]",-0.000730492877345845
80,1.0252828107474883,"[0.9975144773763744, 1.0129330862547308, 1.0010077943373592, 1.0296728683785719, 0.990443214516474, 0.9844729263455204, 0.9995721944822389, 0.9971938842398645, 1.0099726403549079, 1.0025951791083896, 1.0034329683924048, 0.9839558003859203, 0.9961320517752856, 0.9732779700137955, 0.996354854709812, 1.013118675837484, 0.9833991804520656, 0.9957600955586122, 0.9952033383967426, 1.006953594180086, 1.0109549703096217, 1.0267489318094514, 1.0001025307284062, 0.9904590945897261, 0.9955178498446915, 0.9975027513163065, 1.0027741828055583, 0.9908996808418373, 1.007556652730367, 0.9937050652504867]","[0.9984379527506815, 0.9915683626976558, 1.0102347200350885, 0.9954949179234964, 1.029374030024441, 1.0065371683839388, 0.9906558747036912, 0.9865534245528298, 1.0056566304404824, 1.0033643623934636, 1.0000027783262695, 0.9945296623505469, 0.9796290992763489, 1.0042493151732603, 0.9949490435453133, 1.0078965428817612, 0.9993607081916288, 0.9984692632591989, 0.9918989237739393, 0.9911002203097086, 0.9942734218609124, 0.9875178307459033, 1.0017053619595155, 0.9891236254477808, 0.9885065817170292, 1.0211349599677078, 1.0029479448995402, 1.0109511978591867, 1.0004515337304292, 1.00490781104471]","[-0.0015620472493185211, -0.008431637302344197, 0.010234720035088518, -0.004505082076503575, 0.029374030024440945, 0.006537168383938807, -0.009344125296308792, -0.013446575447170206, 0.005656630440482369, 0.0033643623934636047, 2.7783262694924815e-06, -0.00547033764945315, -0.02037090072365111, 0.004249315173260326, -0.0050509564546866725, 0.007896542881761226, -0.0006392918083711896, -0.0015307367408010641, -0.00810107622606071, -0.008899779690291432, -0.0057265781390876125, -0.012482169254096731, 0.001705361959515539, -0.010876374552219237, -0.011493418282970791, 0.021134959967707756, 0.0029479448995402002, 0.010951197859186745, 0.00045153373042916556, 0.004907811044710053]","[0.0, 0.10000000149011612, 0.0, 0.0, 0.0, 0.10000000149011612, 0.0, 0.10000000149011612, 0.10000000149011612, 0.0, 0.0, 0.10000000149011612, 0.0, 0.10000000149011612, 0.0, 0.0, 0.0, 0.0, 0.0, 0.0, 0.0, 0.10000000149011612, 0.0, 0.10000000149011612, 0.0, 0.0, 0.10000000149011612, 0.0, 0.0, 0.10000000149011612]","[0.0, 0.1, 0.1, 0.1, 0.1, 0.1, 0.1, 0.1, 0.1, 0.0, 0.0, 0.0, 0.0, 0.0, 0.0, 0.0, 0.0, 0.0, 0.0, 0.0, 0.0, 0.0, 0.0, 0.0, 0.0, 0.0, 0.0, 0.0, 0.1, 0.1]","[0.0, 0.12036830408434553, 0.11202924519371758, 0.07812699196371309, 0.10521735477094303, 0.07305002980615365, 0.10111879217911814, 0.07916521913880127, 0.09048134216710799, 0.0, 0.009492169182497541, 0.0015145291472576368, 0.004454117365630233, 0.002285304814925952, 0.0, 0.0, 0.0006993457928929277, 0.0, 0.0, 0.008292036731482986, 0.0, 0.002101782831396466, 0.006084339589223816, 0.0, 0.005877723585606828, 0.0, 0.002712799385492685, 0.0, 0.09834855078829897, 0.09858002148139376]","[0.0, 0.10000000149011612, 0.0, 0.0, 0.0, 0.10000000149011612, 0.0, 0.10000000149011612, 0.10000000149011612, 0.0, 0.0, 0.10000000149011612, 0.0, 0.10000000149011612, 0.0, 0.0, 0.0, 0.0, 0.0, 0.0, 0.0, 0.10000000149011612, 0.0, 0.10000000149011612, 0.0, 0.0, 0.10000000149011612, 0.0, 0.0, 0.10000000149011612]",-0.003026777962491487
81,1.024346844474804,"[0.9984379527506815, 0.9915683626976558, 1.0102347200350885, 0.9954949179234964, 1.029374030024441, 1.0065371683839388, 0.9906558747036912, 0.9865534245528298, 1.0056566304404824, 1.0033643623934636, 1.0000027783262695, 0.9945296623505469, 0.9796290992763489, 1.0042493151732603, 0.9949490435453133, 1.0078965428817612, 0.9993607081916288, 0.9984692632591989, 0.9918989237739393, 0.9911002203097086, 0.9942734218609124, 0.9875178307459033, 1.0017053619595155, 0.9891236254477808, 0.9885065817170292, 1.0211349599677078, 1.0029479448995402, 1.0109511978591867, 1.0004515337304292, 1.00490781104471]","[0.9997876957147568, 1.0144152248296083, 0.9942827737315697, 1.0242804395268366, 0.9766489445061037, 1.0119230251085427, 1.0046465899688803, 0.9917477881747273, 0.9992953994726392, 0.9917344597663524, 0.9970131594453578, 1.0037564384054536, 1.003098542868704, 0.9891884388897739, 1.0079867911925549, 1.0017923670455036, 1.0284068233584727, 1.0100022629112804, 1.0046040803819742, 0.997666815768059, 0.9774313577321939, 1.0002468747916482, 0.9821027279422784, 1.0031768948521007, 1.0158632200865971, 0.9929760455633024, 0.9896984664791131, 1.0104218329913517, 1.0156471539373635, 0.9799734160619598]","[-0.00021230428524321443, 0.01441522482960833, -0.005717226268430298, 0.02428043952683656, -0.023351055493896267, 0.011923025108542706, 0.004646589968880344, -0.008252211825272693, -0.0007046005273607658, -0.008265540233647561, -0.002986840554642156, 0.003756438405453588, 0.003098542868704035, -0.010811561110226076, 0.007986791192554854, 0.0017923670455035623, 0.028406823358472666, 0.010002262911280368, 0.00460408038197424, -0.0023331842319409546, -0.022568642267806083, 0.0002468747916481995, -0.017897272057721625, 0.003176894852100709, 0.01586322008659713, -0.007023954436697566, -0.010301533520886919, 0.010421832991351687, 0.01564715393736349, -0.020026583938040243]","[0.10519733279943466, 0.0, 0.0, 0.10519733279943466, 0.0, 0.0, 0.06570427864789963, 0.09952018409967422, 0.0, 0.0, 0.0, 0.0, 0.10033363103866577, 0.10519733279943466, 0.0, 0.1032579243183136, 0.0, 0.0, 0.0, 0.0, 0.0, 0.0, 0.10519733279943466, 0.10519733279943466, 0.0, 0.10519733279943466, 0.0, 0.0, 0.0, 0.0]","[0.0, 0.1, 0.1, 0.1, 0.1, 0.1, 0.1, 0.1, 0.1, 0.0, 0.0, 0.0, 0.0, 0.0, 0.0, 0.0, 0.0, 0.0, 0.0, 0.0, 0.0, 0.0, 0.0, 0.0, 0.0, 0.0, 0.0, 0.0, 0.1, 0.1]","[0.015447698664897846, 0.09671331891220443, 0.10395437943031983, 0.10246327878455927, 0.07528741218231313, 0.08988821107570098, 0.09354966338785875, 0.08669365444679833, 0.08980926568904125, 0.008229029605295465, 0.0, 0.0, 0.0, 0.0, 0.0, 0.0, 0.0, 0.001994291159104676, 0.0, 0.0011958965348748836, 0.0, 0.0014336371474800579, 0.0, 0.0, 0.004715933187761139, 0.0, 0.009717349086838016, 0.0, 0.10383485723439523, 0.11507212347055686]","[0.10519731789827347, 0.0, 0.0, 0.10519731789827347, 0.0, 0.0, 0.06570427119731903, 0.09952016919851303, 0.0, 0.0, 0.0, 0.0, 0.10033361613750458, 0.10519731789827347, 0.0, 0.1032579094171524, 0.0, 0.0, 0.0, 0.0, 0.0, 0.0, 0.10519731789827347, 0.10519731789827347, 0.0, 0.10519731789827347, 0.0, 0.0, 0.0, 0.0]",-0.0012919330634052475
82,1.0326636131988538,"[0.9997876957147568, 1.0144152248296083, 0.9942827737315697, 1.0242804395268366, 0.9766489445061037, 1.0119230251085427, 1.0046465899688803, 0.9917477881747273, 0.9992953994726392, 0.9917344597663524, 0.9970131594453578, 1.0037564384054536, 1.003098542868704, 0.9891884388897739, 1.0079867911925549, 1.0017923670455036, 1.0284068233584727, 1.0100022629112804, 1.0046040803819742, 0.997666815768059, 0.9774313577321939, 1.0002468747916482, 0.9821027279422784, 1.0031768948521007, 1.0158632200865971, 0.9929760455633024, 0.9896984664791131, 1.0104218329913517, 1.0156471539373635, 0.9799734160619598]","[1.0204237096574917, 0.9995045086933972, 1.0241758550377082, 0.9946989356062638, 0.9938874418819846, 0.9938329455367552, 1.0047404714775958, 1.003792502952462, 1.000732947461457, 0.9951278215872578, 1.0096631677618944, 1.0088585741027696, 0.9940349380873491, 1.0293090621456606, 0.982879258695716, 1.0099731610334357, 0.9932288236063419, 1.017119161896346, 1.0092275930688495, 0.9846341400415447, 0.9962594915549504, 1.0093861364597208, 0.993378535898714, 1.0101866723693638, 0.9963371408374159, 0.9915757246841229, 1.0170044556967228, 0.9887151537115894, 0.9794710454405392, 0.9816147707258561]","[0.02042370965749174, -0.0004954913066027578, 0.02417585503770825, -0.005301064393736232, -0.006112558118015365, -0.0061670544632448365, 0.00474047147759582, 0.003792502952461918, 0.000732947461457023, -0.004872178412742234, 0.009663167761894353, 0.008858574102769579, -0.005965061912650893, 0.029309062145660647, -0.017120741304283982, 0.009973161033435707, -0.006771176393658096, 0.01711916189634599, 0.00922759306884946, -0.015365859958455297, -0.003740508445049584, 0.00938613645972075, -0.006621464101285945, 0.01018667236936377, -0.003662859162584131, -0.008424275315877083, 0.01700445569672282, -0.011284846288410644, -0.0205289545594608, -0.018385229274143877]","[0.10611020028591156, 0.0, 0.0, 0.0, 0.0, 0.0, 0.10611020028591156, 0.10611020028591156, 0.10611020028591156, 0.0, 0.0, 0.0, 0.10611020028591156, 0.10611020028591156, 0.0, 0.0, 0.10611020028591156, 0.0, 0.07940162718296051, 0.0, 0.0, 0.07171682268381119, 0.0, 0.0, 0.0, 0.0, 0.10611020028591156, 0.0, 0.0, 0.0]","[0.0, 0.1, 0.1, 0.1, 0.1, 0.1, 0.1, 0.1, 0.1, 0.0, 0.0, 0.0, 0.0, 0.0, 0.0, 0.0, 0.0, 0.0, 0.0, 0.0, 0.0, 0.0, 0.0, 0.0, 0.0, 0.0, 0.0, 0.0, 0.1, 0.1]","[0.0, 0.09785331548487457, 0.10158799411485196, 0.09201318904226213, 0.09278153546856462, 0.09047947283412129, 0.08214056944852344, 0.08761370545195485, 0.09159182509297133, 0.005596496773079308, 0.014933697680873942, 0.0, 0.0, 0.015844471234343648, 0.0, 0.0, 0.0, 0.0031063981697207177, 0.005580359599559568, 0.0, 0.0, 0.0003958633275457323, 0.006599657181002335, 0.0, 0.0013414836878921283, 0.0, 0.007409413804847701, 0.01266274999300981, 0.10501801020935213, 0.0854497914006488]","[0.10611020028591156, 0.0, 0.0, 0.0, 0.0, 0.0, 0.10611020028591156, 0.10611020028591156, 0.10611020028591156, 0.0, 0.0, 0.0, 0.10611020028591156, 0.10611020028591156, 0.0, 0.0, 0.10611020028591156, 0.0, 0.07940162718296051, 0.0, 0.0, 0.07171682268381119, 0.0, 0.0, 0.0, 0.0, 0.10611020028591156, 0.0, 0.0, 0.0]",0.007724885189881938
83,1.0274984757966286,"[1.0204237096574917, 0.9995045086933972, 1.0241758550377082, 0.9946989356062638, 0.9938874418819846, 0.9938329455367552, 1.0047404714775958, 1.003792502952462, 1.000732947461457, 0.9951278215872578, 1.0096631677618944, 1.0088585741027696, 0.9940349380873491, 1.0293090621456606, 0.982879258695716, 1.0099731610334357, 0.9932288236063419, 1.017119161896346, 1.0092275930688495, 0.9846341400415447, 0.9962594915549504, 1.0093861364597208, 0.993378535898714, 1.0101866723693638, 0.9963371408374159, 0.9915757246841229, 1.0170044556967228, 0.9887151537115894, 0.9794710454405392, 0.9816147707258561]","[1.0030930532482722, 1.0025622762540585, 1.0004521243291025, 1.0190625143815986, 0.9847653973604886, 1.0043877544801438, 0.9854881992303836, 0.9953084793510808, 1.0367716588366995, 0.9781625964882843, 1.006216229265891, 0.9889794286738467, 0.9853233716991784, 1.0044927697169042, 0.9942409296599055, 1.0148636979260293, 1.0070161553181818, 0.9821098640812451, 0.9978731833234346, 1.0058023873562283, 1.011688364730253, 0.9944072510329546, 0.9925170551701363, 0.9881551240903333, 0.9859485745443302, 1.0039662930626163, 0.9996414792563183, 0.983689966346258, 1.0033024248213505, 1.0018219823452477]","[0.0030930532482722484, 0.002562276254058471, 0.0004521243291024657, 0.01906251438159856, -0.015234602639511374, 0.004387754480143835, -0.014511800769616445, -0.004691520648919201, 0.03677165883669953, -0.021837403511715703, 0.006216229265890938, -0.011020571326153306, -0.014676628300821615, 0.004492769716904155, -0.005759070340094485, 0.014863697926029262, 0.007016155318181783, -0.01789013591875488, -0.002126816676565446, 0.005802387356228289, 0.011688364730253031, -0.0055927489670454245, -0.007482944829863669, -0.011844875909666652, -0.014051425455669841, 0.003966293062616311, -0.0003585207436817006, -0.01631003365374195, 0.003302424821350458, 0.0018219823452476636]","[0.0, 0.0, 0.0, 0.07966343313455582, 0.07835536450147629, 0.0, 0.0, 0.0, 0.0, 0.0, 0.0, 0.0, 0.10809445381164551, 0.10809445381164551, 0.10809445381164551, 0.0, 0.0, 0.0, 0.0, 0.0, 0.0, 0.10809445381164551, 0.0, 0.0, 0.10809445381164551, 0.0, 0.09264234453439713, 0.10077223181724548, 0.0, 0.10809445381164551]","[0.0, 0.1, 0.1, 0.1, 0.1, 0.1, 0.1, 0.1, 0.1, 0.0, 0.0, 0.0, 0.0, 0.0, 0.0, 0.0, 0.0, 0.0, 0.0, 0.0, 0.0, 0.0, 0.0, 0.0, 0.0, 0.0, 0.0, 0.0, 0.1, 0.1]","[0.0019585003260831286, 0.09120341609092829, 0.08938311596163208, 0.09997547587757999, 0.08026964293025059, 0.09913156382782429, 0.08553332016588458, 0.1019026900944695, 0.10329028978630053, 0.0, 0.0, 0.0, 0.007272233116193099, 0.0, 0.0, 0.0, 0.013474588035734127, 0.0, 0.0, 0.0, 0.0007007436565815633, 0.0008176504723591295, 0.0, 0.0, 0.024362897891913, 0.002315589275051408, 0.014707976936106872, 0.0, 0.09373200756121215, 0.08996829799389545]","[0.0, 0.0, 0.0, 0.07966342568397522, 0.07835535705089569, 0.0, 0.0, 0.0, 0.0, 0.0, 0.0, 0.0, 0.10809443891048431, 0.10809443891048431, 0.10809443891048431, 0.0, 0.0, 0.0, 0.0, 0.0, 0.0, 0.10809443891048431, 0.0, 0.0, 0.10809443891048431, 0.0, 0.09264233708381653, 0.10077221691608429, 0.0, 0.10809443891048431]",-0.005375294968329725
84,1.0227655400945452,"[1.0030930532482722, 1.0025622762540585, 1.0004521243291025, 1.0190625143815986, 0.9847653973604886, 1.0043877544801438, 0.9854881992303836, 0.9953084793510808, 1.0367716588366995, 0.9781625964882843, 1.006216229265891, 0.9889794286738467, 0.9853233716991784, 1.0044927697169042, 0.9942409296599055, 1.0148636979260293, 1.0070161553181818, 0.9821098640812451, 0.9978731833234346, 1.0058023873562283, 1.011688364730253, 0.9944072510329546, 0.9925170551701363, 0.9881551240903333, 0.9859485745443302, 1.0039662930626163, 0.9996414792563183, 0.983689966346258, 1.0033024248213505, 1.0018219823452477]","[0.9981844982292206, 1.0012311917000827, 0.9720270461148784, 0.9776229507217542, 0.994009191628985, 0.9887644470286016, 0.988850736233762, 1.0224511289546536, 0.9892834191728368, 1.009559130419764, 1.002872800854945, 0.9847411241197579, 1.0080359267935246, 0.9984692488429137, 0.999343722885191, 1.0039137049936366, 1.0026084417195569, 1.0156578386571626, 1.0181170778304836, 0.9732706342003677, 1.0208096190606484, 1.029351730065758, 1.0043865015820985, 1.0086879302521317, 1.0042101662888943, 0.9795366714933567, 1.0087710942817953, 0.989164682116901, 0.9946587382785154, 1.008653005230153]","[-0.001815501770779382, 0.0012311917000826789, -0.027972953885121554, -0.022377049278245797, -0.005990808371014955, -0.011235552971398444, -0.011149263766238038, 0.02245112895465362, -0.010716580827163202, 0.009559130419763973, 0.0028728008549450124, -0.015258875880242107, 0.008035926793524606, -0.0015307511570863408, -0.0006562771148089785, 0.003913704993636635, 0.0026084417195568754, 0.015657838657162637, 0.018117077830483552, -0.026729365799632254, 0.020809619060648377, 0.029351730065757975, 0.004386501582098523, 0.00868793025213166, 0.004210166288894257, -0.02046332850664334, 0.008771094281795344, -0.010835317883098994, -0.005341261721484636, 0.008653005230153]","[0.0, 0.0684959813952446, 0.09168098866939545, 0.0, 0.11373912543058395, 0.11347366124391556, 0.0, 0.0, 0.11373912543058395, 0.0, 0.0, 0.0, 0.07107853889465332, 0.0, 0.0, 0.0, 0.0, 0.11373912543058395, 0.0, 0.11373912543058395, 0.0, 0.0, 0.0, 0.11373912543058395, 0.0, 0.0, 0.0, 0.0, 0.0, 0.08657518774271011]","[0.0, 0.1, 0.1, 0.1, 0.1, 0.1, 0.1, 0.1, 0.1, 0.0, 0.0, 0.0, 0.0, 0.0, 0.0, 0.0, 0.0, 0.0, 0.0, 0.0, 0.0, 0.0, 0.0, 0.0, 0.0, 0.0, 0.0, 0.0, 0.1, 0.1]","[0.0, 0.10725329211210509, 0.08355049938499044, 0.08072499740124149, 0.08314755730667833, 0.09516463697370124, 0.09006214790554574, 0.08698937882230046, 0.09643338933658398, 0.0, 0.003571123019315977, 0.004552401497898523, 0.0, 0.015619553592377704, 0.0, 0.023010499833348002, 0.00032269142764216317, 0.007281067852039582, 0.0, 0.0023891488104751707, 0.02888245535217835, 0.0, 0.0, 0.0, 0.017185339010976203, 0.0, 0.01194707925075686, 0.0025332319467415475, 0.0820240378988588, 0.07735547126424436]","[0.0, 0.0684959813952446, 0.09168098866939545, 0.0, 0.11373912543058395, 0.11347366124391556, 0.0, 0.0, 0.11373912543058395, 0.0, 0.0, 0.0, 0.07107853889465332, 0.0, 0.0, 0.0, 0.0, 0.11373912543058395, 0.0, 0.11373912543058395, 0.0, 0.0, 0.0, 0.11373912543058395, 0.0, 0.0, 0.0, 0.0, 0.0, 0.08657518774271011]",-0.005049461953548455
85,1.0321965869747678,"[0.9981844982292206, 1.0012311917000827, 0.9720270461148784, 0.9776229507217542, 0.994009191628985, 0.9887644470286016, 0.988850736233762, 1.0224511289546536, 0.9892834191728368, 1.009559130419764, 1.002872800854945, 0.9847411241197579, 1.0080359267935246, 0.9984692488429137, 0.999343722885191, 1.0039137049936366, 1.0026084417195569, 1.0156578386571626, 1.0181170778304836, 0.9732706342003677, 1.0208096190606484, 1.029351730065758, 1.0043865015820985, 1.0086879302521317, 1.0042101662888943, 0.9795366714933567, 1.0087710942817953, 0.989164682116901, 0.9946587382785154, 1.008653005230153]","[1.0162996302612397, 1.024644660814827, 1.0088458822047635, 1.0138397151312835, 1.0169956916240852, 1.0026170987277925, 1.0186974392072454, 0.9832785057829546, 0.9807148683302394, 1.0123114427561812, 1.0117080678058816, 1.012049039665834, 0.9877122058424004, 0.9978424593088475, 1.005376446613241, 1.001640136949166, 0.9950840311076354, 1.0171290598930773, 0.984064388944665, 0.9945930409654955, 1.0124632057040848, 1.0199239064620493, 1.0110650275856428, 0.988512553291629, 0.9931230310233977, 0.9890766479402493, 1.0183710894782756, 1.0146579861317235, 1.0073309268032589, 1.030500625430098]","[0.016299630261239706, 0.02464466081482697, 0.008845882204763456, 0.013839715131283459, 0.016995691624085207, 0.0026170987277924773, 0.018697439207245425, -0.016721494217045385, -0.019285131669760647, 0.012311442756181235, 0.011708067805881628, 0.012049039665833927, -0.012287794157599619, -0.002157540691152482, 0.005376446613241104, 0.0016401369491660933, -0.004915968892364564, 0.017129059893077336, -0.01593561105533503, -0.005406959034504499, 0.012463205704084768, 0.019923906462049334, 0.011065027585642762, -0.011487446708370985, -0.006876968976602282, -0.010923352059750702, 0.018371089478275593, 0.014657986131723533, 0.007330926803258864, 0.030500625430097905]","[0.08796417713165283, 0.10637658834457397, 0.0958007425069809, 0.1018749549984932, 0.08448939770460129, 0.0, 0.0, 0.0, 0.0, 0.0, 0.0, 0.0, 0.0, 0.0, 0.10637658834457397, 0.0, 0.0, 0.0, 0.0, 0.0, 0.0, 0.0, 0.10637658834457397, 0.0, 0.0979878231883049, 0.10637658834457397, 0.0, 0.10637658834457397, 0.0, 0.0]","[0.0, 0.1, 0.1, 0.1, 0.1, 0.1, 0.1, 0.1, 0.1, 0.0, 0.0, 0.0, 0.0, 0.0, 0.0, 0.0, 0.0, 0.0, 0.0, 0.0, 0.0, 0.0, 0.0, 0.0, 0.0, 0.0, 0.0, 0.0, 0.1, 0.1]","[0.0, 0.09576612463132617, 0.09933299275852345, 0.09634937955955665, 0.10739453470308577, 0.08610929533896126, 0.0749017566566101, 0.09725619038524874, 0.09547896787610335, 0.0, 0.0015616896380569625, 0.0, 2.4031444993455012e-05, 0.0, 0.009208785816037316, 0.0, 0.010046390618104663, 0.0, 0.0079855066352168, 0.0015530123824944995, 0.0, 0.0, 0.0, 0.005680390074311377, 0.0, 0.013923350340870078, 0.0, 0.0, 0.08863394627552307, 0.1087936548649763]","[0.08796417713165283, 0.10637658834457397, 0.0958007425069809, 0.1018749549984932, 0.08448939770460129, 0.0, 0.0, 0.0, 0.0, 0.0, 0.0, 0.0, 0.0, 0.0, 0.10637658834457397, 0.0, 0.0, 0.0, 0.0, 0.0, 0.0, 0.0, 0.10637658834457397, 0.0, 0.0979878231883049, 0.10637658834457397, 0.0, 0.10637658834457397, 0.0, 0.0]",0.008765310068516238
86,1.0278413457893187,"[1.0162996302612397, 1.024644660814827, 1.0088458822047635, 1.0138397151312835, 1.0169956916240852, 1.0026170987277925, 1.0186974392072454, 0.9832785057829546, 0.9807148683302394, 1.0123114427561812, 1.0117080678058816, 1.012049039665834, 0.9877122058424004, 0.9978424593088475, 1.005376446613241, 1.001640136949166, 0.9950840311076354, 1.0171290598930773, 0.984064388944665, 0.9945930409654955, 1.0124632057040848, 1.0199239064620493, 1.0110650275856428, 0.988512553291629, 0.9931230310233977, 0.9890766479402493, 1.0183710894782756, 1.0146579861317235, 1.0073309268032589, 1.030500625430098]","[0.998498624546686, 0.9941223931504232, 1.0125173124298872, 1.033098088917778, 1.0023607149131788, 0.9791667864021453, 1.0078455862766413, 0.981896408656834, 1.0036473955247203, 1.0273946576801218, 0.9935376040454893, 0.9900153061759783, 1.0052490727303802, 1.0032534927171834, 1.003246071425371, 0.9818994642507981, 0.9971187748389315, 0.9971279879109856, 0.9720017852529713, 0.9811974988993399, 1.0086538464472168, 1.0064966429941633, 1.0086325562342588, 1.0203899274461632, 0.9977151265358614, 0.9963759311948333, 0.9739593326393681, 1.008558023755048, 0.9890636815375403, 0.9908426837355018]","[-0.001501375453313969, -0.005877606849576833, 0.012517312429887184, 0.0330980889177781, 0.0023607149131787963, -0.020833213597854727, 0.007845586276641336, -0.01810359134316597, 0.003647395524720265, 0.027394657680121837, -0.006462395954510702, -0.009984693824021673, 0.005249072730380222, 0.0032534927171834482, 0.003246071425371033, -0.018100535749201896, -0.002881225161068479, -0.002872012089014442, -0.027998214747028682, -0.018802501100660063, 0.008653846447216784, 0.006496642994163304, 0.008632556234258848, 0.020389927446163192, -0.002284873464138637, -0.003624068805166747, -0.02604066736063193, 0.008558023755047994, -0.010936318462459682, -0.009157316264498228]","[0.0, 0.11347143352031708, 0.0, 0.0, 0.11347143352031708, 0.0, 0.11347143352031708, 0.0, 0.0, 0.0, 0.0, 0.08935815095901489, 0.0, 0.11347143352031708, 0.0, 0.0818803533911705, 0.08089686185121536, 0.0, 0.09880741685628891, 0.0, 0.0, 0.0, 0.08170011639595032, 0.0, 0.0, 0.11347143352031708, 0.0, 0.0, 0.0, 0.0]","[0.0, 0.1, 0.1, 0.1, 0.1, 0.1, 0.1, 0.1, 0.1, 0.0, 0.0, 0.0, 0.0, 0.0, 0.0, 0.0, 0.0, 0.0, 0.0, 0.0, 0.0, 0.0, 0.0, 0.0, 0.0, 0.0, 0.0, 0.0, 0.1, 0.1]","[0.0, 0.09352611433673404, 0.07562271871106901, 0.09146976795378907, 0.0884999048755675, 0.08948387752678176, 0.08142289232317439, 0.09399313247048233, 0.08301583067678582, 0.0059940158753231726, 0.0028957493311237707, 0.0, 0.017868689383918043, 0.007341302626650446, 0.0, 0.0, 0.011545347378897047, 0.021714414829080386, 0.0, 0.0, 0.01291640985234295, 0.020917306166714715, 0.006865519042600588, 0.0036671109618969396, 0.0, 0.0, 0.00843436633266601, 6.285528289045449e-05, 0.0957142631495488, 0.08702841091196284]","[0.0, 0.11347143352031708, 0.0, 0.0, 0.11347143352031708, 0.0, 0.11347143352031708, 0.0, 0.0, 0.0, 0.0, 0.08935815095901489, 0.0, 0.11347143352031708, 0.0, 0.0818803533911705, 0.08089686185121536, 0.0, 0.09880741685628891, 0.0, 0.0, 0.0, 0.08170011639595032, 0.0, 0.0, 0.11347143352031708, 0.0, 0.0, 0.0, 0.0]",-0.004615210018625481
87,1.0281411756388597,"[0.998498624546686, 0.9941223931504232, 1.0125173124298872, 1.033098088917778, 1.0023607149131788, 0.9791667864021453, 1.0078455862766413, 0.981896408656834, 1.0036473955247203, 1.0273946576801218, 0.9935376040454893, 0.9900153061759783, 1.0052490727303802, 1.0032534927171834, 1.003246071425371, 0.9818994642507981, 0.9971187748389315, 0.9971279879109856, 0.9720017852529713, 0.9811974988993399, 1.0086538464472168, 1.0064966429941633, 1.0086325562342588, 1.0203899274461632, 0.9977151265358614, 0.9963759311948333, 0.9739593326393681, 1.008558023755048, 0.9890636815375403, 0.9908426837355018]","[1.0151477264920785, 1.0008781095724961, 0.982331846126249, 0.9982477090202982, 1.000141877087299, 1.0096228798733888, 0.9985060699721728, 0.9871438879719541, 0.9856075564756749, 0.9950619804266129, 1.029452093079249, 0.9851448362132309, 1.011442110263517, 1.0123194521757648, 1.0119690889489048, 0.9732943583917526, 0.9946686993777499, 1.002856197045068, 1.0298972379777718, 1.0085625942443914, 1.0070688010209514, 1.0084857323669265, 0.9955382639274664, 0.9992144951600416, 1.0019185218944484, 1.012885123210296, 1.0115224068306516, 0.9967185955231234, 0.9944521380566497, 1.016017472192826]","[0.015147726492078517, 0.0008781095724961219, -0.01766815387375098, -0.0017522909797017538, 0.00014187708729895832, 0.009622879873388834, -0.0014939300278271617, -0.01285611202804593, -0.014392443524325116, -0.004938019573387131, 0.02945209307924901, -0.014855163786769099, 0.011442110263516936, 0.0123194521757648, 0.011969088948904805, -0.0267056416082474, -0.005331300622250068, 0.0028561970450680096, 0.029897237977771773, 0.00856259424439143, 0.007068801020951421, 0.008485732366926513, -0.00446173607253364, -0.0007855048399584286, 0.0019185218944484106, 0.012885123210296001, 0.011522406830651644, -0.003281404476876637, -0.0055478619433503296, 0.0160174721928259]","[0.0, 0.0, 0.10700288414955139, 0.0, 0.10700288414955139, 0.0, 0.0, 0.0, 0.0, 0.0, 0.0933641865849495, 0.0, 0.0, 0.0, 0.08225800842046738, 0.0947946161031723, 0.0, 0.0, 0.0, 0.10700288414955139, 0.0, 0.0, 0.10700288414955139, 0.10700288414955139, 0.0, 0.09162843972444534, 0.0, 0.0, 0.10294032841920853, 0.0]","[0.0, 0.1, 0.1, 0.1, 0.1, 0.1, 0.1, 0.1, 0.1, 0.0, 0.0, 0.0, 0.0, 0.0, 0.0, 0.0, 0.0, 0.0, 0.0, 0.0, 0.0, 0.0, 0.0, 0.0, 0.0, 0.0, 0.0, 0.0, 0.1, 0.1]","[0.0, 0.09266524838929771, 0.0961505259610499, 0.07887338768251961, 0.0928844252141785, 0.09227988658114794, 0.10053421128249813, 0.09585086947035305, 0.10145011532020796, 0.004717403157214705, 0.0, 0.0, 0.0, 0.004872563928383318, 0.009053707710083911, 0.004533136457109317, 0.010426543113281454, 0.0, 0.0, 0.0, 0.0, 0.004270230968998334, 0.013674870228247357, 0.011420962019935843, 0.0, 0.0, 0.0, 0.0, 0.0966531734520538, 0.08968873906343905]","[0.0, 0.0, 0.10700288414955139, 0.0, 0.10700288414955139, 0.0, 0.0, 0.0, 0.0, 0.0, 0.0933641865849495, 0.0, 0.0, 0.0, 0.08225800842046738, 0.0947946161031723, 0.0, 0.0, 0.0, 0.10700288414955139, 0.0, 0.0, 0.10700288414955139, 0.10700288414955139, 0.0, 0.09162843972444534, 0.0, 0.0, 0.10294032841920853, 0.0]",-8.355320276988372e-05
88,1.0293215183589404,"[1.0151477264920785, 1.0008781095724961, 0.982331846126249, 0.9982477090202982, 1.000141877087299, 1.0096228798733888, 0.9985060699721728, 0.9871438879719541, 0.9856075564756749, 0.9950619804266129, 1.029452093079249, 0.9851448362132309, 1.011442110263517, 1.0123194521757648, 1.0119690889489048, 0.9732943583917526, 0.9946686993777499, 1.002856197045068, 1.0298972379777718, 1.0085625942443914, 1.0070688010209514, 1.0084857323669265, 0.9955382639274664, 0.9992144951600416, 1.0019185218944484, 1.012885123210296, 1.0115224068306516, 0.9967185955231234, 0.9944521380566497, 1.016017472192826]","[1.0049293499310592, 1.0108168621349536, 1.0015900275184224, 0.9966825266311176, 0.9856375408379454, 0.9884263221079153, 1.010924458289893, 0.9902847635871077, 1.0029656515574108, 1.0085995849010094, 0.9910313084446779, 0.983252521799234, 1.006825809103464, 0.993040382392635, 1.001633388113381, 0.9878694998173578, 1.014591134730135, 1.0051688462485402, 0.989750387478373, 1.0071125227721962, 0.9919734457997036, 1.0043490536641844, 1.0160051746165797, 1.0148638165191697, 1.005546879105123, 0.9870910528767654, 1.0014293452740899, 1.022100784036364, 1.0071723835756246, 0.9895919025999677]","[0.0049293499310592015, 0.010816862134953587, 0.00159002751842241, -0.00331747336888244, -0.014362459162054586, -0.011573677892084744, 0.01092445828989308, -0.009715236412892292, 0.0029656515574107978, 0.008599584901009427, -0.008968691555322095, -0.016747478200766053, 0.006825809103464087, -0.006959617607364965, 0.0016333881133809847, -0.012130500182642168, 0.014591134730135069, 0.005168846248540193, -0.010249612521627038, 0.007112522772196206, -0.00802655420029641, 0.004349053664184366, 0.016005174616579687, 0.014863816519169681, 0.0055468791051229704, -0.012908947123234649, 0.0014293452740898882, 0.022100784036364063, 0.007172383575624552, -0.010408097400032346]","[0.0, 0.0, 0.0, 0.10042697936296463, 0.0, 0.0, 0.10042697936296463, 0.0, 0.10042697936296463, 0.10042697936296463, 0.10042697936296463, 0.0, 0.0, 0.09615722298622131, 0.10042697936296463, 0.0, 0.0, 0.0, 0.0, 0.10042697936296463, 0.10042697936296463, 0.0, 0.0, 0.0, 0.0, 0.0, 0.0, 0.0, 0.10042697936296463, 0.0]","[0.0, 0.1, 0.1, 0.1, 0.1, 0.1, 0.1, 0.1, 0.1, 0.0, 0.0, 0.0, 0.0, 0.0, 0.0, 0.0, 0.0, 0.0, 0.0, 0.0, 0.0, 0.0, 0.0, 0.0, 0.0, 0.0, 0.0, 0.0, 0.1, 0.1]","[0.0, 0.08483989346287714, 0.08746590091330929, 0.08591424398004012, 0.08948537459466224, 0.1040862356687633, 0.09563409758196822, 0.09736811474868066, 0.10016601271493142, 0.0, 0.0, 0.01082912747556915, 0.0, 0.008255914029350902, 0.0, 0.0, 0.0, 0.002459294259437989, 0.014773341998044271, 0.0, 0.0, 0.0, 0.0, 0.0022442925756401195, 0.0, 0.007746739627991166, 0.0, 0.005941691485246642, 0.08866057296390864, 0.11412915191957876]","[0.0, 0.0, 0.0, 0.10042696446180344, 0.0, 0.0, 0.10042696446180344, 0.0, 0.10042696446180344, 0.10042696446180344, 0.10042696446180344, 0.0, 0.0, 0.09615720808506012, 0.10042696446180344, 0.0, 0.0, 0.0, 0.0, 0.10042696446180344, 0.10042696446180344, 0.0, 0.0, 0.0, 0.0, 0.0, 0.0, 0.0, 0.10042696446180344, 0.0]",0.0007213266689730022
89,1.0246589628608,"[1.0049293499310592, 1.0108168621349536, 1.0015900275184224, 0.9966825266311176, 0.9856375408379454, 0.9884263221079153, 1.010924458289893, 0.9902847635871077, 1.0029656515574108, 1.0085995849010094, 0.9910313084446779, 0.983252521799234, 1.006825809103464, 0.993040382392635, 1.001633388113381, 0.9878694998173578, 1.014591134730135, 1.0051688462485402, 0.989750387478373, 1.0071125227721962, 0.9919734457997036, 1.0043490536641844, 1.0160051746165797, 1.0148638165191697, 1.005546879105123, 0.9870910528767654, 1.0014293452740899, 1.022100784036364, 1.0071723835756246, 0.9895919025999677]","[0.9995556326610997, 0.9993423359778986, 1.0208708201314172, 0.9965758371633296, 1.002127363550179, 0.9854067006620507, 0.9787507089561172, 0.9836287612319298, 0.9935125723758372, 0.9886374269924332, 0.9981112772629551, 1.0121459521942775, 0.9880700477272921, 0.981206965295595, 0.9803475885441643, 0.9970729498081772, 0.9951168061908486, 1.002179035889866, 1.0042466224628352, 0.9919943163179454, 1.0143992268065496, 0.9906906060379622, 1.0120831408459812, 0.9840044773541284, 0.9825172834408278, 1.0033155171429295, 1.0077915427370605, 0.9816496448958982, 1.0035339698200614, 1.0131602743591779]","[-0.0004443673389002978, -0.000657664022101434, 0.020870820131417167, -0.0034241628366703525, 0.002127363550179062, -0.014593299337949284, -0.021249291043882845, -0.01637123876807023, -0.006487427624162767, -0.011362573007566823, -0.001888722737044879, 0.012145952194277498, -0.011929952272707878, -0.018793034704404965, -0.01965241145583574, -0.002927050191822822, -0.004883193809151365, 0.002179035889865899, 0.004246622462835248, -0.008005683682054565, 0.014399226806549592, -0.009309393962037782, 0.012083140845981166, -0.015995522645871563, -0.017482716559172218, 0.003315517142929547, 0.007791542737060508, -0.018350355104101768, 0.003533969820061378, 0.013160274359177881]","[0.0, 0.10295112431049347, 0.0, 0.0, 0.0, 0.0, 0.0, 0.0, 0.10295112431049347, 0.08815991878509521, 0.0, 0.0, 0.0, 0.10295112431049347, 0.0, 0.0, 0.0, 0.10295112431049347, 0.10295112431049347, 0.0, 0.10295112431049347, 0.0, 0.0, 0.0, 0.10295112431049347, 0.0, 0.08823105692863464, 0.10295112431049347, 0.0, 0.0]","[0.0, 0.1, 0.1, 0.1, 0.1, 0.1, 0.1, 0.1, 0.1, 0.0, 0.0, 0.0, 0.0, 0.0, 0.0, 0.0, 0.0, 0.0, 0.0, 0.0, 0.0, 0.0, 0.0, 0.0, 0.0, 0.0, 0.0, 0.0, 0.1, 0.1]","[0.0, 0.10269733951331786, 0.0967409862849929, 0.10357222865892224, 0.09386643552329135, 0.07698339463216594, 0.10007575555584775, 0.09680820992742963, 0.09104553953092065, 0.002056655177362512, 0.0, 0.006468008261480226, 0.0, 0.007084104154751748, 0.0, 0.010436656008792476, 0.0, 0.0, 0.0006749180169984631, 0.0010653791357238802, 0.007108538553871146, 0.017297712558373587, 0.008141095874171419, 0.0010090043603429067, 0.0, 0.0, 0.0, 0.0, 0.08365358297348698, 0.09321445529775638]","[0.0, 0.10295113176107407, 0.0, 0.0, 0.0, 0.0, 0.0, 0.0, 0.10295113176107407, 0.08815992623567581, 0.0, 0.0, 0.0, 0.10295113176107407, 0.0, 0.0, 0.0, 0.10295113176107407, 0.10295113176107407, 0.0, 0.10295113176107407, 0.0, 0.0, 0.0, 0.10295113176107407, 0.0, 0.08823106437921524, 0.10295113176107407, 0.0, 0.0]",-0.004908975737082975
90,1.0220078650217292,"[0.9995556326610997, 0.9993423359778986, 1.0208708201314172, 0.9965758371633296, 1.002127363550179, 0.9854067006620507, 0.9787507089561172, 0.9836287612319298, 0.9935125723758372, 0.9886374269924332, 0.9981112772629551, 1.0121459521942775, 0.9880700477272921, 0.981206965295595, 0.9803475885441643, 0.9970729498081772, 0.9951168061908486, 1.002179035889866, 1.0042466224628352, 0.9919943163179454, 1.0143992268065496, 0.9906906060379622, 1.0120831408459812, 0.9840044773541284, 0.9825172834408278, 1.0033155171429295, 1.0077915427370605, 0.9816496448958982, 1.0035339698200614, 1.0131602743591779]","[1.0046912358315638, 0.9678265586033189, 0.9999882905493674, 0.9873393932353272, 0.9966243196331828, 0.990210347265025, 1.0176024800511836, 1.0105363375528182, 0.9830344111662476, 1.0189259560528952, 1.006143853540367, 1.0160676920411222, 0.9957136886513513, 0.9825728840919911, 1.0129915812917996, 0.9992828512441035, 1.0017536183224998, 1.0028939605786231, 1.0054281035503254, 1.0195594546360354, 1.0001744605124159, 0.9892388718609118, 1.0082613928153332, 1.0026173491747499, 1.0083837768482278, 1.0086779712228595, 1.011472946589204, 1.006375856582825, 0.9939384286036752, 1.00179993721984]","[0.004691235831563834, -0.0321734413966811, -1.1709450632557683e-05, -0.012660606764672844, -0.0033756803668172353, -0.009789652734975007, 0.01760248005118359, 0.010536337552818242, -0.016965588833752432, 0.018925956052895154, 0.006143853540367061, 0.01606769204112224, -0.004286311348648653, -0.01742711590800894, 0.012991581291799559, -0.0007171487558964573, 0.0017536183224997615, 0.0028939605786231226, 0.005428103550325414, 0.019559454636035367, 0.0001744605124158749, -0.01076112813908825, 0.008261392815333224, 0.0026173491747498723, 0.008383776848227775, 0.008677971222859515, 0.011472946589204058, 0.0063758565828249125, -0.006061571396324794, 0.0017999372198400643]","[0.0, 0.04783298820257187, 0.12588843703269958, 0.0, 0.0, 0.0, 0.13433994352817535, 0.0, 0.0, 0.0, 0.0, 0.0, 0.0, 0.13433994352817535, 0.0, 0.0, 0.0, 0.13433994352817535, 0.0, 0.0, 0.09797697514295578, 0.13433994352817535, 0.0, 0.0531378835439682, 0.0, 0.0, 0.0, 0.05351422727108002, 0.08428968489170074, 0.0]","[0.0, 0.1, 0.1, 0.1, 0.1, 0.1, 0.1, 0.1, 0.1, 0.0, 0.0, 0.0, 0.0, 0.0, 0.0, 0.0, 0.0, 0.0, 0.0, 0.0, 0.0, 0.0, 0.0, 0.0, 0.0, 0.0, 0.0, 0.0, 0.1, 0.1]","[0.017148373449835157, 0.09541359642351749, 0.08636725454885942, 0.09344867328487343, 0.10416623920935039, 0.0937184290924069, 0.08348612046512918, 0.08543205978338088, 0.09581894545697613, 0.0, 0.0, 0.0, 0.012113274001937855, 0.01301374296056542, 0.0, 0.0, 0.03666554457062819, 0.0, 0.0, 0.0, 0.0032866820282098867, 0.0003445685992073477, 0.0, 0.0, 0.0008702218927263679, 0.004411762955008473, 0.0, 0.0, 0.08226558714132541, 0.09202892413606224]","[0.0, 0.04783298820257187, 0.12588843703269958, 0.0, 0.0, 0.0, 0.13433994352817535, 0.0, 0.0, 0.0, 0.0, 0.0, 0.0, 0.13433994352817535, 0.0, 0.0, 0.0, 0.13433994352817535, 0.0, 0.0, 0.09797697514295578, 0.13433994352817535, 0.0, 0.0531378835439682, 0.0, 0.0, 0.0, 0.05351422727108002, 0.08428968489170074, 0.0]",-0.00300184096783251
91,1.0294069227826539,"[1.0046912358315638, 0.9678265586033189, 0.9999882905493674, 0.9873393932353272, 0.9966243196331828, 0.990210347265025, 1.0176024800511836, 1.0105363375528182, 0.9830344111662476, 1.0189259560528952, 1.006143853540367, 1.0160676920411222, 0.9957136886513513, 0.9825728840919911, 1.0129915812917996, 0.9992828512441035, 1.0017536183224998, 1.0028939605786231, 1.0054281035503254, 1.0195594546360354, 1.0001744605124159, 0.9892388718609118, 1.0082613928153332, 1.0026173491747499, 1.0083837768482278, 1.0086779712228595, 1.011472946589204, 1.006375856582825, 0.9939384286036752, 1.00179993721984]","[1.0087266598092797, 1.0111648175206982, 0.9949790695582454, 1.004283636005098, 1.0024099116397798, 1.020243304020917, 1.0213318300813181, 1.0081048403702042, 0.9932891750315378, 0.9875914792408175, 0.99374620722237, 0.9901310792419598, 0.994190073106374, 0.9890408538353809, 1.0250857628194674, 0.9837706721251146, 0.9864285060374007, 1.0220296526698271, 0.984649978436214, 0.9795843379494582, 1.0014022299540266, 1.024791690574465, 0.9984463867522142, 0.9984375871216298, 0.9813242742860293, 1.011253440203893, 1.0049765653066778, 0.9907720168228317, 1.0208901436613522, 1.0094704623587143]","[0.008726659809279669, 0.0111648175206982, -0.005020930441754556, 0.004283636005097957, 0.0024099116397797715, 0.020243304020916897, 0.021331830081318115, 0.008104840370204203, -0.0067108249684622034, -0.012408520759182529, -0.006253792777630052, -0.009868920758040245, -0.005809926893626027, -0.010959146164619127, 0.025085762819467394, -0.016229327874885402, -0.013571493962599268, 0.02202965266982715, -0.015350021563785954, -0.020415662050541794, 0.0014022299540266125, 0.024791690574464953, -0.0015536132477858011, -0.001562412878370223, -0.018675725713970692, 0.011253440203893073, 0.004976565306677783, -0.00922798317716833, 0.020890143661352223, 0.009470462358714293]","[0.0, 0.0, 0.0, 0.0, 0.11346642673015594, 0.11346642673015594, 0.08126143366098404, 0.0, 0.11346642673015594, 0.0, 0.0, 0.0, 0.11346642673015594, 0.0, 0.0, 0.0, 0.0, 0.0, 0.0, 0.0, 0.0, 0.06654643267393112, 0.0, 0.0, 0.07378014922142029, 0.10576813668012619, 0.10531171411275864, 0.0, 0.11346642673015594, 0.0]","[0.0, 0.1, 0.1, 0.1, 0.1, 0.1, 0.1, 0.1, 0.1, 0.0, 0.0, 0.0, 0.0, 0.0, 0.0, 0.0, 0.0, 0.0, 0.0, 0.0, 0.0, 0.0, 0.0, 0.0, 0.0, 0.0, 0.0, 0.0, 0.1, 0.1]","[0.0031983061424214025, 0.10656310726288326, 0.08859473291635105, 0.09020681937215476, 0.0970112307915838, 0.11327502064123482, 0.09194766811107394, 0.10412496109111721, 0.09329667448523361, 0.002668444844350663, 0.0, 0.0, 0.0, 0.007224998278199247, 0.0, 0.004202976011803453, 0.0, 0.0, 0.0, 0.009003837646317243, 0.005146585552879339, 0.0, 0.003955285958767351, 0.0, 0.0, 0.0, 0.0, 0.009486787004657994, 0.08245813203478142, 0.08763443185418951]","[0.0, 0.0, 0.0, 0.0, 0.11346643418073654, 0.11346643418073654, 0.08126144111156464, 0.0, 0.11346643418073654, 0.0, 0.0, 0.0, 0.11346643418073654, 0.0, 0.0, 0.0, 0.0, 0.0, 0.0, 0.0, 0.0, 0.06654644012451172, 0.0, 0.0, 0.07378015667200089, 0.10576814413070679, 0.10531172156333923, 0.0, 0.11346643418073654, 0.0]",0.0068501358532423225
92,1.0308022690430785,"[1.0087266598092797, 1.0111648175206982, 0.9949790695582454, 1.004283636005098, 1.0024099116397798, 1.020243304020917, 1.0213318300813181, 1.0081048403702042, 0.9932891750315378, 0.9875914792408175, 0.99374620722237, 0.9901310792419598, 0.994190073106374, 0.9890408538353809, 1.0250857628194674, 0.9837706721251146, 0.9864285060374007, 1.0220296526698271, 0.984649978436214, 0.9795843379494582, 1.0014022299540266, 1.024791690574465, 0.9984463867522142, 0.9984375871216298, 0.9813242742860293, 1.011253440203893, 1.0049765653066778, 0.9907720168228317, 1.0208901436613522, 1.0094704623587143]","[1.015650956016774, 0.9924326426618062, 1.0191605040764224, 1.0423549460294275, 1.0024559452930335, 1.0072470770929938, 1.0205828022156305, 1.0026982019559998, 1.0068073653890082, 1.0090933419847323, 0.9880111092881858, 0.9998865161398548, 1.011293480695672, 0.9928343117047113, 1.006195742032531, 0.9995054754500289, 1.0156496364786871, 1.018429936197773, 1.010984690132528, 1.0198046992587555, 1.0143001501824709, 1.0079575340333151, 0.9982535119256885, 1.0126634517095445, 0.981727035359165, 1.0001608825388144, 1.0087081473311559, 0.9944410913234986, 0.9937787433835782, 0.9965108608671016]","[0.01565095601677391, -0.007567357338193803, 0.019160504076422447, 0.042354946029427465, 0.0024559452930335013, 0.00724707709299377, 0.02058280221563047, 0.0026982019559997905, 0.006807365389008169, 0.009093341984732328, -0.011988890711814193, -0.00011348386014520262, 0.011293480695671931, -0.007165688295288741, 0.0061957420325309265, -0.0004945245499711204, 0.015649636478687112, 0.01842993619777289, 0.010984690132527897, 0.019804699258755498, 0.014300150182470883, 0.007957534033315117, -0.0017464880743115474, 0.012663451709544526, -0.018272964640835054, 0.00016088253881441084, 0.00870814733115588, -0.0055589086765014395, -0.006221256616421811, -0.003489139132898389]","[0.09459589421749115, 0.10052850097417831, 0.0, 0.0, 0.08200260251760483, 0.0, 0.0, 0.0, 0.0, 0.0, 0.0, 0.0, 0.0, 0.10808654129505157, 0.0, 0.0, 0.0, 0.0, 0.10158257186412811, 0.0, 0.0, 0.0, 0.10797145962715149, 0.10808654129505157, 0.0, 0.10808654129505157, 0.0, 0.10808654129505157, 0.08097272366285324, 0.0]","[0.0, 0.1, 0.1, 0.1, 0.1, 0.1, 0.1, 0.1, 0.1, 0.0, 0.0, 0.0, 0.0, 0.0, 0.0, 0.0, 0.0, 0.0, 0.0, 0.0, 0.0, 0.0, 0.0, 0.0, 0.0, 0.0, 0.0, 0.0, 0.1, 0.1]","[0.0, 0.0962737433624602, 0.07717501376059825, 0.09176721261963992, 0.10160261360265377, 0.07755036455600328, 0.09810344964461207, 0.08471357787233115, 0.09799850615243459, 0.005521272054768334, 0.006139769043782678, 0.007457091642932577, 0.006252108375218748, 0.0, 0.020093968384318893, 0.0, 0.004718090754655644, 0.013646759408103018, 0.0, 0.0, 0.001100070728711993, 0.0, 0.0, 0.009084079505349722, 0.0, 0.0161309105276541, 0.0, 0.00876634781460386, 0.08615591887089563, 0.08974913131827152]","[0.09459590911865234, 0.10052851587533951, 0.0, 0.0, 0.08200260996818542, 0.0, 0.0, 0.0, 0.0, 0.0, 0.0, 0.0, 0.0, 0.10808655619621277, 0.0, 0.0, 0.0, 0.0, 0.1015825867652893, 0.0, 0.0, 0.0, 0.10797147452831268, 0.10808655619621277, 0.0, 0.10808655619621277, 0.0, 0.10808655619621277, 0.08097273111343384, 0.0]",0.0009958389218240253
93,1.0340370099931495,"[1.015650956016774, 0.9924326426618062, 1.0191605040764224, 1.0423549460294275, 1.0024559452930335, 1.0072470770929938, 1.0205828022156305, 1.0026982019559998, 1.0068073653890082, 1.0090933419847323, 0.9880111092881858, 0.9998865161398548, 1.011293480695672, 0.9928343117047113, 1.006195742032531, 0.9995054754500289, 1.0156496364786871, 1.018429936197773, 1.010984690132528, 1.0198046992587555, 1.0143001501824709, 1.0079575340333151, 0.9982535119256885, 1.0126634517095445, 0.981727035359165, 1.0001608825388144, 1.0087081473311559, 0.9944410913234986, 0.9937787433835782, 0.9965108608671016]","[1.009948813124119, 1.0124784471138717, 0.9938948266051049, 1.006930742095242, 1.0054142869584446, 1.008676105900151, 0.9919568162652207, 1.0241297747490306, 0.9986955043797388, 0.9861779232492021, 0.9828004991496203, 0.995078971806761, 0.9779648904419619, 1.0055181048593238, 0.9930290278455496, 1.0093542036138154, 0.9914899148717492, 1.02677056961975, 0.990699812701555, 1.0085004147317935, 1.012069855937159, 0.9952683958077636, 0.9926416491153852, 0.9865003364676197, 1.0122885195631026, 0.9941012854333326, 1.0027911955000066, 1.000870580242613, 1.0146802954778127, 1.0029534431846794]","[0.009948813124118994, 0.012478447113871693, -0.006105173394895136, 0.006930742095242026, 0.005414286958444592, 0.008676105900150999, -0.008043183734779302, 0.024129774749030553, -0.0013044956202612479, -0.01382207675079794, -0.01719950085037969, -0.00492102819323903, -0.022035109558038113, 0.0055181048593238025, -0.006970972154450417, 0.009354203613815448, -0.0085100851282508, 0.026770569619749995, -0.00930018729844495, 0.008500414731793526, 0.012069855937159035, -0.004731604192236394, -0.007358350884614784, -0.013499663532380302, 0.012288519563102618, -0.005898714566667351, 0.0027911955000066158, 0.0008705802426129949, 0.014680295477812688, 0.002953443184679383]","[0.0, 0.0, 0.1017151027917862, 0.0, 0.1017151027917862, 0.0, 0.0, 0.1017151027917862, 0.0, 0.0, 0.0, 0.0, 0.0, 0.1017151027917862, 0.0, 0.0, 0.1017151027917862, 0.09333904087543488, 0.0, 0.0, 0.0, 0.09294013679027557, 0.0, 0.1017151027917862, 0.0, 0.0, 0.1017151027917862, 0.1017151027917862, 0.0, 0.0]","[0.0, 0.1, 0.1, 0.1, 0.1, 0.1, 0.1, 0.1, 0.1, 0.0, 0.0, 0.0, 0.0, 0.0, 0.0, 0.0, 0.0, 0.0, 0.0, 0.0, 0.0, 0.0, 0.0, 0.0, 0.0, 0.0, 0.0, 0.0, 0.1, 0.1]","[0.005815113159460633, 0.09947192795567524, 0.09973372530691518, 0.10163004074698252, 0.09302627299993903, 0.08328726427592238, 0.10372559799089323, 0.0901890256363722, 0.07098109180892054, 0.0, 0.0005854429223763294, 0.0, 0.0, 0.004187486819273345, 0.0021221802968626065, 0.004941904783758604, 0.008956664425611167, 0.019897894511475434, 0.0, 0.001118884386599253, 0.011424442687291852, 0.0, 0.0, 0.00838982438892696, 0.0, 0.0, 0.0, 0.018630466959774564, 0.08563506129459335, 0.08624968664237573]","[0.0, 0.0, 0.1017151027917862, 0.0, 0.1017151027917862, 0.0, 0.0, 0.1017151027917862, 0.0, 0.0, 0.0, 0.0, 0.0, 0.1017151027917862, 0.0, 0.0, 0.1017151027917862, 0.09333904087543488, 0.0, 0.0, 0.0, 0.09294013679027557, 0.0, 0.1017151027917862, 0.0, 0.0, 0.1017151027917862, 0.1017151027917862, 0.0, 0.0]",0.0027354859437369464
94,1.0322202786077819,"[1.009948813124119, 1.0124784471138717, 0.9938948266051049, 1.006930742095242, 1.0054142869584446, 1.008676105900151, 0.9919568162652207, 1.0241297747490306, 0.9986955043797388, 0.9861779232492021, 0.9828004991496203, 0.995078971806761, 0.9779648904419619, 1.0055181048593238, 0.9930290278455496, 1.0093542036138154, 0.9914899148717492, 1.02677056961975, 0.990699812701555, 1.0085004147317935, 1.012069855937159, 0.9952683958077636, 0.9926416491153852, 0.9865003364676197, 1.0122885195631026, 0.9941012854333326, 1.0027911955000066, 1.000870580242613, 1.0146802954778127, 1.0029534431846794]","[0.9953503038856494, 0.9874132096764661, 1.0156405655389256, 0.9992415050451027, 1.0106718151386365, 1.0244317611279898, 1.006684299555382, 0.9985854703836842, 1.008526979991461, 0.983013570090128, 1.0040311587495574, 0.9980045808755801, 1.0154814762521027, 1.002881018610852, 0.9911322976678344, 0.9966531417942505, 0.9903087535011759, 1.0109681990735324, 1.0074375638727384, 0.9956647200199733, 0.9971529875891229, 1.0152144618188181, 1.025366396907788, 1.0174373487558988, 0.9874477159676648, 1.0021037452249457, 1.010520867946827, 1.0117449263979728, 1.0041918925779243, 0.9954343200283954]","[-0.004649696114350621, -0.012586790323533936, 0.015640565538925566, -0.0007584949548973263, 0.010671815138636465, 0.024431761127989837, 0.006684299555381967, -0.0014145296163158294, 0.008526979991460903, -0.01698642990987198, 0.004031158749557395, -0.001995419124419917, 0.015481476252102722, 0.002881018610852104, -0.008867702332165606, -0.0033468582057495366, -0.009691246498824135, 0.010968199073532414, 0.0074375638727384175, -0.004335279980026696, -0.0028470124108771477, 0.015214461818818137, 0.02536639690778797, 0.01743734875589875, -0.012552284032335215, 0.002103745224945719, 0.01052086794682694, 0.011744926397972755, 0.004191892577924294, -0.004565679971604619]","[0.0, 0.12069809436798096, 0.0, 0.0, 0.0, 0.0, 0.0, 0.0, 0.0, 0.12069809436798096, 0.0, 0.0, 0.0, 0.0, 0.0, 0.12069809436798096, 0.08337927609682083, 0.0, 0.12069809436798096, 0.07357942312955856, 0.0, 0.0, 0.0, 0.06741530448198318, 0.0, 0.0, 0.0, 0.12069809436798096, 0.07291724532842636, 0.09921826422214508]","[0.0, 0.1, 0.1, 0.1, 0.1, 0.1, 0.1, 0.1, 0.1, 0.0, 0.0, 0.0, 0.0, 0.0, 0.0, 0.0, 0.0, 0.0, 0.0, 0.0, 0.0, 0.0, 0.0, 0.0, 0.0, 0.0, 0.0, 0.0, 0.1, 0.1]","[0.0, 0.09912239280050225, 0.08356208021098846, 0.08879249164582553, 0.09240932841707952, 0.09679605650775495, 0.09776738301373035, 0.08405508480344909, 0.09996832141425295, 0.0027618238891564217, 0.008325389949237205, 0.0, 0.01037677555831329, 0.0005824392709985889, 0.013692636865031646, 0.0, 0.008792588907865424, 0.0039353606148418005, 0.0, 0.0040545421173320715, 0.0, 0.006653614945239445, 0.0, 0.0, 0.0, 0.0, 0.005947476128814401, 0.003354827851096081, 0.0980147175798316, 0.09103466750865884]","[0.0, 0.12069810181856155, 0.0, 0.0, 0.0, 0.0, 0.0, 0.0, 0.0, 0.12069810181856155, 0.0, 0.0, 0.0, 0.0, 0.0, 0.12069810181856155, 0.08337928354740143, 0.0, 0.12069810181856155, 0.07357943058013916, 0.0, 0.0, 0.0, 0.06741531193256378, 0.0, 0.0, 0.0, 0.12069810181856155, 0.07291725277900696, 0.09921827167272568]",-0.0021042299855691354
95,1.0302270974981738,"[0.9953503038856494, 0.9874132096764661, 1.0156405655389256, 0.9992415050451027, 1.0106718151386365, 1.0244317611279898, 1.006684299555382, 0.9985854703836842, 1.008526979991461, 0.983013570090128, 1.0040311587495574, 0.9980045808755801, 1.0154814762521027, 1.002881018610852, 0.9911322976678344, 0.9966531417942505, 0.9903087535011759, 1.0109681990735324, 1.0074375638727384, 0.9956647200199733, 0.9971529875891229, 1.0152144618188181, 1.025366396907788, 1.0174373487558988, 0.9874477159676648, 1.0021037452249457, 1.010520867946827, 1.0117449263979728, 1.0041918925779243, 0.9954343200283954]","[0.9947528136883926, 1.0028829852234764, 0.9757279029807956, 1.0124665830796415, 0.9855843760684838, 0.9797866963396141, 0.9958639791684262, 0.9951578025084934, 1.0143003749070312, 0.9922078393937918, 1.0074085516405116, 0.9992449252559503, 1.0023215277006188, 0.9987411622590069, 1.027530989670049, 1.0149153879456243, 1.0071211766519894, 0.9997757895550377, 0.9990591422938015, 0.9941162027684379, 0.993899234053108, 0.9835316052696795, 0.9681370371466131, 0.9986285970789157, 1.0046602509850062, 1.0001122074526703, 0.9971501688960266, 1.0109482203902118, 1.0072543474097195, 0.9935666404378312]","[-0.005247186311607366, 0.0028829852234764086, -0.02427209701920441, 0.012466583079641547, -0.014415623931516186, -0.020213303660385873, -0.004136020831573828, -0.004842197491506606, 0.014300374907031177, -0.007792160606208243, 0.007408551640511574, -0.0007550747440496774, 0.002321527700618775, -0.0012588377409931129, 0.027530989670049077, 0.014915387945624303, 0.007121176651989414, -0.0002242104449623472, -0.0009408577061984502, -0.005883797231562071, -0.006100765946892017, -0.016468394730320468, -0.031862962853386856, -0.001371402921084286, 0.00466025098500622, 0.00011220745267026544, -0.0028498311039734103, 0.010948220390211816, 0.00725434740971953, -0.006433359562168839]","[0.0, 0.0, 0.0, 0.0, 0.11685673147439957, 0.10245440900325775, 0.0, 0.0, 0.11685673147439957, 0.07209435850381851, 0.0, 0.0, 0.11685673147439957, 0.0, 0.0, 0.0, 0.0, 0.07848551124334335, 0.10305549949407578, 0.0, 0.0, 0.0, 0.0, 0.08447244763374329, 0.0, 0.0, 0.11685673147439957, 0.09201084822416306, 0.0, 0.0]","[0.0, 0.1, 0.1, 0.1, 0.1, 0.1, 0.1, 0.1, 0.1, 0.0, 0.0, 0.0, 0.0, 0.0, 0.0, 0.0, 0.0, 0.0, 0.0, 0.0, 0.0, 0.0, 0.0, 0.0, 0.0, 0.0, 0.0, 0.0, 0.1, 0.1]","[0.006022408129258021, 0.0813738719280946, 0.09497896684276791, 0.11667662067067798, 0.10808549365492535, 0.08410921487316436, 0.07477685630294728, 0.10067232364676927, 0.08769584036835346, 0.016881224554832444, 0.009314603608445719, 0.0, 0.0001010764152976968, 0.007548111463749101, 0.0, 0.004924455086804229, 0.0, 0.0031286467253466657, 0.0, 0.0, 0.0, 0.0, 0.017114189447807182, 0.0, 0.0, 0.0, 0.0036983090613222224, 0.0, 0.09782443116223093, 0.08507335605720567]","[0.0, 0.0, 0.0, 0.0, 0.11685673147439957, 0.10245440900325775, 0.0, 0.0, 0.11685673147439957, 0.07209435850381851, 0.0, 0.0, 0.11685673147439957, 0.0, 0.0, 0.0, 0.0, 0.07848551124334335, 0.10305549949407578, 0.0, 0.0, 0.0, 0.0, 0.08447244763374329, 0.0, 0.0, 0.11685673147439957, 0.09201084822416306, 0.0, 0.0]",-0.0023594603984379778
96,1.0351531519872983,"[0.9947528136883926, 1.0028829852234764, 0.9757279029807956, 1.0124665830796415, 0.9855843760684838, 0.9797866963396141, 0.9958639791684262, 0.9951578025084934, 1.0143003749070312, 0.9922078393937918, 1.0074085516405116, 0.9992449252559503, 1.0023215277006188, 0.9987411622590069, 1.027530989670049, 1.0149153879456243, 1.0071211766519894, 0.9997757895550377, 0.9990591422938015, 0.9941162027684379, 0.993899234053108, 0.9835316052696795, 0.9681370371466131, 0.9986285970789157, 1.0046602509850062, 1.0001122074526703, 0.9971501688960266, 1.0109482203902118, 1.0072543474097195, 0.9935666404378312]","[0.9925424820421321, 1.0009705773715167, 1.0020583088828166, 0.9917633669880069, 1.0011472052479855, 1.0152370246225264, 0.9905367900878087, 0.9974558126230941, 1.0235172522700928, 1.0020641678768734, 1.001348340305024, 1.0049083383021027, 1.0213728915168965, 0.9916116945155465, 0.987760310136549, 0.9957148419141024, 1.000630505371214, 0.9731108120421379, 0.998962121051488, 0.9893911177068764, 1.0119638359111955, 1.0043804222357013, 0.9787234976535163, 1.020452017610198, 0.9891072343639966, 0.9971092898828946, 0.9939859400549574, 1.0094252403307513, 1.0208417874098241, 1.008334650173963]","[-0.007457517957867865, 0.0009705773715167343, 0.0020583088828165508, -0.008236633011993066, 0.0011472052479855055, 0.015237024622526407, -0.009463209912191295, -0.002544187376905871, 0.023517252270092825, 0.0020641678768733573, 0.001348340305024065, 0.004908338302102688, 0.021372891516896475, -0.008388305484453462, -0.012239689863451031, -0.004285158085897578, 0.0006305053712138964, -0.026889187957862104, -0.0010378789485120388, -0.010608882293123623, 0.011963835911195542, 0.004380422235701342, -0.021276502346483706, 0.020452017610198103, -0.010892765636003388, -0.0028907101171053995, -0.00601405994504256, 0.009425240330751317, 0.02084178740982412, 0.008334650173962954]","[0.0, 0.0, 0.10200277715921402, 0.0, 0.0, 0.10200277715921402, 0.10200277715921402, 0.10200277715921402, 0.10200277715921402, 0.0, 0.0, 0.0, 0.10200277715921402, 0.0, 0.0, 0.0, 0.0, 0.0, 0.0, 0.0, 0.0, 0.10200277715921402, 0.0, 0.0, 0.09821310639381409, 0.0, 0.09608834236860275, 0.09167903661727905, 0.0, 0.0]","[0.0, 0.1, 0.1, 0.1, 0.1, 0.1, 0.1, 0.1, 0.1, 0.0, 0.0, 0.0, 0.0, 0.0, 0.0, 0.0, 0.0, 0.0, 0.0, 0.0, 0.0, 0.0, 0.0, 0.0, 0.0, 0.0, 0.0, 0.0, 0.1, 0.1]","[0.027633231733662708, 0.07491484707022995, 0.0837637117349356, 0.082827031638301, 0.07843956810425234, 0.0973614816004522, 0.08008384340361435, 0.09854249609328444, 0.08548222652072239, 0.009081301962757426, 0.009076987915865321, 0.008604017893997533, 0.011781707947533108, 0.011346613352517266, 0.014026145064251908, 0.009424829977390338, 0.015658232197442265, 0.0, 0.007998592089552154, 0.0, 0.0, 0.0, 0.00947426562939758, 0.0, 0.011447178424195738, 0.013485350726441593, 0.0, 0.006289397730836587, 0.07530170351240496, 0.07795523767596133]","[0.0, 0.0, 0.10200279206037521, 0.0, 0.0, 0.10200279206037521, 0.10200279206037521, 0.10200279206037521, 0.10200279206037521, 0.0, 0.0, 0.0, 0.10200279206037521, 0.0, 0.0, 0.0, 0.0, 0.0, 0.0, 0.0, 0.0, 0.10200279206037521, 0.0, 0.0, 0.09821312129497528, 0.0, 0.09608835726976395, 0.09167904406785965, 0.0, 0.0]",0.004388486843441159
97,1.0364496071028724,"[0.9925424820421321, 1.0009705773715167, 1.0020583088828166, 0.9917633669880069, 1.0011472052479855, 1.0152370246225264, 0.9905367900878087, 0.9974558126230941, 1.0235172522700928, 1.0020641678768734, 1.001348340305024, 1.0049083383021027, 1.0213728915168965, 0.9916116945155465, 0.987760310136549, 0.9957148419141024, 1.000630505371214, 0.9731108120421379, 0.998962121051488, 0.9893911177068764, 1.0119638359111955, 1.0043804222357013, 0.9787234976535163, 1.020452017610198, 0.9891072343639966, 0.9971092898828946, 0.9939859400549574, 1.0094252403307513, 1.0208417874098241, 1.008334650173963]","[1.0067519911947487, 1.0111449378370725, 0.9892872306458046, 1.022350834262262, 0.9709935430379101, 1.0104478217814987, 0.9736387966435699, 1.009384949541039, 0.985360047801101, 0.9920880682937246, 0.9820633079833129, 0.9901491893108261, 1.0222093169458042, 1.0134639569152988, 1.0050369703068456, 0.9795577336894357, 0.9863617956352416, 0.9889745962645032, 1.0029074732691226, 0.9861590598540558, 1.0269573014856475, 0.9916506535388505, 1.0082849520741448, 1.0224185312711822, 1.00245980353368, 0.9982508622278966, 0.9969847090804018, 1.0196224806296832, 0.9872811808806518, 0.9876414328209617]","[0.006751991194748674, 0.011144937837072488, -0.010712769354195406, 0.02235083426226203, -0.02900645696208992, 0.010447821781498723, -0.026361203356430107, 0.009384949541038967, -0.01463995219889902, -0.007911931706275355, -0.017936692016687128, -0.009850810689173928, 0.02220931694580419, 0.01346395691529878, 0.0050369703068455784, -0.02044226631056434, -0.013638204364758377, -0.011025403735496764, 0.0029074732691225513, -0.01384094014594417, 0.026957301485647456, -0.008349346461149487, 0.008284952074144813, 0.022418531271182207, 0.0024598035336800272, -0.001749137772103393, -0.003015290919598179, 0.019622480629683192, -0.012718819119348246, -0.012358567179038271]","[0.0, 0.09999999403953552, 0.0, 0.0, 0.0, 0.09999999403953552, 0.0, 0.0, 0.09999999403953552, 0.0, 0.09999999403953552, 0.09999999403953552, 0.0, 0.09999999403953552, 0.09999999403953552, 0.0, 0.0, 0.0, 0.0, 0.0, 0.0, 0.0, 0.0, 0.0, 0.0, 0.09999999403953552, 0.09999999403953552, 0.09999999403953552, 0.0, 0.0]","[0.0, 0.1, 0.1, 0.1, 0.1, 0.1, 0.1, 0.1, 0.1, 0.0, 0.0, 0.0, 0.0, 0.0, 0.0, 0.0, 0.0, 0.0, 0.0, 0.0, 0.0, 0.0, 0.0, 0.0, 0.0, 0.0, 0.0, 0.0, 0.1, 0.1]","[0.0, 0.10225689563680801, 0.09218037190753901, 0.09261429482521503, 0.0903654312323529, 0.08120857814292515, 0.08964462296337093, 0.08274958317351294, 0.09812606242506207, 0.013480325955164437, 0.01193206613393717, 0.012497655599132865, 0.011799489318446618, 0.010008505619653895, 0.0, 0.0, 0.0, 0.0, 0.0, 0.0006567114353073535, 0.0, 0.0, 0.0, 0.011280596492014598, 0.0036208676025915767, 0.0035623620229844597, 0.0017486983776183092, 0.0, 0.08351112792033158, 0.1067557532160309]","[0.0, 0.09999999403953552, 0.0, 0.0, 0.0, 0.09999999403953552, 0.0, 0.0, 0.09999999403953552, 0.0, 0.09999999403953552, 0.09999999403953552, 0.0, 0.09999999403953552, 0.09999999403953552, 0.0, 0.0, 0.0, 0.0, 0.0, 0.0, 0.0, 0.0, 0.0, 0.0, 0.09999999403953552, 0.09999999403953552, 0.09999999403953552, 0.0, 0.0]",0.0008390157087286886
98,1.0387357088260074,"[1.0067519911947487, 1.0111449378370725, 0.9892872306458046, 1.022350834262262, 0.9709935430379101, 1.0104478217814987, 0.9736387966435699, 1.009384949541039, 0.985360047801101, 0.9920880682937246, 0.9820633079833129, 0.9901491893108261, 1.0222093169458042, 1.0134639569152988, 1.0050369703068456, 0.9795577336894357, 0.9863617956352416, 0.9889745962645032, 1.0029074732691226, 0.9861590598540558, 1.0269573014856475, 0.9916506535388505, 1.0082849520741448, 1.0224185312711822, 1.00245980353368, 0.9982508622278966, 0.9969847090804018, 1.0196224806296832, 0.9872811808806518, 0.9876414328209617]","[1.009800258217677, 0.9875445305284508, 0.9994430555587508, 1.0159980214452968, 1.0002828571313571, 1.0171891185602677, 0.9944295676737541, 1.0266388619969848, 0.9982798661043017, 0.9807999977207151, 1.0032147724864988, 0.9932894842082167, 0.9832884204955488, 1.0170168496242713, 0.9909042833797922, 0.9892559903621359, 1.00317226031785, 0.9911316829466151, 0.9834455445883674, 1.0035278716472615, 0.9739556031654998, 1.0021991464829483, 1.012914518374242, 1.0081857711665965, 1.0020241598709547, 0.999287916684416, 0.9947439593611966, 1.0049993832618858, 0.9880155972500698, 0.9881281828897996]","[0.00980025821767705, -0.012455469471549185, -0.0005569444412492075, 0.01599802144529683, 0.0002828571313571171, 0.017189118560267724, -0.005570432326245878, 0.02663886199698484, -0.0017201338956982504, -0.019200002279284867, 0.003214772486498818, -0.006710515791783278, -0.016711579504451235, 0.017016849624271302, -0.009095716620207805, -0.01074400963786415, 0.0031722603178498954, -0.008868317053384867, -0.016554455411632585, 0.003527871647261538, -0.026044396834500216, 0.0021991464829482776, 0.012914518374242068, 0.008185771166596467, 0.0020241598709547226, -0.0007120833155840334, -0.005256040638803361, 0.004999383261885759, -0.011984402749930179, -0.011871817110200356]","[0.10971499979496002, 0.10732618719339371, 0.0, 0.10971499979496002, 0.0, 0.0, 0.0, 0.10971499979496002, 0.0, 0.0, 0.0, 0.0, 0.0, 0.0, 0.0818280354142189, 0.10971499979496002, 0.0, 0.0, 0.09359332174062729, 0.0, 0.0, 0.0, 0.0, 0.06035342067480087, 0.10832399874925613, 0.0, 0.0, 0.10971499979496002, 0.0, 0.0]","[0.0, 0.1, 0.1, 0.1, 0.1, 0.1, 0.1, 0.1, 0.1, 0.0, 0.0, 0.0, 0.0, 0.0, 0.0, 0.0, 0.0, 0.0, 0.0, 0.0, 0.0, 0.0, 0.0, 0.0, 0.0, 0.0, 0.0, 0.0, 0.1, 0.1]","[0.010661222181172306, 0.0933614584164951, 0.08211567155887678, 0.0945242521905621, 0.08677883575514769, 0.0991405901753323, 0.08571926152616566, 0.093157096892636, 0.08114764110874872, 0.016179605360496105, 0.0, 0.0, 0.0022579845382561872, 0.0, 0.0, 0.0, 0.0, 0.0, 0.0, 0.018323216559715447, 0.0, 0.01631183292717527, 0.000487599661566034, 0.0, 1.494168791101591e-05, 0.003400419822631712, 0.01475955805745791, 0.01691635223432686, 0.09779305932507582, 0.08694940002025131]","[0.10971500724554062, 0.1073261946439743, 0.0, 0.10971500724554062, 0.0, 0.0, 0.0, 0.10971500724554062, 0.0, 0.0, 0.0, 0.0, 0.0, 0.0, 0.0818280428647995, 0.10971500724554062, 0.0, 0.0, 0.09359332919120789, 0.0, 0.0, 0.0, 0.0, 0.06035342440009117, 0.10832400619983673, 0.0, 0.0, 0.10971500724554062, 0.0, 0.0]",0.0018037473004844824
99,1.0450774820516187,"[1.009800258217677, 0.9875445305284508, 0.9994430555587508, 1.0159980214452968, 1.0002828571313571, 1.0171891185602677, 0.9944295676737541, 1.0266388619969848, 0.9982798661043017, 0.9807999977207151, 1.0032147724864988, 0.9932894842082167, 0.9832884204955488, 1.0170168496242713, 0.9909042833797922, 0.9892559903621359, 1.00317226031785, 0.9911316829466151, 0.9834455445883674, 1.0035278716472615, 0.9739556031654998, 1.0021991464829483, 1.012914518374242, 1.0081857711665965, 1.0020241598709547, 0.999287916684416, 0.9947439593611966, 1.0049993832618858, 0.9880155972500698, 0.9881281828897996]","[1.016767840640093, 0.9977022734689938, 0.9838796121106111, 1.0093293105408994, 1.002447216953347, 1.011184068112577, 0.9830597463094812, 1.0337505649742482, 0.9986629740678526, 1.0027810037013727, 0.9986470058228374, 1.021446083767199, 1.0075448163973322, 0.9924514509837478, 1.0021762867293968, 1.007817926410413, 1.0002045675891054, 1.0032912948337067, 0.9914575706911202, 0.9941545335916451, 1.0042661110975608, 1.0035710506337552, 1.0091443868091867, 0.9875756058669514, 1.0093843809017236, 0.9937054657053022, 0.9933301870235711, 0.9945245792667714, 0.9979387463023774, 1.015319507471782]","[0.016767840640093068, -0.002297726531006239, -0.016120387889388854, 0.00932931054089936, 0.0024472169533469312, 0.011184068112576995, -0.01694025369051877, 0.03375056497424822, -0.001337025932147351, 0.0027810037013726863, -0.0013529941771626142, 0.02144608376719903, 0.007544816397332177, -0.007548549016252237, 0.002176286729396848, 0.007817926410413012, 0.00020456758910536443, 0.003291294833706715, -0.008542429308879829, -0.005845466408354927, 0.00426611109756081, 0.0035710506337551795, 0.009144386809186722, -0.012424394133048633, 0.009384380901723555, -0.00629453429469784, -0.006669812976428879, -0.005475420733228598, -0.002061253697622556, 0.015319507471782012]","[0.0, 0.10507293790578842, 0.0, 0.0, 0.0, 0.0, 0.10507293790578842, 0.10507293790578842, 0.09397812932729721, 0.0, 0.0, 0.10507293790578842, 0.06975390017032623, 0.0, 0.1007574051618576, 0.0, 0.0, 0.10507293790578842, 0.0, 0.0, 0.0, 0.10507293790578842, 0.0, 0.0, 0.10507293790578842, 0.0, 0.0, 0.0, 0.0, 0.0]","[0.0, 0.1, 0.1, 0.1, 0.1, 0.1, 0.1, 0.1, 0.1, 0.0, 0.0, 0.0, 0.0, 0.0, 0.0, 0.0, 0.0, 0.0, 0.0, 0.0, 0.0, 0.0, 0.0, 0.0, 0.0, 0.0, 0.0, 0.0, 0.1, 0.1]","[0.0, 0.07407390974339718, 0.09611173345400434, 0.08323225517322196, 0.10825933489323042, 0.09613363046897241, 0.10068813302013369, 0.08245328613372405, 0.09111019120186509, 0.003795528378443149, 0.009984806050465162, 0.0, 0.0, 0.0007837052061807886, 0.006581876968452834, 0.0, 0.005406570641025648, 0.004336650923835776, 0.0, 0.0006135779169610307, 0.01000762149457723, 0.0, 0.0, 0.0, 0.0046478005459843885, 0.0, 0.014585521861472616, 0.004834912270514918, 0.11224764440712005, 0.09011130924641729]","[0.0, 0.10507294535636902, 0.0, 0.0, 0.0, 0.0, 0.10507294535636902, 0.10507294535636902, 0.09397813677787781, 0.0, 0.0, 0.10507294535636902, 0.06975390762090683, 0.0, 0.1007574126124382, 0.0, 0.0, 0.10507294535636902, 0.0, 0.0, 0.0, 0.10507294535636902, 0.0, 0.0, 0.10507294535636902, 0.0, 0.0, 0.0, 0.0, 0.0]",0.00564184693514422
