step,portfolio_value,prev_prices,curr_prices,returns,action,expert_action,sub_expert_action,real_action,reward
1,1.0001138802147422,"[1.0113258951261692, 0.9905886762053437, 1.001069947058883, 1.014824674185109, 1.0259051162911004, 1.0007044958617928, 0.9937568584650801, 1.007821703374941, 1.0080159701920013, 0.9976316395620253, 1.012645051384784, 1.01249292637759, 0.9940754083259118, 0.9994559107842644, 1.0001551379536688, 1.003972720477851, 0.9831209663484444, 1.0026823111335923, 1.010435778788055, 0.9983570621458443, 0.992037859725679, 1.0024895644469112, 0.9863927508859092, 1.0131168384463045, 1.0018386361468719, 1.0152999622918502, 0.9868667322147899, 1.027450708405622, 1.013120201629116, 0.9870471607133884]","[0.997308650054964, 1.0152535182779585, 0.9739225648060227, 0.9860821264057484, 0.9752876257127814, 0.9863194002217188, 0.9942619046793849, 1.0364057353309815, 0.9935585996310996, 0.9878916919633313, 1.0235962683841169, 1.0137617550092677, 0.9953782988162442, 0.9868334344608117, 0.9868684832660756, 1.0045385960729718, 1.0085297916708238, 1.0124299315616045, 1.0160278906857656, 0.9676971737203239, 1.0167665676526763, 0.9979641358322184, 1.0057527758828468, 1.010667860842032, 1.0038319162928502, 1.0002760759719254, 1.0106182863416195, 0.9969761955215752, 0.9940667624760311, 1.0031891312604406]","[-0.002691349945035948, 0.015253518277958511, -0.026077435193977316, -0.013917873594251562, -0.02471237428721862, -0.013680599778281177, -0.005738095320615089, 0.03640573533098146, -0.006441400368900396, -0.012108308036668736, 0.02359626838411688, 0.013761755009267684, -0.004621701183755822, -0.013166565539188269, -0.013131516733924431, 0.004538596072971801, 0.008529791670823794, 0.012429931561604546, 0.0160278906857656, -0.03230282627967607, 0.016766567652676256, -0.0020358641677815648, 0.005752775882846839, 0.010667860842032084, 0.0038319162928501793, 0.00027607597192536026, 0.010618286341619543, -0.003023804478424763, -0.005933237523968904, 0.0031891312604406252]","[0.08934919536113739, 0.0, 0.0, 0.0, 0.0, 0.10707331448793411, 0.10707331448793411, 0.0, 0.09047169983386993, 0.0, 0.09302223473787308, 0.0, 0.08471696823835373, 0.10707331448793411, 0.0, 0.10707331448793411, 0.0, 0.0, 0.0, 0.0, 0.10707331448793411, 0.0, 0.0, 0.0, 0.0, 0.0, 0.0, 0.0, 0.0, 0.10707331448793411]","[0.0, 0.1, 0.1, 0.1, 0.1, 0.1, 0.1, 0.1, 0.1, 0.0, 0.0, 0.0, 0.0, 0.0, 0.0, 0.0, 0.0, 0.0, 0.0, 0.0, 0.0, 0.0, 0.0, 0.0, 0.0, 0.0, 0.0, 0.0, 0.1, 0.1]","[0.0005045154811310496, 0.08205213875927647, 0.08263098611226571, 0.0998421713564227, 0.0967541420132911, 0.09596592126127122, 0.09865019879648361, 0.1048197098923203, 0.08618426952646496, 0.009041561805747353, 0.0046656218063570705, 0.0, 0.0, 0.010850495882609201, 0.0, 0.010892131314444532, 0.0018191578001985032, 0.005345220966187339, 0.0, 0.0, 0.0, 0.0, 0.0, 0.0, 0.009985565126656916, 0.002878143618986004, 0.0, 0.0, 0.10139096478939585, 0.0957270836904902]","[0.08934920281171799, 0.0, 0.0, 0.0, 0.0, 0.10707332193851471, 0.10707332193851471, 0.0, 0.09047170728445053, 0.0, 0.09302224218845367, 0.0, 0.08471697568893433, 0.10707332193851471, 0.0, 0.10707332193851471, 0.0, 0.0, 0.0, 0.0, 0.10707332193851471, 0.0, 0.0, 0.0, 0.0, 0.0, 0.0, 0.0, 0.0, 0.10707332193851471]",0.00011393332873881324
2,0.9991948858880849,"[0.997308650054964, 1.0152535182779585, 0.9739225648060227, 0.9860821264057484, 0.9752876257127814, 0.9863194002217188, 0.9942619046793849, 1.0364057353309815, 0.9935585996310996, 0.9878916919633313, 1.0235962683841169, 1.0137617550092677, 0.9953782988162442, 0.9868334344608117, 0.9868684832660756, 1.0045385960729718, 1.0085297916708238, 1.0124299315616045, 1.0160278906857656, 0.9676971737203239, 1.0167665676526763, 0.9979641358322184, 1.0057527758828468, 1.010667860842032, 1.0038319162928502, 1.0002760759719254, 1.0106182863416195, 0.9969761955215752, 0.9940667624760311, 1.0031891312604406]","[0.9801641307705838, 0.9974781584946368, 0.9949202359286943, 0.993751267891612, 0.9873428446538478, 1.0195239943728653, 0.9961004342325182, 1.0021404049471183, 1.0058017736694296, 1.0220562628507914, 1.0155551417015667, 0.9801601821412593, 1.0076923115897969, 1.0113363850000132, 0.9989291513341886, 1.0044801234235583, 0.9944137848772336, 1.0160742039157142, 1.0058392147180184, 1.0115448257508721, 0.9850938178314376, 1.0015576731034537, 0.9904095857166607, 1.004749997706242, 0.9979853947192775, 0.9919558324203088, 0.9881781633174542, 0.9838565960459724, 1.0062028525321591, 0.9953574869370236]","[-0.01983586922941616, -0.002521841505363165, -0.005079764071305726, -0.006248732108388055, -0.012657155346152194, 0.01952399437286534, -0.0038995657674818496, 0.002140404947118313, 0.005801773669429577, 0.02205626285079143, 0.015555141701566688, -0.01983981785874067, 0.007692311589796885, 0.011336385000013216, -0.0010708486658114191, 0.004480123423558302, -0.005586215122766358, 0.016074203915714236, 0.005839214718018404, 0.011544825750872123, -0.014906182168562432, 0.0015576731034536717, -0.009590414283339288, 0.00474999770624196, -0.0020146052807225034, -0.008044167579691175, -0.011821836682545772, -0.01614340395402758, 0.006202852532159131, -0.004642513062976361]","[0.0, 0.0, 0.11445873975753784, 0.0, 0.0, 0.05118367075920105, 0.0, 0.0, 0.0, 0.0923851802945137, 0.0, 0.12166925519704819, 0.0, 0.06284808367490768, 0.0, 0.0, 0.0, 0.12166925519704819, 0.0, 0.0, 0.10918419063091278, 0.11306430399417877, 0.0, 0.0, 0.0, 0.0918680727481842, 0.12166925519704819, 0.0, 0.0, 0.0]","[0.0, 0.1, 0.1, 0.1, 0.1, 0.1, 0.1, 0.1, 0.1, 0.0, 0.0, 0.0, 0.0, 0.0, 0.0, 0.0, 0.0, 0.0, 0.0, 0.0, 0.0, 0.0, 0.0, 0.0, 0.0, 0.0, 0.0, 0.0, 0.1, 0.1]","[0.0, 0.09771295071695985, 0.1032503641903767, 0.08674268087885378, 0.09548456084431066, 0.10658053265669502, 0.0928411602035105, 0.09253895513893501, 0.10497333813289085, 0.0, 0.0037780037487244325, 0.0, 0.003028654667669673, 0.0, 0.00044473937595156197, 0.0, 0.0, 0.0, 0.008672419067454352, 0.0, 0.008266158769014967, 0.0032791388863183785, 0.0, 0.0, 0.0022574448063475, 0.002120725704390776, 0.0, 0.0, 0.10031390196918012, 0.08771427024241582]","[0.0, 0.0, 0.11445874720811844, 0.0, 0.0, 0.05118367448449135, 0.0, 0.0, 0.0, 0.0923851877450943, 0.0, 0.12166926264762878, 0.0, 0.06284809112548828, 0.0, 0.0, 0.0, 0.12166926264762878, 0.0, 0.0, 0.10918419808149338, 0.11306431144475937, 0.0, 0.0, 0.0, 0.0918680801987648, 0.12166926264762878, 0.0, 0.0, 0.0]",-0.0009192338181853735
3,1.0011142178497587,"[0.9801641307705838, 0.9974781584946368, 0.9949202359286943, 0.993751267891612, 0.9873428446538478, 1.0195239943728653, 0.9961004342325182, 1.0021404049471183, 1.0058017736694296, 1.0220562628507914, 1.0155551417015667, 0.9801601821412593, 1.0076923115897969, 1.0113363850000132, 0.9989291513341886, 1.0044801234235583, 0.9944137848772336, 1.0160742039157142, 1.0058392147180184, 1.0115448257508721, 0.9850938178314376, 1.0015576731034537, 0.9904095857166607, 1.004749997706242, 0.9979853947192775, 0.9919558324203088, 0.9881781633174542, 0.9838565960459724, 1.0062028525321591, 0.9953574869370236]","[1.0023805104012082, 1.0030706389226232, 0.989961050896134, 1.0159306546418672, 0.9987304275157167, 0.994250175831066, 0.9804528880119319, 1.0279568482213224, 0.9876174046822845, 1.001959190122009, 1.017272897698636, 1.0076851271007852, 1.0191640651278604, 1.0126873585995013, 0.9948542705753893, 0.9981637151614073, 0.9939725630421866, 0.9996553881613057, 0.9938381115218697, 0.9873839412432619, 0.9869776517908403, 0.9920901246179658, 1.0058836264961335, 1.0098581400455293, 0.9941633621645378, 1.0077161210660535, 1.009787326311762, 1.0099211910292631, 1.0024665339341263, 0.9919195488572182]","[0.0023805104012082356, 0.003070638922623159, -0.010038949103866046, 0.01593065464186716, -0.0012695724842832767, -0.005749824168933992, -0.019547111988068133, 0.027956848221322383, -0.012382595317715461, 0.001959190122009069, 0.017272897698636047, 0.007685127100785172, 0.019164065127860397, 0.01268735859950132, -0.005145729424610668, -0.0018362848385926611, -0.006027436957813381, -0.00034461183869427536, -0.006161888478130262, -0.012616058756738102, -0.013022348209159706, -0.007909875382034248, 0.005883626496133498, 0.009858140045529318, -0.005836637835462177, 0.007716121066053461, 0.009787326311762046, 0.009921191029263143, 0.002466533934126325, -0.008080451142781775]","[0.0, 0.0, 0.0, 0.0, 0.0, 0.11103033274412155, 0.0, 0.0, 0.0, 0.08632711321115494, 0.11103033274412155, 0.0, 0.0, 0.11103033274412155, 0.0, 0.0, 0.0, 0.09411662817001343, 0.08257054537534714, 0.09873281419277191, 0.0, 0.0, 0.0, 0.0, 0.0, 0.08435239642858505, 0.11103033274412155, 0.0, 0.0, 0.10977917909622192]","[3.3313900425487336e-22, 2.2211757224170736e-22, 0.0, 0.0, 0.0, 2.2204720893044956e-22, 0.0, 1.6662918010819209e-22, 0.0, 1.0, 0.0, 3.331617188390378e-22, 0.0, 0.0, 0.0, 0.0, 0.0, 0.0, 3.3312940368823433e-22, 0.0, 1.111144514774145e-22, 0.0, 1.1109191325912916e-22, 0.0, 0.0, 0.0, 1.1110170826765537e-22, 0.0, 0.0, 0.0]","[0.002876032564135994, 0.0002263085853304356, 0.0, 0.0, 0.0, 0.010520163284051462, 0.0, 0.0008807014088029923, 0.001435362112543955, 0.8916825547976966, 0.008077548412064319, 0.012250067854293455, 0.0, 0.006303788202940485, 0.005650859488751362, 0.0, 0.0, 0.0031611168147263067, 0.010435891822127653, 0.0, 0.007955643099252603, 0.008956765868033045, 0.0016852521375093907, 0.0, 0.0032210996040251717, 0.014962942474735565, 0.004493604026947957, 0.002634830319663643, 0.0, 0.002589467122367428]","[0.0, 0.0, 0.0, 0.0, 0.0, 0.11103033274412155, 0.0, 0.0, 0.0, 0.08632711321115494, 0.11103033274412155, 0.0, 0.0, 0.11103033274412155, 0.0, 0.0, 0.0, 0.09411662817001343, 0.08257054537534714, 0.09873281419277191, 0.0, 0.0, 0.0, 0.0, 0.0, 0.08435239642858505, 0.11103033274412155, 0.0, 0.0, 0.10977917909622192]",0.0015084276555204763
4,1.009274664643498,"[1.0023805104012082, 1.0030706389226232, 0.989961050896134, 1.0159306546418672, 0.9987304275157167, 0.994250175831066, 0.9804528880119319, 1.0279568482213224, 0.9876174046822845, 1.001959190122009, 1.017272897698636, 1.0076851271007852, 1.0191640651278604, 1.0126873585995013, 0.9948542705753893, 0.9981637151614073, 0.9939725630421866, 0.9996553881613057, 0.9938381115218697, 0.9873839412432619, 0.9869776517908403, 0.9920901246179658, 1.0058836264961335, 1.0098581400455293, 0.9941633621645378, 1.0077161210660535, 1.009787326311762, 1.0099211910292631, 1.0024665339341263, 0.9919195488572182]","[1.0215247287121665, 0.9992619855775265, 0.9997003409287966, 1.0283911483024575, 1.0033980830063987, 0.9896958591464216, 1.0293027565251593, 1.002241976155302, 1.0067929668281903, 1.0259304375898954, 1.0107698086636867, 0.9931855072253204, 1.0079972231756182, 1.019361221597854, 1.0028794198371989, 0.9959228618613476, 1.0002242169003293, 0.9896967917361362, 0.9923223402630033, 1.008258420895083, 0.9836443630973001, 1.0104504135923154, 1.002993294226643, 1.0235379268160563, 1.0085865002476744, 0.9995788183998231, 1.0040696916359606, 1.0242194103782754, 1.0081053097741721, 0.9993734397805397]","[0.021524728712166485, -0.0007380144224734542, -0.0002996590712034397, 0.02839114830245748, 0.0033980830063986556, -0.010304140853578447, 0.029302756525159346, 0.0022419761553020834, 0.0067929668281903055, 0.02593043758989544, 0.010769808663686709, -0.006814492774679604, 0.00799722317561824, 0.019361221597854028, 0.00287941983719886, -0.004077138138652403, 0.0002242169003292549, -0.010303208263863772, -0.007677659736996745, 0.008258420895083107, -0.01635563690269992, 0.010450413592315355, 0.002993294226643073, 0.023537926816056265, 0.008586500247674378, -0.00042118160017690087, 0.004069691635960604, 0.024219410378275352, 0.00810530977417212, -0.0006265602194602815]","[0.0, 0.0, 0.0, 0.10000000149011612, 0.0, 0.0, 0.0, 0.0, 0.0, 0.10000000149011612, 0.0, 0.10000000149011612, 0.0, 0.10000000149011612, 0.10000000149011612, 0.0, 0.0, 0.0, 0.10000000149011612, 0.0, 0.10000000149011612, 0.0, 0.10000000149011612, 0.0, 0.10000000149011612, 0.0, 0.0, 0.10000000149011612, 0.0, 0.0]","[0.0, 4.868645635783891e-25, 0.0, 2.778474403251077e-22, 5.574943537756092e-23, 0.0, 2.223317727218228e-22, 6.581806913413551e-25, 0.0, 1.0, 0.0, 2.226995410316915e-22, 0.0, 0.0, 0.0, 0.0, 0.0, 0.0, 0.0, 0.0, 6.012122567431322e-25, 0.0, 0.0, 0.0, 2.2241508703373254e-22, 0.0, 5.502273197850589e-25, 0.0, 0.0, 0.0]","[0.0, 0.00011392607280334653, 0.0, 0.0, 0.0, 0.0035763090996882834, 0.0, 0.011762457073036749, 0.014789953474754048, 0.8641021755284027, 0.0, 0.0034744061123729458, 0.002993079065571248, 0.0, 0.011005065497731933, 0.0, 0.012330240714262827, 0.0, 0.0, 0.0076904672718143005, 0.005307976654277627, 0.01618623888790905, 0.0007842506222725223, 0.0, 0.004157635410528796, 0.005365752216946187, 0.024299697680719448, 0.0, 0.011716022531216386, 0.00034434608569184174]","[0.0, 0.0, 0.0, 0.10000000149011612, 0.0, 0.0, 0.0, 0.0, 0.0, 0.10000000149011612, 0.0, 0.10000000149011612, 0.0, 0.10000000149011612, 0.10000000149011612, 0.0, 0.0, 0.0, 0.10000000149011612, 0.0, 0.10000000149011612, 0.0, 0.10000000149011612, 0.0, 0.10000000149011612, 0.0, 0.0, 0.10000000149011612, 0.0, 0.0]",0.007894969523563179
5,1.0113565398008304,"[1.0215247287121665, 0.9992619855775265, 0.9997003409287966, 1.0283911483024575, 1.0033980830063987, 0.9896958591464216, 1.0293027565251593, 1.002241976155302, 1.0067929668281903, 1.0259304375898954, 1.0107698086636867, 0.9931855072253204, 1.0079972231756182, 1.019361221597854, 1.0028794198371989, 0.9959228618613476, 1.0002242169003293, 0.9896967917361362, 0.9923223402630033, 1.008258420895083, 0.9836443630973001, 1.0104504135923154, 1.002993294226643, 1.0235379268160563, 1.0085865002476744, 0.9995788183998231, 1.0040696916359606, 1.0242194103782754, 1.0081053097741721, 0.9993734397805397]","[1.0041904882447377, 0.9861260776729046, 0.9973043950409901, 1.012130574471132, 0.9989952158285041, 1.005382922610338, 0.9978157990390099, 1.0197659874800513, 1.002140139638426, 0.9993619456204916, 0.9988904870451537, 0.9848443425653306, 1.0170783955633642, 1.0135857362752294, 0.9896825716107872, 1.0115906030425281, 1.0154506700722457, 0.9962247900715372, 1.0043135842109863, 1.0033531545034142, 0.989073400517224, 0.9949214641276195, 1.0040699725432258, 1.0138140281819432, 0.9805181797365528, 1.0036604233616009, 0.9995954954075915, 1.017848384360138, 0.9853556339755711, 1.0119803548698196]","[0.004190488244737667, -0.01387392232709539, -0.0026956049590098896, 0.012130574471131972, -0.0010047841714958539, 0.0053829226103379035, -0.002184200960990146, 0.019765987480051317, 0.002140139638425964, -0.0006380543795083682, -0.0011095129548462923, -0.0151556574346694, 0.017078395563364213, 0.01358573627522941, -0.01031742838921279, 0.011590603042528125, 0.015450670072245654, -0.0037752099284628082, 0.004313584210986265, 0.003353154503414224, -0.010926599482775967, -0.005078535872380496, 0.0040699725432258305, 0.013814028181943216, -0.019481820263447247, 0.003660423361600884, -0.00040450459240848335, 0.017848384360138025, -0.014644366024428868, 0.011980354869819632]","[0.0, 0.0, 0.0, 0.0, 0.0, 0.10165334492921829, 0.0, 0.0, 0.0, 0.0, 0.10165334492921829, 0.0, 0.0, 0.10165334492921829, 0.10165334492921829, 0.0, 0.10165334492921829, 0.0967942550778389, 0.10165334492921829, 0.0, 0.0, 0.0, 0.0, 0.0, 0.0, 0.0, 0.09323927015066147, 0.0, 0.10165334492921829, 0.0983930379152298]","[6.5362000911436015e-25, -2.2121154915401203e-22, 0.0, 0.0, 0.0, 0.0, 0.0, -2.209358822530244e-22, 0.0, 0.0, -2.213080499045761e-22, 0.0, 0.0, 0.0, 0.0, 0.0, -2.2129772580457555e-22, 0.0, 0.0, 1.0, -2.210308411749492e-22, 0.0, -2.2127285329756784e-22, 0.0, 6.06713643273651e-25, 0.0, -2.2118437294513097e-22, 0.0, 0.0, 0.0]","[0.0, 0.016952037377866318, 0.0022758890052544524, 0.00814174641767431, 0.013230438673591631, 0.012084877266687466, 0.0114007142806357, 0.0, 0.006916454451438402, 0.0015221629366309727, 0.00033287412692779465, 0.0, 0.0014084015032699258, 0.0, 0.0, 0.009903503885036758, 0.0, 0.0, 0.0, 0.8774631646919937, 0.0, 0.0, 0.004282622612798078, 0.006294373516049133, 0.0, 0.0, 0.021582617419532758, 0.0, 0.0, 0.006208121834612519]","[0.0, 0.0, 0.0, 0.0, 0.0, 0.10165335237979889, 0.0, 0.0, 0.0, 0.0, 0.10165335237979889, 0.0, 0.0, 0.10165335237979889, 0.10165335237979889, 0.0, 0.10165335237979889, 0.0967942625284195, 0.10165335237979889, 0.0, 0.0, 0.0, 0.0, 0.0, 0.0, 0.0, 0.09323927760124207, 0.0, 0.10165335237979889, 0.0983930453658104]",0.001900313017129645
6,1.0167615235301044,"[1.0041904882447377, 0.9861260776729046, 0.9973043950409901, 1.012130574471132, 0.9989952158285041, 1.005382922610338, 0.9978157990390099, 1.0197659874800513, 1.002140139638426, 0.9993619456204916, 0.9988904870451537, 0.9848443425653306, 1.0170783955633642, 1.0135857362752294, 0.9896825716107872, 1.0115906030425281, 1.0154506700722457, 0.9962247900715372, 1.0043135842109863, 1.0033531545034142, 0.989073400517224, 0.9949214641276195, 1.0040699725432258, 1.0138140281819432, 0.9805181797365528, 1.0036604233616009, 0.9995954954075915, 1.017848384360138, 0.9853556339755711, 1.0119803548698196]","[1.0039769584686873, 1.0243994073707243, 0.9979417280981498, 1.0106538598943742, 1.0046826654180716, 0.9892334004793232, 0.9852873379813915, 1.009153328037549, 1.014138587627893, 0.9819799922465166, 1.0273875056511295, 0.9886963219589274, 0.9918584146792508, 0.9857147961367141, 1.0058481076979109, 1.0021438195305217, 1.0066200877474827, 1.0066537706890353, 0.9898290679846339, 0.9800065983210783, 0.9873764696058256, 0.9993244642933468, 1.0064229545999333, 0.9815727640641075, 0.998782766562805, 1.0206158722479726, 1.0357257767287997, 0.9853728662645799, 1.0074542519860963, 0.9825105006398437]","[0.003976958468687286, 0.024399407370724324, -0.0020582719018501505, 0.010653859894374174, 0.004682665418071608, -0.010766599520676823, -0.014712662018608547, 0.009153328037549091, 0.014138587627892996, -0.018020007753483447, 0.027387505651129462, -0.011303678041072573, -0.008141585320749156, -0.014285203863285911, 0.005848107697910887, 0.0021438195305216734, 0.006620087747482684, 0.006653770689035277, -0.010170932015366119, -0.01999340167892172, -0.01262353039417441, -0.0006755357066532408, 0.0064229545999332505, -0.01842723593589246, -0.0012172334371950422, 0.020615872247972566, 0.03572577672879973, -0.014627133735420128, 0.007454251986096283, -0.017489499360156313]","[0.0, 0.0, 0.0, 0.1091737225651741, 0.0, 0.1091737225651741, 0.0, 0.0, 0.0, 0.0, 0.1091737225651741, 0.1091737225651741, 0.0, 0.0, 0.0925547406077385, 0.0, 0.0, 0.1091737225651741, 0.1091737225651741, 0.0, 0.0, 0.08226191252470016, 0.08802805840969086, 0.0, 0.0, 0.0, 0.08211299777030945, 0.0, 0.0, 0.0]","[1.0, 0.0, 0.0, 0.0, 0.0, 2.221967005186904e-22, 1.3880713367289566e-22, 8.655025015784845e-26, 9.181187227698692e-26, 0.0, 0.0, 0.0, 0.0, 0.0, 0.0, 0.0, 0.0, 1.5232698852722864e-25, 1.2298712831688852e-25, 2.7851309575702297e-23, 9.941204481626187e-26, 0.0, 0.0, 0.0, 0.0, 0.0, 0.0, 0.0, 9.293118578280985e-26, 0.0]","[0.884520471510011, 0.0, 0.011469217283884739, 0.0, 0.0015515804004558324, 0.0, 0.002363576491402813, 0.0, 0.006892714871795633, 0.001976959498533173, 0.008037021527223916, 0.0, 0.0, 0.006392738070157119, 0.0077235483572857064, 0.0, 0.016581345097101075, 0.0, 0.007577625197927111, 0.0, 0.004846191488897995, 0.0, 0.017711462723775308, 0.0040376247870744925, 0.0, 0.013893355599167542, 0.0, 0.0001860743918817807, 0.004238492703424863, 0.0]","[0.0, 0.0, 0.0, 0.10917370766401291, 0.0, 0.10917370766401291, 0.0, 0.0, 0.0, 0.0, 0.10917370766401291, 0.10917370766401291, 0.0, 0.0, 0.0925547331571579, 0.0, 0.0, 0.10917370766401291, 0.10917370766401291, 0.0, 0.0, 0.08226190507411957, 0.08802805095911026, 0.0, 0.0, 0.0, 0.08211299031972885, 0.0, 0.0, 0.0]",0.005158519033503847
7,1.0167173052483631,"[1.0039769584686873, 1.0243994073707243, 0.9979417280981498, 1.0106538598943742, 1.0046826654180716, 0.9892334004793232, 0.9852873379813915, 1.009153328037549, 1.014138587627893, 0.9819799922465166, 1.0273875056511295, 0.9886963219589274, 0.9918584146792508, 0.9857147961367141, 1.0058481076979109, 1.0021438195305217, 1.0066200877474827, 1.0066537706890353, 0.9898290679846339, 0.9800065983210783, 0.9873764696058256, 0.9993244642933468, 1.0064229545999333, 0.9815727640641075, 0.998782766562805, 1.0206158722479726, 1.0357257767287997, 0.9853728662645799, 1.0074542519860963, 0.9825105006398437]","[1.00534181313187, 0.9933019475006086, 0.9857961288976133, 0.9907501064821913, 1.0014220949331487, 1.0253801082804899, 1.0004484712008412, 1.0095696915568695, 0.9812610609611423, 1.0038709629730789, 1.010535540688317, 0.9733242568556759, 0.9877210064319778, 0.9921891094787301, 0.987110109191956, 1.004926179700817, 1.0016197035618244, 1.004475201407219, 0.983537049569281, 1.005609037011662, 1.0110494991938461, 1.000661401173353, 1.0065426336269025, 0.9977121278799066, 1.0092475907060372, 1.0181222071896012, 0.9851812354804423, 1.0298692560125973, 1.0019103791960065, 1.0047786942225672]","[0.005341813131870099, -0.0066980524993913715, -0.014203871102386745, -0.009249893517808694, 0.0014220949331487098, 0.025380108280489866, 0.00044847120084123837, 0.009569691556869486, -0.018738939038857705, 0.003870962973078873, 0.010535540688316969, -0.026675743144324082, -0.0122789935680222, -0.007810890521269931, -0.012889890808044036, 0.0049261797008171015, 0.0016197035618243927, 0.0044752014072189095, -0.016462950430718992, 0.005609037011661933, 0.011049499193846124, 0.0006614011733530045, 0.00654263362690255, -0.002287872120093404, 0.009247590706037201, 0.018122207189601225, -0.014818764519557659, 0.029869256012597267, 0.001910379196006451, 0.004778694222567159]","[0.0, 0.0, 0.0, 0.08588431775569916, 0.0, 0.0, 0.0, 0.0, 0.0, 0.10756666958332062, 0.0, 0.0, 0.0, 0.10756666958332062, 0.0, 0.10756666958332062, 0.1050959900021553, 0.0902649313211441, 0.0, 0.10756666958332062, 0.0, 0.09484787285327911, 0.10645824670791626, 0.0, 0.0, 0.0, 0.08718200773000717, 0.0, 0.0, 0.0]","[3.3313498988347523e-22, 0.0, 1.3195062592036204e-22, 1.0, 0.0, 2.2228897497160662e-22, 0.0, 0.0, 0.0, 2.2218192167185426e-22, 2.222984395090433e-22, 0.0, 0.0, 5.560916795221085e-23, 0.0, 0.0, 0.0, 0.0, 0.0, 0.0, 3.261398857071225e-25, 0.0, 1.1120042204422953e-22, 0.0, 0.0, 0.0, 1.1118693720661188e-22, 0.0, 0.0, 0.0]","[0.0, 0.0, 0.0, 0.9175648146505807, 0.0, 0.0, 0.0, 0.0, 0.0, 0.0, 0.0, 0.0, 0.0051991644256497065, 0.0, 0.008308819137265862, 0.006019768876333312, 0.012115798660887741, 0.010384666890900115, 0.0, 0.0, 0.0, 0.0094963260314875, 0.014666273640285861, 1.9735859034274237e-06, 0.0, 0.01503112769141492, 0.0, 0.0, 0.0009067649031583372, 0.0003045015061325549]","[0.0, 0.0, 0.0, 0.08588431030511856, 0.0, 0.0, 0.0, 0.0, 0.0, 0.10756665468215942, 0.0, 0.0, 0.0, 0.10756665468215942, 0.0, 0.10756665468215942, 0.10509597510099411, 0.09026492387056351, 0.0, 0.10756665468215942, 0.0, 0.09484785795211792, 0.10645823180675507, 0.0, 0.0, 0.0, 0.08718200027942657, 0.0, 0.0, 0.0]",-0.00042222613572624556
8,1.0135176794783438,"[1.00534181313187, 0.9933019475006086, 0.9857961288976133, 0.9907501064821913, 1.0014220949331487, 1.0253801082804899, 1.0004484712008412, 1.0095696915568695, 0.9812610609611423, 1.0038709629730789, 1.010535540688317, 0.9733242568556759, 0.9877210064319778, 0.9921891094787301, 0.987110109191956, 1.004926179700817, 1.0016197035618244, 1.004475201407219, 0.983537049569281, 1.005609037011662, 1.0110494991938461, 1.000661401173353, 1.0065426336269025, 0.9977121278799066, 1.0092475907060372, 1.0181222071896012, 0.9851812354804423, 1.0298692560125973, 1.0019103791960065, 1.0047786942225672]","[1.0056190839117731, 0.99072102857906, 0.9850160062659505, 1.0139356814604699, 1.0095608333330082, 1.0045096851690614, 1.0163003529331132, 0.9977913740338387, 0.9863419469532971, 1.0097229531650727, 0.9841694992256328, 0.9849388895310786, 0.9960692131998249, 1.0165297598784182, 1.0098308466896835, 0.9991364871116037, 1.0113305620038087, 0.9888688020881921, 0.9946741402689966, 1.0110986727811486, 1.0100111513924275, 1.0101893846828072, 1.002685793575707, 0.9969896263886224, 0.9962466392365542, 0.9884625577438193, 1.0287400484346345, 1.0092152951194129, 0.9922095359731498, 1.012708461750605]","[0.005619083911773126, -0.00927897142094003, -0.014983993734049461, 0.013935681460469862, 0.009560833333008167, 0.0045096851690613615, 0.01630035293311316, -0.0022086259661613372, -0.013658053046702867, 0.009722953165072656, -0.015830500774367207, -0.015061110468921446, -0.003930786800175112, 0.016529759878418204, 0.009830846689683481, -0.0008635128883962562, 0.011330562003808664, -0.011131197911807944, -0.005325859731003413, 0.011098672781148622, 0.010011151392427475, 0.010189384682807168, 0.002685793575706974, -0.0030103736113775703, -0.00375336076344579, -0.011537442256180697, 0.028740048434634513, 0.00921529511941288, -0.007790464026850241, 0.012708461750605027]","[0.0, 0.0, 0.10000000149011612, 0.0, 0.0, 0.10000000149011612, 0.0, 0.0, 0.10000000149011612, 0.10000000149011612, 0.10000000149011612, 0.10000000149011612, 0.0, 0.0, 0.10000000149011612, 0.10000000149011612, 0.0, 0.0, 0.10000000149011612, 0.0, 0.0, 0.10000000149011612, 0.0, 0.0, 0.0, 0.0, 0.0, 0.0, 0.0, 0.0]","[0.0, 0.0, 2.222352751636802e-22, 3.3328809503398155e-22, 0.0, 0.0, 2.2230155740473395e-22, 0.0, 0.0, 1.6679321537951907e-22, 1.0, 0.0, 0.0, 2.2232723312621757e-22, 2.221521023875917e-22, 0.0, 0.0, 1.6658413647714168e-22, 0.0, 0.0, 0.0, 0.0, 0.0, 0.0, 0.0, 2.2214496500523285e-22, 0.0, 1.1135525598032824e-22, 0.0, 0.0]","[0.0, 0.0, 0.0, 0.0012384641764507972, 0.0041052257115004685, 0.017580877068827067, 0.0, 0.008281123624765983, 0.001974430178449661, 0.0033202626128743863, 0.9108794136127185, 0.0, 0.011138292154003705, 0.0, 0.0, 0.0, 0.0, 0.0027023017192094015, 0.0, 0.01015399014043858, 0.0, 0.0, 0.0, 0.0, 0.0, 0.0, 0.0026612361281850875, 0.017557768223263603, 0.0, 0.008406614649312626]","[0.0, 0.0, 0.10000000149011612, 0.0, 0.0, 0.10000000149011612, 0.0, 0.0, 0.10000000149011612, 0.10000000149011612, 0.10000000149011612, 0.10000000149011612, 0.0, 0.0, 0.10000000149011612, 0.10000000149011612, 0.0, 0.0, 0.10000000149011612, 0.0, 0.0, 0.10000000149011612, 0.0, 0.0, 0.0, 0.0, 0.0, 0.0, 0.0, 0.0]",-0.003441584553048047
9,1.0189659799022213,"[1.0056190839117731, 0.99072102857906, 0.9850160062659505, 1.0139356814604699, 1.0095608333330082, 1.0045096851690614, 1.0163003529331132, 0.9977913740338387, 0.9863419469532971, 1.0097229531650727, 0.9841694992256328, 0.9849388895310786, 0.9960692131998249, 1.0165297598784182, 1.0098308466896835, 0.9991364871116037, 1.0113305620038087, 0.9888688020881921, 0.9946741402689966, 1.0110986727811486, 1.0100111513924275, 1.0101893846828072, 1.002685793575707, 0.9969896263886224, 0.9962466392365542, 0.9884625577438193, 1.0287400484346345, 1.0092152951194129, 0.9922095359731498, 1.012708461750605]","[1.0121022480040804, 0.999925778137625, 1.0070335114562372, 0.9894486952340628, 0.9832681573821724, 0.9750867115213038, 0.9947070322381516, 1.0011772267134553, 1.0336010061029492, 1.0040901320393074, 1.0046478031851669, 1.0161560378722492, 0.9913787857921468, 1.0128789769635385, 0.9915989131211729, 1.0096488610119612, 1.0105384066562517, 1.0089094721795486, 0.9933919862757619, 1.0213191495310179, 1.0247806798083947, 1.017639235435381, 0.9942644686719755, 0.9836795367007722, 1.0036676756945906, 0.9898195467822618, 0.995273430693856, 0.989718295585253, 1.0119330052956037, 0.9975905918560196]","[0.01210224800408044, -7.422186237504569e-05, 0.007033511456237207, -0.010551304765937242, -0.016731842617827564, -0.024913288478696227, -0.0052929677618483995, 0.001177226713455326, 0.03360100610294925, 0.004090132039307415, 0.004647803185166888, 0.016156037872249174, -0.008621214207853223, 0.012878976963538458, -0.008401086878827124, 0.009648861011961163, 0.01053840665625172, 0.008909472179548628, -0.006608013724238138, 0.021319149531017878, 0.024780679808394712, 0.01763923543538093, -0.005735531328024512, -0.01632046329922776, 0.0036676756945905886, -0.010180453217738195, -0.004726569306144013, -0.010281704414746962, 0.011933005295603705, -0.002409408143980385]","[0.11123359948396683, 0.11863745003938675, 0.0, 0.0, 0.0, 0.0, 0.0, 0.0, 0.0, 0.11863745003938675, 0.0, 0.11863745003938675, 0.0, 0.0, 0.07998250424861908, 0.11863745003938675, 0.0, 0.0, 0.0, 0.0, 0.1070970967411995, 0.0, 0.0, 0.0, 0.0, 0.0, 0.09418001770973206, 0.09208366274833679, 0.0, 0.04087333381175995]","[-3.861403632068173e-18, 0.0, 0.0, 0.08266837160403266, 0.9173316283959672, 0.0, -6.111493150307977e-18, 0.0, 4.8290815995914866e-18, -4.060573035854234e-18, 0.0, 2.4900076258454854e-17, 2.611157575041068e-17, 1.925050899289832e-17, 0.0, 0.0, 0.0, 0.0, 0.0, 0.0, 0.0, 0.0, 0.0, 2.828601795425039e-17, 0.0, 0.0, 0.0, 0.0, 0.0, 0.0]","[0.0050193785008833276, 0.0, 0.0, 0.06439265089029832, 0.8347764996071166, 0.0, 0.006122869111746892, 0.0038629414105068333, 0.0, 0.0, 0.01863103741226529, 0.0, 0.0034050824643535316, 0.0, 0.0, 0.00619198280929655, 0.0, 0.0, 0.00010986369027694136, 0.018097600169365624, 0.0012819784526687304, 0.0, 0.0, 0.0, 0.006774533557932028, 0.01287517778918335, 0.0, 0.008065380935434496, 0.010393023198671428, 0.0]","[0.11123359948396683, 0.11863745003938675, 0.0, 0.0, 0.0, 0.0, 0.0, 0.0, 0.0, 0.11863745003938675, 0.0, 0.11863745003938675, 0.0, 0.0, 0.07998250424861908, 0.11863745003938675, 0.0, 0.0, 0.0, 0.0, 0.1070970967411995, 0.0, 0.0, 0.0, 0.0, 0.0, 0.09418001770973206, 0.09208366274833679, 0.0, 0.04087333381175995]",0.00500716297003664
10,1.0217307743414337,"[1.0121022480040804, 0.999925778137625, 1.0070335114562372, 0.9894486952340628, 0.9832681573821724, 0.9750867115213038, 0.9947070322381516, 1.0011772267134553, 1.0336010061029492, 1.0040901320393074, 1.0046478031851669, 1.0161560378722492, 0.9913787857921468, 1.0128789769635385, 0.9915989131211729, 1.0096488610119612, 1.0105384066562517, 1.0089094721795486, 0.9933919862757619, 1.0213191495310179, 1.0247806798083947, 1.017639235435381, 0.9942644686719755, 0.9836795367007722, 1.0036676756945906, 0.9898195467822618, 0.995273430693856, 0.989718295585253, 1.0119330052956037, 0.9975905918560196]","[0.99447641707594, 0.9935051010107293, 0.9846996703621002, 0.9780981449969548, 1.0140821473069361, 0.996200259912497, 1.012394544629299, 1.0034340037704843, 1.0095752620611786, 0.9852230069235265, 0.991299104069163, 1.021299516513749, 0.9901569641610158, 1.0105749263963448, 1.0002384382744138, 1.0055523487921076, 0.9905371779592465, 0.9957936589410523, 0.9887029595652644, 1.0126978614939188, 1.003389843869982, 0.9897699345196809, 1.0018518972930763, 1.011735868278384, 0.988378606646854, 1.0066855271895707, 1.0049423906516153, 0.9928793200300703, 1.0182774328566464, 0.9894046822724667]","[-0.0055235829240599665, -0.006494898989270692, -0.015300329637899845, -0.0219018550030452, 0.014082147306936132, -0.0037997400875029452, 0.012394544629299009, 0.0034340037704843063, 0.009575262061178647, -0.01477699307647351, -0.008700895930837005, 0.02129951651374906, -0.00984303583898416, 0.01057492639634483, 0.00023843827441383247, 0.005552348792107642, -0.009462822040753549, -0.004206341058947682, -0.011297040434735561, 0.012697861493918827, 0.003389843869981979, -0.010230065480319128, 0.0018518972930763322, 0.01173586827838391, -0.011621393353146048, 0.006685527189570717, 0.0049423906516152805, -0.007120679969929711, 0.018277432856646403, -0.010595317727533304]","[0.0, 0.0, 0.0, 0.048715680837631226, 0.0, 0.0, 0.0, 0.0, 0.12469200789928436, 0.0, 0.0, 0.12319454550743103, 0.12469200789928436, 0.12469200789928436, 0.0, 0.0, 0.0, 0.12469200789928436, 0.0, 0.0, 0.0, 0.0, 0.0, 0.09141244739294052, 0.12469200789928436, 0.0, 0.0, 0.05108415707945824, 0.062133170664310455, 0.0]","[1.2808048813823717e-19, 0.0, 0.0, 0.0, 0.0, 0.0, 4.943423063753888e-19, 0.5890673265745181, 4.38825440300671e-19, 0.0, 0.0, 0.0, 0.0, 0.0, 0.0, 0.0, 1.5306108964593003e-19, 0.0, 0.0, 1.3473173202738223e-18, 0.4109326734254819, 8.069646031705096e-19, 0.0, 0.0, 3.0485457946162977e-19, 0.0, 0.0, 0.0, 0.0, 1.5330826837366598e-19]","[0.0055454915631092255, 0.009381775581834477, 0.0022765664314057764, 0.0, 0.0, 0.0, 0.0, 0.5506047270049533, 0.0, 0.004691809735080144, 0.00963892281555846, 0.0, 0.0, 0.0, 0.0, 0.0049638839856477246, 0.002128264557187655, 0.0, 0.011250361329252747, 0.0, 0.3673611333586287, 0.008075700030813978, 0.0, 0.0, 0.004310994616244965, 0.006929931277283194, 0.0, 0.003154566553849885, 0.009685871159149692, 0.0]","[0.0, 0.0, 0.0, 0.048715680837631226, 0.0, 0.0, 0.0, 0.0, 0.12469200789928436, 0.0, 0.0, 0.12319454550743103, 0.12469200789928436, 0.12469200789928436, 0.0, 0.0, 0.0, 0.12469200789928436, 0.0, 0.0, 0.0, 0.0, 0.0, 0.09141244739294052, 0.12469200789928436, 0.0, 0.0, 0.05108415707945824, 0.062133170664310455, 0.0]",0.002261628867340079
11,1.0110588097808442,"[0.99447641707594, 0.9935051010107293, 0.9846996703621002, 0.9780981449969548, 1.0140821473069361, 0.996200259912497, 1.012394544629299, 1.0034340037704843, 1.0095752620611786, 0.9852230069235265, 0.991299104069163, 1.021299516513749, 0.9901569641610158, 1.0105749263963448, 1.0002384382744138, 1.0055523487921076, 0.9905371779592465, 0.9957936589410523, 0.9887029595652644, 1.0126978614939188, 1.003389843869982, 0.9897699345196809, 1.0018518972930763, 1.011735868278384, 0.988378606646854, 1.0066855271895707, 1.0049423906516153, 0.9928793200300703, 1.0182774328566464, 0.9894046822724667]","[1.0020843626896607, 0.9993714783666662, 1.0021433011498757, 0.9632632371442126, 0.991643080642949, 1.0240175676548344, 0.9824131106760913, 1.003159743651323, 0.995301021815524, 0.9936361712632223, 1.0274452375995957, 1.0160551869178278, 0.9917765809633515, 1.0096592736527443, 0.9965357094961945, 1.0182487258565884, 0.9955630484073769, 0.9844910134442963, 1.005075600615448, 0.9966730398187401, 0.9894326778031031, 0.9964319752584126, 0.9839019812918967, 1.0083795629449857, 0.994450087726112, 0.993445260136904, 1.001241146543912, 0.962866676607878, 0.9963019895370672, 1.011488458245196]","[0.0020843626896607237, -0.0006285216333338228, 0.0021433011498757093, -0.03673676285578742, -0.008356919357050963, 0.024017567654834426, -0.017586889323908728, 0.003159743651323099, -0.004698978184475955, -0.006363828736777655, 0.027445237599595718, 0.016055186917827813, -0.008223419036648472, 0.009659273652744327, -0.0034642905038054783, 0.018248725856588432, -0.0044369515926231395, -0.015508986555703652, 0.005075600615447984, -0.003326960181259886, -0.010567322196896933, -0.00356802474158735, -0.016098018708103345, 0.008379562944985652, -0.0055499122738880136, -0.00655473986309596, 0.0012411465439119418, -0.03713332339212205, -0.0036980104629328325, 0.011488458245195954]","[0.0, 0.10641951113939285, 0.0, 0.0, 0.10641951113939285, 0.0, 0.09277600795030594, 0.0, 0.0, 0.0, 0.0, 0.0, 0.10641951113939285, 0.0, 0.0, 0.0, 0.0, 0.10641951113939285, 0.07362151145935059, 0.0, 0.10641951113939285, 0.0, 0.0, 0.0, 0.10641951113939285, 0.10641951113939285, 0.0, 0.0886659249663353, 0.0, 0.0]","[0.0, 0.0, 0.0, 0.0, 0.0, 0.0, 1.0, 0.0, 0.0, 0.0, 0.0, 0.0, 1.129526916867182e-22, 0.0, 1.123403119976075e-22, 0.0, 2.237979616211509e-22, 0.0, 1.1291653739024507e-22, 0.0, 1.1263790531518913e-22, 0.0, 1.1274739063305295e-22, 0.0, 1.1255426163536252e-22, 1.1312780237102075e-22, 1.683224782441698e-22, 0.0, 0.0, 0.0]","[0.009777593840319928, 0.0032128438645972245, 0.0, 0.0, 0.0, 0.0, 0.8794103818096408, 0.0, 0.0, 0.010179163215947062, 0.0, 0.0, 0.0, 0.0, 0.0059521964058098405, 0.0, 0.007102148479831947, 0.0, 0.014662803181479044, 0.010625587778223599, 0.010913193314908594, 0.010774599734764625, 0.018009533129659656, 0.008403516993042755, 0.0, 0.0061216448734511975, 0.002705590922080242, 0.0021492024562433636, 0.0, 0.0]","[0.0, 0.10641951858997345, 0.0, 0.0, 0.10641951858997345, 0.0, 0.09277601540088654, 0.0, 0.0, 0.0, 0.0, 0.0, 0.10641951858997345, 0.0, 0.0, 0.0, 0.0, 0.10641951858997345, 0.07362151890993118, 0.0, 0.10641951858997345, 0.0, 0.0, 0.0, 0.10641951858997345, 0.10641951858997345, 0.0, 0.0886659324169159, 0.0, 0.0]",-0.010724624506750617
12,1.0067643980273278,"[1.0020843626896607, 0.9993714783666662, 1.0021433011498757, 0.9632632371442126, 0.991643080642949, 1.0240175676548344, 0.9824131106760913, 1.003159743651323, 0.995301021815524, 0.9936361712632223, 1.0274452375995957, 1.0160551869178278, 0.9917765809633515, 1.0096592736527443, 0.9965357094961945, 1.0182487258565884, 0.9955630484073769, 0.9844910134442963, 1.005075600615448, 0.9966730398187401, 0.9894326778031031, 0.9964319752584126, 0.9839019812918967, 1.0083795629449857, 0.994450087726112, 0.993445260136904, 1.001241146543912, 0.962866676607878, 0.9963019895370672, 1.011488458245196]","[0.9973410174830245, 1.0023534798299985, 1.0100893448036243, 1.0008785688790611, 0.9973275222619596, 1.0028089008090313, 0.9890873003105043, 0.9707051024364123, 0.9916848756909463, 0.9871301844880056, 0.9935108042872279, 1.033127817996514, 0.9947576611465117, 1.0139676374949185, 1.0013360738245762, 0.9858363457966096, 0.9894765898482267, 1.0072123843814693, 0.9936888369393091, 0.9957761020817893, 0.9786552630807943, 0.9964876707917966, 0.9918641026936459, 0.9975190754928404, 0.9923377098289815, 1.009155288633017, 0.996937432931893, 1.0053736096414265, 1.004212211505098, 0.991405637921624]","[-0.0026589825169754944, 0.0023534798299984505, 0.010089344803624334, 0.0008785688790611257, -0.0026724777380403575, 0.0028089008090312895, -0.010912699689495708, -0.02929489756358772, -0.008315124309053679, -0.012869815511994398, -0.006489195712772067, 0.033127817996513986, -0.005242338853488349, 0.013967637494918472, 0.0013360738245762338, -0.014163654203390386, -0.010523410151773271, 0.007212384381469317, -0.006311163060690905, -0.004223897918210651, -0.021344736919205687, -0.003512329208203435, -0.008135897306354112, -0.002480924507159643, -0.007662290171018493, 0.009155288633017067, -0.003062567068107036, 0.005373609641426524, 0.004212211505097985, -0.00859436207837605]","[0.0, 0.0, 0.0, 0.0, 0.0, 0.0, 0.0, 0.100736603140831, 0.100736603140831, 0.0, 0.0, 0.0, 0.100736603140831, 0.100736603140831, 0.0, 0.0, 0.100736603140831, 0.100736603140831, 0.0, 0.100736603140831, 0.0, 0.0, 0.0, 0.0, 0.100736603140831, 0.0, 0.100736603140831, 0.09337058663368225, 0.0, 0.0]","[0.0, 0.0, 3.336709747078839e-22, 5.559603856237483e-22, 0.0, 1.0, 0.0, 0.0, 3.3394794452975303e-22, 2.22567546772759e-22, 2.225730042850646e-22, 0.0, 0.0, 0.0, 3.336663426029301e-22, 0.0, 3.3374266069236073e-22, 0.0, 0.0, 0.0, 3.0603083938470877e-22, 0.0, 0.0, 0.0, 0.0, 0.0, 0.0, 0.0, 2.2272536269860557e-22, 0.0]","[0.005926156914801486, 0.0, 0.0251994884006723, 0.011104986214442792, 0.0027940976301805767, 0.8635302352215817, 0.0, 0.016011949632013876, 0.0008425770776084709, 0.002102418787533355, 0.02693564475030734, 0.0, 0.011085962239279183, 0.0, 0.0, 0.0, 0.008595779547699115, 0.0, 0.0013588285090841592, 0.0, 0.0036979392645502427, 0.005550947091959348, 0.002752439987060494, 0.003603534799198364, 0.0070515190564224214, 0.0, 0.0016845751754095682, 0.00017091970019534673, 0.0, 0.0]","[0.0, 0.0, 0.0, 0.0, 0.0, 0.0, 0.0, 0.100736603140831, 0.100736603140831, 0.0, 0.0, 0.0, 0.100736603140831, 0.100736603140831, 0.0, 0.0, 0.100736603140831, 0.100736603140831, 0.0, 0.100736603140831, 0.0, 0.0, 0.0, 0.0, 0.100736603140831, 0.0, 0.100736603140831, 0.09337058663368225, 0.0, 0.0]",-0.0046277756041049065
13,1.0110495082551498,"[0.9973410174830245, 1.0023534798299985, 1.0100893448036243, 1.0008785688790611, 0.9973275222619596, 1.0028089008090313, 0.9890873003105043, 0.9707051024364123, 0.9916848756909463, 0.9871301844880056, 0.9935108042872279, 1.033127817996514, 0.9947576611465117, 1.0139676374949185, 1.0013360738245762, 0.9858363457966096, 0.9894765898482267, 1.0072123843814693, 0.9936888369393091, 0.9957761020817893, 0.9786552630807943, 0.9964876707917966, 0.9918641026936459, 0.9975190754928404, 0.9923377098289815, 1.009155288633017, 0.996937432931893, 1.0053736096414265, 1.004212211505098, 0.991405637921624]","[1.0001812039606857, 1.0067905517365616, 0.9917705349267886, 1.009600668411955, 0.9927743660737731, 1.0086779392543892, 1.004560835587452, 1.0012112461544043, 1.0153768409626727, 0.9918622663814384, 1.0007858001313858, 0.9844980067772049, 1.0077382782752091, 0.9885797645305133, 0.9850922668632474, 1.0076089696866954, 1.0075489671240903, 1.0130763311840978, 1.0058667605370015, 0.9994515360074246, 1.0012244923070843, 0.9974571082213994, 1.0201894872953292, 1.004394546879515, 1.0059153806581203, 1.0036102269253486, 0.9980681356622448, 0.9983293501286405, 1.0073938230620023, 1.0070152436973299]","[0.0001812039606856608, 0.006790551736561623, -0.008229465073211428, 0.009600668411954949, -0.007225633926226882, 0.0086779392543892, 0.004560835587452017, 0.0012112461544042663, 0.015376840962672667, -0.008137733618561627, 0.0007858001313858498, -0.015501993222795107, 0.007738278275209121, -0.011420235469486673, -0.014907733136752643, 0.007608969686695444, 0.007548967124090256, 0.01307633118409779, 0.005866760537001525, -0.0005484639925753543, 0.0012244923070843239, -0.0025428917786005645, 0.02018948729532921, 0.0043945468795150155, 0.005915380658120251, 0.003610226925348625, -0.0019318643377551625, -0.001670649871359453, 0.007393823062002314, 0.007015243697329865]","[0.0, 0.0, 0.0, 0.12287774682044983, 0.0, 0.01166653260588646, 0.05666482076048851, 0.0, 0.12287774682044983, 0.0, 0.12287774682044983, 0.0, 0.0, 0.0, 0.0, 0.0, 0.0, 0.0, 0.12287774682044983, 0.0, 0.12287774682044983, 0.12287774682044983, 0.0, 0.08655258268117905, 0.0, 0.0, 0.10784958302974701, 0.0, 0.0, 0.0]","[3.3342796200148863e-22, 1.1132056626883687e-22, 0.0, 0.0, 0.0, 0.0, 0.0, 1.1143846717024502e-22, 1.113237691119048e-22, 4.819652073410458e-25, 2.2240073390677723e-22, 1.0, 0.0, 2.223555457292919e-22, 0.0, 0.0, 0.0, 0.0, 0.0, 0.0, 0.0, 0.0, 1.1141800436488262e-22, 0.0, 0.0, 0.0, 0.0, 1.1150790748959181e-22, 0.0, 0.0]","[0.0, 0.007828097936763811, 0.0015574273505146576, 0.0012947767980815983, 0.0, 0.0, 0.0, 0.016133531592198044, 0.0, 0.0001555207648133286, 0.0, 0.8985704869506369, 0.01126322576015723, 0.008420806874241826, 0.0, 0.0, 0.0, 0.0, 0.0, 0.018199979324472208, 0.0, 0.002795130778627416, 0.0, 0.0, 0.012187393491767862, 0.0, 0.012542397068295488, 0.0, 0.007287038713077302, 0.001764186596352358]","[0.0, 0.0, 0.0, 0.12287774682044983, 0.0, 0.01166653260588646, 0.05666482076048851, 0.0, 0.12287774682044983, 0.0, 0.12287774682044983, 0.0, 0.0, 0.0, 0.0, 0.0, 0.0, 0.0, 0.12287774682044983, 0.0, 0.12287774682044983, 0.12287774682044983, 0.0, 0.08655258268117905, 0.0, 0.0, 0.10784958302974701, 0.0, 0.0, 0.0]",0.003813068205417723
14,1.006790708676217,"[1.0001812039606857, 1.0067905517365616, 0.9917705349267886, 1.009600668411955, 0.9927743660737731, 1.0086779392543892, 1.004560835587452, 1.0012112461544043, 1.0153768409626727, 0.9918622663814384, 1.0007858001313858, 0.9844980067772049, 1.0077382782752091, 0.9885797645305133, 0.9850922668632474, 1.0076089696866954, 1.0075489671240903, 1.0130763311840978, 1.0058667605370015, 0.9994515360074246, 1.0012244923070843, 0.9974571082213994, 1.0201894872953292, 1.004394546879515, 1.0059153806581203, 1.0036102269253486, 0.9980681356622448, 0.9983293501286405, 1.0073938230620023, 1.0070152436973299]","[0.9889435734611006, 0.9979694228665924, 1.0036686298562336, 0.9972408570836773, 1.0156322182507542, 0.9977846259279264, 0.9981550603363819, 0.9977632318401385, 0.9963802364348099, 0.9991236349095582, 0.9935876083415015, 0.9913871488199753, 1.0153458591695594, 0.9820958665799397, 1.0103505561372683, 0.9982179769696325, 0.9967630236018071, 0.9859724060772262, 0.9972185117051451, 0.9900746916229329, 1.0122354965183293, 0.9911343818118425, 0.9758086300214832, 0.9990939645408043, 1.0136362195784507, 1.0146758116361154, 1.0113286630409621, 0.9920392927406534, 1.009978473861523, 1.0079886583786852]","[-0.011056426538899378, -0.002030577133407596, 0.0036686298562336184, -0.002759142916322732, 0.015632218250754226, -0.002215374072073617, -0.0018449396636180948, -0.002236768159861513, -0.003619763565190115, -0.0008763650904417553, -0.006412391658498495, -0.00861285118002475, 0.01534585916955944, -0.017904133420060253, 0.010350556137268319, -0.0017820230303674522, -0.00323697639819287, -0.014027593922773751, -0.002781488294854917, -0.009925308377067066, 0.012235496518329336, -0.008865618188157454, -0.024191369978516786, -0.0009060354591956532, 0.013636219578450737, 0.014675811636115421, 0.01132866304096214, -0.007960707259346611, 0.009978473861522952, 0.007988658378685232]","[0.10776439309120178, 0.0, 0.0, 0.0, 0.0, 0.0, 0.11347106844186783, 0.0, 0.11347106844186783, 0.1009722352027893, 0.0, 0.0977601483464241, 0.0, 0.0, 0.0, 0.0, 0.0, 0.0, 0.11347106844186783, 0.0, 0.06612735986709595, 0.11347106844186783, 0.0, 0.0600205697119236, 0.0, 0.0, 0.0, 0.11347106844186783, 0.0, 0.0]","[1.0, 0.0, 0.0, 0.0, 0.0, 0.0, 0.0, -1.109857023334011e-22, 0.0, -1.1099129738483816e-22, 0.0, 1.1105241204770232e-22, 0.0, 0.0, -1.1098928333666547e-22, 0.0, 0.0, -1.1096853130901072e-22, -1.109739723969858e-22, 0.0, 0.0, 0.0, -1.109913588790109e-22, -1.1098548387439713e-22, 0.0, -1.10990226080914e-22, 0.0, 0.0, 0.0, 0.0]","[0.8716147602062697, 0.0024239158677868077, 0.0, 0.0, 0.0, 0.020155885919280705, 0.007035991194050431, 0.0009209610431333749, 0.007220318215034985, 0.0019027050907927403, 0.0, 0.00044211603072279745, 0.0030756234483808884, 0.0, 0.007038816231564025, 0.004324559949814268, 0.00717524732542242, 0.0, 0.004310115928773892, 0.0, 0.0055965727397763515, 0.0049732715966633425, 0.005257754953943016, 0.007983045280488998, 0.0, 0.024054725420431675, 0.0, 0.012753692325530601, 0.0, 0.0017399212321389322]","[0.10776439309120178, 0.0, 0.0, 0.0, 0.0, 0.0, 0.11347106844186783, 0.0, 0.11347106844186783, 0.1009722352027893, 0.0, 0.0977601483464241, 0.0, 0.0, 0.0, 0.0, 0.0, 0.0, 0.11347106844186783, 0.0, 0.06612735986709595, 0.11347106844186783, 0.0, 0.0600205697119236, 0.0, 0.0, 0.0, 0.11347106844186783, 0.0, 0.0]",-0.004713586970959938
15,1.011224774249623,"[0.9889435734611006, 0.9979694228665924, 1.0036686298562336, 0.9972408570836773, 1.0156322182507542, 0.9977846259279264, 0.9981550603363819, 0.9977632318401385, 0.9963802364348099, 0.9991236349095582, 0.9935876083415015, 0.9913871488199753, 1.0153458591695594, 0.9820958665799397, 1.0103505561372683, 0.9982179769696325, 0.9967630236018071, 0.9859724060772262, 0.9972185117051451, 0.9900746916229329, 1.0122354965183293, 0.9911343818118425, 0.9758086300214832, 0.9990939645408043, 1.0136362195784507, 1.0146758116361154, 1.0113286630409621, 0.9920392927406534, 1.009978473861523, 1.0079886583786852]","[1.0088160564695905, 0.9806441645156775, 1.0026696016800678, 1.0075726661119144, 1.0086404648603506, 1.001724874096286, 1.0040008694375853, 1.0109725731453352, 1.0036192320787614, 0.9748349733028909, 1.025009663406927, 0.9890156560893427, 1.0022747527710059, 1.0228824839694617, 1.0117723189431866, 1.0030364727580914, 0.9985454464099779, 1.0300170898964884, 1.0002722294391455, 0.9911576024192573, 1.0006129482256425, 1.0080579675323464, 0.9926593268263354, 0.9747392344671391, 1.0087697440120833, 1.012065813790414, 0.9863758129807045, 1.0105191447279116, 1.0200977000963558, 1.006089126133397]","[0.008816056469590494, -0.019355835484322514, 0.0026696016800678013, 0.007572666111914428, 0.008640464860350638, 0.0017248740962860776, 0.004000869437585264, 0.010972573145335174, 0.0036192320787613586, -0.025165026697109072, 0.025009663406927007, -0.01098434391065728, 0.0022747527710058613, 0.022882483969461687, 0.011772318943186644, 0.0030364727580913797, -0.0014545535900221118, 0.030017089896488436, 0.00027222943914551045, -0.008842397580742678, 0.0006129482256425067, 0.008057967532346444, -0.0073406731736646025, -0.02526076553286094, 0.008769744012083303, 0.012065813790413937, -0.013624187019295464, 0.0105191447279116, 0.02009770009635581, 0.006089126133397071]","[0.0, 0.0, 0.0, 0.0, 0.10122665017843246, 0.0, 0.10122665017843246, 0.0, 0.0, 0.10122665017843246, 0.0, 0.0, 0.0, 0.0, 0.10122665017843246, 0.0, 0.0, 0.09561119973659515, 0.0, 0.10122665017843246, 0.10122665017843246, 0.09457561373710632, 0.0, 0.0, 0.0, 0.0, 0.0, 0.10122665017843246, 0.0, 0.10122665017843246]","[-1.1086035950926533e-22, 1.0, 0.0, 0.0, -1.108291090680019e-22, 0.0, -1.1078084822798692e-22, -1.1091399641786046e-22, 0.0, -1.1077478223275241e-22, -1.110026915315158e-22, -1.664578143684738e-22, 0.0, -2.217909211987856e-22, 0.0, 0.0, 0.0, 0.0, 0.0, 0.0, 0.0, 0.0, 0.0, 0.0, 0.0, -1.1093491162262605e-22, 0.0, 0.0, 0.0, 0.0]","[0.0, 0.9009964534100379, 0.0, 0.015971568148377146, 0.0, 0.0030623845521053493, 0.007707778083241113, 0.0, 0.0035817886492438542, 0.0016835995849422325, 0.0, 0.0, 0.0, 0.011003589895751018, 0.005089012027362599, 0.0, 0.0, 0.0, 0.0006961417133551173, 0.014584038706532526, 0.01047878762988455, 0.0, 0.0034800824158376415, 0.0, 0.007194981259759832, 0.0, 0.0, 0.004058656938465037, 0.010411136985103799, 0.0]","[0.0, 0.0, 0.0, 0.0, 0.10122665017843246, 0.0, 0.10122665017843246, 0.0, 0.0, 0.10122665017843246, 0.0, 0.0, 0.0, 0.0, 0.10122665017843246, 0.0, 0.0, 0.09561119973659515, 0.0, 0.10122665017843246, 0.10122665017843246, 0.09457561373710632, 0.0, 0.0, 0.0, 0.0, 0.0, 0.10122665017843246, 0.0, 0.10122665017843246]",0.003846654228882642
16,1.0150138894445133,"[1.0088160564695905, 0.9806441645156775, 1.0026696016800678, 1.0075726661119144, 1.0086404648603506, 1.001724874096286, 1.0040008694375853, 1.0109725731453352, 1.0036192320787614, 0.9748349733028909, 1.025009663406927, 0.9890156560893427, 1.0022747527710059, 1.0228824839694617, 1.0117723189431866, 1.0030364727580914, 0.9985454464099779, 1.0300170898964884, 1.0002722294391455, 0.9911576024192573, 1.0006129482256425, 1.0080579675323464, 0.9926593268263354, 0.9747392344671391, 1.0087697440120833, 1.012065813790414, 0.9863758129807045, 1.0105191447279116, 1.0200977000963558, 1.006089126133397]","[1.0300838868834452, 1.0195042730618822, 1.0054180115097393, 0.9991036162753191, 1.0109577795796028, 0.9972848344842046, 1.0027075966287116, 0.9826354995068446, 1.002547063854111, 1.0011870473151576, 0.9996145188405018, 0.9979668015695339, 1.010752604395354, 1.0050372474120586, 1.0019096176753983, 0.9859613944516372, 0.9861357986147831, 1.0107657705292972, 1.0202117025076471, 0.9850300654355176, 0.9964596917249251, 1.0033219991421012, 1.0048145256468946, 0.9986767311855763, 1.0052058040530212, 1.015071723256887, 0.9952749140037624, 0.9956397417198284, 0.9962374944499421, 1.0114581315843698]","[0.03008388688344521, 0.019504273061882182, 0.005418011509739307, -0.000896383724680927, 0.010957779579602756, -0.0027151655157954258, 0.0027075966287115616, -0.01736450049315541, 0.0025470638541109647, 0.0011870473151576189, -0.00038548115949821327, -0.002033198430466121, 0.010752604395354082, 0.005037247412058576, 0.001909617675398323, -0.014038605548362781, -0.013864201385216934, 0.01076577052929717, 0.020211702507647145, -0.014969934564482368, -0.0035403082750748993, 0.003321999142101184, 0.004814525646894552, -0.0013232688144236837, 0.005205804053021179, 0.015071723256887104, -0.004725085996237555, -0.004360258280171614, -0.0037625055500578597, 0.011458131584369813]","[0.0, 0.0, 0.0, 0.0, 0.0, 0.12025627493858337, 0.0, 0.0, 0.0, 0.10466531664133072, 0.0, 0.11254343390464783, 0.0, 0.12085163593292236, 0.0, 0.0, 0.0, 0.12085163593292236, 0.031472425907850266, 0.0, 0.0, 0.0, 0.1080658882856369, 0.0, 0.10676299035549164, 0.0, 0.0, 0.0912638008594513, 0.0, 0.08326668292284012]","[0.0, 1.0, 1.6659478799755877e-22, 0.0, 3.3314306650643084e-22, 1.1109583864948249e-22, 1.1110813551188068e-22, 0.0, 0.0, 1.1109080688787258e-22, 0.0, 0.0, 0.0, 1.1112105400283517e-22, 0.0, 0.0, 0.0, 0.0, 0.0, 3.3315991207023103e-22, 0.0, 0.0, 0.0, 0.0, 0.0, 0.0, 0.0, 3.331598384596478e-22, 0.0, 2.2212313487589165e-22]","[0.00038067499053549803, 0.8772476290020554, 0.0032967501989605782, 0.01630733609275598, 0.004285046690018833, 0.0, 0.001618776877529198, 0.0, 0.01800385247690696, 0.0, 0.017124031830119887, 0.0, 0.0016782056060712842, 0.0, 0.0068428689139264694, 0.005327274335948301, 0.0, 0.00020846247840635516, 0.0012806358750847915, 0.0008586757325881372, 0.0, 0.01292417284261934, 0.0, 0.0, 2.3750698843586124e-05, 0.008045815842141434, 0.0, 0.011986567263570365, 0.012559472251917926, 0.0]","[0.0, 0.0, 0.0, 0.0, 0.0, 0.12025626003742218, 0.0, 0.0, 0.0, 0.10466530174016953, 0.0, 0.11254341900348663, 0.0, 0.12085162103176117, 0.0, 0.0, 0.0, 0.12085162103176117, 0.03147242218255997, 0.0, 0.0, 0.0, 0.10806587338447571, 0.0, 0.10676297545433044, 0.0, 0.0, 0.0912637934088707, 0.0, 0.08326667547225952]",0.0033765633268095906
17,1.0176618577708276,"[1.0300838868834452, 1.0195042730618822, 1.0054180115097393, 0.9991036162753191, 1.0109577795796028, 0.9972848344842046, 1.0027075966287116, 0.9826354995068446, 1.002547063854111, 1.0011870473151576, 0.9996145188405018, 0.9979668015695339, 1.010752604395354, 1.0050372474120586, 1.0019096176753983, 0.9859613944516372, 0.9861357986147831, 1.0107657705292972, 1.0202117025076471, 0.9850300654355176, 0.9964596917249251, 1.0033219991421012, 1.0048145256468946, 0.9986767311855763, 1.0052058040530212, 1.015071723256887, 0.9952749140037624, 0.9956397417198284, 0.9962374944499421, 1.0114581315843698]","[1.0161593709289851, 1.0124495447733453, 1.0141515007991808, 0.999867996536055, 1.0096927463741643, 0.9893497950863708, 1.0317334367898585, 1.018654449333046, 0.9920700382678366, 1.0029182327414938, 0.9955560077259842, 1.0094497388298689, 0.9936967405507877, 1.0077673510317045, 0.9955165510140568, 1.00788590360897, 0.9958431845933493, 1.0003490611601427, 1.0055512589736961, 0.9939112993904198, 0.9940057410029041, 0.9999160136233889, 1.0002868748041487, 1.0103849291945566, 1.0083971605443214, 1.0009759993908245, 0.995233288456471, 0.9863234756262066, 0.9908799640738599, 1.0217072281027133]","[0.016159370928985117, 0.012449544773345256, 0.014151500799180816, -0.0001320034639450407, 0.009692746374164285, -0.010650204913629224, 0.031733436789858516, 0.018654449333046053, -0.007929961732163426, 0.0029182327414938314, -0.004443992274015818, 0.009449738829868881, -0.006303259449212284, 0.00776735103170445, -0.004483448985943217, 0.007885903608970013, -0.0041568154066506935, 0.00034906116014266075, 0.005551258973696127, -0.006088700609580222, -0.005994258997095936, -8.398637661111152e-05, 0.0002868748041486846, 0.01038492919455658, 0.00839716054432138, 0.0009759993908244891, -0.004766711543529034, -0.013676524373793408, -0.00912003592614008, 0.021707228102713305]","[0.1016005426645279, 0.0, 0.1016005426645279, 0.0, 0.0, 0.0, 0.0, 0.0, 0.0, 0.0, 0.0, 0.1016005426645279, 0.0, 0.0, 0.0, 0.1016005426645279, 0.0, 0.08559498935937881, 0.1016005426645279, 0.0, 0.1016005426645279, 0.0, 0.0, 0.0, 0.0, 0.1016005426645279, 0.0, 0.1016005426645279, 0.1016005426645279, 0.0]","[0.0, 0.0, 0.0, 0.0, 1.1322285991288466e-22, 1.125039556611248e-22, 0.0, 0.0, 0.0, 0.0, 1.0, 0.0, 1.8053154477467793e-24, 1.1284186024859385e-22, 0.0, 0.0, 1.126492631804281e-22, 1.1216057805530296e-22, 0.0, 0.0, 0.0, 0.0, 0.0, 5.737236037849738e-23, 0.0, 2.2352813434621437e-22, 0.0, 1.1322839403714274e-22, 0.0, 0.0]","[0.0, 0.023649941257760675, 0.0, 0.0, 0.0, 0.004975866698610268, 0.017785907384737374, 0.0, 0.0, 0.0, 0.8914124058786037, 0.006261890150519936, 0.0033762994299794996, 0.0, 0.017713962341862587, 0.0058503357993399474, 0.0, 0.0, 0.005527296369264984, 0.0, 0.006195443391853396, 0.0, 0.0018808149762649686, 0.003360486647735289, 0.007984753709437579, 0.0, 0.0, 0.0, 0.004024595964029647, 0.0]","[0.10160055756568909, 0.0, 0.10160055756568909, 0.0, 0.0, 0.0, 0.0, 0.0, 0.0, 0.0, 0.0, 0.10160055756568909, 0.0, 0.0, 0.0, 0.10160055756568909, 0.0, 0.08559499680995941, 0.10160055756568909, 0.0, 0.10160055756568909, 0.0, 0.0, 0.0, 0.0, 0.10160055756568909, 0.0, 0.10160055756568909, 0.10160055756568909, 0.0]",0.0022672643550183764
18,1.0161218695258125,"[1.0161593709289851, 1.0124495447733453, 1.0141515007991808, 0.999867996536055, 1.0096927463741643, 0.9893497950863708, 1.0317334367898585, 1.018654449333046, 0.9920700382678366, 1.0029182327414938, 0.9955560077259842, 1.0094497388298689, 0.9936967405507877, 1.0077673510317045, 0.9955165510140568, 1.00788590360897, 0.9958431845933493, 1.0003490611601427, 1.0055512589736961, 0.9939112993904198, 0.9940057410029041, 0.9999160136233889, 1.0002868748041487, 1.0103849291945566, 1.0083971605443214, 1.0009759993908245, 0.995233288456471, 0.9863234756262066, 0.9908799640738599, 1.0217072281027133]","[1.0086119262995394, 1.0194744765520862, 1.007293208127843, 0.998243586144354, 0.9912399886952383, 1.0016467715368866, 1.0083745564068398, 1.016254978579573, 0.9733325123771726, 1.0079408766268454, 0.9933141960546524, 1.00581744257603, 1.0102257367579073, 1.0274054670572037, 1.0038542405867417, 0.984088958146649, 1.0012216095924638, 0.9948229287501918, 1.0216115244652804, 1.001802377090078, 0.9934885254315563, 1.0006268351249128, 0.9821815097902394, 0.982677119427938, 1.0110336666158055, 1.0039367267196524, 0.9942519946619555, 0.9924186168736472, 1.0060260638726009, 0.9813992264176988]","[0.00861192629953944, 0.01947447655208623, 0.007293208127842954, -0.0017564138556459552, -0.008760011304761672, 0.0016467715368866376, 0.008374556406839817, 0.01625497857957292, -0.026667487622827446, 0.007940876626845395, -0.006685803945347568, 0.0058174425760300075, 0.010225736757907278, 0.027405467057203703, 0.003854240586741664, -0.015911041853351016, 0.0012216095924637571, -0.005177071249808152, 0.021611524465280363, 0.0018023770900779112, -0.006511474568443698, 0.0006268351249127946, -0.017818490209760562, -0.017322880572061994, 0.011033666615805515, 0.003936726719652395, -0.005748005338044537, -0.007581383126352814, 0.006026063872600851, -0.018600773582301167]","[0.0, 0.0, 0.08316773921251297, 0.0419548861682415, 0.0, 0.11934009939432144, 0.008671462535858154, 0.16701391339302063, 0.0, 0.0, 0.0, 0.0, 0.0, 0.0, 0.0, 0.0, 0.0, 0.0, 0.0, 0.0, 0.03499886021018028, 0.0, 0.0, 0.0642932802438736, 0.0, 0.15586362779140472, 0.0, 0.15768222510814667, 0.0, 0.16701391339302063]","[1.1106771797071965e-22, 0.0, 5.30337165810091e-26, 4.2207096776404385e-26, 0.0, 0.0, 0.0, 1.0, 0.0, 4.3758305464859997e-26, 0.0, 4.3338896471242766e-26, 2.7793724338157847e-23, 4.648607862303737e-26, 4.820815889764693e-26, 0.0, 0.0, 0.0, 0.0, 0.0, 0.0, 0.0, 0.0, 0.0, 1.1106346360071697e-22, 0.0, 0.0, 0.0, 0.0, 0.0]","[0.0, 0.0, 0.002901231185308164, 0.0, 0.0, 0.0, 0.0, 0.859378089625872, 0.019823900725751003, 0.015584104136070311, 0.013272187859455447, 0.011578752125169603, 0.009687689269082462, 0.0, 0.004777132730553555, 0.0, 0.0, 0.0, 0.0, 0.0, 0.0, 0.012146097804434318, 0.021296542433409504, 0.0, 0.016625201395819852, 0.0, 0.0, 0.0, 0.00900855391848898, 0.0039205167905848005]","[0.0, 0.0, 0.08316773921251297, 0.0419548861682415, 0.0, 0.11934009939432144, 0.008671462535858154, 0.16701391339302063, 0.0, 0.0, 0.0, 0.0, 0.0, 0.0, 0.0, 0.0, 0.0, 0.0, 0.0, 0.0, 0.03499886021018028, 0.0, 0.0, 0.0642932802438736, 0.0, 0.15586362779140472, 0.0, 0.15768222510814667, 0.0, 0.16701391339302063]",-0.0020053189956308073
19,1.0128765967658981,"[1.0086119262995394, 1.0194744765520862, 1.007293208127843, 0.998243586144354, 0.9912399886952383, 1.0016467715368866, 1.0083745564068398, 1.016254978579573, 0.9733325123771726, 1.0079408766268454, 0.9933141960546524, 1.00581744257603, 1.0102257367579073, 1.0274054670572037, 1.0038542405867417, 0.984088958146649, 1.0012216095924638, 0.9948229287501918, 1.0216115244652804, 1.001802377090078, 0.9934885254315563, 1.0006268351249128, 0.9821815097902394, 0.982677119427938, 1.0110336666158055, 1.0039367267196524, 0.9942519946619555, 0.9924186168736472, 1.0060260638726009, 0.9813992264176988]","[0.9745312372582494, 0.9926679832285721, 1.0148921374526674, 0.9775053823727512, 1.0063832404071684, 1.0006100556387414, 0.9826860606367153, 1.022804057359352, 1.008478201761479, 1.012064596103005, 1.00021603745007, 1.0032044132497089, 0.9952706035747432, 0.9892530998174881, 1.0114535178044408, 0.9953120342164716, 0.9878084745556721, 1.016615406565339, 0.9765275082646447, 1.0242495138074885, 0.9873282205806926, 1.0072658476128602, 0.9802087892615227, 0.9949903831925895, 0.9899642351391985, 1.0005222845912867, 1.0002052694898704, 0.9956817070182178, 0.9919608662291608, 1.0002141427270128]","[-0.025468762741750584, -0.007332016771427918, 0.014892137452667376, -0.022494617627248803, 0.006383240407168422, 0.0006100556387413913, -0.017313939363284736, 0.02280405735935198, 0.008478201761479065, 0.012064596103005032, 0.00021603745006992803, 0.0032044132497088818, -0.004729396425256827, -0.010746900182511898, 0.011453517804440816, -0.0046879657835283695, -0.012191525444327889, 0.016615406565338997, -0.02347249173535526, 0.02424951380748852, -0.012671779419307416, 0.007265847612860199, -0.01979121073847734, -0.005009616807410522, -0.010035764860801488, 0.0005222845912866703, 0.00020526948987042992, -0.0043182929817822124, -0.008039133770839202, 0.00021414272701281156]","[0.17283697426319122, 0.0, 0.0, 0.17283697426319122, 0.03540918976068497, 0.0, 0.0, 0.0, 0.14643743634223938, 0.0, 0.0, 0.0, 0.12680552899837494, 0.0, 0.0, 0.0, 0.0, 0.0, 0.0, 0.17283697426319122, 0.0, 0.0, 0.0, 0.0, 0.0, 0.0, 0.0, 0.0, 0.0, 0.17283697426319122]","[0.0, 0.0, 2.2244095391223723e-22, 0.0, 0.0, 1.1135839665437756e-22, 3.3339558570780206e-22, 1.0, 0.0, 0.0, 0.0, 1.1135380208194652e-22, 2.223293709423522e-22, 1.113580904839017e-22, 0.0, 0.0, 0.0, 0.0, 2.22312652828892e-22, 0.0, 0.0, 2.2238125206227647e-22, 0.0, 0.0, 0.0, 0.0, 2.223188648126978e-22, 0.0, 0.0, 0.0]","[0.0, 0.0, 0.0028659335238258483, 0.0, 0.007129290080211178, 0.002057247798272932, 0.0, 0.8521281015723515, 0.012391123029575823, 0.0, 0.007032942592267867, 0.01632434209441002, 0.005958042558392179, 0.007248575877244554, 0.0050484973103021805, 0.00710995825639594, 0.0, 0.012642451249413047, 0.009295486465995696, 0.0, 0.0, 0.011989298851210625, 0.0006869070167705316, 0.005201801363038306, 0.012615574001074317, 0.00660005128658612, 0.012075201579501805, 0.0, 0.0, 0.003599173493159377]","[0.17283695936203003, 0.0, 0.0, 0.17283695936203003, 0.03540918603539467, 0.0, 0.0, 0.0, 0.14643742144107819, 0.0, 0.0, 0.0, 0.12680551409721375, 0.0, 0.0, 0.0, 0.0, 0.0, 0.0, 0.17283695936203003, 0.0, 0.0, 0.0, 0.0, 0.0, 0.0, 0.0, 0.0, 0.0, 0.17283695936203003]",-0.003777276103207919
20,1.0123237949411712,"[0.9745312372582494, 0.9926679832285721, 1.0148921374526674, 0.9775053823727512, 1.0063832404071684, 1.0006100556387414, 0.9826860606367153, 1.022804057359352, 1.008478201761479, 1.012064596103005, 1.00021603745007, 1.0032044132497089, 0.9952706035747432, 0.9892530998174881, 1.0114535178044408, 0.9953120342164716, 0.9878084745556721, 1.016615406565339, 0.9765275082646447, 1.0242495138074885, 0.9873282205806926, 1.0072658476128602, 0.9802087892615227, 0.9949903831925895, 0.9899642351391985, 1.0005222845912867, 1.0002052694898704, 0.9956817070182178, 0.9919608662291608, 1.0002141427270128]","[1.0099209200771453, 1.0281315228811452, 0.9896212391016722, 0.9982553316499901, 0.9929863569010318, 0.9953841368393316, 1.004991155874518, 0.9951489569795181, 1.0149451334413238, 1.0125480297799447, 0.9924204655466468, 0.9954605074306806, 0.9936091081007694, 1.0006515017257847, 0.9869075353933908, 1.0144927989057242, 1.0173603442523327, 0.9928009617465293, 0.995833878871641, 0.992900055505447, 0.9994711721015039, 1.0088250676950081, 0.9974861668933069, 0.9960710858514871, 1.0094031079427945, 1.0175028163866127, 1.005114459978826, 0.985241034811901, 0.9963906842166758, 0.9914629359950936]","[0.00992092007714529, 0.028131522881145177, -0.010378760898327788, -0.0017446683500098592, -0.007013643098968236, -0.004615863160668421, 0.004991155874517927, -0.004851043020481893, 0.014945133441323755, 0.012548029779944736, -0.007579534453353243, -0.004539492569319403, -0.0063908918992305885, 0.0006515017257846534, -0.013092464606609178, 0.014492798905724191, 0.017360344252332682, -0.00719903825347068, -0.004166121128359013, -0.007099944494552979, -0.0005288278984960648, 0.008825067695008126, -0.002513833106693064, -0.00392891414851293, 0.00940310794279453, 0.017502816386612663, 0.00511445997882598, -0.014758965188099049, -0.0036093157833242406, -0.008537064004906392]","[0.0, 0.0, 0.0, 0.10020703077316284, 0.10020703077316284, 0.0, 0.10020703077316284, 0.10020703077316284, 0.0, 0.09813673049211502, 0.10020703077316284, 0.0, 0.0, 0.0, 0.0, 0.0, 0.0, 0.0, 0.0, 0.0, 0.10020703077316284, 0.0, 0.10020703077316284, 0.0, 0.0, 0.0, 0.10020703077316284, 0.0, 0.10020703077316284, 0.0]","[-1.108310711622884e-22, -1.108451752218203e-22, 0.0, 1.9519886393514102e-25, 0.0, 1.0, -1.1084309658874247e-22, 0.0, 0.0, 0.0, 0.0, -1.1083132520631476e-22, -5.536974791867471e-23, 0.0, 0.0, 1.205328248848625e-25, 0.0, 0.0, 0.0, 0.0, 0.0, 0.0, 0.0, 0.0, 1.542145601100995e-25, 0.0, 1.7905521685875772e-25, 0.0, 0.0, 0.0]","[0.008052697615026421, 0.0, 0.0030041967634502837, 0.0, 0.0, 0.8737136293697594, 0.0, 0.01797155314441902, 0.0, 0.0, 0.0, 0.0, 0.0, 0.0, 0.00942709526715406, 0.009133493829588484, 0.0, 0.005024969119616571, 0.0, 0.009240174170514042, 0.0, 0.003688990538655579, 0.024491479421877342, 0.0, 0.0, 0.019423184568260445, 0.0, 0.0074096940933445245, 0.009418842098333937, 0.0]","[0.0, 0.0, 0.0, 0.10020703077316284, 0.10020703077316284, 0.0, 0.10020703077316284, 0.10020703077316284, 0.0, 0.09813673049211502, 0.10020703077316284, 0.0, 0.0, 0.0, 0.0, 0.0, 0.0, 0.0, 0.0, 0.0, 0.10020703077316284, 0.0, 0.10020703077316284, 0.0, 0.0, 0.0, 0.10020703077316284, 0.0, 0.10020703077316284, 0.0]",-0.0009832140738450135
21,1.0145395352796136,"[1.0099209200771453, 1.0281315228811452, 0.9896212391016722, 0.9982553316499901, 0.9929863569010318, 0.9953841368393316, 1.004991155874518, 0.9951489569795181, 1.0149451334413238, 1.0125480297799447, 0.9924204655466468, 0.9954605074306806, 0.9936091081007694, 1.0006515017257847, 0.9869075353933908, 1.0144927989057242, 1.0173603442523327, 0.9928009617465293, 0.995833878871641, 0.992900055505447, 0.9994711721015039, 1.0088250676950081, 0.9974861668933069, 0.9960710858514871, 1.0094031079427945, 1.0175028163866127, 1.005114459978826, 0.985241034811901, 0.9963906842166758, 0.9914629359950936]","[0.9991578418592649, 1.012983317450136, 0.9980294091303419, 1.0105281414842266, 1.0047112076488962, 1.0098554521017877, 0.9897495889983488, 1.0136751095841627, 1.0282710371007504, 1.0078564290945897, 1.0055084125280487, 0.9753210152926841, 0.998358386983876, 0.9813394582397738, 1.0349788886620153, 1.0061048566149642, 1.0021154658649942, 1.0190569993058325, 1.0061783745911106, 1.0041881769867131, 1.0062143712625404, 0.9911868034584596, 0.9898377177850083, 0.9993279137161863, 0.9974980294699375, 1.0090119802511583, 0.9985235279152256, 1.006011015536158, 0.984572062636013, 1.0164318859554988]","[-0.000842158140735072, 0.012983317450135923, -0.0019705908696581176, 0.01052814148422665, 0.00471120764889621, 0.009855452101787732, -0.01025041100165125, 0.013675109584162737, 0.028271037100750407, 0.007856429094589723, 0.005508412528048678, -0.024678984707315887, -0.0016416130161239773, -0.018660541760226246, 0.03497888866201526, 0.0061048566149641825, 0.002115465864994226, 0.01905699930583249, 0.006178374591110591, 0.0041881769867131435, 0.00621437126254043, -0.008813196541540447, -0.010162282214991714, -0.0006720862838136554, -0.002501970530062514, 0.009011980251158347, -0.0014764720847744162, 0.006011015536157904, -0.015427937363986954, 0.016431885955498826]","[0.0, 0.0, 0.0, 0.0, 0.0, 0.0, 0.0, 0.0, 0.10540636628866196, 0.0, 0.0, 0.10540636628866196, 0.0, 0.0, 0.0, 0.10540636628866196, 0.0, 0.10540636628866196, 0.08615054935216904, 0.0, 0.0, 0.09318683296442032, 0.10540636628866196, 0.0, 0.10540636628866196, 0.1010374054312706, 0.08718708157539368, 0.0, 0.0, 0.0]","[0.0, 0.0, 0.0, 1.1104339888661481e-22, 0.0, 5.553049858273352e-23, 0.0, 0.0, 0.0, 1.0, 0.0, 0.0, 0.0, 5.553074904607092e-23, 0.0, 0.0, 2.22066939654403e-22, 2.892136641863246e-26, 1.1104661256419424e-22, 0.0, 0.0, 1.1104050894399234e-22, 0.0, 0.0, 2.2206592829774464e-22, 0.0, 0.0, 5.553247520315404e-23, 0.0, 0.0]","[0.0075660511727895135, 0.0, 0.0, 0.003926962568184294, 0.00632917493319148, 0.0, 0.0, 0.0, 0.009707525998425216, 0.8493090945760036, 0.0, 0.012292846482096935, 0.021479610743721227, 0.012695991088292247, 0.001926581744127529, 0.0, 0.0014927983775990473, 0.010400595599743288, 0.017630048599466777, 0.005081025750990426, 0.0, 0.011636510489839607, 0.0019682620277039183, 0.0, 0.013452498367874998, 0.0, 0.0, 0.0, 0.0, 0.013104421479949937]","[0.0, 0.0, 0.0, 0.0, 0.0, 0.0, 0.0, 0.0, 0.10540636628866196, 0.0, 0.0, 0.10540636628866196, 0.0, 0.0, 0.0, 0.10540636628866196, 0.0, 0.10540636628866196, 0.08615054935216904, 0.0, 0.0, 0.09318683296442032, 0.10540636628866196, 0.0, 0.10540636628866196, 0.1010374054312706, 0.08718708157539368, 0.0, 0.0, 0.0]",0.001850079890187957
22,1.0124771698136805,"[0.9991578418592649, 1.012983317450136, 0.9980294091303419, 1.0105281414842266, 1.0047112076488962, 1.0098554521017877, 0.9897495889983488, 1.0136751095841627, 1.0282710371007504, 1.0078564290945897, 1.0055084125280487, 0.9753210152926841, 0.998358386983876, 0.9813394582397738, 1.0349788886620153, 1.0061048566149642, 1.0021154658649942, 1.0190569993058325, 1.0061783745911106, 1.0041881769867131, 1.0062143712625404, 0.9911868034584596, 0.9898377177850083, 0.9993279137161863, 0.9974980294699375, 1.0090119802511583, 0.9985235279152256, 1.006011015536158, 0.984572062636013, 1.0164318859554988]","[0.9840559242709125, 0.9774724367175248, 0.9992139045588053, 0.9988231623913753, 1.0040923641449058, 1.0014145910357901, 0.9843506562668514, 0.992800814435086, 1.0011442973646743, 0.9940661705799716, 0.983206077465783, 1.0019231520656617, 1.010604329308256, 0.9998264529532577, 1.012816006148567, 0.9939803568794847, 0.9938449610319711, 1.0077316326547934, 0.9969731981294548, 0.9832941684351749, 1.0101630198431673, 0.9845382324978158, 1.0058112304071838, 1.0028328799139725, 1.006431356052611, 1.0068451508503815, 1.0144787562747644, 1.0131035803538735, 0.9848384952073256, 1.0049826376934177]","[-0.015944075729087515, -0.022527563282475183, -0.0007860954411946786, -0.0011768376086247478, 0.004092364144905769, 0.0014145910357901137, -0.015649343733148635, -0.007199185564913946, 0.0011442973646742516, -0.0059338294200284025, -0.016793922534216965, 0.0019231520656617374, 0.010604329308256055, -0.00017354704674232835, 0.012816006148566927, -0.006019643120515283, -0.006155038968028936, 0.0077316326547933745, -0.0030268018705451594, -0.01670583156482508, 0.010163019843167254, -0.015461767502184198, 0.005811230407183787, 0.002832879913972519, 0.006431356052611026, 0.0068451508503815095, 0.01447875627476436, 0.01310358035387349, -0.015161504792674418, 0.004982637693417669]","[0.0, 0.0, 0.0, 0.0, 0.0, 0.0, 0.0, 0.10895194858312607, 0.10895194858312607, 0.10895194858312607, 0.07124517858028412, 0.0, 0.0, 0.0, 0.0, 0.0, 0.10895194858312607, 0.10895194858312607, 0.0, 0.10895194858312607, 0.0, 0.0, 0.10895194858312607, 0.07897277921438217, 0.0, 0.0, 0.08711835741996765, 0.0, 0.0, 0.0]","[1.110512971653761e-22, 0.0, 0.0, 0.0, 0.0, -1.1096761574964852e-22, 1.0, 0.0, 0.0, 1.1105900713441112e-22, 1.1109030193061156e-22, 4.934909212265357e-26, 4.8743887896929325e-26, 0.0, 1.1107445572415578e-22, 0.0, 0.0, -5.54513411795268e-23, 0.0, 0.0, 0.0, 0.0, 0.0, 0.0, 0.0, 0.0, 0.0, 1.1106056385279996e-22, 0.0, 0.0]","[0.0019791311132343592, 0.0, 0.0, 0.0, 0.004323676686839766, 0.013806642007641357, 0.8993219356604188, 0.008001647504309796, 0.0031225664874931307, 0.0, 0.013072297407475043, 0.0, 0.0030361956436225006, 0.0, 0.0, 0.011861965143604701, 0.0006675332374080868, 0.0, 0.0017075983865575562, 0.0029943018125768482, 0.006920950721782435, 0.003958871024905282, 0.0, 0.0, 0.006905130700328156, 0.005426741007710173, 0.0010022895650097909, 0.0, 0.010087560989084945, 0.0018029648999973696]","[0.0, 0.0, 0.0, 0.0, 0.0, 0.0, 0.0, 0.10895194858312607, 0.10895194858312607, 0.10895194858312607, 0.07124517858028412, 0.0, 0.0, 0.0, 0.0, 0.0, 0.10895194858312607, 0.10895194858312607, 0.0, 0.10895194858312607, 0.0, 0.0, 0.10895194858312607, 0.07897277921438217, 0.0, 0.0, 0.08711835741996765, 0.0, 0.0, 0.0]",-0.0024747757265898857
23,1.0125859989115529,"[0.9840559242709125, 0.9774724367175248, 0.9992139045588053, 0.9988231623913753, 1.0040923641449058, 1.0014145910357901, 0.9843506562668514, 0.992800814435086, 1.0011442973646743, 0.9940661705799716, 0.983206077465783, 1.0019231520656617, 1.010604329308256, 0.9998264529532577, 1.012816006148567, 0.9939803568794847, 0.9938449610319711, 1.0077316326547934, 0.9969731981294548, 0.9832941684351749, 1.0101630198431673, 0.9845382324978158, 1.0058112304071838, 1.0028328799139725, 1.006431356052611, 1.0068451508503815, 1.0144787562747644, 1.0131035803538735, 0.9848384952073256, 1.0049826376934177]","[1.013501206850764, 1.0060704870907795, 0.9980627362903225, 1.0060423714494584, 0.9971504952786984, 0.9838990361395699, 1.0266268136608598, 0.9915719093224958, 0.9978184059370775, 1.0036939152040567, 1.0039865257321614, 0.9937559025796289, 0.9953969257258086, 1.0028865690934268, 0.9747708639580975, 0.9896406378773721, 1.0067582671840634, 1.006073098382335, 1.0107725773201066, 0.9792779777967754, 1.0137666808597925, 0.9769550735320494, 1.0047005333670096, 0.9863282585525995, 1.0103086323508297, 0.9940967950410967, 1.010893372755449, 0.9665319666961103, 0.9966825644459709, 0.9917662575070378]","[0.013501206850764058, 0.006070487090779508, -0.0019372637096775058, 0.006042371449458406, -0.0028495047213016322, -0.01610096386043014, 0.026626813660859838, -0.008428090677504163, -0.0021815940629225095, 0.003693915204056708, 0.003986525732161406, -0.006244097420371131, -0.004603074274191377, 0.002886569093426772, -0.025229136041902467, -0.010359362122627891, 0.00675826718406336, 0.0060730983823349405, 0.010772577320106613, -0.02072202220322461, 0.01376668085979249, -0.023044926467950644, 0.004700533367009596, -0.013671741447400465, 0.010308632350829683, -0.005903204958903285, 0.010893372755448993, -0.0334680333038897, -0.00331743555402908, -0.00823374249296216]","[0.11330659687519073, 0.0, 0.08063922077417374, 0.11330659687519073, 0.0, 0.0, 0.0, 0.0, 0.0, 0.0, 0.0, 0.0, 0.09573782235383987, 0.11330659687519073, 0.0, 0.11330659687519073, 0.0736628994345665, 0.0, 0.0, 0.0, 0.0, 0.0, 0.0, 0.11330659687519073, 0.0, 0.0, 0.07012046128511429, 0.0, 0.11330659687519073, 0.0]","[3.6124903583600026e-22, 0.0, 3.889259120969911e-22, 0.0, 0.0, 3.3359528793212607e-22, 0.0, 0.0, 0.0, 3.335821568462391e-22, 3.8902271176729e-22, 1.0, 0.0, 0.0, 3.3353735946305066e-22, 0.0, 3.3356038101271486e-22, 3.3353102546156807e-22, 0.0, 0.0, 0.0, 0.0, 0.0, 0.0, 0.0, 0.0, 0.0, 0.0, 0.0, 4.445841093506722e-22]","[0.0030862004934164196, 0.0, 0.0033503634820168555, 0.009587447273655398, 0.003269309639992206, 0.002617585379480847, 0.0074037617924903685, 0.006548951825063749, 0.0, 0.0, 0.0, 0.9303120532581979, 0.0028967641664632096, 0.002077235523905342, 0.0, 0.0, 0.0, 0.010564542413269208, 0.0, 0.007084171316646244, 0.008678323220655898, 0.0, 0.0, 0.0, 0.0, 0.0, 0.0, 0.0, 0.0025232902147461146, 0.0]","[0.11330660432577133, 0.0, 0.08063922822475433, 0.11330660432577133, 0.0, 0.0, 0.0, 0.0, 0.0, 0.0, 0.0, 0.0, 0.09573782980442047, 0.11330660432577133, 0.0, 0.11330660432577133, 0.0736629068851471, 0.0, 0.0, 0.0, 0.0, 0.0, 0.0, 0.11330660432577133, 0.0, 0.0, 0.07012046873569489, 0.0, 0.11330660432577133, 0.0]",-0.00031494445271134644
24,1.011137689483782,"[1.013501206850764, 1.0060704870907795, 0.9980627362903225, 1.0060423714494584, 0.9971504952786984, 0.9838990361395699, 1.0266268136608598, 0.9915719093224958, 0.9978184059370775, 1.0036939152040567, 1.0039865257321614, 0.9937559025796289, 0.9953969257258086, 1.0028865690934268, 0.9747708639580975, 0.9896406378773721, 1.0067582671840634, 1.006073098382335, 1.0107725773201066, 0.9792779777967754, 1.0137666808597925, 0.9769550735320494, 1.0047005333670096, 0.9863282585525995, 1.0103086323508297, 0.9940967950410967, 1.010893372755449, 0.9665319666961103, 0.9966825644459709, 0.9917662575070378]","[1.0061267920000843, 1.009213650268524, 1.0059160773146998, 0.9857308572251451, 0.9865559607220622, 0.9956448559514365, 0.9803666462530208, 1.01876911746749, 1.027274435215151, 0.9974352525476894, 1.0165833633368524, 1.0187651762932086, 1.0050457187122406, 0.9974896958850467, 0.9764114513661316, 1.0004105585648628, 0.9835547889055739, 0.9756462439247654, 0.9869076007214141, 1.0069368689679496, 1.013106533884252, 0.984862203577477, 1.0113727689143606, 0.9855428403490094, 0.9949688905588983, 0.9886063384207708, 0.9937262167007014, 0.9941263936901562, 1.0048969781749308, 1.0101178589751816]","[0.006126792000084258, 0.009213650268524054, 0.005916077314699786, -0.014269142774854915, -0.013444039277937803, -0.0043551440485635196, -0.019633353746979165, 0.018769117467489993, 0.02727443521515105, -0.0025647474523106117, 0.016583363336852397, 0.01876517629320862, 0.005045718712240577, -0.0025103041149533434, -0.02358854863386839, 0.0004105585648628285, -0.016445211094426093, -0.0243537560752346, -0.013092399278585853, 0.00693686896794965, 0.01310653388425198, -0.015137796422522998, 0.011372768914360565, -0.014457159650990592, -0.005031109441101744, -0.011393661579229164, -0.006273783299298619, -0.005873606309843793, 0.004896978174930844, 0.010117858975181582]","[0.10377085208892822, 0.0, 0.10377085208892822, 0.10377085208892822, 0.0, 0.0, 0.0, 0.0, 0.0, 0.0, 0.0, 0.10377085208892822, 0.0, 0.0, 0.0, 0.0, 0.0, 0.10377085208892822, 0.0889650508761406, 0.0, 0.0, 0.0, 0.10279155522584915, 0.0, 0.0, 0.0, 0.10377085208892822, 0.08184751868247986, 0.10377085208892822, 0.0]","[-1.6645584410824432e-22, -1.1091754734580282e-22, -1.1090869255470504e-22, 1.0, 0.0, -2.219132298296868e-22, 0.0, 0.0, -1.386677648433168e-22, 0.0, 0.0, 0.0, 0.0, 0.0, 0.0, 0.0, 0.0, 0.0, 0.0, 0.0, 0.0, 0.0, 7.605872675612757e-26, 0.0, 9.985175773372481e-26, 0.0, 8.283361828456117e-26, 0.0, 0.0, -1.1090889619791513e-22]","[0.0, 0.0, 0.0, 0.9146076632311737, 0.006038460912951475, 0.0018069766524687655, 0.016505150883063993, 0.003961468471688079, 0.0, 0.0, 0.010413279620039757, 0.0, 0.0, 0.0, 0.0, 0.0, 0.0001355301308260642, 0.007559930216051722, 0.0, 0.00458345546282573, 0.0, 0.0, 0.0028911751891660307, 0.0, 0.0025753232009347415, 0.012725779728151193, 0.0, 0.010546340931821661, 0.005649465368837104, 0.0]","[0.10377083718776703, 0.0, 0.10377083718776703, 0.10377083718776703, 0.0, 0.0, 0.0, 0.0, 0.0, 0.0, 0.0, 0.10377083718776703, 0.0, 0.0, 0.0, 0.0, 0.0, 0.10377083718776703, 0.08896504342556, 0.0, 0.0, 0.0, 0.10279154032468796, 0.0, 0.0, 0.0, 0.10377083718776703, 0.08184751123189926, 0.10377083718776703, 0.0]",-0.0018229192909365243
25,1.0176068620224066,"[1.0061267920000843, 1.009213650268524, 1.0059160773146998, 0.9857308572251451, 0.9865559607220622, 0.9956448559514365, 0.9803666462530208, 1.01876911746749, 1.027274435215151, 0.9974352525476894, 1.0165833633368524, 1.0187651762932086, 1.0050457187122406, 0.9974896958850467, 0.9764114513661316, 1.0004105585648628, 0.9835547889055739, 0.9756462439247654, 0.9869076007214141, 1.0069368689679496, 1.013106533884252, 0.984862203577477, 1.0113727689143606, 0.9855428403490094, 0.9949688905588983, 0.9886063384207708, 0.9937262167007014, 0.9941263936901562, 1.0048969781749308, 1.0101178589751816]","[1.0021291878502525, 1.0169117473330989, 1.0077580372288981, 0.9871185311097466, 1.0021621608584357, 0.9983035619767491, 1.0146892286391758, 0.9982710930103873, 1.0094934479041389, 1.0181273907226818, 1.0321192508832084, 1.033939061085611, 1.0148496714929933, 0.9900829363385732, 0.9822621618321218, 1.0068058835829312, 1.0002566307752614, 0.9890429115282031, 0.9953704309565918, 1.0084104409055554, 1.0307151411115325, 1.0306296187589896, 0.9928982347325697, 1.0078162622691864, 1.0075476800301066, 0.9885875863013912, 1.023570138428479, 0.9931331094491199, 1.0064523397066691, 1.007045935260273]","[0.002129187850252512, 0.01691174733309886, 0.007758037228898118, -0.012881468890253434, 0.00216216085843568, -0.0016964380232509235, 0.014689228639175766, -0.0017289069896126996, 0.009493447904138863, 0.01812739072268177, 0.03211925088320844, 0.033939061085610955, 0.014849671492993322, -0.00991706366142675, -0.017737838167878217, 0.006805883582931216, 0.00025663077526139055, -0.010957088471796883, -0.004629569043408166, 0.008410440905555427, 0.030715141111532507, 0.03062961875898962, -0.007101765267430338, 0.007816262269186414, 0.0075476800301066405, -0.011412413698608792, 0.023570138428478993, -0.006866890550880078, 0.006452339706669141, 0.007045935260272973]","[0.0, 0.05650138109922409, 0.12459645420312881, 0.0, 0.0, 0.0, 0.0, 0.044477108865976334, 0.0, 0.0, 0.12459645420312881, 0.12459645420312881, 0.0, 0.0961606577038765, 0.0, 0.0, 0.07898714393377304, 0.0, 0.10089141875505447, 0.0, 0.0, 0.0, 0.0, 0.0, 0.0, 0.12459645420312881, 0.0, 0.12459645420312881, 0.0, 0.0]","[1.1125521644596568e-22, 5.552995164204862e-22, 0.0, 0.0, 1.1125481913740336e-22, 0.0, 1.1126412719688392e-22, 1.0, 2.2224939386952414e-22, 0.0, 2.221620621478691e-22, 0.0, 2.222303254867453e-22, 0.0, 0.0, 2.2220198470962694e-22, 0.0, 0.0, 0.0, 0.0, 0.0, 0.0, 0.0, 0.0, 0.0, 0.0, 0.0, 0.0, 2.222560999021237e-22, 0.0]","[0.00085753529865132, 0.01336130579720158, 0.0, 0.00834461427559188, 0.0, 0.0, 0.004447000598523894, 0.8851330499985255, 0.0, 0.0005071840226567347, 0.0, 0.008080957261509923, 0.002354741115618047, 0.0017868103725284393, 0.0, 0.006992476337928654, 0.0, 0.02276010606025246, 0.008855538324754364, 0.0, 0.0, 0.0, 0.006998708240749819, 0.0, 0.012796962335784362, 0.0, 0.013294717056315675, 0.0, 0.0007729855079474996, 0.0026553073954597244]","[0.0, 0.05650138109922409, 0.12459645420312881, 0.0, 0.0, 0.0, 0.0, 0.044477108865976334, 0.0, 0.0, 0.12459645420312881, 0.12459645420312881, 0.0, 0.0961606577038765, 0.0, 0.0, 0.07898714393377304, 0.0, 0.10089141875505447, 0.0, 0.0, 0.0, 0.0, 0.0, 0.0, 0.12459645420312881, 0.0, 0.12459645420312881, 0.0, 0.0]",0.006041131416488011
26,1.0156224219754322,"[1.0021291878502525, 1.0169117473330989, 1.0077580372288981, 0.9871185311097466, 1.0021621608584357, 0.9983035619767491, 1.0146892286391758, 0.9982710930103873, 1.0094934479041389, 1.0181273907226818, 1.0321192508832084, 1.033939061085611, 1.0148496714929933, 0.9900829363385732, 0.9822621618321218, 1.0068058835829312, 1.0002566307752614, 0.9890429115282031, 0.9953704309565918, 1.0084104409055554, 1.0307151411115325, 1.0306296187589896, 0.9928982347325697, 1.0078162622691864, 1.0075476800301066, 0.9885875863013912, 1.023570138428479, 0.9931331094491199, 1.0064523397066691, 1.007045935260273]","[0.9905834571559505, 1.013873613875023, 1.0022992071044412, 0.9989824470854092, 1.0019690312891874, 0.9797995171546742, 0.9964498698007999, 1.0006468691722308, 0.9965103433404098, 1.001517393713929, 0.9918357238477803, 1.0173605172873252, 0.994025813383961, 0.9921355183333308, 1.0063925021412559, 0.9996545164221109, 0.9925956934069483, 0.9881351502251947, 0.9915674400766632, 0.9869078874569146, 1.0042778603439628, 0.9946768322338381, 0.998267232687485, 0.9876800040303887, 0.9869635414865612, 0.9929799714233183, 0.9718535453278703, 0.9881514282634618, 1.0019625431900223, 1.0042537718479592]","[-0.00941654284404947, 0.013873613875023061, 0.0022992071044412032, -0.0010175529145908246, 0.0019690312891873507, -0.02020048284532583, -0.003550130199200141, 0.0006468691722307796, -0.0034896566595902234, 0.001517393713929005, -0.008164276152219707, 0.01736051728732524, -0.00597418661603899, -0.007864481666669199, 0.0063925021412558625, -0.0003454835778891052, -0.0074043065930516905, -0.011864849774805286, -0.008432559923336802, -0.013092112543085399, 0.004277860343962825, -0.005323167766161929, -0.0017327673125150378, -0.012319995969611308, -0.01303645851343882, -0.007020028576681714, -0.028146454672129728, -0.011848571736538194, 0.0019625431900223145, 0.004253771847959165]","[0.0, 0.0, 0.05969511717557907, 0.12595334649085999, 0.0, 0.0, 0.0, 0.0, 0.12595334649085999, 0.12595334649085999, 0.0, 0.12595334649085999, 0.0, 0.0, 0.0, 0.0, 0.0, 0.0, 0.0, 0.028690708801150322, 0.0, 0.0, 0.0, 0.0, 0.0, 0.0938146635890007, 0.07185275107622147, 0.11618001013994217, 0.0, 0.12595334649085999]","[0.0, 0.0, 0.0, 1.6659826545358482e-22, 1.1107323304213799e-22, 0.0, 0.0, 0.0, 0.0, 0.0, 0.0, 1.0, 0.0, 0.0, 1.110785048177598e-22, 1.6658097769010642e-22, 1.6658804150502288e-22, 1.1107860111117552e-22, 0.0, 1.6657798856055107e-22, 0.0, 0.0, 0.0, 0.0, 0.0, 1.1107637047446203e-22, 0.0, 0.0, 0.0, 1.110723098406858e-22]","[0.0, 0.015715129045202312, 0.0, 0.003518184244044574, 0.0, 0.005070276642449039, 0.0, 0.015809739113034516, 0.0023084717561589097, 0.0, 0.0, 0.9062569661794495, 0.0008480927577560658, 0.009129803358377708, 0.0, 0.0, 0.0, 0.0036672028642632084, 0.0, 0.0, 0.006139806285125953, 0.0038799208969573897, 0.003629731858286703, 0.0, 0.0003986908237519882, 0.0, 0.008648938523329125, 0.0019964890884002907, 0.011616590645838845, 0.0013659659175738281]","[0.0, 0.0, 0.05969511717557907, 0.12595334649085999, 0.0, 0.0, 0.0, 0.0, 0.12595334649085999, 0.12595334649085999, 0.0, 0.12595334649085999, 0.0, 0.0, 0.0, 0.0, 0.0, 0.0, 0.0, 0.028690708801150322, 0.0, 0.0, 0.0, 0.0, 0.0, 0.0938146635890007, 0.07185275107622147, 0.11618001013994217, 0.0, 0.12595334649085999]",-0.0023526318957263394
27,1.0217120852468269,"[0.9905834571559505, 1.013873613875023, 1.0022992071044412, 0.9989824470854092, 1.0019690312891874, 0.9797995171546742, 0.9964498698007999, 1.0006468691722308, 0.9965103433404098, 1.001517393713929, 0.9918357238477803, 1.0173605172873252, 0.994025813383961, 0.9921355183333308, 1.0063925021412559, 0.9996545164221109, 0.9925956934069483, 0.9881351502251947, 0.9915674400766632, 0.9869078874569146, 1.0042778603439628, 0.9946768322338381, 0.998267232687485, 0.9876800040303887, 0.9869635414865612, 0.9929799714233183, 0.9718535453278703, 0.9881514282634618, 1.0019625431900223, 1.0042537718479592]","[1.0132519329930418, 0.9955753675555776, 1.0131182853969694, 0.9902206000803808, 0.9952032788309385, 0.9897667648314472, 1.010072921360213, 0.9959044202872457, 1.0141207246339414, 0.995651055932465, 1.0078120472121412, 0.9944460260644131, 1.0048346723074302, 1.026832861168948, 1.003527811687995, 0.9846438262429625, 1.0176798395231244, 1.0125628640641782, 0.9778642310863245, 1.0124942668810044, 0.9879288093493763, 0.9703582645070332, 0.9929080101214022, 0.991985915761094, 1.0120893193021887, 1.0186209371602524, 1.0041923337218095, 0.9960037623807605, 1.0023338971562559, 1.0346349542331519]","[0.013251932993041837, -0.004424632444422372, 0.013118285396969354, -0.00977939991961918, -0.004796721169061491, -0.01023323516855279, 0.010072921360213094, -0.004095579712754316, 0.014120724633941428, -0.004348944067535054, 0.007812047212141238, -0.005553973935586876, 0.004834672307430177, 0.026832861168947897, 0.003527811687995097, -0.015356173757037461, 0.017679839523124352, 0.01256286406417817, -0.022135768913675524, 0.012494266881004412, -0.012071190650623675, -0.02964173549296678, -0.007091989878597826, -0.008014084238906038, 0.012089319302188706, 0.01862093716025237, 0.004192333721809494, -0.003996237619239507, 0.002333897156255871, 0.03463495423315188]","[0.0, 0.06168440729379654, 0.0, 0.0, 0.0, 0.0, 0.12726356089115143, 0.11418436467647552, 0.0, 0.12726356089115143, 0.0, 0.0, 0.0, 0.0, 0.0, 0.0, 0.0, 0.070532888174057, 0.0, 0.0, 0.12726356089115143, 0.0, 0.0, 0.0, 0.029904505237936974, 0.10433612763881683, 0.12726356089115143, 0.0, 0.0, 0.11030340939760208]","[0.0, 2.225049537938029e-22, 0.0, 1.6730209311282063e-22, 0.0, 1.672236616711879e-22, 2.7815922555544156e-22, 0.0, 0.0, 0.0, 0.0, 1.0, 2.226147979355265e-22, 0.0, 0.0, 2.2261348332964284e-22, 1.6719261999764893e-22, 0.0, 0.0, 0.0, 0.0, 0.0, 2.7814234884704305e-22, 0.0, 0.0, 0.0, 0.0, 2.7826682355132303e-22, 0.0, 0.0]","[0.0, 0.003751023312298978, 0.0045169634959942966, 0.0, 0.0, 0.010974293885599368, 0.030486808076602142, 0.004880197527271586, 0.0, 0.0, 0.0, 0.8973695389645189, 0.0008602862278509571, 0.0, 0.0, 0.0, 0.004137820040405196, 0.003802591414019477, 0.0067324784904044, 0.0, 0.0, 0.0, 0.005246076313801668, 1.3340686900581389e-05, 0.013222650679733024, 0.0, 0.0, 0.014005930884599213, 0.0, 0.0]","[0.0, 0.061684414744377136, 0.0, 0.0, 0.0, 0.0, 0.12726357579231262, 0.11418437957763672, 0.0, 0.12726357579231262, 0.0, 0.0, 0.0, 0.0, 0.0, 0.0, 0.0, 0.0705328956246376, 0.0, 0.0, 0.12726357579231262, 0.0, 0.0, 0.0, 0.029904508963227272, 0.10433614253997803, 0.12726357579231262, 0.0, 0.0, 0.11030342429876328]",0.005549806817924923
28,1.0295254438748707,"[1.0132519329930418, 0.9955753675555776, 1.0131182853969694, 0.9902206000803808, 0.9952032788309385, 0.9897667648314472, 1.010072921360213, 0.9959044202872457, 1.0141207246339414, 0.995651055932465, 1.0078120472121412, 0.9944460260644131, 1.0048346723074302, 1.026832861168948, 1.003527811687995, 0.9846438262429625, 1.0176798395231244, 1.0125628640641782, 0.9778642310863245, 1.0124942668810044, 0.9879288093493763, 0.9703582645070332, 0.9929080101214022, 0.991985915761094, 1.0120893193021887, 1.0186209371602524, 1.0041923337218095, 0.9960037623807605, 1.0023338971562559, 1.0346349542331519]","[1.0031464313846254, 0.9993935864671336, 1.0047768253989564, 1.002790344263535, 1.007670554918872, 0.9895241808739017, 0.9844786444873006, 1.0096152342135054, 1.0077016908122498, 0.9841133089336552, 1.0204258749000483, 1.0072668890197842, 1.0146085073451854, 1.0285140151135235, 1.0023931411529163, 1.0140710860056046, 1.0051318141270658, 1.0106681495726617, 1.0161589606414694, 1.0087302266025762, 0.9881142885570334, 0.9926534988091287, 1.0288365202561738, 1.005219626261266, 0.9943300090551641, 0.9890724575924456, 0.9893048440292423, 1.0187981668688868, 1.0013226723057786, 0.9979643955218745]","[0.0031464313846254477, -0.00060641353286639, 0.004776825398956408, 0.002790344263535083, 0.00767055491887203, -0.010475819126098296, -0.015521355512699397, 0.009615234213505408, 0.007701690812249806, -0.01588669106634477, 0.020425874900048324, 0.007266889019784228, 0.014608507345185373, 0.028514015113523472, 0.0023931411529163338, 0.014071086005604583, 0.005131814127065759, 0.010668149572661711, 0.016158960641469378, 0.008730226602576163, -0.011885711442966573, -0.007346501190871324, 0.02883652025617378, 0.005219626261266042, -0.00566999094483589, -0.010927542407554447, -0.010695155970757653, 0.0187981668688868, 0.0013226723057786494, -0.0020356044781254523]","[0.0, 0.0, 0.0, 0.10805889219045639, 0.0, 0.0, 0.0, 0.07714580744504929, 0.10135903209447861, 0.0, 0.09323907643556595, 0.0, 0.0, 0.10805889219045639, 0.10748594999313354, 0.0, 0.0, 0.0, 0.0, 0.10805889219045639, 0.0, 0.0, 0.0, 0.10805889219045639, 0.0, 0.09602272510528564, 0.0, 0.0, 0.09251190721988678, 0.0]","[0.0, 0.0, 0.0, 1.0, 1.1107658489055388e-22, 0.0, 0.0, 0.0, 7.272606676548078e-26, 0.0, 0.0, 0.0, 0.0, 0.0, 0.0, 0.0, 1.1107686904071713e-22, 0.0, 1.110798018036956e-22, 8.253887704736005e-26, 0.0, 1.1109094233159222e-22, 0.0, 0.0, 6.277081162342672e-26, 0.0, 0.0, 1.1105505418014847e-22, 1.1109094933581424e-22, 0.0]","[0.0, 0.0, 0.0, 0.8716312481620561, 0.0021966837996269094, 0.0011212019226603711, 0.001976112326689088, 0.002672594135934725, 0.0, 0.0, 0.0070970987399224875, 0.005570436165709604, 0.017362519806833444, 0.011954934308511486, 0.0007902125407464273, 0.0, 0.011034415660940114, 0.0, 0.004184133767205763, 0.0007847434685276766, 0.0, 0.0, 0.005582830360991201, 0.0014007504720467273, 0.0008935353097913435, 0.01625512728652508, 0.02073334071590292, 0.003617446061241012, 0.0, 0.013140634988137423]","[0.0, 0.0, 0.0, 0.1080588772892952, 0.0, 0.0, 0.0, 0.07714579999446869, 0.10135901719331741, 0.0, 0.09323906898498535, 0.0, 0.0, 0.1080588772892952, 0.10748593509197235, 0.0, 0.0, 0.0, 0.0, 0.1080588772892952, 0.0, 0.0, 0.0, 0.1080588772892952, 0.0, 0.09602271020412445, 0.0, 0.0, 0.09251189976930618, 0.0]",0.007216535829069856
29,1.0349195997041893,"[1.0031464313846254, 0.9993935864671336, 1.0047768253989564, 1.002790344263535, 1.007670554918872, 0.9895241808739017, 0.9844786444873006, 1.0096152342135054, 1.0077016908122498, 0.9841133089336552, 1.0204258749000483, 1.0072668890197842, 1.0146085073451854, 1.0285140151135235, 1.0023931411529163, 1.0140710860056046, 1.0051318141270658, 1.0106681495726617, 1.0161589606414694, 1.0087302266025762, 0.9881142885570334, 0.9926534988091287, 1.0288365202561738, 1.005219626261266, 0.9943300090551641, 0.9890724575924456, 0.9893048440292423, 1.0187981668688868, 1.0013226723057786, 0.9979643955218745]","[1.0022086052845298, 0.9999979338825652, 1.0112333828036617, 1.013688508704323, 1.0073338951764383, 1.0171415991268402, 1.0223032035849713, 1.0034609636594043, 0.971612156343864, 0.9711664570971733, 1.016406465788523, 1.0132298077582298, 0.989673467874117, 1.0130482739127114, 1.002978691855162, 1.0097903945199866, 0.995729308574397, 0.9982053719219959, 0.9961496600667786, 1.0197754461393826, 0.9923240934405722, 0.9859335948773894, 0.9701825011480947, 1.0075924751855825, 1.0147673655774636, 1.0128027556364425, 1.0210234787070824, 1.0124420387523276, 1.0083979188790362, 0.9885744804554208]","[0.0022086052845298187, -2.066117434806891e-06, 0.011233382803661707, 0.013688508704323032, 0.007333895176438343, 0.017141599126840212, 0.022303203584971287, 0.0034609636594042925, -0.028387843656136003, -0.028833542902826692, 0.016406465788523006, 0.013229807758229795, -0.01032653212588297, 0.01304827391271135, 0.0029786918551619745, 0.009790394519986645, -0.00427069142560299, -0.0017946280780041235, -0.0038503399332213695, 0.019775446139382646, -0.0076759065594278475, -0.014066405122610592, -0.029817498851905322, 0.007592475185582481, 0.01476736557746361, 0.012802755636442509, 0.021023478707082432, 0.012442038752327633, 0.008397918879036181, -0.011425519544579155]","[0.0, 0.10000000149011612, 0.0, 0.10000000149011612, 0.0, 0.0, 0.10000000149011612, 0.10000000149011612, 0.0, 0.10000000149011612, 0.0, 0.10000000149011612, 0.0, 0.10000000149011612, 0.0, 0.10000000149011612, 0.0, 0.0, 0.0, 0.10000000149011612, 0.0, 0.10000000149011612, 0.0, 0.0, 0.0, 0.0, 0.0, 0.0, 0.0, 0.0]","[0.0, 0.0, 5.626208095090187e-23, 1.6743210412305213e-22, 0.0, 0.0, 0.0, 0.0, 5.61202797087811e-23, 0.0, 1.0, 6.290186576353841e-25, 0.0, 0.0, 0.0, 5.794209603125333e-25, 0.0, 0.0, 9.786301231154685e-23, 0.0, 0.0, 0.0, 0.0, 0.0, 0.0, 0.0, 0.0, 1.673921945805807e-22, 5.977942888411567e-25, 5.628336709285624e-23]","[0.004522737520253218, 0.008552227696854311, 0.0, 0.0, 0.0, 0.0, 0.003829704862591698, 0.0, 0.011163820219242743, 0.0, 0.8584294460957035, 0.0, 0.017507784714119286, 0.006676674092008887, 0.0016704319641106349, 0.0, 0.006594909022994472, 0.0, 0.0, 0.009238510456884083, 0.009560794070526362, 0.021136393124075652, 0.0041230051077435475, 0.01469491545187305, 0.0, 0.003573320452827755, 0.011683911704453223, 0.007041413443737599, 0.0, 0.0]","[0.0, 0.10000000149011612, 0.0, 0.10000000149011612, 0.0, 0.0, 0.10000000149011612, 0.10000000149011612, 0.0, 0.10000000149011612, 0.0, 0.10000000149011612, 0.0, 0.10000000149011612, 0.0, 0.10000000149011612, 0.0, 0.0, 0.0, 0.10000000149011612, 0.0, 0.10000000149011612, 0.0, 0.0, 0.0, 0.0, 0.0, 0.0, 0.0, 0.0]",0.004762808782812178
30,1.0364249162384511,"[1.0022086052845298, 0.9999979338825652, 1.0112333828036617, 1.013688508704323, 1.0073338951764383, 1.0171415991268402, 1.0223032035849713, 1.0034609636594043, 0.971612156343864, 0.9711664570971733, 1.016406465788523, 1.0132298077582298, 0.989673467874117, 1.0130482739127114, 1.002978691855162, 1.0097903945199866, 0.995729308574397, 0.9982053719219959, 0.9961496600667786, 1.0197754461393826, 0.9923240934405722, 0.9859335948773894, 0.9701825011480947, 1.0075924751855825, 1.0147673655774636, 1.0128027556364425, 1.0210234787070824, 1.0124420387523276, 1.0083979188790362, 0.9885744804554208]","[1.0163089323354069, 1.0173408393890164, 1.0020031927553052, 1.016870187763419, 0.9905578091582112, 1.0082954743839312, 0.9997875460656988, 0.979811502327524, 1.0162978169766226, 1.0059957240266704, 1.0043969571319233, 0.9932376465457226, 1.0010544874363796, 1.0047634372088774, 1.008426367130045, 0.9918058139565237, 1.0032501986145248, 1.008668011466225, 1.0093040645804745, 1.0060074776992862, 1.0022507636421825, 1.0191504655362016, 1.017576827196378, 1.0061441801557045, 1.006659399470978, 1.0116113740967165, 1.0016336700503845, 0.9879647459730562, 0.982875917180127, 1.0003800393668454]","[0.016308932335406867, 0.017340839389016427, 0.0020031927553052498, 0.016870187763418976, -0.009442190841788767, 0.00829547438393119, -0.00021245393430124881, -0.02018849767247599, 0.01629781697662258, 0.005995724026670368, 0.00439695713192334, -0.006762353454277448, 0.001054487436379592, 0.004763437208877397, 0.008426367130045076, -0.008194186043476326, 0.003250198614524802, 0.008668011466224979, 0.009304064580474503, 0.006007477699286223, 0.002250763642182463, 0.01915046553620159, 0.017576827196378098, 0.006144180155704504, 0.006659399470978045, 0.011611374096716531, 0.0016336700503845059, -0.012035254026943831, -0.017124082819872988, 0.0003800393668453861]","[0.0, 0.0, 0.0, 0.0, 0.0, 0.0, 0.10805253684520721, 0.10805253684520721, 0.0, 0.0, 0.0, 0.0, 0.06792241334915161, 0.0, 0.0, 0.10805253684520721, 0.0, 0.10805253684520721, 0.0, 0.10611823946237564, 0.0895397961139679, 0.10805253684520721, 0.0, 0.0, 0.08810431510210037, 0.0, 0.0, 0.0, 0.0, 0.10805253684520721]","[0.0, 0.0, 0.0, -1.071463462104491e-22, -1.070520057030887e-22, 0.0, -1.0683132657336664e-22, 0.0, 0.0, -1.0705536300881965e-22, 1.0, 0.0, 0.0, -5.203748993277781e-23, -1.0699650878065708e-22, 0.0, 0.0, 0.0, 0.0, 0.0, 0.0, 0.0, 0.0, 0.0, 0.0, 1.7007328929825219e-22, 0.0, -1.0731747872775488e-22, 2.6162191542787113e-24, 0.0]","[0.0, 0.02401234877456227, 0.0, 0.009215023374911624, 0.0, 0.002596446293537334, 0.007144521130628374, 0.0, 0.00019953918247556226, 0.0038540897680253185, 0.9232517013909284, 0.0, 0.0, 0.0, 0.002899262419313959, 0.0, 0.0, 0.0, 0.0, 0.0006623505370068762, 0.0, 0.0, 0.000963694179475086, 0.010222495417493793, 0.0073929540548209475, 0.0, 0.0, 0.002822680240799832, 0.0026525360483715113, 0.0021103571876492236]","[0.0, 0.0, 0.0, 0.0, 0.0, 0.0, 0.10805253684520721, 0.10805253684520721, 0.0, 0.0, 0.0, 0.0, 0.06792241334915161, 0.0, 0.0, 0.10805253684520721, 0.0, 0.10805253684520721, 0.0, 0.10611823946237564, 0.0895397961139679, 0.10805253684520721, 0.0, 0.0, 0.08810431510210037, 0.0, 0.0, 0.0, 0.0, 0.10805253684520721]",0.001025173644835636
31,1.032438487451035,"[1.0163089323354069, 1.0173408393890164, 1.0020031927553052, 1.016870187763419, 0.9905578091582112, 1.0082954743839312, 0.9997875460656988, 0.979811502327524, 1.0162978169766226, 1.0059957240266704, 1.0043969571319233, 0.9932376465457226, 1.0010544874363796, 1.0047634372088774, 1.008426367130045, 0.9918058139565237, 1.0032501986145248, 1.008668011466225, 1.0093040645804745, 1.0060074776992862, 1.0022507636421825, 1.0191504655362016, 1.017576827196378, 1.0061441801557045, 1.006659399470978, 1.0116113740967165, 1.0016336700503845, 0.9879647459730562, 0.982875917180127, 1.0003800393668454]","[0.9937398839787777, 0.9905763306318922, 0.9912607092216231, 1.001070588141044, 1.000676519300668, 0.9987752446963999, 1.0039922303257183, 0.9968693107931764, 1.0166239426205232, 1.0144159413192937, 0.9752531485131183, 1.0016790874400436, 0.9968045137888086, 1.0203293345037436, 0.9871291254714234, 1.0044861758417172, 0.9943194971458429, 1.0158406638099022, 0.9797646443799942, 0.9830431674524793, 0.9911856861420865, 1.0094973757896986, 0.9851600708220577, 0.9812440596731373, 1.0106844057936946, 1.0075518868604036, 0.9981099447953179, 0.9889431838171511, 0.9967487503736538, 1.0110945285505755]","[-0.0062601160212223395, -0.00942366936810779, -0.008739290778376874, 0.0010705881410439932, 0.0006765193006679215, -0.0012247553036001113, 0.003992230325718271, -0.003130689206823578, 0.016623942620523247, 0.01441594131929369, -0.024746851486881716, 0.0016790874400436362, -0.0031954862111913673, 0.020329334503743635, -0.012870874528576604, 0.004486175841717177, -0.00568050285415711, 0.015840663809902233, -0.02023535562000578, -0.016956832547520673, -0.008814313857913536, 0.009497375789698559, -0.014839929177942301, -0.018755940326862675, 0.010684405793694562, 0.007551886860403645, -0.0018900552046821062, -0.011056816182848928, -0.0032512496263461532, 0.011094528550575466]","[0.0, 0.0, 0.0, 0.0, 0.0, 0.0, 0.09999999403953552, 0.0, 0.0, 0.09999999403953552, 0.09999999403953552, 0.09999999403953552, 0.0, 0.0, 0.0, 0.0, 0.09999999403953552, 0.0, 0.0, 0.09999999403953552, 0.0, 0.0, 0.0, 0.09999999403953552, 0.0, 0.09999999403953552, 0.0, 0.09999999403953552, 0.0, 0.09999999403953552]","[0.0, -2.5169161146321116e-23, 0.0, -1.0747583318983624e-22, 0.0, -1.0840068638425762e-22, -2.1825935856213493e-22, 0.0, 0.0, 0.0, 1.0, 0.0, 0.0, 1.1415491518550357e-22, 0.0, 0.0, 0.0, -1.0838256765442318e-22, 0.0, 0.0, 2.9768487752377072e-24, 0.0, 0.0, 0.0, 0.0, -1.078233333242005e-22, 0.0, 0.0, -1.0871780036692474e-22, 0.0]","[0.003203237986229794, 0.0030182971006530663, 0.0, 0.0, 0.0035724025340623717, 0.0, 0.004025898289452261, 0.0033977646188077513, 0.0, 0.0004920356417341858, 0.9161498394195907, 0.0, 0.010238421355285127, 0.0, 0.016516102162669608, 0.0, 0.0, 0.0, 0.0115144555123545, 0.0, 0.0, 0.0, 0.0, 0.0, 0.0, 0.0, 0.016441041462248084, 0.0067134811108789366, 0.0004301724063496125, 0.004286850399684096]","[0.0, 0.0, 0.0, 0.0, 0.0, 0.0, 0.09999999403953552, 0.0, 0.0, 0.09999999403953552, 0.09999999403953552, 0.09999999403953552, 0.0, 0.0, 0.0, 0.0, 0.09999999403953552, 0.0, 0.0, 0.09999999403953552, 0.0, 0.0, 0.0, 0.09999999403953552, 0.0, 0.09999999403953552, 0.0, 0.09999999403953552, 0.0, 0.09999999403953552]",-0.00425509199959564
32,1.033264707954009,"[0.9937398839787777, 0.9905763306318922, 0.9912607092216231, 1.001070588141044, 1.000676519300668, 0.9987752446963999, 1.0039922303257183, 0.9968693107931764, 1.0166239426205232, 1.0144159413192937, 0.9752531485131183, 1.0016790874400436, 0.9968045137888086, 1.0203293345037436, 0.9871291254714234, 1.0044861758417172, 0.9943194971458429, 1.0158406638099022, 0.9797646443799942, 0.9830431674524793, 0.9911856861420865, 1.0094973757896986, 0.9851600708220577, 0.9812440596731373, 1.0106844057936946, 1.0075518868604036, 0.9981099447953179, 0.9889431838171511, 0.9967487503736538, 1.0110945285505755]","[0.9835573952425898, 1.0071256528423085, 1.03244307233704, 0.9933187632067163, 0.9892960909285442, 0.992199698910191, 0.9892124874523278, 0.9912776430678972, 0.9866008610253656, 1.0000067132283101, 1.0112824917513783, 1.0012469185106931, 1.0026520227481432, 0.9919660975919249, 0.9899385897830522, 1.0015928171218667, 1.0017706978367584, 1.0054078106245945, 1.002200218232244, 1.0073387134192926, 1.0218210730834218, 1.0113256458373232, 1.0018332280816509, 0.9983149834168591, 1.0108614165564083, 1.0189399648167434, 0.9981835965761481, 0.9705987876368876, 1.0086192597847619, 1.0024542948999147]","[-0.016442604757410217, 0.007125652842308483, 0.03244307233703991, -0.006681236793283696, -0.010703909071455797, -0.007800301089809003, -0.010787512547672184, -0.00872235693210277, -0.013399138974634406, 6.713228310140096e-06, 0.011282491751378299, 0.0012469185106931402, 0.0026520227481432457, -0.008033902408075111, -0.010061410216947841, 0.001592817121866652, 0.001770697836758428, 0.0054078106245945, 0.0022002182322440333, 0.007338713419292597, 0.02182107308342185, 0.011325645837323206, 0.0018332280816508728, -0.001685016583140908, 0.010861416556408265, 0.018939964816743426, -0.00181640342385192, -0.02940121236311244, 0.008619259784761857, 0.0024542948999146663]","[0.10013871639966965, 0.10013871639966965, 0.10013871639966965, 0.0, 0.0, 0.10013871639966965, 0.0, 0.0, 0.10013871639966965, 0.10013871639966965, 0.0, 0.0, 0.0, 0.0, 0.09875146299600601, 0.0, 0.0, 0.0, 0.10013871639966965, 0.0, 0.0, 0.10013871639966965, 0.0, 0.0, 0.0, 0.0, 0.0, 0.0, 0.0, 0.10013871639966965]","[3.9255281468154674e-22, 0.0, 3.371650304104539e-22, 0.0, 1.1606816442195097e-22, 0.0, 2.273833793973705e-22, 0.0, 0.0, 1.163877820919754e-22, 1.0, 0.0, 0.0, 0.0, 0.0, 0.0, 0.0, 2.2621667323301815e-22, 0.0, 3.372730134505758e-22, 0.0, 0.0, 0.0, 0.0, 0.0, 0.0, 2.2588060479018023e-22, 0.0, 0.0, 1.157149958874929e-22]","[0.00592735891111586, 0.0, 0.0, 0.012693525512959845, 0.0, 0.0021891671929049478, 0.0, 0.0, 0.007064115638818031, 0.006923533811404608, 0.8855294306365022, 0.0, 0.002355546501704835, 0.0, 0.013123911425922393, 0.0004627009597980514, 0.01274570754353493, 0.0, 0.0, 0.0, 0.013612277238717226, 0.0, 0.0030343097246400747, 0.0021560046836912403, 0.009219234193145062, 0.0, 0.010240488587012934, 0.012412013471461612, 0.00031067396666599397, 0.0]","[0.10013872385025024, 0.10013872385025024, 0.10013872385025024, 0.0, 0.0, 0.10013872385025024, 0.0, 0.0, 0.10013872385025024, 0.10013872385025024, 0.0, 0.0, 0.0, 0.0, 0.09875147044658661, 0.0, 0.0, 0.0, 0.10013872385025024, 0.0, 0.0, 0.10013872385025024, 0.0, 0.0, 0.0, 0.0, 0.0, 0.0, 0.0, 0.10013872385025024]",0.0003619112649086925
33,1.0350486204613139,"[0.9835573952425898, 1.0071256528423085, 1.03244307233704, 0.9933187632067163, 0.9892960909285442, 0.992199698910191, 0.9892124874523278, 0.9912776430678972, 0.9866008610253656, 1.0000067132283101, 1.0112824917513783, 1.0012469185106931, 1.0026520227481432, 0.9919660975919249, 0.9899385897830522, 1.0015928171218667, 1.0017706978367584, 1.0054078106245945, 1.002200218232244, 1.0073387134192926, 1.0218210730834218, 1.0113256458373232, 1.0018332280816509, 0.9983149834168591, 1.0108614165564083, 1.0189399648167434, 0.9981835965761481, 0.9705987876368876, 1.0086192597847619, 1.0024542948999147]","[0.9961463216231901, 1.0053458260033432, 0.9897398222408371, 0.9910140251516621, 1.0148467850211271, 1.0055517928807294, 1.0009202466327574, 0.9954376874805009, 0.9842006567523865, 1.0133561638975381, 1.00061460010297, 1.007825308943064, 1.009402219963195, 0.993301471447311, 1.010897431114315, 1.0022880198806146, 0.993447972595582, 1.0056510116381046, 1.0055442519629816, 0.9888548522446401, 1.0149852355133808, 1.0007253908355631, 1.0017976299873572, 1.0051670366621803, 0.9975385183291218, 1.010829989568888, 0.9975985005624857, 1.0049452547014206, 1.0303621300776484, 1.0016456737908657]","[-0.0038536783768099436, 0.0053458260033432126, -0.01026017775916288, -0.008985974848337852, 0.014846785021127129, 0.005551792880729378, 0.00092024663275736, -0.004562312519499123, -0.01579934324761345, 0.013356163897538131, 0.0006146001029700976, 0.007825308943063991, 0.009402219963194902, -0.006698528552689043, 0.01089743111431507, 0.0022880198806145557, -0.006552027404417959, 0.005651011638104553, 0.005544251962981583, -0.011145147755359908, 0.014985235513380823, 0.0007253908355631111, 0.0017976299873572188, 0.005167036662180324, -0.0024614816708782294, 0.010829989568887921, -0.0024014994375143317, 0.004945254701420598, 0.03036213007764843, 0.001645673790865665]","[0.0, 0.0, 0.0, 0.0, 0.0, 0.10110323131084442, 0.0, 0.10110323131084442, 0.09516758471727371, 0.0, 0.0, 0.09819573909044266, 0.09891412407159805, 0.0, 0.0, 0.10110323131084442, 0.0, 0.0, 0.0, 0.0, 0.0, 0.0, 0.10110323131084442, 0.0, 0.0, 0.10110323131084442, 0.10110323131084442, 0.0, 0.0, 0.10110323131084442]","[1.1382710742597568e-22, 0.0, 0.0, -1.0754924301103579e-22, 0.0, 0.0, -1.0731276818044483e-22, 5.742726784310649e-23, 0.0, 1.1467028955813817e-22, 1.0, 2.452379693019547e-24, 0.0, 1.6984950180388156e-22, 0.0, 0.0, 0.0, 0.0, 0.0, 0.0, 0.0, 0.0, 0.0, 0.0, 0.0, 1.1414277431110492e-22, 0.0, 0.0, 2.2819354445276126e-24, 0.0]","[0.0, 0.002515770912430693, 0.0018582356903774537, 0.0, 0.0, 0.012739275868218054, 0.003854675920641908, 0.0, 0.0, 0.006135998094734185, 0.945624737657479, 0.0, 0.0075377932410357435, 0.0, 0.0, 0.008791814771307908, 0.0, 0.0024359862387987453, 0.0, 0.0, 0.0, 0.0, 0.001589307030378639, 0.004751795799347258, 0.0, 0.002164608775250515, 0.0, 0.0, 0.0, 0.0]","[0.0, 0.0, 0.0, 0.0, 0.0, 0.10110323131084442, 0.0, 0.10110323131084442, 0.09516758471727371, 0.0, 0.0, 0.09819573909044266, 0.09891412407159805, 0.0, 0.0, 0.10110323131084442, 0.0, 0.0, 0.0, 0.0, 0.0, 0.0, 0.10110323131084442, 0.0, 0.0, 0.10110323131084442, 0.10110323131084442, 0.0, 0.0, 0.10110323131084442]",0.001407062706308541
34,1.0353262798894227,"[0.9961463216231901, 1.0053458260033432, 0.9897398222408371, 0.9910140251516621, 1.0148467850211271, 1.0055517928807294, 1.0009202466327574, 0.9954376874805009, 0.9842006567523865, 1.0133561638975381, 1.00061460010297, 1.007825308943064, 1.009402219963195, 0.993301471447311, 1.010897431114315, 1.0022880198806146, 0.993447972595582, 1.0056510116381046, 1.0055442519629816, 0.9888548522446401, 1.0149852355133808, 1.0007253908355631, 1.0017976299873572, 1.0051670366621803, 0.9975385183291218, 1.010829989568888, 0.9975985005624857, 1.0049452547014206, 1.0303621300776484, 1.0016456737908657]","[0.9901759833962669, 0.9921085441330288, 1.0127532638632613, 0.9885464275766114, 0.992633503677857, 1.0132481793589279, 0.9879203195431259, 1.002253072896672, 1.007738469718947, 0.990177287042787, 0.9806109608496905, 0.9908930562620497, 0.999380437384396, 1.0097367752032418, 0.9936350069492543, 1.009366824470341, 1.023901387356742, 1.0081593648446003, 1.0014480909645824, 0.9985143091197097, 1.0126406426867207, 0.9835169165847337, 0.9973249166275102, 1.005344708354895, 0.9995315943334668, 0.9959066425927185, 1.0111219917753387, 1.0111292689577582, 0.9789727517776787, 0.9698271441427319]","[-0.00982401660373311, -0.007891455866971153, 0.012753263863261255, -0.011453572423388625, -0.007366496322143035, 0.013248179358927858, -0.012079680456874131, 0.0022530728966720925, 0.007738469718947094, -0.009822712957213042, -0.01938903915030954, -0.00910694373795029, -0.0006195626156040301, 0.009736775203241788, -0.006364993050745671, 0.009366824470341095, 0.023901387356741965, 0.008159364844600336, 0.001448090964582427, -0.001485690880290269, 0.012640642686720716, -0.016483083415266275, -0.002675083372489784, 0.005344708354894978, -0.00046840566653316706, -0.0040933574072814505, 0.01112199177533868, 0.011129268957758232, -0.02102724822232127, -0.030172855857268144]","[0.09786266833543777, 0.0, 0.11890724301338196, 0.04975931718945503, 0.0, 0.11890724301338196, 0.0, 0.0, 0.0, 0.0, 0.0, 0.11890724301338196, 0.0, 0.0, 0.11890724301338196, 0.0, 0.09768101572990417, 0.0, 0.0, 0.0, 0.0, 0.0, 0.0, 0.0, 0.11890724301338196, 0.11890724301338196, 0.0, 0.0, 0.0, 0.04125349968671799]","[5.044571123083121e-22, 0.0, 0.0, 2.28069387545411e-22, 0.0, 0.0, 2.285263709330422e-22, 3.920338236898105e-22, 2.2708901469025874e-22, 0.0, 1.0, 0.0, 2.270843352351617e-22, 0.0, 2.2809178557448534e-22, 0.0, 0.0, 2.2711946194786115e-22, 0.0, 0.0, 0.0, 0.0, 0.0, 0.0, 0.0, 0.0, 0.0, 2.276733782370025e-22, 0.0, 0.0]","[0.0, 0.0, 0.0, 0.004266716650014693, 0.0, 0.005205164716277415, 0.0041408115327766564, 0.001806145423701305, 0.0, 0.0, 0.9062991113789193, 0.0, 0.0, 0.015408495439447785, 0.006519613515459122, 0.0, 0.00044351134631771225, 0.0, 0.003440367232818831, 0.0, 0.011112984568899567, 0.0, 0.005003489270451926, 0.01411674197310766, 0.01779539202877631, 0.004377679398572748, 0.0, 0.0, 6.377552445893031e-05, 0.0]","[0.09786267578601837, 0.0, 0.11890725046396255, 0.04975932091474533, 0.0, 0.11890725046396255, 0.0, 0.0, 0.0, 0.0, 0.0, 0.11890725046396255, 0.0, 0.0, 0.11890725046396255, 0.0, 0.09768102318048477, 0.0, 0.0, 0.0, 0.0, 0.0, 0.0, 0.0, 0.11890725046396255, 0.11890725046396255, 0.0, 0.0, 0.0, 0.041253503412008286]",-7.549802834088234e-05
35,1.038405965515266,"[0.9901759833962669, 0.9921085441330288, 1.0127532638632613, 0.9885464275766114, 0.992633503677857, 1.0132481793589279, 0.9879203195431259, 1.002253072896672, 1.007738469718947, 0.990177287042787, 0.9806109608496905, 0.9908930562620497, 0.999380437384396, 1.0097367752032418, 0.9936350069492543, 1.009366824470341, 1.023901387356742, 1.0081593648446003, 1.0014480909645824, 0.9985143091197097, 1.0126406426867207, 0.9835169165847337, 0.9973249166275102, 1.005344708354895, 0.9995315943334668, 0.9959066425927185, 1.0111219917753387, 1.0111292689577582, 0.9789727517776787, 0.9698271441427319]","[0.9974306673771511, 0.995114898299997, 0.9998846810627849, 1.0022764029619438, 0.99027328274673, 1.0036748544030778, 0.991478255173534, 1.0087447505377864, 0.9778933727700804, 1.0163361719445392, 0.9768518295040421, 1.0188348201824593, 1.0040599233523373, 1.0116499953390345, 1.0025637385044048, 0.987360832149581, 1.0111457732779128, 1.0316022373335374, 0.9964851918121187, 0.9987964356064781, 1.0044794641645793, 1.0168522841390246, 1.0076735421484082, 0.9908394237168038, 1.0126343328654048, 1.006489976651503, 1.001488731285631, 1.0079827640327925, 1.010337477858097, 0.9957748603224551]","[-0.0025693326228488633, -0.004885101700003003, -0.0001153189372150587, 0.0022764029619437576, -0.009726717253270012, 0.0036748544030777985, -0.008521744826465949, 0.00874475053778645, -0.02210662722991963, 0.01633617194453918, -0.023148170495957854, 0.0188348201824593, 0.004059923352337291, 0.011649995339034547, 0.0025637385044048333, -0.012639167850418964, 0.011145773277912774, 0.0316022373335374, -0.003514808187881302, -0.001203564393521872, 0.004479464164579339, 0.01685228413902462, 0.007673542148408208, -0.00916057628319622, 0.01263433286540483, 0.006489976651502971, 0.0014887312856310952, 0.007982764032792522, 0.01033747785809691, -0.004225139677544898]","[0.0, 0.0, 0.10177244246006012, 0.0, 0.10558579862117767, 0.0, 0.0922577828168869, 0.09859607368707657, 0.0, 0.09434492886066437, 0.0, 0.0, 0.0, 0.0, 0.10558579862117767, 0.0, 0.08938232809305191, 0.0, 0.10249350219964981, 0.0, 0.0, 0.0, 0.0, 0.0, 0.10558579862117767, 0.0, 0.10439544916152954, 0.0, 0.0, 0.0]","[0.0, 1.697828466966276e-22, 0.0, 0.0, 0.0, 3.369741431644039e-22, 1.1582245025522284e-22, 0.0, 0.0, 3.379121680833748e-22, 1.0, 0.0, 2.259264599526424e-22, 3.3760487766538234e-22, 0.0, 0.0, 0.0, 0.0, 2.257294918647491e-22, 0.0, 0.0, 0.0, 0.0, 0.0, 2.2605470123355175e-22, 0.0, 0.0, 3.3762263199386386e-22, 0.0, 0.0]","[0.012125473186824316, 0.01448144738523334, 0.0, 0.0, 0.019674699119230053, 0.0, 0.0, 0.0, 0.0, 0.00789611169545807, 0.8827860494100767, 0.011089351302017245, 0.0084633967165302, 0.006850262897298639, 0.0, 0.005861918394105178, 0.0020213408076545786, 0.0, 0.0028183429982490964, 0.0, 0.0, 0.0, 0.0, 0.0, 0.00441011514892536, 0.011638018207317403, 0.0, 0.0, 0.0003130896526962697, 0.00957038307838344]","[0.0, 0.0, 0.10177244991064072, 0.0, 0.10558580607175827, 0.0, 0.0922577902674675, 0.09859608113765717, 0.0, 0.09434493631124496, 0.0, 0.0, 0.0, 0.0, 0.10558580607175827, 0.0, 0.08938233554363251, 0.0, 0.10249350965023041, 0.0, 0.0, 0.0, 0.0, 0.0, 0.10558580607175827, 0.0, 0.10439545661211014, 0.0, 0.0, 0.0]",0.0026031302062124993
36,1.041011349563496,"[0.9974306673771511, 0.995114898299997, 0.9998846810627849, 1.0022764029619438, 0.99027328274673, 1.0036748544030778, 0.991478255173534, 1.0087447505377864, 0.9778933727700804, 1.0163361719445392, 0.9768518295040421, 1.0188348201824593, 1.0040599233523373, 1.0116499953390345, 1.0025637385044048, 0.987360832149581, 1.0111457732779128, 1.0316022373335374, 0.9964851918121187, 0.9987964356064781, 1.0044794641645793, 1.0168522841390246, 1.0076735421484082, 0.9908394237168038, 1.0126343328654048, 1.006489976651503, 1.001488731285631, 1.0079827640327925, 1.010337477858097, 0.9957748603224551]","[1.002205283348375, 0.9952253558226479, 1.0148020181349908, 0.9891420970720434, 1.030626096084393, 1.0139853172346909, 0.9899519183158725, 0.9818510722872538, 0.9968636605092928, 1.022660216263186, 1.0040020985825002, 1.0247155788077837, 0.9880487431809496, 1.0075209830530532, 0.9984742913943951, 1.0194506497069296, 0.9882177971207925, 0.9937467734207027, 0.9820263544105262, 1.0077155622337803, 0.9858135020033597, 0.9843707934517297, 0.9862846322518037, 1.0247219887951404, 1.0000283012448579, 1.0112695019677191, 1.0227765535940379, 0.9844303376007931, 0.9899390877656569, 0.9827702983199904]","[0.002205283348374998, -0.004774644177352072, 0.014802018134990824, -0.01085790292795663, 0.03062609608439293, 0.013985317234690875, -0.010048081684127519, -0.018148927712746232, -0.0031363394907072406, 0.02266021626318593, 0.004002098582500224, 0.024715578807783745, -0.011951256819050404, 0.007520983053053154, -0.0015257086056048585, 0.019450649706929557, -0.011782202879207504, -0.006253226579297277, -0.017973645589473786, 0.0077155622337803376, -0.01418649799664029, -0.01562920654827027, -0.013715367748196261, 0.024721988795140426, 2.830124485786456e-05, 0.011269501967719142, 0.02277655359403785, -0.015569662399206874, -0.010060912234343133, -0.01722970168000959]","[0.0, 0.0, 0.0, 0.0, 0.0, 0.11155175417661667, 0.0, 0.07042130827903748, 0.11155175417661667, 0.0, 0.0, 0.11155175417661667, 0.0, 0.11155175417661667, 0.0, 0.11155175417661667, 0.0, 0.0, 0.11155175417661667, 0.0, 0.0, 0.11155175417661667, 0.0, 0.07135457545518875, 0.0, 0.0, 0.0, 0.07736183702945709, 0.0, 0.0]","[3.8534904118802676e-24, 0.0, 0.0, 0.0, 0.0, 0.0, 0.0, 8.647315319153341e-23, 0.0, 0.0, 0.0, -2.1793347964455746e-22, 0.0, -1.7747652623159789e-22, 0.0, -2.1834763978265997e-22, 0.0, 1.0, 0.0, -2.1839320675512825e-22, -2.1842182293098418e-22, 0.0, 0.0, 0.0, 0.0, 0.0, -2.181899351385863e-22, 0.0, 3.2567613810839986e-24, 0.0]","[0.0, 0.0, 0.001931667623448601, 0.0, 0.004580076282110259, 0.005733024683200348, 0.0, 0.015403830493260032, 0.0, 0.0, 0.0026242000054955282, 0.0, 0.0, 0.0, 0.0, 0.012154042992088844, 0.004834267007864158, 0.9077074781967551, 0.0, 0.008879752736855234, 0.0, 0.0, 0.0, 0.01570578622658226, 0.001643343620884135, 0.0, 0.0022296565180867857, 0.016572873613368667, 0.0, 0.0]","[0.0, 0.0, 0.0, 0.0, 0.0, 0.11155175417661667, 0.0, 0.07042130827903748, 0.11155175417661667, 0.0, 0.0, 0.11155175417661667, 0.0, 0.11155175417661667, 0.0, 0.11155175417661667, 0.0, 0.0, 0.11155175417661667, 0.0, 0.0, 0.11155175417661667, 0.0, 0.07135457545518875, 0.0, 0.0, 0.0, 0.07736183702945709, 0.0, 0.0]",0.0021235324840465346
37,1.0437183391560003,"[1.002205283348375, 0.9952253558226479, 1.0148020181349908, 0.9891420970720434, 1.030626096084393, 1.0139853172346909, 0.9899519183158725, 0.9818510722872538, 0.9968636605092928, 1.022660216263186, 1.0040020985825002, 1.0247155788077837, 0.9880487431809496, 1.0075209830530532, 0.9984742913943951, 1.0194506497069296, 0.9882177971207925, 0.9937467734207027, 0.9820263544105262, 1.0077155622337803, 0.9858135020033597, 0.9843707934517297, 0.9862846322518037, 1.0247219887951404, 1.0000283012448579, 1.0112695019677191, 1.0227765535940379, 0.9844303376007931, 0.9899390877656569, 0.9827702983199904]","[0.9959655336575761, 1.0018349746988302, 0.9912300956637677, 1.0011098556851417, 1.0070674069113632, 1.0120752952425955, 0.9846961700697261, 0.9957465366161682, 0.9905013722414103, 0.9855605815893844, 0.9810948998741034, 1.0059066286401313, 1.0275062915040793, 0.9864572564473726, 1.005587733930976, 1.0058562933145985, 0.9950254718623777, 0.9798053748039584, 1.006299346398229, 1.0004488161987366, 1.0287993658656043, 1.0029760192266495, 0.989003458555751, 1.0036776246086765, 0.9883967929683981, 0.9928944890965998, 1.0179799282237938, 1.0161413219534703, 0.9775891467937601, 1.0063194330520515]","[-0.004034466342423881, 0.0018349746988302051, -0.00876990433623226, 0.0011098556851416586, 0.007067406911363205, 0.01207529524259554, -0.015303829930273904, -0.0042534633838318125, -0.009498627758589673, -0.014439418410615579, -0.018905100125896634, 0.005906628640131251, 0.02750629150407935, -0.013542743552627412, 0.005587733930976002, 0.005856293314598471, -0.004974528137622336, -0.02019462519604165, 0.006299346398229044, 0.0004488161987366013, 0.028799365865604276, 0.0029760192266494734, -0.010996541444248997, 0.0036776246086764885, -0.011603207031601892, -0.0071055109034001696, 0.017979928223793795, 0.01614132195347029, -0.022410853206239922, 0.006319433052051515]","[0.0, 0.1049361526966095, 0.1049361526966095, 0.0, 0.0, 0.0, 0.0, 0.08994364738464355, 0.0, 0.0, 0.0, 0.1049361526966095, 0.1049361526966095, 0.0, 0.0, 0.0, 0.0, 0.0, 0.0, 0.1049361526966095, 0.0, 0.0, 0.1049361526966095, 0.0, 0.08322615176439285, 0.0, 0.0, 0.1049361526966095, 0.0, 0.09227713942527771]","[1.133134805651354e-22, 1.1331117044760421e-22, 0.0, 0.0, 0.0, 0.0, 1.1335839338702397e-22, 0.0, 0.0, 1.1314632145084606e-22, 0.0, 1.1339777626007059e-22, 2.239913242110324e-22, 0.0, 0.0, 1.1319260022853286e-22, 0.0, 1.0, 0.0, 1.1318937088775038e-22, 0.0, 0.0, 3.347599097749739e-22, 0.0, 0.0, 0.0, 0.0, 0.0, 0.0, 0.0]","[0.009025676921680844, 0.0035644718127545412, 0.0, 0.009925373478809313, 0.0, 0.0, 0.0, 0.0, 0.0, 0.0, 0.003488676740179447, 0.0, 0.012551559907172147, 0.0, 0.0071983455543818175, 0.0, 0.008881513030416482, 0.8674373243509693, 0.011740809870290938, 0.010770071503254819, 0.0, 0.0, 0.01850196690958166, 0.019303057744493497, 0.017611152176015173, 0.0, 0.0, 0.0, 0.0, 0.0]","[0.0, 0.1049361526966095, 0.1049361526966095, 0.0, 0.0, 0.0, 0.0, 0.08994364738464355, 0.0, 0.0, 0.0, 0.1049361526966095, 0.1049361526966095, 0.0, 0.0, 0.0, 0.0, 0.0, 0.0, 0.1049361526966095, 0.0, 0.0, 0.1049361526966095, 0.0, 0.08322615176439285, 0.0, 0.0, 0.1049361526966095, 0.0, 0.09227713942527771]",0.002232903466904449
38,1.0423204148946161,"[0.9959655336575761, 1.0018349746988302, 0.9912300956637677, 1.0011098556851417, 1.0070674069113632, 1.0120752952425955, 0.9846961700697261, 0.9957465366161682, 0.9905013722414103, 0.9855605815893844, 0.9810948998741034, 1.0059066286401313, 1.0275062915040793, 0.9864572564473726, 1.005587733930976, 1.0058562933145985, 0.9950254718623777, 0.9798053748039584, 1.006299346398229, 1.0004488161987366, 1.0287993658656043, 1.0029760192266495, 0.989003458555751, 1.0036776246086765, 0.9883967929683981, 0.9928944890965998, 1.0179799282237938, 1.0161413219534703, 0.9775891467937601, 1.0063194330520515]","[0.9783619789147004, 1.015030439105309, 1.0125233557231588, 0.98584652452421, 1.0128241074247133, 0.9894163258588368, 1.0166155840474194, 0.9816820312522989, 0.9825853007349156, 1.011609932810689, 1.0069196889680547, 0.9972524371595994, 0.9848253986997452, 0.9851666191895495, 1.0057187311052889, 0.9976989051526365, 0.996093055200271, 1.0029301327801297, 0.9961710003653411, 1.0363946569294507, 1.0318850397504353, 0.99593221251793, 1.0114325976817786, 0.994004192485729, 0.9872796121461981, 0.9977960549684538, 1.005022217747394, 0.99831533425247, 0.9926980040164621, 0.993228568761508]","[-0.021638021085299552, 0.015030439105309101, 0.012523355723158769, -0.014153475475790045, 0.012824107424713294, -0.010583674141163235, 0.016615584047419363, -0.018317968747701086, -0.017414699265084432, 0.011609932810688894, 0.006919688968054727, -0.0027475628404005636, -0.01517460130025483, -0.014833380810450492, 0.005718731105288866, -0.002301094847363516, -0.003906944799728973, 0.0029301327801296573, -0.0038289996346588806, 0.03639465692945065, 0.03188503975043533, -0.00406778748207004, 0.011432597681778622, -0.005995807514270979, -0.012720387853801918, -0.002203945031546195, 0.0050222177473939755, -0.001684665747530012, -0.007301995983537868, -0.006771431238491998]","[0.10067849606275558, 0.0, 0.10067849606275558, 0.0, 0.0, 0.0, 0.10067849606275558, 0.09653240442276001, 0.0, 0.0, 0.0, 0.0, 0.0, 0.0, 0.10067849606275558, 0.0, 0.0, 0.09803973138332367, 0.0, 0.0, 0.0, 0.10067849606275558, 0.0, 0.10067849606275558, 0.0, 0.0, 0.10067849606275558, 0.0, 0.0, 0.10067849606275558]","[0.0, 0.0, 0.0, -1.0828349942045756e-22, 0.0, 0.0, 0.0, -1.068541294914635e-22, 0.0, 0.0, -1.075039070977755e-22, -1.0657331047519265e-22, 0.0, -7.945568311369931e-23, 0.0, 0.0, 0.0, -6.737938716137316e-23, 0.0, 0.0, 0.0, 0.0, 3.78867643202339e-24, 0.0, 0.0, 1.0, 2.2501677685233268e-22, 0.0, 0.0, 3.379525394268689e-24]","[0.009193527518941109, 0.0, 0.011789043315769736, 0.015353569337109034, 0.0, 0.016811347481028315, 0.0, 0.0, 0.0036150377166367024, 0.0, 0.0, 0.0, 0.0, 0.0, 0.0, 0.0, 0.0077030401310765, 0.0, 0.0, 0.0, 0.0043187685396716136, 0.0044989986750539985, 0.0, 0.010597197821986417, 0.0, 0.8999975858396607, 0.0, 0.006126917132646331, 0.0, 0.009994966490419671]","[0.10067848116159439, 0.0, 0.10067848116159439, 0.0, 0.0, 0.0, 0.10067848116159439, 0.09653238952159882, 0.0, 0.0, 0.0, 0.0, 0.0, 0.0, 0.10067848116159439, 0.0, 0.0, 0.09803971648216248, 0.0, 0.0, 0.0, 0.10067848116159439, 0.0, 0.10067848116159439, 0.0, 0.0, 0.10067848116159439, 0.0, 0.0, 0.10067848116159439]",-0.0017095260148079481
39,1.0376096239892727,"[0.9783619789147004, 1.015030439105309, 1.0125233557231588, 0.98584652452421, 1.0128241074247133, 0.9894163258588368, 1.0166155840474194, 0.9816820312522989, 0.9825853007349156, 1.011609932810689, 1.0069196889680547, 0.9972524371595994, 0.9848253986997452, 0.9851666191895495, 1.0057187311052889, 0.9976989051526365, 0.996093055200271, 1.0029301327801297, 0.9961710003653411, 1.0363946569294507, 1.0318850397504353, 0.99593221251793, 1.0114325976817786, 0.994004192485729, 0.9872796121461981, 0.9977960549684538, 1.005022217747394, 0.99831533425247, 0.9926980040164621, 0.993228568761508]","[0.9828220046148649, 1.0260560515129278, 1.0028372823167861, 0.9930160118901165, 0.9940766342832101, 1.0177479886269156, 1.015486022412105, 1.005133490662908, 0.9978359060377502, 0.9834905572468067, 0.996740402666318, 0.9989707182445652, 0.9827408640461279, 0.9911997045273813, 1.0199505041319739, 1.0062167660798047, 1.0033676104645968, 0.9945296325384491, 0.9738579991515871, 0.9921155564420312, 1.0160348181780525, 0.9933049859222214, 0.9677975142539283, 0.9762604709631127, 0.9826140997737631, 0.9756928289091956, 0.9917532664404856, 0.9988257836427069, 0.9882234417389488, 0.9969968983233817]","[-0.017177995385135092, 0.02605605151292778, 0.0028372823167861494, -0.006983988109883543, -0.0059233657167898635, 0.017747988626915623, 0.01548602241210495, 0.0051334906629079136, -0.0021640939622498134, -0.016509442753193326, -0.003259597333681974, -0.0010292817554348188, -0.017259135953872073, -0.008800295472618735, 0.019950504131973856, 0.006216766079804703, 0.003367610464596771, -0.00547036746155094, -0.026142000848412894, -0.007884443557968801, 0.016034818178052523, -0.006695014077778616, -0.03220248574607165, -0.023739529036887252, -0.017385900226236872, -0.02430717109080438, -0.008246733559514441, -0.0011742163572930897, -0.011776558261051173, -0.003003101676618325]","[0.0, 0.0, 0.10255687683820724, 0.0, 0.09614116698503494, 0.10255687683820724, 0.0, 0.09866295009851456, 0.0, 0.0, 0.0, 0.0, 0.0, 0.0, 0.0, 0.0, 0.0, 0.0, 0.0, 0.10255687683820724, 0.0, 0.10255687683820724, 0.0, 0.0, 0.10057517886161804, 0.08927932381629944, 0.10255687683820724, 0.0, 0.0, 0.10255687683820724]","[0.0, 0.0, 0.0, 0.0, 0.0, 0.0, 0.0, 1.1504873502948479e-22, 1.1494491172070885e-22, 0.0, 0.0, 0.0, 0.0, 0.0, 0.0, 0.0, 0.0, 0.0, 1.1495608338087782e-22, 1.1536489939002238e-22, 0.0, 1.1486349444363134e-22, 1.1485264220741773e-22, 0.0, 0.0, 1.0, 2.527671485105238e-22, 0.0, 2.246355993368856e-22, 3.36384968607681e-22]","[0.0, 0.0, 0.0, 0.0, 0.0, 0.012510467488495752, 0.005732896303785116, 0.008857256947505323, 0.009253379838287931, 0.0, 0.0, 0.0075832216958745665, 0.006486229954632671, 0.0, 0.0, 0.0, 0.00018849578408258654, 0.0, 0.0, 0.0, 0.0, 0.0, 0.0, 0.013276030454045969, 0.0059765443494052975, 0.915769101403452, 0.007093621563447836, 0.0, 0.005579287978153611, 0.0016934662388313436]","[0.0, 0.0, 0.10255689173936844, 0.0, 0.09614118188619614, 0.10255689173936844, 0.0, 0.09866296499967575, 0.0, 0.0, 0.0, 0.0, 0.0, 0.0, 0.0, 0.0, 0.0, 0.0, 0.0, 0.10255689173936844, 0.0, 0.10255689173936844, 0.0, 0.0, 0.10057519376277924, 0.08927933126688004, 0.10255689173936844, 0.0, 0.0, 0.10255689173936844]",-0.0048854063749951505
40,1.0449551059501307,"[0.9828220046148649, 1.0260560515129278, 1.0028372823167861, 0.9930160118901165, 0.9940766342832101, 1.0177479886269156, 1.015486022412105, 1.005133490662908, 0.9978359060377502, 0.9834905572468067, 0.996740402666318, 0.9989707182445652, 0.9827408640461279, 0.9911997045273813, 1.0199505041319739, 1.0062167660798047, 1.0033676104645968, 0.9945296325384491, 0.9738579991515871, 0.9921155564420312, 1.0160348181780525, 0.9933049859222214, 0.9677975142539283, 0.9762604709631127, 0.9826140997737631, 0.9756928289091956, 0.9917532664404856, 0.9988257836427069, 0.9882234417389488, 0.9969968983233817]","[1.0051170267398208, 0.984482031209304, 0.9960032803973728, 1.0120544734606376, 0.9691910203934546, 1.0032639558958067, 1.0087281569391726, 1.0263630468157718, 1.011476590317012, 0.9866259553220457, 1.0102784363936548, 1.004000243948486, 1.0028084092119407, 0.9953068245153072, 1.005147865109587, 0.9997835265452306, 1.0400394548816143, 1.0021628817796215, 0.9917205786587941, 1.004367129243587, 1.0242761992549911, 1.0074580085532978, 0.9997453304551487, 1.0191211444604944, 0.9942633423604336, 0.9978255000382787, 0.9908879054871493, 1.0071020116591414, 0.9920955248867567, 1.0020186495807473]","[0.00511702673982084, -0.015517968790696002, -0.003996719602627152, 0.012054473460637594, -0.030808979606545384, 0.003263955895806747, 0.008728156939172615, 0.02636304681577184, 0.011476590317011981, -0.013374044677954333, 0.010278436393654777, 0.004000243948486082, 0.002808409211940699, -0.004693175484692835, 0.005147865109587091, -0.00021647345476938362, 0.04003945488161431, 0.0021628817796215394, -0.00827942134120585, 0.0043671292435869535, 0.024276199254991138, 0.007458008553297812, -0.0002546695448513159, 0.0191211444604944, -0.005736657639566434, -0.0021744999617212546, -0.009112094512850666, 0.007102011659141372, -0.007904475113243326, 0.002018649580747267]","[0.0, 0.0, 0.0, 0.0, 0.0, 0.0, 0.0, 0.01663002371788025, 0.16123898327350616, 0.16123898327350616, 0.0, 0.0, 0.0, 0.0, 0.0, 0.0, 0.12394630163908005, 0.0, 0.0, 0.0, 0.04665503278374672, 0.14049383997917175, 0.0, 0.0, 0.0, 0.0, 0.0, 0.1291380226612091, 0.15710434317588806, 0.06355450302362442]","[0.0, 0.0, 0.0, 3.368968810149294e-22, 0.0, 0.0, 0.0, 0.0, 0.0, 2.2601124665494284e-22, 1.0, 0.0, 0.0, 0.0, 2.258664831230264e-22, 0.0, 3.3669461732843125e-22, 4.475490378891272e-22, 0.0, 0.0, 0.0, 0.0, 4.472287224870395e-22, 0.0, 3.3644793832626776e-22, 0.0, 3.502210167885381e-22, 4.481592231428443e-22, 0.0, 0.0]","[0.019899657950837146, 0.0, 0.006540175477001601, 0.0010643997695976438, 0.004558941734455976, 0.015120459752315116, 0.000689356166999489, 0.006501121622657522, 0.0, 0.0, 0.8899353009135751, 0.014871179921027088, 0.0029102286038991203, 0.005579058186929261, 0.0, 0.0, 0.0, 0.0, 0.0, 0.0, 0.0058024095153043865, 0.004397732012558489, 0.0, 0.0, 0.0, 0.005872727680842662, 0.0, 0.0009994463899822097, 0.0152578043020173, 0.0]","[0.0, 0.0, 0.0, 0.0, 0.0, 0.0, 0.0, 0.01663002371788025, 0.16123898327350616, 0.16123898327350616, 0.0, 0.0, 0.0, 0.0, 0.0, 0.0, 0.12394630163908005, 0.0, 0.0, 0.0, 0.04665503278374672, 0.14049383997917175, 0.0, 0.0, 0.0, 0.0, 0.0, 0.1291380226612091, 0.15710434317588806, 0.06355450302362442]",0.006565750609826219
41,1.0420454567699315,"[1.0051170267398208, 0.984482031209304, 0.9960032803973728, 1.0120544734606376, 0.9691910203934546, 1.0032639558958067, 1.0087281569391726, 1.0263630468157718, 1.011476590317012, 0.9866259553220457, 1.0102784363936548, 1.004000243948486, 1.0028084092119407, 0.9953068245153072, 1.005147865109587, 0.9997835265452306, 1.0400394548816143, 1.0021628817796215, 0.9917205786587941, 1.004367129243587, 1.0242761992549911, 1.0074580085532978, 0.9997453304551487, 1.0191211444604944, 0.9942633423604336, 0.9978255000382787, 0.9908879054871493, 1.0071020116591414, 0.9920955248867567, 1.0020186495807473]","[0.9950723857610284, 0.9985704543066131, 1.0123561756319723, 1.0167841204471164, 1.0004813075803, 0.9750396138968124, 0.9973376964288192, 1.0063690076112464, 0.973160261726233, 0.9876942705772436, 0.9881364327137326, 1.0080569937674515, 0.993019341802807, 1.0247921409550442, 1.0010426353868251, 1.0085788109029568, 1.022846249066722, 0.9995674779663559, 0.998108951094378, 1.0028837473727972, 1.0093479623968136, 0.9954567990247919, 1.0207786787289848, 1.0437306896648515, 1.004953617141623, 0.986756063936502, 1.0070432006902614, 0.9998389571067804, 0.9945394028835182, 1.0124464145216965]","[-0.004927614238971589, -0.0014295456933869355, 0.012356175631972333, 0.016784120447116413, 0.00048130758030007215, -0.024960386103187626, -0.002662303571180802, 0.006369007611246369, -0.026839738273766955, -0.012305729422756428, -0.011863567286267362, 0.008056993767451504, -0.006980658197192957, 0.02479214095504423, 0.0010426353868251415, 0.008578810902956757, 0.022846249066722057, -0.00043252203364407826, -0.0018910489056219726, 0.002883747372797174, 0.00934796239681357, -0.004543200975208106, 0.020778678728984756, 0.043730689664851496, 0.004953617141622901, -0.013243936063498052, 0.007043200690261431, -0.00016104289321960952, -0.005460597116481836, 0.01244641452169648]","[0.1121641993522644, 0.0, 0.0, 0.0, 0.08594609051942825, 0.0, 0.09572398662567139, 0.1121641993522644, 0.09734814614057541, 0.1121641993522644, 0.07718537002801895, 0.0, 0.0, 0.0, 0.0, 0.0, 0.08297548443078995, 0.0, 0.0, 0.0, 0.0, 0.1121641993522644, 0.0, 0.0, 0.0, 0.0, 0.1121641993522644, 0.0, 0.0, 0.0]","[0.0, 0.0, 0.0, 0.0, 0.0, 0.0, -1.0547786617164704e-22, 0.0, -1.0651673840314e-22, -2.159677508755595e-22, 1.0, 0.0, 0.0, -4.9890841794646276e-23, 0.0, 0.0, 0.0, -1.0573538206421434e-22, 0.0, 0.0, 0.0, 0.0, 4.7507115652398595e-24, 4.766144547248252e-24, 2.2720191628736916e-22, 0.0, 0.0, 0.0, 0.0, -1.0602102577227045e-22]","[0.0026102821950824795, 0.0010213175133615, 0.0, 0.0, 0.0, 0.0, 0.004929153754494819, 0.0, 0.0, 0.0005584907893996703, 0.9202948790820703, 0.0, 0.0, 0.0, 0.00330978767687694, 0.003148649037257444, 0.002698091990785743, 0.0, 0.020860264002329657, 0.010904794637883327, 0.001991645306864899, 0.004309880498128515, 0.0, 0.0062914449981830226, 0.003284349744798307, 0.0, 0.0, 0.0, 0.008404757376816386, 0.0053822113956666995]","[0.1121641993522644, 0.0, 0.0, 0.0, 0.08594609051942825, 0.0, 0.09572398662567139, 0.1121641993522644, 0.09734814614057541, 0.1121641993522644, 0.07718537002801895, 0.0, 0.0, 0.0, 0.0, 0.0, 0.08297548443078995, 0.0, 0.0, 0.0, 0.0, 0.1121641993522644, 0.0, 0.0, 0.0, 0.0, 0.1121641993522644, 0.0, 0.0, 0.0]",-0.0032309840217106126
42,1.0503544405830818,"[0.9950723857610284, 0.9985704543066131, 1.0123561756319723, 1.0167841204471164, 1.0004813075803, 0.9750396138968124, 0.9973376964288192, 1.0063690076112464, 0.973160261726233, 0.9876942705772436, 0.9881364327137326, 1.0080569937674515, 0.993019341802807, 1.0247921409550442, 1.0010426353868251, 1.0085788109029568, 1.022846249066722, 0.9995674779663559, 0.998108951094378, 1.0028837473727972, 1.0093479623968136, 0.9954567990247919, 1.0207786787289848, 1.0437306896648515, 1.004953617141623, 0.986756063936502, 1.0070432006902614, 0.9998389571067804, 0.9945394028835182, 1.0124464145216965]","[0.9892820970001135, 1.0035282653519937, 0.9941440018794039, 1.0118307552586885, 1.0103878957706849, 1.0523108784329864, 0.9797638044353005, 0.9936821321124014, 1.0081701995368497, 1.015012531802176, 1.0138909092901565, 0.9888435813422443, 1.024007319001334, 1.0084735061008763, 1.007281556606525, 0.996019091605629, 0.9919499583921582, 0.9976297062370069, 0.9902905795263577, 1.0265611299819013, 0.9816819003998294, 1.0264881433365824, 1.0015998915116364, 1.0044767419136988, 0.9958275575019911, 0.9719432505784072, 1.0050189943956245, 0.9946034657815594, 0.989330617812316, 1.007807587959172]","[-0.010717902999886508, 0.003528265351993687, -0.005855998120596118, 0.011830755258688486, 0.010387895770684885, 0.05231087843298643, -0.020236195564699466, -0.006317867887598583, 0.00817019953684972, 0.015012531802176099, 0.013890909290156461, -0.01115641865775574, 0.024007319001333904, 0.008473506100876271, 0.007281556606524964, -0.003980908394371041, -0.00805004160784184, -0.0023702937629931364, -0.009709420473642316, 0.0265611299819013, -0.018318099600170612, 0.026488143336582448, 0.0015998915116364198, 0.004476741913698845, -0.004172442498008855, -0.028056749421592753, 0.0050189943956244765, -0.005396534218440552, -0.010669382187683984, 0.007807587959171913]","[0.0, 0.0, 0.0, 0.10872986167669296, 0.0, 0.10872986167669296, 0.0, 0.0, 0.10872986167669296, 0.10872986167669296, 0.0, 0.0, 0.0, 0.0, 0.09741778671741486, 0.0, 0.10872986167669296, 0.10872986167669296, 0.0, 0.0, 0.0, 0.0, 0.08665218204259872, 0.0, 0.07833840698003769, 0.0, 0.0, 0.0, 0.08521246165037155, 0.0]","[4.490542688150426e-22, 5.042065955533115e-22, 0.0, 0.0, 0.0, 4.495991308175588e-22, 3.390618521793809e-22, 0.0, 0.0, 0.0, 1.0, 4.494217175961853e-22, 0.0, 0.0, 0.0, 0.0, 6.167371484148204e-22, 3.387965614617025e-22, 0.0, 0.0, 0.0, 3.386146697198142e-22, 0.0, 0.0, 0.0, 0.0, 4.4965757206163e-22, 0.0, 0.0, 0.0]","[0.013144692136228176, 0.005204669321726453, 0.0020770686057700796, 0.011387383386855182, 0.00856456094156265, 0.0, 0.004645960624633689, 0.0043705474088392045, 0.0, 0.0, 0.8905516676553924, 0.0, 0.0003867758031493612, 0.0, 0.0020813960470551607, 0.0, 0.0, 0.014061856966304775, 0.021970613988343116, 0.01099281625978875, 0.0, 0.0003215215284686988, 0.0, 0.0, 0.0056947377809148676, 0.0, 0.0, 0.0, 0.0015500454124512545, 0.0029936861325160448]","[0.0, 0.0, 0.0, 0.10872986167669296, 0.0, 0.10872986167669296, 0.0, 0.0, 0.10872986167669296, 0.10872986167669296, 0.0, 0.0, 0.0, 0.0, 0.09741778671741486, 0.0, 0.10872986167669296, 0.10872986167669296, 0.0, 0.0, 0.0, 0.0, 0.08665218204259872, 0.0, 0.07833840698003769, 0.0, 0.0, 0.0, 0.08521246165037155, 0.0]",0.007534621902261693
43,1.0511838279398222,"[0.9892820970001135, 1.0035282653519937, 0.9941440018794039, 1.0118307552586885, 1.0103878957706849, 1.0523108784329864, 0.9797638044353005, 0.9936821321124014, 1.0081701995368497, 1.015012531802176, 1.0138909092901565, 0.9888435813422443, 1.024007319001334, 1.0084735061008763, 1.007281556606525, 0.996019091605629, 0.9919499583921582, 0.9976297062370069, 0.9902905795263577, 1.0265611299819013, 0.9816819003998294, 1.0264881433365824, 1.0015998915116364, 1.0044767419136988, 0.9958275575019911, 0.9719432505784072, 1.0050189943956245, 0.9946034657815594, 0.989330617812316, 1.007807587959172]","[1.0191561498336026, 1.0170265268967438, 1.0178690699814745, 1.0011782791088844, 1.0089794615621668, 1.0126770244359353, 1.0042444142417304, 0.9907777916282297, 1.011809387138723, 0.9930520308879158, 0.9952670413652589, 0.9937487846470786, 1.0247455931966585, 1.0260264114361484, 1.0022780835134888, 1.0199616249100836, 0.9903880681591977, 0.985612431861308, 0.9854637180007189, 0.993822762013424, 0.9791255411749441, 1.0095983922324976, 0.9956386346828372, 1.019287064433869, 1.000217240103013, 0.9972533082117757, 0.9888614724062734, 1.011124830266738, 1.0135600657866428, 1.006467183051483]","[0.019156149833602587, 0.017026526896743777, 0.017869069981474528, 0.0011782791088843503, 0.00897946156216678, 0.012677024435935325, 0.004244414241730388, -0.009222208371770346, 0.011809387138723038, -0.0069479691120841736, -0.004732958634741102, -0.006251215352921391, 0.024745593196658477, 0.026026411436148367, 0.0022780835134887933, 0.019961624910083575, -0.009611931840802335, -0.01438756813869202, -0.014536281999281142, -0.00617723798657599, -0.020874458825055897, 0.009598392232497588, -0.004361365317162802, 0.01928706443386896, 0.00021724010301293895, -0.002746691788224287, -0.011138527593726577, 0.01112483026673794, 0.013560065786642816, 0.006467183051483083]","[0.0, 0.0, 0.0, 0.10760241001844406, 0.0, 0.0, 0.0, 0.08223280310630798, 0.10760241001844406, 0.0, 0.0, 0.10760241001844406, 0.0, 0.10760241001844406, 0.0, 0.0, 0.10760241001844406, 0.0, 0.0, 0.10760241001844406, 0.10760241001844406, 0.0, 0.0, 0.10131079703569412, 0.06323950737714767, 0.0, 0.0, 0.0, 0.0, 0.0]","[0.0, 2.4022608850295443e-22, 0.0, 2.2796670015936074e-22, 0.0, 0.0, 0.0, 0.0, 0.0, 4.500279118485086e-22, 1.0, 2.826113271616897e-22, 3.3834197822651628e-22, 3.94479835854759e-22, 0.0, 0.0, 0.0, 3.38453330584009e-22, 0.0, 3.3789762204295033e-22, 0.0, 0.0, 0.0, 0.0, 0.0, 0.0, 0.0, 4.503239185356982e-22, 0.0, 0.0]","[0.0019177110867153516, 0.015612843332378721, 0.0, 0.0010340485289504335, 0.0, 0.0, 0.0, 0.0, 0.004693409958400774, 0.0, 0.9155523790344213, 0.007231803399896876, 0.0040755694233773725, 0.0011851947876389496, 0.0029973410724907397, 0.0, 0.0, 0.00849237540725222, 0.0, 0.0, 0.0, 0.0015907550328030104, 0.0, 0.008239496972877325, 0.005173959451039416, 0.0008658667351208425, 0.006847838963728777, 0.0, 0.0, 0.01448940681290804]","[0.0, 0.0, 0.0, 0.10760241746902466, 0.0, 0.0, 0.0, 0.08223281055688858, 0.10760241746902466, 0.0, 0.0, 0.10760241746902466, 0.0, 0.10760241746902466, 0.0, 0.0, 0.10760241746902466, 0.0, 0.0, 0.10760241746902466, 0.10760241746902466, 0.0, 0.0, 0.10131080448627472, 0.06323951482772827, 0.0, 0.0, 0.0, 0.0, 0.0]",0.00037218772154377824
44,1.0588400476161128,"[1.0191561498336026, 1.0170265268967438, 1.0178690699814745, 1.0011782791088844, 1.0089794615621668, 1.0126770244359353, 1.0042444142417304, 0.9907777916282297, 1.011809387138723, 0.9930520308879158, 0.9952670413652589, 0.9937487846470786, 1.0247455931966585, 1.0260264114361484, 1.0022780835134888, 1.0199616249100836, 0.9903880681591977, 0.985612431861308, 0.9854637180007189, 0.993822762013424, 0.9791255411749441, 1.0095983922324976, 0.9956386346828372, 1.019287064433869, 1.000217240103013, 0.9972533082117757, 0.9888614724062734, 1.011124830266738, 1.0135600657866428, 1.006467183051483]","[1.0117082785009217, 1.015547819618372, 0.9915672093134392, 0.9959856124930723, 0.9913635949984226, 1.0018458614973746, 0.9966094019144812, 1.0255290389693075, 1.003878722186826, 0.9985885563980615, 0.9894229085360359, 1.002452382527868, 1.0029714975646187, 1.0173539512533398, 1.002369538002313, 1.0142911539480104, 0.9869104595940895, 0.9934971326005992, 1.0087747175644164, 1.0059952003928423, 1.0091797871715769, 1.0049390938327176, 1.0039802800443396, 0.9964799747788039, 1.016445353718678, 0.9967113338067345, 1.0179954971191711, 0.9914877960000021, 1.022280929129371, 0.9995196005047948]","[0.01170827850092171, 0.015547819618372039, -0.008432790686560776, -0.00401438750692773, -0.008636405001577363, 0.0018458614973746457, -0.003390598085518781, 0.02552903896930747, 0.0038787221868259447, -0.0014114436019384557, -0.010577091463964128, 0.0024523825278679467, 0.0029714975646186748, 0.017353951253339828, 0.0023695380023129875, 0.014291153948010393, -0.013089540405910483, -0.006502867399400758, 0.00877471756441639, 0.0059952003928422926, 0.009179787171576859, 0.004939093832717623, 0.00398028004433959, -0.003520025221196099, 0.016445353718677946, -0.0032886661932655104, 0.017995497119171144, -0.008512203999997858, 0.022280929129371074, -0.0004803994952051749]","[0.0, 0.0, 0.09337013959884644, 0.0, 0.0, 0.0, 0.0, 0.10382505506277084, 0.0, 0.0, 0.0, 0.0, 0.0, 0.0990598276257515, 0.0, 0.0, 0.11036362498998642, 0.0, 0.0, 0.0, 0.11036362498998642, 0.11036362498998642, 0.09365168958902359, 0.07736244052648544, 0.09127631783485413, 0.0, 0.11036362498998642, 0.0, 0.0, 0.0]","[-2.1687106854320985e-22, -1.340325896890997e-22, -2.1647598186617827e-22, 0.0, 0.0, 0.0, 0.0, -1.9006603639963668e-22, 0.0, 0.0, 1.0, 0.0, -2.1624564311310138e-22, 0.0, -3.2670766811562515e-22, 0.0, 0.0, 0.0, 0.0, 0.0, 0.0, -2.1659883946106933e-22, 0.0, 0.0, -2.163311631078355e-22, 0.0, 0.0, -3.2632341650783803e-22, 0.0, 0.0]","[0.0016281700521120176, 0.0, 0.0, 0.0016835280433489827, 0.0, 0.0, 0.0, 0.0012822812182677924, 0.0, 0.0010039939362613973, 0.9444759196259412, 0.0, 0.0015497454043774308, 0.0, 0.0, 0.0, 0.005152516368642602, 0.0, 0.0, 0.0026195325468758007, 0.010336309232970435, 0.005514202922737872, 0.004307617634291601, 0.0, 0.005001273441852517, 0.009767284322802104, 0.0, 0.0, 0.0055061369133953845, 0.00017148833612275918]","[0.0, 0.0, 0.09337013959884644, 0.0, 0.0, 0.0, 0.0, 0.10382505506277084, 0.0, 0.0, 0.0, 0.0, 0.0, 0.0990598276257515, 0.0, 0.0, 0.11036362498998642, 0.0, 0.0, 0.0, 0.11036362498998642, 0.11036362498998642, 0.09365168958902359, 0.07736244052648544, 0.09127631783485413, 0.0, 0.11036362498998642, 0.0, 0.0, 0.0]",0.006834956138963676
45,1.0608685213979012,"[1.0117082785009217, 1.015547819618372, 0.9915672093134392, 0.9959856124930723, 0.9913635949984226, 1.0018458614973746, 0.9966094019144812, 1.0255290389693075, 1.003878722186826, 0.9985885563980615, 0.9894229085360359, 1.002452382527868, 1.0029714975646187, 1.0173539512533398, 1.002369538002313, 1.0142911539480104, 0.9869104595940895, 0.9934971326005992, 1.0087747175644164, 1.0059952003928423, 1.0091797871715769, 1.0049390938327176, 1.0039802800443396, 0.9964799747788039, 1.016445353718678, 0.9967113338067345, 1.0179954971191711, 0.9914877960000021, 1.022280929129371, 0.9995196005047948]","[0.9996067862568252, 1.002363777337873, 1.009879575266283, 1.0158890242037788, 1.009169692772496, 1.0127063992923289, 0.9926667111253111, 1.0072303521934831, 0.9881917494303013, 0.9917574141222161, 1.0004750479762554, 1.0078559453263962, 0.9894643446029667, 0.997206579180941, 1.0122451615950372, 1.0149362125314532, 0.9772639527085601, 0.9898122564828732, 0.9881319025366421, 1.0020240404651575, 1.0270722211076235, 0.9897590904512851, 0.9817138924379056, 1.0055202181888956, 0.9862559979038528, 0.9990313628887443, 0.9989680938756788, 1.0112811161453026, 0.9999719842645719, 0.9775852884513644]","[-0.00039321374317480284, 0.002363777337873074, 0.009879575266283025, 0.0158890242037788, 0.009169692772496019, 0.012706399292328863, -0.00733328887468887, 0.007230352193483114, -0.011808250569698697, -0.008242585877783926, 0.00047504797625541606, 0.007855945326396219, -0.010535655397033272, -0.002793420819058978, 0.01224516159503719, 0.014936212531453164, -0.022736047291439854, -0.010187743517126813, -0.01186809746335793, 0.002024040465157473, 0.02707222110762353, -0.010240909548714927, -0.018286107562094367, 0.005520218188895587, -0.013744002096147234, -0.0009686371112557213, -0.0010319061243212468, 0.011281116145302583, -2.8015735428099653e-05, -0.022414711548635613]","[0.0, 0.0, 0.10531440377235413, 0.0, 0.0, 0.10531440377235413, 0.0, 0.10531440377235413, 0.10531440377235413, 0.0, 0.0, 0.0, 0.0, 0.0, 0.10531440377235413, 0.0, 0.0, 0.07674521207809448, 0.08073948323726654, 0.0, 0.0, 0.0, 0.0, 0.10531440377235413, 0.0, 0.0, 0.10531440377235413, 0.0, 0.10531440377235413, 0.0]","[3.5004641562887796e-21, 0.0, 0.0, 3.959197479526412e-21, 0.0, 0.0, 2.89988054758965e-21, 0.0, 0.0, 0.0, 0.9523090998378269, 0.0, 1.958275714706576e-21, 0.047690900162173075, 0.0, 0.0, 1.6877469335990235e-21, 0.0, 0.0, 0.0, 0.0, 0.0, 0.0, 1.944437820979468e-21, 2.463720569491817e-21, 0.0, 0.0, 4.304494497391049e-21, 0.0, 0.0]","[0.00011039885095501108, 0.004346145985271168, 0.006314177760073352, 0.008589295234788834, 0.005876227370320687, 0.00206572536384707, 0.0, 0.004685453985513708, 0.004173477318651944, 0.0, 0.8075970576744239, 0.0, 0.013523710368495308, 0.04565093461105839, 0.0, 0.018757052277406535, 0.0, 0.008559253810507003, 0.015601925845868092, 0.01890428063343868, 0.0, 0.0, 0.0, 0.0069395239082261735, 0.0, 0.0007014534057047978, 0.009580037150048331, 0.017707978796387486, 0.0, 0.0003158896490133572]","[0.0, 0.0, 0.10531441867351532, 0.0, 0.0, 0.10531441867351532, 0.0, 0.10531441867351532, 0.10531441867351532, 0.0, 0.0, 0.0, 0.0, 0.0, 0.10531441867351532, 0.0, 0.0, 0.07674521952867508, 0.08073949068784714, 0.0, 0.0, 0.0, 0.0, 0.10531441867351532, 0.0, 0.0, 0.10531441867351532, 0.0, 0.10531441867351532, 0.0]",0.0015983484457117191
46,1.060961919862689,"[0.9996067862568252, 1.002363777337873, 1.009879575266283, 1.0158890242037788, 1.009169692772496, 1.0127063992923289, 0.9926667111253111, 1.0072303521934831, 0.9881917494303013, 0.9917574141222161, 1.0004750479762554, 1.0078559453263962, 0.9894643446029667, 0.997206579180941, 1.0122451615950372, 1.0149362125314532, 0.9772639527085601, 0.9898122564828732, 0.9881319025366421, 1.0020240404651575, 1.0270722211076235, 0.9897590904512851, 0.9817138924379056, 1.0055202181888956, 0.9862559979038528, 0.9990313628887443, 0.9989680938756788, 1.0112811161453026, 0.9999719842645719, 0.9775852884513644]","[0.9907831785124048, 0.9970271412097503, 1.0100802558991457, 1.0078645516475184, 1.0168159477171412, 0.9781738051768343, 1.0089174171710935, 0.983886157767494, 0.9790435230804629, 0.9998617452620089, 0.9733789665671824, 1.0085310969373527, 0.9959683846325408, 1.0039023015199053, 1.0064600570521975, 0.983335379365973, 1.0140724804447638, 1.00968417316197, 0.9877226674146846, 1.0166494568176032, 0.998352548178442, 0.9896411998520267, 1.0007926379279202, 0.978390453643197, 0.991702693946449, 1.0027566298978887, 1.0093394197097987, 1.010481542488064, 1.0116353291029994, 1.0017390994015807]","[-0.009216821487595173, -0.002972858790249666, 0.01008025589914574, 0.007864551647518425, 0.016815947717141233, -0.021826194823165723, 0.008917417171093511, -0.016113842232506004, -0.02095647691953706, -0.00013825473799111698, -0.02662103343281763, 0.008531096937352656, -0.004031615367459218, 0.003902301519905338, 0.006460057052197543, -0.01666462063402696, 0.014072480444763835, 0.0096841731619699, -0.012277332585315381, 0.016649456817603214, -0.0016474518215580103, -0.010358800147973302, 0.0007926379279201701, -0.02160954635680301, -0.008297306053550946, 0.0027566298978887183, 0.00933941970979868, 0.010481542488063988, 0.011635329102999359, 0.0017390994015806793]","[0.11047715693712234, 0.0, 0.11047715693712234, 0.0, 0.0, 0.07979559153318405, 0.0, 0.0, 0.0, 0.0, 0.0, 0.08605116605758667, 0.0, 0.0, 0.0, 0.0, 0.0, 0.0, 0.0, 0.0, 0.10199318081140518, 0.0, 0.11047715693712234, 0.0, 0.11047715693712234, 0.0, 0.06929709017276764, 0.11047715693712234, 0.0, 0.11047715693712234]","[1.1388701630570175e-22, 0.0, 0.0, 0.0, 3.441035911232877e-24, 2.24898271233574e-22, 0.0, 1.0, 0.0, 2.2518300493819062e-22, 0.0, 2.2464958805632506e-22, 1.1372251796686043e-22, 0.0, 0.0, 0.0, 0.0, 2.2454675623169193e-22, 0.0, 3.0476548716564206e-24, 0.0, 2.931265908454781e-24, 0.0, 0.0, 0.0, 0.0, 0.0, 0.0, 0.0, 0.0]","[0.0, 0.0, 0.0, 0.008510773193950601, 0.008612180154850069, 0.0, 0.00779576078901511, 0.8867000930956163, 0.00441098455623017, 0.020321057528598977, 0.00547005540495382, 0.004089332317972248, 0.0, 0.0, 0.0, 0.0, 0.0, 0.0, 0.0003933373022646318, 0.0, 0.012781060455335365, 0.00017449050916825933, 0.00278030742315671, 0.013977251453506614, 0.0039798296180131145, 0.0011976258201260763, 0.01320848494112581, 0.0036322220202283356, 0.0, 0.0019651534158876883]","[0.11047716438770294, 0.0, 0.11047716438770294, 0.0, 0.0, 0.07979559898376465, 0.0, 0.0, 0.0, 0.0, 0.0, 0.08605117350816727, 0.0, 0.0, 0.0, 0.0, 0.0, 0.0, 0.0, 0.0, 0.10199318826198578, 0.0, 0.11047716438770294, 0.0, 0.11047716438770294, 0.0, 0.06929709762334824, 0.11047716438770294, 0.0, 0.11047716438770294]",-0.0002606373773456164
47,1.0618392980096332,"[0.9907831785124048, 0.9970271412097503, 1.0100802558991457, 1.0078645516475184, 1.0168159477171412, 0.9781738051768343, 1.0089174171710935, 0.983886157767494, 0.9790435230804629, 0.9998617452620089, 0.9733789665671824, 1.0085310969373527, 0.9959683846325408, 1.0039023015199053, 1.0064600570521975, 0.983335379365973, 1.0140724804447638, 1.00968417316197, 0.9877226674146846, 1.0166494568176032, 0.998352548178442, 0.9896411998520267, 1.0007926379279202, 0.978390453643197, 0.991702693946449, 1.0027566298978887, 1.0093394197097987, 1.010481542488064, 1.0116353291029994, 1.0017390994015807]","[0.9967854002979991, 0.996535462148234, 0.979831471434038, 1.013465554264072, 1.0047977230455611, 1.0049727945178357, 1.0023749592868347, 1.0131107461948543, 0.9849394321995509, 1.001756264703828, 0.9720123477370376, 1.006022910601782, 1.0085118662710317, 0.9951141107398246, 0.9867022988247063, 1.00336630961332, 0.9955050186811376, 0.9952725834229673, 0.993321768578321, 1.006249466903252, 0.9932509928280319, 1.0025775754733488, 0.9905587108578133, 1.0093016420571916, 1.009870018586038, 1.0050143450671352, 0.9865598924878437, 0.9718288946284808, 0.9914133439250883, 0.9973756731750064]","[-0.0032145997020008865, -0.0034645378517660363, -0.020168528565961963, 0.013465554264072033, 0.004797723045561142, 0.004972794517835721, 0.0023749592868347325, 0.013110746194854306, -0.015060567800449065, 0.0017562647038280588, -0.027987652262962404, 0.00602291060178195, 0.008511866271031732, -0.004885889260175413, -0.013297701175293719, 0.003366309613320073, -0.00449498131886239, -0.004727416577032684, -0.006678231421679004, 0.00624946690325201, -0.0067490071719681355, 0.002577575473348803, -0.00944128914218667, 0.00930164205719164, 0.009870018586038087, 0.005014345067135162, -0.013440107512156296, -0.028171105371519234, -0.008586656074911714, -0.0026243268249935836]","[0.0, 0.08079008758068085, 0.0, 0.0, 0.08303027600049973, 0.0, 0.11418411880731583, 0.0, 0.0, 0.0, 0.0, 0.0, 0.08696097135543823, 0.0, 0.0, 0.0, 0.0, 0.11492112278938293, 0.0, 0.11613982915878296, 0.08007721602916718, 0.11613982915878296, 0.11613982915878296, 0.09161675721406937, 0.0, 0.0, 0.0, 0.0, 0.0, 0.0]","[0.0, 3.0048078236733467e-22, 0.0, 0.0, 2.264101949478538e-22, 2.2781132495991035e-22, 0.0, 0.0, 0.0, 0.0, 0.0, 1.714952436512402e-22, 0.0, 1.8698307018485107e-22, 2.278721605817182e-22, 0.0, 0.0, 0.0, 0.0, 0.0, 2.5477150727419757e-22, 0.0, 2.281180758740808e-22, 0.0, 0.0, 0.0, 1.0, 2.2831563160480024e-22, 0.0, 0.0]","[0.0, 0.0003581452797518906, 0.00529623372429409, 0.004278070672703062, 0.0, 0.009629703746779432, 0.0, 0.001495453728016104, 0.012327250435974919, 0.004837389735055231, 0.01741064362716333, 0.0, 0.001029802918727194, 0.008467316565415486, 0.00815356084657435, 0.009026169094160898, 0.0, 0.0, 0.011509706500450363, 0.01524609324158492, 0.008702093554309707, 0.0, 0.004660889040784522, 0.01040123387981817, 0.003563411967597426, 0.0, 0.8565153631880162, 0.000588661218221312, 0.002631466921825013, 0.003871340112776407]","[0.0, 0.08079008758068085, 0.0, 0.0, 0.08303027600049973, 0.0, 0.11418411880731583, 0.0, 0.0, 0.0, 0.0, 0.0, 0.08696097135543823, 0.0, 0.0, 0.0, 0.0, 0.11492112278938293, 0.0, 0.11613982915878296, 0.08007721602916718, 0.11613982915878296, 0.11613982915878296, 0.09161675721406937, 0.0, 0.0, 0.0, 0.0, 0.0, 0.0]",0.00042155019201476365
48,1.0598332689582093,"[0.9967854002979991, 0.996535462148234, 0.979831471434038, 1.013465554264072, 1.0047977230455611, 1.0049727945178357, 1.0023749592868347, 1.0131107461948543, 0.9849394321995509, 1.001756264703828, 0.9720123477370376, 1.006022910601782, 1.0085118662710317, 0.9951141107398246, 0.9867022988247063, 1.00336630961332, 0.9955050186811376, 0.9952725834229673, 0.993321768578321, 1.006249466903252, 0.9932509928280319, 1.0025775754733488, 0.9905587108578133, 1.0093016420571916, 1.009870018586038, 1.0050143450671352, 0.9865598924878437, 0.9718288946284808, 0.9914133439250883, 0.9973756731750064]","[1.010854017070573, 1.0027158058589196, 0.970684865866954, 0.9868941346409257, 1.014083064698887, 0.9990584399939101, 0.9847754544240346, 1.0109407379394726, 0.9955942586682456, 0.9947180834808613, 0.9780842573200249, 1.0182994574636872, 1.011162511090033, 0.9986815696185926, 0.9978514769877364, 0.9857171492829709, 1.004030804492285, 0.990853466725524, 1.0106498297903914, 1.0043455030737332, 0.9883070502656538, 0.993831078417179, 1.0052453160288823, 0.9974381340677825, 0.9997804237379044, 1.0012120635601898, 0.9969239330123483, 0.9755586281575831, 0.9779278042008325, 0.9875376448844215]","[0.010854017070573097, 0.0027158058589196177, -0.029315134133045984, -0.01310586535907432, 0.014083064698886982, -0.0009415600060899143, -0.01522454557596542, 0.010940737939472589, -0.00440574133175442, -0.005281916519138674, -0.021915742679975092, 0.01829945746368722, 0.011162511090033078, -0.0013184303814074427, -0.002148523012263648, -0.01428285071702906, 0.0040308044922849895, -0.00914653327447601, 0.010649829790391419, 0.004345503073733159, -0.011692949734346203, -0.0061689215828210076, 0.005245316028882341, -0.002561865932217522, -0.00021957626209556658, 0.001212063560189769, -0.0030760669876517266, -0.024441371842416904, -0.022072195799167527, -0.012462355115578472]","[0.09999999403953552, 0.0, 0.0, 0.09999999403953552, 0.09999999403953552, 0.0, 0.09999999403953552, 0.09999999403953552, 0.0, 0.09999999403953552, 0.0, 0.0, 0.0, 0.0, 0.0, 0.0, 0.0, 0.0, 0.0, 0.0, 0.09999999403953552, 0.09999999403953552, 0.0, 0.0, 0.09999999403953552, 0.0, 0.09999999403953552, 0.0, 0.0, 0.0]","[-2.1933808212679275e-22, 1.0, 0.0, 0.0, 0.0, 0.0, 0.0, 0.0, 0.0, 0.0, 0.0, 0.0, 0.0, -7.902928639326518e-23, 0.0, 0.0, -3.293490916192633e-22, -3.2912371041016e-22, 0.0, -3.2921373688374876e-22, -2.748006683367157e-22, 0.0, 0.0, 0.0, 0.0, 0.0, -1.4957175904675612e-22, -3.2849594801967913e-22, 0.0, -3.295085489489495e-22]","[0.0, 0.8923820611578211, 0.0, 0.0, 0.0, 0.0, 0.0, 0.014277119751341657, 0.0012799621822472318, 0.0, 0.0024423871789207036, 0.011329686838146993, 0.0, 0.0, 0.009694946390958283, 0.0, 0.0059946111288688075, 0.0061321606864941985, 0.009207178849088511, 0.005629062876561806, 0.0, 0.00690699069169851, 0.0, 0.018716767684749502, 0.002912570495238678, 0.010990295207700557, 0.0, 0.0, 0.0021041988801630616, 0.0]","[0.09999999403953552, 0.0, 0.0, 0.09999999403953552, 0.09999999403953552, 0.0, 0.09999999403953552, 0.09999999403953552, 0.0, 0.09999999403953552, 0.0, 0.0, 0.0, 0.0, 0.0, 0.0, 0.0, 0.0, 0.0, 0.0, 0.09999999403953552, 0.09999999403953552, 0.0, 0.0, 0.09999999403953552, 0.0, 0.09999999403953552, 0.0, 0.0, 0.0]",-0.002326501473986179
49,1.050815778935416,"[1.010854017070573, 1.0027158058589196, 0.970684865866954, 0.9868941346409257, 1.014083064698887, 0.9990584399939101, 0.9847754544240346, 1.0109407379394726, 0.9955942586682456, 0.9947180834808613, 0.9780842573200249, 1.0182994574636872, 1.011162511090033, 0.9986815696185926, 0.9978514769877364, 0.9857171492829709, 1.004030804492285, 0.990853466725524, 1.0106498297903914, 1.0043455030737332, 0.9883070502656538, 0.993831078417179, 1.0052453160288823, 0.9974381340677825, 0.9997804237379044, 1.0012120635601898, 0.9969239330123483, 0.9755586281575831, 0.9779278042008325, 0.9875376448844215]","[0.9952002181868469, 0.9950506269400382, 1.0107448026032277, 1.0018931558158535, 1.0128793659987891, 1.0117456842132118, 1.0086301518631393, 0.9918452016414315, 0.993380015959277, 0.9580988776963499, 0.989414845892398, 0.981390370953388, 1.0145042707335477, 0.9734108490213643, 1.0100890220708432, 1.0093082742492263, 0.9882904417629047, 0.984310094590901, 1.0063680364731713, 1.0177020880884637, 0.9991509978550935, 1.005575581615202, 1.0038506002260794, 0.9900054461053772, 1.0193443250580778, 1.0073846846469392, 0.9895049059963782, 0.9851068497349895, 1.0099619308065666, 0.9996020990667241]","[-0.004799781813153103, -0.0049493730599617924, 0.010744802603227743, 0.0018931558158534756, 0.012879365998789138, 0.01174568421321176, 0.008630151863139313, -0.008154798358568471, -0.006619984040722948, -0.04190112230365006, -0.010585154107601968, -0.01860962904661201, 0.014504270733547653, -0.02658915097863568, 0.010089022070843168, 0.009308274249226312, -0.011709558237095297, -0.01568990540909898, 0.006368036473171301, 0.01770208808846374, -0.0008490021449064633, 0.005575581615202108, 0.0038506002260794148, -0.009994553894622782, 0.019344325058077816, 0.007384684646939199, -0.010495094003621808, -0.01489315026501048, 0.009961930806566599, -0.0003979009332758521]","[0.09495433419942856, 0.10665269941091537, 0.0, 0.0, 0.0, 0.0, 0.09172520041465759, 0.0, 0.0, 0.09264660626649857, 0.0, 0.10428541153669357, 0.0, 0.10665269941091537, 0.10665269941091537, 0.0, 0.0, 0.0, 0.0, 0.0, 0.10665269941091537, 0.10665269941091537, 0.0, 0.0, 0.0, 0.0, 0.0, 0.08312494307756424, 0.0, 0.0]","[0.0, 0.0, 0.0, 0.0, -3.282831793344325e-22, -3.2808108560740008e-22, 0.0, 0.0, 0.0, 0.0, -2.1660858979726526e-22, -1.8652931443393957e-22, 0.0, 1.0, -3.280030924766078e-22, 0.0, 0.0, 0.0, 0.0, 0.0, -3.255833107810856e-22, -3.2807640834015946e-22, 0.0, 0.0, 0.0, -3.2790562983034786e-22, 0.0, 0.0, 0.0, -3.2839651694975637e-22]","[0.0, 0.013975939813692877, 0.0, 0.0006074783821113132, 0.011008520259022925, 0.0, 0.006556924604739903, 0.007951623121237244, 0.0, 0.00017623072548117731, 0.0, 0.009006844010438428, 0.0, 0.9007953582272916, 0.0, 0.008090064185185942, 0.0, 0.0, 0.0, 0.0, 0.002181509639845816, 0.0, 0.0, 0.013328228287949448, 0.0017320488522420128, 0.009837856023080094, 0.0, 0.006955826285140326, 0.007795547582540747, 0.0]","[0.09495433419942856, 0.10665269941091537, 0.0, 0.0, 0.0, 0.0, 0.09172520041465759, 0.0, 0.0, 0.09264660626649857, 0.0, 0.10428541153669357, 0.0, 0.10665269941091537, 0.10665269941091537, 0.0, 0.0, 0.0, 0.0, 0.0, 0.10665269941091537, 0.10665269941091537, 0.0, 0.0, 0.0, 0.0, 0.0, 0.08312494307756424, 0.0, 0.0]",-0.008948849044524991
50,1.0496352329283485,"[0.9952002181868469, 0.9950506269400382, 1.0107448026032277, 1.0018931558158535, 1.0128793659987891, 1.0117456842132118, 1.0086301518631393, 0.9918452016414315, 0.993380015959277, 0.9580988776963499, 0.989414845892398, 0.981390370953388, 1.0145042707335477, 0.9734108490213643, 1.0100890220708432, 1.0093082742492263, 0.9882904417629047, 0.984310094590901, 1.0063680364731713, 1.0177020880884637, 0.9991509978550935, 1.005575581615202, 1.0038506002260794, 0.9900054461053772, 1.0193443250580778, 1.0073846846469392, 0.9895049059963782, 0.9851068497349895, 1.0099619308065666, 0.9996020990667241]","[1.0110888241824394, 1.0134637382499356, 1.005160576491259, 0.9923496683302864, 1.0003834293599538, 0.9920477795314033, 1.001131468348369, 1.0151874652844934, 1.0135214637545444, 0.9919384076594197, 1.0016330720675908, 0.9899684088694186, 1.000176629819405, 0.979846820179612, 0.9826636239897465, 0.97752382821038, 0.9960990004088133, 1.0202574461966452, 0.9793493190847075, 0.9903622177268444, 1.000368155172504, 0.9912106031530585, 1.0104237659960391, 0.9825150892411617, 1.0037562308204417, 1.0061498086282752, 1.0277600991114313, 0.9972539676665924, 1.0058057462087449, 1.0063727091042836]","[0.011088824182439394, 0.01346373824993563, 0.005160576491259006, -0.007650331669713628, 0.0003834293599538352, -0.007952220468596671, 0.0011314683483689691, 0.01518746528449344, 0.013521463754544438, -0.008061592340580348, 0.0016330720675907795, -0.010031591130581385, 0.00017662981940502753, -0.020153179820388, -0.017336376010253507, -0.022476171789620025, -0.003900999591186727, 0.020257446196645157, -0.02065068091529254, -0.009637782273155593, 0.00036815517250410323, -0.008789396846941466, 0.010423765996039114, -0.01748491075883829, 0.0037562308204417416, 0.0061498086282751885, 0.02776009911143129, -0.002746032333407644, 0.005805746208744855, 0.006372709104283558]","[0.0, 0.0, 0.0, 0.09999999403953552, 0.0, 0.09999999403953552, 0.0, 0.0, 0.09999999403953552, 0.0, 0.09999999403953552, 0.0, 0.09999999403953552, 0.0, 0.09999999403953552, 0.0, 0.09999999403953552, 0.0, 0.0, 0.0, 0.09999999403953552, 0.0, 0.0, 0.0, 0.09999999403953552, 0.09999999403953552, 0.0, 0.0, 0.0, 0.0]","[0.0, 0.0, 0.0, 0.0, 4.684976735106069e-24, -1.0725290178519259e-22, 0.0, 1.0, -1.0754822280742565e-22, 0.0, 0.0, 0.0, 0.0, 3.731455968691902e-24, 0.0, 0.0, 0.0, 3.5004040607047825e-24, -1.0768040194638837e-22, 4.191033926003334e-24, -1.076977699733824e-22, 0.0, 0.0, 0.0, 0.0, 0.0, 0.0, 3.346519361549606e-24, 0.0, 0.0]","[0.006738742836968517, 0.0, 0.0, 0.001303049421887344, 0.004201039252905601, 0.0, 0.0, 0.9311318773592637, 0.0014657126783053863, 0.0020929240435474195, 0.00054394244602836, 0.012952904655160075, 0.0, 0.004783604255575186, 0.0, 0.0, 0.0, 0.004342010218085116, 0.0, 0.0, 0.0, 0.0, 0.0, 0.0, 0.0030390734685749464, 0.010045130761065951, 0.0, 0.006941238608426, 0.003719005344492819, 0.00669974464971341]","[0.0, 0.0, 0.0, 0.09999999403953552, 0.0, 0.09999999403953552, 0.0, 0.0, 0.09999999403953552, 0.0, 0.09999999403953552, 0.0, 0.09999999403953552, 0.0, 0.09999999403953552, 0.0, 0.09999999403953552, 0.0, 0.0, 0.0, 0.09999999403953552, 0.0, 0.0, 0.0, 0.09999999403953552, 0.09999999403953552, 0.0, 0.0, 0.0, 0.0]",-0.0015019957688339213
51,1.0539461740768843,"[1.0110888241824394, 1.0134637382499356, 1.005160576491259, 0.9923496683302864, 1.0003834293599538, 0.9920477795314033, 1.001131468348369, 1.0151874652844934, 1.0135214637545444, 0.9919384076594197, 1.0016330720675908, 0.9899684088694186, 1.000176629819405, 0.979846820179612, 0.9826636239897465, 0.97752382821038, 0.9960990004088133, 1.0202574461966452, 0.9793493190847075, 0.9903622177268444, 1.000368155172504, 0.9912106031530585, 1.0104237659960391, 0.9825150892411617, 1.0037562308204417, 1.0061498086282752, 1.0277600991114313, 0.9972539676665924, 1.0058057462087449, 1.0063727091042836]","[1.0204526391453441, 1.0156621200929208, 0.9899549184700074, 1.0057983167271627, 1.0007314204000504, 0.9981236966320077, 1.0170960940594995, 1.00309230659036, 0.9948588189426643, 1.0204539142637672, 1.0079091138286325, 0.9927751081348346, 1.0043981497072831, 0.998901842634689, 1.0036579514806772, 0.9860820105940885, 1.019670321952031, 0.9933157827891586, 0.9933448218118061, 0.9872983962400234, 0.992328595379461, 0.9877184347677882, 0.9861225120196457, 0.9902912090287899, 0.9954167798572114, 0.9909178871557405, 0.9986786882917547, 0.987725196309247, 1.0034358812394826, 1.0144590536543794]","[0.02045263914534412, 0.015662120092920784, -0.010045081529992617, 0.005798316727162689, 0.0007314204000503643, -0.0018763033679922714, 0.017096094059499523, 0.0030923065903600833, -0.005141181057335742, 0.020453914263767192, 0.007909113828632464, -0.007224891865165395, 0.004398149707283139, -0.0010981573653110477, 0.0036579514806771574, -0.01391798940591149, 0.01967032195203089, -0.006684217210841448, -0.006655178188193944, -0.012701603759976643, -0.007671404620538946, -0.0122815652322118, -0.013877487980354264, -0.009708790971210135, -0.004583220142788558, -0.009082112844259527, -0.001321311708245343, -0.012274803690752956, 0.0034358812394825744, 0.014459053654379384]","[0.0, 0.0, 0.0, 0.09999999403953552, 0.09999999403953552, 0.09999999403953552, 0.0, 0.0, 0.0, 0.09999999403953552, 0.0, 0.0, 0.09999999403953552, 0.0, 0.09999999403953552, 0.0, 0.09999999403953552, 0.0, 0.0, 0.0, 0.0, 0.0, 0.09999999403953552, 0.0, 0.0, 0.0, 0.09999999403953552, 0.0, 0.09999999403953552, 0.0]","[0.0, 0.0, 4.740781045201267e-24, 0.0, 0.0, 0.0, 0.0, 1.0, 0.0, 0.0, 0.0, 0.0, -1.0740564791770547e-22, 5.942980532108383e-23, 0.0, 3.2793617221656364e-24, 0.0, 0.0, 3.497530120249034e-24, 0.0, 0.0, 3.9609628309663884e-24, 3.664331193376504e-24, 0.0, -1.072416565113589e-22, 0.0, 0.0, 3.411407149204927e-24, 0.0, 0.0]","[0.0, 0.0, 0.0, 0.0005453152885870019, 0.0, 0.0, 0.0, 0.8941466309391677, 0.0003421485157292392, 0.0, 0.0025079893305450466, 0.011946477005378433, 0.009886687816171224, 0.004426387045657447, 0.023590093921231983, 0.0, 0.003184317592491716, 0.0, 0.002226146643939984, 0.0, 0.020741090300988783, 0.0, 0.0, 0.0, 0.0, 0.003110794375521442, 0.0, 0.011064703951875678, 0.007744745299660968, 0.004536471973053359]","[0.0, 0.0, 0.0, 0.09999999403953552, 0.09999999403953552, 0.09999999403953552, 0.0, 0.0, 0.0, 0.09999999403953552, 0.0, 0.0, 0.09999999403953552, 0.0, 0.09999999403953552, 0.0, 0.09999999403953552, 0.0, 0.0, 0.0, 0.0, 0.0, 0.09999999403953552, 0.0, 0.0, 0.0, 0.09999999403953552, 0.0, 0.09999999403953552, 0.0]",0.0037229231536739333
52,1.0513138426373612,"[1.0204526391453441, 1.0156621200929208, 0.9899549184700074, 1.0057983167271627, 1.0007314204000504, 0.9981236966320077, 1.0170960940594995, 1.00309230659036, 0.9948588189426643, 1.0204539142637672, 1.0079091138286325, 0.9927751081348346, 1.0043981497072831, 0.998901842634689, 1.0036579514806772, 0.9860820105940885, 1.019670321952031, 0.9933157827891586, 0.9933448218118061, 0.9872983962400234, 0.992328595379461, 0.9877184347677882, 0.9861225120196457, 0.9902912090287899, 0.9954167798572114, 0.9909178871557405, 0.9986786882917547, 0.987725196309247, 1.0034358812394826, 1.0144590536543794]","[0.9990694355758823, 1.006228712468193, 0.9931493631748384, 0.9980928666997827, 0.9804069614985426, 1.0145766313322773, 0.9715758740270791, 1.005783855849741, 1.0160786211977084, 1.0158903752782733, 0.995717565823972, 0.9975515230683695, 0.98689143185111, 1.0183733342710217, 1.0120893132526905, 1.0026083829212267, 0.9828585385967973, 1.011179644150184, 1.0064088682097432, 0.9790553022807189, 0.9967661450488531, 0.9877885704980894, 0.9758677343393163, 1.0039748886304949, 1.0091293736473803, 1.0053207183246218, 0.9777463059804131, 1.015892858740928, 1.0162106438885201, 1.0041499550996487]","[-0.0009305644241176525, 0.0062287124681930095, -0.006850636825161627, -0.0019071333002173008, -0.019593038501457438, 0.014576631332277268, -0.028424125972920877, 0.005783855849740949, 0.01607862119770842, 0.015890375278273305, -0.004282434176028027, -0.0024484769316305277, -0.013108568148890054, 0.018373334271021724, 0.01208931325269047, 0.0026083829212266707, -0.017141461403202718, 0.01117964415018391, 0.006408868209743179, -0.02094469771928109, -0.0032338549511469195, -0.012211429501910565, -0.024132265660683716, 0.003974888630494888, 0.009129373647380312, 0.005320718324621776, -0.022253694019586878, 0.01589285874092794, 0.016210643888520115, 0.004149955099648661]","[0.0, 0.10288750380277634, 0.0, 0.0, 0.10277236253023148, 0.0, 0.0, 0.10288750380277634, 0.0, 0.0, 0.0, 0.10288750380277634, 0.09765982627868652, 0.0, 0.10288750380277634, 0.0, 0.0, 0.0, 0.07935535162687302, 0.10288750380277634, 0.10288750380277634, 0.0, 0.0, 0.0, 0.0, 0.10288750380277634, 0.0, 0.0, 0.0, 0.0]","[1.7157622316598217e-22, 0.0, 0.0, 0.0, 0.0, 0.0, 5.817073830505717e-24, 1.0, 0.0, -1.0523861095149182e-22, 0.0, 5.10287072443631e-24, 0.0, -9.174749585608743e-23, 0.0, 0.0, 0.0, 4.8273309933733e-24, 0.0, 6.001735016513206e-24, 0.0, 0.0, 5.071951013107381e-24, 0.0, 0.0, 0.0, 0.0, 4.679381939432503e-24, 0.0, 0.0]","[0.009105077288082929, 0.0, 0.0, 0.0, 0.0, 0.0, 0.0, 0.8934013544698073, 0.0, 0.023356501504820798, 0.0006101007106646842, 0.012243433295106368, 0.012063067929186619, 0.005970995183722032, 0.0, 0.02125711349700548, 0.004266348781788297, 0.0, 0.011798038790111652, 0.0, 0.0032759073616507694, 0.001662995325888182, 0.0004360521961851028, 0.0, 0.0, 0.0, 0.0, 0.0, 0.0, 0.0005530136659798775]","[0.0, 0.10288748890161514, 0.0, 0.0, 0.10277234762907028, 0.0, 0.0, 0.10288748890161514, 0.0, 0.0, 0.0, 0.10288748890161514, 0.09765981137752533, 0.0, 0.10288748890161514, 0.0, 0.0, 0.0, 0.07935534417629242, 0.10288748890161514, 0.10288748890161514, 0.0, 0.0, 0.0, 0.0, 0.10288748890161514, 0.0, 0.0, 0.0, 0.0]",-0.002814680121581426
53,1.0532293408052538,"[0.9990694355758823, 1.006228712468193, 0.9931493631748384, 0.9980928666997827, 0.9804069614985426, 1.0145766313322773, 0.9715758740270791, 1.005783855849741, 1.0160786211977084, 1.0158903752782733, 0.995717565823972, 0.9975515230683695, 0.98689143185111, 1.0183733342710217, 1.0120893132526905, 1.0026083829212267, 0.9828585385967973, 1.011179644150184, 1.0064088682097432, 0.9790553022807189, 0.9967661450488531, 0.9877885704980894, 0.9758677343393163, 1.0039748886304949, 1.0091293736473803, 1.0053207183246218, 0.9777463059804131, 1.015892858740928, 1.0162106438885201, 1.0041499550996487]","[1.0195935259963909, 0.9954147966111413, 0.9935457803138019, 0.9978254050694189, 0.9994470722366121, 1.0009301932596966, 1.0099231996029097, 0.998401715169625, 1.0087254069376386, 1.0166010816011375, 0.9831192673343264, 0.9895414692186899, 1.0150667863691285, 0.9861495461484658, 1.0049852834359065, 0.994116249369615, 0.9983365544280789, 1.0100177370833607, 1.0074696112155188, 1.018955860689192, 1.0133517336388256, 1.0009640806758844, 1.0123802631125844, 1.0036884440587563, 1.0141375675510071, 1.0024340775403764, 1.019744263257929, 0.9863383490295278, 0.9948685648456334, 1.0118818737025388]","[0.01959352599639086, -0.004585203388858705, -0.006454219686198082, -0.002174594930581142, -0.0005529277633878893, 0.0009301932596965656, 0.00992319960290966, -0.0015982848303750519, 0.008725406937638569, 0.01660108160113749, -0.01688073266567358, -0.010458530781310094, 0.015066786369128504, -0.013850453851534161, 0.00498528343590654, -0.005883750630385043, -0.0016634455719211072, 0.010017737083360734, 0.007469611215518812, 0.018955860689191972, 0.01335173363882558, 0.0009640806758843823, 0.012380263112584444, 0.003688444058756346, 0.014137567551007146, 0.0024340775403763892, 0.019744263257928996, -0.013661650970472228, -0.005131435154366648, 0.011881873702538792]","[0.11167959123849869, 0.0, 0.09232518821954727, 0.0, 0.0, 0.0, 0.08700991421937943, 0.08032934367656708, 0.0, 0.0, 0.0, 0.0, 0.0, 0.08621542155742645, 0.0, 0.11167959123849869, 0.0, 0.0, 0.0, 0.0, 0.0, 0.11167959123849869, 0.09572219103574753, 0.0, 0.11167959123849869, 0.0, 0.0, 0.11167959123849869, 0.0, 0.0]","[0.0, 1.0, 0.0, 0.0, 0.0, 2.6917584500251186e-24, 0.0, 0.0, -1.0888541454302285e-22, 0.0, -1.090025311718613e-22, -1.0886434234569266e-22, -1.0829018898250432e-22, 0.0, 2.5083911561395635e-24, -1.0849763116490372e-22, -1.0826529910514926e-22, 0.0, 0.0, 0.0, 0.0, 0.0, 0.0, 0.0, 0.0, 2.5315624722792093e-24, 0.0, 0.0, 0.0, 0.0]","[0.005158557465187265, 0.9252666749895498, 0.0017772593475440402, 0.0, 0.0, 0.008634374600711724, 0.0, 0.01056195793798773, 0.0, 0.011612973058124273, 0.0, 0.0, 0.0, 0.002197234946718799, 0.014926316264129894, 0.0078007724428822735, 0.0, 0.00022404902683350223, 0.0016954774175733016, 0.0, 0.00499630649799077, 0.0, 0.0, 0.0014437101188222274, 0.0, 0.0, 0.0, 0.0, 0.0, 0.0037043358859442633]","[0.11167959123849869, 0.0, 0.09232518821954727, 0.0, 0.0, 0.0, 0.08700991421937943, 0.08032934367656708, 0.0, 0.0, 0.0, 0.0, 0.0, 0.08621542155742645, 0.0, 0.11167959123849869, 0.0, 0.0, 0.0, 0.0, 0.0, 0.11167959123849869, 0.09572219103574753, 0.0, 0.11167959123849869, 0.0, 0.0, 0.11167959123849869, 0.0, 0.0]",0.0013806503218528356
54,1.0523750602514637,"[1.0195935259963909, 0.9954147966111413, 0.9935457803138019, 0.9978254050694189, 0.9994470722366121, 1.0009301932596966, 1.0099231996029097, 0.998401715169625, 1.0087254069376386, 1.0166010816011375, 0.9831192673343264, 0.9895414692186899, 1.0150667863691285, 0.9861495461484658, 1.0049852834359065, 0.994116249369615, 0.9983365544280789, 1.0100177370833607, 1.0074696112155188, 1.018955860689192, 1.0133517336388256, 1.0009640806758844, 1.0123802631125844, 1.0036884440587563, 1.0141375675510071, 1.0024340775403764, 1.019744263257929, 0.9863383490295278, 0.9948685648456334, 1.0118818737025388]","[0.9954826139720144, 1.0040927846172656, 1.0021796492484192, 1.0342793856388701, 1.0211075937909821, 1.017309186242512, 0.9994280593869701, 1.0102634542829263, 0.9850600174480533, 1.0134166036782208, 1.014467971802762, 1.0085554841995863, 1.0023184606701836, 0.9991202655729042, 0.9920693809409443, 1.0050567810669844, 1.0185375241547592, 1.003263627213439, 0.9716032824321931, 0.9717673436675209, 1.0138336099497136, 0.996077275503095, 0.9997720446299706, 0.9998031056269655, 1.018283535514427, 1.0095852757918038, 0.9845374783131225, 1.0109443863265004, 1.0126098190837691, 1.0202482956863066]","[-0.00451738602798557, 0.004092784617265588, 0.00217964924841918, 0.03427938563887012, 0.02110759379098215, 0.017309186242512098, -0.0005719406130298976, 0.010263454282926299, -0.014939982551946729, 0.01341660367822084, 0.014467971802762047, 0.008555484199586294, 0.0023184606701835975, -0.0008797344270957685, -0.007930619059055677, 0.005056781066984373, 0.018537524154759177, 0.00326362721343898, -0.02839671756780693, -0.028232656332479067, 0.01383360994971361, -0.003922724496905006, -0.00022795537002939792, -0.0001968943730344952, 0.018283535514427074, 0.009585275791803793, -0.01546252168687745, 0.01094438632650041, 0.012609819083769125, 0.020248295686306594]","[0.0, 0.0, 0.0, 0.0, 0.0, 0.0, 0.0, 0.0, 0.0, 0.0, 0.10138098150491714, 0.10138098150491714, 0.0, 0.10138098150491714, 0.10138098150491714, 0.10138098150491714, 0.0, 0.08757121115922928, 0.0, 0.10138098150491714, 0.10138098150491714, 0.0, 0.10138098150491714, 0.0, 0.0, 0.0, 0.10138098150491714, 0.0, 0.0, 0.0]","[3.3570006873833837e-22, 1.0, 0.0, 0.0, 0.0, 3.3663400696955275e-22, 0.0, 0.0, 0.0, 0.0, 2.245642985815386e-22, 0.0, 0.0, 2.8171957375117565e-22, 0.0, 0.0, 0.0, 0.0, 0.0, 1.1517438255730824e-22, 0.0, 0.0, 0.0, 1.1508984112911958e-22, 2.2537189645551365e-22, 0.0, 5.720931916774526e-22, 1.155114718385428e-22, 0.0, 0.0]","[0.0, 0.9248788602287014, 0.0, 0.0006620124737773288, 0.0, 0.0, 0.0, 0.008179883455519753, 0.0, 0.0, 0.00124725365872585, 0.007278494660030424, 0.0, 0.0, 0.00456059115923025, 0.004151269392874627, 0.003266744978545691, 0.0, 0.00880402829838168, 0.012760710680250194, 0.0, 0.0, 0.0, 0.0, 0.0, 0.006443503349604626, 0.0, 0.014450441022070026, 0.0033162066422883496, 0.0]","[0.0, 0.0, 0.0, 0.0, 0.0, 0.0, 0.0, 0.0, 0.0, 0.0, 0.10138098150491714, 0.10138098150491714, 0.0, 0.10138098150491714, 0.10138098150491714, 0.10138098150491714, 0.0, 0.08757121115922928, 0.0, 0.10138098150491714, 0.10138098150491714, 0.0, 0.10138098150491714, 0.0, 0.0, 0.0, 0.10138098150491714, 0.0, 0.0, 0.0]",-0.0011915144080449883
55,1.0544532185401758,"[0.9954826139720144, 1.0040927846172656, 1.0021796492484192, 1.0342793856388701, 1.0211075937909821, 1.017309186242512, 0.9994280593869701, 1.0102634542829263, 0.9850600174480533, 1.0134166036782208, 1.014467971802762, 1.0085554841995863, 1.0023184606701836, 0.9991202655729042, 0.9920693809409443, 1.0050567810669844, 1.0185375241547592, 1.003263627213439, 0.9716032824321931, 0.9717673436675209, 1.0138336099497136, 0.996077275503095, 0.9997720446299706, 0.9998031056269655, 1.018283535514427, 1.0095852757918038, 0.9845374783131225, 1.0109443863265004, 1.0126098190837691, 1.0202482956863066]","[0.980428588188783, 0.9946927337783759, 1.014359472675023, 1.0265021575471407, 1.0014342401270253, 0.9993071352407695, 0.9873944133437895, 0.9963040062608981, 0.9905193448900041, 1.0212308861008341, 1.0070054903676222, 1.0078664425965123, 0.9980828323595392, 1.000124551159255, 1.0039116121166887, 0.9956251286227582, 1.0072424446771817, 1.0113055385885057, 1.0207396963295934, 1.001013929989003, 0.9717508394353168, 0.9965217035901424, 1.005130606773649, 1.0184982058899081, 1.007100259899961, 0.9961217155894526, 0.9961065253679715, 0.9873938535531629, 1.0194570032669086, 1.0024860557360302]","[-0.01957141181121702, -0.005307266221624141, 0.01435947267502291, 0.026502157547140692, 0.0014342401270253102, -0.0006928647592304715, -0.012605586656210477, -0.0036959937391018993, -0.00948065510999585, 0.021230886100834123, 0.0070054903676222136, 0.007866442596512258, -0.001917167640460793, 0.00012455115925491533, 0.0039116121166886675, -0.004374871377241796, 0.007242444677181714, 0.011305538588505692, 0.020739696329593382, 0.0010139299890030706, -0.028249160564683184, -0.0034782964098576397, 0.00513060677364896, 0.018498205889908137, 0.007100259899960992, -0.0038782844105473835, -0.003893474632028493, -0.012606146446837108, 0.01945700326690858, 0.002486055736030224]","[0.0, 0.0, 0.0, 0.0, 0.0, 0.0, 0.08736270666122437, 0.0, 0.0, 0.10632866621017456, 0.0, 0.0, 0.10632866621017456, 0.0, 0.0, 0.10632866621017456, 0.0, 0.0, 0.10632866621017456, 0.0, 0.06709333509206772, 0.10632866621017456, 0.0, 0.0, 0.10632866621017456, 0.0, 0.0, 0.1012432724237442, 0.10632866621017456, 0.0]","[4.487626545300251e-22, 5.182046206640155e-22, 3.390785204343667e-22, 2.267848036247062e-22, 0.0, 2.269455949520795e-22, 0.0, 1.0, 0.0, 0.0, 0.0, 0.0, 0.0, 2.823978954203634e-22, 3.3813450796559903e-22, 0.0, 0.0, 0.0, 0.0, 0.0, 0.0, 2.270422527599194e-22, 0.0, 2.265679545625904e-22, 0.0, 0.0, 0.0, 0.0, 0.0, 0.0]","[0.0, 0.006218904167173528, 0.0, 0.01063653165642833, 0.00031264555922245216, 0.00411031845597455, 0.011604639851558872, 0.8969764522311972, 0.004252076342554019, 0.008836432400766474, 0.010603623943902452, 0.0035911301485545386, 0.0, 0.0, 0.0, 0.0, 0.0, 0.006465127852871344, 0.0, 0.0, 0.0, 0.01287460701672806, 0.014393972421467015, 0.0007991120804229476, 0.0, 0.004883378118885258, 0.0, 0.0034410477522931193, 0.0, 0.0]","[0.0, 0.0, 0.0, 0.0, 0.0, 0.0, 0.08736270666122437, 0.0, 0.0, 0.10632866621017456, 0.0, 0.0, 0.10632866621017456, 0.0, 0.0, 0.10632866621017456, 0.0, 0.0, 0.10632866621017456, 0.0, 0.06709333509206772, 0.10632866621017456, 0.0, 0.0, 0.10632866621017456, 0.0, 0.0, 0.1012432724237442, 0.10632866621017456, 0.0]",0.001552733060774391
56,1.0523626201533274,"[0.980428588188783, 0.9946927337783759, 1.014359472675023, 1.0265021575471407, 1.0014342401270253, 0.9993071352407695, 0.9873944133437895, 0.9963040062608981, 0.9905193448900041, 1.0212308861008341, 1.0070054903676222, 1.0078664425965123, 0.9980828323595392, 1.000124551159255, 1.0039116121166887, 0.9956251286227582, 1.0072424446771817, 1.0113055385885057, 1.0207396963295934, 1.001013929989003, 0.9717508394353168, 0.9965217035901424, 1.005130606773649, 1.0184982058899081, 1.007100259899961, 0.9961217155894526, 0.9961065253679715, 0.9873938535531629, 1.0194570032669086, 1.0024860557360302]","[1.015950308661526, 0.9901897696652134, 0.9902932852421102, 1.0123587449921085, 0.9780772282255891, 0.9923796892171104, 0.9841795734967295, 0.9848728455683012, 0.9865691178809657, 0.9997427895780133, 0.9963989237764633, 0.9935387478808707, 0.9897818440101127, 0.9967867230253604, 0.99013231269945, 1.0136342412118775, 0.9799565570958341, 1.0223225193435321, 1.0045247235142265, 0.9867099630019482, 0.994870810125313, 1.0159260273513602, 1.0087438375540199, 1.020490850772612, 0.999890448065595, 0.9909813720951202, 0.9986002221316798, 1.0195061602266844, 1.0034598640622667, 0.9871539515737822]","[0.015950308661526025, -0.009810230334786563, -0.009706714757889756, 0.012358744992108539, -0.021922771774410932, -0.0076203107828896055, -0.015820426503270535, -0.015127154431698764, -0.013430882119034315, -0.00025721042198667554, -0.00360107622353667, -0.00646125211912929, -0.01021815598988729, -0.0032132769746395784, -0.009867687300549988, 0.013634241211877507, -0.02004344290416593, 0.022322519343532132, 0.004524723514226503, -0.013290036998051757, -0.0051291898746870235, 0.015926027351360172, 0.008743837554019862, 0.020490850772612035, -0.00010955193440498334, -0.009018627904879839, -0.00139977786832024, 0.019506160226684388, 0.0034598640622667265, -0.012846048426217838]","[0.0, 0.0, 0.0, 0.10174993425607681, 0.0617029145359993, 0.0, 0.047965679317712784, 0.1232295036315918, 0.0, 0.0, 0.0, 0.1232295036315918, 0.0, 0.0, 0.1232295036315918, 0.0, 0.0, 0.0, 0.0, 0.0, 0.0, 0.0, 0.0, 0.0, 0.1232295036315918, 0.0, 0.0492045097053051, 0.1232295036315918, 0.1232295036315918, 0.0]","[0.0, 0.0, 1.166495279306722e-22, 0.0, 3.3867273522882e-22, 0.0, 1.1597653395378582e-22, 1.0, 0.0, 1.159871911749555e-22, 2.255421956522066e-22, 0.0, 0.0, 3.0980652956077702e-22, 1.1573651857678527e-22, 0.0, 0.0, 0.0, 0.0, 0.0, 0.0, 1.1566937951569192e-22, 0.0, 0.0, 0.0, 1.1566578928953423e-22, 0.0, 0.0, 0.0, 0.0]","[0.004053251427652869, 0.005882631550049963, 0.0, 0.0, 0.0, 0.005264476589653194, 0.0, 0.8944004797621956, 0.002619810898769572, 0.0, 0.0, 0.0, 0.004364237146225914, 0.01290967257637653, 0.0, 0.0, 0.006128413580789613, 0.0, 0.005388464297980688, 0.0015297606255242938, 0.017593416221349436, 0.0, 0.006791252250899554, 0.010464115091166315, 0.0, 0.013954398567361507, 0.0034875426876048343, 0.0009539857331417033, 0.004214090993258193, 0.0]","[0.0, 0.0, 0.0, 0.10174993425607681, 0.0617029145359993, 0.0, 0.047965679317712784, 0.1232295036315918, 0.0, 0.0, 0.0, 0.1232295036315918, 0.0, 0.0, 0.1232295036315918, 0.0, 0.0, 0.0, 0.0, 0.0, 0.0, 0.0, 0.0, 0.0, 0.1232295036315918, 0.0, 0.0492045097053051, 0.1232295036315918, 0.1232295036315918, 0.0]",-0.002402610986369965
57,1.0470775219003017,"[1.015950308661526, 0.9901897696652134, 0.9902932852421102, 1.0123587449921085, 0.9780772282255891, 0.9923796892171104, 0.9841795734967295, 0.9848728455683012, 0.9865691178809657, 0.9997427895780133, 0.9963989237764633, 0.9935387478808707, 0.9897818440101127, 0.9967867230253604, 0.99013231269945, 1.0136342412118775, 0.9799565570958341, 1.0223225193435321, 1.0045247235142265, 0.9867099630019482, 0.994870810125313, 1.0159260273513602, 1.0087438375540199, 1.020490850772612, 0.999890448065595, 0.9909813720951202, 0.9986002221316798, 1.0195061602266844, 1.0034598640622667, 0.9871539515737822]","[0.9969428733259131, 1.0174920355312238, 1.001081716053491, 1.0119761560690927, 1.0099374833493577, 1.011613884313596, 1.016968688292202, 0.9951999504489362, 1.002678026630659, 1.0069379343407547, 1.007430351436847, 0.9822006062458105, 0.9872334441744368, 1.0086552978762358, 0.9940301983457148, 1.0026822787710188, 0.9874180970250102, 0.9938870927050701, 0.987394895945967, 1.0056429898565242, 0.9967850953697515, 1.0128268658429842, 1.0021929654331574, 1.0143464562828388, 0.9776271444958251, 0.993607188838659, 0.9981640912366276, 0.9830002438653345, 0.9772196329315714, 0.9907680888160331]","[-0.003057126674086863, 0.017492035531223804, 0.0010817160534910553, 0.011976156069092747, 0.009937483349357734, 0.011613884313596001, 0.016968688292201994, -0.004800049551063834, 0.0026780266306589695, 0.006937934340754737, 0.007430351436847005, -0.017799393754189485, -0.012766555825563186, 0.008655297876235757, -0.005969801654285178, 0.0026822787710187868, -0.012581902974989845, -0.006112907294929859, -0.012605104054033034, 0.005642989856524228, -0.0032149046302485385, 0.012826865842984203, 0.00219296543315739, 0.014346456282838815, -0.022372855504174893, -0.00639281116134105, -0.0018359087633723625, -0.016999756134665533, -0.022780367068428564, -0.009231911183966934]","[0.0, 0.0, 0.0, 0.0, 0.10000000149011612, 0.0, 0.0, 0.0, 0.0, 0.10000000149011612, 0.0, 0.10000000149011612, 0.0, 0.0, 0.10000000149011612, 0.0, 0.10000000149011612, 0.0, 0.0, 0.0, 0.0, 0.10000000149011612, 0.10000000149011612, 0.0, 0.10000000149011612, 0.10000000149011612, 0.0, 0.10000000149011612, 0.0, 0.0]","[0.0, 3.2227752644947805e-23, 0.0, 4.821601681507955e-24, 0.0, 0.0, 1.160908710558766e-22, 1.0, 0.0, 0.0, 0.0, 0.0, 0.0, 0.0, 1.1588202221738666e-22, 0.0, 1.1482915822810724e-22, 1.1551111922388112e-22, 0.0, 0.0, 0.0, 0.0, 1.1572381042819559e-22, 0.0, 4.6630071838442815e-24, 0.0, 3.2574566947955153e-23, 0.0, 0.0, 0.0]","[0.0020308549031456905, 0.0, 0.004485598707500138, 0.0005539526886964682, 0.0, 0.0, 0.0, 0.8837629940961822, 0.0, 0.0028836490320205657, 0.015932122988413608, 0.01044396907730587, 0.006737865924110458, 0.0066821129052167085, 0.008573975157134022, 0.005766346248408088, 0.006142964597698613, 0.007958439567460366, 0.009096859064925968, 0.0, 0.00665656521968719, 0.0001570530086353015, 0.0, 0.0, 0.0, 0.0, 0.0, 0.0, 0.0, 0.02213467681345868]","[0.0, 0.0, 0.0, 0.0, 0.09999998658895493, 0.0, 0.0, 0.0, 0.0, 0.09999998658895493, 0.0, 0.09999998658895493, 0.0, 0.0, 0.09999998658895493, 0.0, 0.09999998658895493, 0.0, 0.0, 0.0, 0.0, 0.09999998658895493, 0.09999998658895493, 0.0, 0.09999998658895493, 0.09999998658895493, 0.0, 0.09999998658895493, 0.0, 0.0]",-0.00538821012050435
58,1.043291477302421,"[0.9969428733259131, 1.0174920355312238, 1.001081716053491, 1.0119761560690927, 1.0099374833493577, 1.011613884313596, 1.016968688292202, 0.9951999504489362, 1.002678026630659, 1.0069379343407547, 1.007430351436847, 0.9822006062458105, 0.9872334441744368, 1.0086552978762358, 0.9940301983457148, 1.0026822787710188, 0.9874180970250102, 0.9938870927050701, 0.987394895945967, 1.0056429898565242, 0.9967850953697515, 1.0128268658429842, 1.0021929654331574, 1.0143464562828388, 0.9776271444958251, 0.993607188838659, 0.9981640912366276, 0.9830002438653345, 0.9772196329315714, 0.9907680888160331]","[1.018228667429498, 0.9992964576681886, 1.010788045251223, 0.981229955479448, 0.9958487082714855, 0.9812311153786211, 0.9965691241122466, 0.9898719650654556, 1.0092379138070198, 0.9769182870793568, 0.9916426397515156, 1.002205723131487, 0.9861349248657234, 0.9943923960305371, 1.0064656415905566, 0.994135167999874, 0.9916563320881067, 1.0064024974987376, 1.006128110284198, 1.0051603612337416, 0.9776064521558288, 1.0039880386252176, 1.0080907374073493, 1.002563947134232, 0.9956012030279033, 0.9984753957248302, 1.0030373876733485, 1.0067600612159628, 1.0119803257348337, 1.0084488029023901]","[0.018228667429498024, -0.0007035423318113576, 0.01078804525122301, -0.018770044520551976, -0.004151291728514472, -0.018768884621378934, -0.0034308758877533707, -0.010128034934544394, 0.00923791380701977, -0.023081712920643205, -0.008357360248484436, 0.0022057231314869252, -0.013865075134276594, -0.005607603969462915, 0.006465641590556626, -0.005864832000125997, -0.008343667911893338, 0.006402497498737558, 0.006128110284197907, 0.005160361233741639, -0.022393547844171247, 0.0039880386252175715, 0.008090737407349335, 0.0025639471342320252, -0.0043987969720966635, -0.0015246042751697608, 0.0030373876733484906, 0.006760061215962843, 0.011980325734833652, 0.00844880290239014]","[0.0, 0.09594756364822388, 0.0, 0.0, 0.0, 0.0, 0.0, 0.10498399287462234, 0.0, 0.10498399287462234, 0.07628956437110901, 0.0, 0.0, 0.0, 0.10498399287462234, 0.0, 0.10498399287462234, 0.0, 0.10498399287462234, 0.0, 0.0, 0.0, 0.09287482500076294, 0.0, 0.10498399287462234, 0.10498399287462234, 0.0, 0.0, 0.0, 0.0]","[0.0, 0.0, 0.0, -3.276429757015189e-22, -2.15650093275284e-22, 0.0, 0.0, 1.0, -3.28356261118918e-22, -3.2723812339794835e-22, 0.0, -3.2813993878169383e-22, -3.2815881658368985e-22, 0.0, 0.0, -3.2842692673338434e-22, 0.0, 0.0, -2.1698207059715686e-22, 0.0, 0.0, 0.0, 0.0, 0.0, 0.0, 0.0, -2.9992124475399045e-22, 0.0, 0.0, 0.0]","[0.0, 0.0, 0.0017347373926753253, 0.013890991703280045, 0.01325711036976598, 0.0, 0.0067002507352907, 0.8902557731985477, 0.0008155696586357083, 0.0, 0.0, 0.021204023449647957, 0.0, 0.0, 0.0, 0.005634722658058836, 0.0, 0.0, 0.010779639122261818, 0.01159580346714287, 0.0, 0.0, 0.004069707171975114, 0.001114406873301916, 0.007917323245570549, 0.0, 0.0, 0.00401651605580569, 0.0, 0.00701342489804016]","[0.0, 0.09594757854938507, 0.0, 0.0, 0.0, 0.0, 0.0, 0.10498400777578354, 0.0, 0.10498400777578354, 0.0762895718216896, 0.0, 0.0, 0.0, 0.10498400777578354, 0.0, 0.10498400777578354, 0.0, 0.10498400777578354, 0.0, 0.0, 0.0, 0.09287483245134354, 0.0, 0.10498400777578354, 0.10498400777578354, 0.0, 0.0, 0.0, 0.0]",-0.004013320517203187
59,1.0417612481105403,"[1.018228667429498, 0.9992964576681886, 1.010788045251223, 0.981229955479448, 0.9958487082714855, 0.9812311153786211, 0.9965691241122466, 0.9898719650654556, 1.0092379138070198, 0.9769182870793568, 0.9916426397515156, 1.002205723131487, 0.9861349248657234, 0.9943923960305371, 1.0064656415905566, 0.994135167999874, 0.9916563320881067, 1.0064024974987376, 1.006128110284198, 1.0051603612337416, 0.9776064521558288, 1.0039880386252176, 1.0080907374073493, 1.002563947134232, 0.9956012030279033, 0.9984753957248302, 1.0030373876733485, 1.0067600612159628, 1.0119803257348337, 1.0084488029023901]","[0.9958528189634749, 0.9837466582603231, 0.9893006381760255, 1.0007739000682472, 1.0122393279691233, 0.9850553853005578, 1.0185161930383781, 0.9953095790770619, 1.003274317040781, 0.9986985731904069, 1.013099931997909, 0.9823516781848489, 1.01064171348126, 1.0043202857118119, 0.9938210534776306, 1.022758607495374, 1.011666063744936, 0.9998174239779143, 1.0084277082845836, 1.010872171513836, 1.0053623307163642, 1.0166049302138478, 0.9977182258455539, 0.9930679346940331, 1.0021063471264964, 1.016668323871811, 0.99389606871115, 1.000969453485127, 0.9824665341878239, 1.0129201682564817]","[-0.004147181036525116, -0.016253341739676852, -0.010699361823974463, 0.0007739000682471797, 0.012239327969123304, -0.014944614699442194, 0.018516193038378148, -0.004690420922938143, 0.0032743170407809608, -0.0013014268095931092, 0.013099931997909042, -0.01764832181515108, 0.010641713481259973, 0.0043202857118118665, -0.0061789465223693885, 0.02275860749537406, 0.01166606374493595, -0.000182576022085712, 0.008427708284583613, 0.010872171513836015, 0.005362330716364161, 0.01660493021384779, -0.0022817741544460812, -0.006932065305966906, 0.0021063471264963773, 0.016668323871811053, -0.006103931288850006, 0.0009694534851270031, -0.017533465812176074, 0.012920168256481679]","[0.09999999403953552, 0.0, 0.09999999403953552, 0.09999999403953552, 0.0, 0.09999999403953552, 0.0, 0.0, 0.09999999403953552, 0.0, 0.0, 0.09999999403953552, 0.0, 0.09999999403953552, 0.0, 0.0, 0.09999999403953552, 0.09999999403953552, 0.0, 0.0, 0.0, 0.0, 0.0, 0.0, 0.0, 0.0, 0.0, 0.0, 0.0, 0.09999999403953552]","[4.8274464460264e-21, 0.2547299075600304, 7.224624029890562e-21, 0.0, 5.79991640278015e-21, 0.0, 6.336798803881274e-21, 0.7452700924399697, 0.0, 5.403609991685493e-21, 0.0, 0.0, 0.0, 0.0, 0.0, 0.0, 0.0, 0.0, 3.1775836762583917e-21, 0.0, 0.0, 5.03488752925906e-21, 0.0, 0.0, 0.0, 0.0, 3.633562043109336e-21, 0.0, 0.0, 0.0]","[0.00043828665692605373, 0.2520217007006227, 0.0, 0.0011494702670382664, 0.0, 0.006012604542107928, 0.0004450769715503084, 0.6909706184754146, 0.004073905585111572, 0.0, 0.0, 0.0, 0.0, 0.0, 0.003077456189130791, 0.005020468102316514, 0.0, 0.008973465060850774, 0.003149277027321289, 0.0010886156585606524, 0.002760234938802953, 0.0, 0.006649784322972047, 0.010059892493958585, 0.004109143007314971, 0.0, 0.0, 0.0, 0.0, 0.0]","[0.10000000894069672, 0.0, 0.10000000894069672, 0.10000000894069672, 0.0, 0.10000000894069672, 0.0, 0.0, 0.10000000894069672, 0.0, 0.0, 0.10000000894069672, 0.0, 0.10000000894069672, 0.0, 0.0, 0.10000000894069672, 0.10000000894069672, 0.0, 0.0, 0.0, 0.0, 0.0, 0.0, 0.0, 0.0, 0.0, 0.0, 0.0, 0.10000000894069672]",-0.0018566190271965427
60,1.0377971132229338,"[0.9958528189634749, 0.9837466582603231, 0.9893006381760255, 1.0007739000682472, 1.0122393279691233, 0.9850553853005578, 1.0185161930383781, 0.9953095790770619, 1.003274317040781, 0.9986985731904069, 1.013099931997909, 0.9823516781848489, 1.01064171348126, 1.0043202857118119, 0.9938210534776306, 1.022758607495374, 1.011666063744936, 0.9998174239779143, 1.0084277082845836, 1.010872171513836, 1.0053623307163642, 1.0166049302138478, 0.9977182258455539, 0.9930679346940331, 1.0021063471264964, 1.016668323871811, 0.99389606871115, 1.000969453485127, 0.9824665341878239, 1.0129201682564817]","[0.9969564694685099, 0.9667218591501231, 0.9851287728847059, 0.9983869284360614, 0.9974984231983742, 0.9995780722053607, 0.9911007587322375, 0.9840338743680769, 1.0071399588739762, 1.0118480473556954, 1.001579914090548, 0.9797325845854717, 0.9997336851518923, 1.000087441146046, 1.0038447600370741, 0.9994065618130265, 0.9928727699664297, 1.016163543402893, 0.9739167522760824, 0.9885847736814055, 1.0074667194469569, 0.9934401599516127, 0.9887278541723042, 1.0114435501574095, 1.0017719597607784, 0.989599807684208, 0.9942933515340632, 1.007161136523851, 0.9944912070369618, 1.003563208440553]","[-0.0030435305314900907, -0.0332781408498769, -0.014871227115294094, -0.0016130715639386395, -0.002501576801625771, -0.00042192779463934293, -0.008899241267762537, -0.015966125631923123, 0.0071399588739762265, 0.011848047355695446, 0.001579914090547918, -0.020267415414528256, -0.0002663148481076849, 8.744114604608555e-05, 0.003844760037074124, -0.0005934381869735494, -0.007127230033570298, 0.016163543402893055, -0.02608324772391757, -0.011415226318594485, 0.007466719446956871, -0.006559840048387278, -0.011272145827695756, 0.011443550157409499, 0.0017719597607783744, -0.010400192315792034, -0.0057066484659368255, 0.007161136523851086, -0.005508792963038189, 0.003563208440553023]","[0.0, 0.0, 0.10430148988962173, 0.0, 0.0, 0.0, 0.0, 0.102990061044693, 0.0, 0.10430148988962173, 0.0, 0.10430148988962173, 0.0, 0.08755194395780563, 0.0, 0.10430148988962173, 0.0, 0.08417244255542755, 0.0, 0.0, 0.0, 0.0, 0.10430148988962173, 0.0, 0.0, 0.0, 0.0, 0.09947654604911804, 0.10430148988962173, 0.0]","[0.0, 0.0, 0.0, 1.142936669594542e-22, 0.0, 2.251004966911331e-22, 0.0, 1.0, 0.0, 0.0, 2.2461908866919166e-22, 2.2491470177333785e-22, 0.0, 3.0849202603180777e-22, 2.253027352265269e-22, 0.0, 0.0, 0.0, 0.0, 0.0, 0.0, 2.255480486549967e-22, 0.0, 2.252506765266173e-22, 0.0, 0.0, 0.0, 0.0, 1.1411015953798738e-22, 0.0]","[0.0, 0.004978754217286771, 0.015002754659761367, 0.0, 0.0, 0.0, 0.0, 0.8885178147768639, 0.009106574226396902, 0.011391691934246786, 0.0019120380724846845, 0.0, 0.0, 0.00037561757236913415, 0.016375549325870827, 0.0, 0.0, 0.012223582190889223, 0.012301500226805581, 0.006157291332322858, 0.0, 0.0, 0.0011226663808120959, 0.0003415402505330581, 0.005578477541628349, 0.0, 0.002337042669936151, 0.0, 0.0, 0.012277104621792432]","[0.0, 0.0, 0.10430149734020233, 0.0, 0.0, 0.0, 0.0, 0.10299006849527359, 0.0, 0.10430149734020233, 0.0, 0.10430149734020233, 0.0, 0.08755195140838623, 0.0, 0.10430149734020233, 0.0, 0.08417245000600815, 0.0, 0.0, 0.0, 0.0, 0.10430149734020233, 0.0, 0.0, 0.0, 0.0, 0.09947655349969864, 0.10430149734020233, 0.0]",-0.004223958998474913
61,1.0338294566537598,"[0.9969564694685099, 0.9667218591501231, 0.9851287728847059, 0.9983869284360614, 0.9974984231983742, 0.9995780722053607, 0.9911007587322375, 0.9840338743680769, 1.0071399588739762, 1.0118480473556954, 1.001579914090548, 0.9797325845854717, 0.9997336851518923, 1.000087441146046, 1.0038447600370741, 0.9994065618130265, 0.9928727699664297, 1.016163543402893, 0.9739167522760824, 0.9885847736814055, 1.0074667194469569, 0.9934401599516127, 0.9887278541723042, 1.0114435501574095, 1.0017719597607784, 0.989599807684208, 0.9942933515340632, 1.007161136523851, 0.9944912070369618, 1.003563208440553]","[0.9839310016750323, 1.0095896344847026, 0.9945037386068943, 0.9797314036934726, 0.9816576273065041, 1.0155834545354308, 1.0087407475084984, 1.0208214649180891, 0.9929194283029463, 1.0015746820354383, 1.000698538329148, 0.9832943453720804, 1.0084419616927505, 0.9998284648157306, 1.016835508589191, 1.0251768695408274, 0.9999586432552086, 1.0172112865167295, 0.9773814465947268, 0.9903540964519918, 0.997722580312922, 1.0000031232510036, 1.0012732110053224, 1.0008917918501086, 1.0123163441969942, 0.9910998400614346, 1.0037156882638587, 0.9882073505073617, 1.001940468449708, 1.0026693410873555]","[-0.016068998324967665, 0.009589634484702625, -0.005496261393105661, -0.020268596306527442, -0.018342372693495923, 0.015583454535430752, 0.008740747508498403, 0.020821464918089116, -0.0070805716970536725, 0.0015746820354383129, 0.000698538329148013, -0.01670565462791962, 0.008441961692750466, -0.00017153518426937797, 0.016835508589190917, 0.02517686954082743, -4.1356744791443134e-05, 0.01721128651672954, -0.02261855340527319, -0.009645903548008206, -0.002277419687077953, 3.123251003600558e-06, 0.0012732110053224055, 0.0008917918501085698, 0.012316344196994233, -0.00890015993856541, 0.0037156882638587074, -0.011792649492638252, 0.001940468449707966, 0.0026693410873555035]","[0.0, 0.0, 0.0, 0.0, 0.0, 0.0, 0.0, 0.0, 0.10595015436410904, 0.10595015436410904, 0.0793800875544548, 0.10595015436410904, 0.1018381416797638, 0.0, 0.0, 0.0, 0.0, 0.0, 0.10595015436410904, 0.0, 0.10595015436410904, 0.10595015436410904, 0.0, 0.09808608144521713, 0.0, 0.0, 0.0, 0.0, 0.08499471098184586, 0.0]","[5.032016877096039e-22, 3.381514157785365e-22, 0.0, 0.0, 0.0, 0.0, 0.0, 2.340682687220141e-22, 0.0, 0.0, 0.0, 0.0, 0.0, 1.0, 0.0, 0.0, 0.0, 3.7885199233448355e-22, 0.0, 4.484518273312013e-22, 4.504204596938133e-22, 0.0, 4.487651252238913e-22, 0.0, 0.0, 0.0, 4.075444831860254e-22, 4.477579651822993e-22, 0.0, 0.0]","[0.0, 0.0, 0.0, 0.0, 0.007310301178125803, 0.009747211681458826, 0.004552228018439472, 0.008520504247312469, 0.01856848098889771, 0.003662866768229834, 0.0, 0.010265045319740564, 0.0042529836664845925, 0.8975119989118572, 0.0, 0.0, 0.0, 0.004429162738959138, 0.009518326783265198, 0.0, 0.008171269799759816, 0.008241613681079812, 0.0, 0.0016121613028430165, 0.0, 0.0, 0.0036358449135464785, 0.0, 0.0, 0.0]","[0.0, 0.0, 0.0, 0.0, 0.0, 0.0, 0.0, 0.0, 0.10595016181468964, 0.10595016181468964, 0.0793800950050354, 0.10595016181468964, 0.10183814913034439, 0.0, 0.0, 0.0, 0.0, 0.0, 0.10595016181468964, 0.0, 0.10595016181468964, 0.10595016181468964, 0.0, 0.09808608889579773, 0.0, 0.0, 0.0, 0.0, 0.08499471843242645, 0.0]",-0.004259897985992863
62,1.0392258552167934,"[0.9839310016750323, 1.0095896344847026, 0.9945037386068943, 0.9797314036934726, 0.9816576273065041, 1.0155834545354308, 1.0087407475084984, 1.0208214649180891, 0.9929194283029463, 1.0015746820354383, 1.000698538329148, 0.9832943453720804, 1.0084419616927505, 0.9998284648157306, 1.016835508589191, 1.0251768695408274, 0.9999586432552086, 1.0172112865167295, 0.9773814465947268, 0.9903540964519918, 0.997722580312922, 1.0000031232510036, 1.0012732110053224, 1.0008917918501086, 1.0123163441969942, 0.9910998400614346, 1.0037156882638587, 0.9882073505073617, 1.001940468449708, 1.0026693410873555]","[1.0064802100438397, 1.0062720891803796, 1.0133970599168551, 1.0277851552519564, 0.9874953904559719, 1.005366678528907, 0.9906239728175316, 0.991951206751018, 0.9832900411420822, 1.0127193560016432, 1.009270545290595, 1.019522455264494, 1.0005443742966407, 0.9930046842598257, 0.993946201277952, 0.9962884318305962, 0.9947775884149862, 1.0135938969041391, 1.017641600829119, 1.0014481919778138, 0.990624838009609, 1.0066886593890716, 1.0166401785320929, 0.9983889207525078, 0.9872542893835979, 0.9915262785701081, 0.9935162406282106, 0.9913677686074112, 1.0024160373301148, 1.0022717477083263]","[0.006480210043839696, 0.006272089180379581, 0.013397059916855136, 0.02778515525195635, -0.0125046095440281, 0.005366678528907043, -0.009376027182468438, -0.008048793248982, -0.016709958857917817, 0.0127193560016432, 0.009270545290595011, 0.01952245526449392, 0.0005443742966406706, -0.006995315740174313, -0.006053798722048032, -0.003711568169403767, -0.0052224115850137975, 0.013593896904139147, 0.01764160082911892, 0.001448191977813762, -0.009375161990391012, 0.006688659389071594, 0.016640178532092875, -0.0016110792474921531, -0.012745710616402062, -0.00847372142989189, -0.006483759371789355, -0.00863223139258884, 0.002416037330114751, 0.002271747708326277]","[0.0, 0.0, 0.0, 0.0, 0.0, 0.0, 0.0, 0.0, 0.0846719741821289, 0.11694158613681793, 0.09907642006874084, 0.11694158613681793, 0.0, 0.11694158613681793, 0.08279402554035187, 0.0, 0.0, 0.08292551338672638, 0.08731260895729065, 0.0, 0.0, 0.0, 0.09545303881168365, 0.0, 0.0, 0.11694158613681793, 0.0, 0.0, 0.0, 0.0]","[0.0, 1.164069222117928e-22, 0.0, 0.0, 1.1617135055606409e-22, 2.2691658328882055e-22, 0.0, 0.0, 0.0, 2.2642344899127145e-22, 0.0, 0.0, 0.0, 1.0, 1.1599576251846924e-22, 0.0, 0.0, 0.0, 0.0, 0.0, 3.397870339674388e-22, 0.0, 0.0, 2.2600346116172055e-22, 0.0, 1.161284115596865e-22, 0.0, 3.3695587489920553e-22, 0.0, 0.0]","[0.015105563819380526, 0.0, 0.0, 0.017780736862375315, 0.0, 0.0010720481047304048, 0.0, 0.010660463547839154, 0.0, 0.004693969238817048, 0.021555169854878493, 0.0, 0.0034218743972161993, 0.8942978925208055, 0.0, 0.0, 0.0, 0.000919839491926, 0.0, 0.0, 0.01384615041399269, 0.0, 0.0, 0.0, 0.008178884589228672, 0.004323199465707534, 0.0, 0.004144207693102556, 0.0, 0.0]","[0.0, 0.0, 0.0, 0.0, 0.0, 0.0, 0.0, 0.0, 0.0846719816327095, 0.11694160103797913, 0.09907643496990204, 0.11694160103797913, 0.0, 0.11694160103797913, 0.08279403299093246, 0.0, 0.0, 0.08292552083730698, 0.08731261640787125, 0.0, 0.0, 0.0, 0.09545305371284485, 0.0, 0.0, 0.11694160103797913, 0.0, 0.0, 0.0, 0.0]",0.004813057845674489
63,1.0392441690522076,"[1.0064802100438397, 1.0062720891803796, 1.0133970599168551, 1.0277851552519564, 0.9874953904559719, 1.005366678528907, 0.9906239728175316, 0.991951206751018, 0.9832900411420822, 1.0127193560016432, 1.009270545290595, 1.019522455264494, 1.0005443742966407, 0.9930046842598257, 0.993946201277952, 0.9962884318305962, 0.9947775884149862, 1.0135938969041391, 1.017641600829119, 1.0014481919778138, 0.990624838009609, 1.0066886593890716, 1.0166401785320929, 0.9983889207525078, 0.9872542893835979, 0.9915262785701081, 0.9935162406282106, 0.9913677686074112, 1.0024160373301148, 1.0022717477083263]","[1.0159996353997967, 1.008158211758398, 1.0188887636641375, 1.0009285650887327, 0.9960172100192054, 1.0224944372090334, 1.0183678663348315, 0.9718133609131622, 0.994769515474635, 0.9991290313644979, 1.0063659811189463, 0.9998787531512285, 0.9894095386226643, 0.9966186975380811, 1.0133997728442308, 0.9978789441975954, 0.99907525996319, 0.9740038726811096, 0.9986791727377072, 0.979711001552504, 1.0082957893844646, 1.0207731700587406, 1.0084830625575125, 0.995262968366485, 0.9929712515028857, 1.0071135408205356, 1.0025680743052805, 0.9974625061277871, 1.0045895201324213, 0.9909175987522586]","[0.015999635399796652, 0.008158211758398037, 0.018888763664137498, 0.0009285650887327357, -0.003982789980794599, 0.022494437209033435, 0.01836786633483145, -0.028186639086837828, -0.005230484525365009, -0.0008709686355020674, 0.006365981118946262, -0.0001212468487714613, -0.010590461377335658, -0.0033813024619189225, 0.013399772844230773, -0.0021210558024046255, -0.000924740036809979, -0.02599612731889045, -0.0013208272622927675, -0.020288998447495987, 0.008295789384464625, 0.020773170058740575, 0.008483062557512522, -0.004737031633515021, -0.007028748497114323, 0.007113540820535613, 0.002568074305280499, -0.0025374938722129148, 0.00458952013242131, -0.0090824012477414]","[0.0, 0.0, 0.0, 0.0, 0.07217076420783997, 0.0, 0.0, 0.0, 0.10863447934389114, 0.0, 0.0, 0.0, 0.0, 0.0, 0.0, 0.0, 0.10863447934389114, 0.0, 0.0, 0.0, 0.10863447934389114, 0.0, 0.10863447934389114, 0.09057634323835373, 0.0884624496102333, 0.09698355197906494, 0.0, 0.0, 0.10863447934389114, 0.10863447934389114]","[0.0, -7.796985540812072e-23, 0.0, 0.0, -2.171048519806889e-22, 0.0, 0.0, 0.0, -1.0619741569621992e-22, 0.0, 0.0, 0.0, 0.0, 1.0, 0.0, 0.0, 0.0, -5.106916920209086e-23, 4.5156413477129636e-24, 0.0, -2.155540094839307e-22, 0.0, 0.0, 0.0, -1.0652182337280167e-22, 0.0, 0.0, 3.745628292425481e-24, -1.067330336664114e-22, 0.0]","[0.014620592206782254, 0.0, 0.0, 0.01337521982019901, 0.0, 0.0, 0.0026110260752455912, 0.0015154882733870746, 0.0, 0.0, 0.0, 0.0011150544931118772, 0.0, 0.9160865418407472, 0.014102718579428462, 0.0, 0.003196449648981846, 0.0, 0.004588959388267355, 0.0, 0.00430006499942846, 0.0021878597166863026, 0.0, 0.0, 0.0033857910674701466, 0.0, 0.0, 0.0, 0.007749396035039342, 0.011164837855224981]","[0.0, 0.0, 0.0, 0.0, 0.07217076420783997, 0.0, 0.0, 0.0, 0.10863447934389114, 0.0, 0.0, 0.0, 0.0, 0.0, 0.0, 0.0, 0.10863447934389114, 0.0, 0.0, 0.0, 0.10863447934389114, 0.0, 0.10863447934389114, 0.09057634323835373, 0.0884624496102333, 0.09698355197906494, 0.0, 0.0, 0.10863447934389114, 0.10863447934389114]",-0.0003817156850917151
64,1.033301285350322,"[1.0159996353997967, 1.008158211758398, 1.0188887636641375, 1.0009285650887327, 0.9960172100192054, 1.0224944372090334, 1.0183678663348315, 0.9718133609131622, 0.994769515474635, 0.9991290313644979, 1.0063659811189463, 0.9998787531512285, 0.9894095386226643, 0.9966186975380811, 1.0133997728442308, 0.9978789441975954, 0.99907525996319, 0.9740038726811096, 0.9986791727377072, 0.979711001552504, 1.0082957893844646, 1.0207731700587406, 1.0084830625575125, 0.995262968366485, 0.9929712515028857, 1.0071135408205356, 1.0025680743052805, 0.9974625061277871, 1.0045895201324213, 0.9909175987522586]","[0.9902123266440067, 1.0006902258593395, 1.036684585373011, 0.9820970983872357, 0.9897755161691657, 1.012533666476808, 1.0063993848963462, 0.973225869441613, 1.018423894619965, 0.9862831112583877, 1.0243289069682657, 0.9743415942407749, 0.9983548114605826, 0.9932294102733458, 1.0082953879206504, 0.9981206974179955, 0.9837785822701366, 1.0009451060671053, 0.9956043193583894, 0.9833854938309842, 1.0007664384033998, 0.9974292041450955, 0.9682909106929996, 1.0059908953556547, 1.0373513844246705, 1.0061827420166611, 0.9917410711666742, 1.0025637384682295, 1.006918288315816, 1.0068335084245534]","[-0.009787673355993287, 0.0006902258593395327, 0.03668458537301089, -0.01790290161276431, -0.010224483830834297, 0.012533666476808092, 0.006399384896346172, -0.026774130558386955, 0.018423894619965075, -0.013716888741612254, 0.02432890696826573, -0.025658405759225067, -0.0016451885394174193, -0.00677058972665423, 0.008295387920650432, -0.0018793025820045273, -0.016221417729863408, 0.0009451060671052947, -0.004395680641610555, -0.01661450616901583, 0.0007664384033998495, -0.002570795854904495, -0.03170908930700045, 0.0059908953556546685, 0.03735138442467045, 0.006182742016661136, -0.008258928833325796, 0.0025637384682295483, 0.00691828831581609, 0.006833508424553436]","[0.0, 0.05497867241501808, 0.0, 0.0, 0.11906912922859192, 0.0, 0.11906912922859192, 0.11906912922859192, 0.0, 0.0, 0.0, 0.0, 0.0, 0.0, 0.0, 0.0, 0.0, 0.0, 0.0, 0.0, 0.0, 0.11906912922859192, 0.06840173900127411, 0.08841066807508469, 0.0, 0.0, 0.11906912922859192, 0.11906912922859192, 0.07379420101642609, 0.0]","[0.0, 0.0, 0.0, 0.0, 6.077679407741883e-24, 1.170952712460213e-22, 0.0, 0.0, 0.0, 0.0, 0.0, 0.0, 0.0, 1.0, 0.0, 8.861120117115772e-23, 0.0, 0.0, 0.0, 0.0, 7.97256719171507e-24, 6.0978308780546815e-24, 6.141706264652721e-24, 1.1585424901644517e-22, 0.0, 1.1717649639540903e-22, 1.1752073132047154e-22, 0.0, 0.0, 0.0]","[0.0, 0.01840838735260738, 0.0, 0.0, 0.0, 0.0, 0.004807265358629721, 0.0011992084431953428, 0.0, 0.012294656915572244, 0.0, 0.0, 0.0009644185938225463, 0.9070533013960542, 0.004715572474102428, 0.0005655429662833264, 0.0072301118689961285, 0.006092265040621198, 0.0061408723211496125, 0.002433760956303022, 0.008316387881733769, 0.006378251683632032, 0.0, 0.0, 0.0, 0.0, 0.004748970814332252, 0.002312857474917059, 0.006338168458047788, 0.0]","[0.0, 0.054978664964437485, 0.0, 0.0, 0.11906911432743073, 0.0, 0.11906911432743073, 0.11906911432743073, 0.0, 0.0, 0.0, 0.0, 0.0, 0.0, 0.0, 0.0, 0.0, 0.0, 0.0, 0.0, 0.0, 0.11906911432743073, 0.06840173155069351, 0.08841066062450409, 0.0, 0.0, 0.11906911432743073, 0.11906911432743073, 0.07379419356584549, 0.0]",-0.00613498803420383
65,1.0270728953403143,"[0.9902123266440067, 1.0006902258593395, 1.036684585373011, 0.9820970983872357, 0.9897755161691657, 1.012533666476808, 1.0063993848963462, 0.973225869441613, 1.018423894619965, 0.9862831112583877, 1.0243289069682657, 0.9743415942407749, 0.9983548114605826, 0.9932294102733458, 1.0082953879206504, 0.9981206974179955, 0.9837785822701366, 1.0009451060671053, 0.9956043193583894, 0.9833854938309842, 1.0007664384033998, 0.9974292041450955, 0.9682909106929996, 1.0059908953556547, 1.0373513844246705, 1.0061827420166611, 0.9917410711666742, 1.0025637384682295, 1.006918288315816, 1.0068335084245534]","[0.9927634232756801, 0.9937335294030192, 1.0079854568917084, 0.9842784761855602, 1.0159073659412576, 1.0042864081837195, 0.9970900048341627, 1.025534601084387, 1.0167378073767628, 1.0243223196018347, 0.9922313447595253, 1.0045174601413696, 1.0055620546708113, 0.9969813827369755, 1.0157605798668294, 0.9795279818282806, 0.9872150321837023, 0.9957753772604926, 0.9904086878856077, 0.9923600167360355, 1.0042097159723944, 0.9771839198749146, 0.9759083025792423, 0.9830182483462911, 0.9819539513247582, 0.9879316819348732, 1.0218794500724635, 0.9793061387032319, 0.99609144749103, 1.0142390238796233]","[-0.007236576724319876, -0.006266470596980822, 0.007985456891708376, -0.01572152381443981, 0.015907365941257634, 0.004286408183719503, -0.0029099951658373424, 0.0255346010843871, 0.01673780737676278, 0.02432231960183473, -0.007768655240474653, 0.004517460141369556, 0.005562054670811278, -0.003018617263024548, 0.01576057986682944, -0.020472018171719397, -0.012784967816297677, -0.004224622739507411, -0.009591312114392347, -0.007639983263964534, 0.00420971597239439, -0.022816080125085403, -0.024091697420757674, -0.016981751653708854, -0.018046048675241844, -0.01206831806512676, 0.021879450072463502, -0.02069386129676809, -0.003908552508970042, 0.01423902387962328]","[0.07388682663440704, 0.06343033909797668, 0.0, 0.1254146844148636, 0.0, 0.12146405875682831, 0.0, 0.0, 0.1014394760131836, 0.0, 0.05355209484696388, 0.0, 0.0, 0.10988492518663406, 0.0, 0.0, 0.11750601977109909, 0.0, 0.0, 0.0, 0.0, 0.0, 0.10800688713788986, 0.0, 0.0, 0.0, 0.0, 0.0, 0.1254146844148636, 0.0]","[-1.0696085942911902e-22, 0.0, 1.0, 3.8774277057959086e-24, 0.0, 0.0, 3.3081242348009686e-24, 0.0, 0.0, 0.0, 1.1336486302944148e-22, 0.0, 4.0236326683939476e-24, 0.0, 0.0, -1.0741155642425584e-22, 0.0, 0.0, 0.0, 0.0, 0.0, -1.0732997241711193e-22, 0.0, 0.0, 0.0, 0.0, 0.0, 0.0, 2.8314394990406128e-24, -1.0744518672328487e-22]","[0.0, 0.0029915692619010845, 0.8397983233714951, 0.018278828813330806, 0.0, 0.0, 0.0, 0.005770207270318821, 0.0, 0.010000092362983201, 0.0034342750872459332, 0.0007565099024279128, 0.0, 0.006504629035827504, 0.0033578642134539645, 0.019457247900380743, 0.0, 0.004712488647948877, 0.009034716302989201, 0.0, 0.0, 0.010438594385007723, 0.00834555467912156, 0.020237302085055364, 0.014672421608279045, 0.004089522574275111, 0.017404783511788466, 0.0007150689861695829, 0.0, 0.0]","[0.07388682663440704, 0.06343033909797668, 0.0, 0.1254146844148636, 0.0, 0.12146405875682831, 0.0, 0.0, 0.1014394760131836, 0.0, 0.05355209484696388, 0.0, 0.0, 0.10988492518663406, 0.0, 0.0, 0.11750601977109909, 0.0, 0.0, 0.0, 0.0, 0.0, 0.10800688713788986, 0.0, 0.0, 0.0, 0.0, 0.0, 0.1254146844148636, 0.0]",-0.006478999607157434
66,1.0256608778829546,"[0.9927634232756801, 0.9937335294030192, 1.0079854568917084, 0.9842784761855602, 1.0159073659412576, 1.0042864081837195, 0.9970900048341627, 1.025534601084387, 1.0167378073767628, 1.0243223196018347, 0.9922313447595253, 1.0045174601413696, 1.0055620546708113, 0.9969813827369755, 1.0157605798668294, 0.9795279818282806, 0.9872150321837023, 0.9957753772604926, 0.9904086878856077, 0.9923600167360355, 1.0042097159723944, 0.9771839198749146, 0.9759083025792423, 0.9830182483462911, 0.9819539513247582, 0.9879316819348732, 1.0218794500724635, 0.9793061387032319, 0.99609144749103, 1.0142390238796233]","[0.9879059535376364, 0.9985491210304532, 1.0069074672261886, 1.0125274319869924, 0.9982236726116327, 0.9921423826425735, 0.9931912795078138, 1.008736137536511, 0.9974687946356036, 0.9935658612680726, 0.9952771972865123, 0.9822789497059382, 0.9891506849556714, 0.984346073509529, 1.000336818140081, 0.9795648391593725, 0.9978868548445928, 1.0071319046520981, 1.0085533123940176, 0.9929396484242441, 0.9895215275087011, 1.0106644135055873, 0.9981856492547677, 1.0084774313489133, 1.0042143478534973, 1.009213779394149, 0.9939556324998315, 1.0099864072325824, 1.0028526339863404, 1.0134345196112613]","[-0.012094046462363561, -0.001450878969546765, 0.006907467226188624, 0.012527431986992354, -0.0017763273883673047, -0.007857617357426516, -0.006808720492186171, 0.008736137536510924, -0.0025312053643964383, -0.006434138731927441, -0.004722802713487684, -0.01772105029406179, -0.010849315044328622, -0.015653926490471037, 0.0003368181400809078, -0.020435160840627464, -0.00211314515540717, 0.00713190465209812, 0.008553312394017576, -0.007060351575755908, -0.010478472491298851, 0.010664413505587333, -0.001814350745232285, 0.008477431348913322, 0.00421434785349728, 0.009213779394148913, -0.006044367500168457, 0.009986407232582373, 0.0028526339863403916, 0.013434519611261297]","[0.11069311946630478, 0.0, 0.0, 0.0, 0.0, 0.11069311946630478, 0.0, 0.0, 0.11069311946630478, 0.0, 0.11069311946630478, 0.0, 0.0, 0.0, 0.11069311946630478, 0.08491184562444687, 0.0, 0.06972517818212509, 0.0, 0.0, 0.0, 0.10667159408330917, 0.0, 0.0, 0.0, 0.0, 0.0, 0.0, 0.07453271746635437, 0.11069311946630478]","[0.0, 3.8809989270001662e-22, 1.0, 0.0, 0.0, 3.3678158251018087e-22, 3.364323670501635e-22, 0.0, 0.0, 3.371769031491821e-22, 0.0, 0.0, 0.0, 0.0, 0.0, 0.0, 0.0, 0.0, 4.476378619630517e-22, 0.0, 3.3672465147251994e-22, 0.0, 4.482292576408532e-22, 4.475130592682799e-22, 0.0, 0.0, 0.0, 0.0, 0.0, 3.3662516375560505e-22]","[0.0, 0.0, 0.8755500379520431, 0.0, 0.01443569136383707, 0.010954645215986882, 6.678278661771665e-05, 0.005786040461470545, 0.0, 0.0027720766292974766, 0.0012924743321227586, 0.0, 0.015139161064690784, 0.012006866818831223, 0.0019578986343423434, 0.0, 0.0, 0.0, 0.01697867183083248, 0.014545066099795332, 0.0060565252286752785, 0.001735361644223331, 0.0017678000736668024, 0.0, 0.0, 0.013772401579413191, 0.0, 0.005182498284153513, 0.0, 0.0]","[0.11069311946630478, 0.0, 0.0, 0.0, 0.0, 0.11069311946630478, 0.0, 0.0, 0.11069311946630478, 0.0, 0.11069311946630478, 0.0, 0.0, 0.0, 0.11069311946630478, 0.08491184562444687, 0.0, 0.06972517818212509, 0.0, 0.0, 0.0, 0.10667159408330917, 0.0, 0.0, 0.0, 0.0, 0.0, 0.0, 0.07453271746635437, 0.11069311946630478]",-0.0018197085498498898
67,1.0257815557758738,"[0.9879059535376364, 0.9985491210304532, 1.0069074672261886, 1.0125274319869924, 0.9982236726116327, 0.9921423826425735, 0.9931912795078138, 1.008736137536511, 0.9974687946356036, 0.9935658612680726, 0.9952771972865123, 0.9822789497059382, 0.9891506849556714, 0.984346073509529, 1.000336818140081, 0.9795648391593725, 0.9978868548445928, 1.0071319046520981, 1.0085533123940176, 0.9929396484242441, 0.9895215275087011, 1.0106644135055873, 0.9981856492547677, 1.0084774313489133, 1.0042143478534973, 1.009213779394149, 0.9939556324998315, 1.0099864072325824, 1.0028526339863404, 1.0134345196112613]","[0.988560760897832, 0.9942047467927103, 1.0205893628765301, 1.0092685680082318, 1.0003254397971755, 1.0036024575061226, 0.9948322736493954, 0.9828135656664128, 0.9966465808789542, 0.9997969439682234, 1.014504674273376, 1.0005366432926235, 0.9838695591956541, 0.9892408240545253, 1.0234370324188673, 0.984668520280925, 0.9937467210196198, 1.014210190064658, 1.0027071954445057, 0.974405052610334, 1.0082216124504533, 0.9711685715034013, 1.0073958638218932, 1.0000733711376346, 1.0156014385736036, 1.0083623422145758, 1.0062419215609848, 1.017240580003088, 0.9995253806360747, 1.0112390389774293]","[-0.011439239102168042, -0.005795253207289686, 0.020589362876530126, 0.009268568008231837, 0.0003254397971754752, 0.003602457506122647, -0.0051677263506045845, -0.01718643433358724, -0.0033534191210458086, -0.00020305603177661613, 0.014504674273376095, 0.0005366432926234843, -0.01613044080434589, -0.010759175945474708, 0.0234370324188673, -0.015331479719075003, -0.006253278980380195, 0.014210190064658068, 0.0027071954445057056, -0.025594947389665945, 0.008221612450453275, -0.0288314284965987, 0.007395863821893167, 7.337113763461467e-05, 0.015601438573603632, 0.008362342214575769, 0.006241921560984798, 0.017240580003087924, -0.00047461936392534376, 0.011239038977429283]","[0.0, 0.06894180923700333, 0.10559800267219543, 0.0, 0.0, 0.10559800267219543, 0.10559800267219543, 0.0, 0.0, 0.0, 0.0, 0.0, 0.0, 0.10559800267219543, 0.0, 0.0, 0.0, 0.0, 0.10559800267219543, 0.10559800267219543, 0.10559800267219543, 0.0, 0.0, 0.08627420663833618, 0.0, 0.0, 0.0, 0.0, 0.0, 0.10559800267219543]","[2.2602359004780854e-22, 0.0, 1.0, 0.0, 0.0, 3.366654875270889e-22, 0.0, 0.0, 0.0, 2.2601909553745294e-22, 0.0, 0.0, 2.2592887807632493e-22, 3.3648810066784453e-22, 0.0, 2.256391542779779e-22, 0.0, 0.0, 0.0, 0.0, 2.256026422762251e-22, 2.2567966719735274e-22, 4.4803180525707535e-22, 0.0, 0.0, 0.0, 0.0, 0.0, 0.0, 0.0]","[0.0, 0.0, 0.9181180634420925, 0.0, 0.0, 0.016217821515485186, 0.0, 0.0011260266739778306, 0.0, 0.006584889277146205, 0.006227022206471383, 0.002638702179458715, 0.0, 0.0, 0.01509739654542685, 0.0, 0.0, 0.0, 0.007553962132081009, 0.0, 0.0009464507468952235, 0.006520179588181694, 0.0, 0.0, 0.0015800090635183777, 0.0038039796437772263, 0.013585496985487985, 0.0, 0.0, 0.0]","[0.0, 0.06894180923700333, 0.10559800267219543, 0.0, 0.0, 0.10559800267219543, 0.10559800267219543, 0.0, 0.0, 0.0, 0.0, 0.0, 0.0, 0.10559800267219543, 0.0, 0.0, 0.0, 0.0, 0.10559800267219543, 0.10559800267219543, 0.10559800267219543, 0.0, 0.0, 0.08627420663833618, 0.0, 0.0, 0.0, 0.0, 0.0, 0.10559800267219543]",-0.00026476544596572727
68,1.0180554388005845,"[0.988560760897832, 0.9942047467927103, 1.0205893628765301, 1.0092685680082318, 1.0003254397971755, 1.0036024575061226, 0.9948322736493954, 0.9828135656664128, 0.9966465808789542, 0.9997969439682234, 1.014504674273376, 1.0005366432926235, 0.9838695591956541, 0.9892408240545253, 1.0234370324188673, 0.984668520280925, 0.9937467210196198, 1.014210190064658, 1.0027071954445057, 0.974405052610334, 1.0082216124504533, 0.9711685715034013, 1.0073958638218932, 1.0000733711376346, 1.0156014385736036, 1.0083623422145758, 1.0062419215609848, 1.017240580003088, 0.9995253806360747, 1.0112390389774293]","[0.99833202383826, 0.9998940286215392, 0.9996595244577072, 1.0140167844844485, 0.9961655459810914, 0.989483890445755, 0.9894103511464748, 0.9966723370034667, 1.0144623234325352, 1.0181571034364778, 1.0030472800421295, 0.9957045456443105, 0.991128301351831, 1.0036455220991851, 0.9802103876145618, 1.0031248132125172, 0.9882785380056334, 1.003081469336089, 1.00081782807079, 0.9839137720529193, 0.999146478646284, 0.9956251411309692, 0.9982271613852822, 1.0046000249964744, 0.9944526851694998, 0.9908487481423442, 0.9979417398405162, 0.9891869203364447, 0.9940251625707295, 1.009142292060821]","[-0.0016679761617399702, -0.00010597137846080074, -0.000340475542292773, 0.014016784484448541, -0.003834454018908584, -0.010516109554244979, -0.010589648853525202, -0.0033276629965333093, 0.014462323432535173, 0.018157103436477806, 0.0030472800421295076, -0.004295454355689454, -0.008871698648168946, 0.0036455220991851167, -0.019789612385438193, 0.00312481321251723, -0.011721461994366633, 0.0030814693360889933, 0.0008178280707900054, -0.0160862279470807, -0.0008535213537159692, -0.004374858869030773, -0.0017728386147177755, 0.004600024996474383, -0.005547314830500194, -0.009151251857655751, -0.002058260159483849, -0.01081307966355527, -0.005974837429270519, 0.009142292060821067]","[0.0, 0.0, 0.0, 0.0, 0.11231584846973419, 0.05675483122467995, 0.0, 0.0, 0.0, 0.0, 0.0, 0.0, 0.11231584846973419, 0.0, 0.11231584846973419, 0.0, 0.0, 0.0, 0.0, 0.11231584846973419, 0.11231584846973419, 0.0, 0.0, 0.10214224457740784, 0.0, 0.11231584846973419, 0.11231584846973419, 0.054891884326934814, 0.0, 0.0]","[2.2664249271064797e-22, 0.0, 1.0, 0.0, 0.0, 0.0, 2.2581302400703934e-22, 2.27084810428331e-22, 0.0, 0.0, 0.0, 0.0, 0.0, 0.0, 2.2538539665743003e-22, 0.0, 0.0, 0.0, 0.0, 3.3688385629584224e-22, 2.5376377770276557e-22, 3.3742691704233348e-22, 0.0, 0.0, 2.809501711016655e-22, 3.3642114977781046e-22, 0.0, 0.0, 0.0, 0.0]","[0.017440164039653885, 0.011727069153371945, 0.896491831342045, 0.0, 0.012580934338574086, 0.005473369637055271, 0.0, 0.0, 0.006062886573401246, 0.0, 0.0, 0.0022416413313215834, 0.0, 0.012673897685190123, 0.0, 0.0, 0.0, 0.012943128917889747, 0.005549688214877508, 0.0, 0.00040743840176741164, 0.0, 0.0, 0.0, 0.0, 0.0014210506286257323, 0.0, 0.014986899736226522, 0.0, 0.0]","[0.0, 0.0, 0.0, 0.0, 0.11231586337089539, 0.056754838675260544, 0.0, 0.0, 0.0, 0.0, 0.0, 0.0, 0.11231586337089539, 0.0, 0.11231586337089539, 0.0, 0.0, 0.0, 0.0, 0.11231586337089539, 0.11231586337089539, 0.0, 0.0, 0.10214225947856903, 0.0, 0.11231586337089539, 0.11231586337089539, 0.05489189177751541, 0.0, 0.0]",-0.007986062965259638
69,1.0146634447850378,"[0.99833202383826, 0.9998940286215392, 0.9996595244577072, 1.0140167844844485, 0.9961655459810914, 0.989483890445755, 0.9894103511464748, 0.9966723370034667, 1.0144623234325352, 1.0181571034364778, 1.0030472800421295, 0.9957045456443105, 0.991128301351831, 1.0036455220991851, 0.9802103876145618, 1.0031248132125172, 0.9882785380056334, 1.003081469336089, 1.00081782807079, 0.9839137720529193, 0.999146478646284, 0.9956251411309692, 0.9982271613852822, 1.0046000249964744, 0.9944526851694998, 0.9908487481423442, 0.9979417398405162, 0.9891869203364447, 0.9940251625707295, 1.009142292060821]","[0.986358844173542, 0.9864781269066182, 1.0104067381215702, 0.9890839970915588, 1.0039643474150324, 0.9956052066374678, 1.0126185589592815, 1.0028181264830134, 0.9944725049252454, 0.9920118180142361, 0.9930383833465718, 1.0062155959775836, 0.9953706603600601, 1.0042936053144866, 0.9904854655017125, 1.0203567551060722, 0.9822054039524754, 0.9912713931358706, 1.0103262665642476, 1.0076543698537244, 0.9779985073415105, 1.002097811138291, 1.0254466137260667, 1.004626722815011, 1.0128591527347601, 0.9868306977101305, 1.0061072544886607, 1.0162529725484293, 1.0024970883711695, 0.9672003363724052]","[-0.013641155826457974, -0.01352187309338182, 0.010406738121570225, -0.010916002908441191, 0.0039643474150323765, -0.004394793362532234, 0.012618558959281545, 0.0028181264830133834, -0.005527495074754585, -0.007988181985763898, -0.006961616653428204, 0.006215595977583588, -0.0046293396399399445, 0.004293605314486637, -0.009514534498287541, 0.020356755106072155, -0.017794596047524647, -0.008728606864129351, 0.010326266564247621, 0.007654369853724363, -0.022001492658489497, 0.0020978111382909947, 0.025446613726066714, 0.004626722815010975, 0.012859152734760126, -0.013169302289869456, 0.006107254488660674, 0.01625297254842928, 0.0024970883711694647, -0.03279966362759479]","[0.0, 0.14157241582870483, 0.0, 0.0, 0.0, 0.0, 0.0, 0.014874876476824284, 0.14157241582870483, 0.14157241582870483, 0.14157241582870483, 0.06494249403476715, 0.08638258278369904, 0.0, 0.0, 0.0, 0.0, 0.0, 0.0, 0.0, 0.0, 0.0, 0.0, 0.14157241582870483, 0.0, 0.04303047060966492, 0.0, 0.08290741592645645, 0.0, 0.0]","[2.8818413445302113e-24, 2.242079355949042e-22, 1.0, 2.612790268665068e-24, 0.0, 0.0, 0.0, 0.0, 2.583224714117149e-24, 0.0, 0.0, 0.0, 2.971749143856564e-24, 0.0, 0.0, 2.6524988519023868e-24, 2.6952931416076755e-24, 0.0, 0.0, 0.0, 0.0, 0.0, 0.0, 0.0, 0.0, 1.131630993359273e-22, 0.0, 0.0, 0.0, 2.382482267635743e-22]","[0.002572920421905862, 0.0, 0.908254611288159, 0.001396087330423667, 0.018644707450563562, 0.005381185301283937, 0.0013340638422671591, 0.010364414842674889, 0.013221419772282427, 0.003696518124302058, 0.0, 0.0, 0.0, 0.0004392296061380458, 0.0005089567816609038, 0.0, 0.007346660108053425, 0.0, 0.00462873048541467, 0.009140744831337604, 0.003959395705271576, 0.0, 0.0024838451002498455, 0.0, 0.0, 0.0, 0.0, 0.0, 0.006626509008011322, 0.0]","[0.0, 0.14157243072986603, 0.0, 0.0, 0.0, 0.0, 0.0, 0.014874878339469433, 0.14157243072986603, 0.14157243072986603, 0.14157243072986603, 0.06494250148534775, 0.08638259023427963, 0.0, 0.0, 0.0, 0.0, 0.0, 0.0, 0.0, 0.0, 0.0, 0.0, 0.14157243072986603, 0.0, 0.043030474334955215, 0.0, 0.08290742337703705, 0.0, 0.0]",-0.0037804160709875847
70,1.0230828337893767,"[0.986358844173542, 0.9864781269066182, 1.0104067381215702, 0.9890839970915588, 1.0039643474150324, 0.9956052066374678, 1.0126185589592815, 1.0028181264830134, 0.9944725049252454, 0.9920118180142361, 0.9930383833465718, 1.0062155959775836, 0.9953706603600601, 1.0042936053144866, 0.9904854655017125, 1.0203567551060722, 0.9822054039524754, 0.9912713931358706, 1.0103262665642476, 1.0076543698537244, 0.9779985073415105, 1.002097811138291, 1.0254466137260667, 1.004626722815011, 1.0128591527347601, 0.9868306977101305, 1.0061072544886607, 1.0162529725484293, 1.0024970883711695, 0.9672003363724052]","[1.0109716231801222, 0.993830694590643, 0.9997080066170906, 0.9813697574602626, 0.9920072661256665, 1.0126268240377723, 1.0096320931478293, 0.9927271402851076, 0.9960406359068814, 0.9974031264365246, 0.9719906540214156, 0.9916781817857009, 1.018658041594728, 1.0058848759961005, 0.9983532185940417, 1.00378559335093, 1.006249776203485, 1.0045385269096776, 1.0017481705838236, 1.0179199166894402, 1.027090312764008, 0.9805061068828055, 0.9803104908728222, 1.001721400949915, 1.02112205739182, 0.9749511044893572, 0.9897058457299744, 1.0146182725858577, 0.9959544223266006, 1.0230719214091513]","[0.010971623180122236, -0.0061693054093570066, -0.0002919933829094168, -0.01863024253973744, -0.007992733874333524, 0.012626824037772266, 0.009632093147829313, -0.007272859714892443, -0.003959364093118589, -0.002596873563475377, -0.0280093459785844, -0.008321818214299115, 0.018658041594727948, 0.005884875996100547, -0.0016467814059583086, 0.0037855933509300943, 0.006249776203484991, 0.004538526909677598, 0.001748170583823594, 0.017919916689440152, 0.027090312764008084, -0.019493893117194516, -0.019689509127177818, 0.0017214009499149086, 0.02112205739182005, -0.02504889551064282, -0.010294154270025557, 0.014618272585857683, -0.004045577673399414, 0.023071921409151264]","[0.0, 0.0, 0.0, 0.0, 0.07064253836870193, 0.11817285418510437, 0.0, 0.0, 0.0, 0.071492038667202, 0.0, 0.0, 0.0, 0.09355711191892624, 0.0, 0.0, 0.0, 0.0, 0.09522461146116257, 0.0, 0.08901779353618622, 0.11817285418510437, 0.0, 0.0, 0.11817285418510437, 0.0, 0.0, 0.11461611837148666, 0.0, 0.11093118786811829]","[3.432674888513493e-24, 0.0, 1.0, 0.0, 0.0, 2.877179383040045e-24, 0.0, 0.0, 3.0950611411179595e-24, 0.0, 0.0, 1.1365360022472254e-22, 3.500350781778802e-24, 2.9201023741694255e-24, 0.0, 0.0, 1.142447652593169e-22, 0.0, 0.0, 0.0, 1.1396963961859938e-22, 0.0, 0.0, 0.0, 2.66182662877639e-22, 0.0, 0.0, 0.0, 0.0, 0.0]","[0.0, 0.0014497608541494795, 0.9044410446467628, 0.016949477681182025, 0.0, 0.006865776193426606, 0.0, 0.009138043205685701, 0.0, 0.012677512587650031, 0.0, 0.0020561978917130815, 0.007413443690368462, 0.0033503498195733483, 0.0036356157270173613, 0.0024890774424954, 0.0, 0.0, 0.015692464033935708, 0.004767990699585908, 0.0, 0.0, 0.0, 0.004174004378662657, 0.0, 0.004113900952467917, 0.0, 0.0007853401953234833, 0.0, 0.0]","[0.0, 0.0, 0.0, 0.0, 0.07064253836870193, 0.11817285418510437, 0.0, 0.0, 0.0, 0.071492038667202, 0.0, 0.0, 0.0, 0.09355711191892624, 0.0, 0.0, 0.0, 0.0, 0.09522461146116257, 0.0, 0.08901779353618622, 0.11817285418510437, 0.0, 0.0, 0.11817285418510437, 0.0, 0.0, 0.11461611837148666, 0.0, 0.11093118786811829]",0.00788104619709894
71,1.033782636310167,"[1.0109716231801222, 0.993830694590643, 0.9997080066170906, 0.9813697574602626, 0.9920072661256665, 1.0126268240377723, 1.0096320931478293, 0.9927271402851076, 0.9960406359068814, 0.9974031264365246, 0.9719906540214156, 0.9916781817857009, 1.018658041594728, 1.0058848759961005, 0.9983532185940417, 1.00378559335093, 1.006249776203485, 1.0045385269096776, 1.0017481705838236, 1.0179199166894402, 1.027090312764008, 0.9805061068828055, 0.9803104908728222, 1.001721400949915, 1.02112205739182, 0.9749511044893572, 0.9897058457299744, 1.0146182725858577, 0.9959544223266006, 1.0230719214091513]","[0.9810874932450893, 0.9969419961337213, 1.0222479557070676, 1.0085675076976832, 0.9962473735031223, 1.005698281555532, 0.9859402613843382, 1.0168907670040315, 0.9797250830126081, 1.0037613132590177, 0.9847470608288071, 1.002958528955816, 1.0184327792493117, 1.0025941865759282, 1.0095441271938201, 0.966874507597219, 1.0062853532141185, 1.0096278966735592, 1.0189057149541094, 1.0108134872496126, 1.015649401848441, 1.0090729619885686, 1.0089723853334214, 1.0280410652462713, 1.0027138549280927, 1.0053181776320097, 0.9710018999637001, 0.9936130319794468, 1.0343462476335108, 0.9924930585371771]","[-0.01891250675491074, -0.0030580038662787468, 0.022247955707067613, 0.008567507697683219, -0.003752626496877687, 0.005698281555531981, -0.014059738615661788, 0.01689076700403147, -0.020274916987391922, 0.00376131325901774, -0.015252939171192859, 0.0029585289558160532, 0.018432779249311748, 0.002594186575928248, 0.00954412719382014, -0.033125492402780954, 0.006285353214118494, 0.009627896673559233, 0.01890571495410942, 0.010813487249612619, 0.01564940184844099, 0.00907296198856855, 0.008972385333421373, 0.028041065246271257, 0.0027138549280927293, 0.005318177632009702, -0.02899810003629988, -0.006386968020553163, 0.034346247633510796, -0.007506941462822936]","[0.0, 0.0, 0.04044336825609207, 0.0, 0.0, 0.0, 0.0, 0.0, 0.0, 0.12236519157886505, 0.0, 0.0774126723408699, 0.0, 0.12236519157886505, 0.0, 0.0, 0.09681599587202072, 0.11528567224740982, 0.0, 0.0, 0.0, 0.0897279903292656, 0.0, 0.11932773143053055, 0.0, 0.0, 0.0, 0.0, 0.10266018658876419, 0.11359596252441406]","[0.0, -1.0657495591269994e-22, -1.0536171428271778e-23, -1.0703759894899926e-22, 0.0, 0.0, 0.0, 0.0, 0.0, -1.0662173754915447e-22, -1.0698116473963422e-22, -1.0621250374263448e-22, 0.0, 0.0, 0.0, 0.0, 0.0, 0.0, 0.0, -1.065514985944228e-22, -1.0719036050744063e-22, 0.0, -1.069088829248179e-22, 0.0, 1.0, 0.0, 0.0, 0.0, 0.0, 0.0]","[0.0, 0.0037857776841681147, 0.00392707470909553, 0.008253686025900915, 0.0, 0.0020399001369071847, 0.0, 0.0016040492287351874, 0.007163979055870629, 0.013752145637021262, 0.0, 0.00879413658083194, 0.0, 0.0002763014486921142, 0.0, 0.002689553674806605, 0.0, 0.009433227665265465, 0.0, 0.012457087578165977, 0.0, 0.0005002035921535127, 0.0, 0.0, 0.920027078181219, 0.0008326844887647933, 0.0, 0.004463114312401837, 0.0, 0.0]","[0.0, 0.0, 0.04044337198138237, 0.0, 0.0, 0.0, 0.0, 0.0, 0.0, 0.12236519902944565, 0.0, 0.0774126797914505, 0.0, 0.12236519902944565, 0.0, 0.0, 0.09681600332260132, 0.11528567969799042, 0.0, 0.0, 0.0, 0.08972799777984619, 0.0, 0.11932773888111115, 0.0, 0.0, 0.0, 0.0, 0.10266019403934479, 0.11359596997499466]",0.009960906548430735
72,1.0273973590176153,"[0.9810874932450893, 0.9969419961337213, 1.0222479557070676, 1.0085675076976832, 0.9962473735031223, 1.005698281555532, 0.9859402613843382, 1.0168907670040315, 0.9797250830126081, 1.0037613132590177, 0.9847470608288071, 1.002958528955816, 1.0184327792493117, 1.0025941865759282, 1.0095441271938201, 0.966874507597219, 1.0062853532141185, 1.0096278966735592, 1.0189057149541094, 1.0108134872496126, 1.015649401848441, 1.0090729619885686, 1.0089723853334214, 1.0280410652462713, 1.0027138549280927, 1.0053181776320097, 0.9710018999637001, 0.9936130319794468, 1.0343462476335108, 0.9924930585371771]","[1.0006418794838927, 0.9912919634061212, 1.0012693362095835, 0.9882989113637518, 1.0187371841336967, 0.9989517680034223, 1.0166370932352036, 0.9770320292604125, 0.9994628118710284, 0.9985916337743411, 1.0018046778726393, 0.9902130277215838, 1.0123517528056987, 1.0065865553325493, 1.0002967005897645, 0.9876353047197315, 0.9934013004010355, 0.9746143636071491, 0.9906826237861364, 0.9997469726626992, 1.0172761358436735, 0.9878805240373171, 1.0069021921961125, 0.9875493273229534, 1.0074132475410746, 1.003657767072576, 0.9947100163942862, 0.9908407300774552, 1.0021613578663338, 1.0010927071503724]","[0.0006418794838927155, -0.008708036593878754, 0.0012693362095834715, -0.011701088636248191, 0.018737184133696738, -0.0010482319965776643, 0.01663709323520357, -0.02296797073958745, -0.0005371881289716329, -0.0014083662256588747, 0.001804677872639271, -0.009786972278416184, 0.012351752805698668, 0.00658655533254926, 0.0002967005897644981, -0.012364695280268512, -0.00659869959896453, -0.025385636392850852, -0.009317376213863637, -0.00025302733730081517, 0.01727613584367349, -0.012119475962682924, 0.006902192196112544, -0.012450672677046581, 0.007413247541074641, 0.0036577670725759237, -0.005289983605713755, -0.009159269922544788, 0.0021613578663337574, 0.0010927071503723518]","[0.10883890837430954, 0.10883890837430954, 0.0, 0.0, 0.0, 0.0, 0.0, 0.0, 0.10883890837430954, 0.0, 0.0, 0.07263728231191635, 0.0, 0.0, 0.10883890837430954, 0.09836948662996292, 0.0, 0.10883890837430954, 0.0, 0.0, 0.0, 0.06712087243795395, 0.0, 0.0, 0.10883890837430954, 0.0, 0.10883890837430954, 0.0, 0.0, 0.0]","[2.254640288487557e-22, 0.0, 1.0, 0.0, 0.0, 0.0, 0.0, 2.254935319322992e-22, 0.0, 2.2528086601467453e-22, 3.3495034577101587e-22, 4.464632852101884e-22, 0.0, 0.0, 0.0, 2.25137582213253e-22, 2.251315236783007e-22, 0.0, 0.0, 0.0, 0.0, 2.2505267599236246e-22, 0.0, 0.0, 6.825003094187455e-22, 0.0, 0.0, 0.0, 0.0, 0.0]","[0.014154156017471942, 0.015060374221622751, 0.9090971715796137, 0.000418598763015673, 0.0, 0.0014442637086406478, 0.0015340060038159212, 0.0, 0.0004106853903698562, 0.0, 0.0, 0.008647383716730109, 0.0, 0.00037682163230413917, 0.0, 0.0, 0.0, 0.0050064102254259455, 0.000832959289526108, 0.0, 0.0, 0.009851744826713357, 0.0007662235672664815, 0.005149795763978674, 0.005352031122543412, 0.0, 0.0, 0.0, 0.0, 0.021897374170961024]","[0.10883890837430954, 0.10883890837430954, 0.0, 0.0, 0.0, 0.0, 0.0, 0.0, 0.10883890837430954, 0.0, 0.0, 0.07263728231191635, 0.0, 0.0, 0.10883890837430954, 0.09836948662996292, 0.0, 0.10883890837430954, 0.0, 0.0, 0.0, 0.06712087243795395, 0.0, 0.0, 0.10883890837430954, 0.0, 0.10883890837430954, 0.0, 0.0, 0.0]",-0.006556524415450307
73,1.030711788795939,"[1.0006418794838927, 0.9912919634061212, 1.0012693362095835, 0.9882989113637518, 1.0187371841336967, 0.9989517680034223, 1.0166370932352036, 0.9770320292604125, 0.9994628118710284, 0.9985916337743411, 1.0018046778726393, 0.9902130277215838, 1.0123517528056987, 1.0065865553325493, 1.0002967005897645, 0.9876353047197315, 0.9934013004010355, 0.9746143636071491, 0.9906826237861364, 0.9997469726626992, 1.0172761358436735, 0.9878805240373171, 1.0069021921961125, 0.9875493273229534, 1.0074132475410746, 1.003657767072576, 0.9947100163942862, 0.9908407300774552, 1.0021613578663338, 1.0010927071503724]","[0.9890188025745127, 0.9934725591254248, 0.9891214498963284, 0.9985076283051703, 1.0133300666536265, 1.0020948217732708, 1.0119516850283976, 0.995986620113233, 0.9941942400112783, 0.9968872441095552, 0.9841759191132813, 0.984890650253072, 1.0147013876047666, 1.0169118675835815, 0.9993804859954517, 1.024327882797141, 1.0017468682721224, 1.0309149547378755, 0.9881159177076685, 0.9977584730834573, 1.0291450722301951, 0.9780571602367526, 0.9832949028191666, 1.0053337521553984, 0.9854385547034792, 0.9861154321362128, 1.000325288787903, 0.9883921596526204, 1.015356976415912, 1.0033231835757281]","[-0.01098119742548731, -0.006527440874575241, -0.010878550103671558, -0.0014923716948297416, 0.01333006665362646, 0.002094821773270805, 0.011951685028397607, -0.004013379886766977, -0.0058057599887216815, -0.003112755890444796, -0.015824080886718717, -0.015109349746928014, 0.01470138760476658, 0.01691186758358154, -0.0006195140045482939, 0.02432788279714093, 0.0017468682721224482, 0.030914954737875533, -0.01188408229233151, -0.0022415269165426688, 0.029145072230195135, -0.0219428397632474, -0.01670509718083335, 0.005333752155398441, -0.014561445296520814, -0.013884567863787223, 0.00032528878790305527, -0.011607840347379605, 0.01535697641591205, 0.003323183575728139]","[0.0, 0.07253843545913696, 0.0928831622004509, 0.0816309005022049, 0.0, 0.11648685485124588, 0.0, 0.11648685485124588, 0.0, 0.06560158729553223, 0.0, 0.0, 0.11648685485124588, 0.0, 0.0, 0.0, 0.0, 0.0, 0.0, 0.10491162538528442, 0.11648685485124588, 0.0, 0.0, 0.0, 0.0, 0.0, 0.0, 0.0, 0.0, 0.11648685485124588]","[0.0, 1.1356944949222307e-22, 0.0, 0.0, 0.0, 0.0, 0.0, 0.0, 0.0, 0.0, 0.0, 1.1364583373503617e-22, 2.238342310882346e-22, 0.0, 2.243779886392612e-22, 0.0, 0.0, 0.0, 0.0, 0.0, 3.3527163893538042e-22, 1.1342445546501091e-22, 3.354611460846842e-22, 0.0, 1.0, 0.0, 2.241418474598553e-22, 0.0, 0.0, 3.348456465739529e-22]","[0.0, 0.0, 0.0, 0.01024424779875209, 0.009273909602586979, 0.011163127459417744, 0.011854346927413743, 0.0, 0.0, 0.0, 0.0009586777835433207, 0.0, 0.0005023810009330662, 0.0, 0.0, 0.0, 0.0, 0.005288206543491444, 0.0, 0.0, 0.0, 0.0, 0.012981539560585072, 0.0, 0.922495562663053, 0.0, 0.01133461790272131, 0.0023283858336753636, 0.001225231648414793, 0.00034976527541206233]","[0.0, 0.07253844290971756, 0.0928831696510315, 0.08163090795278549, 0.0, 0.11648686230182648, 0.0, 0.11648686230182648, 0.0, 0.06560159474611282, 0.0, 0.0, 0.11648686230182648, 0.0, 0.0, 0.0, 0.0, 0.0, 0.0, 0.10491163283586502, 0.11648686230182648, 0.0, 0.0, 0.0, 0.0, 0.0, 0.0, 0.0, 0.0, 0.11648686230182648]",0.0028030014707165814
74,1.0380630409644493,"[0.9890188025745127, 0.9934725591254248, 0.9891214498963284, 0.9985076283051703, 1.0133300666536265, 1.0020948217732708, 1.0119516850283976, 0.995986620113233, 0.9941942400112783, 0.9968872441095552, 0.9841759191132813, 0.984890650253072, 1.0147013876047666, 1.0169118675835815, 0.9993804859954517, 1.024327882797141, 1.0017468682721224, 1.0309149547378755, 0.9881159177076685, 0.9977584730834573, 1.0291450722301951, 0.9780571602367526, 0.9832949028191666, 1.0053337521553984, 0.9854385547034792, 0.9861154321362128, 1.000325288787903, 0.9883921596526204, 1.015356976415912, 1.0033231835757281]","[0.9923287499686926, 0.9997316355299978, 0.9670237586185826, 0.9908249221916561, 1.0340777265114622, 1.0221079341747366, 1.0018167897674877, 0.9803991691965385, 1.0114731582929608, 0.988325117355496, 1.013123470704389, 0.9859298731654051, 1.0241251468609256, 1.0277861872071334, 0.9920605822000311, 0.9891149939776972, 0.9942001325538166, 0.9942714954399638, 1.005826863808798, 0.9931279888001981, 0.9990025449713364, 1.0034692298863657, 1.0069421036357897, 1.013431450363697, 0.98913927728514, 1.0007909258856886, 1.0056337820611383, 1.003226705369724, 1.0058149816908069, 0.9963485001323794]","[-0.0076712500313074194, -0.00026836447000222474, -0.032976241381417415, -0.009175077808343923, 0.034077726511462236, 0.022107934174736554, 0.0018167897674876698, -0.019600830803461533, 0.011473158292960806, -0.011674882644504003, 0.013123470704389018, -0.014070126834594854, 0.024125146860925595, 0.02778618720713344, -0.007939417799968873, -0.010885006022302801, -0.005799867446183438, -0.005728504560036152, 0.005826863808797933, -0.006872011199801853, -0.000997455028663552, 0.0034692298863656656, 0.0069421036357897314, 0.013431450363696973, -0.01086072271486005, 0.0007909258856886314, 0.005633782061138293, 0.0032267053697239145, 0.005814981690806853, -0.003651499867620589]","[0.0, 0.0, 0.0, 0.14470061659812927, 0.14470061659812927, 0.0, 0.14470061659812927, 0.0, 0.0, 0.0, 0.0, 0.0, 0.0068289292976260185, 0.11094050854444504, 0.07103114575147629, 0.0, 0.0, 0.0, 0.0, 0.05438205972313881, 0.11257083714008331, 0.06544402241706848, 0.0, 0.0, 0.0, 0.0, 0.0, 0.0, 0.14470061659812927, 0.0]","[2.2602760100799965e-22, 0.0, 1.0, 2.255384781667612e-22, 2.2521457182977365e-22, 0.0, 0.0, 2.2600547459051426e-22, 2.2547502121563207e-22, 0.0, 0.0, 0.0, 2.2600365180105174e-22, 0.0, 0.0, 2.257543084427513e-22, 2.2563535741648537e-22, 4.752783009884309e-22, 0.0, 0.0, 0.0, 0.0, 0.0, 0.0, 0.0, 0.0, 0.0, 0.0, 0.0, 0.0]","[0.00321432558334823, 0.013437277386452132, 0.900897224378691, 0.0, 0.0, 0.0017628193842027897, 0.004433231802538563, 0.0006958564173227781, 0.0, 0.006313407076933893, 0.00288958659905271, 0.0031686387876021225, 0.0053962949039614546, 0.0, 0.0014796479532876504, 0.002447549737727737, 0.010999690313016194, 0.007228831344889482, 0.0, 0.0010052767766291649, 0.022383139823124804, 0.0, 0.0, 0.012247201731219253, 0.0, 0.0, 0.0, 0.0, 0.0, 0.0]","[0.0, 0.0, 0.0, 0.14470061659812927, 0.14470061659812927, 0.0, 0.14470061659812927, 0.0, 0.0, 0.0, 0.0, 0.0, 0.0068289292976260185, 0.11094050854444504, 0.07103114575147629, 0.0, 0.0, 0.0, 0.0, 0.05438205972313881, 0.11257083714008331, 0.06544402241706848, 0.0, 0.0, 0.0, 0.0, 0.0, 0.0, 0.14470061659812927, 0.0]",0.006642877924373717
75,1.0465072777740496,"[0.9923287499686926, 0.9997316355299978, 0.9670237586185826, 0.9908249221916561, 1.0340777265114622, 1.0221079341747366, 1.0018167897674877, 0.9803991691965385, 1.0114731582929608, 0.988325117355496, 1.013123470704389, 0.9859298731654051, 1.0241251468609256, 1.0277861872071334, 0.9920605822000311, 0.9891149939776972, 0.9942001325538166, 0.9942714954399638, 1.005826863808798, 0.9931279888001981, 0.9990025449713364, 1.0034692298863657, 1.0069421036357897, 1.013431450363697, 0.98913927728514, 1.0007909258856886, 1.0056337820611383, 1.003226705369724, 1.0058149816908069, 0.9963485001323794]","[0.984872117578091, 0.9960066038373574, 1.0377619763961676, 0.9907343714559811, 0.9855881210221237, 1.003833519223642, 1.0193403929815297, 1.014347942973123, 1.037375862491784, 0.9942098219830877, 1.0218817687251553, 0.986058229615148, 0.9918631820431154, 1.012769445598688, 0.979947225931528, 1.0041205294401259, 1.005293398679369, 0.9883413296591, 0.9703827131364916, 0.994338328062315, 1.0022523288426588, 0.9861825043036158, 1.0060168266065954, 0.9827599956140483, 1.0127071597484358, 0.9975053369415048, 1.0167679060560015, 1.021542308520007, 0.9917664982071072, 0.9752982089249129]","[-0.015127882421908989, -0.003993396162642604, 0.03776197639616763, -0.009265628544018911, -0.014411878977876325, 0.0038335192236420568, 0.019340392981529675, 0.014347942973123029, 0.03737586249178393, -0.005790178016912284, 0.02188176872515535, -0.013941770384852004, -0.00813681795688459, 0.012769445598687978, -0.020052774068471946, 0.004120529440125864, 0.005293398679369066, -0.011658670340899957, -0.029617286863508396, -0.0056616719376849645, 0.0022523288426588017, -0.013817495696384241, 0.006016826606595416, -0.017240004385951746, 0.012707159748435837, -0.0024946630584952167, 0.016767906056001536, 0.021542308520007047, -0.008233501792892839, -0.024701791075087076]","[0.0, 0.0, 0.09219614416360855, 0.0, 0.1030772253870964, 0.0, 0.1030772253870964, 0.1030772253870964, 0.09959710389375687, 0.0, 0.0, 0.0, 0.09753727167844772, 0.0997152328491211, 0.0, 0.10120953619480133, 0.0, 0.0, 0.0, 0.0, 0.0, 0.0, 0.09765857458114624, 0.0, 0.0, 0.0, 0.0, 0.0, 0.0, 0.1028544008731842]","[0.0, 5.6828588757396965e-24, 1.468004473609946e-22, 0.0, 5.2311993963427964e-24, 5.115300716356727e-24, 1.1626632664803953e-22, 0.0, 2.2641420571082974e-22, 0.0, 0.0, 5.351291217166761e-24, 0.0, 0.0, 0.0, 0.0, 0.0, 1.0, 0.0, 0.0, 0.0, 0.0, 0.0, 0.0, 1.3862532481070615e-22, 1.149654211921242e-22, 0.0, 0.0, 0.0, 0.0]","[0.0, 0.0, 0.0, 0.0, 0.0035807028610036497, 0.009014773414809185, 0.0, 0.0, 0.0048679992317358645, 0.0, 0.01524148826322913, 0.007111168460360047, 0.006944154017000757, 0.005646215821332336, 0.002623744577878383, 0.007928475853304749, 0.003772234975184333, 0.8850057184229713, 0.0, 0.008383584375981152, 0.0040174167621342015, 0.0, 0.0007299892496218161, 0.001375668466995871, 0.00231077305161402, 0.015203714437794249, 0.0024974882092855455, 0.0, 0.0, 0.01374468954776361]","[0.0, 0.0, 0.09219614416360855, 0.0, 0.1030772253870964, 0.0, 0.1030772253870964, 0.1030772253870964, 0.09959710389375687, 0.0, 0.0, 0.0, 0.09753727167844772, 0.0997152328491211, 0.0, 0.10120953619480133, 0.0, 0.0, 0.0, 0.0, 0.0, 0.0, 0.09765857458114624, 0.0, 0.0, 0.0, 0.0, 0.0, 0.0, 0.1028544008731842]",0.0077303690065037645
76,1.0373867409241269,"[0.984872117578091, 0.9960066038373574, 1.0377619763961676, 0.9907343714559811, 0.9855881210221237, 1.003833519223642, 1.0193403929815297, 1.014347942973123, 1.037375862491784, 0.9942098219830877, 1.0218817687251553, 0.986058229615148, 0.9918631820431154, 1.012769445598688, 0.979947225931528, 1.0041205294401259, 1.005293398679369, 0.9883413296591, 0.9703827131364916, 0.994338328062315, 1.0022523288426588, 0.9861825043036158, 1.0060168266065954, 0.9827599956140483, 1.0127071597484358, 0.9975053369415048, 1.0167679060560015, 1.021542308520007, 0.9917664982071072, 0.9752982089249129]","[1.0024035728693104, 0.9820265961566733, 0.9951832747627841, 0.9867250677789229, 0.9960143983730818, 0.9958993934430596, 0.9795598970844308, 0.9956333856930396, 0.9805505664201685, 1.0118026200558805, 1.0069464120339173, 0.9913510114592026, 1.0025502084404432, 0.978992203378236, 1.0014761827132623, 0.9838522166601814, 0.9928530782744397, 0.9851308757561554, 0.9916783979467089, 0.998351074291162, 1.0167065898558145, 0.9914646069758232, 0.9964193791543299, 0.994627313074696, 0.9880944280378626, 1.0144440589256267, 1.0092658322840307, 1.0079897360270471, 0.9821853892113478, 0.9786279907947714]","[0.0024035728693103664, -0.017973403843326685, -0.00481672523721588, -0.013274932221077118, -0.003985601626918189, -0.004100606556940445, -0.02044010291556919, -0.004366614306960392, -0.019449433579831532, 0.011802620055880508, 0.006946412033917326, -0.008648988540797431, 0.00255020844044318, -0.021007796621763997, 0.0014761827132623306, -0.01614778333981859, -0.007146921725560307, -0.014869124243844567, -0.008321602053291133, -0.0016489257088380116, 0.016706589855814524, -0.00853539302417683, -0.003580620845670124, -0.0053726869253040155, -0.011905571962137373, 0.014444058925626724, 0.009265832284030662, 0.007989736027047112, -0.017814610788652208, -0.021372009205228637]","[0.0, 0.11848065257072449, 0.11848065257072449, 0.11848065257072449, 0.0, 0.0, 0.0, 0.11848065257072449, 0.0, 0.0, 0.0, 0.11848065257072449, 0.0, 0.0, 0.0, 0.06495728343725204, 0.08391094207763672, 0.0, 0.0, 0.0, 0.0, 0.0, 0.0, 0.11848065257072449, 0.08723008632659912, 0.0, 0.0, 0.0530177503824234, 0.0, 0.0]","[0.0, 0.0, 1.0, 3.3651846577606072e-22, 0.0, 0.0, 4.469616253148661e-22, 0.0, 0.0, 3.3672372154726113e-22, 0.0, 0.0, 0.0, 4.476463518104547e-22, 0.0, 0.0, 3.3649305277607342e-22, 0.0, 0.0, 0.0, 0.0, 0.0, 0.0, 3.3641979143636887e-22, 5.3002760152827275e-22, 0.0, 0.0, 0.0, 4.468375726604149e-22, 3.366050303181595e-22]","[0.00041839742038856417, 0.004535732988350019, 0.9330379432573236, 0.0, 0.0, 0.0, 0.0011484742599200352, 0.0, 0.0, 0.0, 0.0027333581652181577, 0.0, 0.0, 0.008707935535214506, 0.020323875244264118, 0.0, 0.0, 0.0, 0.0026575675090373036, 0.0, 0.0, 0.0016283974120579038, 0.005447872055757551, 0.004917903003461787, 0.013798932830506063, 0.0, 0.0, 0.0006436103185003563, 0.0, 0.0]","[0.0, 0.11848065257072449, 0.11848065257072449, 0.11848065257072449, 0.0, 0.0, 0.0, 0.11848065257072449, 0.0, 0.0, 0.0, 0.11848065257072449, 0.0, 0.0, 0.0, 0.06495728343725204, 0.08391094207763672, 0.0, 0.0, 0.0, 0.0, 0.0, 0.0, 0.11848065257072449, 0.08723008632659912, 0.0, 0.0, 0.0530177503824234, 0.0, 0.0]",-0.009185823596970833
77,1.0328730606722962,"[1.0024035728693104, 0.9820265961566733, 0.9951832747627841, 0.9867250677789229, 0.9960143983730818, 0.9958993934430596, 0.9795598970844308, 0.9956333856930396, 0.9805505664201685, 1.0118026200558805, 1.0069464120339173, 0.9913510114592026, 1.0025502084404432, 0.978992203378236, 1.0014761827132623, 0.9838522166601814, 0.9928530782744397, 0.9851308757561554, 0.9916783979467089, 0.998351074291162, 1.0167065898558145, 0.9914646069758232, 0.9964193791543299, 0.994627313074696, 0.9880944280378626, 1.0144440589256267, 1.0092658322840307, 1.0079897360270471, 0.9821853892113478, 0.9786279907947714]","[0.9914970193998256, 1.0151313762148235, 1.008191793348788, 0.9966890287477348, 1.0175821828207765, 1.010671090956828, 1.0057679460282596, 1.0068020435415754, 0.9854460715689223, 0.9885372320742063, 1.0065101481206165, 0.9829194171060843, 1.005290485311863, 1.0097223737561942, 1.0153036413035024, 0.9862966622053626, 0.9912826681035942, 1.025395362107925, 1.0009891390220573, 0.9930846021569741, 1.013960220141653, 1.0131084601455702, 1.0018547346225777, 0.9869094482885795, 1.0043426404622304, 0.9918159693384502, 0.9928446577630099, 1.0005759162631385, 0.9872910213003897, 1.0203600018879269]","[-0.008502980600174403, 0.015131376214823522, 0.008191793348788057, -0.0033109712522652046, 0.017582182820776504, 0.010671090956827944, 0.005767946028259585, 0.006802043541575431, -0.014553928431077723, -0.011462767925793704, 0.006510148120616455, -0.017080582893915675, 0.005290485311862936, 0.009722373756194225, 0.015303641303502369, -0.013703337794637394, -0.008717331896405778, 0.025395362107925035, 0.0009891390220573282, -0.006915397843025861, 0.013960220141653101, 0.013108460145570211, 0.0018547346225776806, -0.013090551711420484, 0.004342640462230429, -0.008184030661549824, -0.007155342236990103, 0.0005759162631384651, -0.012708978699610296, 0.02036000188792686]","[0.0, 0.0, 0.0, 0.0, 0.0, 0.0, 0.0, 0.0, 0.0, 0.1109248474240303, 0.0, 0.1109248474240303, 0.0, 0.1109248474240303, 0.0762404203414917, 0.0, 0.0, 0.0, 0.0, 0.1109248474240303, 0.0, 0.0, 0.07623828947544098, 0.1109248474240303, 0.0, 0.1109248474240303, 0.0710473582148552, 0.1109248474240303, 0.0, 0.0]","[0.0, 2.311965735770243e-22, 1.968343668209286e-22, 0.0, 0.0, 0.0, 0.0, 0.0, 0.0, 0.0, 0.0, 2.312406834124671e-22, 0.0, 0.0, 1.1988261079195084e-22, 1.1998308287477147e-22, 0.0, 1.209166637242624e-22, 0.0, 1.201691127621829e-22, 1.0, 0.0, 0.0, 0.0, 1.6261023807761478e-22, 0.0, 0.0, 2.3069631423231248e-22, 0.0, 0.0]","[0.0, 0.0, 0.0001308253985893632, 0.0007635153900260552, 0.014531247006893545, 0.0, 0.0007308211558778489, 0.002858376418901902, 0.01071940392745401, 0.0047096645132131895, 0.0, 0.0163811848903837, 0.007039565087387261, 0.00881519839765413, 0.004403939992939836, 0.0012731153034052022, 0.014925821662268786, 0.0, 0.0, 0.0020527724027217557, 0.8703429487302975, 0.0, 0.007988558602051526, 0.01525228124587224, 0.009755920988476333, 0.0029973198781858713, 0.004327519007399779, 0.0, 0.0, 0.0]","[0.0, 0.0, 0.0, 0.0, 0.0, 0.0, 0.0, 0.0, 0.0, 0.1109248474240303, 0.0, 0.1109248474240303, 0.0, 0.1109248474240303, 0.0762404203414917, 0.0, 0.0, 0.0, 0.0, 0.1109248474240303, 0.0, 0.0, 0.07623828947544098, 0.1109248474240303, 0.0, 0.1109248474240303, 0.0710473582148552, 0.1109248474240303, 0.0, 0.0]",-0.004771932008326891
78,1.0276789506381723,"[0.9914970193998256, 1.0151313762148235, 1.008191793348788, 0.9966890287477348, 1.0175821828207765, 1.010671090956828, 1.0057679460282596, 1.0068020435415754, 0.9854460715689223, 0.9885372320742063, 1.0065101481206165, 0.9829194171060843, 1.005290485311863, 1.0097223737561942, 1.0153036413035024, 0.9862966622053626, 0.9912826681035942, 1.025395362107925, 1.0009891390220573, 0.9930846021569741, 1.013960220141653, 1.0131084601455702, 1.0018547346225777, 0.9869094482885795, 1.0043426404622304, 0.9918159693384502, 0.9928446577630099, 1.0005759162631385, 0.9872910213003897, 1.0203600018879269]","[1.017046613679816, 0.9910816760360901, 1.0004082593550079, 1.0121501869457639, 1.006832569450653, 0.9847297765991248, 1.0150359641833535, 1.002558907437816, 1.0274125403061862, 0.9996104502590578, 0.9951811627260301, 1.0152865105091549, 1.0072959383224622, 1.0060553821879996, 0.9684707894279753, 1.0009115902613097, 0.9859245448568476, 1.0172833092590106, 0.9893269522671654, 1.017829681839801, 0.9966046988758605, 1.0166634025251478, 0.9984508044720244, 0.9987536104793289, 0.9932472801586639, 1.000985437574693, 0.9741862768053738, 0.9785854115123631, 0.9913188091759768, 0.9917505437385277]","[0.01704661367981597, -0.008918323963909902, 0.00040825935500787836, 0.012150186945763863, 0.0068325694506530255, -0.015270223400875249, 0.015035964183353512, 0.0025589074378160603, 0.02741254030618623, -0.00038954974094218553, -0.0048188372739699226, 0.01528651050915486, 0.007295938322462225, 0.006055382187999614, -0.031529210572024735, 0.0009115902613097138, -0.014075455143152449, 0.01728330925901056, -0.010673047732834617, 0.017829681839800937, -0.003395301124139549, 0.016663402525147752, -0.0015491955279756109, -0.0012463895206711317, -0.0067527198413360745, 0.0009854375746929378, -0.02581372319462616, -0.021414588487636887, -0.008681190824023188, -0.008249456261472332]","[0.0, 0.10000000149011612, 0.10000000149011612, 0.10000000149011612, 0.0, 0.10000000149011612, 0.0, 0.0, 0.0, 0.0, 0.10000000149011612, 0.0, 0.0, 0.10000000149011612, 0.0, 0.0, 0.0, 0.0, 0.0, 0.0, 0.0, 0.0, 0.10000000149011612, 0.0, 0.0, 0.0, 0.0, 0.10000000149011612, 0.10000000149011612, 0.10000000149011612]","[3.388109277527742e-22, 4.4855878721564775e-22, 1.0, 4.490698019115118e-22, 0.0, 0.0, 0.0, 0.0, 0.0, 4.494643569548415e-22, 0.0, 0.0, 4.5010993304791295e-22, 4.492240929664778e-22, 0.0, 5.601637258661548e-22, 0.0, 0.0, 0.0, 0.0, 4.280522525507469e-22, 0.0, 0.0, 0.0, 0.0, 0.0, 0.0, 0.0, 4.4802231110345835e-22, 0.0]","[0.001672298872035847, 0.00720206382550645, 0.9144657370423073, 0.012864964891098861, 0.017420925104777524, 0.0, 0.0011393746498455806, 0.0005473948789532849, 0.007277196162033382, 0.0005496247335853001, 0.0038975048418364647, 0.0, 0.0, 3.069836667501908e-05, 0.0, 0.0, 0.0, 0.00286541670964731, 0.005773297669079138, 0.0, 0.0, 0.007669671231548431, 0.0, 0.00139288210643071, 0.005945528144726858, 0.007425324281736305, 0.0, 0.0018600964881763347, 0.0, 0.0]","[0.0, 0.09999998658895493, 0.09999998658895493, 0.09999998658895493, 0.0, 0.09999998658895493, 0.0, 0.0, 0.0, 0.0, 0.09999998658895493, 0.0, 0.0, 0.09999998658895493, 0.0, 0.0, 0.0, 0.0, 0.0, 0.0, 0.0, 0.0, 0.09999998658895493, 0.0, 0.0, 0.0, 0.0, 0.09999998658895493, 0.09999998658895493, 0.09999998658895493]",-0.005485329444502515
79,1.0263389811986143,"[1.017046613679816, 0.9910816760360901, 1.0004082593550079, 1.0121501869457639, 1.006832569450653, 0.9847297765991248, 1.0150359641833535, 1.002558907437816, 1.0274125403061862, 0.9996104502590578, 0.9951811627260301, 1.0152865105091549, 1.0072959383224622, 1.0060553821879996, 0.9684707894279753, 1.0009115902613097, 0.9859245448568476, 1.0172833092590106, 0.9893269522671654, 1.017829681839801, 0.9966046988758605, 1.0166634025251478, 0.9984508044720244, 0.9987536104793289, 0.9932472801586639, 1.000985437574693, 0.9741862768053738, 0.9785854115123631, 0.9913188091759768, 0.9917505437385277]","[1.006003778021415, 0.9956024765405431, 1.0141534174575102, 0.9781014903542395, 0.9662497100891208, 0.9858901394037822, 0.9975647141914744, 0.9772959126994137, 1.006198926390407, 1.0094846233076602, 1.0018797925660379, 0.9920986632237911, 1.0023446831607339, 0.9938769740466747, 0.9907805400755222, 1.000789351532704, 1.0034627228616584, 0.9952351428176736, 1.0094070385197031, 1.0121828538351996, 0.9865496189976196, 1.002277196689532, 0.9929117167647927, 0.9929458076156298, 0.9902633749815587, 1.0192870703196448, 0.9948079652813037, 0.9899929646847168, 1.000898437865663, 1.0061657854619888]","[0.006003778021415052, -0.004397523459456876, 0.014153417457510198, -0.021898509645760456, -0.03375028991087925, -0.014109860596217771, -0.002435285808525589, -0.022704087300586262, 0.006198926390406978, 0.0094846233076602, 0.0018797925660378745, -0.007901336776208856, 0.0023446831607338847, -0.006123025953325256, -0.009219459924477813, 0.0007893515327039857, 0.003462722861658385, -0.004764857182326443, 0.009407038519703148, 0.01218285383519957, -0.013450381002380385, 0.0022771966895320794, -0.007088283235207271, -0.007054192384370217, -0.009736625018441303, 0.019287070319644828, -0.005192034718696337, -0.010007035315283241, 0.0008984378656629044, 0.00616578546198876]","[0.0, 0.0, 0.027522753924131393, 0.0, 0.0, 0.0, 0.11425413191318512, 0.0, 0.11632028967142105, 0.0, 0.0, 0.0, 0.11632028967142105, 0.0, 0.0, 0.0, 0.10979434102773666, 0.11632028967142105, 0.0, 0.0, 0.0, 0.11436747759580612, 0.0, 0.11632028967142105, 0.05245988443493843, 0.0, 0.0, 0.11632028967142105, 0.0, 0.0]","[3.4015359829375837e-22, 0.0, 0.0, 1.183199608747638e-22, 0.0, 0.0, 0.0, 0.0, 0.0, 0.0, 0.0, 0.0, 2.5565757607599153e-22, 0.0, 0.0, 0.0, 3.3871377600707394e-22, 1.7354387226894252e-22, 0.0, 0.0, 1.0, 1.1827176661645811e-22, 3.4032546419286103e-22, 1.182062162626796e-22, 0.0, 3.3981905802856826e-22, 0.0, 0.0, 0.0, 0.0]","[0.014306362995330033, 0.013966424361192754, 0.0, 0.0, 0.0, 0.0018038358213980457, 0.00022692020357542282, 0.0058037162297316265, 0.0, 0.0, 0.0020119468445435125, 0.0, 0.0, 0.0, 0.0004418114790476178, 0.0, 0.004139930208388534, 0.005258527247683629, 0.0, 0.0021532156022671884, 0.9466690004151158, 0.0, 0.0, 0.0, 0.0, 0.0032183085917257066, 0.0, 0.0, 0.0, 0.0]","[0.0, 0.0, 0.027522753924131393, 0.0, 0.0, 0.0, 0.11425413191318512, 0.0, 0.11632028967142105, 0.0, 0.0, 0.0, 0.11632028967142105, 0.0, 0.0, 0.0, 0.10979434102773666, 0.11632028967142105, 0.0, 0.0, 0.0, 0.11436747759580612, 0.0, 0.11632028967142105, 0.05245988443493843, 0.0, 0.0, 0.11632028967142105, 0.0, 0.0]",-0.0017291752917124735
80,1.0334816663232478,"[1.006003778021415, 0.9956024765405431, 1.0141534174575102, 0.9781014903542395, 0.9662497100891208, 0.9858901394037822, 0.9975647141914744, 0.9772959126994137, 1.006198926390407, 1.0094846233076602, 1.0018797925660379, 0.9920986632237911, 1.0023446831607339, 0.9938769740466747, 0.9907805400755222, 1.000789351532704, 1.0034627228616584, 0.9952351428176736, 1.0094070385197031, 1.0121828538351996, 0.9865496189976196, 1.002277196689532, 0.9929117167647927, 0.9929458076156298, 0.9902633749815587, 1.0192870703196448, 0.9948079652813037, 0.9899929646847168, 1.000898437865663, 1.0061657854619888]","[1.0176238931835997, 1.0021785867635375, 0.9951183353212396, 0.9932663310883283, 0.9703176419534801, 1.0000696763703327, 0.984497974714105, 1.0078880093676137, 0.9860608372343046, 0.9874235704530578, 0.9947156085620059, 1.010807316207132, 1.0151834864322684, 1.0132821174451045, 1.0034997480501522, 0.9902329543053814, 1.0087395251424467, 0.9891890105770694, 1.0010143204425257, 1.0020959338616573, 1.0174976260622632, 1.0064049949371543, 1.004803359529118, 1.0003995473256069, 1.025290150358219, 0.997306528432373, 0.9954204105792571, 1.0035433018365187, 1.0181756570773448, 0.9762091554588296]","[0.017623893183599693, 0.002178586763537549, -0.004881664678760389, -0.0067336689116717086, -0.029682358046519863, 6.967637033272744e-05, -0.01550202528589495, 0.007888009367613691, -0.013939162765695401, -0.012576429546942158, -0.005284391437994085, 0.010807316207132045, 0.015183486432268412, 0.013282117445104547, 0.003499748050152185, -0.009767045694618615, 0.008739525142446691, -0.010810989422930573, 0.0010143204425256958, 0.0020959338616572953, 0.01749762606226324, 0.006404994937154296, 0.004803359529117923, 0.0003995473256068749, 0.02529015035821902, -0.002693471567627004, -0.00457958942074288, 0.003543301836518742, 0.01817565707734481, -0.02379084454117042]","[0.07570426911115646, 0.10732901096343994, 0.0, 0.09677009284496307, 0.0, 0.0, 0.0, 0.0, 0.0, 0.10732901096343994, 0.0, 0.10732901096343994, 0.0, 0.10579851269721985, 0.0, 0.0, 0.0, 0.0, 0.0, 0.0, 0.0, 0.0, 0.10732901096343994, 0.0, 0.10732901096343994, 0.08463577926158905, 0.0, 0.0, 0.10044625401496887, 0.0]","[4.519298847219907e-22, 0.0, 0.0, 0.0, 0.0, 0.0, 0.0, 4.505334551006601e-22, 2.3004282576267257e-22, 0.0, 3.401445560988918e-22, 0.0, 0.0, 2.3060862378232374e-22, 0.0, 0.0, 0.0, 3.4038163430638614e-22, 0.0, 0.0, 1.0, 0.0, 0.0, 3.407191474586088e-22, 3.40508149137471e-22, 0.0, 3.3947562074665152e-22, 0.0, 0.0, 0.0]","[0.0043263259970753405, 0.008636354032889412, 0.0, 0.0, 0.005019706858307479, 0.002474664949529338, 0.006491099278112607, 0.0, 0.005956844358435821, 0.007085181454780905, 0.0, 0.0, 0.0, 0.0035106661893780948, 0.01290116703740168, 0.009427456882288972, 0.0057627190202631, 0.0037750806054142605, 0.0, 0.0013196068381716476, 0.895247802801953, 0.003410259054231189, 0.010881314506859332, 0.0034516225679178934, 0.005184255538944048, 0.0, 0.0, 0.0, 0.0, 0.00513787202804609]","[0.07570426911115646, 0.10732901096343994, 0.0, 0.09677009284496307, 0.0, 0.0, 0.0, 0.0, 0.0, 0.10732901096343994, 0.0, 0.10732901096343994, 0.0, 0.10579851269721985, 0.0, 0.0, 0.0, 0.0, 0.0, 0.0, 0.0, 0.0, 0.10732901096343994, 0.0, 0.10732901096343994, 0.08463577926158905, 0.0, 0.0, 0.10044625401496887, 0.0]",0.006483256806555657
81,1.0339908814786987,"[1.0176238931835997, 1.0021785867635375, 0.9951183353212396, 0.9932663310883283, 0.9703176419534801, 1.0000696763703327, 0.984497974714105, 1.0078880093676137, 0.9860608372343046, 0.9874235704530578, 0.9947156085620059, 1.010807316207132, 1.0151834864322684, 1.0132821174451045, 1.0034997480501522, 0.9902329543053814, 1.0087395251424467, 0.9891890105770694, 1.0010143204425257, 1.0020959338616573, 1.0174976260622632, 1.0064049949371543, 1.004803359529118, 1.0003995473256069, 1.025290150358219, 0.997306528432373, 0.9954204105792571, 1.0035433018365187, 1.0181756570773448, 0.9762091554588296]","[0.9962554557695055, 1.0093582250324173, 0.9993722994966256, 1.0111980274291121, 1.008593323167264, 1.0099188765010536, 0.9971285124463841, 1.0067870009278448, 1.0317095392915787, 1.0179476168863308, 1.0017888965833517, 0.9849205534450262, 1.00025699501776, 1.0223226256289124, 1.011790586087353, 0.9877432655353563, 0.9772129919475285, 0.9713671979038797, 0.9900010584722715, 1.0240188617675154, 0.9912604772869239, 0.9940697862616633, 1.011722088479422, 0.988174088452355, 0.9952016902009359, 1.0033969144687, 0.9948609727148353, 0.9773443400422018, 0.9854435338452254, 0.9927201223371859]","[-0.0037445442304945287, 0.009358225032417344, -0.000627700503374351, 0.011198027429112134, 0.008593323167263911, 0.009918876501053608, -0.0028714875536158813, 0.0067870009278447885, 0.031709539291578714, 0.01794761688633084, 0.0017888965833516846, -0.015079446554973841, 0.0002569950177599978, 0.022322625628912407, 0.011790586087353061, -0.012256734464643704, -0.02278700805247147, -0.02863280209612029, -0.009998941527728511, 0.024018861767515443, -0.008739522713076098, -0.005930213738336687, 0.011722088479422021, -0.011825911547645007, -0.004798309799064149, 0.003396914468700052, -0.005139027285164688, -0.02265565995779817, -0.014556466154774572, -0.007279877662814127]","[0.0, 0.10038196295499802, 0.0, 0.0, 0.0, 0.0, 0.0, 0.0, 0.0, 0.10038196295499802, 0.09656232595443726, 0.0, 0.0, 0.0, 0.10038196295499802, 0.10038196295499802, 0.0, 0.0, 0.0, 0.0, 0.10038196295499802, 0.0, 0.10038196295499802, 0.0, 0.10038196295499802, 0.0, 0.0, 0.0, 0.10038196295499802, 0.10038196295499802]","[2.2842045467151407e-22, 0.0, 0.0, 0.0, 1.1695596815998699e-22, 1.7224569750435442e-22, 1.161443356815641e-22, 0.0, 2.2873289399696084e-22, 2.2796573366300335e-22, 1.1697493200328846e-22, 0.0, 0.0, 0.0, 0.0, 0.0, 2.2709367058429916e-22, 0.0, 0.0, 0.0, 1.0, 0.0, 0.0, 0.0, 0.0, 0.0, 0.0, 0.0, 1.1719387662201367e-22, 0.0]","[0.0006387483929217069, 0.0, 0.0, 0.0, 0.0069995386714804975, 0.005716981242543897, 0.005474638599604887, 0.00976751590831253, 0.008910703483187671, 0.0, 0.0, 0.0, 0.0, 0.0, 0.0, 0.0, 0.0028570003318804387, 0.009808147284680086, 0.0, 0.0, 0.9145346587474622, 0.0005725358550008094, 0.003385410305238101, 0.0006004255545388916, 0.0, 0.010224008286375376, 0.01242176892907721, 0.008087918407695694, 0.0, 0.0]","[0.0, 0.10038196295499802, 0.0, 0.0, 0.0, 0.0, 0.0, 0.0, 0.0, 0.10038196295499802, 0.09656232595443726, 0.0, 0.0, 0.0, 0.10038196295499802, 0.10038196295499802, 0.0, 0.0, 0.0, 0.0, 0.10038196295499802, 0.0, 0.10038196295499802, 0.0, 0.10038196295499802, 0.0, 0.0, 0.0, 0.10038196295499802, 0.10038196295499802]",0.00011484711765845406
82,1.0263406508151034,"[0.9962554557695055, 1.0093582250324173, 0.9993722994966256, 1.0111980274291121, 1.008593323167264, 1.0099188765010536, 0.9971285124463841, 1.0067870009278448, 1.0317095392915787, 1.0179476168863308, 1.0017888965833517, 0.9849205534450262, 1.00025699501776, 1.0223226256289124, 1.011790586087353, 0.9877432655353563, 0.9772129919475285, 0.9713671979038797, 0.9900010584722715, 1.0240188617675154, 0.9912604772869239, 0.9940697862616633, 1.011722088479422, 0.988174088452355, 0.9952016902009359, 1.0033969144687, 0.9948609727148353, 0.9773443400422018, 0.9854435338452254, 0.9927201223371859]","[0.9877036411737314, 1.006263723857028, 0.9871469887532555, 1.006489453051699, 1.0236662349317447, 1.0106398639223322, 0.9908393031118642, 0.9892895046599192, 0.983301083317542, 1.0077850615112836, 1.0086657350025103, 0.9915702616782675, 1.0268052590766006, 0.9897223938759833, 0.9929972025810918, 0.9883162177650318, 1.0124251383011824, 0.9912600167280599, 0.9855198758370637, 1.0027598958731307, 1.016886684599082, 0.9796109246184914, 0.998808627879725, 0.9893310494039799, 0.9878393995455128, 1.0030618744817053, 0.9949844356740978, 0.9820564880608932, 0.9854940243816085, 1.0030298547013334]","[-0.01229635882626856, 0.006263723857028003, -0.012853011246744539, 0.006489453051699012, 0.02366623493174469, 0.010639863922332182, -0.00916069688813581, -0.010710495340080839, -0.016698916682458043, 0.007785061511283553, 0.008665735002510333, -0.00842973832173255, 0.026805259076600585, -0.010277606124016736, -0.007002797418908191, -0.011683782234968243, 0.012425138301182415, -0.008739983271940144, -0.014480124162936314, 0.0027598958731307466, 0.016886684599082047, -0.02038907538150858, -0.0011913721202749805, -0.010668950596020133, -0.012160600454487192, 0.0030618744817052512, -0.005015564325902222, -0.017943511939106815, -0.014505975618391509, 0.0030298547013334343]","[0.0, 0.0, 0.0, 0.11531896889209747, 0.0, 0.0, 0.0, 0.11531896889209747, 0.07612697780132294, 0.022475142031908035, 0.0, 0.0, 0.0, 0.0, 0.0, 0.11531896889209747, 0.11531896889209747, 0.11531896889209747, 0.0, 0.0, 0.0, 0.10610239952802658, 0.0, 0.11531896889209747, 0.0, 0.0, 0.0, 0.0, 0.10338162630796432, 0.0]","[0.0, 0.0, 3.137147333066094e-22, 0.0, 0.0, 1.8853603113059242e-22, 0.0, 0.0, 1.2075076096340925e-22, 0.0, 0.0, 0.0, 3.1264907125708603e-22, 3.431368746829999e-22, 0.0, 0.0, 2.290026512974699e-22, 0.0, 0.0, 0.0, 1.0, 2.309336572936928e-22, 0.0, 0.0, 0.0, 0.0, 0.0, 2.295833948724532e-22, 2.3061227688932374e-22, 0.0]","[0.0, 0.0, 0.004554391854856009, 0.0, 0.0003647938919251277, 0.0, 0.0, 0.005288694197183541, 0.0, 0.0, 0.0003796328334904943, 0.0, 0.0, 0.0, 0.002597338341920767, 0.0, 0.0, 0.0, 0.011469203096276281, 0.00482135799952386, 0.9150036987124158, 0.017545262647394186, 0.0, 0.0, 0.010763705372329667, 0.0, 0.0, 0.024861151131587895, 0.0023507699210962084, 0.0]","[0.0, 0.0, 0.0, 0.11531896889209747, 0.0, 0.0, 0.0, 0.11531896889209747, 0.07612697780132294, 0.022475142031908035, 0.0, 0.0, 0.0, 0.0, 0.0, 0.11531896889209747, 0.11531896889209747, 0.11531896889209747, 0.0, 0.0, 0.0, 0.10610239952802658, 0.0, 0.11531896889209747, 0.0, 0.0, 0.0, 0.0, 0.10338162630796432, 0.0]",-0.007897039109606591
83,1.0272480777066713,"[0.9877036411737314, 1.006263723857028, 0.9871469887532555, 1.006489453051699, 1.0236662349317447, 1.0106398639223322, 0.9908393031118642, 0.9892895046599192, 0.983301083317542, 1.0077850615112836, 1.0086657350025103, 0.9915702616782675, 1.0268052590766006, 0.9897223938759833, 0.9929972025810918, 0.9883162177650318, 1.0124251383011824, 0.9912600167280599, 0.9855198758370637, 1.0027598958731307, 1.016886684599082, 0.9796109246184914, 0.998808627879725, 0.9893310494039799, 0.9878393995455128, 1.0030618744817053, 0.9949844356740978, 0.9820564880608932, 0.9854940243816085, 1.0030298547013334]","[0.9962622776404454, 1.0157136206089021, 1.0111876601081509, 1.003000980481725, 1.0018859498796697, 1.0385585384428928, 0.9935008298374965, 0.9953793282527175, 0.9922049430465079, 0.9901252942327163, 1.0145901675313904, 0.9859462729309959, 0.9831145991822655, 0.9961300061221872, 0.9805687026845744, 0.9932149379121733, 1.0055697863327362, 0.9871265396025288, 0.9912238669783361, 0.9928397023176193, 1.0041816816867801, 1.0099303520866723, 1.0107303840995348, 0.9972242821136554, 0.9907595891299609, 0.9920473818104899, 0.9861801271182699, 0.9872154203648167, 0.9768850984947148, 0.9813816808300623]","[-0.003737722359554607, 0.015713620608902135, 0.011187660108150865, 0.003000980481725035, 0.0018859498796697238, 0.03855853844289281, -0.006499170162503454, -0.004620671747282534, -0.007795056953492141, -0.009874705767283665, 0.014590167531390419, -0.014053727069004096, -0.016885400817734486, -0.0038699938778128384, -0.01943129731542559, -0.006785062087826699, 0.005569786332736193, -0.01287346039747117, -0.008776133021663912, -0.00716029768238069, 0.004181681686780125, 0.009930352086672256, 0.010730384099534751, -0.002775717886344564, -0.009240410870039129, -0.007952618189510097, -0.013819872881730144, -0.012784579635183313, -0.023114901505285168, -0.018618319169937725]","[0.10075919330120087, 0.10075919330120087, 0.0, 0.0, 0.0, 0.0, 0.0, 0.10075919330120087, 0.0, 0.10075919330120087, 0.10075919330120087, 0.0, 0.0, 0.0, 0.0, 0.0, 0.093167245388031, 0.0, 0.0, 0.10075919330120087, 0.0, 0.0, 0.10075919330120087, 0.10075919330120087, 0.10075919330120087, 0.0, 0.0, 0.0, 0.0, 0.0]","[0.0, 0.0, 2.5594633066627184e-22, 0.0, 0.0, 2.0355377599620544e-22, 0.0, 0.0, 0.0, 0.0, 0.0, 0.0, 0.0, 1.1835643588941722e-22, 0.0, 0.0, 0.0, 1.1723495364780995e-22, 1.1750202637762134e-22, 0.0, 1.0, 1.1752934534567434e-22, 1.1772452810575366e-22, 0.0, 2.2825747044024676e-22, 1.1724477975163068e-22, 0.0, 0.0, 0.0, 0.0]","[0.0006133117074267974, 0.005783474436808309, 0.0, 0.011469970982314556, 0.0, 0.007104468662853496, 0.0, 0.0, 0.004447844154677523, 0.0032221192548773756, 0.0, 0.0, 0.0, 0.0037361655331152183, 0.0020574940860764073, 0.005978353222009685, 0.009304031013751284, 0.0, 0.0, 0.000558241648703584, 0.9360097282277146, 0.00015148982407323544, 0.0, 0.0, 0.0, 0.0, 0.0, 0.0, 0.00956330724559808, 0.0]","[0.10075920075178146, 0.10075920075178146, 0.0, 0.0, 0.0, 0.0, 0.0, 0.10075920075178146, 0.0, 0.10075920075178146, 0.10075920075178146, 0.0, 0.0, 0.0, 0.0, 0.0, 0.0931672528386116, 0.0, 0.0, 0.10075920075178146, 0.0, 0.0, 0.10075920075178146, 0.10075920075178146, 0.10075920075178146, 0.0, 0.0, 0.0, 0.0, 0.0]",0.0004715880676841334
84,1.0215227480500972,"[0.9962622776404454, 1.0157136206089021, 1.0111876601081509, 1.003000980481725, 1.0018859498796697, 1.0385585384428928, 0.9935008298374965, 0.9953793282527175, 0.9922049430465079, 0.9901252942327163, 1.0145901675313904, 0.9859462729309959, 0.9831145991822655, 0.9961300061221872, 0.9805687026845744, 0.9932149379121733, 1.0055697863327362, 0.9871265396025288, 0.9912238669783361, 0.9928397023176193, 1.0041816816867801, 1.0099303520866723, 1.0107303840995348, 0.9972242821136554, 0.9907595891299609, 0.9920473818104899, 0.9861801271182699, 0.9872154203648167, 0.9768850984947148, 0.9813816808300623]","[1.0012882399812322, 0.9993509909401466, 0.9849884537098137, 1.0192933852562953, 0.9997012860144281, 0.9934812397224694, 1.00525238895886, 0.999893663417797, 0.9943606877739511, 0.9818736642331876, 0.9974287149605964, 1.0106111695321125, 0.991693642035234, 0.9841829760907321, 1.0089981237895045, 1.0064160529789452, 1.021450550990735, 1.0115709418922205, 1.0042203247134074, 0.9904464807259482, 0.9700443811815916, 1.0067311578019977, 0.9784692803226873, 1.0091863586676013, 0.9833953815415987, 1.014828476714636, 0.9926149419457241, 0.99450413571216, 0.9920508395361712, 0.9778416796027547]","[0.0012882399812321754, -0.0006490090598534337, -0.015011546290186306, 0.019293385256295315, -0.00029871398557190787, -0.006518760277530622, 0.005252388958860044, -0.0001063365822030482, -0.005639312226048854, -0.01812633576681244, -0.0025712850394036257, 0.010611169532112497, -0.008306357964765976, -0.01581702390926787, 0.008998123789504486, 0.006416052978945208, 0.021450550990735007, 0.011570941892220521, 0.004220324713407386, -0.009553519274051792, -0.02995561881840836, 0.006731157801997734, -0.021530719677312682, 0.009186358667601313, -0.016604618458401332, 0.014828476714636052, -0.007385058054275917, -0.005495864287839991, -0.007949160463828764, -0.0221583203972453]","[0.0, 0.10322826355695724, 0.0, 0.0, 0.0, 0.0, 0.0, 0.0, 0.0, 0.0, 0.10322826355695724, 0.0, 0.0993877500295639, 0.09097087383270264, 0.0, 0.0, 0.0, 0.0870434120297432, 0.0, 0.0, 0.10322826355695724, 0.10322826355695724, 0.0, 0.10322826355695724, 0.10322826355695724, 0.0, 0.0, 0.0, 0.10322826355695724, 0.0]","[0.0, 3.359962706747649e-22, 3.0921805725049733e-22, 0.0, 0.0, 1.0, 0.0, 0.0, 2.255890838218612e-22, 0.0, 0.0, 0.0, 1.6976642655688543e-22, 3.643937976177077e-22, 0.0, 0.0, 2.261364755133297e-22, 0.0, 0.0, 2.260684964602022e-22, 2.8796249691584746e-22, 0.0, 0.0, 0.0, 2.257089424942283e-22, 0.0, 0.0, 0.0, 0.0, 0.0]","[0.0, 0.0, 0.0, 0.004938915070745735, 0.02174612619233096, 0.8779231086688557, 0.0, 0.0026490602558824007, 0.004044943655465129, 0.008847176168146854, 0.015953083707567844, 0.0, 0.0, 0.010791064942109728, 0.0, 0.003299897629753015, 0.0048924514988508035, 0.0, 0.005306457769271893, 0.0, 0.0, 0.0, 0.0, 0.009614901396010334, 0.01918415520005365, 0.001943351134572946, 0.008865306710382886, 0.0, 0.0, 0.0]","[0.0, 0.10322827845811844, 0.0, 0.0, 0.0, 0.0, 0.0, 0.0, 0.0, 0.0, 0.10322827845811844, 0.0, 0.0993877649307251, 0.09097088128328323, 0.0, 0.0, 0.0, 0.08704341948032379, 0.0, 0.0, 0.10322827845811844, 0.10322827845811844, 0.0, 0.10322827845811844, 0.10322827845811844, 0.0, 0.0, 0.0, 0.10322827845811844, 0.0]",-0.0060017013996826445
85,1.0226205523768745,"[1.0012882399812322, 0.9993509909401466, 0.9849884537098137, 1.0192933852562953, 0.9997012860144281, 0.9934812397224694, 1.00525238895886, 0.999893663417797, 0.9943606877739511, 0.9818736642331876, 0.9974287149605964, 1.0106111695321125, 0.991693642035234, 0.9841829760907321, 1.0089981237895045, 1.0064160529789452, 1.021450550990735, 1.0115709418922205, 1.0042203247134074, 0.9904464807259482, 0.9700443811815916, 1.0067311578019977, 0.9784692803226873, 1.0091863586676013, 0.9833953815415987, 1.014828476714636, 0.9926149419457241, 0.99450413571216, 0.9920508395361712, 0.9778416796027547]","[1.0055463935310662, 1.010515536440608, 0.9888968459863735, 0.9869101059079423, 0.9873312096831316, 0.9981110564193122, 1.0026576747068832, 1.0207143780664825, 0.9946481204421695, 0.9965326706970922, 1.0001170995747428, 1.00368806393871, 0.9977132665178635, 0.986187566300412, 0.9988218057271515, 0.9998561371884291, 1.0050729734634802, 0.9929335200905633, 1.0132725653058798, 1.0075218555856988, 1.0131465923930536, 0.9896894297848347, 0.9981044296699872, 0.9804800382072738, 1.0005820174563125, 1.0082881515086786, 0.9825209073453821, 1.003445298612469, 0.9936164228953362, 0.9838736331438499]","[0.005546393531066229, 0.010515536440607987, -0.011103154013626493, -0.013089894092057741, -0.012668790316868406, -0.0018889435806878074, 0.002657674706883162, 0.020714378066482464, -0.005351879557830452, -0.003467329302907829, 0.00011709957474281829, 0.003688063938710018, -0.0022867334821364826, -0.013812433699587956, -0.0011781942728484873, -0.00014386281157086067, 0.005072973463480235, -0.0070664799094366515, 0.013272565305879835, 0.0075218555856988445, 0.013146592393053602, -0.010310570215165349, -0.0018955703300127524, -0.019519961792726193, 0.000582017456312478, 0.008288151508678565, -0.01747909265461789, 0.0034452986124688945, -0.006383577104663751, -0.0161263668561501]","[0.0, 0.10083214193582535, 0.0, 0.0, 0.10083214193582535, 0.0, 0.10083214193582535, 0.09251067042350769, 0.0, 0.0, 0.0, 0.0, 0.0, 0.10083214193582535, 0.10083214193582535, 0.0, 0.10083214193582535, 0.0, 0.10083214193582535, 0.0, 0.0, 0.10083214193582535, 0.10083214193582535, 0.0, 0.0, 0.0, 0.0, 0.0, 0.0, 0.0]","[2.2712856544276674e-22, 0.0, 0.0, 2.263693148876834e-22, 0.0, 1.0, 0.0, 0.0, 0.0, 0.0, 0.0, 0.0, 2.537880883158601e-22, 2.5419406222864497e-22, 0.0, 0.0, 0.0, 0.0, 2.273349791323535e-22, 0.0, 1.4300481512328757e-22, 2.261808410845357e-22, 0.0, 0.0, 0.0, 0.0, 2.2657939754776995e-22, 2.2660286065616287e-22, 0.0, 0.0]","[0.0, 0.01937478482196483, 0.012502739455029204, 0.0, 0.0015539607206978532, 0.8970264668615421, 0.005124930721987779, 0.0, 0.0, 0.004509510461397594, 0.0017108784341434225, 0.0, 0.0, 0.006608456059590063, 0.004179394675266686, 0.0017962816701041215, 0.0, 0.005165791375846211, 0.003026924784155309, 0.02006104376470091, 0.0, 0.0, 0.0003782140352556459, 0.0, 0.010309533926969053, 0.006671088231349244, 0.0, 0.0, 0.0, 0.0]","[0.0, 0.10083214193582535, 0.0, 0.0, 0.10083214193582535, 0.0, 0.10083214193582535, 0.09251067042350769, 0.0, 0.0, 0.0, 0.0, 0.0, 0.10083214193582535, 0.10083214193582535, 0.0, 0.10083214193582535, 0.0, 0.10083214193582535, 0.0, 0.0, 0.10083214193582535, 0.10083214193582535, 0.0, 0.0, 0.0, 0.0, 0.0, 0.0, 0.0]",0.0006741458988180154
86,1.0314014814579495,"[1.0055463935310662, 1.010515536440608, 0.9888968459863735, 0.9869101059079423, 0.9873312096831316, 0.9981110564193122, 1.0026576747068832, 1.0207143780664825, 0.9946481204421695, 0.9965326706970922, 1.0001170995747428, 1.00368806393871, 0.9977132665178635, 0.986187566300412, 0.9988218057271515, 0.9998561371884291, 1.0050729734634802, 0.9929335200905633, 1.0132725653058798, 1.0075218555856988, 1.0131465923930536, 0.9896894297848347, 0.9981044296699872, 0.9804800382072738, 1.0005820174563125, 1.0082881515086786, 0.9825209073453821, 1.003445298612469, 0.9936164228953362, 0.9838736331438499]","[0.9869042642671126, 0.9839627415530576, 1.0254002092751526, 1.0312393552243215, 1.0066182334960236, 0.9991064754407594, 1.0199918518110285, 1.0192908883833502, 1.0218861290018029, 0.9757482392621403, 0.9833010921067937, 0.983842490722321, 1.0010061731337154, 1.0126289117256253, 0.9874284645684214, 0.9855478547192027, 0.9985330662212407, 1.0165095912690334, 0.9988571225925915, 1.004830673155261, 1.0201829164568228, 0.9862097959580008, 0.996811517664434, 1.0185568448935447, 1.0153302967996904, 1.0034661103456677, 0.9962906147293937, 1.019957059254205, 1.0085065345648503, 1.0216094220416343]","[-0.01309573573288736, -0.01603725844694237, 0.02540020927515263, 0.03123935522432153, 0.00661823349602364, -0.0008935245592406327, 0.01999185181102847, 0.019290888383350246, 0.021886129001802868, -0.02425176073785973, -0.016698907893206272, -0.016157509277679005, 0.0010061731337154267, 0.012628911725625303, -0.012571535431578629, -0.014452145280797302, -0.0014669337787592829, 0.016509591269033397, -0.0011428774074084824, 0.004830673155260978, 0.020182916456822797, -0.013790204041999155, -0.003188482335566012, 0.0185568448935447, 0.015330296799690446, 0.0034661103456676834, -0.003709385270606269, 0.0199570592542051, 0.008506534564850288, 0.021609422041634296]","[0.0, 0.0, 0.017335716634988785, 0.0, 0.0, 0.10476771742105484, 0.16298988461494446, 0.1382504403591156, 0.0, 0.0, 0.16298988461494446, 0.0, 0.0, 0.0, 0.0, 0.0, 0.06589710712432861, 0.0, 0.0, 0.0, 0.13677363097667694, 0.0, 0.04557401314377785, 0.12884746491909027, 0.0, 0.036574169993400574, 0.0, 0.0, 0.0, 0.0]","[0.0, 0.0, 0.0, 0.0, -1.0771391266211603e-22, 1.0, 0.0, 0.0, 0.0, 0.0, 0.0, -2.17200465284305e-22, -5.201354995796769e-23, 0.0, 0.0, 0.0, 0.0, -2.169909193300494e-22, 0.0, 0.0, -2.4097520452501052e-23, 0.0, -2.170964415925332e-22, 0.0, -1.070187376113932e-22, 0.0, 0.0, 4.075189504856402e-24, 0.0, -1.063689833535151e-22]","[0.003919200151547243, 0.011733304967866861, 0.0, 0.008366224291004015, 0.0, 0.9045361883112062, 0.0, 0.0, 0.0, 0.0, 0.005090698258117894, 0.0, 0.00575928464807166, 0.0, 0.0, 0.0, 0.0, 0.0, 0.0, 0.010421555169683098, 0.01757537196977163, 0.0, 0.01359792167362932, 0.005287155592074265, 0.0, 0.0, 0.008094038125117048, 0.005619056841910976, 0.0, 0.0]","[0.0, 0.0, 0.017335716634988785, 0.0, 0.0, 0.10476771742105484, 0.16298988461494446, 0.1382504403591156, 0.0, 0.0, 0.16298988461494446, 0.0, 0.0, 0.0, 0.0, 0.0, 0.06589710712432861, 0.0, 0.0, 0.0, 0.13677363097667694, 0.0, 0.04557401314377785, 0.12884746491909027, 0.0, 0.036574169993400574, 0.0, 0.0, 0.0, 0.0]",0.008096042390902758
87,1.0310118156012624,"[0.9869042642671126, 0.9839627415530576, 1.0254002092751526, 1.0312393552243215, 1.0066182334960236, 0.9991064754407594, 1.0199918518110285, 1.0192908883833502, 1.0218861290018029, 0.9757482392621403, 0.9833010921067937, 0.983842490722321, 1.0010061731337154, 1.0126289117256253, 0.9874284645684214, 0.9855478547192027, 0.9985330662212407, 1.0165095912690334, 0.9988571225925915, 1.004830673155261, 1.0201829164568228, 0.9862097959580008, 0.996811517664434, 1.0185568448935447, 1.0153302967996904, 1.0034661103456677, 0.9962906147293937, 1.019957059254205, 1.0085065345648503, 1.0216094220416343]","[0.999809580895267, 0.9834013841354008, 1.003521345448822, 0.9981201647915783, 0.9917652345820201, 0.9836036184691541, 1.003359593167346, 0.9985975393250466, 1.0134141391039897, 1.0023165059317092, 1.0223326791849818, 1.0139016602314193, 0.9935459862163519, 0.9778808419228852, 1.0086465850170574, 1.0156388204236393, 0.989608494879616, 0.9887463603749115, 0.9879238132432339, 1.0058652205020229, 0.9784508811558219, 1.020507845441058, 1.0046605981993357, 1.029524778846951, 0.9863560278632655, 0.9933282499621007, 0.9949116730417419, 1.0179803014256663, 1.00363202919813, 0.9935194515384994]","[-0.0001904191047330528, -0.01659861586459921, 0.0035213454488220997, -0.0018798352084217207, -0.00823476541797985, -0.016396381530845883, 0.00335959316734602, -0.0014024606749534207, 0.013414139103989697, 0.0023165059317091785, 0.02233267918498183, 0.013901660231419255, -0.0064540137836480715, -0.022119158077114842, 0.008646585017057395, 0.015638820423639288, -0.010391505120384004, -0.011253639625088518, -0.012076186756766139, 0.005865220502022872, -0.021549118844178095, 0.020507845441058103, 0.00466059819933573, 0.02952477884695104, -0.013643972136734517, -0.006671750037899327, -0.005088326958258116, 0.017980301425666312, 0.0036320291981299935, -0.00648054846150059]","[0.0, 0.0, 0.0, 0.0, 0.0, 0.11285027116537094, 0.11285027116537094, 0.10145196318626404, 0.11285027116537094, 0.0, 0.0, 0.0, 0.11285027116537094, 0.0, 0.0, 0.0, 0.07204294204711914, 0.0, 0.0, 0.0, 0.0, 0.0, 0.0, 0.0, 0.0, 0.0, 0.06605568528175354, 0.10828589648008347, 0.08791210502386093, 0.11285027116537094]","[0.0, 2.252069255735826e-22, 0.0, 2.2621243668634154e-22, 0.0, 1.0, 0.0, 0.0, 0.0, 0.0, 3.3642529495220744e-22, 3.3800321606712458e-22, 0.0, 3.0954181845248576e-22, 2.2556553533160123e-22, 0.0, 0.0, 0.0, 3.381157702110656e-22, 0.0, 0.0, 0.0, 0.0, 2.2639457241736113e-22, 3.374161941577378e-22, 0.0, 0.0, 0.0, 0.0, 0.0]","[0.0013055719376378165, 0.0011660725734818516, 0.0038006096652542726, 0.0, 0.0, 0.9155021509561093, 0.0005660659715183236, 0.0, 0.0, 0.008270716211013836, 0.013802451395275316, 0.0, 0.0, 0.0, 0.0, 0.0019888291142750388, 0.0, 0.0, 0.0, 0.006818532047271739, 0.009822300480561978, 0.006157642002486514, 0.0, 0.0, 0.011317495897170106, 0.003605816400264737, 0.007782234453022045, 0.0, 0.0007388251124228106, 0.007354685782234493]","[0.0, 0.0, 0.0, 0.0, 0.0, 0.11285027861595154, 0.11285027861595154, 0.10145197063684464, 0.11285027861595154, 0.0, 0.0, 0.0, 0.11285027861595154, 0.0, 0.0, 0.0, 0.07204294949769974, 0.0, 0.0, 0.0, 0.0, 0.0, 0.0, 0.0, 0.0, 0.0, 0.06605569273233414, 0.10828590393066406, 0.08791211247444153, 0.11285027861595154]",-0.0008032454476735581
88,1.0335379342735984,"[0.999809580895267, 0.9834013841354008, 1.003521345448822, 0.9981201647915783, 0.9917652345820201, 0.9836036184691541, 1.003359593167346, 0.9985975393250466, 1.0134141391039897, 1.0023165059317092, 1.0223326791849818, 1.0139016602314193, 0.9935459862163519, 0.9778808419228852, 1.0086465850170574, 1.0156388204236393, 0.989608494879616, 0.9887463603749115, 0.9879238132432339, 1.0058652205020229, 0.9784508811558219, 1.020507845441058, 1.0046605981993357, 1.029524778846951, 0.9863560278632655, 0.9933282499621007, 0.9949116730417419, 1.0179803014256663, 1.00363202919813, 0.9935194515384994]","[1.0030904394555828, 1.0071283538155058, 0.9885396772510948, 1.0165061221022595, 0.9803864850870116, 1.0074271838633893, 1.0019688186049671, 1.0134464777661836, 0.9994218079352423, 1.0061949402046422, 1.001813448072651, 0.9945059412143447, 1.0010756679201944, 1.0055805725747828, 1.0064267813837193, 0.9948183842692657, 0.9947571916750287, 0.9884377832229219, 1.0103038874467, 1.0080799766669473, 0.9918074582492236, 0.9872170172431597, 1.0178249395927577, 1.0019507964006884, 0.9841242915772244, 0.9956410995187321, 1.004927679556193, 1.0137964440525806, 1.0264380028793971, 1.0096556345575036]","[0.0030904394555828496, 0.007128353815505806, -0.011460322748905183, 0.016506122102259546, -0.01961351491298835, 0.007427183863389253, 0.0019688186049671152, 0.013446477766183573, -0.0005781920647577321, 0.006194940204642174, 0.0018134480726510471, -0.0054940587856553424, 0.001075667920194423, 0.005580572574782838, 0.006426781383719327, -0.005181615730734279, -0.00524280832497126, -0.011562216777078138, 0.010303887446700077, 0.008079976666947264, -0.008192541750776439, -0.012782982756840311, 0.01782493959275766, 0.0019507964006884038, -0.015875708422775636, -0.004358900481267858, 0.004927679556192999, 0.013796444052580625, 0.026438002879397127, 0.009655634557503623]","[0.0, 0.10618603229522705, 0.09780874103307724, 0.08026941120624542, 0.0, 0.10618603229522705, 0.0, 0.0, 0.0, 0.10618603229522705, 0.0, 0.0, 0.0, 0.08708249777555466, 0.0, 0.0, 0.0, 0.0, 0.0, 0.10618603229522705, 0.0, 0.10618603229522705, 0.09772316366434097, 0.0, 0.10618603229522705, 0.0, 0.0, 0.0, 0.0, 0.0]","[0.0, 0.0, 6.067019863130326e-23, 0.0, 0.0, 1.0, 0.0, 0.0, 0.0, 0.0, 0.0, 0.0, 3.193713634909414e-23, 0.0, 0.0, 1.158470157227751e-22, 1.1650258411355476e-22, 6.1185314294538806e-24, 0.0, 0.0, 3.7906643054214685e-22, 0.0, 0.0, 0.0, 0.0, 0.0, 1.159352652779304e-22, 5.279968540114645e-24, 1.167466112673407e-22, 0.0]","[0.0, 0.0033904760995301883, 0.0, 0.0, 0.009608985770306888, 0.9179691173504213, 0.0, 0.004976276135479791, 0.0, 0.0, 0.0, 0.0032224050738144487, 0.0016463714284416244, 0.014130065224439048, 0.0, 0.0, 0.0, 0.0, 0.002091846891857066, 0.0, 0.014902410623578171, 0.0012369797307677012, 0.0, 0.007274740655756316, 0.0, 0.0030432679677167064, 0.0052689678940512135, 0.0, 0.006521388747620651, 0.004716700406219074]","[0.0, 0.10618603229522705, 0.09780874103307724, 0.08026941120624542, 0.0, 0.10618603229522705, 0.0, 0.0, 0.0, 0.10618603229522705, 0.0, 0.0, 0.0, 0.08708249777555466, 0.0, 0.0, 0.0, 0.0, 0.0, 0.10618603229522705, 0.0, 0.10618603229522705, 0.09772316366434097, 0.0, 0.10618603229522705, 0.0, 0.0, 0.0, 0.0, 0.0]",0.0020105597638643397
89,1.030876196991914,"[1.0030904394555828, 1.0071283538155058, 0.9885396772510948, 1.0165061221022595, 0.9803864850870116, 1.0074271838633893, 1.0019688186049671, 1.0134464777661836, 0.9994218079352423, 1.0061949402046422, 1.001813448072651, 0.9945059412143447, 1.0010756679201944, 1.0055805725747828, 1.0064267813837193, 0.9948183842692657, 0.9947571916750287, 0.9884377832229219, 1.0103038874467, 1.0080799766669473, 0.9918074582492236, 0.9872170172431597, 1.0178249395927577, 1.0019507964006884, 0.9841242915772244, 0.9956410995187321, 1.004927679556193, 1.0137964440525806, 1.0264380028793971, 1.0096556345575036]","[1.0042175643442381, 1.0151492356222138, 1.0083216775481605, 0.9760237856092374, 0.9855436529122065, 1.0080640493659956, 0.9855087551427111, 1.0018510413248778, 1.0034797886142384, 0.9924143067401661, 1.0015886217169305, 0.9854641960810214, 0.9860607988586477, 0.981636711405424, 1.0077381202825342, 0.9804581097314947, 0.9786681712223507, 1.0164350955580546, 1.0189504574863577, 0.9815261524775165, 0.986037456646082, 0.9867728140029474, 1.0262317394574452, 0.9751325555343214, 1.0172348626000103, 1.0088265881321967, 1.0065885587729873, 1.003585663549024, 1.0015355624374718, 0.9703565214345743]","[0.004217564344238145, 0.01514923562221382, 0.008321677548160489, -0.023976214390762585, -0.01445634708779353, 0.008064049365995585, -0.01449124485728892, 0.001851041324877789, 0.003479788614238366, -0.007585693259833937, 0.0015886217169305272, -0.014535803918978574, -0.013939201141352275, -0.018363288594576033, 0.007738120282534178, -0.01954189026850528, -0.021331828777649275, 0.016435095558054558, 0.018950457486357708, -0.01847384752248349, -0.013962543353918, -0.013227185997052637, 0.02623173945744517, -0.024867444465678568, 0.01723486260001028, 0.008826588132196722, 0.006588558772987252, 0.0035856635490238986, 0.0015355624374717713, -0.029643478565425707]","[0.10163957625627518, 0.0, 0.09489978849887848, 0.0, 0.0, 0.0, 0.0, 0.103948213160038, 0.0, 0.0, 0.103948213160038, 0.09472823888063431, 0.0, 0.0, 0.0, 0.0, 0.0, 0.0, 0.103948213160038, 0.0, 0.103948213160038, 0.09856284409761429, 0.0, 0.103948213160038, 0.0, 0.0, 0.09042846411466599, 0.0, 0.0, 0.0]","[0.0, 0.0, 0.0, 0.0, 0.0, 1.0, 0.0, 0.0, 0.0, 0.0, 0.0, 1.1493537870028487e-22, 2.248089199417199e-22, 0.0, 0.0, 0.0, 1.1471067649087976e-22, 1.1515049936815731e-22, 3.3693280609492427e-22, 1.1467197280550213e-22, 4.054790961428381e-22, 0.0, 0.0, 0.0, 0.0, 3.3700620380279484e-22, 0.0, 0.0, 0.0, 1.146944112513719e-22]","[0.0, 0.013860239066479372, 0.00271703380097501, 0.0, 0.0026441875494516475, 0.8622115355280675, 0.0, 0.0, 0.018870717681059072, 0.002002286153671065, 0.00571897423791449, 0.0, 0.0, 0.0, 0.0045126231968840224, 0.006439414418743021, 0.014493061134452487, 0.0, 0.0064586568978660394, 0.0029888380197284153, 0.0, 0.011701250326565382, 0.012815395557113394, 0.0015893195790976692, 0.004517724836061345, 0.017126946178009535, 0.007166730544910197, 0.0, 0.0, 0.0021650652929505005]","[0.10163957625627518, 0.0, 0.09489978849887848, 0.0, 0.0, 0.0, 0.0, 0.103948213160038, 0.0, 0.0, 0.103948213160038, 0.09472823888063431, 0.0, 0.0, 0.0, 0.0, 0.0, 0.0, 0.103948213160038, 0.0, 0.103948213160038, 0.09856284409761429, 0.0, 0.103948213160038, 0.0, 0.0, 0.09042846411466599, 0.0, 0.0, 0.0]",-0.0029813569213780833
90,1.0286429547308635,"[1.0042175643442381, 1.0151492356222138, 1.0083216775481605, 0.9760237856092374, 0.9855436529122065, 1.0080640493659956, 0.9855087551427111, 1.0018510413248778, 1.0034797886142384, 0.9924143067401661, 1.0015886217169305, 0.9854641960810214, 0.9860607988586477, 0.981636711405424, 1.0077381202825342, 0.9804581097314947, 0.9786681712223507, 1.0164350955580546, 1.0189504574863577, 0.9815261524775165, 0.986037456646082, 0.9867728140029474, 1.0262317394574452, 0.9751325555343214, 1.0172348626000103, 1.0088265881321967, 1.0065885587729873, 1.003585663549024, 1.0015355624374718, 0.9703565214345743]","[0.9960480905210334, 0.9904135953870393, 1.003671563771936, 0.9897970622077021, 0.9737350847206004, 1.0003910138588006, 0.9883481331556095, 1.0163520372163504, 1.028389979604425, 1.0129881931674145, 0.9917339116060265, 1.0108990813306091, 0.9855457844822998, 0.9718514638916598, 1.0036430528739295, 0.9937585238912305, 1.0114639614871574, 1.02190459098855, 0.9922956304319416, 0.9845857609690536, 1.0216945038037855, 0.9893176303120572, 0.991292085340935, 0.9880939672538389, 0.9830308024858477, 1.0041296625849032, 0.9900526811735287, 0.9713586954321826, 0.9918392097251209, 0.9971630770258002]","[-0.00395190947896662, -0.009586404612960675, 0.003671563771936004, -0.010202937792297861, -0.02626491527939956, 0.0003910138588005818, -0.011651866844390457, 0.016352037216350368, 0.02838997960442491, 0.012988193167414508, -0.00826608839397347, 0.010899081330609128, -0.014454215517700209, -0.028148536108340227, 0.00364305287392952, -0.0062414761087694615, 0.011463961487157448, 0.02190459098855002, -0.007704369568058422, -0.015414239030946408, 0.02169450380378546, -0.010682369687942783, -0.008707914659064953, -0.011906032746161088, -0.016969197514152268, 0.004129662584903215, -0.009947318826471263, -0.02864130456781744, -0.008160790274879148, -0.002836922974199796]","[0.0, 0.10100722312927246, 0.0, 0.0, 0.0, 0.09644308686256409, 0.10100722312927246, 0.10100722312927246, 0.0, 0.10100722312927246, 0.0, 0.0, 0.0, 0.0, 0.0, 0.0, 0.0, 0.0, 0.0, 0.0, 0.10100722312927246, 0.0, 0.09549914300441742, 0.10100722312927246, 0.0, 0.0, 0.0, 0.10100722312927246, 0.0, 0.10100722312927246]","[0.0, 0.0, 2.313843924345684e-22, 0.0, 0.0, 0.0, 0.0, 0.0, 1.2292106374905925e-22, 1.2168961493513217e-22, 0.0, 0.0, 1.7470036373227811e-22, 2.3200892460296123e-22, 0.0, 0.0, 0.0, 3.981627668043956e-22, 1.2184868869352916e-22, 0.0, 1.0, 1.228803278224043e-22, 0.0, 3.439007077711409e-22, 0.0, 0.0, 0.0, 0.0, 0.0, 0.0]","[0.0, 3.777382425508065e-05, 0.002389950177684667, 0.012474345654579817, 0.0, 0.011856137377819272, 0.009140002494868113, 0.01327460199436086, 0.0, 0.004316553843298155, 0.0, 0.0, 0.0014059899520645878, 0.0018089508301357253, 0.008896705698173883, 0.0, 0.011449345505149661, 0.014993268739825021, 0.010483184192286901, 0.00202404887688015, 0.8684759309942126, 0.0, 0.0, 0.00209634949677521, 0.0, 0.0, 0.001283661864362863, 0.008092184962691198, 0.015501013520576205, 0.0]","[0.0, 0.10100722312927246, 0.0, 0.0, 0.0, 0.09644308686256409, 0.10100722312927246, 0.10100722312927246, 0.0, 0.10100722312927246, 0.0, 0.0, 0.0, 0.0, 0.0, 0.0, 0.0, 0.0, 0.0, 0.0, 0.10100722312927246, 0.0, 0.09549914300441742, 0.10100722312927246, 0.0, 0.0, 0.0, 0.10100722312927246, 0.0, 0.10100722312927246]",-0.0025659450525018427
91,1.031053618140482,"[0.9960480905210334, 0.9904135953870393, 1.003671563771936, 0.9897970622077021, 0.9737350847206004, 1.0003910138588006, 0.9883481331556095, 1.0163520372163504, 1.028389979604425, 1.0129881931674145, 0.9917339116060265, 1.0108990813306091, 0.9855457844822998, 0.9718514638916598, 1.0036430528739295, 0.9937585238912305, 1.0114639614871574, 1.02190459098855, 0.9922956304319416, 0.9845857609690536, 1.0216945038037855, 0.9893176303120572, 0.991292085340935, 0.9880939672538389, 0.9830308024858477, 1.0041296625849032, 0.9900526811735287, 0.9713586954321826, 0.9918392097251209, 0.9971630770258002]","[1.008510654604377, 1.0045321766180404, 0.9897215019885145, 0.9929702109590401, 0.9881429744416395, 1.0055095575377775, 1.025293249082238, 1.0277811418952494, 1.0051689054837134, 1.0102203393142426, 1.0200185309909782, 1.0093724804273996, 0.9972963972393126, 0.9924112489469907, 0.9812324016848273, 0.9912813498357438, 1.008044567394783, 0.9786892050510403, 0.9934034462541932, 1.007317292999699, 0.9989198409997723, 1.0171757165314368, 0.9951285996431259, 0.9774404033061578, 0.9888011750582107, 0.9843639211581257, 1.0133536013124325, 1.0140614523708429, 1.0096378902000578, 0.9938066628903436]","[0.008510654604376944, 0.0045321766180403955, -0.010278498011485504, -0.007029789040959855, -0.011857025558360546, 0.0055095575377774875, 0.025293249082237956, 0.027781141895249384, 0.005168905483713404, 0.010220339314242599, 0.020018530990978167, 0.009372480427399577, -0.0027036027606873736, -0.007588751053009268, -0.018767598315172718, -0.008718650164256214, 0.008044567394783098, -0.02131079494895971, -0.00659655374580681, 0.0073172929996989655, -0.0010801590002277317, 0.01717571653143679, -0.004871400356874056, -0.02255959669384222, -0.011198824941789254, -0.015636078841874346, 0.013353601312432462, 0.014061452370842886, 0.009637890200057786, -0.006193337109656416]","[0.0, 0.0, 0.0, 0.0, 0.0, 0.0, 0.0, 0.07940950244665146, 0.0, 0.0, 0.11655252426862717, 0.13313373923301697, 0.0, 0.0, 0.07175960391759872, 0.06691282242536545, 0.06656865030527115, 0.13313373923301697, 0.0, 0.13313373923301697, 0.0, 0.0, 0.0, 0.0, 0.0, 0.0, 0.0, 0.0, 0.06626196205615997, 0.13313373923301697]","[0.0, 0.0, 0.0, -2.158190376311056e-22, 0.0, 0.0, 0.0, 0.0, -3.265247990151345e-22, 0.0, 0.0, -1.0500904123302688e-22, 0.0, -2.159929122628143e-22, 0.0, 0.0, 0.0, 0.0, 0.0, 0.0, 1.0, -3.261654348718974e-22, -1.0460695021379553e-22, 0.0, 0.0, -1.0537676181064785e-22, 0.0, 0.0, -2.1591726143261294e-22, -2.169616469575057e-22]","[0.0, 0.0, 0.0, 0.0014360819213218236, 0.0, 0.008095653151772826, 0.0, 0.005449720676548612, 0.0, 0.0, 0.019254846920755457, 0.004729158373595613, 7.556837915567508e-05, 0.00585983271016999, 0.0, 0.0, 0.0, 0.0, 0.0, 0.0, 0.9351972692383326, 0.0, 0.008726344011419494, 0.0007077149330455894, 0.008300054781899543, 0.0, 0.0, 0.00216775490198296, 0.0, 0.0]","[0.0, 0.0, 0.0, 0.0, 0.0, 0.0, 0.0, 0.07940950244665146, 0.0, 0.0, 0.11655252426862717, 0.13313373923301697, 0.0, 0.0, 0.07175960391759872, 0.06691282242536545, 0.06656865030527115, 0.13313373923301697, 0.0, 0.13313373923301697, 0.0, 0.0, 0.0, 0.0, 0.0, 0.0, 0.0, 0.0, 0.06626196205615997, 0.13313373923301697]",0.0019240102280420838
92,1.032130689689646,"[1.008510654604377, 1.0045321766180404, 0.9897215019885145, 0.9929702109590401, 0.9881429744416395, 1.0055095575377775, 1.025293249082238, 1.0277811418952494, 1.0051689054837134, 1.0102203393142426, 1.0200185309909782, 1.0093724804273996, 0.9972963972393126, 0.9924112489469907, 0.9812324016848273, 0.9912813498357438, 1.008044567394783, 0.9786892050510403, 0.9934034462541932, 1.007317292999699, 0.9989198409997723, 1.0171757165314368, 0.9951285996431259, 0.9774404033061578, 0.9888011750582107, 0.9843639211581257, 1.0133536013124325, 1.0140614523708429, 1.0096378902000578, 0.9938066628903436]","[0.9820228437581788, 0.9880719550185123, 1.005800191592892, 0.9822531419483629, 0.9965561442537673, 0.9889400036092089, 1.0086021117142403, 0.9998545237825455, 0.9962666594633013, 1.0146767742572502, 0.983249996576218, 0.9839277135735388, 1.0012837111257187, 0.9993261434893691, 0.9911759566350227, 0.994886380628446, 1.007293807986978, 1.0335241391226024, 0.9900776259033138, 0.999676931133027, 1.0092029337959518, 1.006348979421434, 1.0047530495174393, 0.9887931113402285, 1.0038593103913134, 1.0350807010777647, 1.0243809456410973, 1.0069416173179282, 0.994953999994231, 1.008481810301948]","[-0.01797715624182117, -0.011928044981487695, 0.005800191592892023, -0.017746858051637115, -0.003443855746232738, -0.011059996390791138, 0.008602111714240301, -0.0001454762174545321, -0.003733340536698715, 0.014676774257250225, -0.016750003423781967, -0.01607228642646119, 0.0012837111257186784, -0.0006738565106308991, -0.00882404336497733, -0.005113619371553968, 0.007293807986977985, 0.03352413912260244, -0.00992237409668617, -0.0003230688669729753, 0.009202933795951829, 0.006348979421433976, 0.004753049517439267, -0.011206888659771486, 0.0038593103913133753, 0.03508070107776473, 0.024380945641097274, 0.006941617317928195, -0.005046000005769047, 0.008481810301947945]","[0.0, 0.0, 0.0, 0.12113192677497864, 0.0, 0.0, 0.0, 0.0, 0.0, 0.0, 0.06648600846529007, 0.04691320285201073, 0.0, 0.12113192677497864, 0.0, 0.0, 0.12113192677497864, 0.0, 0.0, 0.12113192677497864, 0.0, 0.07205900549888611, 0.12113192677497864, 0.08775024861097336, 0.0, 0.12113192677497864, 0.0, 0.0, 0.0, 0.0]","[0.0, 0.0, -4.688141426272172e-23, 0.0, 0.0, 0.0, 1.192250899488603e-22, 8.100237796470715e-24, 1.2141811223981098e-22, 0.0, 0.0, 3.426672148891859e-22, 0.0, 0.0, 0.0, 0.0, 0.0, 0.0, 3.431623059839438e-22, 0.0, 1.0, 0.0, 0.0, 0.0, 8.722395499701799e-24, 0.0, 0.0, 1.1954185402549365e-22, 0.0, 7.884692376304617e-24]","[0.014819725457035554, 0.0, 0.015952850170774253, 0.0, 0.007796946387887725, 0.007402007980082819, 0.001097071187424197, 0.0, 0.005653581485931881, 0.010388622190590169, 0.0, 0.0, 0.0, 0.003525512335815069, 0.0, 0.0, 0.0, 0.012330303604473508, 0.004949364759154805, 0.0, 0.8638195893285631, 0.0, 0.013786860780594152, 0.0, 0.0068052292008735716, 0.006534492450872103, 0.004006114871731521, 0.02113172780819569, 0.0, 0.0]","[0.0, 0.0, 0.0, 0.12113192677497864, 0.0, 0.0, 0.0, 0.0, 0.0, 0.0, 0.06648600846529007, 0.04691320285201073, 0.0, 0.12113192677497864, 0.0, 0.0, 0.12113192677497864, 0.0, 0.0, 0.12113192677497864, 0.0, 0.07205900549888611, 0.12113192677497864, 0.08775024861097336, 0.0, 0.12113192677497864, 0.0, 0.0, 0.0, 0.0]",0.0005683727824505349
93,1.038206877788157,"[0.9820228437581788, 0.9880719550185123, 1.005800191592892, 0.9822531419483629, 0.9965561442537673, 0.9889400036092089, 1.0086021117142403, 0.9998545237825455, 0.9962666594633013, 1.0146767742572502, 0.983249996576218, 0.9839277135735388, 1.0012837111257187, 0.9993261434893691, 0.9911759566350227, 0.994886380628446, 1.007293807986978, 1.0335241391226024, 0.9900776259033138, 0.999676931133027, 1.0092029337959518, 1.006348979421434, 1.0047530495174393, 0.9887931113402285, 1.0038593103913134, 1.0350807010777647, 1.0243809456410973, 1.0069416173179282, 0.994953999994231, 1.008481810301948]","[1.0021366995485892, 1.0060784077580014, 1.0151512141600465, 0.9887067330604153, 1.0008338913167991, 1.0007816456233842, 1.027982282393183, 1.0043751985991571, 1.006415382045512, 0.9885904852090142, 1.0080127087837367, 1.0198804697084354, 0.9899802480811922, 1.0133649135626746, 1.0007796861011509, 1.01004717959135, 1.023719808619566, 0.9854491531734666, 0.9790587969389146, 1.0113129822709699, 1.0083353531024486, 0.9954076665773651, 1.002307100308307, 1.0099882696085223, 1.0150996243449826, 0.9853346290881725, 0.9914298284438952, 1.0034513998451764, 1.013427218954869, 0.9643449873123858]","[0.0021366995485891938, 0.006078407758001392, 0.0151512141600465, -0.011293266939584656, 0.000833891316799118, 0.0007816456233842306, 0.02798228239318301, 0.004375198599157137, 0.006415382045511953, -0.011409514790985842, 0.008012708783736722, 0.019880469708435378, -0.010019751918807773, 0.013364913562674552, 0.0007796861011508671, 0.01004717959134993, 0.02371980861956602, -0.014550846826533403, -0.02094120306108538, 0.011312982270969885, 0.008335353102448595, -0.0045923334226348755, 0.002307100308307053, 0.009988269608522282, 0.015099624344982576, -0.014665370911827513, -0.008570171556104844, 0.003451399845176395, 0.01342721895486898, -0.035655012687614174]","[0.0, 0.0, 0.0, 0.0, 0.0, 0.0, 0.10000000894069672, 0.10000000894069672, 0.10000000894069672, 0.0, 0.0, 0.0, 0.0, 0.0, 0.0, 0.10000000894069672, 0.0, 0.10000000894069672, 0.0, 0.0, 0.10000000894069672, 0.10000000894069672, 0.10000000894069672, 0.0, 0.10000000894069672, 0.0, 0.0, 0.10000000894069672, 0.0, 0.0]","[3.4308348796965265e-22, 0.0, 2.866207276576917e-22, 0.0, 0.0, 0.0, 0.0, 0.0, 1.2141706652456242e-22, 0.0, 3.433664711241279e-22, 3.4287947562196517e-22, 0.0, 0.0, 0.0, 3.4251209975190788e-22, 0.0, 0.0, 0.0, 0.0, 1.0, 1.2225834665145266e-22, 1.2143258720879825e-22, 0.0, 2.3096983002978953e-22, 0.0, 0.0, 0.0, 0.0, 0.0]","[0.0, 0.0014693182548584003, 0.023680667812016436, 0.0, 0.002027186259940584, 0.0006591410721849968, 0.0006846891386098942, 0.0, 0.007476782688331656, 0.0, 0.014644320798559644, 0.004863752581715546, 0.006547965364142266, 0.0, 0.005455226925552539, 0.014115689931053608, 0.0, 0.010150153462403558, 0.0032276271512626225, 0.0023818633217327265, 0.8643518766848617, 0.004929737877240122, 0.0, 0.00663147101643582, 0.0021084939051848194, 0.0, 0.0023387257885533067, 0.0, 0.0, 0.02225530996535983]","[0.0, 0.0, 0.0, 0.0, 0.0, 0.0, 0.09999999403953552, 0.09999999403953552, 0.09999999403953552, 0.0, 0.0, 0.0, 0.0, 0.0, 0.0, 0.09999999403953552, 0.0, 0.09999999403953552, 0.0, 0.0, 0.09999999403953552, 0.09999999403953552, 0.09999999403953552, 0.0, 0.09999999403953552, 0.0, 0.0, 0.09999999403953552, 0.0, 0.0]",0.0054321462074124645
94,1.0361053327773821,"[1.0021366995485892, 1.0060784077580014, 1.0151512141600465, 0.9887067330604153, 1.0008338913167991, 1.0007816456233842, 1.027982282393183, 1.0043751985991571, 1.006415382045512, 0.9885904852090142, 1.0080127087837367, 1.0198804697084354, 0.9899802480811922, 1.0133649135626746, 1.0007796861011509, 1.01004717959135, 1.023719808619566, 0.9854491531734666, 0.9790587969389146, 1.0113129822709699, 1.0083353531024486, 0.9954076665773651, 1.002307100308307, 1.0099882696085223, 1.0150996243449826, 0.9853346290881725, 0.9914298284438952, 1.0034513998451764, 1.013427218954869, 0.9643449873123858]","[1.0050668476211446, 0.9898610014672552, 1.0082081998976695, 0.9924519916809115, 1.0044513672614703, 0.9705516685850691, 0.9977120871922939, 0.9959952606110011, 1.0070392511724786, 1.0038448595649625, 1.0041709193053492, 0.9902218507350503, 1.000869840413557, 0.9850534247912771, 1.0165299489221966, 0.9880208282465764, 1.0054126603800435, 0.9955064590154726, 1.0107725381070354, 0.9976902484875242, 1.0093187101481116, 1.0023541647819327, 1.024177461018866, 0.9941777747839369, 1.0155124741026595, 0.9984348497759934, 1.003889110489064, 0.9980416641170643, 1.0150658517430267, 0.9939738326287085]","[0.005066847621144621, -0.010138998532744803, 0.008208199897669521, -0.007548008319088528, 0.004451367261470329, -0.02944833141493086, -0.0022879128077061273, -0.0040047393889989236, 0.007039251172478611, 0.0038448595649624995, 0.0041709193053491855, -0.009778149264949687, 0.0008698404135569771, -0.01494657520872289, 0.016529948922196613, -0.011979171753423556, 0.00541266038004351, -0.004493540984527367, 0.010772538107035379, -0.0023097515124758106, 0.009318710148111586, 0.0023541647819327327, 0.024177461018866087, -0.005822225216063126, 0.015512474102659546, -0.0015651502240066062, 0.0038891104890639294, -0.0019583358829357023, 0.01506585174302666, -0.006026167371291469]","[0.0, 0.0, 0.1046731024980545, 0.0, 0.1046731024980545, 0.1046731024980545, 0.0, 0.0, 0.0, 0.1046731024980545, 0.0, 0.0, 0.1046731024980545, 0.0800345316529274, 0.0, 0.0, 0.0, 0.0, 0.0, 0.0, 0.1046731024980545, 0.08738697320222855, 0.0, 0.09986677020788193, 0.0, 0.1046731024980545, 0.0, 0.0, 0.0, 0.0]","[3.4251747979560744e-22, 0.0, 2.860139644024627e-22, 0.0, 0.0, 0.0, 0.0, 0.0, 0.0, 0.0, 1.207570738135588e-22, 3.4236232194274397e-22, 0.0, 0.0, 0.0, 0.0, 0.0, 0.0, 1.2089117767144116e-22, 0.0, 1.0, 1.2169109537436927e-22, 1.208902990467931e-22, 1.2082601258377021e-22, 0.0, 0.0, 0.0, 2.2985163824719597e-22, 0.0, 0.0]","[0.005263070052855303, 0.0046590557536149, 0.0, 0.012257452742087798, 0.0, 0.0, 0.0164813724764194, 0.0, 0.007875127805699855, 0.0, 0.0, 0.0077150378692469835, 0.003854965165548545, 0.0, 0.005076125584965725, 0.008193347174973529, 0.0007677929689488222, 0.0, 0.0, 0.0, 0.907115036557781, 0.0, 0.0, 0.0, 0.0022620019641636222, 0.007282810834056205, 0.009037110224770295, 0.0021596928248682158, 0.0, 0.0]","[0.0, 0.0, 0.1046731099486351, 0.0, 0.1046731099486351, 0.1046731099486351, 0.0, 0.0, 0.0, 0.1046731099486351, 0.0, 0.0, 0.1046731099486351, 0.080034539103508, 0.0, 0.0, 0.0, 0.0, 0.0, 0.0, 0.1046731099486351, 0.08738698065280914, 0.0, 0.09986677765846252, 0.0, 0.1046731099486351, 0.0, 0.0, 0.0, 0.0]",-0.0024211897114093293
95,1.0401819496493074,"[1.0050668476211446, 0.9898610014672552, 1.0082081998976695, 0.9924519916809115, 1.0044513672614703, 0.9705516685850691, 0.9977120871922939, 0.9959952606110011, 1.0070392511724786, 1.0038448595649625, 1.0041709193053492, 0.9902218507350503, 1.000869840413557, 0.9850534247912771, 1.0165299489221966, 0.9880208282465764, 1.0054126603800435, 0.9955064590154726, 1.0107725381070354, 0.9976902484875242, 1.0093187101481116, 1.0023541647819327, 1.024177461018866, 0.9941777747839369, 1.0155124741026595, 0.9984348497759934, 1.003889110489064, 0.9980416641170643, 1.0150658517430267, 0.9939738326287085]","[0.9892470211472625, 0.9863011039119806, 0.9834212883584186, 0.9840213660210775, 1.0060496104792782, 0.9986061338640554, 1.001385702292966, 1.0129867425077428, 0.9984551468825867, 1.0014084570395874, 1.0111422799465202, 0.9981371166640157, 0.9993350536143984, 1.0089810872318765, 0.9933850593145069, 1.008421418773777, 0.9991422066500357, 0.9736075313641546, 0.9998926130195721, 0.9873541016830553, 0.9959306921380353, 1.0006876629269077, 0.9896808981364897, 1.011505595125476, 1.01742844071152, 1.0109671205733872, 0.9953806241044926, 1.00999602234607, 1.0132619260260254, 1.0220779415429175]","[-0.010752978852737516, -0.013698896088019441, -0.016578711641581423, -0.01597863397892252, 0.006049610479278211, -0.0013938661359446103, 0.0013857022929659735, 0.012986742507742788, -0.0015448531174132585, 0.001408457039587363, 0.011142279946520173, -0.0018628833359842778, -0.0006649463856015503, 0.008981087231876517, -0.006614940685493065, 0.008421418773777, -0.0008577933499642754, -0.026392468635845434, -0.00010738698042789263, -0.012645898316944737, -0.004069307861964688, 0.000687662926907695, -0.01031910186351026, 0.011505595125476109, 0.017428440711519944, 0.010967120573387223, -0.004619375895507427, 0.00999602234607, 0.013261926026025384, 0.022077941542917534]","[0.0, 0.0, 0.0, 0.07604032754898071, 0.10915557295084, 0.09059568494558334, 0.0, 0.0658305287361145, 0.0, 0.0, 0.0, 0.10974141210317612, 0.0, 0.10974141210317612, 0.0, 0.0, 0.10974141210317612, 0.0, 0.0, 0.0, 0.10967081785202026, 0.0, 0.0, 0.0, 0.0, 0.0, 0.0, 0.10974141210317612, 0.0, 0.10974141210317612]","[8.560191972641203e-24, 0.0, 0.0, 0.0, 0.0, 0.0, -4.864363642090971e-23, 0.0, -1.0212641434635392e-22, 0.0, 8.763967175182024e-24, 8.48063917755765e-24, 0.0, 0.0, 0.0, 0.0, 0.0, 0.0, 0.0, 7.554823723824815e-24, 1.0, 0.0, 0.0, 0.0, 0.0, 7.979894859033906e-24, 7.731274972465195e-24, 0.0, -1.0243165803391289e-22, 0.0]","[0.0040359036811491895, 0.0005388101241101912, 0.006236941842099614, 0.0, 0.0, 0.0, 0.020684467381507744, 0.0, 0.0, 0.0, 0.0011028599347300758, 0.004698178405237636, 0.0, 0.0, 0.009733894096488522, 0.0, 0.0, 0.0, 0.018378144427172904, 0.0, 0.8763934561603944, 0.008691461559459745, 0.0, 0.0, 0.014699625008019756, 0.0, 0.010083791107499351, 0.0006672417707853981, 0.015719847942693977, 0.00833537655865114]","[0.0, 0.0, 0.0, 0.07604033499956131, 0.1091555804014206, 0.09059569239616394, 0.0, 0.0658305361866951, 0.0, 0.0, 0.0, 0.10974141955375671, 0.0, 0.10974141955375671, 0.0, 0.0, 0.10974141955375671, 0.0, 0.0, 0.0, 0.10967082530260086, 0.0, 0.0, 0.0, 0.0, 0.0, 0.0, 0.10974141955375671, 0.0, 0.10974141955375671]",0.00348517530663119
96,1.0375965278573984,"[0.9892470211472625, 0.9863011039119806, 0.9834212883584186, 0.9840213660210775, 1.0060496104792782, 0.9986061338640554, 1.001385702292966, 1.0129867425077428, 0.9984551468825867, 1.0014084570395874, 1.0111422799465202, 0.9981371166640157, 0.9993350536143984, 1.0089810872318765, 0.9933850593145069, 1.008421418773777, 0.9991422066500357, 0.9736075313641546, 0.9998926130195721, 0.9873541016830553, 0.9959306921380353, 1.0006876629269077, 0.9896808981364897, 1.011505595125476, 1.01742844071152, 1.0109671205733872, 0.9953806241044926, 1.00999602234607, 1.0132619260260254, 1.0220779415429175]","[1.0041283759899309, 0.9849941008449141, 0.9948635633335156, 1.0171594562185164, 1.0139701184574, 1.0076365308582287, 0.9849288496750148, 0.9931984798002821, 0.9879108838351081, 0.995271704997122, 1.0128054438566483, 0.9936790139565533, 0.9993384207583513, 0.9980407251127634, 1.013058234099721, 1.006172652643485, 1.0250351826160025, 0.9804394674488508, 1.0210973396733634, 1.0001434750222091, 0.995745345916833, 0.9827461403428623, 1.0075709692783599, 0.9958061528506345, 1.0140088077925826, 1.0050804895621346, 1.0054700555155227, 1.0156547052768865, 1.0009215856249705, 1.0134734664013363]","[0.004128375989930877, -0.015005899155085878, -0.005136436666484445, 0.017159456218516445, 0.013970118457399927, 0.007636530858228685, -0.015071150324985183, -0.006801520199717914, -0.012089116164891944, -0.004728295002877969, 0.01280544385664828, -0.006320986043446664, -0.0006615792416486688, -0.001959274887236573, 0.013058234099720956, 0.006172652643485099, 0.02503518261600246, -0.0195605325511492, 0.021097339673363358, 0.00014347502220912745, -0.004254654083167053, -0.01725385965713766, 0.007570969278359874, -0.004193847149365548, 0.014008807792582623, 0.0050804895621345825, 0.005470055515522709, 0.015654705276886505, 0.0009215856249704668, 0.013473466401336287]","[0.0, 0.0, 0.0, 0.0, 0.0, 0.0, 0.1004243716597557, 0.0, 0.0, 0.1078982949256897, 0.10255125164985657, 0.10533792525529861, 0.09519293159246445, 0.1078982949256897, 0.0, 0.09800493717193604, 0.0, 0.0840415433049202, 0.0, 0.0, 0.09075221419334412, 0.0, 0.0, 0.0, 0.0, 0.0, 0.1078982949256897, 0.0, 0.0, 0.0]","[6.724797018222291e-24, 0.0, 0.0, 2.2875842291636033e-22, 0.0, 0.0, 1.719829898624063e-22, 0.0, 0.0, 0.0, 6.95482599240098e-24, 6.703090370264608e-24, 0.0, 0.0, 0.0, 0.0, 0.0, 0.0, 0.0, 0.0, 1.0, 7.647920607375577e-24, 0.0, 7.205807814801584e-24, 0.0, 0.0, 0.0, 2.278027435676645e-22, 6.875256144363328e-24, 0.0]","[0.010403141820287442, 0.008184102170880107, 0.0046440804167012075, 0.004777370301358598, 0.0, 0.007308047651295388, 0.0, 0.0008353772989856319, 0.0, 0.003552384107249233, 0.0, 0.007124118236955186, 0.0, 0.0, 0.012372326872025281, 0.0, 0.007811180000936429, 0.007821641577265507, 0.004507680264904974, 0.014491949656816784, 0.8735032611069259, 0.0019194943247008468, 0.0, 0.016298101460440455, 0.014445742732271062, 0.0, 0.0, 0.0, 0.0, 0.0]","[0.0, 0.0, 0.0, 0.0, 0.0, 0.0, 0.1004243716597557, 0.0, 0.0, 0.1078982949256897, 0.10255125164985657, 0.10533792525529861, 0.09519293159246445, 0.1078982949256897, 0.0, 0.09800493717193604, 0.0, 0.0840415433049202, 0.0, 0.0, 0.09075221419334412, 0.0, 0.0, 0.0, 0.0, 0.0, 0.1078982949256897, 0.0, 0.0, 0.0]",-0.0028693338721608773
97,1.03917356325732,"[1.0041283759899309, 0.9849941008449141, 0.9948635633335156, 1.0171594562185164, 1.0139701184574, 1.0076365308582287, 0.9849288496750148, 0.9931984798002821, 0.9879108838351081, 0.995271704997122, 1.0128054438566483, 0.9936790139565533, 0.9993384207583513, 0.9980407251127634, 1.013058234099721, 1.006172652643485, 1.0250351826160025, 0.9804394674488508, 1.0210973396733634, 1.0001434750222091, 0.995745345916833, 0.9827461403428623, 1.0075709692783599, 0.9958061528506345, 1.0140088077925826, 1.0050804895621346, 1.0054700555155227, 1.0156547052768865, 1.0009215856249705, 1.0134734664013363]","[0.9876833938638122, 1.0085892663722997, 1.0018258848631854, 0.9910100332234225, 1.022051898506726, 1.0137422934836362, 1.0006002497813145, 1.0133366977677138, 1.0158172834894093, 1.0040528625790115, 1.0052784498086942, 1.0013353775322626, 0.9969267140300404, 0.9981457701687942, 1.0025499668227373, 1.0104629337856728, 0.9938578902985629, 0.9913478920549424, 0.9874328326152298, 1.0054217048819287, 0.9967496911790712, 0.9942186939671055, 0.9914193229860461, 1.0029739051066429, 1.0012552486956159, 1.0020601972874368, 1.0099438671836978, 1.0125695429169745, 0.9921462379300251, 1.007965260250579]","[-0.012316606136187791, 0.008589266372299731, 0.0018258848631853564, -0.008989966776577485, 0.022051898506725953, 0.013742293483636203, 0.0006002497813144547, 0.013336697767713845, 0.01581728348940925, 0.004052862579011496, 0.0052784498086941856, 0.0013353775322626493, -0.003073285969959594, -0.001854229831205756, 0.0025499668227373373, 0.010462933785672757, -0.006142109701437137, -0.008652107945057552, -0.01256716738477015, 0.005421704881928724, -0.0032503088209288045, -0.0057813060328945065, -0.00858067701395393, 0.00297390510664286, 0.0012552486956158848, 0.0020601972874367824, 0.009943867183697774, 0.012569542916974541, -0.007853762069974901, 0.007965260250579087]","[0.0, 0.0, 0.09951519221067429, 0.08611360192298889, 0.0, 0.11444920301437378, 0.0, 0.0, 0.11444920301437378, 0.0, 0.08258841186761856, 0.0, 0.0, 0.0, 0.0, 0.0, 0.0, 0.0, 0.0, 0.0, 0.0, 0.11444920301437378, 0.11444920301437378, 0.0, 0.0, 0.09650864452123642, 0.0636093020439148, 0.0, 0.11386807262897491, 0.0]","[0.0, 0.0, 3.3990664796350273e-22, 3.409288677973467e-22, 0.0, 2.980175992766034e-22, 0.0, 0.0, 0.0, 3.4041364351782526e-22, 0.0, 0.0, 0.0, 0.0, 0.0, 3.404480977574179e-22, 0.0, 0.0, 3.415073093560305e-22, 0.0, 1.0, 0.0, 3.413110993973635e-22, 3.410808554216103e-22, 0.0, 0.0, 3.3987570344003314e-22, 0.0, 0.0, 0.0]","[0.0074475309254518176, 0.0, 0.0, 0.0, 0.0, 0.0, 0.0, 0.005177988698884739, 0.0, 0.0, 0.010344439123642541, 0.012366962501152465, 0.012788028094127699, 0.011436869638464818, 0.008135496972473483, 0.0, 0.0014848995541474196, 0.00043526271065385744, 0.004197711510185317, 0.0, 0.8633170281444832, 0.007990069128340799, 0.0, 0.011401329623524855, 0.00806022718621955, 0.0, 0.0, 0.010703206267560276, 0.021883427356717486, 0.0028295225639698605]","[0.0, 0.0, 0.09951519221067429, 0.08611360192298889, 0.0, 0.11444920301437378, 0.0, 0.0, 0.11444920301437378, 0.0, 0.08258841186761856, 0.0, 0.0, 0.0, 0.0, 0.0, 0.0, 0.0, 0.0, 0.0, 0.0, 0.11444920301437378, 0.11444920301437378, 0.0, 0.0, 0.09650864452123642, 0.0636093020439148, 0.0, 0.11386807262897491, 0.0]",0.0011073484744750207
98,1.0375566511503271,"[0.9876833938638122, 1.0085892663722997, 1.0018258848631854, 0.9910100332234225, 1.022051898506726, 1.0137422934836362, 1.0006002497813145, 1.0133366977677138, 1.0158172834894093, 1.0040528625790115, 1.0052784498086942, 1.0013353775322626, 0.9969267140300404, 0.9981457701687942, 1.0025499668227373, 1.0104629337856728, 0.9938578902985629, 0.9913478920549424, 0.9874328326152298, 1.0054217048819287, 0.9967496911790712, 0.9942186939671055, 0.9914193229860461, 1.0029739051066429, 1.0012552486956159, 1.0020601972874368, 1.0099438671836978, 1.0125695429169745, 0.9921462379300251, 1.007965260250579]","[1.0185170357351208, 0.9802571100681687, 0.988549895085292, 1.0187141032994622, 0.9795744366169977, 0.9902944181676885, 1.0158104388505995, 0.9773959314906513, 1.0042695450464556, 0.9840535869035556, 1.0207865702540388, 1.0040987306124698, 0.9882292504858721, 0.9822397392491413, 1.0213658470111229, 0.9963688778747194, 1.008438775832016, 1.0039402324658866, 0.9910209145887106, 1.0013985082817913, 0.992641114479221, 0.9923993181908778, 1.0191538970954002, 1.0085445658485348, 1.022013759387564, 0.9885538203961742, 1.0205316231991974, 0.9987122713931701, 0.9966577360798934, 0.9951837942391933]","[0.018517035735120757, -0.019742889931831265, -0.011450104914707993, 0.018714103299462215, -0.020425563383002276, -0.009705581832311516, 0.015810438850599517, -0.022604068509348707, 0.004269545046455603, -0.0159464130964444, 0.02078657025403885, 0.004098730612469792, -0.011770749514127932, -0.01776026075085868, 0.021365847011122874, -0.003631122125280606, 0.00843877583201591, 0.003940232465886595, -0.008979085411289445, 0.001398508281791333, -0.007358885520779013, -0.007600681809122212, 0.019153897095400163, 0.008544565848534802, 0.022013759387564003, -0.011446179603825768, 0.020531623199197435, -0.0012877286068299076, -0.003342263920106614, -0.004816205760806658]","[0.0, 0.10461748391389847, 0.0, 0.0, 0.0, 0.10226742923259735, 0.10461748391389847, 0.0, 0.10461748391389847, 0.0, 0.0, 0.0, 0.10461748391389847, 0.0, 0.07760719209909439, 0.10461748391389847, 0.0, 0.0, 0.0, 0.10461748391389847, 0.0896076112985611, 0.0, 0.0, 0.0, 0.0, 0.0, 0.0, 0.10281279683113098, 0.0, 0.0]","[-5.32950951094284e-23, 0.0, 0.5642214218379048, 0.0, 2.480080858634447e-22, 1.2308239676811098e-22, 0.0, 4.5329241709499465e-22, 0.0, 9.319509384302552e-23, 0.0, 0.0, 5.567483988701932e-22, 0.0, 0.0, 0.0, 4.322330506367264e-22, 0.0, 0.0, 0.0, 0.43577857816209525, 0.0, 0.0, 0.0, 0.0, 0.0, 0.0, 0.0, 0.0, 1.212775336951155e-22]","[0.002963451211426231, 0.010667621362329589, 0.5053872531390775, 0.0, 0.0, 0.0, 0.009214710650824593, 0.0010137993248617951, 0.005408336071944871, 0.009815251425386588, 0.001376352680744248, 0.0, 0.011282716854528104, 0.0, 0.0, 0.0, 0.010481643591025653, 0.016397664166533613, 0.004151576773456402, 0.00144152773226652, 0.3974848106320636, 0.0, 0.004091588909313565, 0.0009056525112858104, 0.0, 0.0004567396672561857, 0.0, 0.0, 0.007459303295675117, 0.0]","[0.0, 0.10461749881505966, 0.0, 0.0, 0.0, 0.10226744413375854, 0.10461749881505966, 0.0, 0.10461749881505966, 0.0, 0.0, 0.0, 0.10461749881505966, 0.0, 0.07760719954967499, 0.10461749881505966, 0.0, 0.0, 0.0, 0.10461749881505966, 0.0896076187491417, 0.0, 0.0, 0.0, 0.0, 0.0, 0.0, 0.10281281173229218, 0.0, 0.0]",-0.0019596412901169377
99,1.0306091580111478,"[1.0185170357351208, 0.9802571100681687, 0.988549895085292, 1.0187141032994622, 0.9795744366169977, 0.9902944181676885, 1.0158104388505995, 0.9773959314906513, 1.0042695450464556, 0.9840535869035556, 1.0207865702540388, 1.0040987306124698, 0.9882292504858721, 0.9822397392491413, 1.0213658470111229, 0.9963688778747194, 1.008438775832016, 1.0039402324658866, 0.9910209145887106, 1.0013985082817913, 0.992641114479221, 0.9923993181908778, 1.0191538970954002, 1.0085445658485348, 1.022013759387564, 0.9885538203961742, 1.0205316231991974, 0.9987122713931701, 0.9966577360798934, 0.9951837942391933]","[1.036372752088448, 0.9999321622499122, 0.9880183500926243, 0.9997827603029242, 0.9965558257995601, 0.9821279069821214, 0.9905773666083978, 1.0180492636968554, 1.0003093065788358, 0.987854624311028, 0.9808838267089407, 0.9882694363635902, 0.9887997488603657, 0.9884483988195049, 0.9978858873378313, 1.0049034764600078, 0.9722023814473412, 1.0227747944081795, 1.0016667193718636, 1.007815229554468, 0.966750256493373, 0.9955356802313357, 1.009296353443379, 1.0199076671650156, 0.9816756430096222, 1.000634969722116, 0.9943366606166185, 1.0075152303403243, 1.0066970337908778, 1.023230461177001]","[0.036372752088448035, -6.78377500877847e-05, -0.011981649907375713, -0.00021723969707576618, -0.0034441742004398535, -0.01787209301787862, -0.009422633391602209, 0.018049263696855444, 0.0003093065788357663, -0.012145375688972004, -0.019116173291059302, -0.011730563636409785, -0.011200251139634299, -0.011551601180495141, -0.0021141126621686546, 0.004903476460007772, -0.02779761855265883, 0.022774794408179533, 0.0016667193718635787, 0.007815229554468006, -0.033249743506627016, -0.004464319768664349, 0.00929635344337898, 0.019907667165015575, -0.01832435699037782, 0.0006349697221159634, -0.005663339383381483, 0.007515230340324308, 0.006697033790877827, 0.023230461177000894]","[0.0, 0.0, 0.0, 0.0, 0.0, 0.0, 0.10000000149011612, 0.10000000149011612, 0.0, 0.0, 0.0, 0.10000000149011612, 0.10000000149011612, 0.10000000149011612, 0.0, 0.0, 0.10000000149011612, 0.0, 0.10000000149011612, 0.10000000149011612, 0.0, 0.10000000149011612, 0.0, 0.0, 0.10000000149011612, 0.0, 0.0, 0.0, 0.0, 0.0]","[5.7825791063249175e-24, 0.0, 1.0, 0.0, 0.0, 6.745866009572468e-23, 1.1529372806641206e-22, 0.0, 0.0, 2.276347553174231e-22, 0.0, 0.0, 6.1788206233364394e-24, 0.0, 1.1557375431136953e-22, 0.0, 0.0, 0.0, 2.27233776869402e-22, 0.0, 1.6075226196437655e-22, 0.0, 0.0, 0.0, 1.4965810337340283e-22, 0.0, 0.0, 0.0, 0.0, 0.0]","[0.01013941725965231, 0.00853435441274016, 0.9013245906427191, 0.0, 0.0, 0.0031982684968321577, 0.0173391930537414, 0.003701648093395187, 0.0, 0.010431680452201499, 0.004001761120533378, 0.0037018115397132716, 0.0, 0.005887351901305989, 0.0, 0.0, 0.012304544840547762, 0.0, 0.002122330602316677, 0.0, 0.010851648750157403, 0.0, 0.0, 0.0, 0.0, 0.006461398834143709, 0.0, 0.0, 0.0, 0.0]","[0.0, 0.0, 0.0, 0.0, 0.0, 0.0, 0.10000000149011612, 0.10000000149011612, 0.0, 0.0, 0.0, 0.10000000149011612, 0.10000000149011612, 0.10000000149011612, 0.0, 0.0, 0.10000000149011612, 0.0, 0.10000000149011612, 0.10000000149011612, 0.0, 0.10000000149011612, 0.0, 0.0, 0.10000000149011612, 0.0, 0.0, 0.0, 0.0, 0.0]",-0.007162824592215579
