step,portfolio_value,prev_prices,curr_prices,returns,action,expert_action,sub_expert_action,real_action,reward
1,1.0027166750456338,"[0.993122162911524, 1.0127353278511315, 1.0223934846678935, 0.9954614802761363, 0.9917946846803046, 1.0077776578775632, 1.017665874526782, 0.9677988124218868, 1.0019461162039138, 1.013022536346621, 0.9849256450943804, 1.0235889977255974, 1.0115157611829708, 0.9947944392812689, 0.9916078414810824, 0.975110679626313, 0.9987566676588464, 1.0040166318488755, 0.9927682884709115, 0.9988353034801398, 1.0032733556350997, 0.9986992788557174, 0.999263263026451, 0.9928521395796317, 1.005251330806874, 0.9771177600273281, 0.9967438243297307, 1.0010487413294256, 1.003160857665247, 0.9924013522564181]","[0.9769158345908197, 1.014455785072423, 0.9912336369884451, 1.0182984779325432, 0.9974424573508172, 1.0029106000341592, 0.9976852669620091, 0.9995292078004434, 1.0050488833154512, 1.0111498290211414, 1.00611799342981, 0.9823120414464921, 1.00175598330961, 1.005442764565646, 0.9842743284980302, 1.008930196912387, 0.9963085152111593, 0.9960748375561407, 1.0006114969864832, 1.006782657435451, 0.9736830572154107, 1.014126213008094, 1.0072985208899627, 0.9821837862503304, 0.9973467497352368, 1.0022132221393325, 1.0016876930593968, 1.0101748203842467, 1.0137038529217572, 1.000223317167142]","[-0.023084165409180346, 0.014455785072422955, -0.008766363011554867, 0.018298477932543245, -0.0025575426491828424, 0.0029106000341592164, -0.0023147330379909015, -0.00047079219955659113, 0.005048883315451169, 0.011149829021141366, 0.006117993429809898, -0.01768795855350791, 0.0017559833096099098, 0.005442764565646074, -0.015725671501969796, 0.008930196912386945, -0.0036914847888407376, -0.00392516244385932, 0.0006114969864832176, 0.006782657435451034, -0.026316942784589292, 0.014126213008093913, 0.007298520889962745, -0.017816213749669574, -0.0026532502647631517, 0.0022132221393325047, 0.0016876930593967554, 0.010174820384246663, 0.013703852921757242, 0.0002233171671419676]","[0.1008402556180954, 0.1008402556180954, 0.0, 0.0, 0.0, 0.1008402556180954, 0.0, 0.1008402556180954, 0.0, 0.0, 0.0, 0.0, 0.09243767708539963, 0.0, 0.0, 0.1008402556180954, 0.0, 0.1008402556180954, 0.0, 0.0, 0.0, 0.1008402556180954, 0.0, 0.0, 0.0, 0.1008402556180954, 0.0, 0.1008402556180954, 0.0, 0.0]","[0.0, 0.1, 0.1, 0.1, 0.1, 0.1, 0.1, 0.1, 0.1, 0.0, 0.0, 0.0, 0.0, 0.0, 0.0, 0.0, 0.0, 0.0, 0.0, 0.0, 0.0, 0.0, 0.0, 0.0, 0.0, 0.0, 0.0, 0.0, 0.1, 0.1]","[0.0, 0.10488778245513529, 0.10440187568310222, 0.0876210644118217, 0.07260997818487154, 0.08727299686531728, 0.1007024801384192, 0.09752823693765758, 0.09956242822507923, 0.0037826464506100685, 0.002937405887371005, 0.0, 0.0, 0.0, 0.0, 0.0, 0.0, 0.0, 0.0, 0.010497066528487236, 0.005643120134015654, 0.002725965661387329, 0.010418578906586462, 0.0, 0.0, 0.0, 0.003600652313581754, 0.0017940751002286698, 0.09613792885791261, 0.1078757172584152]","[0.1008402556180954, 0.1008402556180954, 0.0, 0.0, 0.0, 0.1008402556180954, 0.0, 0.1008402556180954, 0.0, 0.0, 0.0, 0.0, 0.09243767708539963, 0.0, 0.0, 0.1008402556180954, 0.0, 0.1008402556180954, 0.0, 0.0, 0.0, 0.1008402556180954, 0.0, 0.0, 0.0, 0.1008402556180954, 0.0, 0.1008402556180954, 0.0, 0.0]",0.002712969262523473
2,1.0057181693171493,"[0.9769158345908197, 1.014455785072423, 0.9912336369884451, 1.0182984779325432, 0.9974424573508172, 1.0029106000341592, 0.9976852669620091, 0.9995292078004434, 1.0050488833154512, 1.0111498290211414, 1.00611799342981, 0.9823120414464921, 1.00175598330961, 1.005442764565646, 0.9842743284980302, 1.008930196912387, 0.9963085152111593, 0.9960748375561407, 1.0006114969864832, 1.006782657435451, 0.9736830572154107, 1.014126213008094, 1.0072985208899627, 0.9821837862503304, 0.9973467497352368, 1.0022132221393325, 1.0016876930593968, 1.0101748203842467, 1.0137038529217572, 1.000223317167142]","[0.998028973146948, 1.010863150277364, 1.0028521052151305, 1.0160837942439909, 1.009988695717866, 0.9971306599375792, 0.9978687223478057, 0.9897370402999761, 0.9801736298775952, 1.01614116229879, 0.9707676510986211, 0.9971453460710897, 1.002494027983917, 0.9926398641409858, 1.0036321442022027, 0.9959946431494691, 0.9963806548424422, 0.9856920000019994, 1.0175565707931369, 1.013884098203855, 0.9992349257083114, 1.0044502757562355, 0.9858339341484866, 1.0026189596975517, 1.0202230048742151, 1.0066916617837194, 1.009309229790177, 1.001171458564698, 1.0037710120396857, 0.9961171395431201]","[-0.0019710268530519492, 0.010863150277363953, 0.0028521052151304627, 0.016083794243990868, 0.009988695717866092, -0.0028693400624207888, -0.002131277652194341, -0.010262959700023888, -0.019826370122404846, 0.016141162298789924, -0.029232348901378935, -0.002854653928910267, 0.0024940279839169577, -0.007360135859014183, 0.003632144202202703, -0.004005356850530939, -0.003619345157557796, -0.014307999998000587, 0.017556570793136883, 0.013884098203855055, -0.0007650742916885944, 0.004450275756235467, -0.014166065851513365, 0.0026189596975516594, 0.020223004874215134, 0.006691661783719383, 0.009309229790176898, 0.0011714585646980247, 0.0037710120396856617, -0.0038828604568799108]","[0.0, 0.0, 0.0952782928943634, 0.0, 0.11319610476493835, 0.08981042355298996, 0.0, 0.0727645605802536, 0.07909790426492691, 0.11323197931051254, 0.0, 0.0, 0.11323197931051254, 0.0, 0.11323197931051254, 0.0, 0.0, 0.0, 0.0, 0.09692484140396118, 0.0, 0.0, 0.0, 0.11323197931051254, 0.0, 0.0, 0.0, 0.0, 0.0, 0.0]","[0.0, 0.1, 0.1, 0.1, 0.1, 0.1, 0.1, 0.1, 0.1, 0.0, 0.0, 0.0, 0.0, 0.0, 0.0, 0.0, 0.0, 0.0, 0.0, 0.0, 0.0, 0.0, 0.0, 0.0, 0.0, 0.0, 0.0, 0.0, 0.1, 0.1]","[0.0, 0.08170019364957583, 0.08252669981236209, 0.09889532269965338, 0.08645356087875428, 0.09792099338326754, 0.09475751178503758, 0.09642013448389056, 0.09592712124299912, 0.0026813807857129436, 0.0, 0.009747781524100727, 0.0051412067950669885, 0.010625888965064358, 0.0, 0.0, 0.0, 0.008344222610830966, 0.0, 0.007823478195160452, 0.0, 0.0032123960361675886, 0.0, 0.007554056026849289, 0.018751729782675534, 0.0, 0.0002814584709075509, 0.006439573558335255, 0.089225827065517, 0.09556946224807107]","[0.0, 0.0, 0.09527827799320221, 0.0, 0.11319608986377716, 0.08981041610240936, 0.0, 0.072764553129673, 0.07909789681434631, 0.11323196440935135, 0.0, 0.0, 0.11323196440935135, 0.0, 0.11323196440935135, 0.0, 0.0, 0.0, 0.0, 0.09692482650279999, 0.0, 0.0, 0.0, 0.11323196440935135, 0.0, 0.0, 0.0, 0.0, 0.0, 0.0]",0.002988809378615419
3,1.0049745409741424,"[0.998028973146948, 1.010863150277364, 1.0028521052151305, 1.0160837942439909, 1.009988695717866, 0.9971306599375792, 0.9978687223478057, 0.9897370402999761, 0.9801736298775952, 1.01614116229879, 0.9707676510986211, 0.9971453460710897, 1.002494027983917, 0.9926398641409858, 1.0036321442022027, 0.9959946431494691, 0.9963806548424422, 0.9856920000019994, 1.0175565707931369, 1.013884098203855, 0.9992349257083114, 1.0044502757562355, 0.9858339341484866, 1.0026189596975517, 1.0202230048742151, 1.0066916617837194, 1.009309229790177, 1.001171458564698, 1.0037710120396857, 0.9961171395431201]","[1.0087383539988397, 1.0191439429088782, 0.9866673883327997, 1.0003093570915658, 0.9980600436619571, 0.9844423995959578, 0.9994871538951018, 1.0066532028367388, 0.9964784437109495, 0.9936438480077596, 0.9992320543586651, 0.9888561719019899, 1.016333054059986, 0.974186805298608, 0.9868023435733086, 1.0085009732924255, 1.012177549572098, 1.0214055562035875, 1.0133658840901583, 0.9960474917081455, 1.0022348711474849, 0.9910848414623579, 1.009238626444797, 1.0343281738940409, 1.0014650357178978, 1.020071802914166, 1.012586237859006, 0.9952097032938196, 1.0175655567708044, 0.9850688250688829]","[0.00873835399883971, 0.01914394290887822, -0.013332611667200345, 0.0003093570915657651, -0.001939956338042892, -0.015557600404042193, -0.0005128461048982125, 0.0066532028367387586, -0.003521556289050487, -0.0063561519922403775, -0.0007679456413348662, -0.011143828098010067, 0.016333054059985974, -0.025813194701391984, -0.013197656426691351, 0.008500973292425495, 0.012177549572097934, 0.021405556203587528, 0.013365884090158264, -0.003952508291854451, 0.002234871147484885, -0.008915158537642132, 0.009238626444797005, 0.03432817389404086, 0.0014650357178978002, 0.020071802914165993, 0.012586237859006033, -0.004790296706180364, 0.017565556770804402, -0.014931174931117064]","[0.0, 0.0, 0.08674239367246628, 0.0, 0.0, 0.0, 0.10344308614730835, 0.0, 0.0, 0.0, 0.10344308614730835, 0.0, 0.10344308614730835, 0.0, 0.10344308614730835, 0.10344308614730835, 0.09541696310043335, 0.0, 0.0, 0.10344308614730835, 0.0, 0.0, 0.0, 0.0, 0.09373900294303894, 0.0, 0.0, 0.0, 0.0, 0.10344308614730835]","[0.0, 0.0, 2.391502523510176e-25, 1.0, 0.0, 0.0, 0.0, 0.0, 0.0, -2.7624877736377193e-23, 0.0, 0.0, -1.109611928811361e-22, -1.604593987399828e-25, -2.216788130817308e-22, 0.0, 0.0, 0.0, 5.583745214479349e-23, -1.6636822557402046e-22, 0.0, 0.0, 0.0, -2.216611830635531e-22, 0.0, 1.223121314714676e-25, 0.0, 0.0, 0.0, 0.0]","[0.002088519585029578, 0.0, 0.005319965617710822, 0.8652859965356056, 0.009518739414584311, 0.0, 0.011817745468242189, 0.01758977082840193, 0.01044995151984453, 0.003704435730254326, 0.003620819270869015, 0.003262010410359297, 0.0007921497625310019, 0.009132414339017755, 0.0, 0.0064577867464367545, 0.0, 0.0034360497640691288, 0.0, 0.0, 0.008146727408961057, 0.0, 0.0, 0.0, 0.0, 0.006717444472076861, 0.008599172530920818, 0.0038797568849956356, 0.0, 0.020180543710089444]","[0.0, 0.0, 0.08674240112304688, 0.0, 0.0, 0.0, 0.10344309359788895, 0.0, 0.0, 0.0, 0.10344309359788895, 0.0, 0.10344309359788895, 0.0, 0.10344309359788895, 0.10344309359788895, 0.09541697055101395, 0.0, 0.0, 0.10344309359788895, 0.0, 0.0, 0.0, 0.0, 0.09373901039361954, 0.0, 0.0, 0.0, 0.0, 0.10344309359788895]",-0.0007682425614446259
4,1.0069898652644034,"[1.0087383539988397, 1.0191439429088782, 0.9866673883327997, 1.0003093570915658, 0.9980600436619571, 0.9844423995959578, 0.9994871538951018, 1.0066532028367388, 0.9964784437109495, 0.9936438480077596, 0.9992320543586651, 0.9888561719019899, 1.016333054059986, 0.974186805298608, 0.9868023435733086, 1.0085009732924255, 1.012177549572098, 1.0214055562035875, 1.0133658840901583, 0.9960474917081455, 1.0022348711474849, 0.9910848414623579, 1.009238626444797, 1.0343281738940409, 1.0014650357178978, 1.020071802914166, 1.012586237859006, 0.9952097032938196, 1.0175655567708044, 0.9850688250688829]","[0.9934388301786045, 1.00939811460075, 0.987448383932571, 0.9802760312178457, 0.9844693535692104, 0.9816781270570226, 1.0168377506612356, 0.9983462014918769, 0.9943514712437096, 1.0055537655741753, 0.993456452977453, 0.9959951161531316, 1.0186168395517006, 0.9892371587675834, 1.0012996517974198, 0.990820481388718, 1.0025824613967715, 0.9830913766246966, 0.9769522427419918, 1.0131562109898844, 1.0064281023754167, 0.9842674549902812, 1.0099685100002138, 1.008751894823881, 1.0149336924310854, 1.0076841510906096, 1.0094902167556927, 1.0207474895342725, 1.02753042115834, 1.0047844957498404]","[-0.0065611698213955405, 0.009398114600750018, -0.01255161606742905, -0.019723968782154322, -0.015530646430789607, -0.01832187294297738, 0.016837750661235606, -0.0016537985081230833, -0.005648528756290405, 0.005553765574175307, -0.006543547022547003, -0.004004883846868368, 0.01861683955170057, -0.010762841232416553, 0.0012996517974197541, -0.009179518611281967, 0.0025824613967715404, -0.01690862337530341, -0.023047757258008228, 0.013156210989884398, 0.006428102375416689, -0.015732545009718768, 0.009968510000213815, 0.008751894823880946, 0.014933692431085444, 0.007684151090609603, 0.009490216755692726, 0.020747489534272523, 0.027530421158340035, 0.004784495749840412]","[0.0, 0.12261424213647842, 0.0, 0.0, 0.12261424213647842, 0.0, 0.11675563454627991, 0.0, 0.0, 0.12261424213647842, 0.0, 0.10989666730165482, 0.11594116687774658, 0.0, 0.0, 0.0, 0.07665203511714935, 0.0, 0.06729629635810852, 0.0, 0.0, 0.06489250063896179, 0.0, 0.0, 0.0, 0.0, 0.08072298020124435, 0.0, 0.0, 0.0]","[0.0, 1.0, 0.0, 1.6701458883934174e-22, 4.610893963169077e-25, 0.0, 0.0, 2.21869730239784e-22, 0.0, 1.1165896447369144e-22, 2.215544895090254e-22, 0.0, 0.0, 4.9400342196994495e-25, 5.801655895402796e-25, 0.0, 0.0, 0.0, 0.0, 0.0, 0.0, 0.0, 0.0, 0.0, 1.116523562660071e-22, 0.0, 5.566198382916696e-23, 0.0, 0.0, 0.0]","[0.0, 0.9303612351798501, 0.0, 0.0, 0.001713489501760275, 0.0, 0.022208880740471015, 0.0, 0.009629648419426807, 0.0009020380466830181, 0.0, 0.0, 0.0, 0.0, 0.001447939023871911, 0.0037034957637840575, 0.002679145625854892, 0.0, 0.0, 0.0012454788672533585, 0.0058944933960349095, 0.0040303131092468995, 0.0, 0.004986352242455451, 0.0, 0.0, 0.007478782167470444, 0.0, 0.0, 0.0037187079158369283]","[0.0, 0.12261424213647842, 0.0, 0.0, 0.12261424213647842, 0.0, 0.11675563454627991, 0.0, 0.0, 0.12261424213647842, 0.0, 0.10989666730165482, 0.11594116687774658, 0.0, 0.0, 0.0, 0.07665203511714935, 0.0, 0.06729629635810852, 0.0, 0.0, 0.06489250063896179, 0.0, 0.0, 0.0, 0.0, 0.08072298020124435, 0.0, 0.0, 0.0]",0.0018165762861119669
5,1.0037689610936749,"[0.9934388301786045, 1.00939811460075, 0.987448383932571, 0.9802760312178457, 0.9844693535692104, 0.9816781270570226, 1.0168377506612356, 0.9983462014918769, 0.9943514712437096, 1.0055537655741753, 0.993456452977453, 0.9959951161531316, 1.0186168395517006, 0.9892371587675834, 1.0012996517974198, 0.990820481388718, 1.0025824613967715, 0.9830913766246966, 0.9769522427419918, 1.0131562109898844, 1.0064281023754167, 0.9842674549902812, 1.0099685100002138, 1.008751894823881, 1.0149336924310854, 1.0076841510906096, 1.0094902167556927, 1.0207474895342725, 1.02753042115834, 1.0047844957498404]","[0.9995085165257819, 1.0034158842605183, 0.9942847759053163, 1.011887240845088, 0.9995131919526969, 0.977591278837229, 0.9800589416251827, 0.9946565659002394, 1.0095745527463262, 1.0109979624874503, 1.0209853236647333, 1.008477573411494, 0.999720667181131, 0.9877385685218902, 1.0026372888510282, 1.013463722631356, 0.9967080380431469, 0.9830497584858608, 1.0198868400665737, 0.990524611703836, 1.0008294128331425, 1.0032072040994917, 0.9774873750662569, 1.0033420422748658, 1.018883860178859, 1.0112539070346063, 0.9967108584921328, 1.0016660583863166, 1.0020001642718102, 0.9844773494819957]","[-0.000491483474218124, 0.0034158842605183093, -0.005715224094683724, 0.011887240845088076, -0.0004868080473030556, -0.02240872116277104, -0.0199410583748173, -0.005343434099760569, 0.009574552746326237, 0.01099796248745033, 0.02098532366473327, 0.00847757341149391, -0.00027933281886904915, -0.012261431478109763, 0.0026372888510282078, 0.01346372263135609, -0.0032919619568531067, -0.016950241514139153, 0.019886840066573708, -0.009475388296164011, 0.0008294128331425288, 0.0032072040994917117, -0.022512624933743064, 0.0033420422748657863, 0.018883860178859013, 0.01125390703460627, -0.003289141507867188, 0.0016660583863166156, 0.0020001642718101564, -0.015522650518004277]","[0.0, 0.0, 0.0, 0.0, 0.0848708525300026, 0.0, 0.0, 0.0, 0.030843401327729225, 0.0, 0.0, 0.0, 0.0, 0.16228285431861877, 0.14123377203941345, 0.15212386846542358, 0.0, 0.0, 0.0, 0.16228285431861877, 0.0, 0.0, 0.0, 0.0, 0.0, 0.0, 0.0, 0.10407957434654236, 0.0, 0.16228285431861877]","[0.0, 3.6269668094196976e-22, 5.580252570847039e-22, 3.376202096392983e-22, 3.3670312673403782e-22, 3.3611751184743867e-22, 0.0, 0.0, 0.0, 0.0, 0.0, 0.0, 5.000954262751309e-22, 0.0, 0.0, 0.0, 0.0, 0.0, 3.3774650586963076e-22, 0.0, 0.0, 3.3650786922630625e-22, 4.441292523067959e-22, 0.0, 0.0, 0.0, 0.0, 0.0, 1.0, 0.0]","[0.028127840545072443, 0.0, 0.008422880387518287, 0.0, 0.0008560733364588955, 0.0, 0.0, 0.0, 0.0, 0.0, 0.00230321833681581, 0.013010916373597218, 0.008986431904247529, 0.0021589379122320166, 0.0, 0.0004994679152127051, 0.0, 0.0, 0.0, 0.0064600202494756965, 0.0, 0.0, 0.0, 0.0, 0.0, 0.0, 0.0, 0.002533738780105354, 0.9223574600942929, 0.004283014164971081]","[0.0, 0.0, 0.0, 0.0, 0.0848708525300026, 0.0, 0.0, 0.0, 0.030843401327729225, 0.0, 0.0, 0.0, 0.0, 0.16228285431861877, 0.14123377203941345, 0.15212386846542358, 0.0, 0.0, 0.0, 0.16228285431861877, 0.0, 0.0, 0.0, 0.0, 0.0, 0.0, 0.0, 0.10407957434654236, 0.0, 0.16228285431861877]",-0.0036318448755149457
6,1.0136127579781304,"[0.9995085165257819, 1.0034158842605183, 0.9942847759053163, 1.011887240845088, 0.9995131919526969, 0.977591278837229, 0.9800589416251827, 0.9946565659002394, 1.0095745527463262, 1.0109979624874503, 1.0209853236647333, 1.008477573411494, 0.999720667181131, 0.9877385685218902, 1.0026372888510282, 1.013463722631356, 0.9967080380431469, 0.9830497584858608, 1.0198868400665737, 0.990524611703836, 1.0008294128331425, 1.0032072040994917, 0.9774873750662569, 1.0033420422748658, 1.018883860178859, 1.0112539070346063, 0.9967108584921328, 1.0016660583863166, 1.0020001642718102, 0.9844773494819957]","[1.0237923895669483, 1.0000420862438681, 1.0058903978066451, 0.9974352330008336, 1.0123371641918644, 0.9905466570131004, 1.0048719997132152, 0.9976150353792496, 0.988892791473787, 1.0109462176296402, 0.9994890254207891, 1.0075605006790815, 1.0128417133122551, 0.9910463410568344, 1.0043504791278108, 1.0209676675803738, 0.9993952891655725, 1.0318961850493755, 1.0038784224841226, 0.9900025216856163, 1.0318174493790035, 1.0114570757780819, 0.9845144555656992, 1.0208092012566843, 1.0145890891088993, 1.0106482085450366, 1.0298330357497676, 0.9979187135947506, 0.9887766067374386, 0.9923533107578443]","[0.02379238956694829, 4.2086243868144635e-05, 0.005890397806645131, -0.0025647669991664124, 0.01233716419186437, -0.009453342986899593, 0.004871999713215169, -0.0023849646207504405, -0.011107208526213053, 0.01094621762964021, -0.0005109745792108988, 0.007560500679081539, 0.012841713312255143, -0.008953658943165577, 0.004350479127810836, 0.020967667580373828, -0.0006047108344274799, 0.031896185049375525, 0.0038784224841226234, -0.00999747831438369, 0.03181744937900355, 0.01145707577808186, -0.015485544434300835, 0.020809201256684284, 0.014589089108899334, 0.010648208545036564, 0.02983303574976759, -0.002081286405249405, -0.011223393262561387, -0.007646689242155724]","[0.11507557332515717, 0.0, 0.0, 0.0, 0.07748141139745712, 0.07607413083314896, 0.0, 0.11507557332515717, 0.11507557332515717, 0.0, 0.0, 0.0, 0.0, 0.11507557332515717, 0.0, 0.04091545566916466, 0.0, 0.11507557332515717, 0.0, 0.0, 0.11507557332515717, 0.0, 0.0, 0.0, 0.0, 0.11507557332515717, 0.0, 0.0, 0.0, 0.0]","[0.0, 0.0, 5.600913019762564e-22, 0.0, 5.609661424154222e-22, 0.0, 5.54827133900991e-22, 5.5731413836006265e-22, 0.0, 0.0, 0.0, 5.598827288847122e-22, 0.0, 0.0, 5.593051171892117e-22, 0.0, 0.0, 5.574147068595585e-22, 0.0, 0.0, 7.799469642047303e-22, 5.609707275585003e-22, 0.0, 0.0, 0.0, 0.0, 0.0, 0.0, 1.0, 0.0]","[0.010036898485653575, 0.0, 0.0, 0.0014338421752201895, 0.0, 0.0, 0.0, 0.0, 0.0019362381500146178, 0.0, 0.0, 0.0014319913255972504, 0.0, 0.0034062361212427042, 0.0, 0.0011450038348483095, 0.0, 0.004209945362554801, 0.00977928674647999, 0.005384613496759427, 0.018681699266539786, 0.0, 0.0, 0.00148085005294939, 0.0048509132037583705, 0.0, 0.0, 0.0, 0.9230605542425897, 0.013161927535791916]","[0.11507557332515717, 0.0, 0.0, 0.0, 0.07748141139745712, 0.07607413083314896, 0.0, 0.11507557332515717, 0.11507557332515717, 0.0, 0.0, 0.0, 0.0, 0.11507557332515717, 0.0, 0.04091545566916466, 0.0, 0.11507557332515717, 0.0, 0.0, 0.11507557332515717, 0.0, 0.0, 0.0, 0.0, 0.11507557332515717, 0.0, 0.0, 0.0, 0.0]",0.009456784149990839
7,1.011472028584793,"[1.0237923895669483, 1.0000420862438681, 1.0058903978066451, 0.9974352330008336, 1.0123371641918644, 0.9905466570131004, 1.0048719997132152, 0.9976150353792496, 0.988892791473787, 1.0109462176296402, 0.9994890254207891, 1.0075605006790815, 1.0128417133122551, 0.9910463410568344, 1.0043504791278108, 1.0209676675803738, 0.9993952891655725, 1.0318961850493755, 1.0038784224841226, 0.9900025216856163, 1.0318174493790035, 1.0114570757780819, 0.9845144555656992, 1.0208092012566843, 1.0145890891088993, 1.0106482085450366, 1.0298330357497676, 0.9979187135947506, 0.9887766067374386, 0.9923533107578443]","[1.006397231827692, 0.9939959565908195, 0.9931697186158345, 0.9865031055754592, 0.9878573833992789, 0.9935639763881149, 1.0092986206098782, 1.023410375191696, 1.002749050527807, 0.9957540203410536, 0.9798514159305445, 0.9991791040756578, 1.0164308237498743, 0.9839352914057536, 0.9785726198264743, 1.000363863055456, 1.006365456702249, 1.004194972898811, 1.0101529887640488, 1.0003360798455232, 0.9831907885844284, 1.0245422417806809, 1.0152103625333273, 0.98857711825289, 0.9661546509927689, 0.9750244172116826, 0.9891916898869348, 0.9908464313983314, 0.9769784189298301, 1.0231935295004273]","[0.006397231827691918, -0.006004043409180482, -0.006830281384165526, -0.013496894424540828, -0.012142616600721134, -0.006436023611885111, 0.009298620609878183, 0.023410375191696087, 0.00274905052780694, -0.004245979658946353, -0.020148584069455522, -0.000820895924342202, 0.016430823749874257, -0.016064708594246357, -0.021427380173525745, 0.000363863055456104, 0.006365456702249084, 0.0041949728988111, 0.010152988764048798, 0.00033607984552319614, -0.016809211415571568, 0.024542241780680873, 0.015210362533327304, -0.011422881747110036, -0.03384534900723113, -0.024975582788317352, -0.010808310113065156, -0.009153568601668605, -0.02302158107016994, 0.0231935295004273]","[0.0, 0.0, 0.10285232961177826, 0.0, 0.0, 0.11108500510454178, 0.11108500510454178, 0.11108500510454178, 0.0, 0.0, 0.0, 0.0, 0.0, 0.0, 0.0, 0.055694255977869034, 0.0, 0.0, 0.11108500510454178, 0.11108500510454178, 0.0, 0.0, 0.0, 0.11108500510454178, 0.0, 0.11108500510454178, 0.0, 0.0, 0.06385843455791473, 0.0]","[0.0, 0.0, 0.0, -2.2014180380020586e-22, 0.0, -1.0869215727839806e-22, -1.0906746536980597e-22, 0.0, 0.0, 0.0, 0.0, -1.1071019963874122e-22, 0.0, 0.0, -1.1082846346546958e-22, 0.0, 0.0, 0.0, 0.0, 0.0, 0.0, -2.2006500741146615e-22, 0.0, -2.7576676802336084e-22, 1.0, -2.480078994519149e-22, 0.0, -2.2055316664061994e-22, 0.0, 0.0]","[0.0, 0.009357562097290032, 0.0, 0.014383942079722009, 0.0, 0.0, 0.0, 0.01747327372025303, 0.0, 0.013508854349608296, 0.0, 0.0, 0.0, 0.0, 0.011825696147027684, 0.0065829861605715655, 0.0, 0.0, 0.0, 0.004497965170847849, 0.007345298986941645, 0.003376155749723483, 0.0, 0.012027559142900676, 0.8866184515189234, 0.0024217875494831117, 0.0, 0.0, 0.008973566157226984, 0.001606901169480377]","[0.0, 0.0, 0.10285232961177826, 0.0, 0.0, 0.11108500510454178, 0.11108500510454178, 0.11108500510454178, 0.0, 0.0, 0.0, 0.0, 0.0, 0.0, 0.0, 0.055694255977869034, 0.0, 0.0, 0.11108500510454178, 0.11108500510454178, 0.0, 0.0, 0.0, 0.11108500510454178, 0.0, 0.11108500510454178, 0.0, 0.0, 0.06385843455791473, 0.0]",-0.002392659229733988
8,1.0075631636103222,"[1.006397231827692, 0.9939959565908195, 0.9931697186158345, 0.9865031055754592, 0.9878573833992789, 0.9935639763881149, 1.0092986206098782, 1.023410375191696, 1.002749050527807, 0.9957540203410536, 0.9798514159305445, 0.9991791040756578, 1.0164308237498743, 0.9839352914057536, 0.9785726198264743, 1.000363863055456, 1.006365456702249, 1.004194972898811, 1.0101529887640488, 1.0003360798455232, 0.9831907885844284, 1.0245422417806809, 1.0152103625333273, 0.98857711825289, 0.9661546509927689, 0.9750244172116826, 0.9891916898869348, 0.9908464313983314, 0.9769784189298301, 1.0231935295004273]","[1.0081112864936908, 0.9688077589734221, 1.0017879256509112, 0.9854631183111242, 0.9900112822970927, 0.9869680494115624, 0.990084943216317, 1.0154311590886258, 1.0021099809033895, 0.9954553725349454, 0.984979296366232, 0.997348322683363, 1.0085203612558005, 0.9893609955152773, 0.9984485775941161, 1.0034878464298116, 0.9859950872909554, 0.9998774265471555, 0.996231139038501, 0.9898368549304, 0.989684924186715, 1.011765935980158, 0.9811353831358057, 1.0098977784337546, 0.9889953631290885, 1.0164476903927118, 0.9848454397560655, 0.9993976008083071, 1.0079725835510862, 0.9964587220545447]","[0.00811128649369075, -0.031192241026577916, 0.0017879256509112373, -0.014536881688875791, -0.009988717702907324, -0.013031950588437646, -0.009915056783682985, 0.015431159088625801, 0.002109980903389541, -0.004544627465054574, -0.015020703633767951, -0.002651677316636958, 0.008520361255800468, -0.010639004484722658, -0.0015514224058839066, 0.003487846429811592, -0.014004912709044581, -0.00012257345284449883, -0.0037688609614989765, -0.010163145069600032, -0.010315075813284946, 0.011765935980158071, -0.018864616864194272, 0.009897778433754612, -0.011004636870911466, 0.016447690392711767, -0.015154560243934467, -0.000602399191692915, 0.00797258355108621, -0.0035412779454553345]","[0.10506995767354965, 0.10506995767354965, 0.0, 0.0, 0.0, 0.0, 0.0, 0.0, 0.0, 0.0, 0.10506995767354965, 0.0, 0.09870912879705429, 0.0, 0.10506995767354965, 0.0, 0.0, 0.0, 0.0, 0.08051081001758575, 0.10506995767354965, 0.0, 0.0, 0.0, 0.0, 0.10506995767354965, 0.0, 0.10506995767354965, 0.0, 0.08529026061296463]","[0.0, 0.0, 0.0, 3.3600807251770063e-22, 3.350857466548933e-22, 0.0, 0.0, 0.0, 0.0, 5.016003075846727e-22, 3.349807347576818e-22, 0.0, 1.0, 3.348705604899953e-22, 0.0, 0.0, 0.0, 0.0, 4.461596106594145e-22, 0.0, 0.0, 0.0, 0.0, 3.8910245234824684e-22, 0.0, 0.0, 0.0, 4.4522146820941315e-22, 3.89706511194159e-22, 0.0]","[0.0003524576933552135, 0.0, 0.010353507523226694, 0.0, 0.0, 0.0068292610826401435, 0.003299127775245149, 0.002381976829136253, 0.013262520406641274, 0.0, 0.017684409399893165, 0.002308378083614991, 0.844562172547344, 0.0, 0.0, 0.006965935426638643, 0.0, 0.0, 0.0007505688663187127, 0.02053650208808946, 0.009447951425684718, 0.01204361365422867, 0.004470422514365537, 0.013141550134302498, 0.016646459693716958, 0.0, 0.0, 0.003722320273690713, 0.011240864581867219, 0.0]","[0.10506998002529144, 0.10506998002529144, 0.0, 0.0, 0.0, 0.0, 0.0, 0.0, 0.0, 0.0, 0.10506998002529144, 0.0, 0.09870914369821548, 0.0, 0.10506998002529144, 0.0, 0.0, 0.0, 0.0, 0.08051082491874695, 0.10506998002529144, 0.0, 0.0, 0.0, 0.0, 0.10506998002529144, 0.0, 0.10506998002529144, 0.0, 0.08529027551412582]",-0.004314110781824107
9,1.0115710253263999,"[1.0081112864936908, 0.9688077589734221, 1.0017879256509112, 0.9854631183111242, 0.9900112822970927, 0.9869680494115624, 0.990084943216317, 1.0154311590886258, 1.0021099809033895, 0.9954553725349454, 0.984979296366232, 0.997348322683363, 1.0085203612558005, 0.9893609955152773, 0.9984485775941161, 1.0034878464298116, 0.9859950872909554, 0.9998774265471555, 0.996231139038501, 0.9898368549304, 0.989684924186715, 1.011765935980158, 0.9811353831358057, 1.0098977784337546, 0.9889953631290885, 1.0164476903927118, 0.9848454397560655, 0.9993976008083071, 1.0079725835510862, 0.9964587220545447]","[1.0031548716696437, 0.989086424777731, 1.0096948334477804, 0.9998451420208008, 1.0156291384627296, 0.9885305456516643, 0.990957930985882, 0.9956888383581047, 0.9966882597092231, 1.0023596199099842, 1.0087397359255015, 1.0190135915619145, 0.9848914791746526, 1.0085126239106483, 0.998494284643837, 1.002482583669653, 1.0008176872695023, 1.0011866381735364, 1.017810300451623, 0.9912553648964172, 1.0219230695618367, 1.0009360525314985, 1.0281703996954639, 1.002203711544317, 1.0110357360298836, 0.9927748686122162, 0.9976313811002808, 1.0083218772624032, 0.9986899376878688, 1.0061528444553431]","[0.0031548716696436774, -0.01091357522226899, 0.009694833447780438, -0.00015485797919922994, 0.01562913846272962, -0.011469454348335684, -0.00904206901411797, -0.004311161641895267, -0.0033117402907768545, 0.002359619909984234, 0.00873973592550148, 0.01901359156191451, -0.015108520825347416, 0.008512623910648331, -0.001505715356162951, 0.002482583669652927, 0.0008176872695022652, 0.0011866381735363696, 0.017810300451623018, -0.00874463510358281, 0.02192306956183665, 0.0009360525314985324, 0.028170399695463866, 0.0022037115443169775, 0.011035736029883614, -0.007225131387783801, -0.002368618899719177, 0.008321877262403188, -0.001310062312131155, 0.006152844455343143]","[0.0, 0.08424340188503265, 0.1167503073811531, 0.1167503073811531, 0.0, 0.0, 0.0, 0.0, 0.0, 0.0, 0.0, 0.1167503073811531, 0.0, 0.0, 0.0, 0.0, 0.0, 0.10410591959953308, 0.0, 0.0, 0.03727062791585922, 0.0, 0.0, 0.0, 0.1167503073811531, 0.1167503073811531, 0.1167503073811531, 0.0, 0.0, 0.07387817651033401]","[0.0, 2.2382078399884397e-22, 1.1278576387199296e-22, 0.0, 0.0, 1.1267490205347928e-22, 0.0, 0.0, 0.0, 2.799870333627706e-22, 1.1332909814059563e-22, 0.0, 1.0, 0.0, 1.129367045823092e-22, 2.240153557337669e-22, 0.0, 0.0, 0.0, 0.0, 0.0, 0.0, 0.0, 0.0, 1.139688214034403e-22, 0.0, 0.0, 0.0, 2.2335274233131e-22, 0.0]","[0.0006727307785747419, 0.0, 0.0010014414819297698, 0.006421976113539672, 0.0008530427737149824, 0.007156706189879333, 0.0037678627060618026, 0.002798869221865456, 0.00879356603189086, 0.0047962897011576125, 0.0, 0.003014806331363045, 0.8811394324190366, 0.008007299765931692, 0.0, 0.0, 0.001522928504780481, 0.0, 0.01333296194077211, 0.00038121866135161503, 0.0, 0.001012849682535898, 0.006105613180578906, 0.024032820249715516, 0.0, 0.01301405328099827, 0.003636745038485471, 0.0, 0.007846240078329217, 0.0006905458675071542]","[0.0, 0.08424340933561325, 0.1167503148317337, 0.1167503148317337, 0.0, 0.0, 0.0, 0.0, 0.0, 0.0, 0.0, 0.1167503148317337, 0.0, 0.0, 0.0, 0.0, 0.0, 0.10410592705011368, 0.0, 0.0, 0.03727063164114952, 0.0, 0.0, 0.0, 0.1167503148317337, 0.1167503148317337, 0.1167503148317337, 0.0, 0.0, 0.07387818396091461]",0.003345713162218952
10,1.021899949588493,"[1.0031548716696437, 0.989086424777731, 1.0096948334477804, 0.9998451420208008, 1.0156291384627296, 0.9885305456516643, 0.990957930985882, 0.9956888383581047, 0.9966882597092231, 1.0023596199099842, 1.0087397359255015, 1.0190135915619145, 0.9848914791746526, 1.0085126239106483, 0.998494284643837, 1.002482583669653, 1.0008176872695023, 1.0011866381735364, 1.017810300451623, 0.9912553648964172, 1.0219230695618367, 1.0009360525314985, 1.0281703996954639, 1.002203711544317, 1.0110357360298836, 0.9927748686122162, 0.9976313811002808, 1.0083218772624032, 0.9986899376878688, 1.0061528444553431]","[0.9938313384250307, 1.0084606155509006, 1.0213743033235665, 1.0188175765176681, 1.0080988813727634, 1.0087907045558775, 1.0126894125851247, 0.9911291571052815, 1.0017862039618088, 1.0326998633159468, 1.007666277377763, 0.9860065204483979, 0.9977596776959083, 0.9859354559333009, 1.0101129521033403, 0.9955297991146522, 1.0162213416234265, 0.9914515059999365, 1.0180680802457764, 0.9975478940382729, 1.0095193395025293, 0.9910832182845953, 1.0090418778270835, 0.9913595233325682, 0.992025507750364, 1.0127290101333988, 0.9831144297322948, 0.9947795351701378, 1.0046750941953848, 0.9985479660399152]","[-0.006168661574969314, 0.008460615550900608, 0.02137430332356649, 0.018817576517668133, 0.008098881372763378, 0.008790704555877493, 0.012689412585124682, -0.008870842894718511, 0.001786203961808841, 0.032699863315946764, 0.007666277377762931, -0.013993479551602128, -0.0022403223040916576, -0.014064544066699103, 0.01011295210334029, -0.004470200885347775, 0.016221341623426477, -0.008548494000063522, 0.01806808024577644, -0.002452105961727069, 0.009519339502529256, -0.008916781715404665, 0.009041877827083544, -0.00864047666743184, -0.007974492249635978, 0.012729010133398777, -0.016885570267705208, -0.005220464829862159, 0.00467509419538481, -0.0014520339600847532]","[0.0, 0.10022713989019394, 0.10022713989019394, 0.10022713989019394, 0.10022713989019394, 0.0, 0.0, 0.0, 0.10022713989019394, 0.0, 0.09795573353767395, 0.0, 0.0, 0.0, 0.0, 0.10022713989019394, 0.0, 0.0, 0.10022713989019394, 0.0, 0.10022713989019394, 0.0, 0.0, 0.0, 0.0, 0.10022713989019394, 0.0, 0.0, 0.0, 0.0]","[0.0, 0.0, 3.3468982047578416e-22, 0.0, 1.130253173462816e-22, 0.0, 0.0, 0.0, 0.0, 0.0, 1.1287496896881608e-22, 1.127354863583776e-22, 1.0, 1.128950824289755e-22, 0.0, 0.0, 0.0, 0.0, 0.0, 0.0, 1.1279126342503817e-22, 0.0, 0.0, 1.3957889255748505e-22, 1.1299900932813054e-22, 0.0, 1.676365157483727e-22, 0.0, 0.0, 0.0]","[0.018470478422995425, 0.0, 0.011688325534497595, 0.011311443531044877, 0.0, 0.012060405277068323, 0.021636728152389, 0.0004931377808216254, 0.0, 0.006694147150766546, 0.0030430869462228145, 0.0, 0.8488254976704181, 0.018681904590205193, 0.0, 0.004413994280575529, 0.0, 0.0, 0.0, 0.010042481325920947, 0.0046439426458644165, 0.004372502292547755, 0.0, 0.011798134028781927, 0.0, 0.0, 0.0029185476541366663, 0.0, 0.0, 0.008905242715743257]","[0.0, 0.10022713989019394, 0.10022713989019394, 0.10022713989019394, 0.10022713989019394, 0.0, 0.0, 0.0, 0.10022713989019394, 0.0, 0.09795573353767395, 0.0, 0.0, 0.0, 0.0, 0.10022713989019394, 0.0, 0.0, 0.10022713989019394, 0.0, 0.10022713989019394, 0.0, 0.0, 0.0, 0.0, 0.10022713989019394, 0.0, 0.0, 0.0, 0.0]",0.009551888879892122
11,1.0229256519241894,"[0.9938313384250307, 1.0084606155509006, 1.0213743033235665, 1.0188175765176681, 1.0080988813727634, 1.0087907045558775, 1.0126894125851247, 0.9911291571052815, 1.0017862039618088, 1.0326998633159468, 1.007666277377763, 0.9860065204483979, 0.9977596776959083, 0.9859354559333009, 1.0101129521033403, 0.9955297991146522, 1.0162213416234265, 0.9914515059999365, 1.0180680802457764, 0.9975478940382729, 1.0095193395025293, 0.9910832182845953, 1.0090418778270835, 0.9913595233325682, 0.992025507750364, 1.0127290101333988, 0.9831144297322948, 0.9947795351701378, 1.0046750941953848, 0.9985479660399152]","[1.0038379404441051, 1.0106097497320659, 1.0173430774250507, 0.9954822514586585, 0.99347441736721, 1.0074295098338113, 1.0157379707167526, 0.995000437603735, 0.9907367808673155, 0.9787538556698882, 0.9985317627636114, 1.0079738163144583, 1.006303674662986, 0.9843913475644884, 0.9796919112905964, 1.0091477289991608, 1.0090175377582868, 0.9875369891435529, 1.0172785724393176, 1.0191128067325714, 1.0215502849137865, 1.0059254381898273, 1.0230208991583718, 0.9944890196772901, 1.0048286243932583, 1.007180917891355, 1.0084677471356276, 0.9867953131695822, 0.9973471776789674, 1.0087329477489118]","[0.0038379404441051257, 0.010609749732065854, 0.0173430774250507, -0.00451774854134146, -0.006525582632790017, 0.007429509833811299, 0.015737970716752647, -0.004999562396264978, -0.009263219132684464, -0.02124614433011185, -0.0014682372363885587, 0.00797381631445826, 0.006303674662986092, -0.015608652435511572, -0.020308088709403593, 0.009147728999160831, 0.009017537758286842, -0.012463010856447077, 0.01727857243931763, 0.01911280673257143, 0.02155028491378652, 0.00592543818982727, 0.0230208991583718, -0.005510980322709913, 0.004828624393258263, 0.00718091789135511, 0.00846774713562759, -0.013204686830417756, -0.0026528223210325885, 0.008732947748911757]","[0.0, 0.0, 0.0, 0.0, 0.10093794763088226, 0.10093794763088226, 0.0, 0.0, 0.0, 0.10093794763088226, 0.0, 0.0, 0.0, 0.0, 0.0, 0.10093794763088226, 0.0, 0.0, 0.10093794763088226, 0.0, 0.0, 0.09155847877264023, 0.0, 0.10093794763088226, 0.0, 0.0, 0.10093794763088226, 0.10093794763088226, 0.0, 0.10093794763088226]","[3.2506436093312957e-20, 0.0, 0.0, 0.0, 7.199106705575369e-21, 0.0, 0.0, 2.4568730723039096e-20, 0.0, 0.9867965473667869, 0.0, 2.6900756991911716e-20, 0.0, 0.0, 0.0, 1.5160059670357927e-20, 0.0, 3.856555169597163e-20, 0.01320345263321315, 0.0, 0.0, 2.722270371380537e-20, 0.0, 2.1522590640803674e-20, 0.0, 0.0, 0.0, 0.0, 0.0, 0.0]","[0.006220774244494949, 0.0, 0.009041652369180383, 0.0002073266326945326, 0.006108173424129608, 0.0, 0.004961410909697429, 0.0, 0.010424322565384642, 0.8539053865937115, 0.008717830006453538, 0.0, 0.007469327025041088, 0.0, 0.0, 0.007606375420411142, 0.007853173215372855, 0.00582758376865834, 0.009727439674403555, 0.0, 0.019002632017604826, 0.006309794606209582, 0.0007735259354489792, 0.011082722553286673, 0.009114202998204502, 0.0014646133091603098, 0.0022117358229926634, 0.011907047071065296, 6.294983639383045e-05, 0.0]","[0.0, 0.0, 0.0, 0.0, 0.10093794763088226, 0.10093794763088226, 0.0, 0.0, 0.0, 0.10093794763088226, 0.0, 0.0, 0.0, 0.0, 0.0, 0.10093794763088226, 0.0, 0.0, 0.10093794763088226, 0.0, 0.0, 0.09155847877264023, 0.0, 0.10093794763088226, 0.0, 0.0, 0.10093794763088226, 0.10093794763088226, 0.0, 0.10093794763088226]",0.0006609413004169703
12,1.019762607184046,"[1.0038379404441051, 1.0106097497320659, 1.0173430774250507, 0.9954822514586585, 0.99347441736721, 1.0074295098338113, 1.0157379707167526, 0.995000437603735, 0.9907367808673155, 0.9787538556698882, 0.9985317627636114, 1.0079738163144583, 1.006303674662986, 0.9843913475644884, 0.9796919112905964, 1.0091477289991608, 1.0090175377582868, 0.9875369891435529, 1.0172785724393176, 1.0191128067325714, 1.0215502849137865, 1.0059254381898273, 1.0230208991583718, 0.9944890196772901, 1.0048286243932583, 1.007180917891355, 1.0084677471356276, 0.9867953131695822, 0.9973471776789674, 1.0087329477489118]","[1.0143314108839696, 0.9882527655088168, 1.0142462485005908, 0.9995085454404254, 1.0050350753106134, 1.0003782557904148, 1.003541270035638, 1.000861442214736, 0.9960628782965014, 0.9917864697353305, 1.0073756334235593, 0.9986879769894961, 0.9922988941446009, 0.9864891805955126, 1.0067482017961502, 0.9993699855130427, 1.0231203948884355, 0.9899860752136237, 1.004676444948303, 0.9823741071625476, 1.0114313292475614, 0.9929871101216113, 0.9905735118815924, 1.0031132356910368, 0.9994818304514512, 1.0023024121983442, 0.9965560624823614, 0.997525216365382, 1.0318040397998756, 0.9882842237091962]","[0.014331410883969609, -0.0117472344911832, 0.014246248500590752, -0.0004914545595745556, 0.005035075310613424, 0.0003782557904148387, 0.003541270035638089, 0.0008614422147359413, -0.003937121703498581, -0.008213530264669533, 0.007375633423559291, -0.0013120230105039266, -0.007701105855399071, -0.013510819404487395, 0.0067482017961502105, -0.0006300144869573199, 0.023120394888435536, -0.010013924786376305, 0.0046764449483029935, -0.017625892837452417, 0.011431329247561406, -0.007012889878388662, -0.009426488118407628, 0.003113235691036831, -0.0005181695485487747, 0.0023024121983441503, -0.0034439375176386067, -0.0024747836346179497, 0.03180403979987556, -0.011715776290803781]","[0.0, 0.0, 0.0, 0.10289464145898819, 0.0, 0.0, 0.09537172317504883, 0.0, 0.0, 0.10289464145898819, 0.0, 0.09042688459157944, 0.0, 0.101422019302845, 0.10289464145898819, 0.0, 0.0, 0.0, 0.0, 0.0, 0.0, 0.10289464145898819, 0.0, 0.0, 0.09541153907775879, 0.10289464145898819, 0.0, 0.0, 0.0, 0.10289464145898819]","[0.0, -2.1857608346073093e-22, 0.0, 0.0, 0.0, 0.0, -2.17061572251867e-22, -2.1768343831075623e-22, 0.0, 0.0, 0.0, 0.0, 0.0, -1.0696564391056848e-22, 1.1508790424140414e-22, 0.0, 0.0, 0.0, 1.0, -2.177142956866662e-22, 0.0, 0.0, 0.0, 0.0, -2.179689646264489e-22, 0.0, -2.172400476066566e-22, 0.0, -4.964988610160967e-23, 0.0]","[0.0, 0.003058552239336693, 0.0021524708529591214, 0.0, 8.994474794400219e-05, 0.0, 0.004153619934061554, 0.0038035047190580866, 0.0, 0.006697330432337064, 0.000849946257263484, 0.00141801530704804, 0.0096793243853516, 0.016095350105414952, 0.0, 0.006040859540030405, 0.003590749599070718, 0.0, 0.8971068167685675, 0.00013052713104959616, 0.0021961251045069055, 0.0033024656658345356, 0.0, 0.0, 0.0, 0.0, 0.013673982118615412, 0.009642476027074735, 0.0001102912927134735, 0.016207647771762063]","[0.0, 0.0, 0.0, 0.10289464145898819, 0.0, 0.0, 0.09537172317504883, 0.0, 0.0, 0.10289464145898819, 0.0, 0.09042688459157944, 0.0, 0.101422019302845, 0.10289464145898819, 0.0, 0.0, 0.0, 0.0, 0.0, 0.0, 0.10289464145898819, 0.0, 0.0, 0.09541153907775879, 0.10289464145898819, 0.0, 0.0, 0.0, 0.10289464145898819]",-0.0034734802259545183
13,1.0274107806578654,"[1.0143314108839696, 0.9882527655088168, 1.0142462485005908, 0.9995085454404254, 1.0050350753106134, 1.0003782557904148, 1.003541270035638, 1.000861442214736, 0.9960628782965014, 0.9917864697353305, 1.0073756334235593, 0.9986879769894961, 0.9922988941446009, 0.9864891805955126, 1.0067482017961502, 0.9993699855130427, 1.0231203948884355, 0.9899860752136237, 1.004676444948303, 0.9823741071625476, 1.0114313292475614, 0.9929871101216113, 0.9905735118815924, 1.0031132356910368, 0.9994818304514512, 1.0023024121983442, 0.9965560624823614, 0.997525216365382, 1.0318040397998756, 0.9882842237091962]","[1.0010360766985476, 1.0246930498040627, 0.9990129175558674, 0.997203913528605, 1.0094668118667747, 1.0106593323567479, 0.9924580125540623, 0.9928404681104277, 0.9932865702444623, 1.034645590949306, 0.9922182406692982, 1.0103849525583621, 0.9950165124793758, 1.0040125139996452, 0.9820436288055618, 1.005279734336508, 1.016429552420433, 1.0238507633494507, 0.9984529857399705, 0.9962326719257599, 1.0224559769157884, 1.0134000422262495, 0.9910207178571266, 0.9802527489986584, 0.9905330335522267, 0.9831112221990432, 0.967222674813252, 1.006687563239226, 0.9897368394759177, 0.9865896036908541]","[0.00103607669854755, 0.024693049804062728, -0.000987082444132592, -0.002796086471394954, 0.009466811866774671, 0.010659332356747875, -0.007541987445937703, -0.0071595318895723015, -0.006713429755537681, 0.03464559094930597, -0.0077817593307017985, 0.010384952558362137, -0.0049834875206241636, 0.004012513999645195, -0.01795637119443816, 0.0052797343365080796, 0.01642955242043298, 0.023850763349450688, -0.0015470142600294556, -0.0037673280742400728, 0.022455976915788378, 0.013400042226249465, -0.008979282142873357, -0.01974725100134156, -0.00946696644777334, -0.016888777800956767, -0.03277732518674803, 0.006687563239226035, -0.010263160524082271, -0.013410396309145867]","[0.0, 0.09101861715316772, 0.0, 0.0, 0.10924839973449707, 0.10924839973449707, 0.10377410054206848, 0.0, 0.0, 0.10924839973449707, 0.0, 0.0, 0.10078491270542145, 0.0, 0.0, 0.0, 0.0, 0.0, 0.0, 0.0, 0.10924839973449707, 0.0, 0.0, 0.0, 0.0, 0.08634870499372482, 0.0, 0.08360264450311661, 0.09747747331857681, 0.0]","[2.247776532640966e-22, 0.0, 0.0, 2.2325088253738646e-22, 0.0, 3.353841480741906e-22, 0.0, 2.2540175120153895e-22, 0.0, 0.0, 3.355325667838669e-22, 2.2438336898186515e-22, 0.0, 3.361850588636352e-22, 0.0, 0.0, 0.0, 0.0, 1.0, 2.2529260050861037e-22, 0.0, 0.0, 2.247312569492164e-22, 0.0, 0.0, 0.0, 0.0, 0.0, 0.0, 0.0]","[0.0007224183483481511, 0.0, 0.0, 0.0, 0.0, 0.0, 0.0, 0.007500585411043195, 0.015128844180601782, 0.0, 0.0, 0.0006183650783961193, 0.0, 0.0, 0.01499216140655356, 0.0, 0.010098006934817142, 0.0, 0.9217124888781733, 0.011200297461519529, 0.0, 0.005524654611443407, 0.0, 0.0, 0.0, 0.009783095112363452, 0.0, 0.0, 0.0, 0.0027190825767402786]","[0.0, 0.09101861715316772, 0.0, 0.0, 0.10924839973449707, 0.10924839973449707, 0.10377410054206848, 0.0, 0.0, 0.10924839973449707, 0.0, 0.0, 0.10078491270542145, 0.0, 0.0, 0.0, 0.0, 0.0, 0.0, 0.0, 0.10924839973449707, 0.0, 0.0, 0.0, 0.0, 0.08634870499372482, 0.0, 0.08360264450311661, 0.09747747331857681, 0.0]",0.006998047879106754
14,1.0311525285100207,"[1.0010360766985476, 1.0246930498040627, 0.9990129175558674, 0.997203913528605, 1.0094668118667747, 1.0106593323567479, 0.9924580125540623, 0.9928404681104277, 0.9932865702444623, 1.034645590949306, 0.9922182406692982, 1.0103849525583621, 0.9950165124793758, 1.0040125139996452, 0.9820436288055618, 1.005279734336508, 1.016429552420433, 1.0238507633494507, 0.9984529857399705, 0.9962326719257599, 1.0224559769157884, 1.0134000422262495, 0.9910207178571266, 0.9802527489986584, 0.9905330335522267, 0.9831112221990432, 0.967222674813252, 1.006687563239226, 0.9897368394759177, 0.9865896036908541]","[1.0128057459205466, 0.9944452240972027, 0.9819606661670347, 1.013789053861852, 1.0008554715561573, 0.9996999825320316, 1.0054829901866456, 1.016555691073398, 0.9953592370851504, 1.022256586486017, 0.9978059539160677, 0.9934057559858522, 0.9887137585881216, 0.9872250666967618, 1.0126350890569318, 0.9912185434192723, 1.0092941020969561, 0.9962701001240917, 1.007974770480414, 0.9977898686084153, 1.0169408259727348, 0.9826203324725593, 1.0195668778906877, 1.0082857743948244, 0.996038616307441, 1.00727293674187, 0.984492614413393, 0.9956359402468888, 1.0037028241562787, 1.0043114057349132]","[0.012805745920546618, -0.005554775902797293, -0.0180393338329653, 0.013789053861851919, 0.0008554715561572834, -0.00030001746796837203, 0.005482990186645553, 0.016555691073397938, -0.0046407629148496055, 0.022256586486016916, -0.002194046083932255, -0.006594244014147765, -0.011286241411878395, -0.0127749333032382, 0.01263508905693178, -0.008781456580727709, 0.009294102096956136, -0.003729899875908327, 0.007974770480414062, -0.0022101313915846577, 0.01694082597273483, -0.01737966752744069, 0.019566877890687673, 0.008285774394824363, -0.003961383692559051, 0.0072729367418700175, -0.015507385586607025, -0.00436405975311116, 0.00370282415627865, 0.004311405734913176]","[0.0, 0.0, 0.0, 0.0, 0.0, 0.0, 0.10000000149011612, 0.10000000149011612, 0.10000000149011612, 0.10000000149011612, 0.0, 0.0, 0.0, 0.0, 0.0, 0.0, 0.0, 0.10000000149011612, 0.10000000149011612, 0.0, 0.0, 0.0, 0.0, 0.10000000149011612, 0.10000000149011612, 0.0, 0.10000000149011612, 0.0, 0.10000000149011612, 0.0]","[0.0, 0.0, 0.0, 0.0, 0.0, 2.147014111043285e-24, -1.0794078451018142e-22, -1.0841132409960879e-22, 2.2782496429408743e-24, 0.0, 2.028667814453957e-24, 0.0, 0.0, 2.737624906140495e-24, 0.0, 0.0, 1.1330730721394356e-22, 0.0, 1.0, 0.0, 0.0, 0.0, 0.0, 0.0, 0.0, 0.0, -1.0831339203488792e-22, 0.0, -5.1888493570459195e-23, 0.0]","[0.0, 0.009880196128881549, 0.0, 0.0, 0.0, 0.0031928185962704025, 0.0, 0.0, 0.002083249269996967, 0.0, 0.00434829216116453, 0.00890359247209605, 0.009807866709291168, 0.0, 0.0, 0.0, 0.016967609383776824, 0.0, 0.9115078830507929, 0.0062381122493207096, 0.00834869883659233, 0.0, 0.009305724750979193, 0.0, 0.0, 0.000788871099096181, 0.0, 0.0, 0.0, 0.008627085291741296]","[0.0, 0.0, 0.0, 0.0, 0.0, 0.0, 0.09999998658895493, 0.09999998658895493, 0.09999998658895493, 0.09999998658895493, 0.0, 0.0, 0.0, 0.0, 0.0, 0.0, 0.0, 0.09999998658895493, 0.09999998658895493, 0.0, 0.0, 0.0, 0.0, 0.09999998658895493, 0.09999998658895493, 0.0, 0.09999998658895493, 0.0, 0.09999998658895493, 0.0]",0.003249934093957948
15,1.0368302439100519,"[1.0128057459205466, 0.9944452240972027, 0.9819606661670347, 1.013789053861852, 1.0008554715561573, 0.9996999825320316, 1.0054829901866456, 1.016555691073398, 0.9953592370851504, 1.022256586486017, 0.9978059539160677, 0.9934057559858522, 0.9887137585881216, 0.9872250666967618, 1.0126350890569318, 0.9912185434192723, 1.0092941020969561, 0.9962701001240917, 1.007974770480414, 0.9977898686084153, 1.0169408259727348, 0.9826203324725593, 1.0195668778906877, 1.0082857743948244, 0.996038616307441, 1.00727293674187, 0.984492614413393, 0.9956359402468888, 1.0037028241562787, 1.0043114057349132]","[0.9922684725100885, 0.9848126542206851, 1.0016924757738017, 1.0005403766160592, 0.9936676848691132, 1.007230936778758, 1.0327975774137803, 0.9896881501294413, 0.9891157492673481, 1.0198609299966923, 1.0240695249228646, 0.9945766701212686, 0.978648242699711, 1.015729895267623, 0.9871789988184152, 1.010890422967791, 0.9873607093468749, 1.004082152712568, 1.0066967125393167, 0.9988430439655197, 0.9863693122286034, 0.9946105795156257, 0.9933819143127236, 0.9983281080247873, 1.015991268521636, 0.9990400926297481, 1.00095250903217, 1.0012539600474828, 1.0019448274809666, 1.015704570987637]","[-0.0077315274899114605, -0.01518734577931491, 0.001692475773801716, 0.0005403766160592127, -0.006332315130886834, 0.007230936778757968, 0.03279757741378031, -0.010311849870558665, -0.010884250732651868, 0.01986092999669231, 0.024069524922864627, -0.005423329878731398, -0.021351757300289043, 0.01572989526762303, -0.012821001181584801, 0.01089042296779108, -0.01263929065312508, 0.004082152712568066, 0.006696712539316696, -0.0011569560344802943, -0.013630687771396643, -0.0053894204843742965, -0.006618085687276398, -0.0016718919752126693, 0.015991268521635904, -0.0009599073702518668, 0.0009525090321700347, 0.0012539600474827939, 0.0019448274809665822, 0.01570457098763689]","[0.0, 0.10485281050205231, 0.10485281050205231, 0.10485281050205231, 0.0, 0.0, 0.10485281050205231, 0.0, 0.10485281050205231, 0.0, 0.10485281050205231, 0.07582160085439682, 0.0, 0.08535589277744293, 0.0, 0.0, 0.0, 0.0, 0.0, 0.0, 0.0, 0.10485281050205231, 0.0, 0.0, 0.10485281050205231, 0.0, 0.0, 0.0, 0.0, 0.0]","[0.0, 4.469370700162238e-22, 0.0, 0.0, 0.0, 0.0, 2.2558654120606707e-22, 2.2513457409248755e-22, 3.357527965864292e-22, 0.0, 0.0, 0.0, 0.0, 0.0, 0.0, 2.79984021843124e-22, 0.0, 2.2531519961709684e-22, 1.0, 2.2510802112378096e-22, 0.0, 0.0, 0.0, 2.250891126979581e-22, 2.2489998841428276e-22, 0.0, 0.0, 0.0, 0.0, 0.0]","[0.008312613983475516, 0.0, 0.0, 0.0, 0.009865101440568628, 0.0, 0.0010937911173677217, 0.009363647216267307, 0.0020497358240589964, 0.015691676445406935, 0.0089948458028451, 0.0, 0.00727763001390921, 0.0, 0.0, 0.0, 0.0, 0.00245049109086448, 0.8936534194645015, 0.0, 0.0004861147400960904, 0.005249147655809055, 0.0017900013875225122, 0.013161198975988863, 0.0, 0.0, 7.925757800855327e-05, 0.020481327263309444, 0.0, 0.0]","[0.0, 0.1048528179526329, 0.1048528179526329, 0.1048528179526329, 0.0, 0.0, 0.1048528179526329, 0.0, 0.1048528179526329, 0.0, 0.1048528179526329, 0.07582160830497742, 0.0, 0.08535590022802353, 0.0, 0.0, 0.0, 0.0, 0.0, 0.0, 0.0, 0.1048528179526329, 0.0, 0.0, 0.1048528179526329, 0.0, 0.0, 0.0, 0.0, 0.0]",0.005097098306361005
16,1.0348286622196878,"[0.9922684725100885, 0.9848126542206851, 1.0016924757738017, 1.0005403766160592, 0.9936676848691132, 1.007230936778758, 1.0327975774137803, 0.9896881501294413, 0.9891157492673481, 1.0198609299966923, 1.0240695249228646, 0.9945766701212686, 0.978648242699711, 1.015729895267623, 0.9871789988184152, 1.010890422967791, 0.9873607093468749, 1.004082152712568, 1.0066967125393167, 0.9988430439655197, 0.9863693122286034, 0.9946105795156257, 0.9933819143127236, 0.9983281080247873, 1.015991268521636, 0.9990400926297481, 1.00095250903217, 1.0012539600474828, 1.0019448274809666, 1.015704570987637]","[0.9770022603939744, 1.0036734763469812, 0.9905972225967218, 0.9863489373029272, 1.0005027231208121, 0.9991557641680274, 0.986387810171775, 1.013195801473915, 0.9872402010932944, 1.0095101101688628, 0.990713566908325, 0.9783938894977323, 0.9953885589055247, 0.9868397050453891, 1.0245364290382524, 0.987176423420719, 0.9909359282729132, 0.9924791136230898, 0.9824803354787255, 1.0093517770254485, 0.9971487870383574, 1.0008304955837812, 0.9962168093968512, 0.9741167063285654, 1.0208277657347555, 1.007537575089439, 0.9746017161570258, 0.9967284553057647, 0.9696629509369942, 1.0166399530293135]","[-0.02299773960602558, 0.0036734763469812304, -0.009402777403278217, -0.013651062697072835, 0.0005027231208121208, -0.0008442358319725729, -0.013612189828224985, 0.01319580147391508, -0.012759798906705644, 0.009510110168862829, -0.009286433091674984, -0.021606110502267684, -0.00461144109447531, -0.013160294954610907, 0.024536429038252372, -0.012823576579281015, -0.009064071727086787, -0.007520886376910174, -0.017519664521274514, 0.009351777025448538, -0.0028512129616425907, 0.0008304955837812322, -0.0037831906031488005, -0.025883293671434604, 0.020827765734755532, 0.007537575089439086, -0.025398283842974156, -0.0032715446942352955, -0.030337049063005828, 0.016639953029313537]","[0.10274195671081543, 0.10274195671081543, 0.0, 0.0, 0.10274195671081543, 0.07532238215208054, 0.0, 0.0, 0.0, 0.10274195671081543, 0.0, 0.0, 0.10274195671081543, 0.10274195671081543, 0.0, 0.0, 0.10274195671081543, 0.0, 0.0, 0.0, 0.10274195671081543, 0.0, 0.0, 0.0, 0.10274195671081543, 0.0, 0.0, 0.0, 0.0, 0.0]","[0.0, 0.0, 0.0, 1.141817535308056e-22, 1.1497237206742725e-22, 0.0, 0.0, 0.0, 0.0, 1.0, 0.0, 0.0, 1.1747240137500867e-22, 0.0, 2.259870946275421e-22, 0.0, 0.0, 0.0, 2.689024328231472e-22, 0.0, 0.0, 1.1632159089964495e-22, 0.0, 0.0, 0.0, 2.2764177866624024e-22, 0.0, 1.1509374362401769e-22, 1.168325202537013e-22, 0.0]","[0.0, 0.007756261006487861, 0.0, 0.0, 0.0, 0.0, 0.002769828400035951, 0.0, 0.01854464445343494, 0.8744101386518554, 0.00321161747523147, 0.007673320834847831, 0.0010324268924328153, 0.007387602396234704, 0.0, 0.011933760859789665, 0.0031714671011007635, 0.013211757664166166, 0.0019219990740161844, 0.0, 0.005226273390701963, 0.0, 0.004161860339898041, 0.01761229395374119, 0.0, 0.0009766478286903973, 0.013261456439900496, 0.0011285363639101178, 0.0, 0.0046081068735238945]","[0.10274195671081543, 0.10274195671081543, 0.0, 0.0, 0.10274195671081543, 0.07532238215208054, 0.0, 0.0, 0.0, 0.10274195671081543, 0.0, 0.0, 0.10274195671081543, 0.10274195671081543, 0.0, 0.0, 0.10274195671081543, 0.0, 0.0, 0.0, 0.10274195671081543, 0.0, 0.0, 0.0, 0.10274195671081543, 0.0, 0.0, 0.0, 0.0, 0.0]",-0.002432301446334997
17,1.0422611700049265,"[0.9770022603939744, 1.0036734763469812, 0.9905972225967218, 0.9863489373029272, 1.0005027231208121, 0.9991557641680274, 0.986387810171775, 1.013195801473915, 0.9872402010932944, 1.0095101101688628, 0.990713566908325, 0.9783938894977323, 0.9953885589055247, 0.9868397050453891, 1.0245364290382524, 0.987176423420719, 0.9909359282729132, 0.9924791136230898, 0.9824803354787255, 1.0093517770254485, 0.9971487870383574, 1.0008304955837812, 0.9962168093968512, 0.9741167063285654, 1.0208277657347555, 1.007537575089439, 0.9746017161570258, 0.9967284553057647, 0.9696629509369942, 1.0166399530293135]","[0.9929149686844567, 0.9934991425282039, 0.9952363896623054, 1.0030033913276548, 1.0107881197439377, 1.0070457460083704, 0.9980771089683678, 1.005073208073491, 0.9971559883230104, 0.982706948813839, 1.0187571756443585, 1.0081029057801965, 1.0059292686132038, 1.0017418790120338, 0.9948021376035417, 1.025779838179672, 0.9975536232588607, 0.9988010403029127, 1.0149188291591371, 0.9909901779417477, 1.0137594177185079, 0.9930094808098878, 1.0079218046044889, 0.9955997162294553, 1.0098434024440686, 1.0020389848479323, 1.031707946934045, 1.0258116121515228, 1.0018225115082866, 1.034246944274756]","[-0.007085031315543278, -0.006500857471796073, -0.004763610337694568, 0.003003391327654814, 0.010788119743937674, 0.007045746008370379, -0.0019228910316322345, 0.005073208073490987, -0.002844011676989555, -0.01729305118616098, 0.018757175644358526, 0.008102905780196457, 0.005929268613203753, 0.0017418790120338201, -0.005197862396458253, 0.02577983817967211, -0.0024463767411393444, -0.0011989596970872762, 0.014918829159137115, -0.009009822058252293, 0.01375941771850786, -0.006990519190112177, 0.00792180460448888, -0.0044002837705446884, 0.00984340244406856, 0.0020389848479323014, 0.031707946934045106, 0.025811612151522834, 0.0018225115082866061, 0.03424694427475594]","[0.0, 0.0, 0.0, 0.1287885159254074, 0.0, 0.0, 0.0, 0.1287885159254074, 0.0, 0.1287885159254074, 0.0, 0.0, 0.0, 0.0, 0.013077125884592533, 0.0, 0.026034167036414146, 0.1287885159254074, 0.07758214324712753, 0.1105753555893898, 0.0, 0.0, 0.0, 0.0, 0.0, 0.0, 0.1287885159254074, 0.0, 0.0, 0.1287885159254074]","[5.9928793533543445e-24, 0.0, 5.2640651782210995e-24, 0.0, 0.0, 0.0, 0.0, 5.372437921793158e-24, 0.0, 1.0, 0.0, 5.43257027410402e-24, 6.135524473265497e-24, 0.0, 0.0, 0.0, 0.0, 0.0, 1.1620117798778066e-22, 0.0, 1.1593439223693842e-22, 0.0, 5.9712222249073914e-24, 6.5193219806680935e-24, 0.0, 0.0, 0.0, 0.0, 0.0, 0.0]","[0.0046138745075513955, 0.0, 0.0, 0.008021620445106755, 0.0, 0.0, 0.00040660987581422344, 0.0, 0.0, 0.9232236633643792, 0.0, 0.007160190820672925, 0.0, 0.004009745111561841, 0.0073702299733423345, 0.0, 0.004665335307423331, 0.010436237004321596, 0.0, 0.01068041987015707, 0.001635238905799107, 0.0, 0.0, 0.0, 0.005251696831766906, 0.0, 0.005227777277263423, 0.0015704506250805946, 0.0, 0.0057269100797595]","[0.0, 0.0, 0.0, 0.1287885308265686, 0.0, 0.0, 0.0, 0.1287885308265686, 0.0, 0.1287885308265686, 0.0, 0.0, 0.0, 0.0, 0.013077127747237682, 0.0, 0.026034170761704445, 0.1287885308265686, 0.07758215069770813, 0.110575370490551, 0.0, 0.0, 0.0, 0.0, 0.0, 0.0, 0.1287885308265686, 0.0, 0.0, 0.1287885308265686]",0.006800816069937719
18,1.0401737145687933,"[0.9929149686844567, 0.9934991425282039, 0.9952363896623054, 1.0030033913276548, 1.0107881197439377, 1.0070457460083704, 0.9980771089683678, 1.005073208073491, 0.9971559883230104, 0.982706948813839, 1.0187571756443585, 1.0081029057801965, 1.0059292686132038, 1.0017418790120338, 0.9948021376035417, 1.025779838179672, 0.9975536232588607, 0.9988010403029127, 1.0149188291591371, 0.9909901779417477, 1.0137594177185079, 0.9930094808098878, 1.0079218046044889, 0.9955997162294553, 1.0098434024440686, 1.0020389848479323, 1.031707946934045, 1.0258116121515228, 1.0018225115082866, 1.034246944274756]","[0.9866347333270288, 1.0220490385098928, 1.009955442463423, 1.0046874470262401, 0.9910182064741321, 1.0068297578176524, 0.9960239141475933, 1.0009614623069303, 1.002182158511459, 0.9806551089302238, 0.9964989623511119, 0.9904422404141816, 1.0001117464179285, 1.0028886590720156, 0.9906881380812188, 0.9793950310330046, 1.0029646222583828, 1.0142876209131337, 1.0087306306623918, 1.0061315538773694, 1.0024219146273767, 1.0019382241103312, 1.0054376612583231, 1.0101055274611668, 0.9944291116304393, 0.9857275751650529, 1.019153197304693, 0.974050982807273, 1.0055362642760581, 1.0076913294139664]","[-0.013365266672971221, 0.022049038509892815, 0.009955442463422948, 0.004687447026240132, -0.00898179352586792, 0.006829757817652382, -0.003976085852406719, 0.000961462306930283, 0.002182158511458976, -0.019344891069776216, -0.0035010376488880945, -0.009557759585818393, 0.00011174641792854878, 0.0028886590720156313, -0.009311861918781195, -0.020604968966995374, 0.0029646222583827875, 0.014287620913133736, 0.00873063066239177, 0.006131553877369411, 0.002421914627376731, 0.001938224110331177, 0.005437661258323123, 0.010105527461166774, -0.005570888369560656, -0.014272424834947062, 0.019153197304693004, -0.02594901719272702, 0.005536264276058134, 0.007691329413966441]","[0.0, 0.0, 0.0, 0.0, 0.055645305663347244, 0.0, 0.11437123268842697, 0.09741349518299103, 0.0, 0.0, 0.0, 0.0, 0.0, 0.1072259321808815, 0.11612868309020996, 0.0, 0.0, 0.0, 0.0660765990614891, 0.0, 0.0, 0.09475269913673401, 0.0, 0.11612868309020996, 0.11612868309020996, 0.11612868309020996, 0.0, 0.0, 0.0, 0.0]","[0.0, 5.611184303245201e-22, 5.6347078447313225e-22, 0.0, 5.621063934729615e-22, 0.0, 5.629977850798169e-22, 0.0, 0.0, 1.0, 0.0, 0.0, 0.0, 0.0, 6.722208701620574e-22, 5.094962946464697e-22, 0.0, 0.0, 6.542217289846071e-22, 0.0, 0.0, 0.0, 0.0, 0.0, 0.0, 0.0, 4.570206983515218e-22, 0.0, 0.0, 5.651756321644674e-22]","[0.0, 0.0, 0.010404065795024738, 0.006650595578636213, 0.009150119524099972, 0.005109469954502104, 0.0, 0.0, 0.00425880392727149, 0.9198707582417637, 0.008643172386405888, 2.7341590635013677e-05, 0.0, 0.0, 0.0, 0.0, 0.0026900395971757992, 0.0, 0.0013746944432355, 0.0, 0.00198531202941607, 0.0, 0.0005655435595899145, 0.012739475859987947, 0.005016403190282756, 0.009410401203938068, 0.0, 0.0, 0.0021038031180349755, 0.0]","[0.0, 0.0, 0.0, 0.0, 0.05564530938863754, 0.0, 0.11437124013900757, 0.09741350263357162, 0.0, 0.0, 0.0, 0.0, 0.0, 0.1072259396314621, 0.11612869054079056, 0.0, 0.0, 0.0, 0.0660766065120697, 0.0, 0.0, 0.0947527065873146, 0.0, 0.11612869054079056, 0.11612869054079056, 0.11612869054079056, 0.0, 0.0, 0.0, 0.0]",-0.00234847491706209
19,1.0490923074248,"[0.9866347333270288, 1.0220490385098928, 1.009955442463423, 1.0046874470262401, 0.9910182064741321, 1.0068297578176524, 0.9960239141475933, 1.0009614623069303, 1.002182158511459, 0.9806551089302238, 0.9964989623511119, 0.9904422404141816, 1.0001117464179285, 1.0028886590720156, 0.9906881380812188, 0.9793950310330046, 1.0029646222583828, 1.0142876209131337, 1.0087306306623918, 1.0061315538773694, 1.0024219146273767, 1.0019382241103312, 1.0054376612583231, 1.0101055274611668, 0.9944291116304393, 0.9857275751650529, 1.019153197304693, 0.974050982807273, 1.0055362642760581, 1.0076913294139664]","[0.9991966825155963, 1.0003778346792669, 0.9952065295726445, 1.0072590264936003, 0.98845492611076, 1.0032157226912288, 0.9999921401983817, 1.0321680009826688, 0.9891214482297888, 1.002515277789756, 0.9849661613119702, 1.0048447716285691, 1.0004750684802848, 1.0015700784917263, 1.0266823364521898, 1.0034538632608971, 0.9881838917789142, 1.0080907544396371, 1.0197157204321807, 0.9990960862174368, 0.9929421993353948, 1.0108376884951498, 0.9896017082074062, 1.0218696136361363, 0.9933583955105458, 1.0273992658784108, 1.0004121218151716, 0.9967207747731426, 0.9822090628724215, 1.0214991079019085]","[-0.0008033174844036539, 0.0003778346792668863, -0.004793470427355451, 0.007259026493600329, -0.011545073889239976, 0.0032157226912288284, -7.859801618326223e-06, 0.03216800098266881, -0.010878551770211242, 0.0025152777897559098, -0.015033838688029766, 0.004844771628569111, 0.0004750684802847793, 0.001570078491726301, 0.02668233645218976, 0.0034538632608971387, -0.011816108221085808, 0.008090754439637138, 0.019715720432180728, -0.0009039137825631594, -0.007057800664605152, 0.010837688495149767, -0.010398291792593772, 0.021869613636136265, -0.006641604489454167, 0.027399265878410795, 0.0004121218151715844, -0.0032792252268574185, -0.01779093712757851, 0.021499107901908454]","[0.0, 0.0, 0.0, 0.0, 0.09529455751180649, 0.0, 0.0, 0.0804634839296341, 0.0, 0.0, 0.0, 0.11256590485572815, 0.0, 0.0, 0.11256590485572815, 0.0, 0.11256590485572815, 0.11256590485572815, 0.09965742379426956, 0.11256590485572815, 0.0, 0.0, 0.0, 0.0, 0.04918902739882469, 0.0, 0.0, 0.0, 0.0, 0.11256590485572815]","[0.0, 0.0, 0.0, 0.0, 0.0, 0.0, 0.0, 3.0558337044845536e-24, 0.0, 3.084845907774199e-22, 0.0, 2.240160138995253e-22, 3.220038750387994e-24, 2.7897892209667527e-24, 3.428320712198854e-24, 0.0, 0.0, 2.9160402088936983e-24, 1.0, 3.1208025537608622e-24, 0.0, 0.0, 0.0, 0.0, 0.0, 0.0, 0.0, 0.0, 0.0, 2.8390395390759065e-24]","[0.0, 0.0, 0.008437388217637745, 0.017286980396214163, 0.006223912264587181, 0.0024182248044817087, 0.0, 0.0, 0.011170966999283799, 0.002377866205033089, 0.014048940328999487, 0.0, 0.0, 0.0, 0.0007636874026940796, 0.0, 0.0, 0.0, 0.8810560632078979, 0.0, 0.0, 0.004803703246938692, 0.012378377811786483, 0.0, 0.0038817985636995047, 0.007075321948234796, 0.009383365473716434, 0.0, 0.004505991818390558, 0.014187411310404179]","[0.0, 0.0, 0.0, 0.0, 0.09529457241296768, 0.0, 0.0, 0.08046349138021469, 0.0, 0.0, 0.0, 0.11256591975688934, 0.0, 0.0, 0.11256591975688934, 0.0, 0.11256591975688934, 0.11256591975688934, 0.09965743869543076, 0.11256591975688934, 0.0, 0.0, 0.0, 0.0, 0.04918903484940529, 0.0, 0.0, 0.0, 0.0, 0.11256591975688934]",0.008243665520699925
20,1.046888868591725,"[0.9991966825155963, 1.0003778346792669, 0.9952065295726445, 1.0072590264936003, 0.98845492611076, 1.0032157226912288, 0.9999921401983817, 1.0321680009826688, 0.9891214482297888, 1.002515277789756, 0.9849661613119702, 1.0048447716285691, 1.0004750684802848, 1.0015700784917263, 1.0266823364521898, 1.0034538632608971, 0.9881838917789142, 1.0080907544396371, 1.0197157204321807, 0.9990960862174368, 0.9929421993353948, 1.0108376884951498, 0.9896017082074062, 1.0218696136361363, 0.9933583955105458, 1.0273992658784108, 1.0004121218151716, 0.9967207747731426, 0.9822090628724215, 1.0214991079019085]","[0.9997621624341211, 1.0026424230017459, 0.9998551770399673, 0.9882009659325258, 0.9966569159853221, 0.9965401740571728, 0.9868739389056091, 1.0064857427375853, 1.0352912747922216, 1.0171557308765278, 0.9897302751865354, 0.9876575465559164, 0.9836823354562163, 0.9864760561293227, 1.006172642738831, 1.0050921835249926, 1.0123961812198328, 0.9860584062603249, 0.9741533747572627, 1.008686182427507, 0.9685535602709281, 1.000462618465221, 0.9899721980766486, 1.0033654059091963, 0.9922888432736859, 1.00145399181686, 1.010319240448237, 1.011314152865113, 0.9909162990215569, 0.9927842864132708]","[-0.0002378375658789178, 0.002642423001745886, -0.0001448229600327089, -0.011799034067474179, -0.003343084014677866, -0.0034598259428272327, -0.01312606109439085, 0.006485742737585287, 0.035291274792221605, 0.017155730876527775, -0.010269724813464554, -0.012342453444083579, -0.016317664543783694, -0.013523943870677346, 0.006172642738830891, 0.005092183524992633, 0.01239618121983277, -0.013941593739675073, -0.025846625242737287, 0.008686182427507072, -0.03144643972907191, 0.0004626184652209986, -0.010027801923351398, 0.0033654059091963173, -0.007711156726314061, 0.0014539918168599009, 0.010319240448237066, 0.011314152865113059, -0.009083700978443132, -0.007215713586729233]","[0.0, 0.0, 0.0, 0.10230305790901184, 0.09317823499441147, 0.0, 0.0, 0.0, 0.0, 0.0, 0.0, 0.0, 0.0, 0.10230305790901184, 0.0, 0.0, 0.10230305790901184, 0.0, 0.0, 0.10230305790901184, 0.0, 0.1015976071357727, 0.10230305790901184, 0.0, 0.10230305790901184, 0.0, 0.10230305790901184, 0.0, 0.0, 0.08910264819860458]","[0.0, 0.0, 0.0, 0.0, 0.0, 0.0, 0.0, 0.0, 0.0, 6.719891412511762e-22, 6.702764301635229e-22, 0.0, 0.0, 0.0, 0.0, 0.0, 0.0, 0.0, 1.0, 4.498731072173598e-22, 5.598785851647776e-22, 0.0, 0.0, 0.0, 5.610913171382297e-22, 5.598349491820568e-22, 0.0, 4.505946272147848e-22, 4.498816561769454e-22, 5.044341365680471e-22]","[0.005517014994334367, 0.0, 0.0, 0.0027845989964140373, 0.0, 0.0, 0.0, 0.0, 0.0, 0.0022688690915522165, 0.0031816373349285846, 0.0, 0.006660693721345623, 0.0056388025992481754, 0.008871947829093518, 0.0, 0.011099676486157789, 0.0013760256807394593, 0.9309809541648932, 0.0, 0.0, 0.0, 0.006518821988460312, 0.00643354448533551, 0.0, 0.0, 0.0024142570437553656, 0.006253155583741846, 0.0, 0.0]","[0.0, 0.0, 0.0, 0.10230307281017303, 0.09317824244499207, 0.0, 0.0, 0.0, 0.0, 0.0, 0.0, 0.0, 0.0, 0.10230307281017303, 0.0, 0.0, 0.10230307281017303, 0.0, 0.0, 0.10230307281017303, 0.0, 0.1015976220369339, 0.10230307281017303, 0.0, 0.10230307281017303, 0.0, 0.10230307281017303, 0.0, 0.0, 0.08910265564918518]",-0.0025110656823995204
21,1.0526928979183836,"[0.9997621624341211, 1.0026424230017459, 0.9998551770399673, 0.9882009659325258, 0.9966569159853221, 0.9965401740571728, 0.9868739389056091, 1.0064857427375853, 1.0352912747922216, 1.0171557308765278, 0.9897302751865354, 0.9876575465559164, 0.9836823354562163, 0.9864760561293227, 1.006172642738831, 1.0050921835249926, 1.0123961812198328, 0.9860584062603249, 0.9741533747572627, 1.008686182427507, 0.9685535602709281, 1.000462618465221, 0.9899721980766486, 1.0033654059091963, 0.9922888432736859, 1.00145399181686, 1.010319240448237, 1.011314152865113, 0.9909162990215569, 0.9927842864132708]","[1.0006777265829776, 1.012168100666355, 0.992995174928097, 0.9740236325192645, 0.9899325194319527, 1.0251025900165571, 1.0064031513905969, 1.0048222274852001, 0.977455990077602, 1.0175625169106903, 1.0128222180127129, 1.011484168225911, 1.0025208052220864, 0.9856931605542184, 0.9860530386774496, 0.9961465423721103, 1.0188984577704387, 1.0011974629830211, 1.0079134473603486, 0.9965004016546699, 0.9882002715354747, 0.9979015729437738, 1.0015526291649959, 0.9955543751575902, 0.9977764410925605, 1.0141878985237978, 0.9856316090347108, 0.9898198198943358, 0.9795605611986485, 1.0033659052109458]","[0.0006777265829776002, 0.012168100666354986, -0.007004825071903031, -0.025976367480735507, -0.010067480568047293, 0.025102590016557125, 0.006403151390596884, 0.004822227485200115, -0.022544009922398023, 0.01756251691069033, 0.012822218012712883, 0.011484168225911029, 0.0025208052220864197, -0.014306839445781594, -0.013946961322550355, -0.0038534576278896893, 0.018898457770438748, 0.001197462983021147, 0.007913447360348602, -0.0034995983453300905, -0.011799728464525261, -0.002098427056226204, 0.0015526291649958779, -0.0044456248424098455, -0.0022235589074395268, 0.01418789852379776, -0.01436839096528919, -0.010180180105664238, -0.02043943880135146, 0.0033659052109458187]","[0.10070323944091797, 0.10070323944091797, 0.10070323944091797, 0.0, 0.10070323944091797, 0.10070323944091797, 0.0, 0.10070323944091797, 0.0, 0.0, 0.0959475040435791, 0.0, 0.10070323944091797, 0.0, 0.0, 0.10070323944091797, 0.09842658042907715, 0.0, 0.0, 0.0, 0.0, 0.0, 0.0, 0.0, 0.0, 0.0, 0.0, 0.0, 0.0, 0.0]","[-2.1290322457409334e-22, 0.0, 0.0, 0.0, 0.0, 0.0, 0.0, 0.0, -1.0293388623985874e-22, 1.0, 0.0, -1.0116152517293068e-22, -2.10997039762697e-22, 0.0, 0.0, 0.0, 0.0, -2.1322884999614925e-22, 0.0, 0.0, -2.12405027761685e-22, 0.0, 0.0, -2.110173419054427e-22, 0.0, -1.0240283825490627e-22, -2.0831010933554557e-22, 0.0, 0.0, 0.0]","[0.0024616276637425406, 0.0, 0.01011161049907442, 0.0, 0.005216338137579466, 0.0, 0.011891234839534758, 0.017985165426150286, 0.0, 0.891021359967715, 0.0, 0.007898615898748433, 0.0, 0.005074333537039585, 0.0, 0.001971626742267992, 0.0, 0.0127396680467883, 0.0, 0.0, 0.0, 0.01279877022104385, 0.0, 0.009336987275072386, 0.0, 0.0, 0.0049937332947402775, 0.0, 0.0, 0.006498928450502677]","[0.10070323944091797, 0.10070323944091797, 0.10070323944091797, 0.0, 0.10070323944091797, 0.10070323944091797, 0.0, 0.10070323944091797, 0.0, 0.0, 0.0959475040435791, 0.0, 0.10070323944091797, 0.0, 0.0, 0.10070323944091797, 0.09842658042907715, 0.0, 0.0, 0.0, 0.0, 0.0, 0.0, 0.0, 0.0, 0.0, 0.0, 0.0, 0.0, 0.0]",0.005178303253630004
22,1.0520935642472635,"[1.0006777265829776, 1.012168100666355, 0.992995174928097, 0.9740236325192645, 0.9899325194319527, 1.0251025900165571, 1.0064031513905969, 1.0048222274852001, 0.977455990077602, 1.0175625169106903, 1.0128222180127129, 1.011484168225911, 1.0025208052220864, 0.9856931605542184, 0.9860530386774496, 0.9961465423721103, 1.0188984577704387, 1.0011974629830211, 1.0079134473603486, 0.9965004016546699, 0.9882002715354747, 0.9979015729437738, 1.0015526291649959, 0.9955543751575902, 0.9977764410925605, 1.0141878985237978, 0.9856316090347108, 0.9898198198943358, 0.9795605611986485, 1.0033659052109458]","[0.9938627523635567, 0.9880829753159539, 0.9896012893860094, 1.0174037874865771, 1.0091398229285686, 1.0053390598080922, 1.0047864351727283, 1.0169162860574386, 1.0339657848923571, 0.9798264619125692, 0.9888494218265508, 1.0018064666995263, 0.9991926393636854, 0.972595326008422, 0.9966292790252316, 0.9965462152238648, 0.9884234358912237, 1.0179518421529983, 1.000127538830487, 1.014271195485465, 1.0047450164640255, 1.0076213537931333, 0.995849320871289, 1.0126617697532994, 1.0080463518027107, 0.9807520077379618, 0.9948912433932927, 0.9963056079543687, 1.0256671451711632, 0.995208718376301]","[-0.006137247636443299, -0.011917024684046096, -0.010398710613990558, 0.017403787486577116, 0.00913982292856863, 0.005339059808092239, 0.004786435172728254, 0.016916286057438557, 0.03396578489235713, -0.02017353808743083, -0.011150578173449222, 0.0018064666995263323, -0.0008073606363145913, -0.027404673991577977, -0.0033707209747684264, -0.003453784776135227, -0.011576564108776277, 0.017951842152998276, 0.00012753883048710613, 0.014271195485465071, 0.0047450164640254755, 0.007621353793133334, -0.004150679128711032, 0.012661769753299357, 0.008046351802710738, -0.019247992262038216, -0.005108756606707288, -0.0036943920456312673, 0.025667145171163197, -0.0047912816236990174]","[0.0, 0.0, 0.0, 0.0, 0.0, 0.10459158569574356, 0.08643507957458496, 0.0, 0.0, 0.0, 0.10459158569574356, 0.0, 0.0, 0.0, 0.09452979266643524, 0.09745463728904724, 0.0, 0.0, 0.10459158569574356, 0.09403090178966522, 0.0, 0.0, 0.0, 0.10459158569574356, 0.0, 0.10459158569574356, 0.0, 0.10459158569574356, 0.0, 0.0]","[0.0, 0.0, 2.293189936694012e-22, 0.0, 0.0, 0.0, 0.0, 0.0, 0.0, 1.0, 0.0, 3.403884484560706e-22, 0.0, 0.0, 3.383962173163975e-22, 0.0, 0.0, 0.0, 0.0, 0.0, 2.2972971393330415e-22, 0.0, 2.302221902653915e-22, 0.0, 0.0, 2.8399105680411647e-22, 2.327399278085583e-22, 0.0, 2.301111831393154e-22, 2.304692466265646e-22]","[0.0007114597880479961, 0.0009588645260803223, 0.0, 0.00048600832096249, 0.015470598180175734, 0.000653563407571914, 0.0, 0.022961459665853175, 0.0, 0.9068890233180184, 0.002784639608934097, 0.0012427211208121491, 0.0, 0.0016401702363311353, 0.0, 0.0, 0.0, 0.0, 0.004000824465601931, 0.0048582350338661024, 0.0, 0.0, 0.014163725828104656, 0.0, 0.0007751404502363216, 0.009637346627539784, 0.00222988536816236, 0.005828950364375373, 0.0, 0.004707383689326144]","[0.0, 0.0, 0.0, 0.0, 0.0, 0.10459158569574356, 0.08643507957458496, 0.0, 0.0, 0.0, 0.10459158569574356, 0.0, 0.0, 0.0, 0.09452979266643524, 0.09745463728904724, 0.0, 0.0, 0.10459158569574356, 0.09403090178966522, 0.0, 0.0, 0.0, 0.10459158569574356, 0.0, 0.10459158569574356, 0.0, 0.10459158569574356, 0.0, 0.0]",-0.0009895210273361522
23,1.0517599193534093,"[0.9938627523635567, 0.9880829753159539, 0.9896012893860094, 1.0174037874865771, 1.0091398229285686, 1.0053390598080922, 1.0047864351727283, 1.0169162860574386, 1.0339657848923571, 0.9798264619125692, 0.9888494218265508, 1.0018064666995263, 0.9991926393636854, 0.972595326008422, 0.9966292790252316, 0.9965462152238648, 0.9884234358912237, 1.0179518421529983, 1.000127538830487, 1.014271195485465, 1.0047450164640255, 1.0076213537931333, 0.995849320871289, 1.0126617697532994, 1.0080463518027107, 0.9807520077379618, 0.9948912433932927, 0.9963056079543687, 1.0256671451711632, 0.995208718376301]","[1.0049415556720906, 0.9975455133296259, 1.001241825514618, 1.003031333700905, 0.9955863491038955, 1.0049557556750985, 0.9962338025166899, 0.9939579025293115, 0.994921186016677, 0.9936607108003261, 1.0018530496526055, 1.0010586098237544, 1.018216960827659, 1.0014398786613694, 1.019856918461274, 1.0026001898356942, 1.0030996471444211, 1.006735523941124, 0.999082854229596, 0.994747797548095, 0.9815956183593482, 0.9818431869805262, 1.0033654236567857, 1.011410175696399, 1.003347567770803, 0.9857254510987102, 0.9973839072580829, 0.9902752065226572, 1.0155037812833412, 1.002580653831079]","[0.004941555672090647, -0.0024544866703740675, 0.0012418255146180446, 0.0030313337009049146, -0.00441365089610446, 0.004955755675098539, -0.0037661974833100853, -0.006042097470688512, -0.005078813983322994, -0.006339289199673859, 0.0018530496526054652, 0.0010586098237543862, 0.018216960827659, 0.0014398786613694092, 0.01985691846127402, 0.002600189835694211, 0.003099647144421125, 0.0067355239411239776, -0.0009171457704040265, -0.0052522024519050525, -0.018404381640651835, -0.018156813019473805, 0.0033654236567857154, 0.011410175696398905, 0.0033475677708030283, -0.014274548901289763, -0.0026160927419170976, -0.009724793477342786, 0.015503781283341178, 0.0025806538310790827]","[0.0, 0.0, 0.0, 0.10094591230154037, 0.0, 0.0, 0.0, 0.0, 0.0, 0.0, 0.0, 0.10094591230154037, 0.0, 0.0, 0.10094591230154037, 0.0, 0.10094591230154037, 0.0, 0.10094591230154037, 0.0, 0.10094591230154037, 0.0, 0.0, 0.0, 0.0, 0.10094591230154037, 0.09148676693439484, 0.10094591230154037, 0.10094591230154037, 0.0]","[0.0, 0.0, 0.0, 1.7408002982615618e-24, 0.0, 2.8770625453444102e-24, 0.0, 0.0, -1.0663688234733198e-22, 0.0, 0.0, 0.0, 3.146766341978866e-24, 0.0, -1.072764628017009e-22, 0.0, -5.229227589206391e-23, 0.0, 1.0, -1.0708321151516272e-22, 0.0, 0.0, 0.0, 0.0, 0.0, 0.0, 0.0, -1.0675360017000498e-22, -1.0748770317063264e-22, 0.0]","[0.0, 0.0, 0.0, 0.004273722511983017, 0.0026067026257056473, 0.0036241976598285217, 0.0015260622551925985, 0.0007086550395729761, 0.0, 0.0, 0.004014742735323115, 0.0, 0.0, 0.0009525852368658048, 0.019031807907113115, 0.0015945212782241215, 0.0014821025225804452, 0.0, 0.9185104044998942, 0.007451145473264681, 0.012720630770979532, 0.0, 0.0, 0.002655455315677416, 0.0, 0.003778973417240262, 0.006053618812532677, 0.0, 0.0, 0.009014671938021662]","[0.0, 0.0, 0.0, 0.10094592720270157, 0.0, 0.0, 0.0, 0.0, 0.0, 0.0, 0.0, 0.10094592720270157, 0.0, 0.0, 0.10094592720270157, 0.0, 0.10094592720270157, 0.0, 0.10094592720270157, 0.0, 0.10094592720270157, 0.0, 0.0, 0.0, 0.0, 0.10094592720270157, 0.09148677438497543, 0.10094592720270157, 0.10094592720270157, 0.0]",-0.0008529588820611496
24,1.054776238695936,"[1.0049415556720906, 0.9975455133296259, 1.001241825514618, 1.003031333700905, 0.9955863491038955, 1.0049557556750985, 0.9962338025166899, 0.9939579025293115, 0.994921186016677, 0.9936607108003261, 1.0018530496526055, 1.0010586098237544, 1.018216960827659, 1.0014398786613694, 1.019856918461274, 1.0026001898356942, 1.0030996471444211, 1.006735523941124, 0.999082854229596, 0.994747797548095, 0.9815956183593482, 0.9818431869805262, 1.0033654236567857, 1.011410175696399, 1.003347567770803, 0.9857254510987102, 0.9973839072580829, 0.9902752065226572, 1.0155037812833412, 1.002580653831079]","[1.0023197455829744, 1.0189500069235145, 0.9976806184416427, 1.006149533415771, 1.0111034811249326, 1.0028847046160836, 1.0036601845435322, 0.9995141771667955, 0.9920956695340372, 0.995492875434628, 1.0071098451920055, 0.9743781338507802, 1.0000252268058436, 1.0193870273495158, 1.013170965387938, 1.006850461348515, 1.008398018454072, 1.0170721850929132, 1.0087737563478079, 1.0128492140671792, 0.9763108035922246, 0.9814447828176011, 0.9969031646757537, 0.9997755114770692, 0.9759747553631241, 0.9950847355741189, 1.022857434714938, 0.9967145480110321, 1.0126193132894208, 1.004685793545252]","[0.0023197455829744307, 0.01895000692351445, -0.002319381558357314, 0.006149533415771069, 0.011103481124932646, 0.0028847046160835887, 0.00366018454353223, -0.00048582283320453, -0.007904330465962839, -0.004507124565371945, 0.007109845192005526, -0.025621866149219796, 2.5226805843603373e-05, 0.019387027349515806, 0.013170965387937938, 0.006850461348514969, 0.008398018454071954, 0.017072185092913195, 0.00877375634780786, 0.012849214067179204, -0.023689196407775448, -0.018555217182398942, -0.0030968353242463165, -0.00022448852293077692, -0.024025244636875942, -0.004915264425881083, 0.022857434714937952, -0.0032854519889679024, 0.012619313289420786, 0.004685793545252004]","[0.0, 0.0, 0.0, 0.09022904187440872, 0.0, 0.0, 0.0, 0.0, 0.10216520726680756, 0.0, 0.09717989712953568, 0.10216520726680756, 0.10216520726680756, 0.09743454307317734, 0.10216520726680756, 0.0, 0.0, 0.0, 0.0, 0.0, 0.0, 0.0, 0.0, 0.10216520726680756, 0.0, 0.10216520726680756, 0.10216520726680756, 0.0, 0.0, 0.0]","[3.1917432156751627e-24, -5.180028878316027e-23, 0.0, 0.0, 3.244856027887872e-24, 0.0, 0.0, 0.0, 0.0, 2.749749082788162e-22, 0.0, 0.0, 0.0, 3.3653334125219467e-22, 4.503918893150307e-24, 0.0, 0.0, 0.0, 1.0, 4.567330857637428e-24, 0.0, 0.0, 3.1218856474577798e-24, 0.0, 0.0, 0.0, 0.0, 0.0, 0.0, 3.3074302005232327e-24]","[0.0, 0.0, 0.0, 0.0, 0.0, 0.011424846498644352, 0.008937120206938423, 0.0, 0.0027748250456146235, 0.0, 0.008843042246332674, 0.0, 0.0020296247322427532, 0.0, 0.004804884397955455, 0.0, 0.0, 0.0, 0.9102314703334564, 0.020065664537306193, 0.001633092857758745, 0.0, 0.0, 0.016356775753643797, 0.0036964057256696995, 0.0, 0.0, 0.009202247664436874, 0.0, 0.0]","[0.0, 0.0, 0.0, 0.09022904187440872, 0.0, 0.0, 0.0, 0.0, 0.10216520726680756, 0.0, 0.09717989712953568, 0.10216520726680756, 0.10216520726680756, 0.09743454307317734, 0.10216520726680756, 0.0, 0.0, 0.0, 0.0, 0.0, 0.0, 0.0, 0.0, 0.10216520726680756, 0.0, 0.10216520726680756, 0.10216520726680756, 0.0, 0.0, 0.0]",0.002402494353507134
25,1.065442031646181,"[1.0023197455829744, 1.0189500069235145, 0.9976806184416427, 1.006149533415771, 1.0111034811249326, 1.0028847046160836, 1.0036601845435322, 0.9995141771667955, 0.9920956695340372, 0.995492875434628, 1.0071098451920055, 0.9743781338507802, 1.0000252268058436, 1.0193870273495158, 1.013170965387938, 1.006850461348515, 1.008398018454072, 1.0170721850929132, 1.0087737563478079, 1.0128492140671792, 0.9763108035922246, 0.9814447828176011, 0.9969031646757537, 0.9997755114770692, 0.9759747553631241, 0.9950847355741189, 1.022857434714938, 0.9967145480110321, 1.0126193132894208, 1.004685793545252]","[1.0188175109154882, 1.0013102850705389, 1.0012687226423325, 1.0051652879393769, 1.012933026499254, 1.029707032098809, 0.9869328549273543, 1.0203014393022212, 0.997201882024821, 0.9955977129345267, 0.995236384071687, 1.013177386396344, 0.9777866651833528, 0.9806810786561379, 0.9946686372013053, 1.0091635193425832, 0.9946376601325053, 1.0054429997106304, 1.0331590858097999, 1.0075747521742826, 1.0132391494083626, 0.9980353049622572, 1.0054945276736502, 1.0113074577746188, 0.9904482796472125, 1.0048142179815849, 0.9847074495938077, 1.0218903331494937, 0.9991465223723281, 1.0172772495998856]","[0.018817510915488223, 0.0013102850705388747, 0.001268722642332465, 0.0051652879393768725, 0.012933026499253986, 0.029707032098809094, -0.013067145072645725, 0.02030143930222117, -0.0027981179751790375, -0.004402287065473298, -0.004763615928312981, 0.013177386396344026, -0.022213334816647223, -0.01931892134386215, -0.005331362798694728, 0.009163519342583193, -0.005362339867494681, 0.005442999710630447, 0.03315908580979987, 0.007574752174282606, 0.013239149408362572, -0.0019646950377427697, 0.005494527673650218, 0.011307457774618834, -0.009551720352787507, 0.0048142179815848785, -0.015292550406192262, 0.021890333149493735, -0.0008534776276718503, 0.017277249599885636]","[0.11160339415073395, 0.11160339415073395, 0.11160339415073395, 0.11160339415073395, 0.0, 0.0, 0.0, 0.06544934213161469, 0.0, 0.0, 0.0, 0.10290230810642242, 0.0, 0.0, 0.0, 0.11160339415073395, 0.06171625107526779, 0.0, 0.0, 0.0, 0.10031174123287201, 0.0, 0.0, 0.0, 0.0, 0.0, 0.0, 0.11160339415073395, 0.0, 0.0]","[-1.076406719314026e-22, 0.0, 0.0, 0.0, -1.0760084559526774e-22, 0.0, 0.0, -1.0685873510486575e-22, 0.0, -1.0641047257454179e-22, 0.0, 0.0, 0.0, 0.0, -1.0631093587121357e-22, -1.0766773796784638e-22, 0.0, 0.0, 1.0, 0.0, 0.0, 0.0, 0.0, -1.0751265483490178e-22, 0.0, 0.0, -1.0733664671654895e-22, 0.0, -1.0658857568559175e-22, 0.0]","[0.0, 0.006281192822989406, 0.0, 0.0, 0.0, 0.011863675588146216, 0.005387324032331428, 0.004410449906617114, 0.018943495610227287, 0.012533046682585551, 0.0, 0.007082046238325674, 0.007502417942834573, 0.024600724162990226, 0.0073857589993024655, 0.0008270837869328658, 0.00890880744937697, 0.0, 0.8495748865511616, 0.011601591544000972, 0.0018184550290450657, 0.0022537114509980595, 0.0, 0.006450449193349922, 0.0, 0.0, 0.005383794184388486, 0.0, 0.0, 0.007191088824395867]","[0.11160339415073395, 0.11160339415073395, 0.11160339415073395, 0.11160339415073395, 0.0, 0.0, 0.0, 0.06544934213161469, 0.0, 0.0, 0.0, 0.10290230810642242, 0.0, 0.0, 0.0, 0.11160339415073395, 0.06171625107526779, 0.0, 0.0, 0.0, 0.10031174123287201, 0.0, 0.0, 0.0, 0.0, 0.0, 0.0, 0.11160339415073395, 0.0, 0.0]",0.00962934548559829
26,1.066607267276554,"[1.0188175109154882, 1.0013102850705389, 1.0012687226423325, 1.0051652879393769, 1.012933026499254, 1.029707032098809, 0.9869328549273543, 1.0203014393022212, 0.997201882024821, 0.9955977129345267, 0.995236384071687, 1.013177386396344, 0.9777866651833528, 0.9806810786561379, 0.9946686372013053, 1.0091635193425832, 0.9946376601325053, 1.0054429997106304, 1.0331590858097999, 1.0075747521742826, 1.0132391494083626, 0.9980353049622572, 1.0054945276736502, 1.0113074577746188, 0.9904482796472125, 1.0048142179815849, 0.9847074495938077, 1.0218903331494937, 0.9991465223723281, 1.0172772495998856]","[1.0105891891760177, 0.9970183270243774, 0.9911925221248, 0.9924171024378693, 1.0121807605162128, 1.0185268230140472, 0.9925910858406947, 0.9760129884184071, 0.9927960818700469, 0.9988840360392537, 0.9954664371547006, 1.0071238636700768, 0.9951886808942906, 0.9843845605009811, 0.9795710960782258, 0.99781973446774, 1.012267455074994, 0.9972253459883527, 1.0061741578636991, 0.9868157811802966, 0.9975413158948064, 0.9991292792262383, 0.989686364064823, 0.9982014378297575, 0.9763148307828884, 1.0097372263138973, 1.0046363211797185, 1.0154318286706188, 1.033787146303372, 1.0011331283161253]","[0.0105891891760177, -0.0029816729756225735, -0.008807477875199976, -0.007582897562130708, 0.012180760516212752, 0.018526823014047178, -0.007408914159305335, -0.023987011581592887, -0.007203918129953135, -0.0011159639607463134, -0.004533562845299377, 0.00712386367007678, -0.004811319105709422, -0.01561543949901889, -0.02042890392177421, -0.0021802655322600284, 0.012267455074993938, -0.0027746540116473373, 0.006174157863699126, -0.013184218819703442, -0.002458684105193565, -0.0008707207737617129, -0.010313635935176979, -0.0017985621702425458, -0.023685169217111612, 0.009737226313897285, 0.004636321179718461, 0.015431828670618764, 0.033787146303372095, 0.0011331283161253314]","[0.0, 0.10482092946767807, 0.0, 0.0, 0.0, 0.0, 0.0, 0.0, 0.0, 0.0, 0.0, 0.10482092946767807, 0.10482092946767807, 0.0, 0.0, 0.0900508239865303, 0.10482092946767807, 0.0, 0.10482092946767807, 0.07473774999380112, 0.0, 0.0, 0.0, 0.10482092946767807, 0.0, 0.0, 0.10482092946767807, 0.0, 0.0, 0.10146504640579224]","[0.0, -1.0545511853544323e-22, 0.0, 0.0, 0.0, 0.0, 0.0, 2.273922565015222e-22, 1.1838559429313043e-22, 0.0, 0.0, 0.0, -1.0455324547857001e-22, 1.1663533819961338e-22, -1.0432092879544023e-22, 0.0, 0.0, 0.0, 1.0, -1.046444322586983e-22, 0.0, 0.0, 0.0, 0.0, -1.0455756906187267e-22, 0.0, -1.0525800904423267e-22, 0.0, 0.0, 0.0]","[0.0, 0.007023770002721309, 0.0, 0.0, 0.0, 0.004576644420293375, 0.010303597736981286, 0.008232384141083904, 0.0, 0.005911160013846854, 0.0022942205374073903, 0.005667938956024387, 0.0, 0.003798965645546286, 0.0, 0.0, 0.019242863364912273, 0.011588871981015202, 0.8757248818075014, 0.016778017028594633, 0.004664079864917556, 0.005440415889556411, 0.003465564725787046, 0.0, 0.0, 0.0, 0.0007399113198745387, 0.007605405050413872, 0.006941307513522046, 0.0]","[0.0, 0.10482091456651688, 0.0, 0.0, 0.0, 0.0, 0.0, 0.0, 0.0, 0.0, 0.0, 0.10482091456651688, 0.10482091456651688, 0.0, 0.0, 0.09005081653594971, 0.10482091456651688, 0.0, 0.10482091456651688, 0.07473774254322052, 0.0, 0.0, 0.0, 0.10482091456651688, 0.0, 0.0, 0.10482091456651688, 0.0, 0.0, 0.10146503150463104]",0.0006215880260593842
27,1.0608000019668695,"[1.0105891891760177, 0.9970183270243774, 0.9911925221248, 0.9924171024378693, 1.0121807605162128, 1.0185268230140472, 0.9925910858406947, 0.9760129884184071, 0.9927960818700469, 0.9988840360392537, 0.9954664371547006, 1.0071238636700768, 0.9951886808942906, 0.9843845605009811, 0.9795710960782258, 0.99781973446774, 1.012267455074994, 0.9972253459883527, 1.0061741578636991, 0.9868157811802966, 0.9975413158948064, 0.9991292792262383, 0.989686364064823, 0.9982014378297575, 0.9763148307828884, 1.0097372263138973, 1.0046363211797185, 1.0154318286706188, 1.033787146303372, 1.0011331283161253]","[1.0080083693905288, 1.0141366995536203, 1.01176533838044, 1.0261660512494686, 1.0075016174449478, 1.0115653573512995, 1.0016327671251266, 1.020305840523928, 0.9981571062649747, 0.9997716529738898, 0.9911299058879407, 1.010553087417176, 1.003584489519586, 1.0065883669078748, 0.9776981433046444, 1.0091040128911466, 0.9856880090656435, 0.996753272787899, 1.0068522677198675, 0.9755729149137392, 0.9870013810262951, 1.003068928778099, 0.989935503404687, 0.9805780044710666, 0.9988255606891787, 1.0109975661264414, 1.0011280618066873, 0.9839447680373765, 0.9985724802745011, 1.0065389253525192]","[0.008008369390528847, 0.014136699553620291, 0.011765338380439916, 0.02616605124946858, 0.007501617444947817, 0.011565357351299488, 0.0016327671251266107, 0.02030584052392803, -0.0018428937350253305, -0.0002283470261101872, -0.008870094112059301, 0.010553087417175977, 0.0035844895195860094, 0.0065883669078747875, -0.02230185669535556, 0.009104012891146596, -0.014311990934356533, -0.0032467272121009527, 0.006852267719867466, -0.02442708508626079, -0.012998618973704912, 0.003068928778098945, -0.010064496595313055, -0.019421995528933422, -0.0011744393108212847, 0.010997566126441427, 0.0011280618066873416, -0.016055231962623484, -0.001427519725498927, 0.006538925352519209]","[0.0, 0.0, 0.0, 0.0, 0.0, 0.0, 0.0, 0.0, 0.11534509807825089, 0.0, 0.0, 0.0, 0.0, 0.056702982634305954, 0.11040513217449188, 0.0, 0.0, 0.0, 0.0, 0.0, 0.11534509807825089, 0.11534509807825089, 0.11534509807825089, 0.0, 0.0, 0.0888906866312027, 0.08549336344003677, 0.11141691356897354, 0.08571051806211472, 0.0]","[0.0, 3.397098756733514e-22, 0.0, 0.0, 0.0, 0.0, 0.0, 2.840306050513747e-22, 0.0, 0.0, 0.0, 0.0, 2.297818418650026e-22, 4.50791100449616e-22, 2.3006922005324067e-22, 0.0, 0.0, 0.0, 1.0, 2.296958639087796e-22, 0.0, 0.0, 0.0, 0.0, 2.2975476863328455e-22, 0.0, 0.0, 3.405795792382732e-22, 2.8494067164593637e-22, 0.0]","[0.007772971362687198, 0.008261983090723688, 0.006522178338515631, 0.01368540561179344, 0.0, 0.002860037722911786, 0.0, 0.0, 0.0, 0.004680534958511017, 0.0, 0.0, 0.014138461735905413, 0.0, 0.006346638744661328, 0.0, 0.0, 0.0005119578056969627, 0.8787794940617564, 0.0030513230339093617, 0.0, 0.0, 0.0, 0.01551327290008707, 0.0, 0.016187706466535466, 0.0, 0.013964216757812578, 0.007723817408492665, 0.0]","[0.0, 0.0, 0.0, 0.0, 0.0, 0.0, 0.0, 0.0, 0.11534509807825089, 0.0, 0.0, 0.0, 0.0, 0.056702982634305954, 0.11040513217449188, 0.0, 0.0, 0.0, 0.0, 0.0, 0.11534509807825089, 0.11534509807825089, 0.11534509807825089, 0.0, 0.0, 0.0888906866312027, 0.08549336344003677, 0.11141691356897354, 0.08571051806211472, 0.0]",-0.005826263580399728
28,1.057968040547147,"[1.0080083693905288, 1.0141366995536203, 1.01176533838044, 1.0261660512494686, 1.0075016174449478, 1.0115653573512995, 1.0016327671251266, 1.020305840523928, 0.9981571062649747, 0.9997716529738898, 0.9911299058879407, 1.010553087417176, 1.003584489519586, 1.0065883669078748, 0.9776981433046444, 1.0091040128911466, 0.9856880090656435, 0.996753272787899, 1.0068522677198675, 0.9755729149137392, 0.9870013810262951, 1.003068928778099, 0.989935503404687, 0.9805780044710666, 0.9988255606891787, 1.0109975661264414, 1.0011280618066873, 0.9839447680373765, 0.9985724802745011, 1.0065389253525192]","[0.9705155227033806, 1.0073191326897877, 0.9751023397198394, 1.0129724785818615, 0.9997754056569149, 0.9993650621654604, 0.991432940407513, 1.0060505977861123, 1.0289717048010631, 1.0079949697625272, 1.0009658077970311, 1.0025159295715478, 1.0090251095437568, 0.9980892978855385, 1.0096120712955488, 0.9938172377147177, 0.9978832510776954, 1.0150264826948332, 1.0160570015434103, 0.9951924660152212, 0.9981775962785645, 0.993634780523991, 1.0047276393697677, 0.9807999818036234, 0.9978638015643871, 1.0031218279303329, 0.9868179829585096, 1.0107564256144719, 0.9933287651154814, 1.017958229574825]","[-0.029484477296619405, 0.007319132689787677, -0.024897660280160605, 0.012972478581861457, -0.00022459434308508275, -0.0006349378345396062, -0.008567059592487047, 0.006050597786112277, 0.028971704801063147, 0.007994969762527226, 0.0009658077970311485, 0.0025159295715477814, 0.009025109543756793, -0.0019107021144615377, 0.009612071295548752, -0.006182762285282251, -0.002116748922304623, 0.015026482694833199, 0.016057001543410276, -0.0048075339847788445, -0.001822403721435495, -0.0063652194760089875, 0.004727639369767722, -0.019200018196376623, -0.002136198435612857, 0.0031218279303328877, -0.013182017041490357, 0.010756425614471876, -0.006671234884518595, 0.01795822957482507]","[0.0, 0.0, 0.11179576814174652, 0.0, 0.10161691159009933, 0.0, 0.0, 0.0, 0.0, 0.0, 0.0, 0.0, 0.0, 0.05619838833808899, 0.0, 0.0, 0.0812719464302063, 0.0, 0.11179576814174652, 0.0, 0.11179576814174652, 0.11179576814174652, 0.0, 0.0, 0.09013811498880386, 0.0, 0.11179576814174652, 0.11179576814174652, 0.0, 0.0]","[0.0, 1.1529085183332925e-22, 0.0, 0.0, 0.0, 0.0, 0.0, 2.2612745262090334e-22, 0.0, 1.7166185965636677e-22, 0.0, 0.0, 0.0, 2.2635117491715275e-22, 0.0, 0.0, 1.1553894224015617e-22, 1.1497143436757442e-22, 1.0, 0.0, 0.0, 0.0, 0.0, 0.0, 1.1603375305818112e-22, 0.0, 0.0, 0.0, 1.1581204752489525e-22, 3.365699098023321e-22]","[0.0, 0.0043445050825590414, 0.004331214031898015, 0.001222000612593764, 0.0016022078487339599, 0.00019777385516272939, 0.0, 0.0, 0.0, 0.0, 0.0, 0.0053528191362458, 0.004417681579134389, 0.0, 0.0, 0.011420830492869238, 0.014251673967802301, 0.0, 0.8864136860352936, 0.020768510738648622, 0.0022999980986314907, 0.017965080337827594, 0.0, 0.017553577983367374, 0.0, 0.002313377546342223, 0.0, 0.0, 0.0, 0.00554506265288983]","[0.0, 0.0, 0.11179576814174652, 0.0, 0.10161691159009933, 0.0, 0.0, 0.0, 0.0, 0.0, 0.0, 0.0, 0.0, 0.05619838833808899, 0.0, 0.0, 0.0812719464302063, 0.0, 0.11179576814174652, 0.0, 0.11179576814174652, 0.11179576814174652, 0.0, 0.0, 0.09013811498880386, 0.0, 0.11179576814174652, 0.11179576814174652, 0.0, 0.0]",-0.003155626921227675
29,1.0580965877838395,"[0.9705155227033806, 1.0073191326897877, 0.9751023397198394, 1.0129724785818615, 0.9997754056569149, 0.9993650621654604, 0.991432940407513, 1.0060505977861123, 1.0289717048010631, 1.0079949697625272, 1.0009658077970311, 1.0025159295715478, 1.0090251095437568, 0.9980892978855385, 1.0096120712955488, 0.9938172377147177, 0.9978832510776954, 1.0150264826948332, 1.0160570015434103, 0.9951924660152212, 0.9981775962785645, 0.993634780523991, 1.0047276393697677, 0.9807999818036234, 0.9978638015643871, 1.0031218279303329, 0.9868179829585096, 1.0107564256144719, 0.9933287651154814, 1.017958229574825]","[0.9989513081295627, 1.0177279445478475, 0.9906886410865214, 0.9924560629756752, 1.0131544912603299, 1.010590754613129, 0.9842436167483438, 0.9910862839341463, 1.0063978660132264, 1.0043012999340304, 1.0085382123802846, 1.0041843464566451, 0.9939006180005816, 0.9825781857047101, 1.0176236640154859, 0.9887890894790679, 1.0209968909734606, 0.9889684694126281, 1.0090670543816742, 0.9839726913388837, 1.0021320980869823, 1.0068575722504045, 0.9902973931325284, 0.9808199462696588, 1.010721194160371, 1.0070966809116542, 0.9938075885025689, 1.001546675865015, 1.0112176545425378, 0.9884134506417801]","[-0.0010486918704373238, 0.01772794454784754, -0.009311358913478562, -0.007543937024324765, 0.01315449126032986, 0.010590754613128972, -0.01575638325165618, -0.008913716065853672, 0.00639786601322645, 0.004301299934030389, 0.008538212380284627, 0.004184346456645116, -0.006099381999418396, -0.017421814295289884, 0.017623664015485874, -0.011210910520932149, 0.02099689097346058, -0.01103153058737194, 0.009067054381674211, -0.016027308661116346, 0.002132098086982337, 0.006857572250404509, -0.009702606867471597, -0.01918005373034115, 0.010721194160371095, 0.007096680911654163, -0.006192411497431105, 0.0015466758650148904, 0.011217654542537758, -0.0115865493582199]","[0.0, 0.0, 0.08436319977045059, 0.0, 0.09648929536342621, 0.10239343345165253, 0.0, 0.0, 0.0, 0.10239343345165253, 0.10239343345165253, 0.10239343345165253, 0.0, 0.10239343345165253, 0.0, 0.10239343345165253, 0.0, 0.0, 0.10239343345165253, 0.0, 0.0, 0.0, 0.0, 0.0, 0.0, 0.0, 0.0, 0.0, 0.0, 0.10239343345165253]","[1.1429104572257755e-22, 0.0, 0.0, 0.0, 0.0, 0.0, 0.0, 1.7017629612366525e-22, 0.0, 2.8211925790339973e-22, 2.253595840839867e-22, 0.0, 1.1539736219031914e-22, 0.0, 0.0, 1.1439868559587973e-22, 1.151320173647945e-22, 0.0, 1.0, 0.0, 0.0, 0.0, 1.1427724185851647e-22, 0.0, 0.0, 0.0, 0.0, 1.153425111138573e-22, 0.0, 0.0]","[0.004956541677222621, 0.007827913031437846, 0.0, 0.00014359857422251293, 0.014792121251280547, 0.010847037493588797, 0.0009734615935493521, 0.0, 0.0, 0.012454610923052957, 0.004522237270048407, 0.0, 0.006906921183264594, 0.0, 0.005104610688258695, 0.006142969031309786, 0.0, 0.0, 0.9061118400775171, 0.005836210824394236, 0.0, 0.0, 0.0, 0.006480059865399092, 0.0, 0.0008021432846719792, 0.0, 0.0, 0.006097723230781463, 0.0]","[0.0, 0.0, 0.08436319977045059, 0.0, 0.09648929536342621, 0.10239343345165253, 0.0, 0.0, 0.0, 0.10239343345165253, 0.10239343345165253, 0.10239343345165253, 0.0, 0.10239343345165253, 0.0, 0.10239343345165253, 0.0, 0.0, 0.10239343345165253, 0.0, 0.0, 0.0, 0.0, 0.0, 0.0, 0.0, 0.0, 0.0, 0.0, 0.10239343345165253]",-0.0003925813525108571
30,1.0570682534847686,"[0.9989513081295627, 1.0177279445478475, 0.9906886410865214, 0.9924560629756752, 1.0131544912603299, 1.010590754613129, 0.9842436167483438, 0.9910862839341463, 1.0063978660132264, 1.0043012999340304, 1.0085382123802846, 1.0041843464566451, 0.9939006180005816, 0.9825781857047101, 1.0176236640154859, 0.9887890894790679, 1.0209968909734606, 0.9889684694126281, 1.0090670543816742, 0.9839726913388837, 1.0021320980869823, 1.0068575722504045, 0.9902973931325284, 0.9808199462696588, 1.010721194160371, 1.0070966809116542, 0.9938075885025689, 1.001546675865015, 1.0112176545425378, 0.9884134506417801]","[1.0097838829139616, 1.0120720178641425, 0.9895723907362063, 1.002170324167468, 0.9831128644549347, 1.0029395394658769, 1.000015446776875, 1.001738907981506, 1.01256980703742, 1.0059272899370308, 1.0034086251456376, 0.9899013110078076, 0.9933905816196511, 1.0160546532641748, 0.9895440628806351, 0.9872086832643999, 1.0015812542730498, 1.0037221149673696, 1.0014289914656564, 1.002249556188797, 1.0046921264349697, 1.0204110725292068, 1.0028101517884096, 1.0202114299910592, 1.0155156873149587, 0.998793090995562, 0.9788114341447827, 0.9952439532132521, 1.0027076427740635, 1.0071041686990039]","[0.009783882913961595, 0.01207201786414247, -0.010427609263793713, 0.002170324167467985, -0.016887135545065268, 0.0029395394658768836, 1.5446776874927792e-05, 0.0017389079815059993, 0.012569807037420055, 0.005927289937030844, 0.003408625145637556, -0.01009868899219235, -0.006609418380348897, 0.016054653264174767, -0.010455937119364878, -0.012791316735600078, 0.0015812542730497814, 0.0037221149673696274, 0.0014289914656564484, 0.002249556188796964, 0.004692126434969746, 0.02041107252920682, 0.0028101517884095983, 0.020211429991059182, 0.01551568731495867, -0.0012069090044379838, -0.021188565855217334, -0.004756046786747903, 0.0027076427740635456, 0.007104168699003877]","[0.0, 0.14567336440086365, 0.14567336440086365, 0.0, 0.0, 0.0, 0.14567336440086365, 0.0, 0.0, 0.0, 0.0, 0.0, 0.14567336440086365, 0.04454547539353371, 0.14567336440086365, 0.0, 0.0, 0.0, 0.0, 0.04734216257929802, 0.09317221492528915, 0.0, 0.05619850382208824, 0.0, 0.0, 0.0, 0.0, 0.03037480264902115, 0.0, 0.0]","[0.0, -1.0560310154429932e-22, 0.0, 0.0, 0.0, -1.068718734569012e-22, 5.930016198782687e-24, 0.0, 6.883275288324938e-24, -1.5992340265581714e-22, 0.0, 0.0, 0.0, 0.0, -2.1557331485778176e-22, 4.810754002814965e-24, -1.0516898761025202e-22, 0.0, 1.0, 0.0, 0.0, 0.0, 0.0, 0.0, 0.0, 0.0, 0.0, 0.0, 0.0, -1.6206863546346965e-22]","[0.0, 0.015319146812912507, 0.0, 0.002657339085596133, 0.0, 0.0, 0.012983831572249112, 0.0, 0.005098130790414352, 0.021120172355937543, 0.0, 0.0, 0.0, 0.0, 0.006114770655221926, 0.0, 0.0, 0.015546540706839862, 0.9027087063832238, 0.0, 0.0, 0.003067936191373492, 0.0, 0.011695947138191142, 0.0, 0.00041615165702083115, 0.0, 0.003271326651018926, 0.0, 0.0]","[0.0, 0.14567336440086365, 0.14567336440086365, 0.0, 0.0, 0.0, 0.14567336440086365, 0.0, 0.0, 0.0, 0.0, 0.0, 0.14567336440086365, 0.04454547539353371, 0.14567336440086365, 0.0, 0.0, 0.0, 0.0, 0.04734216257929802, 0.09317221492528915, 0.0, 0.05619850382208824, 0.0, 0.0, 0.0, 0.0, 0.03037480264902115, 0.0, 0.0]",-0.0013812082548285908
31,1.0508877822519307,"[1.0097838829139616, 1.0120720178641425, 0.9895723907362063, 1.002170324167468, 0.9831128644549347, 1.0029395394658769, 1.000015446776875, 1.001738907981506, 1.01256980703742, 1.0059272899370308, 1.0034086251456376, 0.9899013110078076, 0.9933905816196511, 1.0160546532641748, 0.9895440628806351, 0.9872086832643999, 1.0015812542730498, 1.0037221149673696, 1.0014289914656564, 1.002249556188797, 1.0046921264349697, 1.0204110725292068, 1.0028101517884096, 1.0202114299910592, 1.0155156873149587, 0.998793090995562, 0.9788114341447827, 0.9952439532132521, 1.0027076427740635, 1.0071041686990039]","[1.0033031443118574, 0.9798367126671956, 1.000933961859496, 0.9808946941836642, 0.9897330550461401, 0.9958504353528586, 1.0058629293023422, 1.0131530641115345, 0.9971931759894168, 0.9763568142713249, 1.0324069013553179, 1.0349977106841406, 0.9906530070343148, 1.001070156167368, 1.005737713513066, 0.9967017339243907, 1.0082383193706552, 0.9829666466160868, 0.9769417593748722, 1.0193293725412638, 1.0048671084967664, 0.9917799674353839, 1.0033751237951374, 0.9897925764593738, 1.0221867906139301, 0.9902989205952764, 0.9995646263291088, 0.9832235293611712, 1.0040096492358528, 0.9987198736072813]","[0.003303144311857409, -0.02016328733280437, 0.000933961859495902, -0.01910530581633585, -0.010266944953859936, -0.004149564647141446, 0.0058629293023422235, 0.013153064111534496, -0.0028068240105831865, -0.023643185728675076, 0.032406901355317874, 0.03499771068414059, -0.009346992965685197, 0.0010701561673680526, 0.005737713513066067, -0.0032982660756093463, 0.008238319370655223, -0.017033353383913208, -0.023058240625127846, 0.019329372541263767, 0.004867108496766415, -0.00822003256461612, 0.0033751237951373803, -0.010207423540626204, 0.02218679061393014, -0.009701079404723645, -0.0004353736708911926, -0.01677647063882881, 0.004009649235852786, -0.0012801263927186834]","[0.0, 0.0, 0.0, 0.0, 0.0, 0.10837138444185257, 0.0, 0.09720225632190704, 0.0, 0.08331035077571869, 0.0, 0.0, 0.10837138444185257, 0.0, 0.0, 0.0, 0.10837138444185257, 0.09912160038948059, 0.0, 0.0, 0.10837138444185257, 0.10837138444185257, 0.0, 0.07013753801584244, 0.0, 0.0, 0.0, 0.10837138444185257, 0.0, 0.0]","[2.278489828406763e-22, 0.0, 0.0, 0.0, 0.0, 0.0, 0.0, 0.0, 2.306252020979219e-22, 0.0, 0.0, 0.0, 2.297620141204023e-22, 0.0, 2.2989874627793157e-22, 0.0, 0.0, 0.0, 1.0, 2.3002649681032066e-22, 0.0, 2.2871317964803417e-22, 2.2782983742686266e-22, 0.0, 0.0, 0.0, 2.290294849589103e-22, 0.0, 2.2970438063292013e-22, 0.0]","[0.004381018792845675, 0.0015520792565109282, 0.00591316056256318, 0.015125334173332576, 0.0, 0.0, 0.0006382208676781938, 0.0011067618338357363, 0.0011391464397016548, 0.0059433532638374755, 0.0, 0.010878887560375907, 0.0, 0.0011779943764884742, 0.0015112261091411272, 0.007618121504682925, 0.005818549256951046, 0.0, 0.9106403099411966, 0.0, 0.0006947454682183848, 0.0, 0.004180880311537101, 0.005148798325263341, 0.0, 0.011585913395105655, 0.0, 0.0049454985607339545, 0.0, 0.0]","[0.0, 0.0, 0.0, 0.0, 0.0, 0.10837138444185257, 0.0, 0.09720225632190704, 0.0, 0.08331035077571869, 0.0, 0.0, 0.10837138444185257, 0.0, 0.0, 0.0, 0.10837138444185257, 0.09912160038948059, 0.0, 0.0, 0.10837138444185257, 0.10837138444185257, 0.0, 0.07013753801584244, 0.0, 0.0, 0.0, 0.10837138444185257, 0.0, 0.0]",-0.006214643617314952
32,1.0506918527044913,"[1.0033031443118574, 0.9798367126671956, 1.000933961859496, 0.9808946941836642, 0.9897330550461401, 0.9958504353528586, 1.0058629293023422, 1.0131530641115345, 0.9971931759894168, 0.9763568142713249, 1.0324069013553179, 1.0349977106841406, 0.9906530070343148, 1.001070156167368, 1.005737713513066, 0.9967017339243907, 1.0082383193706552, 0.9829666466160868, 0.9769417593748722, 1.0193293725412638, 1.0048671084967664, 0.9917799674353839, 1.0033751237951374, 0.9897925764593738, 1.0221867906139301, 0.9902989205952764, 0.9995646263291088, 0.9832235293611712, 1.0040096492358528, 0.9987198736072813]","[1.0111232838617161, 1.0250522081441238, 1.0069996945879645, 0.9971905022351967, 0.9869314034891612, 0.9979182586795962, 1.0169809019053782, 1.0048757360345968, 1.0008435864067327, 0.9995561344222302, 0.9974463633778291, 0.996139344052544, 0.9892014619832404, 0.9966648638595557, 0.9988267892101723, 0.9968093658954453, 0.9963453764316565, 0.9910135796574169, 0.9910221244338762, 1.0229262644710144, 1.016744963778351, 1.0250252552140133, 0.980802175538576, 1.010162463667398, 0.9988375148464722, 1.0045827454317946, 0.9921226161138031, 1.0126056104823924, 0.9968250960904173, 0.9992791557738796]","[0.011123283861716127, 0.02505220814412379, 0.006999694587964456, -0.002809497764803326, -0.013068596510838804, -0.0020817413204038404, 0.016980901905378154, 0.004875736034596789, 0.0008435864067326548, -0.0004438655777697642, -0.002553636622170896, -0.003860655947455993, -0.010798538016759562, -0.003335136140444339, -0.0011732107898276833, -0.0031906341045546682, -0.0036546235683434514, -0.008986420342583123, -0.008977875566123839, 0.022926264471014424, 0.016744963778350996, 0.02502525521401333, -0.01919782446142404, 0.010162463667398036, -0.0011624851535277925, 0.004582745431794599, -0.007877383886196854, 0.012605610482392393, -0.003174903909582749, -0.0007208442261203984]","[0.0, 0.11234596371650696, 0.0, 0.07822210341691971, 0.11234596371650696, 0.0, 0.0, 0.08583150058984756, 0.0, 0.0, 0.11234596371650696, 0.0, 0.06971529126167297, 0.0, 0.0, 0.0, 0.0, 0.11234596371650696, 0.0, 0.0, 0.0, 0.0, 0.0, 0.0, 0.11234596371650696, 0.11234596371650696, 0.0, 0.0, 0.0, 0.0921553298830986]","[0.0, 1.1544819575226507e-22, 0.0, 0.0, 0.0, 2.2592598334507015e-22, 0.0, 0.0, 0.0, 0.0, 1.16485938146971e-22, 0.0, 1.1645729132879929e-22, 0.0, 0.0, 0.0, 0.0, 0.0, 1.0, 0.0, 1.1501514024460396e-22, 0.0, 1.1564031976581415e-22, 1.1568729009101794e-22, 0.0, 0.0, 2.274465432096361e-22, 1.1612887184769874e-22, 0.0, 0.0]","[0.0, 0.008214402789225866, 0.0, 0.0028651484087631428, 0.0, 0.0, 0.0, 0.0, 0.014308467616804899, 0.0, 0.0, 0.007483709287889013, 0.0, 0.0, 0.012670494124160141, 0.0, 0.005469899184517488, 0.0, 0.9203078873588483, 0.0033600353986163807, 0.0, 0.008291203117142654, 0.0025190894532024282, 0.0029026032438698264, 0.0, 0.0, 0.0, 0.011607060016959875, 0.0, 0.0]","[0.0, 0.11234596371650696, 0.0, 0.07822210341691971, 0.11234596371650696, 0.0, 0.0, 0.08583150058984756, 0.0, 0.0, 0.11234596371650696, 0.0, 0.06971529126167297, 0.0, 0.0, 0.0, 0.0, 0.11234596371650696, 0.0, 0.0, 0.0, 0.0, 0.0, 0.0, 0.11234596371650696, 0.11234596371650696, 0.0, 0.0, 0.0, 0.0921553298830986]",-0.0005550668606069011
33,1.052020568555207,"[1.0111232838617161, 1.0250522081441238, 1.0069996945879645, 0.9971905022351967, 0.9869314034891612, 0.9979182586795962, 1.0169809019053782, 1.0048757360345968, 1.0008435864067327, 0.9995561344222302, 0.9974463633778291, 0.996139344052544, 0.9892014619832404, 0.9966648638595557, 0.9988267892101723, 0.9968093658954453, 0.9963453764316565, 0.9910135796574169, 0.9910221244338762, 1.0229262644710144, 1.016744963778351, 1.0250252552140133, 0.980802175538576, 1.010162463667398, 0.9988375148464722, 1.0045827454317946, 0.9921226161138031, 1.0126056104823924, 0.9968250960904173, 0.9992791557738796]","[1.0026687539573627, 1.0047136662859812, 0.9942841267655576, 1.0183425161314248, 1.0114724976641136, 1.0113290126481445, 1.0049335709174168, 0.9673536885140784, 0.9732464050168221, 1.0147500045555282, 0.9924826035766373, 0.9931138578475321, 1.0105052014459004, 0.983235766398378, 1.0089233720820105, 1.0009038949798565, 0.991938272376366, 0.9954701642244099, 1.0003325805955308, 0.9802016508067073, 0.9980962006871186, 1.0168296110922874, 1.0129667400309605, 0.9983039065281109, 1.0120271229562299, 0.9944048562252645, 1.002888673917249, 1.0012730316457559, 0.9900841245950472, 1.0066281674233428]","[0.0026687539573626573, 0.004713666285981244, -0.005715873234442448, 0.01834251613142479, 0.011472497664113623, 0.011329012648144454, 0.004933570917416752, -0.032646311485921564, -0.026753594983177864, 0.014750004555528218, -0.007517396423362688, -0.006886142152467856, 0.010505201445900392, -0.016764233601622047, 0.00892337208201055, 0.0009038949798565454, -0.008061727623633996, -0.004529835775590074, 0.0003325805955307626, -0.019798349193292708, -0.0019037993128814268, 0.016829611092287422, 0.012966740030960544, -0.0016960934718891485, 0.012027122956229874, -0.005595143774735467, 0.0028886739172488962, 0.0012730316457558732, -0.009915875404952756, 0.006628167423342823]","[0.0, 0.11437281966209412, 0.0, 0.05505235865712166, 0.0, 0.11234425753355026, 0.11437281966209412, 0.0, 0.0, 0.0, 0.0, 0.0, 0.0, 0.0, 0.0, 0.0, 0.11437281966209412, 0.11339747160673141, 0.08612600713968277, 0.0, 0.0, 0.062320735305547714, 0.0, 0.0, 0.0, 0.11437281966209412, 0.0, 0.0, 0.11326789855957031, 0.0]","[0.0, 0.0, 3.4027507200475454e-22, 0.0, 0.0, 2.2791387011064167e-22, 1.198003065424745e-22, 2.3003036444742754e-22, 1.2030885231632788e-22, 0.0, 0.0, 0.0, 0.0, 0.0, 0.0, 0.0, 0.0, 0.0, 1.0, 1.2115835827798136e-22, 0.0, 0.0, 0.0, 0.0, 1.206616909220383e-22, 0.0, 0.0, 0.0, 2.8597501503621693e-22, 4.503772365287834e-22]","[0.00676491033128959, 0.0, 0.0, 0.0, 0.003040050876868575, 0.0025898451891265698, 0.008308847165430386, 0.0, 0.015077420919306344, 0.0, 0.0, 0.020142648404168927, 0.010467522382917812, 0.0, 0.0011205724069938716, 0.0, 0.0, 0.0, 0.890458458939984, 0.00205168646467037, 0.0, 0.0050033880495112, 0.0, 0.015203581359116208, 0.0, 0.0, 0.0, 0.001630643552415817, 0.005345099078020118, 0.012795324880180474]","[0.0, 0.11437281966209412, 0.0, 0.05505235865712166, 0.0, 0.11234425753355026, 0.11437281966209412, 0.0, 0.0, 0.0, 0.0, 0.0, 0.0, 0.0, 0.0, 0.0, 0.11437281966209412, 0.11339747160673141, 0.08612600713968277, 0.0, 0.0, 0.062320735305547714, 0.0, 0.0, 0.0, 0.11437281966209412, 0.0, 0.0, 0.11326789855957031, 0.0]",0.0008259579592537799
34,1.0569490732465736,"[1.0026687539573627, 1.0047136662859812, 0.9942841267655576, 1.0183425161314248, 1.0114724976641136, 1.0113290126481445, 1.0049335709174168, 0.9673536885140784, 0.9732464050168221, 1.0147500045555282, 0.9924826035766373, 0.9931138578475321, 1.0105052014459004, 0.983235766398378, 1.0089233720820105, 1.0009038949798565, 0.991938272376366, 0.9954701642244099, 1.0003325805955308, 0.9802016508067073, 0.9980962006871186, 1.0168296110922874, 1.0129667400309605, 0.9983039065281109, 1.0120271229562299, 0.9944048562252645, 1.002888673917249, 1.0012730316457559, 0.9900841245950472, 1.0066281674233428]","[0.9809671767259519, 1.0090446551955572, 1.0060954279912706, 1.0159807096311706, 0.9998124675426519, 1.017646755806154, 1.0119524720576925, 1.0164275744372475, 0.9905033081351752, 1.0038938334604577, 1.0048380037997893, 1.0043113441676752, 1.028108539080407, 1.0094418309720499, 1.0055549859277366, 0.9980205900907018, 1.0132675067099124, 1.0044439377138945, 1.012801329413562, 0.9819526718295251, 0.9913021940017527, 0.9806841362185832, 1.012038251422286, 1.0082757552136956, 0.982455508169226, 0.9619652837799838, 0.9822525675547147, 0.9796320022638242, 1.0155556337964582, 0.9769885746798772]","[-0.019032823274048094, 0.009044655195557194, 0.006095427991270608, 0.015980709631170598, -0.0001875324573481496, 0.017646755806153935, 0.011952472057692454, 0.016427574437247516, -0.009496691864824824, 0.003893833460457685, 0.00483800379978927, 0.004311344167675202, 0.028108539080407002, 0.00944183097204987, 0.005554985927736622, -0.0019794099092982353, 0.013267506709912391, 0.004443937713894508, 0.012801329413562046, -0.01804732817047494, -0.008697805998247321, -0.01931586378141681, 0.012038251422286095, 0.008275755213695613, -0.017544491830774, -0.038034716220016196, -0.017747432445285316, -0.020367997736175814, 0.01555563379645819, -0.02301142532012279]","[0.10174877196550369, 0.0, 0.10174877196550369, 0.0, 0.0, 0.0, 0.0, 0.09119807183742523, 0.10174877196550369, 0.0, 0.10174877196550369, 0.09925252944231033, 0.10174877196550369, 0.0, 0.0973079726099968, 0.10174877196550369, 0.10174877196550369, 0.0, 0.0, 0.0, 0.0, 0.0, 0.0, 0.0, 0.0, 0.0, 0.0, 0.0, 0.0, 0.0]","[0.0, 2.562634855834244e-22, 0.0, 0.0, 0.0, 2.8289847030635577e-22, 0.0, 0.0, 0.0, 0.0, 0.0, 0.0, 0.0, 3.404616779362716e-22, 0.0, 0.0, 0.0, 0.0, 1.0, 2.3104605618919135e-22, 0.0, 2.291313175864364e-22, 0.0, 2.284316151027411e-22, 0.0, 0.0, 0.0, 2.291680488083207e-22, 2.2954443725706424e-22, 2.8323920352100082e-22]","[0.013541744080645492, 0.011157359686543307, 0.00875258457755864, 0.0, 0.0, 0.0, 0.0, 0.021715826220903008, 0.007717322208460563, 0.005827041510597718, 0.004893836113796459, 0.013928015857249613, 0.0, 0.001060391270756437, 0.0, 0.010142011420505121, 0.002636975181244338, 0.00033295266796377275, 0.8590096763335641, 0.00031600096200129664, 0.0, 0.0, 0.0, 0.017367777151406586, 0.01087968053649266, 0.010720804220310992, 0.0, 0.0, 0.0, 0.0]","[0.10174877196550369, 0.0, 0.10174877196550369, 0.0, 0.0, 0.0, 0.0, 0.09119807183742523, 0.10174877196550369, 0.0, 0.10174877196550369, 0.09925252944231033, 0.10174877196550369, 0.0, 0.0973079726099968, 0.10174877196550369, 0.10174877196550369, 0.0, 0.0, 0.0, 0.0, 0.0, 0.0, 0.0, 0.0, 0.0, 0.0, 0.0, 0.0, 0.0]",0.004312659152288491
35,1.0466784134194365,"[0.9809671767259519, 1.0090446551955572, 1.0060954279912706, 1.0159807096311706, 0.9998124675426519, 1.017646755806154, 1.0119524720576925, 1.0164275744372475, 0.9905033081351752, 1.0038938334604577, 1.0048380037997893, 1.0043113441676752, 1.028108539080407, 1.0094418309720499, 1.0055549859277366, 0.9980205900907018, 1.0132675067099124, 1.0044439377138945, 1.012801329413562, 0.9819526718295251, 0.9913021940017527, 0.9806841362185832, 1.012038251422286, 1.0082757552136956, 0.982455508169226, 0.9619652837799838, 0.9822525675547147, 0.9796320022638242, 1.0155556337964582, 0.9769885746798772]","[0.9731651778054478, 0.9894622446981041, 0.9855653659684361, 0.9875627622229439, 0.9925799508752942, 1.0022797017591596, 1.0028879801189567, 1.008938713197212, 1.0107773268900946, 0.9943232625276005, 1.0073823653175635, 1.029322112806475, 0.9952789880489372, 1.0215244915300525, 0.9819865769828449, 0.9953400969059522, 0.9930509391439952, 0.9749851297912102, 0.9711042705674391, 1.0044699727596522, 1.0226981480962702, 1.0238039402135621, 1.0162280824335277, 0.9766563593318344, 1.0019676971255211, 0.9932450876554141, 0.9986185614929708, 0.9995955724716303, 1.003017545226349, 0.9907443251292032]","[-0.026834822194552244, -0.010537755301895935, -0.014434634031563864, -0.012437237777056076, -0.007420049124705841, 0.0022797017591595914, 0.0028879801189567456, 0.008938713197212067, 0.010777326890094585, -0.005676737472399496, 0.007382365317563533, 0.029322112806474898, -0.004721011951062781, 0.021524491530052536, -0.01801342301715514, -0.004659903094047846, -0.006949060856004774, -0.025014870208789786, -0.028895729432560913, 0.004469972759652219, 0.022698148096270243, 0.023803940213562136, 0.01622808243352769, -0.023343640668165633, 0.0019676971255211395, -0.006754912344585917, -0.001381438507029209, -0.00040442752836966633, 0.0030175452263490055, -0.009255674870796815]","[0.1083839014172554, 0.0, 0.0, 0.1083839014172554, 0.10376852005720139, 0.0, 0.0, 0.0, 0.0, 0.1083839014172554, 0.0, 0.0, 0.0, 0.0, 0.0980621948838234, 0.0, 0.0, 0.07071727514266968, 0.0, 0.1083839014172554, 0.0, 0.0, 0.1083839014172554, 0.09224561601877213, 0.0, 0.0932869166135788, 0.0, 0.0, 0.0, 0.0]","[0.0, 5.048625508495502e-22, 5.603553155250479e-22, 0.0, 0.0, 0.0, 0.0, 0.0, 0.0, 0.0, 0.0, 0.0, 0.0, 5.610502835829833e-22, 4.506632433686194e-22, 0.0, 3.94429064477239e-22, 0.0, 1.0, 3.4057691849980303e-22, 0.0, 0.0, 0.0, 0.0, 0.0, 0.0, 0.0, 4.50124128914214e-22, 4.501395318640412e-22, 3.9344963744166018e-22]","[0.00334640238310487, 0.0, 0.0, 0.011341079845591419, 0.0, 0.000637111385038073, 0.0, 0.003772737389740883, 0.0, 0.0, 0.00808821787882972, 0.0, 0.0, 0.0, 0.0, 0.002436866069526498, 0.0, 0.0, 0.9507327246915859, 0.0, 0.0013262555168917492, 0.0, 0.0, 0.0, 0.006319150547234663, 0.00328171298258874, 0.003230782865006596, 0.0, 0.0, 0.00548695844486104]","[0.1083839014172554, 0.0, 0.0, 0.1083839014172554, 0.10376852005720139, 0.0, 0.0, 0.0, 0.0, 0.1083839014172554, 0.0, 0.0, 0.0, 0.0, 0.0980621948838234, 0.0, 0.0, 0.07071727514266968, 0.0, 0.1083839014172554, 0.0, 0.0, 0.1083839014172554, 0.09224561601877213, 0.0, 0.0932869166135788, 0.0, 0.0, 0.0, 0.0]",-0.01015200681589925
36,1.052469402011302,"[0.9731651778054478, 0.9894622446981041, 0.9855653659684361, 0.9875627622229439, 0.9925799508752942, 1.0022797017591596, 1.0028879801189567, 1.008938713197212, 1.0107773268900946, 0.9943232625276005, 1.0073823653175635, 1.029322112806475, 0.9952789880489372, 1.0215244915300525, 0.9819865769828449, 0.9953400969059522, 0.9930509391439952, 0.9749851297912102, 0.9711042705674391, 1.0044699727596522, 1.0226981480962702, 1.0238039402135621, 1.0162280824335277, 0.9766563593318344, 1.0019676971255211, 0.9932450876554141, 0.9986185614929708, 0.9995955724716303, 1.003017545226349, 0.9907443251292032]","[1.0040077041530213, 1.0073590312833152, 1.0015100330760731, 1.0069746600198743, 1.00323059242475, 0.9974851418531124, 0.9989328996166594, 1.0191787735377553, 1.0015649484446132, 0.9896796866393686, 1.0051810921279682, 0.9935651407523223, 0.993702933483009, 0.9944121608623071, 1.001328708461315, 1.010383975914737, 0.99583452361057, 1.0141043655634905, 1.0046879612609634, 1.0051590728633693, 1.0023186809802977, 1.004243503601379, 0.9983040820495949, 1.0216989931985194, 1.0131574512621235, 0.9897217798583445, 1.0266536315034291, 0.9862608011898106, 0.9955070933810574, 1.0133169536979219]","[0.004007704153021319, 0.007359031283315165, 0.001510033076073114, 0.006974660019874346, 0.0032305924247499895, -0.0025148581468875664, -0.001067100383340569, 0.019178773537755323, 0.00156494844461319, -0.010320313360631439, 0.005181092127968245, -0.006434859247677727, -0.006297066516991023, -0.005587839137692896, 0.0013287084613149425, 0.010383975914737054, -0.0041654763894299895, 0.014104365563490484, 0.00468796126096338, 0.005159072863369252, 0.0023186809802977493, 0.0042435036013790395, -0.0016959179504051347, 0.021698993198519423, 0.013157451262123532, -0.01027822014165547, 0.026653631503429143, -0.013739198810189368, -0.004492906618942638, 0.013316953697921852]","[0.0, 0.0, 0.0, 0.10777221620082855, 0.0, 0.0, 0.0, 0.0839579626917839, 0.0, 0.0849296897649765, 0.0, 0.10777221620082855, 0.10777221620082855, 0.0, 0.0, 0.0, 0.0, 0.10777221620082855, 0.0, 0.0, 0.0, 0.0, 0.0, 0.0, 0.10777221620082855, 0.10777221620082855, 0.08491130918264389, 0.0, 0.0, 0.0995677039027214]","[0.0, 0.0, 0.0, 0.0, 0.0, 6.133591952326616e-23, 0.0, 1.7404060644386945e-22, 0.0, 0.0, 1.1890470789727066e-22, 0.0, 0.0, 0.0, 0.0, 0.0, 0.0, 1.1619407522593847e-22, 1.0, 9.56605532103877e-24, 1.1823260708041083e-22, 1.7503429254398506e-22, 0.0, 0.0, 0.0, 1.1754802623751137e-22, 0.0, 0.0, 0.0, 6.159827705580223e-23]","[0.0, 0.0006019817999895042, 0.0008877447970108386, 0.000392793475739571, 0.0, 0.0, 0.007468285109511619, 0.0003130820510751174, 0.0, 0.0, 0.0, 0.0, 0.01152824548301911, 0.0034422440950243726, 0.0, 0.008119690709230127, 0.0, 0.009437204128133661, 0.8762648456427116, 0.004389814770438766, 0.01270590809427531, 0.0, 0.02438040909880819, 0.01780135911407748, 0.00870618676124023, 0.006099463729975234, 0.0, 0.0, 0.0, 0.007460741139739298]","[0.0, 0.0, 0.0, 0.10777221620082855, 0.0, 0.0, 0.0, 0.0839579626917839, 0.0, 0.0849296897649765, 0.0, 0.10777221620082855, 0.10777221620082855, 0.0, 0.0, 0.0, 0.0, 0.10777221620082855, 0.0, 0.0, 0.0, 0.0, 0.0, 0.0, 0.10777221620082855, 0.10777221620082855, 0.08491130918264389, 0.0, 0.0, 0.0995677039027214]",0.0051471109355299026
37,1.0542894072412756,"[1.0040077041530213, 1.0073590312833152, 1.0015100330760731, 1.0069746600198743, 1.00323059242475, 0.9974851418531124, 0.9989328996166594, 1.0191787735377553, 1.0015649484446132, 0.9896796866393686, 1.0051810921279682, 0.9935651407523223, 0.993702933483009, 0.9944121608623071, 1.001328708461315, 1.010383975914737, 0.99583452361057, 1.0141043655634905, 1.0046879612609634, 1.0051590728633693, 1.0023186809802977, 1.004243503601379, 0.9983040820495949, 1.0216989931985194, 1.0131574512621235, 0.9897217798583445, 1.0266536315034291, 0.9862608011898106, 0.9955070933810574, 1.0133169536979219]","[0.9847614285647549, 0.9852231591589538, 0.98623880191224, 0.9904969222049345, 1.0149187139385683, 0.9996707836954665, 0.9882045965132875, 1.0015380328741994, 0.9842440996831957, 1.0209096143549838, 1.0115281210747737, 1.0044377006731788, 0.9908513470465166, 1.0113854427018676, 1.0022118746708701, 0.9917107148728785, 0.9984454546286564, 1.0019899633825047, 1.003967137388947, 1.0221083710328003, 0.9853479803346722, 1.017077892645966, 1.009133307705794, 1.0273549741109171, 1.0150844167308415, 1.0193612486832337, 0.9951683049450849, 1.0051499400526096, 0.9605760480498698, 0.9961906943776315]","[-0.015238571435245096, -0.014776840841046246, -0.013761198087759996, -0.00950307779506554, 0.014918713938568251, -0.00032921630453353057, -0.011795403486712486, 0.001538032874199402, -0.015755900316804294, 0.02090961435498384, 0.011528121074773745, 0.004437700673178835, -0.009148652953483438, 0.011385442701867587, 0.0022118746708701398, -0.00828928512712146, -0.0015545453713435853, 0.001989963382504678, 0.00396713738894694, 0.022108371032800278, -0.014652019665327809, 0.017077892645966042, 0.009133307705794014, 0.02735497411091714, 0.015084416730841488, 0.019361248683233745, -0.004831695054915097, 0.005149940052609603, -0.039423951950130154, -0.003809305622368475]","[0.0, 0.0, 0.0, 0.0, 0.10052105039358139, 0.10052105039358139, 0.10052105039358139, 0.0, 0.0, 0.10052105039358139, 0.0, 0.0, 0.0, 0.0, 0.0, 0.10052105039358139, 0.10052105039358139, 0.0, 0.10052105039358139, 0.0, 0.0953105017542839, 0.10052105039358139, 0.0, 0.0, 0.0, 0.0, 0.0, 0.0, 0.0, 0.10052105039358139]","[0.0, 2.0341430695047674e-22, 0.0, 0.0, 0.0, 1.7485793638698013e-22, 0.0, 3.438247507488934e-22, 0.0, 0.0, 0.0, 1.2212072434451055e-22, 0.0, 3.4537209281097016e-22, 1.220398439982126e-22, 0.0, 0.0, 0.0, 1.0, 0.0, 0.0, 1.2318563722885597e-22, 0.0, 0.0, 1.2406569605994704e-22, 0.0, 0.0, 1.2200947109999498e-22, 0.0, 0.0]","[0.0033160356929673998, 0.0032315546892157333, 0.0012732685905508922, 0.0, 0.0, 0.0, 0.013146258597729733, 0.0, 0.001872660927465634, 0.0, 0.011880260310774238, 0.008241163579708135, 0.0, 0.0103839590676137, 0.0, 0.002179947504645951, 0.0, 0.0, 0.898751176063707, 0.0, 0.00997802373711459, 0.011192660001733136, 0.003774555123732808, 0.004617088943624239, 0.0023419603225581006, 0.0, 0.0, 0.003265752175918009, 0.0, 0.010553674670940573]","[0.0, 0.0, 0.0, 0.0, 0.10052105784416199, 0.10052105784416199, 0.10052105784416199, 0.0, 0.0, 0.10052105784416199, 0.0, 0.0, 0.0, 0.0, 0.0, 0.10052105784416199, 0.10052105784416199, 0.0, 0.10052105784416199, 0.0, 0.0953105092048645, 0.10052105784416199, 0.0, 0.0, 0.0, 0.0, 0.0, 0.0, 0.0, 0.10052105784416199]",0.00131405727211496
38,1.0604721495947913,"[0.9847614285647549, 0.9852231591589538, 0.98623880191224, 0.9904969222049345, 1.0149187139385683, 0.9996707836954665, 0.9882045965132875, 1.0015380328741994, 0.9842440996831957, 1.0209096143549838, 1.0115281210747737, 1.0044377006731788, 0.9908513470465166, 1.0113854427018676, 1.0022118746708701, 0.9917107148728785, 0.9984454546286564, 1.0019899633825047, 1.003967137388947, 1.0221083710328003, 0.9853479803346722, 1.017077892645966, 1.009133307705794, 1.0273549741109171, 1.0150844167308415, 1.0193612486832337, 0.9951683049450849, 1.0051499400526096, 0.9605760480498698, 0.9961906943776315]","[1.0047373281646037, 0.9973739619165726, 1.0123561045329605, 1.0007046984517478, 0.9754614367893243, 1.0151472299950646, 1.0045365547256768, 0.9896505943403905, 1.000449946084859, 0.9987220259799624, 1.0251515391583992, 1.0293931359211437, 1.0024527984610232, 0.9983347851771615, 0.9914178923605605, 0.9950529548998025, 0.9791552478818069, 1.009314658611879, 1.0109866202408284, 1.0164174014820448, 0.998239027022547, 1.0152076962629974, 1.0050964755940208, 1.0161674138934755, 0.9979601968050038, 0.9910719618922748, 0.992842795673784, 0.9811898125928946, 1.010081765945385, 1.0001887926544575]","[0.004737328164603705, -0.002626038083427429, 0.012356104532960543, 0.0007046984517478094, -0.024538563210675712, 0.01514722999506457, 0.004536554725676822, -0.010349405659609512, 0.0004499460848590431, -0.0012779740200375977, 0.025151539158399183, 0.029393135921143676, 0.002452798461023198, -0.0016652148228385455, -0.008582107639439451, -0.0049470451001975, -0.020844752118193144, 0.009314658611879079, 0.010986620240828415, 0.016417401482044847, -0.0017609729774530347, 0.01520769626299745, 0.005096475594020822, 0.016167413893475535, -0.0020398031949961926, -0.008928038107725245, -0.007157204326216027, -0.018810187407105383, 0.010081765945384902, 0.0001887926544574814]","[0.0, 0.0, 0.1289907842874527, 0.0, 0.0, 0.0, 0.1289907842874527, 0.0, 0.08565035462379456, 0.0, 0.0, 0.0, 0.10810305178165436, 0.06031797081232071, 0.0, 0.0, 0.0, 0.06162437051534653, 0.1289907842874527, 0.10020596534013748, 0.0, 0.0, 0.0, 0.0, 0.0858834907412529, 0.0, 0.0, 0.0, 0.0, 0.1112423688173294]","[0.0, 3.40679235848459e-22, 0.0, 4.912813261450946e-24, 0.0, 0.0, 9.781090674836908e-24, 8.941562447779788e-24, -1.0032740173700251e-22, 1.7499951554318566e-22, 0.0, 0.0, 0.0, 0.0, 0.0, 0.0, 0.0, 0.0, 1.0, -9.965540621150311e-23, 0.0, -1.0091474743681301e-22, 0.0, 0.0, 1.0935575645808218e-23, 0.0, 0.0, 0.0, 0.0, 0.0]","[0.0, 0.0, 0.0027728242545762612, 0.009444985656967324, 0.006612851282716231, 0.010365639553745866, 0.0, 0.0, 0.0, 0.005510725693289003, 0.00159249409058224, 0.0, 0.0, 0.0, 0.0, 0.0, 0.003932207081091524, 0.0, 0.93978121474389, 0.0, 0.0, 0.0, 0.008948974112952417, 0.0, 0.0, 0.0, 0.002356379724637521, 0.0, 0.0, 0.00868170380555173]","[0.0, 0.0, 0.1289907991886139, 0.0, 0.0, 0.0, 0.1289907991886139, 0.0, 0.08565036207437515, 0.0, 0.0, 0.0, 0.10810305923223495, 0.06031797453761101, 0.0, 0.0, 0.0, 0.061624374240636826, 0.1289907991886139, 0.10020597279071808, 0.0, 0.0, 0.0, 0.0, 0.0858834981918335, 0.0, 0.0, 0.0, 0.0, 0.11124237626791]",0.005487062929246978
39,1.0595596529353117,"[1.0047373281646037, 0.9973739619165726, 1.0123561045329605, 1.0007046984517478, 0.9754614367893243, 1.0151472299950646, 1.0045365547256768, 0.9896505943403905, 1.000449946084859, 0.9987220259799624, 1.0251515391583992, 1.0293931359211437, 1.0024527984610232, 0.9983347851771615, 0.9914178923605605, 0.9950529548998025, 0.9791552478818069, 1.009314658611879, 1.0109866202408284, 1.0164174014820448, 0.998239027022547, 1.0152076962629974, 1.0050964755940208, 1.0161674138934755, 0.9979601968050038, 0.9910719618922748, 0.992842795673784, 0.9811898125928946, 1.010081765945385, 1.0001887926544575]","[0.9990480247179162, 1.0039476145269612, 1.039456981045063, 1.0163339805521132, 0.9910683777586242, 1.0048688775466876, 1.005221590943473, 1.0094059714685193, 1.0071777264337038, 1.0061374018515992, 1.0015635708823436, 1.0036786713328683, 0.994569293035243, 1.0088591108541745, 1.0003179444534755, 0.9812516908452287, 0.9957316045424588, 0.9914138282181421, 1.0032871630830982, 1.0198206713409919, 1.0004021549384876, 0.9880489178813241, 0.985916829343444, 0.9918590699394823, 1.0077547748265308, 1.0049087765330416, 1.0322820709276936, 0.9952264385286465, 1.0009342916808217, 0.9906915693108537]","[-0.0009519752820837946, 0.003947614526961241, 0.0394569810450629, 0.016333980552113214, -0.00893162224137578, 0.004868877546687633, 0.005221590943472965, 0.009405971468519292, 0.007177726433703846, 0.006137401851599167, 0.0015635708823436012, 0.003678671332868255, -0.005430706964757004, 0.008859110854174457, 0.00031794445347554934, -0.018748309154771325, -0.0042683954575412075, -0.008586171781857943, 0.003287163083098177, 0.019820671340991858, 0.00040215493848760886, -0.011951082118675904, -0.014083170656555954, -0.008140930060517748, 0.0077547748265307526, 0.004908776533041559, 0.03228207092769364, -0.004773561471353549, 0.0009342916808217083, -0.00930843068914633]","[0.0, 0.0, 0.0, 0.04416203498840332, 0.11899533122777939, 0.0, 0.10348299890756607, 0.0, 0.0, 0.0, 0.0, 0.13310569524765015, 0.0, 0.09753501415252686, 0.08236251771450043, 0.11867917329072952, 0.0, 0.0, 0.06321867555379868, 0.0, 0.0, 0.0, 0.0, 0.0, 0.10535284131765366, 0.0, 0.0, 0.0, 0.0, 0.13310569524765015]","[0.0, 6.488584143377904e-23, 0.0, 0.0, 0.0, 0.0, 1.1906178535686531e-23, 6.660391230434888e-23, 0.0, 0.0, 1.1192043117580579e-23, 0.0, 0.0, 0.0, 0.0, 0.0, 0.0, 7.442210581716259e-24, 1.0, -9.729069770917285e-23, 0.0, 0.0, 0.0, 8.615207341712496e-24, -9.76467094370003e-23, 0.0, 0.0, 0.0, 0.0, 1.7543156679393657e-22]","[0.008108573261430442, 0.0010068391679577146, 0.0, 0.009135974782213533, 0.0, 0.003188714338053037, 0.0, 0.001183174054262485, 0.007210007675270959, 0.010946915297605303, 0.0, 0.0, 0.01418600354254227, 0.0, 0.0, 0.002216589568269925, 0.021155969806107323, 0.0, 0.8505119196848171, 0.0, 0.009425219055631736, 0.0011793313617996285, 0.003157869116315464, 0.010208923222169918, 0.015917446737166913, 0.0, 0.012563103510673211, 0.0, 0.013312573946369321, 0.005384851871343662]","[0.0, 0.0, 0.0, 0.04416203498840332, 0.11899533122777939, 0.0, 0.10348299890756607, 0.0, 0.0, 0.0, 0.0, 0.13310569524765015, 0.0, 0.09753501415252686, 0.08236251771450043, 0.11867917329072952, 0.0, 0.0, 0.06321867555379868, 0.0, 0.0, 0.0, 0.0, 0.0, 0.10535284131765366, 0.0, 0.0, 0.0, 0.0, 0.13310569524765015]",-0.0012693149724516395
40,1.0636689782378492,"[0.9990480247179162, 1.0039476145269612, 1.039456981045063, 1.0163339805521132, 0.9910683777586242, 1.0048688775466876, 1.005221590943473, 1.0094059714685193, 1.0071777264337038, 1.0061374018515992, 1.0015635708823436, 1.0036786713328683, 0.994569293035243, 1.0088591108541745, 1.0003179444534755, 0.9812516908452287, 0.9957316045424588, 0.9914138282181421, 1.0032871630830982, 1.0198206713409919, 1.0004021549384876, 0.9880489178813241, 0.985916829343444, 0.9918590699394823, 1.0077547748265308, 1.0049087765330416, 1.0322820709276936, 0.9952264385286465, 1.0009342916808217, 0.9906915693108537]","[0.993399448456932, 1.0041621145420905, 1.0016724882312018, 0.9986180238977722, 0.9991286486956277, 1.0056438623518513, 0.9993794399178463, 1.0237793159189383, 0.9966199616632245, 0.9871191550973278, 1.0029375744142555, 0.9974912944299732, 1.0082787907616402, 0.9847814397168155, 1.0125260604376356, 0.9898257279298258, 0.9962481912395094, 1.0008764633061056, 1.0095387279571797, 0.9984006442406347, 0.985467259848362, 0.9983086471366668, 1.0092184808475733, 1.0021531984878724, 1.0302682132191379, 0.9968645706734156, 0.9842332692646184, 1.0167102581486902, 1.0061246917497044, 0.9962869081291386]","[-0.006600551543068045, 0.004162114542090478, 0.0016724882312018075, -0.0013819761022277888, -0.0008713513043723253, 0.005643862351851325, -0.0006205600821537205, 0.023779315918938337, -0.0033800383367754705, -0.012880844902672162, 0.0029375744142554616, -0.0025087055700268035, 0.008278790761640176, -0.015218560283184468, 0.0125260604376356, -0.010174272070174184, -0.003751808760490638, 0.0008764633061055793, 0.009538727957179693, -0.0015993557593653174, -0.014532740151637968, -0.0016913528633332175, 0.009218480847573263, 0.002153198487872432, 0.030268213219137863, -0.0031354293265843936, -0.015766730735381596, 0.016710258148690205, 0.006124691749704425, -0.00371309187086144]","[0.0, 0.0, 0.129972904920578, 0.0, 0.129972904920578, 0.0, 0.129972904920578, 0.05103497952222824, 0.0, 0.0, 0.0, 0.0, 0.10368969291448593, 0.0, 0.0, 0.0, 0.0, 0.0, 0.129972904920578, 0.03282872214913368, 0.0, 0.07012927532196045, 0.0, 0.0, 0.0, 0.0, 0.092452771961689, 0.129972904920578, 0.0, 0.0]","[0.0, 0.0, 0.0, 0.0, 0.0, 0.0, 0.0, 3.374606470706371e-22, 0.0, 5.036766572429705e-22, 3.3764670912261937e-22, 0.0, 0.0, 3.3816145759267395e-22, 3.3757254922103996e-22, 0.0, 0.0, 0.0, 1.0, 3.3865232445129944e-22, 0.0, 0.0, 0.0, 0.0, 3.385509171122459e-22, 0.0, 0.0, 3.376698809040637e-22, 0.0, 4.476109781349879e-22]","[0.0, 0.0, 0.0014186347633545994, 0.006620196841663431, 0.0, 0.0, 0.0, 0.0, 0.00944354461913316, 0.0, 0.0, 0.026105551761234132, 0.01694486898243302, 0.007724732443919355, 0.000434606091362325, 0.0, 0.004079419171789751, 0.0, 0.8823773359877357, 0.0052868751642924545, 0.00936574769293397, 0.0, 0.006789533525349588, 0.009192377991117176, 0.0018756710365963943, 0.0058178435501106355, 0.0, 0.0, 0.0, 0.00652306037697415]","[0.0, 0.0, 0.129972904920578, 0.0, 0.129972904920578, 0.0, 0.129972904920578, 0.05103497952222824, 0.0, 0.0, 0.0, 0.0, 0.10368969291448593, 0.0, 0.0, 0.0, 0.0, 0.0, 0.129972904920578, 0.03282872214913368, 0.0, 0.07012927532196045, 0.0, 0.0, 0.0, 0.0, 0.092452771961689, 0.129972904920578, 0.0, 0.0]",0.0034958546047230642
41,1.0555351691335975,"[0.993399448456932, 1.0041621145420905, 1.0016724882312018, 0.9986180238977722, 0.9991286486956277, 1.0056438623518513, 0.9993794399178463, 1.0237793159189383, 0.9966199616632245, 0.9871191550973278, 1.0029375744142555, 0.9974912944299732, 1.0082787907616402, 0.9847814397168155, 1.0125260604376356, 0.9898257279298258, 0.9962481912395094, 1.0008764633061056, 1.0095387279571797, 0.9984006442406347, 0.985467259848362, 0.9983086471366668, 1.0092184808475733, 1.0021531984878724, 1.0302682132191379, 0.9968645706734156, 0.9842332692646184, 1.0167102581486902, 1.0061246917497044, 0.9962869081291386]","[0.9975006326385405, 1.001893585791283, 1.0054059787569936, 0.988729364707858, 1.0246383577215052, 0.983944458931461, 0.9801465223162267, 1.000900202632825, 1.0049701892965233, 0.9934572836721124, 1.0100644069690223, 0.9943821472075277, 1.0075603020827533, 0.997671798841956, 0.9914680633772921, 0.9988469124924195, 1.009864049410192, 1.005260160092322, 1.0031607098900295, 0.9848501172643049, 1.0257332775079928, 1.0057869559237285, 0.989552585719125, 0.9720132463308738, 0.9949878026211298, 0.974230666887228, 1.0022104554075733, 0.9997957130707126, 1.0027697809457428, 1.0013044116853649]","[-0.0024993673614595036, 0.001893585791282959, 0.005405978756993557, -0.011270635292142006, 0.024638357721505244, -0.016055541068539014, -0.019853477683773324, 0.0009002026328250867, 0.004970189296523264, -0.00654271632788761, 0.010064406969022333, -0.005617852792472289, 0.007560302082753267, -0.0023282011580439965, -0.008531936622707903, -0.0011530875075804747, 0.009864049410192033, 0.005260160092322108, 0.0031607098900294783, -0.015149882735695064, 0.025733277507992813, 0.005786955923728465, -0.010447414280875034, -0.027986753669126174, -0.0050121973788701535, -0.025769333112771964, 0.002210455407573253, -0.00020428692928742276, 0.0027697809457427613, 0.0013044116853648813]","[0.0, 0.0, 0.0, 0.10264693200588226, 0.0, 0.0, 0.0902056023478508, 0.10264693200588226, 0.10264693200588226, 0.0, 0.10264693200588226, 0.10264693200588226, 0.0, 0.0, 0.0, 0.10264693200588226, 0.0, 0.0, 0.0, 0.0, 0.0, 0.0, 0.0, 0.08861901611089706, 0.10264693200588226, 0.10264693200588226, 0.0, 0.0, 0.0, 0.0]","[0.0, -1.570129263999845e-22, 0.0, 0.0, 0.0, 0.0, 0.0, 0.0, 0.0, -4.474617982947161e-23, 1.1343366191242764e-23, -9.975061612061827e-23, 0.0, -2.0917967381751046e-22, 0.0, 0.0, 0.0, 0.0, 1.0, 0.0, 0.0, -2.0959807497352854e-22, 0.0, 0.0, 0.0, 0.0, -2.104426462712562e-22, 1.142470614454412e-23, -9.970114611090998e-23, 0.0]","[0.0, 0.0, 0.0, 0.0, 0.015280629724239308, 0.003062188776001061, 0.002867527554718373, 0.012683895937648687, 0.0, 0.0064746227401994505, 0.0, 0.00469976758324065, 0.0, 0.0, 0.0003575324518674936, 0.0, 0.01806786987283792, 0.0, 0.9116203238130364, 0.0, 0.0, 0.00010410102898142354, 0.0, 0.0038195542734449136, 0.0, 0.0, 0.007419898907602829, 0.003711935505625633, 0.004384801734207368, 0.005445350096348601]","[0.0, 0.0, 0.0, 0.10264691710472107, 0.0, 0.0, 0.0902055948972702, 0.10264691710472107, 0.10264691710472107, 0.0, 0.10264691710472107, 0.10264691710472107, 0.0, 0.0, 0.0, 0.10264691710472107, 0.0, 0.0, 0.0, 0.0, 0.0, 0.0, 0.0, 0.08861900866031647, 0.10264691710472107, 0.10264691710472107, 0.0, 0.0, 0.0, 0.0]",-0.008080548519894024
42,1.0498970986045244,"[0.9975006326385405, 1.001893585791283, 1.0054059787569936, 0.988729364707858, 1.0246383577215052, 0.983944458931461, 0.9801465223162267, 1.000900202632825, 1.0049701892965233, 0.9934572836721124, 1.0100644069690223, 0.9943821472075277, 1.0075603020827533, 0.997671798841956, 0.9914680633772921, 0.9988469124924195, 1.009864049410192, 1.005260160092322, 1.0031607098900295, 0.9848501172643049, 1.0257332775079928, 1.0057869559237285, 0.989552585719125, 0.9720132463308738, 0.9949878026211298, 0.974230666887228, 1.0022104554075733, 0.9997957130707126, 1.0027697809457428, 1.0013044116853649]","[0.9894395793078693, 1.0151339894322258, 1.0130427978910272, 0.9964955973349819, 1.0080489130971106, 0.9802062615868165, 0.9940977476993961, 0.9982067390343003, 1.0125883668386977, 1.0084193933771404, 0.9947446076870685, 0.9888941544154451, 1.0138146836549908, 0.9957477780987148, 0.984799650358192, 0.9893789464759062, 0.9906707451206335, 0.9938856176513265, 0.9946134536437319, 1.0029517177730354, 0.9916198500636855, 1.0121591224441102, 1.0137339770268725, 0.9902382923057991, 0.999355321246213, 1.0063899404338648, 0.98792599834858, 1.0106945775580078, 0.9895903405324037, 0.996342575028362]","[-0.010560420692130701, 0.01513398943222577, 0.013042797891027247, -0.003504402665018058, 0.008048913097110644, -0.019793738413183548, -0.005902252300603927, -0.00179326096569965, 0.012588366838697684, 0.008419393377140372, -0.005255392312931484, -0.011105845584554852, 0.013814683654990834, -0.004252221901285158, -0.015200349641808053, -0.010621053524093815, -0.009329254879366533, -0.006114382348673453, -0.005386546356268118, 0.0029517177730353783, -0.00838014993631453, 0.012159122444110215, 0.013733977026872513, -0.009761707694200927, -0.0006446787537870424, 0.00638994043386476, -0.01207400165142003, 0.010694577558007845, -0.01040965946759631, -0.0036574249716380125]","[0.09999999403953552, 0.0, 0.09999999403953552, 0.0, 0.0, 0.09999999403953552, 0.0, 0.0, 0.09999999403953552, 0.0, 0.0, 0.09999999403953552, 0.0, 0.0, 0.09999999403953552, 0.09999999403953552, 0.09999999403953552, 0.0, 0.09999999403953552, 0.09999999403953552, 0.0, 0.0, 0.0, 0.0, 0.0, 0.0, 0.0, 0.0, 0.0, 0.0]","[0.0, 1.2331926492290037e-22, 0.0, 0.0, 0.0, 0.0, 0.0, 0.0, 1.7252014906034693e-23, 0.0, 0.0, 0.0, 0.0, 1.6609328804889535e-23, 2.3677689305517067e-22, 0.0, 0.0, 0.0, 1.0, 0.0, 0.0, 1.6141594931775567e-23, 1.241849667197095e-22, 0.0, 1.720345523564806e-23, 0.0, 0.0, 0.0, 1.2564038412705174e-22, 1.2274198390186764e-22]","[0.0, 0.0007558920268538725, 0.0, 0.0, 0.01264408000580148, 0.008242620350011129, 0.0020352530405218843, 0.0, 0.0, 0.005478863819357121, 0.012771626941677239, 0.0032308287711044323, 0.0, 0.0, 0.010363606897371768, 0.008163781015289374, 0.0, 0.002100242602075885, 0.9081631859907353, 0.002519025642978384, 0.006531168507618339, 0.006771273211734599, 0.0, 0.003015736444875102, 0.0, 0.0, 0.0036224167285751944, 0.0, 0.0, 0.003590398003418877]","[0.10000000894069672, 0.0, 0.10000000894069672, 0.0, 0.0, 0.10000000894069672, 0.0, 0.0, 0.10000000894069672, 0.0, 0.0, 0.10000000894069672, 0.0, 0.0, 0.10000000894069672, 0.10000000894069672, 0.10000000894069672, 0.0, 0.10000000894069672, 0.10000000894069672, 0.0, 0.0, 0.0, 0.0, 0.0, 0.0, 0.0, 0.0, 0.0, 0.0]",-0.005706814684036936
43,1.0437578212628116,"[0.9894395793078693, 1.0151339894322258, 1.0130427978910272, 0.9964955973349819, 1.0080489130971106, 0.9802062615868165, 0.9940977476993961, 0.9982067390343003, 1.0125883668386977, 1.0084193933771404, 0.9947446076870685, 0.9888941544154451, 1.0138146836549908, 0.9957477780987148, 0.984799650358192, 0.9893789464759062, 0.9906707451206335, 0.9938856176513265, 0.9946134536437319, 1.0029517177730354, 0.9916198500636855, 1.0121591224441102, 1.0137339770268725, 0.9902382923057991, 0.999355321246213, 1.0063899404338648, 0.98792599834858, 1.0106945775580078, 0.9895903405324037, 0.996342575028362]","[0.9968037658388381, 0.9795840735191288, 1.0068578801245516, 0.9911319848692847, 0.9891653202945061, 0.991178114135841, 0.9976883316866085, 0.9982647141959184, 0.9837809757692467, 0.9964048271600984, 1.0031417598117882, 1.0095472896733257, 0.9932316403957159, 1.0078492354267226, 1.0058200990792154, 0.9969003207096961, 0.9941584799219776, 0.9701369549748198, 0.9964991914325982, 1.0039188757690942, 1.0279345483035376, 0.987214180572911, 0.9912058623436701, 0.9770461508688596, 0.9917233675879374, 0.9891447410567161, 0.9870272976778937, 0.9803422485039097, 1.0178464222569747, 1.0064458920462396]","[-0.0031962341611618816, -0.020415926480871205, 0.006857880124551574, -0.008868015130715334, -0.0108346797054939, -0.008821885864158996, -0.0023116683133914684, -0.0017352858040815544, -0.016219024230753276, -0.003595172839901628, 0.003141759811788214, 0.009547289673325743, -0.006768359604284124, 0.007849235426722556, 0.005820099079215435, -0.0030996792903038584, -0.005841520078022411, -0.029863045025180224, -0.0035008085674017586, 0.003918875769094221, 0.027934548303537587, -0.012785819427089007, -0.008794137656329859, -0.022953849131140402, -0.008276632412062557, -0.010855258943283874, -0.012972702322106344, -0.01965775149609028, 0.017846422256974748, 0.006445892046239576]","[0.0, 0.0, 0.0, 0.0, 0.12096322327852249, 0.06704764813184738, 0.0, 0.0, 0.12096322327852249, 0.12096322327852249, 0.0, 0.12096322327852249, 0.0, 0.0, 0.10069822520017624, 0.0, 0.06841779500246048, 0.0, 0.12096322327852249, 0.0, 0.0, 0.11641241610050201, 0.0, 0.042607828974723816, 0.0, 0.0, 0.0, 0.0, 0.0, 0.0]","[0.0, 1.2002240151420257e-22, 0.0, 0.0, 1.1896506497941338e-22, 0.0, 1.221564091085077e-22, 6.574603817708704e-23, 0.0, 0.0, 0.0, 0.0, 0.0, 0.0, 0.0, 0.0, 0.0, 0.0, 1.0, 1.2991930324075382e-23, 0.0, 1.7816519318601563e-22, 0.0, 0.0, 1.2319181578159939e-23, 0.0, 0.0, 1.0731132626288809e-23, 0.0, 1.193586761814849e-22]","[0.0, 0.008801913800939158, 0.021695503554370384, 0.007052038203215895, 0.0043160638849494585, 0.0014233402994522594, 0.011575849450561901, 0.0, 0.0069195152592620955, 0.0, 0.0, 0.01710258179721578, 0.0, 0.0, 0.0, 0.02087714671756685, 0.0, 0.0, 0.8749931817237331, 0.0026014048508142015, 0.0, 0.0, 0.0, 0.007128158304988915, 0.015513302152929995, 0.0, 0.0, 0.0, 0.0, 0.0]","[0.0, 0.0, 0.0, 0.0, 0.12096322327852249, 0.06704764813184738, 0.0, 0.0, 0.12096322327852249, 0.12096322327852249, 0.0, 0.12096322327852249, 0.0, 0.0, 0.10069822520017624, 0.0, 0.06841779500246048, 0.0, 0.12096322327852249, 0.0, 0.0, 0.11641241610050201, 0.0, 0.042607828974723816, 0.0, 0.0, 0.0, 0.0, 0.0, 0.0]",-0.006214686365826301
44,1.0401917374888867,"[0.9968037658388381, 0.9795840735191288, 1.0068578801245516, 0.9911319848692847, 0.9891653202945061, 0.991178114135841, 0.9976883316866085, 0.9982647141959184, 0.9837809757692467, 0.9964048271600984, 1.0031417598117882, 1.0095472896733257, 0.9932316403957159, 1.0078492354267226, 1.0058200990792154, 0.9969003207096961, 0.9941584799219776, 0.9701369549748198, 0.9964991914325982, 1.0039188757690942, 1.0279345483035376, 0.987214180572911, 0.9912058623436701, 0.9770461508688596, 0.9917233675879374, 0.9891447410567161, 0.9870272976778937, 0.9803422485039097, 1.0178464222569747, 1.0064458920462396]","[0.9768212633413191, 1.0009568058573703, 1.0225778705501019, 0.9878087377178176, 0.9835185342485729, 1.0023263707366994, 1.0243878782820846, 1.0012509929138989, 1.0015458823448358, 0.9917461864701989, 1.0037933793471359, 1.017324340458883, 1.002171991617491, 0.9983901700092842, 0.9781951895086766, 1.005628185851228, 1.0035377771505902, 1.0129222437837573, 0.992582397315294, 1.0020838529895313, 1.0091757905894148, 1.005722850341859, 1.0049199946724963, 1.0194506304642297, 0.9965418461952654, 0.9947099468650916, 1.0031034054700283, 0.9913468934216285, 1.0056052255060246, 0.9971475443427105]","[-0.023178736658680865, 0.0009568058573703464, 0.022577870550101853, -0.012191262282182369, -0.01648146575142706, 0.00232637073669939, 0.024387878282084552, 0.0012509929138988518, 0.0015458823448357695, -0.008253813529801146, 0.0037933793471358612, 0.01732434045888298, 0.0021719916174909315, -0.0016098299907157942, -0.021804810491323434, 0.005628185851227929, 0.0035377771505902267, 0.012922243783757281, -0.007417602684706037, 0.0020838529895312874, 0.009175790589414756, 0.005722850341858932, 0.004919994672496264, 0.01945063046422968, -0.003458153804734576, -0.005290053134908379, 0.0031034054700282976, -0.008653106578371483, 0.005605225506024603, -0.002852455657289532]","[0.09999999403953552, 0.09999999403953552, 0.0, 0.0, 0.0, 0.09999999403953552, 0.0, 0.0, 0.0, 0.0, 0.0, 0.0, 0.0, 0.0, 0.09999999403953552, 0.09999999403953552, 0.0, 0.0, 0.0, 0.09999999403953552, 0.0, 0.09999999403953552, 0.0, 0.0, 0.0, 0.0, 0.0, 0.09999999403953552, 0.09999999403953552, 0.09999999403953552]","[0.0, 0.0, 0.0, 0.0, 0.0, 0.0, 0.0, 0.0, -2.122518424524335e-22, -2.1416594197308463e-22, 0.0, -2.1383652311306925e-22, 0.0, 0.0, -2.13811901189577e-22, 0.0, 7.839434840689388e-24, 0.0, 1.0, -2.1170918312829093e-22, 0.0, -4.642215470323019e-23, 0.0, 0.0, 0.0, 0.0, 0.0, -2.1362045246869616e-22, -2.137636139720255e-22, 0.0]","[0.0, 0.008830996864730236, 0.01002415966748806, 0.0074251552469819515, 0.006300068311348457, 0.0, 0.0013058067429594596, 0.0, 0.001106400110008401, 0.0, 0.014023237999629753, 0.0, 0.002228917359844184, 0.0, 0.0, 0.0006469211457370127, 0.0, 0.0, 0.9000264099918328, 0.0061604373249191545, 0.020719856224357323, 0.008186748746134008, 0.0, 0.0, 0.012525948885266631, 0.0, 0.0, 0.0, 0.0004889353787624757, 0.0]","[0.09999999403953552, 0.09999999403953552, 0.0, 0.0, 0.0, 0.09999999403953552, 0.0, 0.0, 0.0, 0.0, 0.0, 0.0, 0.0, 0.0, 0.09999999403953552, 0.09999999403953552, 0.0, 0.0, 0.0, 0.09999999403953552, 0.0, 0.09999999403953552, 0.0, 0.0, 0.0, 0.0, 0.0, 0.09999999403953552, 0.09999999403953552, 0.09999999403953552]",-0.0037451371202682727
45,1.0445535312553085,"[0.9768212633413191, 1.0009568058573703, 1.0225778705501019, 0.9878087377178176, 0.9835185342485729, 1.0023263707366994, 1.0243878782820846, 1.0012509929138989, 1.0015458823448358, 0.9917461864701989, 1.0037933793471359, 1.017324340458883, 1.002171991617491, 0.9983901700092842, 0.9781951895086766, 1.005628185851228, 1.0035377771505902, 1.0129222437837573, 0.992582397315294, 1.0020838529895313, 1.0091757905894148, 1.005722850341859, 1.0049199946724963, 1.0194506304642297, 0.9965418461952654, 0.9947099468650916, 1.0031034054700283, 0.9913468934216285, 1.0056052255060246, 0.9971475443427105]","[1.0109547780471224, 1.0101622564571198, 0.9998463772060515, 1.0142312066296957, 0.9947467065655503, 0.9884941294166553, 0.9969742659684054, 1.016735648564825, 0.9816935496814582, 1.0306140574762142, 0.9881123158101333, 1.010908326969723, 1.0142718139870266, 0.9947718039840644, 1.0261498866418193, 0.9900317668225191, 1.001630970787615, 0.9881290841499518, 1.0024638684839466, 1.0023012690350204, 1.0054721667444058, 0.9907517467302497, 0.9875912139399938, 1.0084376998890852, 1.011791611461971, 0.9885703400441106, 1.0092786081756453, 1.0035072775545335, 1.00582154775803, 0.9957183528041679]","[0.010954778047122415, 0.010162256457119767, -0.00015362279394848244, 0.01423120662969568, -0.005253293434449691, -0.011505870583344735, -0.0030257340315945624, 0.0167356485648249, -0.018306450318541834, 0.03061405747621415, -0.011887684189866743, 0.010908326969722992, 0.014271813987026594, -0.0052281960159356045, 0.026149886641819275, -0.009968233177480856, 0.0016309707876149826, -0.01187091585004818, 0.0024638684839466407, 0.00230126903502037, 0.00547216674440576, -0.009248253269750317, -0.012408786060006172, 0.00843769988908516, 0.011791611461970941, -0.011429659955889404, 0.009278608175645298, 0.0035072775545335055, 0.005821547758029899, -0.004281647195832128]","[0.11863920092582703, 0.0, 0.0, 0.0, 0.0, 0.0, 0.11830949038267136, 0.06438715755939484, 0.0, 0.0, 0.0, 0.0, 0.11863920092582703, 0.0, 0.0, 0.0, 0.0, 0.0, 0.0, 0.0, 0.06529521197080612, 0.04842396080493927, 0.0, 0.11863920092582703, 0.11863920092582703, 0.11863920092582703, 0.0, 0.0, 0.0, 0.11038823425769806]","[0.0, 0.0, 0.0, 0.0, 0.0, 0.0, 0.0, -7.90040174497562e-23, 0.0, 0.0, 0.0, -1.0648364793765213e-22, 0.0, 0.0, 0.0, 0.0, 4.172370398350689e-24, 0.0, 1.0, -1.0545809648227895e-22, 1.1545532525834082e-22, 0.0, 4.09839056968034e-24, 0.0, -1.0575371587266048e-22, 0.0, -1.062253951627177e-22, 0.0, -5.105062076801168e-23, 0.0]","[0.0014800371100650903, 0.0016030356673838813, 0.006129188093279201, 0.0, 0.004843154938090473, 0.0, 0.011963816673846701, 0.0028626926321473744, 0.0011034970148830281, 0.0, 0.012125466748762649, 0.0, 0.000414183745683064, 0.0, 0.004003497876599541, 0.0, 0.0, 0.0, 0.9094654098457952, 0.0, 0.0, 0.0029943957629536768, 0.0036861608278992773, 0.005753445727685645, 0.00411750407473337, 0.0, 0.008253012083710667, 0.004761255470980527, 0.004282839376358671, 0.010157406329142225]","[0.11863918602466583, 0.0, 0.0, 0.0, 0.0, 0.0, 0.11830947548151016, 0.06438715010881424, 0.0, 0.0, 0.0, 0.0, 0.11863918602466583, 0.0, 0.0, 0.0, 0.0, 0.0, 0.0, 0.0, 0.06529520452022552, 0.04842395335435867, 0.0, 0.11863918602466583, 0.11863918602466583, 0.11863918602466583, 0.0, 0.0, 0.0, 0.11038821935653687]",0.0037307015050473185
46,1.047808003571572,"[1.0109547780471224, 1.0101622564571198, 0.9998463772060515, 1.0142312066296957, 0.9947467065655503, 0.9884941294166553, 0.9969742659684054, 1.016735648564825, 0.9816935496814582, 1.0306140574762142, 0.9881123158101333, 1.010908326969723, 1.0142718139870266, 0.9947718039840644, 1.0261498866418193, 0.9900317668225191, 1.001630970787615, 0.9881290841499518, 1.0024638684839466, 1.0023012690350204, 1.0054721667444058, 0.9907517467302497, 0.9875912139399938, 1.0084376998890852, 1.011791611461971, 0.9885703400441106, 1.0092786081756453, 1.0035072775545335, 1.00582154775803, 0.9957183528041679]","[0.9861723973651919, 0.9928187149296013, 0.9967187465441678, 1.0085635846168848, 1.0075084462787383, 0.962177695183527, 0.9876895382011799, 1.0156818804949215, 1.0007069247635054, 0.9989201302648484, 0.9951064408819774, 0.9890946936252303, 0.9966760653736105, 1.015026024919669, 0.9907505522210832, 1.0080066704403265, 1.0030485025831233, 0.9980352194594132, 1.0038817793796817, 1.0100034818546397, 1.0040204466267748, 1.0218956606200207, 1.0182782350390767, 0.9996585793666899, 1.0017886618409522, 1.00077442830793, 0.9913587953973666, 0.9907155352898401, 1.0111418170886912, 1.0041696513260525]","[-0.01382760263480809, -0.007181285070398724, -0.0032812534558321893, 0.008563584616884778, 0.007508446278738257, -0.037822304816472974, -0.012310461798820116, 0.015681880494921474, 0.0007069247635054232, -0.0010798697351516173, -0.0048935591180225835, -0.010905306374769719, -0.0033239346263894687, 0.015026024919668979, -0.009249447778916786, 0.008006670440326547, 0.0030485025831232804, -0.001964780540586797, 0.0038817793796817046, 0.010003481854639729, 0.00402044662677481, 0.021895660620020685, 0.018278235039076662, -0.00034142063331010775, 0.001788661840952166, 0.000774428307930064, -0.008641204602633401, -0.009284464710159868, 0.01114181708869122, 0.004169651326052515]","[0.048088036477565765, 0.0, 0.0, 0.0, 0.0, 0.0, 0.0, 0.0, 0.0, 0.0, 0.0, 0.0, 0.0, 0.09383980184793472, 0.17855700850486755, 0.0, 0.0, 0.0, 0.0, 0.016169007867574692, 0.17855700850486755, 0.17855700850486755, 0.0, 0.0, 0.0, 0.05338465794920921, 0.14540496468544006, 0.0, 0.0, 0.10744255781173706]","[3.3983722191760803e-22, 0.0, 0.0, 0.0, 0.0, 0.0, 0.0, 2.652986454839771e-22, 0.0, 5.634184687678862e-22, 2.3081466996749928e-22, 2.3099487922006964e-22, 2.303723644679158e-22, 3.431368502714527e-22, 0.0, 0.0, 0.0, 0.0, 1.0, 0.0, 0.0, 2.8720366078082872e-22, 0.0, 0.0, 0.0, 0.0, 0.0, 3.418657261820911e-22, 0.0, 0.0]","[0.0, 0.0, 0.0, 0.0, 0.0, 0.0, 0.009677141111391738, 0.0, 0.005874974874849952, 0.014169526270504317, 0.006587529264882476, 0.0029576102349347056, 0.008503182428849827, 0.017837740545934302, 0.0, 0.004255485499516157, 0.0, 0.0, 0.8778906452406747, 0.008504487419436506, 0.0, 0.006415333241151863, 0.014228991341666063, 0.006532821935500953, 0.0024582173406790565, 0.003430227763645505, 0.0, 0.010676085486381505, 0.0, 0.0]","[0.048088036477565765, 0.0, 0.0, 0.0, 0.0, 0.0, 0.0, 0.0, 0.0, 0.0, 0.0, 0.0, 0.0, 0.09383980184793472, 0.17855700850486755, 0.0, 0.0, 0.0, 0.0, 0.016169007867574692, 0.17855700850486755, 0.17855700850486755, 0.0, 0.0, 0.0, 0.05338465794920921, 0.14540496468544006, 0.0, 0.0, 0.10744255781173706]",0.0026564338483690436
47,1.05201863664912,"[0.9861723973651919, 0.9928187149296013, 0.9967187465441678, 1.0085635846168848, 1.0075084462787383, 0.962177695183527, 0.9876895382011799, 1.0156818804949215, 1.0007069247635054, 0.9989201302648484, 0.9951064408819774, 0.9890946936252303, 0.9966760653736105, 1.015026024919669, 0.9907505522210832, 1.0080066704403265, 1.0030485025831233, 0.9980352194594132, 1.0038817793796817, 1.0100034818546397, 1.0040204466267748, 1.0218956606200207, 1.0182782350390767, 0.9996585793666899, 1.0017886618409522, 1.00077442830793, 0.9913587953973666, 0.9907155352898401, 1.0111418170886912, 1.0041696513260525]","[0.9993413391777053, 0.9905537692440413, 1.011478076743835, 1.0040451153321561, 0.991635867293772, 1.0141460178725603, 1.011294054797216, 1.005339132254587, 0.9713382664090047, 1.0023118775913582, 1.0101872232825395, 0.9969210026817561, 1.0274771296484486, 1.0361039416708613, 0.9925168250750409, 1.0109925597129683, 0.9929854071671733, 0.9938374182013181, 1.0036621469706328, 1.0050931776220737, 0.9922690724437448, 1.0089625566987157, 0.9899539027639849, 0.9942640746499439, 1.022068341919011, 1.0010857191359903, 1.0076681604290414, 0.984999881664901, 1.0105776289910728, 1.042689269191763]","[-0.0006586608222947099, -0.00944623075595874, 0.011478076743834942, 0.004045115332156124, -0.008364132706228045, 0.014146017872560313, 0.011294054797216013, 0.005339132254587042, -0.02866173359099533, 0.0023118775913582024, 0.010187223282539515, -0.0030789973182439034, 0.027477129648448617, 0.036103941670861284, -0.007483174924959091, 0.010992559712968308, -0.007014592832826683, -0.006162581798681899, 0.003662146970632829, 0.00509317762207373, -0.007730927556255152, 0.008962556698715707, -0.010046097236015128, -0.00573592535005607, 0.02206834191901108, 0.0010857191359903151, 0.007668160429041393, -0.015000118335098955, 0.01057762899107284, 0.04268926919176308]","[0.10290225595235825, 0.0, 0.0983443483710289, 0.0, 0.0, 0.10290225595235825, 0.0, 0.09590408951044083, 0.10290225595235825, 0.0, 0.0, 0.0, 0.0, 0.0, 0.10290225595235825, 0.09884661436080933, 0.10290225595235825, 0.0, 0.0, 0.10290225595235825, 0.0, 0.0, 0.0, 0.0, 0.0, 0.0, 0.0, 0.0, 0.0, 0.08949136734008789]","[0.0, 0.0, 1.2088281327449256e-22, 0.0, 1.2166498013410197e-22, 0.0, 0.0, 1.0, 0.0, 0.0, 1.098891695034953e-23, 0.0, 1.19644985826812e-22, 0.0, 0.0, 0.0, 0.0, 2.306035831429472e-22, 9.964784161474179e-23, 1.18775586916274e-22, 0.0, 1.755545225650325e-22, 0.0, 0.0, 6.52779202396458e-23, 0.0, 0.0, 0.0, 0.0, 0.0]","[0.007665781651471261, 0.0, 0.0, 0.01701684045273932, 0.0, 4.3728962162111186e-05, 0.013845975659019492, 0.880898738111218, 0.0010386187243148304, 0.005341391233127858, 0.0, 0.0, 0.0007250234507745808, 0.0073887213372953, 0.008406000051131807, 0.0010690084444507596, 0.004006097224914683, 0.0, 0.00408303696269501, 0.018742538762899847, 0.0, 0.005194441421265882, 0.0, 0.0, 0.0, 0.0, 0.0, 0.0, 0.0007313060987752978, 0.023802751451743893]","[0.10290225595235825, 0.0, 0.0983443483710289, 0.0, 0.0, 0.10290225595235825, 0.0, 0.09590408951044083, 0.10290225595235825, 0.0, 0.0, 0.0, 0.0, 0.0, 0.10290225595235825, 0.09884661436080933, 0.10290225595235825, 0.0, 0.0, 0.10290225595235825, 0.0, 0.0, 0.0, 0.0, 0.0, 0.0, 0.0, 0.0, 0.0, 0.08949136734008789]",0.003681333397284386
48,1.0574449012580058,"[0.9993413391777053, 0.9905537692440413, 1.011478076743835, 1.0040451153321561, 0.991635867293772, 1.0141460178725603, 1.011294054797216, 1.005339132254587, 0.9713382664090047, 1.0023118775913582, 1.0101872232825395, 0.9969210026817561, 1.0274771296484486, 1.0361039416708613, 0.9925168250750409, 1.0109925597129683, 0.9929854071671733, 0.9938374182013181, 1.0036621469706328, 1.0050931776220737, 0.9922690724437448, 1.0089625566987157, 0.9899539027639849, 0.9942640746499439, 1.022068341919011, 1.0010857191359903, 1.0076681604290414, 0.984999881664901, 1.0105776289910728, 1.042689269191763]","[1.0112230417133534, 1.0120554305505929, 0.9972435306671987, 1.0227331948235274, 1.010355251899084, 1.01894182867997, 1.0059718719758057, 0.9746643658048874, 1.0039486028836104, 0.9867923792647341, 0.9822874023762105, 1.000452751149363, 0.9993556555584809, 1.0210308496255558, 1.0077072599705221, 1.022468506066671, 0.9903699592917923, 1.0081991548483575, 0.9608831340236704, 1.006844552565938, 1.008555393069681, 1.0076854554941692, 1.0077616553336841, 1.0171570767489342, 1.016651327828245, 0.9736713977907283, 0.9971455018897531, 0.9993631987938711, 0.9744663855086838, 1.0123728906939597]","[0.011223041713353421, 0.012055430550592883, -0.00275646933280127, 0.022733194823527425, 0.010355251899083928, 0.018941828679970074, 0.0059718719758057315, -0.025335634195112644, 0.00394860288361043, -0.013207620735265935, -0.017712597623789517, 0.00045275114936305094, -0.0006443444415190624, 0.021030849625555792, 0.007707259970522129, 0.022468506066670946, -0.009630040708207721, 0.008199154848357537, -0.03911686597632957, 0.006844552565937967, 0.008555393069680894, 0.007685455494169213, 0.007761655333684114, 0.017157076748934186, 0.016651327828244966, -0.02632860220927169, -0.0028544981102468503, -0.0006368012061288564, -0.025533614491316192, 0.012372890693959748]","[0.0, 0.0, 0.0, 0.10645551234483719, 0.0, 0.0, 0.10645551234483719, 0.0, 0.0, 0.0, 0.0, 0.09611468762159348, 0.10645551234483719, 0.0, 0.08811771124601364, 0.0, 0.0, 0.10645551234483719, 0.0, 0.10645551234483719, 0.0, 0.0, 0.0, 0.0, 0.10645551234483719, 0.07057899981737137, 0.0, 0.10645551234483719, 0.0, 0.0]","[0.0, 5.086480595890383e-22, 0.0, 0.0, 3.4231317197328878e-22, 0.0, 0.0, 1.0, 0.0, 0.0, 0.0, 4.517410114193428e-22, 0.0, 0.0, 0.0, 0.0, 0.0, 0.0, 4.245824505184563e-22, 0.0, 0.0, 6.184547227806505e-22, 4.517696624221751e-22, 0.0, 3.9710733791092026e-22, 0.0, 0.0, 5.638241965622318e-22, 5.091800331697591e-22, 0.0]","[0.0, 0.0, 0.0, 0.0, 0.011661052872154824, 0.0, 0.0, 0.9138350160770147, 0.0018737725158850067, 0.0009527648832407566, 0.010402840900416729, 0.0, 0.010646892415888174, 0.0, 0.0021693670492718927, 0.00027569455873015843, 0.0, 0.0, 0.0034531294364979815, 0.004195255077460173, 0.0006079932832901557, 0.010315136481344434, 0.0, 0.0, 0.005404075540808128, 0.0038919160900902894, 0.014446048680739718, 0.0014619072018775545, 0.0, 0.004407136935289411]","[0.0, 0.0, 0.0, 0.10645551979541779, 0.0, 0.0, 0.10645551979541779, 0.0, 0.0, 0.0, 0.0, 0.09611469507217407, 0.10645551979541779, 0.0, 0.08811771869659424, 0.0, 0.0, 0.10645551979541779, 0.0, 0.10645551979541779, 0.0, 0.0, 0.0, 0.0, 0.10645551979541779, 0.07057900726795197, 0.0, 0.10645551979541779, 0.0, 0.0]",0.004786591687890074
49,1.0529850500831734,"[1.0112230417133534, 1.0120554305505929, 0.9972435306671987, 1.0227331948235274, 1.010355251899084, 1.01894182867997, 1.0059718719758057, 0.9746643658048874, 1.0039486028836104, 0.9867923792647341, 0.9822874023762105, 1.000452751149363, 0.9993556555584809, 1.0210308496255558, 1.0077072599705221, 1.022468506066671, 0.9903699592917923, 1.0081991548483575, 0.9608831340236704, 1.006844552565938, 1.008555393069681, 1.0076854554941692, 1.0077616553336841, 1.0171570767489342, 1.016651327828245, 0.9736713977907283, 0.9971455018897531, 0.9993631987938711, 0.9744663855086838, 1.0123728906939597]","[1.0179911015655965, 0.9898658522416491, 0.9798107201717909, 1.0098339632765005, 0.9925244639246721, 0.9851754529973996, 1.0193598467670177, 0.9894076173658973, 1.0031402478769862, 0.9960425290098394, 1.0237004200161213, 0.9925368028378672, 1.0020680107573323, 1.011636898146593, 0.9951703575937119, 0.9834171440767396, 1.0142865633171017, 1.0220646740374932, 1.0136286273288637, 1.016885198847327, 0.9980247683693443, 1.0015436394314527, 0.9927138569851464, 0.9990900288661753, 1.012638807972425, 0.9878774319810358, 1.0035165264644028, 1.006033314992136, 0.9798524680085262, 1.0137016236382839]","[0.017991101565596468, -0.010134147758350864, -0.02018927982820906, 0.009833963276500546, -0.007475536075327915, -0.014824547002600386, 0.01935984676701774, -0.01059238263410267, 0.003140247876986191, -0.003957470990160639, 0.02370042001612127, -0.00746319716213284, 0.002068010757332317, 0.011636898146593078, -0.004829642406288137, -0.016582855923260365, 0.014286563317101653, 0.022064674037493237, 0.013628627328863718, 0.016885198847327088, -0.001975231630655716, 0.001543639431452748, -0.007286143014853641, -0.0009099711338247385, 0.012638807972424893, -0.012122568018964164, 0.003516526464402814, 0.006033314992136107, -0.020147531991473788, 0.013701623638283866]","[0.0, 0.0, 0.0, 0.0, 0.12118814140558243, 0.0, 0.0, 0.11629507690668106, 0.056049447506666183, 0.12118814140558243, 0.0, 0.0, 0.0, 0.0, 0.12118814140558243, 0.06954631954431534, 0.0, 0.0, 0.0, 0.0, 0.12118814140558243, 0.0, 0.08959711343050003, 0.0, 0.0, 0.0, 0.10096562653779984, 0.08279374986886978, 0.0, 0.0]","[0.0, 3.4349024939981416e-22, 0.0, 2.3181649829852966e-22, 0.0, 0.0, 0.0, 1.0, 0.0, 2.3246847951690616e-22, 0.0, 0.0, 2.305320938067029e-22, 3.425927852433994e-22, 0.0, 0.0, 0.0, 3.4187047931248266e-22, 0.0, 0.0, 0.0, 3.6984152782009484e-22, 0.0, 0.0, 2.875997678463598e-22, 0.0, 0.0, 0.0, 0.0, 3.41068324366131e-22]","[0.0022852488965582796, 0.006987607630837805, 0.009706275066734663, 0.0, 0.0043908604912385905, 0.0, 0.0, 0.9033072234503382, 0.017256037715525453, 0.00021618390348091888, 0.0, 0.0, 0.0, 0.0, 0.0, 0.009981384555627824, 0.003070424839905015, 0.008142446810347637, 0.0, 0.0, 0.0, 0.0, 0.0, 0.007077660191807267, 0.006756240472490005, 0.009855083319860312, 0.0, 0.0, 0.010967322655248166, 0.0]","[0.0, 0.0, 0.0, 0.0, 0.12118815630674362, 0.0, 0.0, 0.11629509180784225, 0.05604945495724678, 0.12118815630674362, 0.0, 0.0, 0.0, 0.0, 0.12118815630674362, 0.06954632699489594, 0.0, 0.0, 0.0, 0.0, 0.12118815630674362, 0.0, 0.08959712088108063, 0.0, 0.0, 0.0, 0.10096564143896103, 0.08279375731945038, 0.0, 0.0]",-0.004612155217653784
50,1.0536546236042759,"[1.0179911015655965, 0.9898658522416491, 0.9798107201717909, 1.0098339632765005, 0.9925244639246721, 0.9851754529973996, 1.0193598467670177, 0.9894076173658973, 1.0031402478769862, 0.9960425290098394, 1.0237004200161213, 0.9925368028378672, 1.0020680107573323, 1.011636898146593, 0.9951703575937119, 0.9834171440767396, 1.0142865633171017, 1.0220646740374932, 1.0136286273288637, 1.016885198847327, 0.9980247683693443, 1.0015436394314527, 0.9927138569851464, 0.9990900288661753, 1.012638807972425, 0.9878774319810358, 1.0035165264644028, 1.006033314992136, 0.9798524680085262, 1.0137016236382839]","[0.988149907850712, 1.02297893473327, 0.9727334535028896, 0.9961189777859905, 0.999500848367231, 0.9882629723828982, 1.0059099065960377, 0.9852051478972103, 0.9836069747617897, 1.00945868245523, 0.9963510662075469, 0.986869870248618, 1.0233027509538026, 0.9765534300833763, 0.9912910202703723, 1.010329567963413, 0.9893295980330888, 1.0030424926559198, 0.9940026402515247, 1.0018913852280917, 1.0098006564507556, 0.9966671039605965, 0.9904766972276856, 1.0088874462928765, 0.9906872280687965, 1.0110554833125953, 0.9986041657546587, 1.0074272698646463, 1.0062885653599116, 0.979683438222367]","[-0.011850092149288005, 0.022978934733270062, -0.027266546497110355, -0.003881022214009544, -0.0004991516327690348, -0.011737027617101825, 0.0059099065960377395, -0.014794852102789746, -0.01639302523821029, 0.009458682455230072, -0.003648933792453124, -0.013130129751381947, 0.02330275095380263, -0.02344656991662375, -0.008708979729627697, 0.010329567963413, -0.010670401966911158, 0.003042492655919826, -0.005997359748475262, 0.0018913852280917354, 0.009800656450755563, -0.0033328960394034546, -0.00952330277231439, 0.008887446292876522, -0.0093127719312035, 0.011055483312595316, -0.0013958342453412875, 0.007427269864646258, 0.006288565359911624, -0.02031656177763297]","[0.0, 0.0, 0.10133526474237442, 0.0, 0.10133526474237442, 0.0, 0.0, 0.0, 0.10133526474237442, 0.0, 0.0, 0.0, 0.10133526474237442, 0.0, 0.0, 0.0, 0.0, 0.10133526474237442, 0.0, 0.0941355898976326, 0.10133526474237442, 0.10133526474237442, 0.0, 0.10133526474237442, 0.0, 0.0, 0.0, 0.09518226981163025, 0.0, 0.0]","[-2.0848951982022703e-22, 0.0, 0.0, 0.0, -2.0872263465802958e-22, 0.0, -3.159171001973243e-22, -2.484017542055465e-22, 0.0, 0.0, 0.0, 0.0, -3.1793964287662775e-22, -4.24819136070435e-22, 0.0, 0.0, -3.188877753563622e-22, 0.0, 1.0, 0.0, 0.0, 0.0, 0.0, -3.1871290216849593e-22, 0.0, 0.0, 0.0, 0.0, 0.0, -2.8443158850681364e-22]","[0.0, 0.0, 0.006435705876319441, 0.006917273531758923, 0.0, 0.007587611831893532, 0.011366674199967255, 0.0024115692632783402, 0.0, 0.0016705008699902033, 0.011651541741411068, 5.714671547187945e-06, 0.009226025107561441, 0.0202267681510347, 0.003059171241466743, 0.016642972617816193, 0.0, 0.0, 0.8619605106123552, 0.0009921067486629547, 0.0001370314632274373, 0.02090642780374948, 0.0043182613580787605, 0.0, 0.0, 0.0023125545108509207, 0.0011476400626611052, 0.0067024229690243785, 0.004321515367344768, 0.0]","[0.0, 0.0, 0.10133526474237442, 0.0, 0.10133526474237442, 0.0, 0.0, 0.0, 0.10133526474237442, 0.0, 0.0, 0.0, 0.10133526474237442, 0.0, 0.0, 0.0, 0.0, 0.10133526474237442, 0.0, 0.0941355898976326, 0.10133526474237442, 0.10133526474237442, 0.0, 0.10133526474237442, 0.0, 0.0, 0.0, 0.09518226981163025, 0.0, 0.0]",0.000251684792311343
51,1.0510223075514795,"[0.988149907850712, 1.02297893473327, 0.9727334535028896, 0.9961189777859905, 0.999500848367231, 0.9882629723828982, 1.0059099065960377, 0.9852051478972103, 0.9836069747617897, 1.00945868245523, 0.9963510662075469, 0.986869870248618, 1.0233027509538026, 0.9765534300833763, 0.9912910202703723, 1.010329567963413, 0.9893295980330888, 1.0030424926559198, 0.9940026402515247, 1.0018913852280917, 1.0098006564507556, 0.9966671039605965, 0.9904766972276856, 1.0088874462928765, 0.9906872280687965, 1.0110554833125953, 0.9986041657546587, 1.0074272698646463, 1.0062885653599116, 0.979683438222367]","[1.0110535518331265, 1.006875151712963, 1.002667592399618, 0.9960722362133143, 1.010274864654929, 1.0150984251664579, 0.9803864346410176, 0.9915318227733013, 0.9887238953904017, 1.027595792737578, 0.9978695269021252, 1.017363279692598, 1.0087220721801347, 0.9817854739902766, 1.0042908978539726, 0.9855222654904545, 1.018068954233262, 0.9950349663138567, 1.0221059934140082, 0.9835135008046251, 1.0028878510461594, 0.9956095807379923, 0.989783451546122, 0.9808400424953189, 1.0105011606253795, 0.9910083584261478, 0.9986056127669557, 0.9982815043206683, 1.0085657682030367, 0.9967800630293169]","[0.011053551833126507, 0.006875151712963046, 0.0026675923996180018, -0.00392776378668569, 0.010274864654929106, 0.015098425166457874, -0.0196135653589824, -0.008468177226698681, -0.01127610460959827, 0.027595792737578062, -0.002130473097874841, 0.017363279692597988, 0.008722072180134655, -0.018214526009723397, 0.004290897853972631, -0.014477734509545481, 0.018068954233261936, -0.004965033686143316, 0.022105993414008207, -0.016486499195374926, 0.0028878510461594065, -0.004390419262007672, -0.010216548453877983, -0.019159957504681135, 0.010501160625379535, -0.008991641573852238, -0.001394387233044303, -0.0017184956793316886, 0.008565768203036672, -0.003219936970683124]","[0.0, 0.0, 0.10881339013576508, 0.0, 0.10881339013576508, 0.0, 0.10881339013576508, 0.0, 0.0, 0.09024208039045334, 0.0, 0.0, 0.0, 0.0, 0.0, 0.0, 0.0, 0.0, 0.0, 0.08226519078016281, 0.0, 0.0, 0.0, 0.10881339013576508, 0.0, 0.10881339013576508, 0.10881339013576508, 0.0, 0.07388923317193985, 0.10072308778762817]","[0.0, 0.0, 0.0, 0.0, 0.0, 0.0, 6.888038971918903e-22, 0.0, 8.010525381966851e-22, 0.0, 0.0, 0.0, 8.530643230691329e-22, 0.0, 0.0, 0.0, 0.0, 0.0, 1.0, 6.910990410029402e-22, 6.872822462155959e-22, 0.0, 0.0, 0.0, 7.25216658535692e-22, 7.936041171903959e-22, 0.0, 7.979959448653711e-22, 0.0, 7.951685891544069e-22]","[0.009432422135898717, 0.0017590550605012286, 0.0, 0.0, 0.005394311671937714, 0.014030617914284147, 0.0017309213763769214, 0.0, 0.00470801205298707, 0.0, 0.002951153064371964, 0.013545000471861452, 0.0, 0.0, 0.001531723928046739, 0.02399882799101511, 0.0009507633203978705, 0.0, 0.9013507116132463, 0.0, 0.003419232350155831, 0.0, 0.010394336760642624, 0.0, 0.004802910288276276, 0.0, 0.0, 0.0, 0.0, 0.0]","[0.0, 0.0, 0.10881339758634567, 0.0, 0.10881339758634567, 0.0, 0.10881339758634567, 0.0, 0.0, 0.09024208784103394, 0.0, 0.0, 0.0, 0.0, 0.0, 0.0, 0.0, 0.0, 0.0, 0.08226519823074341, 0.0, 0.0, 0.0, 0.10881339758634567, 0.0, 0.10881339758634567, 0.10881339758634567, 0.0, 0.07388924062252045, 0.10072309523820877]",-0.0029123956613363675
52,1.0542663557116334,"[1.0110535518331265, 1.006875151712963, 1.002667592399618, 0.9960722362133143, 1.010274864654929, 1.0150984251664579, 0.9803864346410176, 0.9915318227733013, 0.9887238953904017, 1.027595792737578, 0.9978695269021252, 1.017363279692598, 1.0087220721801347, 0.9817854739902766, 1.0042908978539726, 0.9855222654904545, 1.018068954233262, 0.9950349663138567, 1.0221059934140082, 0.9835135008046251, 1.0028878510461594, 0.9956095807379923, 0.989783451546122, 0.9808400424953189, 1.0105011606253795, 0.9910083584261478, 0.9986056127669557, 0.9982815043206683, 1.0085657682030367, 0.9967800630293169]","[0.9947729016384153, 1.0032815022641501, 0.9849928816163173, 1.0001632620603127, 1.0075956101925485, 0.9986224986561802, 0.985989431788936, 1.0071187702634203, 0.9821601051200598, 1.0173543453556833, 1.0022303771358876, 1.0176123451515227, 0.9904883077561487, 1.008058530941693, 0.9931214755451749, 0.9867785027693833, 0.989666808028643, 0.9986341087278343, 0.9808158852271525, 1.0005000985469588, 1.0076015768349855, 0.9905419013181364, 1.0022572218604804, 1.0127065731312204, 0.9871852065014186, 1.0180282840161832, 1.0085225136169336, 1.010808370690002, 0.9986414653114261, 1.008165638341381]","[-0.005227098361584748, 0.003281502264150138, -0.015007118383682738, 0.00016326206031269663, 0.0075956101925485076, -0.0013775013438197536, -0.014010568211063945, 0.007118770263420338, -0.0178398948799402, 0.017354345355683254, 0.0022303771358875846, 0.017612345151522657, -0.009511692243851289, 0.008058530941692954, -0.0068785244548250635, -0.013221497230616719, -0.010333191971356959, -0.0013658912721656868, -0.019184114772847538, 0.0005000985469587604, 0.007601576834985524, -0.009458098681863647, 0.002257221860480385, 0.012706573131220367, -0.01281479349858139, 0.01802828401618317, 0.008522513616933569, 0.010808370690001956, -0.0013585346885739424, 0.008165638341381065]","[0.1320534199476242, 0.037072643637657166, 0.0, 0.0, 0.0, 0.1320534199476242, 0.0, 0.0, 0.0, 0.1320534199476242, 0.05110938102006912, 0.0, 0.0, 0.0, 0.0, 0.0, 0.0, 0.0, 0.1141020655632019, 0.12402460724115372, 0.0, 0.0, 0.0, 0.09239420294761658, 0.0, 0.05308341607451439, 0.0, 0.1320534199476242, 0.0, 0.0]","[0.0, 0.0, 0.0, 0.0, 0.0, 0.0, 0.0, 0.0, 2.0578199861660176e-23, 0.0, 0.0, 0.0, -9.389141845205801e-23, -2.002881959082471e-22, 0.0, 0.0, 0.0, 0.0, 1.0, -8.923411352461523e-23, -3.7523402072773274e-23, 7.527542922772934e-23, 0.0, 0.0, -1.0447534099294048e-22, 0.0, 1.7716846606100674e-23, 0.0, -9.514884815337951e-23, 0.0]","[0.0, 0.008617200054181687, 0.002378860248958645, 0.015387597364563169, 0.011520065059483605, 0.0, 0.009641987514280472, 0.002261253652587543, 0.006095021918361254, 0.0, 0.0, 0.0, 0.0018094986457458182, 0.014675085682210457, 0.008613505426337011, 0.0, 0.0028219810821321425, 0.0, 0.8759709158839408, 0.017287483794978475, 0.0, 0.0, 0.0022388011088222827, 0.007156609559105911, 0.0, 0.0, 0.012948862803397899, 0.0, 0.0, 0.0005752702009126355]","[0.1320534348487854, 0.037072647362947464, 0.0, 0.0, 0.0, 0.1320534348487854, 0.0, 0.0, 0.0, 0.1320534348487854, 0.05110938474535942, 0.0, 0.0, 0.0, 0.0, 0.0, 0.0, 0.0, 0.1141020730137825, 0.12402461469173431, 0.0, 0.0, 0.0, 0.09239421039819717, 0.0, 0.05308341979980469, 0.0, 0.1320534348487854, 0.0, 0.0]",0.002612562808523366
53,1.05932429947753,"[0.9947729016384153, 1.0032815022641501, 0.9849928816163173, 1.0001632620603127, 1.0075956101925485, 0.9986224986561802, 0.985989431788936, 1.0071187702634203, 0.9821601051200598, 1.0173543453556833, 1.0022303771358876, 1.0176123451515227, 0.9904883077561487, 1.008058530941693, 0.9931214755451749, 0.9867785027693833, 0.989666808028643, 0.9986341087278343, 0.9808158852271525, 1.0005000985469588, 1.0076015768349855, 0.9905419013181364, 1.0022572218604804, 1.0127065731312204, 0.9871852065014186, 1.0180282840161832, 1.0085225136169336, 1.010808370690002, 0.9986414653114261, 1.008165638341381]","[1.0013862222891583, 0.9924039792152823, 1.022463448807269, 0.9917457878626506, 1.0086851455562498, 1.0106843598167818, 0.9955840338373776, 0.985680477201202, 0.984566713596455, 1.0035524069234454, 0.9989545734095165, 1.0232085738798715, 0.9973468389041192, 1.0032171021625784, 1.0096681943785217, 1.0127217663147805, 1.0131567252918, 1.0132797745221755, 1.0060682722475278, 1.0192499417703988, 0.9835288753807786, 0.9757361976649406, 0.991072603294485, 0.9854341876859624, 1.0370909569732363, 1.0043384063568777, 1.0194896222024987, 0.9988800533214328, 1.0105428815595436, 1.0185309193436867]","[0.001386222289158301, -0.007596020784717661, 0.022463448807269026, -0.008254212137349448, 0.008685145556249774, 0.010684359816781841, -0.004415966162622409, -0.014319522798798001, -0.015433286403545021, 0.0035524069234453837, -0.0010454265904834559, 0.02320857387987152, -0.0026531610958807628, 0.0032171021625784224, 0.009668194378521733, 0.012721766314780503, 0.013156725291799898, 0.013279774522175547, 0.006068272247527817, 0.01924994177039885, -0.0164711246192214, -0.024263802335059426, -0.008927396705515012, -0.01456581231403764, 0.03709095697323628, 0.004338406356877655, 0.019489622202498724, -0.0011199466785671852, 0.010542881559543638, 0.01853091934368667]","[0.0, 0.0, 0.0, 0.10243962705135345, 0.0, 0.10243962705135345, 0.0, 0.0, 0.0, 0.10243962705135345, 0.0, 0.09984123706817627, 0.0, 0.0, 0.10243962705135345, 0.10243962705135345, 0.10243962705135345, 0.0, 0.09175634384155273, 0.0, 0.0, 0.09132502973079681, 0.0, 0.0, 0.0, 0.0, 0.0, 0.10243962705135345, 0.0, 0.0]","[2.367156085129595e-22, 0.0, 2.3783738932301196e-22, 0.0, 0.0, 0.0, 0.0, 1.8310588485656836e-22, 0.0, 1.0, 0.0, 0.0, 0.0, 0.0, 2.3382273806713555e-22, 2.38424868830272e-22, 0.0, 0.0, 0.0, 1.2719395702547734e-22, 0.0, 0.0, 1.2734420171703763e-22, 1.2750517519116134e-22, 0.0, 0.0, 0.0, 0.0, 1.2845027622942993e-22, 0.0]","[0.0059370160672675976, 0.004787109922516396, 0.014594518188327256, 0.0, 0.0, 0.0, 0.0, 0.0, 0.0, 0.9141415860495323, 0.011473836627903163, 0.0003704311930104678, 0.0031557359179261177, 0.007935342231704518, 0.003659744910711173, 0.0, 0.00016649589790855216, 0.0015679903001873776, 0.0014479601863818467, 0.004134004547030873, 0.0, 0.0, 0.0009862923552376166, 0.009165415005768677, 0.0, 0.01123634402185383, 0.0027741443806372484, 0.0, 0.0, 0.002466032196094767]","[0.0, 0.0, 0.0, 0.10243962705135345, 0.0, 0.10243962705135345, 0.0, 0.0, 0.0, 0.10243962705135345, 0.0, 0.09984123706817627, 0.0, 0.0, 0.10243962705135345, 0.10243962705135345, 0.10243962705135345, 0.0, 0.09175634384155273, 0.0, 0.0, 0.09132502973079681, 0.0, 0.0, 0.0, 0.0, 0.0, 0.10243962705135345, 0.0, 0.0]",0.004403464286408144
54,1.0597211628565109,"[1.0013862222891583, 0.9924039792152823, 1.022463448807269, 0.9917457878626506, 1.0086851455562498, 1.0106843598167818, 0.9955840338373776, 0.985680477201202, 0.984566713596455, 1.0035524069234454, 0.9989545734095165, 1.0232085738798715, 0.9973468389041192, 1.0032171021625784, 1.0096681943785217, 1.0127217663147805, 1.0131567252918, 1.0132797745221755, 1.0060682722475278, 1.0192499417703988, 0.9835288753807786, 0.9757361976649406, 0.991072603294485, 0.9854341876859624, 1.0370909569732363, 1.0043384063568777, 1.0194896222024987, 0.9988800533214328, 1.0105428815595436, 1.0185309193436867]","[0.9949812901731379, 0.992424068756557, 1.0089560003002807, 1.0167992277816928, 0.9923419903767263, 1.0024335731394722, 1.0116955196762756, 1.0093388670857446, 1.0027327580185526, 1.0051668103691724, 0.9986159738585615, 1.0213108372024917, 1.0027921268855124, 1.026134702422195, 1.0108728699745413, 0.9854961830688985, 0.9866123845343973, 1.0074726387847694, 0.9941232358156511, 1.0084106170989096, 1.024914991255206, 1.0347966596903737, 1.003919913558714, 0.9922576307108943, 0.994663139654549, 0.9956883217136746, 0.9999144629733184, 0.9928521755161888, 1.0009859877210188, 1.0297893319554938]","[-0.005018709826862144, -0.007575931243443024, 0.008956000300280653, 0.01679922778169285, -0.007658009623273676, 0.0024335731394722337, 0.011695519676275579, 0.009338867085744607, 0.00273275801855255, 0.0051668103691724365, -0.0013840261414385102, 0.021310837202491717, 0.002792126885512447, 0.026134702422194955, 0.010872869974541288, -0.014503816931101476, -0.013387615465602742, 0.0074726387847694475, -0.005876764184348904, 0.008410617098909556, 0.02491499125520602, 0.03479665969037371, 0.003919913558714017, -0.007742369289105655, -0.005336860345451, -0.004311678286325393, -8.553702668157026e-05, -0.007147824483811238, 0.0009859877210187662, 0.029789331955493825]","[0.0, 0.0, 0.0, 0.09126181900501251, 0.10363840311765671, 0.0900731310248375, 0.0, 0.0, 0.0, 0.10363840311765671, 0.10363840311765671, 0.0, 0.0, 0.0, 0.0, 0.0, 0.0961921289563179, 0.10363840311765671, 0.0, 0.0, 0.0, 0.0, 0.0, 0.0, 0.10363840311765671, 0.0, 0.10363840311765671, 0.0, 0.10064244270324707, 0.0]","[-1.0032422664889617e-22, -1.5695502801239403e-23, 0.0, -2.1147299127381628e-22, -2.1176458294995693e-22, 0.0, -2.1140039834889897e-22, 0.0, 1.2287553968939162e-22, 0.0, 0.0, 0.0, 0.0, 3.4249562066022048e-22, 0.0, 0.0, 0.0, 0.0, 0.0, 0.0, 0.0, 0.0, -9.958910089010489e-23, -1.0014964634104841e-22, 1.0, 0.0, 0.0, 0.0, 0.0, 0.0]","[0.0, 0.0, 0.0034321424768352883, 0.0, 0.005953970788197754, 0.0, 0.0013286602350740563, 0.0, 0.00625589398904886, 0.0, 0.0, 0.0, 0.008307510381189546, 0.00549672782354413, 0.0, 0.002613296754617574, 0.01461409712201482, 0.0, 0.0, 0.0006407675658277355, 0.006959192681224659, 0.01620096623221069, 0.0, 0.0, 0.9281967739502149, 0.0, 0.0, 0.0, 0.0, 0.0]","[0.0, 0.0, 0.0, 0.09126182645559311, 0.1036384105682373, 0.09007313847541809, 0.0, 0.0, 0.0, 0.1036384105682373, 0.1036384105682373, 0.0, 0.0, 0.0, 0.0, 0.0, 0.0961921364068985, 0.1036384105682373, 0.0, 0.0, 0.0, 0.0, 0.0, 0.0, 0.1036384105682373, 0.0, 0.1036384105682373, 0.0, 0.10064245015382767, 0.0]",-5.7495803120304436e-05
55,1.059436440525906,"[0.9949812901731379, 0.992424068756557, 1.0089560003002807, 1.0167992277816928, 0.9923419903767263, 1.0024335731394722, 1.0116955196762756, 1.0093388670857446, 1.0027327580185526, 1.0051668103691724, 0.9986159738585615, 1.0213108372024917, 1.0027921268855124, 1.026134702422195, 1.0108728699745413, 0.9854961830688985, 0.9866123845343973, 1.0074726387847694, 0.9941232358156511, 1.0084106170989096, 1.024914991255206, 1.0347966596903737, 1.003919913558714, 0.9922576307108943, 0.994663139654549, 0.9956883217136746, 0.9999144629733184, 0.9928521755161888, 1.0009859877210188, 1.0297893319554938]","[0.9929085455648308, 1.0017580343872083, 0.9952472428573885, 0.9851749164332076, 1.0061508060520363, 1.0066841284815011, 0.9864898226911963, 1.01445184820201, 1.0339653546161063, 0.9971207455823887, 1.014813585152124, 1.000103761272518, 0.9773530082700912, 0.9870089162437266, 1.0054103491954234, 1.0043661022300177, 0.9905167706934304, 1.0218235974470655, 1.009219765792913, 0.9897862593479576, 1.0042733912264052, 1.0212833498720013, 0.999248117143665, 0.9907982829676754, 1.006672109669642, 1.0155926636116004, 1.0011149161509854, 1.0001792042914648, 0.9831403202469748, 1.0013031377967077]","[-0.007091454435169231, 0.0017580343872083404, -0.0047527571426114745, -0.014825083566792352, 0.006150806052036328, 0.006684128481501128, -0.013510177308803661, 0.014451848202009954, 0.03396535461610628, -0.0028792544176112767, 0.014813585152124054, 0.00010376127251809919, -0.022646991729908805, -0.012991083756273447, 0.005410349195423381, 0.004366102230017654, -0.00948322930656964, 0.021823597447065524, 0.009219765792912948, -0.010213740652042391, 0.004273391226405243, 0.02128334987200131, -0.0007518828563349844, -0.009201717032324641, 0.006672109669642046, 0.015592663611600388, 0.0011149161509853567, 0.00017920429146478511, -0.01685967975302516, 0.001303137796707654]","[0.12223269790410995, 0.0, 0.14698097109794617, 0.03325619548559189, 0.0, 0.0, 0.0, 0.09936370700597763, 0.0, 0.0, 0.0, 0.0, 0.1271757036447525, 0.07570932805538177, 0.0, 0.0, 0.02803989313542843, 0.14698097109794617, 0.0, 0.0, 0.08084388077259064, 0.0, 0.0, 0.0, 0.13941669464111328, 0.0, 0.0, 0.0, 0.0, 0.0]","[1.693873556390189e-23, -8.931127548567323e-23, 0.0, 0.0, 0.0, 0.0, 0.0, 7.026117703889228e-23, 0.0, -6.967506673840019e-23, 0.0, 0.0, 0.0, 0.0, 1.6496948777341443e-23, 0.0, 0.0, 0.0, 2.101970398549158e-22, 0.0, 0.0, -4.0707918065309533e-23, 0.0, -9.074763140352507e-23, -4.0143462483540847e-23, 0.0, 0.0, 0.0, 0.0, 1.0]","[0.004229040812503207, 0.0037960957018993774, 0.010300310355484609, 0.0, 0.0, 0.0014794177504711507, 0.006364689885852794, 0.0, 0.00048545582674298053, 0.0050380039987191335, 0.0, 0.0016421545842843872, 0.01053615549157667, 0.010730575927633754, 0.0, 0.0, 0.012268043589143553, 0.005531425077525486, 0.0, 0.0, 0.0, 0.00019147802394457074, 0.0075575962631524605, 0.006508133955168404, 0.008634798148414235, 0.005185858935440985, 0.0, 0.0, 0.0, 0.8995207656720423]","[0.12223269790410995, 0.0, 0.14698097109794617, 0.03325619548559189, 0.0, 0.0, 0.0, 0.09936370700597763, 0.0, 0.0, 0.0, 0.0, 0.1271757036447525, 0.07570932805538177, 0.0, 0.0, 0.02803989313542843, 0.14698097109794617, 0.0, 0.0, 0.08084388077259064, 0.0, 0.0, 0.0, 0.13941669464111328, 0.0, 0.0, 0.0, 0.0, 0.0]",-0.0007025110440834509
56,1.0580911279516598,"[0.9929085455648308, 1.0017580343872083, 0.9952472428573885, 0.9851749164332076, 1.0061508060520363, 1.0066841284815011, 0.9864898226911963, 1.01445184820201, 1.0339653546161063, 0.9971207455823887, 1.014813585152124, 1.000103761272518, 0.9773530082700912, 0.9870089162437266, 1.0054103491954234, 1.0043661022300177, 0.9905167706934304, 1.0218235974470655, 1.009219765792913, 0.9897862593479576, 1.0042733912264052, 1.0212833498720013, 0.999248117143665, 0.9907982829676754, 1.006672109669642, 1.0155926636116004, 1.0011149161509854, 1.0001792042914648, 0.9831403202469748, 1.0013031377967077]","[1.007720865381057, 1.0034941500716617, 0.9826984045890633, 1.003860584883855, 1.0141342579065904, 1.0097047531969254, 0.989713331921788, 0.9964437551330391, 1.002816882928794, 1.0107161706012087, 1.0115673357915391, 0.9743678871958837, 0.9994319402240657, 0.9735321918325351, 1.0021198298441587, 0.9950698322587712, 1.0222582238480524, 1.0085095768661188, 1.0262443755200246, 0.9806601575919697, 0.9856615846173776, 0.9978042980501719, 1.028896821843002, 0.9848378897425395, 1.015318821887793, 0.9919789518815546, 1.0020032373091035, 0.992184091996205, 0.9949794488338825, 0.9978563414510883]","[0.007720865381056985, 0.0034941500716616503, -0.017301595410936677, 0.0038605848838551005, 0.014134257906590397, 0.00970475319692543, -0.010286668078211991, -0.0035562448669609337, 0.0028168829287940067, 0.010716170601208663, 0.011567335791539124, -0.025632112804116258, -0.0005680597759343264, -0.026467808167464857, 0.002119829844158705, -0.004930167741228786, 0.022258223848052427, 0.008509576866118751, 0.026244375520024565, -0.019339842408030328, -0.014338415382622371, -0.0021957019498280994, 0.028896821843001907, -0.015162110257460504, 0.0153188218877931, -0.008021048118445395, 0.002003237309103456, -0.007815908003794947, -0.005020551166117548, -0.002143658548911742]","[0.10259940475225449, 0.0, 0.0, 0.0, 0.0, 0.0, 0.10259940475225449, 0.10215131938457489, 0.0, 0.10259940475225449, 0.0, 0.0, 0.0, 0.0, 0.10259940475225449, 0.10259940475225449, 0.09157159924507141, 0.0, 0.0, 0.10259940475225449, 0.0, 0.0, 0.0, 0.0, 0.0, 0.08808126300573349, 0.0, 0.10259940475225449, 0.0, 0.0]","[4.5972727140905e-22, 6.306767201219015e-22, 0.0, 5.7012585293579125e-22, 0.0, 0.0, 0.0, 0.0, 0.0, 0.0, 0.0, 0.0, 5.713747218877544e-22, 0.0, 0.0, 0.0, 4.6347190468594755e-22, 0.0, 0.0, 0.0, 5.719782917446759e-22, 0.0, 0.0, 4.628051727547196e-22, 0.0, 4.598992733589254e-22, 0.0, 0.0, 4.643000930528996e-22, 1.0]","[0.0, 0.0, 0.0, 0.0, 0.0062808499171051, 0.016839562954098476, 0.00566970458096599, 0.0, 0.004515257506742405, 0.0, 0.0004956627196991718, 0.0, 0.0, 0.0, 0.0010358313740498322, 0.014133441301576967, 0.0, 0.0, 0.0, 0.002178216601125076, 0.0, 0.0007755508655602767, 0.0, 0.008814420919399529, 0.0, 0.0018319802801978233, 0.01138193626619346, 0.0, 0.0, 0.9260475847132859]","[0.10259940475225449, 0.0, 0.0, 0.0, 0.0, 0.0, 0.10259940475225449, 0.10215131938457489, 0.0, 0.10259940475225449, 0.0, 0.0, 0.0, 0.0, 0.10259940475225449, 0.10259940475225449, 0.09157159924507141, 0.0, 0.0, 0.10259940475225449, 0.0, 0.0, 0.0, 0.0, 0.0, 0.08808126300573349, 0.0, 0.10259940475225449, 0.0, 0.0]",-0.0016296712184244565
57,1.0513742969293556,"[1.007720865381057, 1.0034941500716617, 0.9826984045890633, 1.003860584883855, 1.0141342579065904, 1.0097047531969254, 0.989713331921788, 0.9964437551330391, 1.002816882928794, 1.0107161706012087, 1.0115673357915391, 0.9743678871958837, 0.9994319402240657, 0.9735321918325351, 1.0021198298441587, 0.9950698322587712, 1.0222582238480524, 1.0085095768661188, 1.0262443755200246, 0.9806601575919697, 0.9856615846173776, 0.9978042980501719, 1.028896821843002, 0.9848378897425395, 1.015318821887793, 0.9919789518815546, 1.0020032373091035, 0.992184091996205, 0.9949794488338825, 0.9978563414510883]","[1.0009083065885835, 0.9828277064936092, 0.9962049605959634, 1.01439941545837, 1.016145552367138, 1.005055853381521, 0.9801415409238904, 0.9933188396334005, 1.002275554263498, 0.9918094629682508, 0.9839847981547915, 0.9985015177754276, 0.9884371618803784, 1.0074557260419987, 0.9775448654200006, 1.003173465864836, 0.9998933509879178, 1.0054947603826527, 1.0061782679611395, 1.0142262301577945, 1.0149019157239205, 0.9997563083038921, 0.9930462183377206, 1.0084897973824518, 1.003909573860786, 1.0020779947307858, 0.9920963952541582, 0.9851706168979977, 1.0240271715919085, 0.9922473760438623]","[0.0009083065885835406, -0.017172293506390823, -0.003795039404036582, 0.01439941545836998, 0.016145552367138105, 0.005055853381521036, -0.019858459076109614, -0.006681160366599492, 0.002275554263498014, -0.008190537031749212, -0.01601520184520855, -0.001498482224572384, -0.011562838119621555, 0.007455726041998734, -0.02245513457999937, 0.0031734658648359115, -0.00010664901208223831, 0.00549476038265273, 0.006178267961139516, 0.01422623015779445, 0.014901915723920522, -0.0002436916961079394, -0.006953781662279446, 0.008489797382451814, 0.003909573860785942, 0.002077994730785848, -0.007903604745841841, -0.014829383102002325, 0.02402717159190848, -0.007752623956137739]","[0.120636485517025, 0.0, 0.0, 0.0, 0.0, 0.0, 0.09144090861082077, 0.0, 0.09795718640089035, 0.06661900132894516, 0.06514326483011246, 0.0, 0.0, 0.0, 0.11945944279432297, 0.0, 0.0, 0.04788568615913391, 0.13028600811958313, 0.0, 0.0, 0.0, 0.0, 0.0, 0.0, 0.13028600811958313, 0.0, 0.13028600811958313, 0.0, 0.0]","[1.2149636911515353e-23, 0.0, 0.0, 0.0, 0.0, 0.0, 0.0, 6.967220452916892e-23, 0.0, -9.174399944891064e-23, 9.940608075048441e-24, 1.1386300254158206e-23, 0.0, 0.0, 8.858403945143279e-24, 0.0, -9.81596620436337e-23, 0.0, 2.874646301369572e-24, 0.0, 0.0, 0.0, 0.0, 0.0, 1.0, 0.0, 0.0, 0.0, 0.0, -3.722955730511672e-23]","[0.0, 0.0018641287145658703, 0.0014754316916253832, 0.0022718259928006137, 0.0, 0.015669517144997862, 0.008933429729511212, 0.0005394278657079351, 0.0, 0.0, 0.0, 0.003542368640316296, 0.0025017494017828125, 0.0, 0.0003148731251969714, 0.0, 0.00535268096500411, 0.004103301285551128, 0.0, 0.0, 0.003890744110509872, 0.007177713656215556, 0.0, 0.0003171897792517137, 0.936970991140571, 0.0030098412886449166, 0.0020647854677468473, 0.0, 0.0, 0.0]","[0.120636485517025, 0.0, 0.0, 0.0, 0.0, 0.0, 0.09144090861082077, 0.0, 0.09795718640089035, 0.06661900132894516, 0.06514326483011246, 0.0, 0.0, 0.0, 0.11945944279432297, 0.0, 0.0, 0.04788568615913391, 0.13028600811958313, 0.0, 0.0, 0.0, 0.0, 0.0, 0.0, 0.13028600811958313, 0.0, 0.13028600811958313, 0.0, 0.0]",-0.006793454863164064
58,1.0574327967111796,"[1.0009083065885835, 0.9828277064936092, 0.9962049605959634, 1.01439941545837, 1.016145552367138, 1.005055853381521, 0.9801415409238904, 0.9933188396334005, 1.002275554263498, 0.9918094629682508, 0.9839847981547915, 0.9985015177754276, 0.9884371618803784, 1.0074557260419987, 0.9775448654200006, 1.003173465864836, 0.9998933509879178, 1.0054947603826527, 1.0061782679611395, 1.0142262301577945, 1.0149019157239205, 0.9997563083038921, 0.9930462183377206, 1.0084897973824518, 1.003909573860786, 1.0020779947307858, 0.9920963952541582, 0.9851706168979977, 1.0240271715919085, 0.9922473760438623]","[0.9990468450489651, 0.9866070705512686, 0.9966590830126715, 1.0016996928578552, 0.9904040597619943, 0.9834344415740518, 1.0110209509843917, 0.9987158266341549, 0.9960520249657238, 1.0130115381946176, 1.0399199441218436, 0.9966498893128743, 0.9926188563274868, 0.987633174382771, 1.0122942004307809, 1.0191386317953237, 1.0166271911961673, 1.0179968735036262, 0.9909410916521261, 1.0113600450798805, 0.9964745989898399, 1.0081323849258677, 1.0104497092724856, 1.0118077147863123, 0.998758444052224, 1.0206118195050788, 1.0126517138509168, 1.0025772425003512, 1.0037212258918302, 1.0046401256726005]","[-0.0009531549510348736, -0.013392929448731383, -0.003340916987328524, 0.0016996928578552062, -0.009595940238005696, -0.0165655584259482, 0.011020950984391709, -0.001284173365845076, -0.003947975034276241, 0.013011538194617644, 0.03991994412184363, -0.0033501106871256514, -0.007381143672513191, -0.012366825617229016, 0.012294200430780888, 0.019138631795323713, 0.01662719119616729, 0.01799687350362622, -0.009058908347873929, 0.011360045079880532, -0.0035254010101600786, 0.008132384925867653, 0.010449709272485563, 0.011807714786312262, -0.0012415559477759741, 0.020611819505078843, 0.01265171385091679, 0.0025772425003511845, 0.0037212258918302155, 0.004640125672600526]","[0.0, 0.0, 0.0, 0.051758136600255966, 0.0, 0.11653726547956467, 0.0, 0.0885811448097229, 0.0, 0.0, 0.0, 0.0, 0.10666772723197937, 0.0, 0.0, 0.0, 0.12645326554775238, 0.0, 0.0, 0.12645326554775238, 0.0, 0.12645326554775238, 0.12645326554775238, 0.0, 0.0, 0.12645326554775238, 0.0, 0.004189395811408758, 0.0, 0.0]","[3.786049888716727e-22, 0.0, 0.0, 6.146332469281318e-22, 0.0, 0.0, 0.0, 0.0, 0.0, 0.0, 0.0, 0.0, 3.4948990866135926e-22, 0.0, 0.0, 5.449207169342013e-22, 0.0, 6.498635589291328e-22, 0.4103540194959122, 0.0, 4.737574829799188e-22, 6.429936665890277e-22, 0.0, 0.0, 0.5896459805040878, 3.4225279216055047e-22, 0.0, 0.0, 0.0, 0.0]","[0.011816420668432505, 0.0, 0.0, 0.0017943318452769241, 0.0, 0.0, 0.001852994186765635, 0.0031891069931877084, 0.006487224833840293, 0.0, 0.0, 0.001919283327893128, 0.0018865661616332028, 0.0048006380274175624, 0.007330510822848818, 0.0, 0.0, 0.0, 0.37664335943017035, 0.0, 0.005974789350534335, 0.009209059835436574, 0.005680056158453986, 0.007909549193839203, 0.5347752628448714, 0.004427956949807758, 0.011035730834492247, 0.0, 0.0, 0.0032671585350981785]","[0.0, 0.0, 0.0, 0.051758136600255966, 0.0, 0.11653726547956467, 0.0, 0.0885811448097229, 0.0, 0.0, 0.0, 0.0, 0.10666772723197937, 0.0, 0.0, 0.0, 0.12645326554775238, 0.0, 0.0, 0.12645326554775238, 0.0, 0.12645326554775238, 0.12645326554775238, 0.0, 0.0, 0.12645326554775238, 0.0, 0.004189395811408758, 0.0, 0.0]",0.005434126880229931
59,1.0586176314029307,"[0.9990468450489651, 0.9866070705512686, 0.9966590830126715, 1.0016996928578552, 0.9904040597619943, 0.9834344415740518, 1.0110209509843917, 0.9987158266341549, 0.9960520249657238, 1.0130115381946176, 1.0399199441218436, 0.9966498893128743, 0.9926188563274868, 0.987633174382771, 1.0122942004307809, 1.0191386317953237, 1.0166271911961673, 1.0179968735036262, 0.9909410916521261, 1.0113600450798805, 0.9964745989898399, 1.0081323849258677, 1.0104497092724856, 1.0118077147863123, 0.998758444052224, 1.0206118195050788, 1.0126517138509168, 1.0025772425003512, 1.0037212258918302, 1.0046401256726005]","[1.0135395724682883, 1.0130115648065, 1.0005318567215553, 1.002675417447777, 1.0106460534665487, 0.9964333197086267, 0.9915483497387299, 1.0057433647249043, 0.9969142401330919, 0.9963767600965361, 0.9950457327419214, 0.9945347207873217, 1.0104911551082438, 0.998143752235752, 0.9761146711433275, 0.9994743203882973, 1.0250171388596974, 0.9892085276974126, 1.000649497095014, 0.9802701664635843, 1.010892966775768, 0.9796482511791729, 0.9924646479251987, 0.9998997839472216, 1.0052347774024772, 1.0172521906962522, 0.9931016935376572, 1.0057174914460774, 0.9926924631523663, 1.0134530237446786]","[0.013539572468288297, 0.013011564806499898, 0.0005318567215553127, 0.0026754174477769954, 0.010646053466548677, -0.003566680291373303, -0.00845165026127015, 0.005743364724904332, -0.0030857598669080666, -0.003623239903463915, -0.004954267258078571, -0.0054652792126782535, 0.010491155108243833, -0.0018562477642479758, -0.023885328856672494, -0.0005256796117026896, 0.025017138859697363, -0.010791472302587368, 0.00064949709501394, -0.019729833536415664, 0.01089296677576801, -0.02035174882082713, -0.0075353520748012714, -0.0001002160527784346, 0.005234777402477242, 0.017252190696252168, -0.006898306462342796, 0.005717491446077361, -0.007307536847633744, 0.013453023744678605]","[0.08550742268562317, 0.11001747846603394, 0.0, 0.11001747846603394, 0.0, 0.0, 0.0, 0.0, 0.0, 0.0, 0.0, 0.0, 0.10393507778644562, 0.0, 0.08702915161848068, 0.0, 0.0, 0.0, 0.11001747846603394, 0.11001747846603394, 0.0, 0.0, 0.0, 0.0, 0.0, 0.08195903152227402, 0.0, 0.10617164522409439, 0.09532773494720459, 0.0]","[0.0, 1.604639092679125e-23, 0.0, 0.0, 0.0, 0.0, 0.0, 0.0, 0.0, 0.0, 0.0, 1.331802472393945e-23, 0.0, 1.246528765427017e-22, 0.0, 1.4252752225896943e-23, 1.5281361749873022e-23, 0.0, 0.0, 0.0, 0.0, 9.867020547830707e-23, 0.0, 0.0, 1.0, 1.3520509846158882e-23, 0.0, 0.0, 1.624507684866882e-23, 1.7985023786785396e-22]","[0.0, 0.0, 0.0, 0.0, 0.0, 0.006589469460606367, 0.0, 0.014171111133332057, 0.0, 0.0, 0.0034005041579617612, 0.0031199717217222245, 0.0, 0.007730758511762649, 0.0, 0.0, 0.0, 0.004457921765865447, 0.0, 0.008710495854489204, 0.006656370698578044, 0.0048640884233380885, 0.007414201162824618, 0.0, 0.9011043565836859, 0.0, 0.011594997996038156, 0.0, 0.0027052624629320546, 0.017480490066863367]","[0.08550743013620377, 0.11001748591661453, 0.0, 0.11001748591661453, 0.0, 0.0, 0.0, 0.0, 0.0, 0.0, 0.0, 0.0, 0.10393508523702621, 0.0, 0.08702915906906128, 0.0, 0.0, 0.0, 0.11001748591661453, 0.11001748591661453, 0.0, 0.0, 0.0, 0.0, 0.0, 0.08195903897285461, 0.0, 0.10617165267467499, 0.09532774239778519, 0.0]",0.0007180053607087672
60,1.0582496416989482,"[1.0135395724682883, 1.0130115648065, 1.0005318567215553, 1.002675417447777, 1.0106460534665487, 0.9964333197086267, 0.9915483497387299, 1.0057433647249043, 0.9969142401330919, 0.9963767600965361, 0.9950457327419214, 0.9945347207873217, 1.0104911551082438, 0.998143752235752, 0.9761146711433275, 0.9994743203882973, 1.0250171388596974, 0.9892085276974126, 1.000649497095014, 0.9802701664635843, 1.010892966775768, 0.9796482511791729, 0.9924646479251987, 0.9998997839472216, 1.0052347774024772, 1.0172521906962522, 0.9931016935376572, 1.0057174914460774, 0.9926924631523663, 1.0134530237446786]","[0.9904343616890319, 0.9941147281446813, 1.0141845883655656, 0.9808073915670612, 1.0129928878095937, 1.0031855264337606, 0.9961622872645737, 1.0142984833878113, 1.0093389263315014, 1.0097484327870567, 1.0017775289564168, 0.9875340673066652, 1.0191604295158478, 1.0038473085126864, 0.9757818131745084, 1.0113893248095434, 0.9973337458350625, 0.9747529057069783, 0.9868549324911096, 1.004009875086773, 1.0019175281489408, 0.9719781096453288, 1.0119529465534973, 0.9803140912052183, 0.9989851348543632, 1.0406737180596815, 0.9996360702996796, 0.9922678732126335, 1.0030792933941302, 1.0077515808028523]","[-0.009565638310968128, -0.00588527185531873, 0.014184588365565576, -0.019192608432938796, 0.012992887809593734, 0.003185526433760577, -0.003837712735426324, 0.014298483387811256, 0.009338926331501352, 0.009748432787056727, 0.0017775289564168073, -0.012465932693334847, 0.019160429515847843, 0.0038473085126864426, -0.024218186825491594, 0.011389324809543355, -0.002666254164937487, -0.025247094293021743, -0.01314506750889044, 0.004009875086772974, 0.0019175281489407503, -0.028021890354671175, 0.011952946553497323, -0.019685908794781715, -0.0010148651456367563, 0.04067371805968145, -0.00036392970032039784, -0.007732126787366456, 0.003079293394130156, 0.00775158080285232]","[0.0, 0.0, 0.0, 0.0, 0.0, 0.10536829382181168, 0.0, 0.0, 0.0, 0.0, 0.10128537565469742, 0.0, 0.0, 0.10536829382181168, 0.10536829382181168, 0.0, 0.0, 0.0, 0.10536829382181168, 0.10536829382181168, 0.0, 0.0, 0.0, 0.09844881296157837, 0.06268768012523651, 0.10536829382181168, 0.10536829382181168, 0.0, 0.0, 0.0]","[0.0, 3.5132899141416903e-22, 0.0, 0.0, 0.0, 1.2818182446290412e-22, 0.0, 0.0, 0.0, 3.91456159719949e-22, 0.0, 0.0, 2.391131011377384e-22, 0.0, 0.0, 0.0, 1.8389054284030882e-22, 1.2925537293978626e-22, 0.0, 0.0, 2.9425556714550685e-22, 1.8419910607304588e-22, 0.0, 1.2789669211852237e-22, 1.0, 0.0, 0.0, 0.0, 0.0, 0.0]","[0.0, 0.0, 0.014583774460749472, 0.0, 0.0, 0.0, 0.0, 0.0, 0.010227367989667679, 0.022963831849591197, 0.0, 0.0, 0.0, 0.0, 0.0, 0.009346497871973126, 0.012543634624539666, 0.0, 0.0, 0.0, 0.0, 0.013146615940352052, 0.0, 0.003122117631886058, 0.9063446664209481, 0.0, 0.0, 0.0, 0.0014377221493003648, 0.0062837710609923774]","[0.0, 0.0, 0.0, 0.0, 0.0, 0.10536829382181168, 0.0, 0.0, 0.0, 0.0, 0.10128537565469742, 0.0, 0.0, 0.10536829382181168, 0.10536829382181168, 0.0, 0.0, 0.0, 0.10536829382181168, 0.10536829382181168, 0.0, 0.0, 0.0, 0.09844881296157837, 0.06268768012523651, 0.10536829382181168, 0.10536829382181168, 0.0, 0.0, 0.0]",-0.0008126292626319735
61,1.0585123003776682,"[0.9904343616890319, 0.9941147281446813, 1.0141845883655656, 0.9808073915670612, 1.0129928878095937, 1.0031855264337606, 0.9961622872645737, 1.0142984833878113, 1.0093389263315014, 1.0097484327870567, 1.0017775289564168, 0.9875340673066652, 1.0191604295158478, 1.0038473085126864, 0.9757818131745084, 1.0113893248095434, 0.9973337458350625, 0.9747529057069783, 0.9868549324911096, 1.004009875086773, 1.0019175281489408, 0.9719781096453288, 1.0119529465534973, 0.9803140912052183, 0.9989851348543632, 1.0406737180596815, 0.9996360702996796, 0.9922678732126335, 1.0030792933941302, 1.0077515808028523]","[0.9982001917068278, 0.9842485068417706, 0.9792409998632347, 1.0099194068808932, 0.992760232184713, 0.9861028040281629, 1.0049165829522633, 1.0166693057684357, 1.015733725829616, 0.9907584783777135, 0.9981386552208892, 0.9829363010337181, 1.0057339629154594, 0.9941466823240891, 0.9986394691206337, 1.0085261913821784, 0.9944738970830255, 1.014890322809363, 1.0110272581474449, 0.9857552653991397, 1.0091912739962547, 1.0032078178786097, 0.9946915753185396, 1.0079617972412922, 0.9929234775108454, 1.019543323994352, 1.0330663230583192, 1.0032720411527516, 1.01402324145076, 1.0234047712601995]","[-0.001799808293172167, -0.015751493158229435, -0.02075900013676535, 0.009919406880893211, -0.007239767815287013, -0.01389719597183714, 0.004916582952263271, 0.016669305768435727, 0.015733725829615963, -0.00924152162228653, -0.0018613447791108184, -0.017063698966281904, 0.005733962915459356, -0.005853317675910907, -0.001360530879366273, 0.00852619138217836, -0.005526102916974529, 0.014890322809363088, 0.011027258147444874, -0.014244734600860287, 0.009191273996254745, 0.0032078178786096867, -0.005308424681460422, 0.007961797241292201, -0.00707652248915458, 0.019543323994352102, 0.03306632305831925, 0.0032720411527515925, 0.014023241450759949, 0.023404771260199464]","[0.0, 0.10889028012752533, 0.10075711458921432, 0.10889028012752533, 0.0, 0.0, 0.08200962841510773, 0.10889028012752533, 0.10889028012752533, 0.0, 0.0, 0.10889028012752533, 0.0, 0.0, 0.0, 0.0, 0.0, 0.0, 0.0, 0.0, 0.0, 0.10889028012752533, 0.0, 0.0, 0.0827605277299881, 0.0, 0.0, 0.0, 0.08113107830286026, 0.0]","[0.0, 0.0, 0.0, 0.0, 6.411831557649889e-22, 0.0, 0.0, 0.0, 0.0, 6.015035702317887e-22, 4.072937140540834e-22, 2.2776971843588343e-22, 0.0, 0.0, 1.028244879290387e-21, 0.0, 2.5708946934299133e-22, 0.0, 0.0, 0.0, 0.0, 0.0, 0.0, 4.488311440994178e-22, 0.2240374665355367, 0.0, 0.0, 0.0, 3.0011763034206095e-22, 0.7759625334644633]","[0.0, 0.0, 0.009866596369133436, 0.001347138519546078, 0.0, 0.005799888445883184, 0.00047830131145718577, 0.0, 0.011417472862531777, 0.0, 0.0021703846341297227, 0.008177342702738413, 0.0023871417786023343, 0.0, 0.006161513591829678, 0.008748350436478895, 0.0, 0.0, 0.0, 0.006672506766298509, 0.0017606213941800252, 0.0, 0.01687338214822201, 0.0, 0.19587837427232702, 0.0, 0.0, 0.0, 0.0, 0.7222609847666417]","[0.0, 0.10889028012752533, 0.10075711458921432, 0.10889028012752533, 0.0, 0.0, 0.08200962841510773, 0.10889028012752533, 0.10889028012752533, 0.0, 0.0, 0.10889028012752533, 0.0, 0.0, 0.0, 0.0, 0.0, 0.0, 0.0, 0.0, 0.0, 0.10889028012752533, 0.0, 0.0, 0.0827605277299881, 0.0, 0.0, 0.0, 0.08113107830286026, 0.0]",-0.00013465399367865345
62,1.0604466839571323,"[0.9982001917068278, 0.9842485068417706, 0.9792409998632347, 1.0099194068808932, 0.992760232184713, 0.9861028040281629, 1.0049165829522633, 1.0166693057684357, 1.015733725829616, 0.9907584783777135, 0.9981386552208892, 0.9829363010337181, 1.0057339629154594, 0.9941466823240891, 0.9986394691206337, 1.0085261913821784, 0.9944738970830255, 1.014890322809363, 1.0110272581474449, 0.9857552653991397, 1.0091912739962547, 1.0032078178786097, 0.9946915753185396, 1.0079617972412922, 0.9929234775108454, 1.019543323994352, 1.0330663230583192, 1.0032720411527516, 1.01402324145076, 1.0234047712601995]","[1.0078719680291686, 1.0033921759716629, 0.993554996111389, 1.000512057923754, 1.0057720723543964, 1.0002817190178024, 0.9910989727744463, 1.0277273417463801, 0.9897611840333417, 0.9984074946384968, 1.0121560019734819, 0.9963529475154719, 0.9844978049648281, 1.0137648861337245, 1.010099011926565, 1.0190018563777263, 1.00004118566692, 1.0083674375326688, 1.004557299266899, 0.999043321385156, 0.9986809782159656, 0.9858707336358404, 0.9892576781250478, 1.0033911799690014, 0.9899252085650431, 1.0011759982097268, 1.006639678184624, 1.011338974518058, 1.0183631800679678, 0.9960748182220325]","[0.007871968029168563, 0.0033921759716628586, -0.006445003888611023, 0.0005120579237540834, 0.005772072354396363, 0.0002817190178023843, -0.008901027225553748, 0.02772734174638014, -0.010238815966658321, -0.001592505361503238, 0.012156001973481878, -0.003647052484528124, -0.015502195035171917, 0.013764886133724508, 0.010099011926564927, 0.019001856377726334, 4.118566692001835e-05, 0.008367437532668776, 0.004557299266898962, -0.0009566786148440531, -0.0013190217840344243, -0.014129266364159565, -0.010742321874952165, 0.003391179969001401, -0.010074791434956931, 0.001175998209726803, 0.006639678184624076, 0.011338974518058098, 0.018363180067967777, -0.0039251817779675235]","[0.0, 0.0, 0.09851007908582687, 0.10891779512166977, 0.0, 0.10891779512166977, 0.0, 0.09340663999319077, 0.0, 0.0, 0.08720298856496811, 0.09922699630260468, 0.0, 0.0, 0.0, 0.0, 0.0, 0.0, 0.0, 0.0, 0.0, 0.09903806447982788, 0.0, 0.0, 0.08694405853748322, 0.10891779512166977, 0.0, 0.10891779512166977, 0.0, 0.0]","[0.0, -9.461395416644676e-23, 0.0, 0.0, 0.0, 0.0, 0.0, 0.0, -9.649176725334167e-23, 1.545139955010949e-22, 0.0, 0.0, 0.0, 1.1891321721659574e-22, 0.0, 0.0, -9.514533043771384e-23, 0.0, 1.243837506822064e-23, 0.0, 1.3796900961516825e-23, 0.0, 0.0, 0.0, 1.7881045419694812e-22, 0.0, 0.0, 0.0, -9.451265316645956e-23, 1.0]","[0.0022783382289883053, 0.0, 0.002360974364067091, 0.0002851062258371865, 0.0, 0.0, 0.0, 0.0025289629252256223, 0.010610994979639833, 0.007754664438176378, 0.0028571223554712567, 0.011889579805858301, 0.0005063906418521355, 0.008584276130984912, 0.001041106536908544, 0.008896501080890013, 0.0, 0.008544648115606518, 0.026397993412991563, 0.0, 0.006853446318339034, 0.0, 0.00044603477653072296, 0.0, 0.01611067354528207, 0.0, 0.008740276041770561, 0.0, 0.01388120303604833, 0.8594317070395315]","[0.0, 0.0, 0.09851008653640747, 0.10891780257225037, 0.0, 0.10891780257225037, 0.0, 0.09340664744377136, 0.0, 0.0, 0.0872029960155487, 0.09922700375318527, 0.0, 0.0, 0.0, 0.0, 0.0, 0.0, 0.0, 0.0, 0.0, 0.09903807193040848, 0.0, 0.0, 0.08694406598806381, 0.10891780257225037, 0.0, 0.10891780257225037, 0.0, 0.0]",0.0014567405202928249
63,1.0545951851792061,"[1.0078719680291686, 1.0033921759716629, 0.993554996111389, 1.000512057923754, 1.0057720723543964, 1.0002817190178024, 0.9910989727744463, 1.0277273417463801, 0.9897611840333417, 0.9984074946384968, 1.0121560019734819, 0.9963529475154719, 0.9844978049648281, 1.0137648861337245, 1.010099011926565, 1.0190018563777263, 1.00004118566692, 1.0083674375326688, 1.004557299266899, 0.999043321385156, 0.9986809782159656, 0.9858707336358404, 0.9892576781250478, 1.0033911799690014, 0.9899252085650431, 1.0011759982097268, 1.006639678184624, 1.011338974518058, 1.0183631800679678, 0.9960748182220325]","[0.9938080300779483, 0.9870046622251863, 0.9975766534474322, 0.9978483226877849, 1.0142010991678154, 0.997503729987158, 0.9931249832564474, 0.9882992226528864, 1.007139441619322, 0.9900566599504692, 1.0091692235683698, 0.9655728968404801, 0.9941490698526415, 1.019180712431019, 0.9838420133164179, 1.0229450048893565, 0.9908929631297153, 1.0003438782561984, 1.015535272983338, 1.008050442047408, 1.043405242785842, 0.9884894346821507, 1.0018331563541802, 1.0045406931527896, 0.9809641676187055, 1.0095669564749234, 0.9947924099074678, 1.0101041076204538, 1.011156064693056, 0.9953698470681586]","[-0.006191969922051732, -0.012995337774813653, -0.0024233465525678177, -0.0021516773122151056, 0.014201099167815423, -0.002496270012842028, -0.00687501674355262, -0.011700777347113611, 0.007139441619322007, -0.009943340049530791, 0.0091692235683698, -0.03442710315951991, -0.005850930147358491, 0.019180712431019042, -0.01615798668358215, 0.02294500488935647, -0.00910703687028469, 0.0003438782561984155, 0.015535272983338011, 0.008050442047407902, 0.04340524278584201, -0.01151056531784933, 0.0018331563541802431, 0.004540693152789599, -0.01903583238129447, 0.00956695647492345, -0.005207590092532244, 0.010104107620453773, 0.011156064693055967, -0.004630152931841436]","[0.0, 0.08895451575517654, 0.10390322655439377, 0.0, 0.0, 0.0, 0.0, 0.10774391144514084, 0.10774391144514084, 0.0, 0.0, 0.10774391144514084, 0.0, 0.09742788970470428, 0.0, 0.0, 0.0, 0.10774391144514084, 0.0, 0.0, 0.0, 0.0, 0.0, 0.0, 0.10774391144514084, 0.07623087614774704, 0.0947638675570488, 0.0, 0.0, 0.0]","[0.0, 0.0, 0.0, 0.0, 2.3644149934725166e-22, 0.0, 0.0, 0.0, 3.4763913113807403e-22, 3.4856707442392067e-22, 0.0, 0.0, 2.346644761246997e-22, 0.0, 0.0, 0.0, 0.0, 0.0, 2.343109504550372e-22, 0.0, 2.3578709135237464e-22, 2.336608417890715e-22, 2.3369259901491827e-22, 0.0, 0.0, 2.3401339634630776e-22, 0.0, 0.0, 0.0, 1.0]","[0.0, 0.004065708425559149, 0.0, 0.00424203861266273, 0.0, 0.006189326456243312, 0.0, 0.0021797860941744503, 0.002236756799345533, 0.0, 0.0, 0.01942018875165349, 0.0, 0.0, 0.007353336965168345, 0.0, 0.0, 0.0, 0.0, 0.0, 0.0, 0.013005709597424697, 0.0, 0.0, 0.00937114831895543, 0.007786261670836209, 0.0, 0.0, 0.0, 0.9241497383079768]","[0.0, 0.08895452320575714, 0.10390323400497437, 0.0, 0.0, 0.0, 0.0, 0.10774391889572144, 0.10774391889572144, 0.0, 0.0, 0.10774391889572144, 0.0, 0.09742789715528488, 0.0, 0.0, 0.0, 0.10774391889572144, 0.0, 0.0, 0.0, 0.0, 0.0, 0.0, 0.10774391889572144, 0.07623088359832764, 0.0947638750076294, 0.0, 0.0, 0.0]",-0.005933285143541848
64,1.059141702496764,"[0.9938080300779483, 0.9870046622251863, 0.9975766534474322, 0.9978483226877849, 1.0142010991678154, 0.997503729987158, 0.9931249832564474, 0.9882992226528864, 1.007139441619322, 0.9900566599504692, 1.0091692235683698, 0.9655728968404801, 0.9941490698526415, 1.019180712431019, 0.9838420133164179, 1.0229450048893565, 0.9908929631297153, 1.0003438782561984, 1.015535272983338, 1.008050442047408, 1.043405242785842, 0.9884894346821507, 1.0018331563541802, 1.0045406931527896, 0.9809641676187055, 1.0095669564749234, 0.9947924099074678, 1.0101041076204538, 1.011156064693056, 0.9953698470681586]","[0.9913168383003242, 0.9938070293418988, 1.0139671483181671, 0.9961677189405893, 0.9985125704407523, 1.0026489054886074, 0.993814569313667, 1.015331823656448, 0.9850359122816148, 1.0098867530970002, 0.9836839846002714, 0.9934675429468243, 1.0087872232269424, 0.9862862824516428, 0.9984505422915927, 0.9993225661712636, 1.012011781547852, 1.0243351275362838, 1.019350071476903, 1.0068418457480348, 1.0009794240930543, 1.0061739035531019, 0.9979454857781033, 0.9859887610471687, 1.0269822926021823, 0.9990185334803345, 1.0075162228431438, 0.9744339492302769, 0.9957465802524589, 1.0008429099871112]","[-0.008683161699675757, -0.0061929706581012045, 0.013967148318167144, -0.0038322810594106915, -0.0014874295592477438, 0.0026489054886074115, -0.006185430686333038, 0.015331823656447918, -0.0149640877183852, 0.009886753097000156, -0.0163160153997286, -0.006532457053175733, 0.008787223226942364, -0.013713717548357152, -0.0015494577084073091, -0.0006774338287364179, 0.012011781547851985, 0.02433512753628375, 0.01935007147690304, 0.006841845748034814, 0.000979424093054293, 0.006173903553101878, -0.0020545142218967305, -0.014011238952831295, 0.026982292602182323, -0.0009814665196654637, 0.007516222843143794, -0.02556605076972307, -0.004253419747541121, 0.0008429099871112289]","[0.08132099360227585, 0.0, 0.08268460631370544, 0.1069190725684166, 0.0, 0.0, 0.1069190725684166, 0.0, 0.0, 0.0, 0.0, 0.0, 0.0, 0.0, 0.0, 0.0, 0.1069190725684166, 0.1069190725684166, 0.0, 0.0, 0.0, 0.09588377177715302, 0.0, 0.0, 0.0, 0.0, 0.1069190725684166, 0.0, 0.10233334451913834, 0.10318192094564438]","[0.0, 0.0, 0.0, 0.0, -6.502809439491045e-22, 0.0, 0.0, -5.989164843116297e-22, -4.281087156675498e-22, 0.0, 0.0, 0.0, 0.0, 0.0, -4.299230666695567e-22, 0.0, -5.383237509029357e-22, 0.0, 0.0, 0.0, 0.0, 0.0, 0.0, 0.0, -5.9805236503450765e-22, -4.316537940830382e-22, -4.333066312319568e-22, 0.0, -6.484125217058629e-22, 1.0]","[0.0, 0.0, 0.0, 0.0, 0.0, 0.013636830175963515, 0.0, 0.002873567099125707, 0.016829274817695885, 0.009102961084892362, 0.0, 0.0, 0.0, 0.004852906954591731, 0.01167511111337138, 0.01003465722304198, 0.0013382136722041222, 0.011331393032947511, 0.014978769910955324, 0.0, 0.0, 0.0, 0.0, 0.0, 0.0006570120722169896, 0.0, 0.011402121835338263, 0.0, 0.0, 0.8912871810076551]","[0.08132099360227585, 0.0, 0.08268460631370544, 0.1069190725684166, 0.0, 0.0, 0.1069190725684166, 0.0, 0.0, 0.0, 0.0, 0.0, 0.0, 0.0, 0.0, 0.0, 0.1069190725684166, 0.1069190725684166, 0.0, 0.0, 0.0, 0.09588377177715302, 0.0, 0.0, 0.0, 0.0, 0.1069190725684166, 0.0, 0.10233334451913834, 0.10318192094564438]",0.0038629970548278193
65,1.063792201778221,"[0.9913168383003242, 0.9938070293418988, 1.0139671483181671, 0.9961677189405893, 0.9985125704407523, 1.0026489054886074, 0.993814569313667, 1.015331823656448, 0.9850359122816148, 1.0098867530970002, 0.9836839846002714, 0.9934675429468243, 1.0087872232269424, 0.9862862824516428, 0.9984505422915927, 0.9993225661712636, 1.012011781547852, 1.0243351275362838, 1.019350071476903, 1.0068418457480348, 1.0009794240930543, 1.0061739035531019, 0.9979454857781033, 0.9859887610471687, 1.0269822926021823, 0.9990185334803345, 1.0075162228431438, 0.9744339492302769, 0.9957465802524589, 1.0008429099871112]","[1.005085824265773, 1.0190363330599927, 1.009656146234895, 0.9963976399483531, 0.9985361699355647, 1.0191154506743827, 0.9794230648210127, 1.0143809592937065, 0.9915332437663287, 1.0067960157031637, 0.9979296604468246, 0.9889081038919522, 1.0015670257613305, 1.0183656205506129, 1.0073498261714309, 1.0156956373641468, 0.9965226491082863, 0.9786162681233002, 1.0177714682949002, 1.0173464130074796, 1.008723829070851, 1.0084460113922804, 0.9755724945182574, 0.9990504952298667, 0.9984954507295887, 1.0103439760539612, 0.9873515417350259, 0.9923989547602344, 1.0099284208835744, 1.0078354072649198]","[0.005085824265772976, 0.01903633305999275, 0.009656146234894969, -0.0036023600516469356, -0.0014638300644352897, 0.019115450674382695, -0.020576935178987288, 0.01438095929370653, -0.008466756233671324, 0.0067960157031636825, -0.002070339553175371, -0.011091896108047838, 0.0015670257613304983, 0.01836562055061286, 0.007349826171430873, 0.01569563736414681, -0.0034773508917137486, -0.02138373187669984, 0.017771468294900172, 0.017346413007479633, 0.008723829070850897, 0.008446011392280406, -0.02442750548174255, -0.0009495047701333359, -0.0015045492704113261, 0.010343976053961201, -0.012648458264974072, -0.007601045239765569, 0.009928420883574374, 0.007835407264919825]","[0.0, 0.08914291858673096, 0.05549195036292076, 0.0, 0.0, 0.0, 0.0, 0.0, 0.0, 0.10297294706106186, 0.0, 0.0, 0.11667004227638245, 0.11667004227638245, 0.0, 0.11667004227638245, 0.0, 0.11667004227638245, 0.0, 0.0, 0.0, 0.0, 0.0, 0.0, 0.11397124826908112, 0.09307578206062317, 0.07866498082876205, 0.0, 0.0, 0.0]","[0.0, 0.0, 1.1962540807716288e-23, 1.0781150043835553e-23, 1.2864408576756247e-23, 0.0, 0.0, 0.0, 0.0, 6.932209905224267e-23, 0.0, 0.0, 0.0, 0.0, 0.0, 0.0, 0.0, 0.0, 0.0, 1.0456815031820233e-23, 0.0, 1.2129625821157682e-22, 0.0, 0.0, 6.588792902579475e-23, 0.0, 0.0, 1.2227508758641233e-22, 1.4448788077415496e-23, 1.0]","[0.0, 0.0, 0.0, 0.002195397226427567, 0.0, 0.00025927873443691595, 0.0, 0.0, 0.00951164712205168, 0.0020833183530356114, 0.01168152915107821, 0.003608001522753888, 0.010670105244631103, 0.004304512312172796, 0.001157824318494727, 0.0, 0.0, 0.0, 0.0, 0.0054993676583509786, 0.006159026215951385, 0.0, 0.0, 0.013917878707805548, 0.0, 0.0, 0.0, 0.009922069157761504, 0.001997218920900931, 0.9170328253541471]","[0.0, 0.08914292603731155, 0.05549195408821106, 0.0, 0.0, 0.0, 0.0, 0.0, 0.0, 0.10297295451164246, 0.0, 0.0, 0.11667004972696304, 0.11667004972696304, 0.0, 0.11667004972696304, 0.0, 0.11667004972696304, 0.0, 0.0, 0.0, 0.0, 0.0, 0.0, 0.11397125571966171, 0.09307578951120377, 0.07866498827934265, 0.0, 0.0, 0.0]",0.003964684195373188
66,1.0660922093484424,"[1.005085824265773, 1.0190363330599927, 1.009656146234895, 0.9963976399483531, 0.9985361699355647, 1.0191154506743827, 0.9794230648210127, 1.0143809592937065, 0.9915332437663287, 1.0067960157031637, 0.9979296604468246, 0.9889081038919522, 1.0015670257613305, 1.0183656205506129, 1.0073498261714309, 1.0156956373641468, 0.9965226491082863, 0.9786162681233002, 1.0177714682949002, 1.0173464130074796, 1.008723829070851, 1.0084460113922804, 0.9755724945182574, 0.9990504952298667, 0.9984954507295887, 1.0103439760539612, 0.9873515417350259, 0.9923989547602344, 1.0099284208835744, 1.0078354072649198]","[0.9952397661785062, 1.009300249711503, 0.9998139095646578, 0.970674224003935, 1.014515934736398, 1.0103677024192492, 0.988184452042308, 1.0070769300906495, 0.9758762087451754, 0.9720104141973798, 1.010947993464873, 1.0067316687686436, 1.0143919727561854, 0.9836034812566858, 1.0094299499519759, 1.0085879976328822, 1.0155078103622783, 1.0283561107690726, 1.0095277908525018, 0.997366990733334, 0.9892925937013342, 0.9921901427520797, 1.0128752113753132, 0.9907369948011893, 0.9969684563700169, 1.0151117348135439, 1.0052272763629972, 0.9892951463011098, 1.0181188372989949, 1.0033795336090792]","[-0.00476023382149382, 0.009300249711502895, -0.00018609043534223435, -0.029325775996065007, 0.014515934736397895, 0.010367702419249225, -0.011815547957692019, 0.007076930090649469, -0.024123791254824556, -0.02798958580262023, 0.010947993464873074, 0.006731668768643617, 0.014391972756185423, -0.01639651874331416, 0.00942994995197588, 0.008587997632882205, 0.01550781036227833, 0.02835611076907263, 0.009527790852501772, -0.0026330092666659866, -0.010707406298665845, -0.007809857247920271, 0.012875211375313222, -0.009263005198810736, -0.0030315436299831466, 0.015111734813543887, 0.005227276362997246, -0.010704853698890182, 0.018118837298994883, 0.003379533609079166]","[0.0984843373298645, 0.10380634665489197, 0.0, 0.0, 0.0, 0.0, 0.0, 0.0, 0.0, 0.0, 0.10380634665489197, 0.08997199684381485, 0.0, 0.0, 0.0, 0.0, 0.10380634665489197, 0.0, 0.0, 0.10380634665489197, 0.08691925555467606, 0.0, 0.0, 0.10380634665489197, 0.0, 0.10380634665489197, 0.0, 0.101786307990551, 0.0, 0.0]","[1.2989252169035545e-23, 0.0, 0.0, 0.0, -9.587911979525746e-23, 0.0, 0.0, -4.423332698909078e-23, 0.0, 0.0, 0.0, 0.0, 0.0, 0.0, 0.0, -9.946197160724908e-23, 1.6252134670091286e-23, -9.816335527468779e-23, -1.5472729007614978e-22, 0.0, 0.0, 0.0, 0.0, 0.0, 0.0, -9.961834529506421e-23, 1.0287772586075389e-23, 0.0, 0.0, 1.0]","[0.0, 0.0, 0.003178682900925373, 0.00595022354821163, 0.013951229575240812, 0.007203218596061865, 0.002641317783462703, 0.0, 0.0, 0.004812417103004775, 0.0, 0.013482719391260743, 0.0, 0.0018769030977945093, 0.0, 0.0, 0.0, 0.0, 0.0, 0.0, 0.011236086434237675, 0.004986133089615392, 0.0, 0.006370846780808329, 0.0, 0.0, 0.005441206576283235, 0.01610527380420559, 0.0026518370518120254, 0.9001119042670754]","[0.0984843447804451, 0.10380635410547256, 0.0, 0.0, 0.0, 0.0, 0.0, 0.0, 0.0, 0.0, 0.10380635410547256, 0.08997200429439545, 0.0, 0.0, 0.0, 0.0, 0.10380635410547256, 0.0, 0.0, 0.10380635410547256, 0.08691926300525665, 0.0, 0.0, 0.10380635410547256, 0.0, 0.10380635410547256, 0.0, 0.10178631544113159, 0.0, 0.0]",0.0017528722465372816
67,1.0617093550637458,"[0.9952397661785062, 1.009300249711503, 0.9998139095646578, 0.970674224003935, 1.014515934736398, 1.0103677024192492, 0.988184452042308, 1.0070769300906495, 0.9758762087451754, 0.9720104141973798, 1.010947993464873, 1.0067316687686436, 1.0143919727561854, 0.9836034812566858, 1.0094299499519759, 1.0085879976328822, 1.0155078103622783, 1.0283561107690726, 1.0095277908525018, 0.997366990733334, 0.9892925937013342, 0.9921901427520797, 1.0128752113753132, 0.9907369948011893, 0.9969684563700169, 1.0151117348135439, 1.0052272763629972, 0.9892951463011098, 1.0181188372989949, 1.0033795336090792]","[0.9774129976255237, 0.9915417166748243, 0.9891444474086215, 1.0018172763262256, 1.0191470831952605, 0.9866552933160829, 0.9700679740615933, 1.002043973273926, 0.9915723592416258, 0.9932441121472717, 0.9886831866157202, 0.9844640211378781, 0.9917278011652647, 1.0021590405631517, 0.9808365174399449, 1.0062287780750077, 1.0003115928639912, 1.002336127099779, 1.0066858071836302, 0.9894852635041971, 1.0085942544325137, 1.0058832496834587, 1.0147138182116782, 1.0006835697214471, 0.9854140335864758, 1.0039682521609052, 0.9978987987138341, 0.9946725333221311, 1.0122044874002512, 1.0091371420178215]","[-0.022587002374476306, -0.00845828332517573, -0.010855552591378492, 0.0018172763262256364, 0.019147083195260484, -0.013344706683917074, -0.029932025938406714, 0.002043973273925914, -0.00842764075837421, -0.006755887852728293, -0.011316813384279811, -0.01553597886212188, -0.00827219883473529, 0.0021590405631517484, -0.019163482560055067, 0.006228778075007657, 0.0003115928639911836, 0.0023361270997790395, 0.00668580718363021, -0.010514736495802923, 0.008594254432513715, 0.005883249683458658, 0.014713818211678165, 0.0006835697214471192, -0.014585966413524165, 0.003968252160905239, -0.0021012012861658658, -0.005327466677868875, 0.012204487400251152, 0.009137142017821454]","[0.09101992845535278, 0.0, 0.0, 0.0, 0.0, 0.0, 0.0, 0.0, 0.0, 0.10725753009319305, 0.0, 0.10725753009319305, 0.0, 0.0, 0.0, 0.0, 0.08060062676668167, 0.10725753009319305, 0.0, 0.10725753009319305, 0.0, 0.10725753009319305, 0.0, 0.10725753009319305, 0.0, 0.0, 0.10725753009319305, 0.0, 0.0, 0.07757673412561417]","[0.0, -9.844959321687267e-23, 0.0, 0.0, 1.1654841873789996e-23, 0.0, 1.2002999238372982e-22, 8.853660715572435e-24, 0.0, 0.0, 6.605559236395097e-23, 0.0, 9.493010002881242e-24, 0.0, 0.0, 0.0, -9.82650208578357e-23, 0.0, 0.0, 0.0, 0.0, 9.028597585467874e-24, 0.0, 0.0, 0.0, 0.0, 1.1855385399780502e-22, 0.0, 0.0, 1.0]","[0.012742304403302051, 0.006307504849832718, 0.0, 0.0, 0.00934391166096115, 0.008559717845707858, 0.0, 0.0, 0.0060207440361903205, 0.0, 0.002700159595220056, 0.0, 0.005975147618449878, 0.0, 0.0, 0.0, 0.010139809857246553, 0.013436389239490979, 0.0, 0.0014247500026129164, 0.0, 0.0, 0.0038998428111474345, 0.0, 0.0, 0.004060471730563733, 0.0037847459109732616, 0.0, 0.011324055129800305, 0.9002804453085007]","[0.09101992845535278, 0.0, 0.0, 0.0, 0.0, 0.0, 0.0, 0.0, 0.0, 0.10725753009319305, 0.0, 0.10725753009319305, 0.0, 0.0, 0.0, 0.0, 0.08060062676668167, 0.10725753009319305, 0.0, 0.10725753009319305, 0.0, 0.10725753009319305, 0.0, 0.10725753009319305, 0.0, 0.0, 0.10725753009319305, 0.0, 0.0, 0.07757673412561417]",-0.004547393621099253
68,1.059066368434583,"[0.9774129976255237, 0.9915417166748243, 0.9891444474086215, 1.0018172763262256, 1.0191470831952605, 0.9866552933160829, 0.9700679740615933, 1.002043973273926, 0.9915723592416258, 0.9932441121472717, 0.9886831866157202, 0.9844640211378781, 0.9917278011652647, 1.0021590405631517, 0.9808365174399449, 1.0062287780750077, 1.0003115928639912, 1.002336127099779, 1.0066858071836302, 0.9894852635041971, 1.0085942544325137, 1.0058832496834587, 1.0147138182116782, 1.0006835697214471, 0.9854140335864758, 1.0039682521609052, 0.9978987987138341, 0.9946725333221311, 1.0122044874002512, 1.0091371420178215]","[0.9956856992185037, 1.0097667797492231, 1.017658389308543, 1.0015730112102603, 0.9957374538162689, 1.0076634386908379, 1.0208318173260817, 1.016500379229797, 1.0085366503948956, 1.0050792138307505, 1.0118335151811844, 1.0043640259626667, 1.00155115729307, 1.0005736992050052, 1.0032031078595358, 1.0067393405095295, 0.9721588426362769, 1.0037017818390737, 0.998652406640802, 1.016846053509683, 0.9964339221198266, 1.0036830131370658, 1.014254227648403, 0.9971171419903608, 0.9891300659100208, 0.9955705177386971, 0.993141724111758, 1.0107090283121465, 1.0182005896456454, 0.9972860300602947]","[-0.004314300781496305, 0.009766779749223131, 0.01765838930854291, 0.0015730112102603222, -0.00426254618373112, 0.007663438690837854, 0.020831817326081747, 0.01650037922979708, 0.008536650394895595, 0.005079213830750495, 0.011833515181184362, 0.004364025962666718, 0.0015511572930699824, 0.0005736992050051626, 0.0032031078595358142, 0.006739340509529512, -0.027841157363723057, 0.003701781839073659, -0.001347593359197985, 0.016846053509683045, -0.0035660778801733795, 0.0036830131370657604, 0.014254227648403006, -0.0028828580096391665, -0.01086993408997916, -0.004429482261302908, -0.006858275888241949, 0.010709028312146485, 0.018200589645645415, -0.0027139699397052963]","[0.09818801283836365, 0.0, 0.0, 0.0, 0.11115323007106781, 0.0, 0.0, 0.0, 0.0, 0.11115323007106781, 0.0, 0.0, 0.0, 0.0, 0.0, 0.08529636263847351, 0.11115323007106781, 0.0, 0.10204926133155823, 0.08581911772489548, 0.0, 0.0, 0.0, 0.11115323007106781, 0.0, 0.07288111001253128, 0.0, 0.0, 0.0, 0.11115323007106781]","[0.0, 1.1694132921578348e-23, 1.0080797886962509e-23, 0.0, 0.0, 1.7579081487601293e-22, 0.0, 9.193023183938164e-23, 2.33182771191101e-22, 1.2244417357358136e-22, 0.0, 0.0, 0.0, 0.0, 0.0, 1.1897488877211816e-22, 0.0, 0.0, 9.195672686687104e-23, 0.0, 0.0, 0.0, 0.0, 0.0, 0.0, 1.1838623764617647e-22, 0.0, 0.0, 0.0, 1.0]","[0.010638962040128215, 0.010901456919827707, 0.0, 0.009193665568183549, 0.0, 0.0, 0.00031853548011241835, 0.002309969014880404, 0.008720112833897483, 0.0, 0.011503616668211572, 0.0024053022996106403, 0.0, 0.01230030223222116, 0.0, 0.011188362839971133, 0.0021554584270086124, 0.0, 0.0, 0.0, 0.0, 0.008393760141428886, 0.0, 0.0, 0.006113582845681269, 0.007371925408654346, 0.00878439718665458, 0.002727343297028107, 0.0, 0.8849732467964999]","[0.09818801283836365, 0.0, 0.0, 0.0, 0.11115323007106781, 0.0, 0.0, 0.0, 0.0, 0.11115323007106781, 0.0, 0.0, 0.0, 0.0, 0.0, 0.08529636263847351, 0.11115323007106781, 0.0, 0.10204926133155823, 0.08581911772489548, 0.0, 0.0, 0.0, 0.11115323007106781, 0.0, 0.07288111001253128, 0.0, 0.0, 0.0, 0.11115323007106781]",-0.002893904695424661
69,1.0617034404717336,"[0.9956856992185037, 1.0097667797492231, 1.017658389308543, 1.0015730112102603, 0.9957374538162689, 1.0076634386908379, 1.0208318173260817, 1.016500379229797, 1.0085366503948956, 1.0050792138307505, 1.0118335151811844, 1.0043640259626667, 1.00155115729307, 1.0005736992050052, 1.0032031078595358, 1.0067393405095295, 0.9721588426362769, 1.0037017818390737, 0.998652406640802, 1.016846053509683, 0.9964339221198266, 1.0036830131370658, 1.014254227648403, 0.9971171419903608, 0.9891300659100208, 0.9955705177386971, 0.993141724111758, 1.0107090283121465, 1.0182005896456454, 0.9972860300602947]","[0.9839614471006636, 1.000771159716135, 1.000007344436557, 0.9999061688096686, 1.0149846210131939, 0.9891702342313872, 0.9836525390537503, 0.9978786611783401, 0.9925834848803355, 0.9916250148108618, 1.0044582838414862, 0.9876649349848228, 1.0095857756472328, 0.9934283363644241, 1.010919279724483, 1.0042581262087171, 0.9741095488644622, 1.0074827854766304, 0.9921524324908643, 0.9990177691362071, 0.9936508779341149, 0.9903202436059243, 0.9967756391131966, 1.0245700586496975, 1.0111912361230129, 0.9918128583470038, 0.9868085411233445, 1.009970911697861, 0.9984524016181526, 1.0139209211664526]","[-0.016038552899336422, 0.0007711597161350614, 7.344436556921963e-06, -9.383119033135046e-05, 0.014984621013193866, -0.010829765768612831, -0.016347460946249726, -0.0021213388216598794, -0.007416515119664457, -0.008374985189138151, 0.004458283841486166, -0.012335065015177227, 0.009585775647232841, -0.006571663635575931, 0.010919279724483033, 0.004258126208717128, -0.025890451135537784, 0.007482785476630394, -0.007847567509135733, -0.000982230863792899, -0.0063491220658851155, -0.0096797563940757, -0.0032243608868034457, 0.024570058649697524, 0.011191236123012871, -0.008187141652996166, -0.013191458876655515, 0.009970911697861018, -0.0015475983818473704, 0.013920921166452604]","[0.0, 0.0, 0.0, 0.0, 0.10645630955696106, 0.0, 0.09180321544408798, 0.10038958489894867, 0.10645630955696106, 0.0, 0.0, 0.0, 0.0, 0.0, 0.10645630955696106, 0.09557730704545975, 0.0, 0.10645630955696106, 0.0, 0.0, 0.0, 0.0, 0.0, 0.0, 0.08961673080921173, 0.10645630955696106, 0.0, 0.09033164381980896, 0.0, 0.0]","[0.0, 2.3763987751273964e-22, 0.0, 0.0, 0.0, 0.0, 0.0, 3.1665211774658604e-22, 1.2563710765491161e-22, 2.370395333450374e-22, 0.0, 0.0, 0.0, 0.0, 0.0, 2.3242883157426934e-22, 1.2654447115903326e-22, 2.336806900471368e-22, 0.0, 0.0, 2.06973893433214e-22, 0.0, 0.0, 0.0, 0.0, 0.0, 0.0, 0.0, 4.043141589251098e-22, 1.0]","[0.0, 0.0, 0.006662401096691105, 0.013988581618467824, 0.0, 0.010265970822400567, 0.0, 0.0, 0.0, 0.0, 0.003969530417814036, 0.0, 0.014418186295697783, 0.001046484630963356, 0.001260231152757124, 0.0, 0.020677784170663342, 0.0, 0.0, 0.013308009116959015, 0.0, 0.0, 0.006667869350774622, 0.0, 0.002981279827780008, 0.004831097836255187, 0.013116019287356753, 2.2516909557858246e-05, 0.0025575252908651186, 0.8842265121749963]","[0.0, 0.0, 0.0, 0.0, 0.10645630955696106, 0.0, 0.09180321544408798, 0.10038958489894867, 0.10645630955696106, 0.0, 0.0, 0.0, 0.0, 0.0, 0.10645630955696106, 0.09557730704545975, 0.0, 0.10645630955696106, 0.0, 0.0, 0.0, 0.0, 0.0, 0.0, 0.08961673080921173, 0.10645630955696106, 0.0, 0.09033164381980896, 0.0, 0.0]",0.002097428678218898
70,1.0661647448749736,"[0.9839614471006636, 1.000771159716135, 1.000007344436557, 0.9999061688096686, 1.0149846210131939, 0.9891702342313872, 0.9836525390537503, 0.9978786611783401, 0.9925834848803355, 0.9916250148108618, 1.0044582838414862, 0.9876649349848228, 1.0095857756472328, 0.9934283363644241, 1.010919279724483, 1.0042581262087171, 0.9741095488644622, 1.0074827854766304, 0.9921524324908643, 0.9990177691362071, 0.9936508779341149, 0.9903202436059243, 0.9967756391131966, 1.0245700586496975, 1.0111912361230129, 0.9918128583470038, 0.9868085411233445, 1.009970911697861, 0.9984524016181526, 1.0139209211664526]","[1.0065444546155442, 1.0018341848389698, 1.0131590840774582, 1.000605862933723, 0.9838696827406, 1.0181395837855727, 1.0244259560995097, 1.0072430067040676, 1.002277085380686, 0.9786129662493781, 0.9950979285906811, 1.0048638155118048, 1.0179704726837275, 1.0087508643836514, 0.9804704703154221, 0.9778249100455914, 1.0009440304599084, 1.0177772829351739, 1.009547308398586, 0.9997817416806303, 1.0102053619198337, 1.0067291035482135, 0.9913654516513579, 0.9995877418215191, 1.0048235169934592, 0.9833030064843737, 0.9986067810429324, 0.9969923525107737, 1.0018932353575942, 1.0005256569745458]","[0.006544454615544204, 0.001834184838969799, 0.01315908407745825, 0.0006058629337228894, -0.01613031725939995, 0.018139583785572677, 0.024425956099509705, 0.007243006704067634, 0.0022770853806859392, -0.021387033750621898, -0.004902071409318864, 0.004863815511804814, 0.017970472683727534, 0.008750864383651358, -0.019529529684577884, -0.022175089954408644, 0.0009440304599084293, 0.017777282935173888, 0.009547308398585974, -0.00021825831936972406, 0.010205361919833678, 0.006729103548213544, -0.00863454834864208, -0.0004122581784808954, 0.004823516993459176, -0.016696993515626257, -0.0013932189570675657, -0.0030076474892263283, 0.0018932353575942251, 0.0005256569745457629]","[0.0, 0.0, 0.10035606473684311, 0.0, 0.10035606473684311, 0.0, 0.10035606473684311, 0.10035606473684311, 0.10035606473684311, 0.10035606473684311, 0.0, 0.10035606473684311, 0.10035606473684311, 0.0, 0.0, 0.0, 0.0, 0.10035606473684311, 0.0, 0.0, 0.0, 0.0, 0.09679538756608963, 0.0, 0.0, 0.0, 0.0, 0.0, 0.0, 0.0]","[4.504301865675601e-22, 0.0, 2.2888339441195835e-22, 0.0, 3.3977558163302484e-22, 0.0, 0.0, 0.0, 2.2948427484483876e-22, 4.517319630276039e-22, 0.0, 0.0, 0.0, 0.0, 0.0, 3.3837087863881697e-22, 3.411147420233963e-22, 0.0, 0.0, 0.0, 3.9506340956992866e-22, 0.0, 0.0, 0.0, 0.0, 0.0, 0.0, 0.0, 3.966010094617524e-22, 1.0]","[0.0, 0.001744021399111882, 0.01636026047041088, 0.0, 0.013510334812458877, 0.0, 0.0023409203298787357, 0.001401761416326635, 0.0026187157370246824, 0.0, 0.0, 0.0, 0.0, 0.0, 0.013647612835461584, 0.0, 0.0, 0.0, 0.014351297967027358, 0.004411207659929892, 0.007614935196486296, 0.0, 0.0, 0.0, 0.0003468298873151053, 0.0, 0.0003363928882306666, 0.0, 0.0009514558086803571, 0.9203642535916571]","[0.0, 0.0, 0.10035606473684311, 0.0, 0.10035606473684311, 0.0, 0.10035606473684311, 0.10035606473684311, 0.10035606473684311, 0.10035606473684311, 0.0, 0.10035606473684311, 0.10035606473684311, 0.0, 0.0, 0.0, 0.0, 0.10035606473684311, 0.0, 0.0, 0.0, 0.0, 0.09679538756608963, 0.0, 0.0, 0.0, 0.0, 0.0, 0.0, 0.0]",0.003861398750320438
71,1.0738281257072084,"[1.0065444546155442, 1.0018341848389698, 1.0131590840774582, 1.000605862933723, 0.9838696827406, 1.0181395837855727, 1.0244259560995097, 1.0072430067040676, 1.002277085380686, 0.9786129662493781, 0.9950979285906811, 1.0048638155118048, 1.0179704726837275, 1.0087508643836514, 0.9804704703154221, 0.9778249100455914, 1.0009440304599084, 1.0177772829351739, 1.009547308398586, 0.9997817416806303, 1.0102053619198337, 1.0067291035482135, 0.9913654516513579, 0.9995877418215191, 1.0048235169934592, 0.9833030064843737, 0.9986067810429324, 0.9969923525107737, 1.0018932353575942, 1.0005256569745458]","[1.016705628014565, 1.018050459866105, 1.0158728604364626, 0.9977386488505772, 1.0042822702592398, 1.0001180390644224, 1.0106497918781199, 1.0178274426497718, 0.9993035479760923, 1.0166110952035508, 1.004118630789512, 0.9830085880996371, 0.9994425685987589, 0.9914094543613935, 0.9958165878599888, 0.9925494522005719, 0.996189339699378, 1.0056445915363834, 1.016376105084286, 1.020952160116672, 1.0171841459578808, 1.0240307263548918, 0.9977943477936587, 0.9982709683932597, 0.9987028067954705, 0.989395352818497, 0.9967943934765768, 1.0104136299173339, 0.9889213247851472, 0.9990022543442122]","[0.016705628014564988, 0.018050459866105095, 0.015872860436462632, -0.00226135114942283, 0.004282270259239773, 0.00011803906442242607, 0.010649791878119874, 0.017827442649771763, -0.0006964520239076677, 0.016611095203550752, 0.004118630789512023, -0.016991411900362907, -0.000557431401241093, -0.008590545638606506, -0.004183412140011167, -0.007450547799428109, -0.0038106603006220485, 0.005644591536383414, 0.016376105084286108, 0.020952160116672003, 0.01718414595788076, 0.024030726354891785, -0.00220565220634128, -0.0017290316067403166, -0.0012971932045294787, -0.010604647181503002, -0.0032056065234231657, 0.010413629917333855, -0.01107867521485284, -0.0009977456557878073]","[0.0, 0.0, 0.10587285459041595, 0.0, 0.0, 0.07337269932031631, 0.0, 0.10587285459041595, 0.0, 0.0, 0.10587285459041595, 0.0, 0.10587285459041595, 0.0, 0.0, 0.0, 0.10587285459041595, 0.10587285459041595, 0.0, 0.07964453846216202, 0.0, 0.10587285459041595, 0.0, 0.0, 0.0, 0.0, 0.0, 0.0, 0.10587285459041595, 0.0]","[-1.0391766671219506e-22, 0.0, -3.255464210166482e-22, 0.0, 0.0, -2.7045498887678433e-22, 0.0, 0.0, -3.24772277858521e-22, -3.248005108975775e-22, 0.0, -3.2558550398696535e-22, 0.0, 0.0, 0.0, 0.0, -3.241709711603364e-22, 6.742661885838157e-24, -1.6001420528225495e-22, 0.0, 0.0, 0.0, 0.0, 0.0, 0.0, 0.0, 0.0, 0.0, 0.0, 1.0]","[0.0, 0.008614007418306263, 0.0010922953103958712, 0.0, 0.007095834519838751, 0.0, 0.00871812256493719, 0.0, 0.003318067762631112, 0.0, 0.0, 0.0, 0.001962623179068573, 0.012554624525367047, 0.0, 0.0, 0.0020021813515542783, 0.004298997348935067, 0.0, 0.0, 0.0061345649215489234, 0.014254236763185496, 0.0, 0.0, 0.0, 0.0, 0.00729392802347825, 0.0, 0.0, 0.9226605163107531]","[0.0, 0.0, 0.10587285459041595, 0.0, 0.0, 0.07337269932031631, 0.0, 0.10587285459041595, 0.0, 0.0, 0.10587285459041595, 0.0, 0.10587285459041595, 0.0, 0.0, 0.0, 0.10587285459041595, 0.10587285459041595, 0.0, 0.07964453846216202, 0.0, 0.10587285459041595, 0.0, 0.0, 0.0, 0.0, 0.0, 0.0, 0.10587285459041595, 0.0]",0.006810331593253856
72,1.0725955589863383,"[1.016705628014565, 1.018050459866105, 1.0158728604364626, 0.9977386488505772, 1.0042822702592398, 1.0001180390644224, 1.0106497918781199, 1.0178274426497718, 0.9993035479760923, 1.0166110952035508, 1.004118630789512, 0.9830085880996371, 0.9994425685987589, 0.9914094543613935, 0.9958165878599888, 0.9925494522005719, 0.996189339699378, 1.0056445915363834, 1.016376105084286, 1.020952160116672, 1.0171841459578808, 1.0240307263548918, 0.9977943477936587, 0.9982709683932597, 0.9987028067954705, 0.989395352818497, 0.9967943934765768, 1.0104136299173339, 0.9889213247851472, 0.9990022543442122]","[0.9986143656102487, 1.0113177253595655, 0.9956785640974019, 1.0039341203872962, 1.0021337910870165, 1.023894178430382, 0.9987334112018402, 1.0205100214525304, 1.0103922803374807, 1.0213632629743554, 1.0154709147056418, 0.9903904321821104, 1.015257120646205, 0.9863963408135742, 0.9859140762703349, 1.0118817865813992, 0.9841912852326941, 1.0141255248545495, 0.998029595712432, 1.0122313719344147, 1.0213284089665404, 0.9941731453639746, 1.0095981951467783, 0.9688725950882643, 0.9884208107655658, 1.0031319237416276, 0.9884982229452868, 1.0078373842192148, 1.0072292637534528, 1.009324321635178]","[-0.0013856343897512557, 0.011317725359565545, -0.0043214359025981475, 0.003934120387296236, 0.002133791087016501, 0.023894178430382107, -0.0012665887981597734, 0.020510021452530447, 0.010392280337480742, 0.021363262974355424, 0.01547091470564177, -0.009609567817889575, 0.015257120646205102, -0.01360365918642581, -0.014085923729665106, 0.011881786581399156, -0.015808714767305942, 0.014125524854549543, -0.001970404287568006, 0.012231371934414703, 0.021328408966540424, -0.0058268546360253914, 0.009598195146778288, -0.031127404911735712, -0.01157918923443424, 0.003131923741627629, -0.011501777054713225, 0.00783738421921476, 0.007229263753452786, 0.009324321635177935]","[0.0, 0.0, 0.0, 0.17746831476688385, 0.0, 0.0, 0.0, 0.0, 0.0, 0.0, 0.0, 0.1767294555902481, 0.0, 0.0, 0.17746831476688385, 0.0, 0.034283027052879333, 0.0, 0.09522251784801483, 0.06794309616088867, 0.0, 0.0, 0.011815681122243404, 0.0, 0.0, 0.0, 0.0, 0.0, 0.1328863799571991, 0.1261831670999527]","[0.0, 0.0, 0.0, 0.0, 0.0, 0.0, 0.0, 1.0, 0.0, 0.0, 2.8479302973005874e-22, 4.506914614378077e-22, 0.0, 0.0, 4.496329006340345e-22, 0.0, 0.0, 5.623272600434302e-22, 3.943644631662704e-22, 0.0, 5.61882775694619e-22, 3.3977374082918414e-22, 0.0, 0.0, 0.0, 3.3843929014795803e-22, 0.0, 0.0, 3.954301532696597e-22, 0.0]","[0.0018837292772283204, 0.007061008451855064, 0.011817713821538879, 0.0, 0.00634323718722688, 0.0013439679986264749, 0.0, 0.8756505473375342, 0.00507798789073456, 0.008960856671033888, 0.00020658260533790526, 0.0036354609488369323, 0.014188404458014402, 0.0, 0.0, 0.0045699867656783695, 0.0, 0.002610134792509655, 0.019179943788347784, 0.0038336271219613204, 0.008835302791810917, 0.008603635736498545, 0.0, 0.004572735848572147, 0.0, 0.0, 0.002327336684313685, 0.009297799822340002, 0.0, 0.0]","[0.0, 0.0, 0.0, 0.17746831476688385, 0.0, 0.0, 0.0, 0.0, 0.0, 0.0, 0.0, 0.1767294555902481, 0.0, 0.0, 0.17746831476688385, 0.0, 0.034283027052879333, 0.0, 0.09522251784801483, 0.06794309616088867, 0.0, 0.0, 0.011815681122243404, 0.0, 0.0, 0.0, 0.0, 0.0, 0.1328863799571991, 0.1261831670999527]",-0.0016162602965843096
73,1.0797025917220326,"[0.9986143656102487, 1.0113177253595655, 0.9956785640974019, 1.0039341203872962, 1.0021337910870165, 1.023894178430382, 0.9987334112018402, 1.0205100214525304, 1.0103922803374807, 1.0213632629743554, 1.0154709147056418, 0.9903904321821104, 1.015257120646205, 0.9863963408135742, 0.9859140762703349, 1.0118817865813992, 0.9841912852326941, 1.0141255248545495, 0.998029595712432, 1.0122313719344147, 1.0213284089665404, 0.9941731453639746, 1.0095981951467783, 0.9688725950882643, 0.9884208107655658, 1.0031319237416276, 0.9884982229452868, 1.0078373842192148, 1.0072292637534528, 1.009324321635178]","[1.0088996649339086, 1.032229733349649, 1.0115453886450385, 1.0101374524275923, 0.9905896641315274, 1.0285797075401397, 1.0025754993896945, 1.0109610287518505, 0.9929817753282956, 0.9961699693999833, 0.9989347797633208, 0.9844996767867707, 0.9865012788312537, 0.9976777983163418, 1.0132143370902629, 1.0057814191236736, 0.9996362669366488, 0.9954020834668839, 0.9896480726030906, 1.0210794107550016, 0.9935497280655659, 1.0029865090760248, 0.9898182864195887, 1.0095042692396117, 0.9905252832597169, 1.0035011981088515, 0.9995480872538727, 1.0133228510397994, 0.9826396348860592, 0.9958761141357225]","[0.008899664933908591, 0.03222973334964907, 0.011545388645038512, 0.010137452427592342, -0.009410335868472619, 0.02857970754013972, 0.00257549938969448, 0.010961028751850455, -0.007018224671704432, -0.0038300306000167428, -0.0010652202366792096, -0.01550032321322925, -0.013498721168746286, -0.002322201683658154, 0.013214337090262873, 0.005781419123673581, -0.0003637330633512459, -0.004597916533116142, -0.010351927396909377, 0.021079410755001637, -0.006450271934434149, 0.0029865090760248236, -0.010181713580411311, 0.009504269239611673, -0.009474716740283107, 0.003501198108851522, -0.00045191274612732535, 0.013322851039799355, -0.01736036511394079, -0.004123885864277477]","[0.10457400232553482, 0.08144957572221756, 0.0, 0.0, 0.0, 0.10457400232553482, 0.0, 0.10117422044277191, 0.0, 0.10457400232553482, 0.0, 0.0, 0.0, 0.0, 0.10135702043771744, 0.0, 0.0, 0.0, 0.0, 0.0, 0.0, 0.0, 0.0, 0.0, 0.0, 0.09301819652318954, 0.10013101249933243, 0.0, 0.10457400232553482, 0.10457400232553482]","[4.528843127277498e-22, 0.0, 0.0, 0.0, 2.310673539452737e-22, 0.0, 0.0, 1.0, 0.0, 0.0, 0.0, 4.521126962079018e-22, 0.0, 0.0, 0.0, 0.0, 2.3122051621115856e-22, 0.0, 0.0, 0.0, 5.630224165651662e-22, 3.4120870524878446e-22, 0.0, 0.0, 0.0, 0.0, 0.0, 4.525406288590074e-22, 3.41162964859421e-22, 6.044017420540073e-22]","[0.0, 0.0, 0.0, 0.002559475192511231, 0.0, 0.0, 0.020246247378954193, 0.9306626754464224, 0.00017688532307939524, 0.010079774293463562, 0.0, 0.0, 0.0, 0.0, 0.0, 0.0, 0.017411825420970722, 0.005926772540372635, 0.0, 0.0, 0.0, 0.0, 0.0044881076171341735, 0.0, 0.0029016770530346666, 0.0023008676678080817, 0.0030120924844150056, 0.0, 0.00023359958183383136, 0.0]","[0.10457398742437363, 0.08144956827163696, 0.0, 0.0, 0.0, 0.10457398742437363, 0.0, 0.10117420554161072, 0.0, 0.10457398742437363, 0.0, 0.0, 0.0, 0.0, 0.10135700553655624, 0.0, 0.0, 0.0, 0.0, 0.0, 0.0, 0.0, 0.0, 0.0, 0.0, 0.09301818907260895, 0.10013099759817123, 0.0, 0.10457398742437363, 0.10457398742437363]",0.0062040145953485195
74,1.0748861570372674,"[1.0088996649339086, 1.032229733349649, 1.0115453886450385, 1.0101374524275923, 0.9905896641315274, 1.0285797075401397, 1.0025754993896945, 1.0109610287518505, 0.9929817753282956, 0.9961699693999833, 0.9989347797633208, 0.9844996767867707, 0.9865012788312537, 0.9976777983163418, 1.0132143370902629, 1.0057814191236736, 0.9996362669366488, 0.9954020834668839, 0.9896480726030906, 1.0210794107550016, 0.9935497280655659, 1.0029865090760248, 0.9898182864195887, 1.0095042692396117, 0.9905252832597169, 1.0035011981088515, 0.9995480872538727, 1.0133228510397994, 0.9826396348860592, 0.9958761141357225]","[1.0035860746369862, 0.9811847655431335, 0.9921862705231901, 1.0085842850097948, 1.0050516714557138, 0.9962736081638618, 0.9960376919808374, 0.9889305089469773, 0.9939947748292902, 0.9869049277666894, 0.9878101757302333, 1.0255589071603632, 1.0046704616279076, 1.008339711145285, 1.0063062904841413, 0.9735517448232535, 0.9856829996643123, 1.001567563148747, 0.9830976437457478, 0.9877611164803003, 0.9767595648543681, 1.0127963882906263, 1.006933004530921, 1.0043504146397768, 1.0014093865092606, 0.9906945045975191, 1.0040096497483795, 1.0098893139093272, 0.9819943304711358, 1.0204110945311158]","[0.003586074636986236, -0.018815234456866503, -0.007813729476809916, 0.008584285009794801, 0.005051671455713835, -0.00372639183613821, -0.003962308019162641, -0.011069491053022684, -0.006005225170709783, -0.013095072233310634, -0.01218982426976667, 0.025558907160363242, 0.004670461627907629, 0.008339711145284978, 0.00630629048414133, -0.026448255176746538, -0.014317000335687724, 0.0015675631487470643, -0.016902356254252182, -0.012238883519699706, -0.0232404351456319, 0.012796388290626348, 0.00693300453092105, 0.004350414639776812, 0.0014093865092605906, -0.009305495402480934, 0.0040096497483794735, 0.009889313909327235, -0.018005669528864177, 0.02041109453111578]","[0.0, 0.0, 0.0, 0.06707465648651123, 0.0, 0.11047586053609848, 0.0, 0.0, 0.11047586053609848, 0.0, 0.11047586053609848, 0.0, 0.0, 0.0, 0.11047586053609848, 0.11047586053609848, 0.0, 0.07605843991041183, 0.0, 0.0, 0.0, 0.0, 0.0, 0.08353590965270996, 0.11047586053609848, 0.11047586053609848, 0.0, 0.0, 0.0, 0.0]","[0.0, 0.0, 0.0, 0.0, 5.707961323375324e-24, 5.507151781777924e-24, 3.38575861038899e-22, 1.0, 0.0, 5.191571310814178e-24, 6.106026104706651e-23, 0.0, 0.0, 0.0, 1.1543889470316953e-22, 5.362181827149327e-24, 0.0, 0.0, 0.0, 0.0, 0.0, 0.0, 0.0, 0.0, 5.626934819024277e-24, 0.0, 0.0, 0.0, 0.0, 1.2036909825228316e-23]","[0.0, 0.0009730894986636754, 0.0, 0.0, 0.0, 0.0022987787511877557, 0.0, 0.9282854985305793, 0.0, 0.0, 0.0, 0.011216954647445982, 0.0017089176792806102, 0.011158023802424453, 0.0, 0.0, 0.005361966144172026, 0.002263215567991902, 0.0, 0.022481738896400472, 0.0, 0.0003439948703260386, 0.002660440517676122, 0.0, 0.0015284180562587222, 0.0, 0.009718963037593025, 0.0, 0.0, 0.0]","[0.0, 0.0, 0.0, 0.06707465648651123, 0.0, 0.11047586053609848, 0.0, 0.0, 0.11047586053609848, 0.0, 0.11047586053609848, 0.0, 0.0, 0.0, 0.11047586053609848, 0.11047586053609848, 0.0, 0.07605843991041183, 0.0, 0.0, 0.0, 0.0, 0.0, 0.08353590965270996, 0.11047586053609848, 0.11047586053609848, 0.0, 0.0, 0.0, 0.0]",-0.004884478735666583
75,1.0758893953697926,"[1.0035860746369862, 0.9811847655431335, 0.9921862705231901, 1.0085842850097948, 1.0050516714557138, 0.9962736081638618, 0.9960376919808374, 0.9889305089469773, 0.9939947748292902, 0.9869049277666894, 0.9878101757302333, 1.0255589071603632, 1.0046704616279076, 1.008339711145285, 1.0063062904841413, 0.9735517448232535, 0.9856829996643123, 1.001567563148747, 0.9830976437457478, 0.9877611164803003, 0.9767595648543681, 1.0127963882906263, 1.006933004530921, 1.0043504146397768, 1.0014093865092606, 0.9906945045975191, 1.0040096497483795, 1.0098893139093272, 0.9819943304711358, 1.0204110945311158]","[0.9945495490616111, 0.9885295552763674, 0.9960488855667889, 1.0105377457276912, 1.0030691051242413, 1.0067135802470195, 0.9834604864286276, 0.9956705292947962, 0.9950447355004538, 1.0064441132857296, 1.007961912786071, 1.005489744679593, 1.0272795571762607, 0.9974383355588944, 1.019612072337345, 0.9879841375990256, 1.0065376734461333, 1.0124953165820487, 0.9872998094635566, 0.9900708138247765, 0.9969363749298057, 0.9924812481090897, 1.0217400158060899, 1.0203875671035585, 0.9950290189433196, 1.0055451956566233, 1.0165286587433102, 0.9983731567031943, 1.0169715328617408, 1.01152318296869]","[-0.005450450938388918, -0.011470444723632567, -0.003951114433211056, 0.010537745727691172, 0.0030691051242413003, 0.006713580247019513, -0.0165395135713724, -0.004329470705203842, -0.004955264499546197, 0.00644411328572958, 0.007961912786071057, 0.005489744679592956, 0.027279557176260738, -0.0025616644411056155, 0.019612072337344966, -0.012015862400974409, 0.006537673446133319, 0.012495316582048721, -0.012700190536443445, -0.009929186175223537, -0.003063625070194309, -0.007518751890910336, 0.021740015806089863, 0.02038756710355849, -0.004970981056680368, 0.0055451956566232585, 0.01652865874331022, -0.0016268432968057356, 0.0169715328617408, 0.011523182968689927]","[0.0, 0.0, 0.10244953632354736, 0.0, 0.0, 0.0, 0.0, 0.10244953632354736, 0.0, 0.10244953632354736, 0.10244953632354736, 0.0, 0.0, 0.0, 0.0, 0.0, 0.10244953632354736, 0.0, 0.0, 0.10244953632354736, 0.0, 0.0779542475938797, 0.0, 0.0, 0.10244953632354736, 0.10244953632354736, 0.0, 0.0, 0.0, 0.10244953632354736]","[0.0, 0.0, -9.880361493213313e-23, 0.0, 0.0, 1.2251114622200156e-22, 0.0, 0.0, 0.0, -9.810163542608684e-23, -4.39736609267038e-23, 0.0, 0.0, 0.0, 0.0, 0.0, -9.717047523634293e-23, 0.0, 0.0, 1.2454175554640277e-23, 0.0, 0.0, 0.0, 0.0, 8.867708297593888e-24, 0.0, 8.972044067053893e-24, 0.0, -9.701067960858792e-23, 1.0]","[0.0, 0.0, 0.004645892292453409, 0.0, 0.009248086180304331, 0.0010796378160468165, 0.0, 0.0, 0.0, 0.014734168440613277, 0.0, 0.003996479667097947, 0.012190105710201323, 0.0014990407805663712, 0.0, 0.0, 0.013104292628843002, 0.0, 0.0066172299066649684, 0.0, 0.012506382293746883, 0.0, 0.0, 0.0007729739423002423, 0.000822661304741534, 0.0, 0.004501659862528667, 0.0030093044196094544, 0.0, 0.9112720847542818]","[0.0, 0.0, 0.10244953632354736, 0.0, 0.0, 0.0, 0.0, 0.10244953632354736, 0.0, 0.10244953632354736, 0.10244953632354736, 0.0, 0.0, 0.0, 0.0, 0.0, 0.10244953632354736, 0.0, 0.0, 0.10244953632354736, 0.0, 0.0779542475938797, 0.0, 0.0, 0.10244953632354736, 0.10244953632354736, 0.0, 0.0, 0.0, 0.10244953632354736]",0.0005386340363182733
76,1.0786067982296264,"[0.9945495490616111, 0.9885295552763674, 0.9960488855667889, 1.0105377457276912, 1.0030691051242413, 1.0067135802470195, 0.9834604864286276, 0.9956705292947962, 0.9950447355004538, 1.0064441132857296, 1.007961912786071, 1.005489744679593, 1.0272795571762607, 0.9974383355588944, 1.019612072337345, 0.9879841375990256, 1.0065376734461333, 1.0124953165820487, 0.9872998094635566, 0.9900708138247765, 0.9969363749298057, 0.9924812481090897, 1.0217400158060899, 1.0203875671035585, 0.9950290189433196, 1.0055451956566233, 1.0165286587433102, 0.9983731567031943, 1.0169715328617408, 1.01152318296869]","[0.9941424566708252, 1.0194884098886765, 1.016048733325212, 0.9858692978844162, 0.9934117442088521, 0.9818615910922717, 1.0095686102257555, 0.9898852796329121, 1.00851390438789, 1.004577417630206, 0.9936511715412826, 0.9919176708468317, 1.0104137734006173, 0.998138368297676, 1.006930253254088, 0.9968502182478964, 1.0080482948093377, 0.9900403518916869, 1.0041364637528833, 1.0217082897305771, 0.9926759363811553, 1.0019668692403045, 0.9813151289235819, 0.9930139393967646, 1.0095192160450104, 0.9809985999638108, 0.9951380884195925, 0.9928887436613327, 0.9990601477873229, 1.0066644763407382]","[-0.005857543329174764, 0.019488409888676506, 0.01604873332521195, -0.01413070211558376, -0.006588255791147857, -0.01813840890772833, 0.009568610225755503, -0.010114720367087937, 0.008513904387889903, 0.0045774176302060265, -0.006348828458717426, -0.00808232915316831, 0.010413773400617332, -0.001861631702324007, 0.006930253254088026, -0.0031497817521035643, 0.008048294809337664, -0.009959648108313068, 0.004136463752883346, 0.021708289730577146, -0.007324063618844745, 0.0019668692403045362, -0.01868487107641814, -0.006986060603235367, 0.009519216045010381, -0.01900140003618922, -0.004861911580407496, -0.007111256338667271, -0.0009398522126771169, 0.00666447634073819]","[0.0, 0.0, 0.0, 0.0, 0.0, 0.0, 0.0, 0.0, 0.07456157356500626, 0.11012564599514008, 0.0, 0.0, 0.0, 0.0, 0.0, 0.11012564599514008, 0.11012564599514008, 0.0, 0.10343727469444275, 0.11012564599514008, 0.0, 0.0, 0.0, 0.0, 0.09124962985515594, 0.10641039162874222, 0.0, 0.10451880842447281, 0.07931967824697495, 0.0]","[0.0, 0.0, -1.0218633729615379e-22, 0.0, 0.0, 8.288538259760461e-24, -1.0249004176817525e-22, -6.141624860370276e-23, 0.0, 0.0, 0.0, 0.0, 0.0, 0.0, 0.0, 0.0, -1.0129710336254105e-22, -4.820185486055277e-23, 7.92909997900572e-24, -1.0202691680873706e-22, 0.0, 0.0, 0.0, 0.0, 0.0, 0.0, 0.0, 0.0, -1.0105395220489398e-22, 1.0]","[0.003410683331291826, 0.0, 0.004849894239050973, 0.0, 0.0, 0.0, 0.000520972883216667, 0.003405002702175327, 0.0, 0.0, 0.0012872351452085718, 0.005764645441960754, 0.0, 0.003993543169061508, 0.0005732452579292545, 0.002953919715207646, 0.0, 0.005350344228740848, 0.0078516323460448, 0.009597638893649292, 0.0, 0.005453593791272345, 0.002217245343834166, 0.0, 0.0012918015200600584, 0.0, 0.0, 0.004993602241107041, 0.0, 0.9364849997501891]","[0.0, 0.0, 0.0, 0.0, 0.0, 0.0, 0.0, 0.0, 0.07456158101558685, 0.11012565344572067, 0.0, 0.0, 0.0, 0.0, 0.0, 0.11012565344572067, 0.11012565344572067, 0.0, 0.10343728214502335, 0.11012565344572067, 0.0, 0.0, 0.0, 0.0, 0.09124963730573654, 0.10641039907932281, 0.0, 0.1045188158750534, 0.07931968569755554, 0.0]",0.0021286455370830557
77,1.0741363751226622,"[0.9941424566708252, 1.0194884098886765, 1.016048733325212, 0.9858692978844162, 0.9934117442088521, 0.9818615910922717, 1.0095686102257555, 0.9898852796329121, 1.00851390438789, 1.004577417630206, 0.9936511715412826, 0.9919176708468317, 1.0104137734006173, 0.998138368297676, 1.006930253254088, 0.9968502182478964, 1.0080482948093377, 0.9900403518916869, 1.0041364637528833, 1.0217082897305771, 0.9926759363811553, 1.0019668692403045, 0.9813151289235819, 0.9930139393967646, 1.0095192160450104, 0.9809985999638108, 0.9951380884195925, 0.9928887436613327, 0.9990601477873229, 1.0066644763407382]","[0.9929503771051613, 0.9967691921826908, 0.9752011604354236, 1.0019764225573295, 0.9855045363064469, 0.9756609000387733, 1.0171527228415689, 0.99219637732304, 0.9832695402073832, 0.9853135237057937, 0.9918877844913396, 1.0059788188195122, 0.9970092672516713, 0.9797807149346165, 1.0193921735585587, 1.0019274709240076, 0.9866513263827991, 0.992623919864352, 0.9901261630472569, 0.9981819769814089, 1.0160657587637842, 0.973200484889243, 0.9918255741934168, 0.9901515301581222, 0.9892234646148822, 1.0141619054393203, 0.9992722738510312, 0.9961878668621432, 0.9780897260638305, 1.0164794297720905]","[-0.007049622894838681, -0.0032308078173092225, -0.024798839564576403, 0.001976422557329549, -0.014495463693553146, -0.02433909996122674, 0.01715272284156888, -0.007803622676959998, -0.01673045979261678, -0.014686476294206274, -0.00811221550866037, 0.005978818819512233, -0.0029907327483287283, -0.020219285065383508, 0.019392173558558712, 0.0019274709240075794, -0.013348673617200935, -0.007376080135648055, -0.009873836952743131, -0.0018180230185911306, 0.016065758763784244, -0.026799515110756955, -0.00817442580658323, -0.009848469841877816, -0.010776535385117803, 0.014161905439320277, -0.0007277261489687659, -0.003812133137856777, -0.02191027393616951, 0.016479429772090493]","[0.0, 0.0, 0.0, 0.0, 0.0, 0.0, 0.10097580403089523, 0.0, 0.0, 0.09342914074659348, 0.10097580403089523, 0.0, 0.0, 0.10097580403089523, 0.0, 0.0, 0.0, 0.10097580403089523, 0.0, 0.10097580403089523, 0.0, 0.0, 0.0, 0.09922231733798981, 0.10097580403089523, 0.10051795095205307, 0.10097580403089523, 0.0, 0.0, 0.0]","[1.1553790543657062e-22, 6.292397060136393e-24, 5.1884718331767314e-24, 0.0, 0.0, 6.050223174501737e-23, 1.1603086267798734e-22, 0.0, 0.0, 5.684867056759403e-24, 4.997007070069845e-24, 0.0, 0.0, 0.0, 0.0, 0.0, 0.0, 0.0, 0.0, 0.0, 4.766772628440225e-24, 1.1549416225504843e-22, 0.0, 0.0, 0.0, 0.0, 0.0, 0.0, 0.0, 1.0]","[0.0, 0.0, 0.004068114171916084, 0.0, 0.006913967029654009, 0.0, 0.0, 0.0, 0.0, 0.006867426367140035, 0.0, 0.0, 0.019620255632957617, 0.005828633965723041, 0.007055370978336901, 0.0, 0.005546471871705712, 0.00023377142419397175, 0.005064552322576288, 0.0, 0.004058958645050155, 0.0, 0.0016747675211723715, 0.00638995254649, 0.0, 0.009123622736020921, 0.005225520894644624, 0.0018785172733889563, 0.0, 0.9104500966190293]","[0.0, 0.0, 0.0, 0.0, 0.0, 0.0, 0.10097580403089523, 0.0, 0.0, 0.09342914074659348, 0.10097580403089523, 0.0, 0.0, 0.10097580403089523, 0.0, 0.0, 0.0, 0.10097580403089523, 0.0, 0.10097580403089523, 0.0, 0.0, 0.0, 0.09922231733798981, 0.10097580403089523, 0.10051795095205307, 0.10097580403089523, 0.0, 0.0, 0.0]",-0.004618219823849081
78,1.072720402848904,"[0.9929503771051613, 0.9967691921826908, 0.9752011604354236, 1.0019764225573295, 0.9855045363064469, 0.9756609000387733, 1.0171527228415689, 0.99219637732304, 0.9832695402073832, 0.9853135237057937, 0.9918877844913396, 1.0059788188195122, 0.9970092672516713, 0.9797807149346165, 1.0193921735585587, 1.0019274709240076, 0.9866513263827991, 0.992623919864352, 0.9901261630472569, 0.9981819769814089, 1.0160657587637842, 0.973200484889243, 0.9918255741934168, 0.9901515301581222, 0.9892234646148822, 1.0141619054393203, 0.9992722738510312, 0.9961878668621432, 0.9780897260638305, 1.0164794297720905]","[1.00653418420351, 0.9949748436471452, 0.9999744635657032, 1.0121412781877877, 1.0023996021143318, 0.9986552710659097, 0.9971878510899851, 0.9831274007701633, 1.0084936411062384, 0.996404381582972, 1.0020350165482292, 1.013571206129216, 1.0068165972689562, 1.0005555265442374, 1.0052087068991815, 0.9922083846780955, 0.9926852989878844, 1.0248095933072188, 1.0028891105339042, 0.9968212563069639, 0.9941021559096196, 0.9933032313620688, 1.0026870313846652, 1.004371909815218, 1.0067505662493013, 1.0245729101237162, 0.9948838644495759, 0.9962387893261587, 1.0123775158846033, 1.0044752142127726]","[0.006534184203510041, -0.0050251563528548315, -2.5536434296813404e-05, 0.012141278187787652, 0.002399602114331767, -0.0013447289340903223, -0.002812148910014911, -0.01687259922983675, 0.008493641106238403, -0.003595618417028046, 0.0020350165482292404, 0.013571206129215918, 0.006816597268956226, 0.0005555265442374058, 0.005208706899181514, -0.0077916153219045325, -0.007314701012115621, 0.02480959330721877, 0.002889110533904171, -0.003178743693036057, -0.005897844090380411, -0.0066967686379312275, 0.002687031384665195, 0.004371909815217956, 0.00675056624930126, 0.024572910123716207, -0.005116135550424117, -0.0037612106738412754, 0.01237751588460334, 0.004475214212772638]","[0.0, 0.0, 0.07650833576917648, 0.0, 0.0, 0.0, 0.0, 0.104588583111763, 0.0, 0.0, 0.0, 0.0, 0.1020253524184227, 0.0, 0.0, 0.104588583111763, 0.104588583111763, 0.0, 0.0, 0.104588583111763, 0.0, 0.104588583111763, 0.0, 0.0, 0.08934623748064041, 0.0, 0.0, 0.0, 0.104588583111763, 0.104588583111763]","[0.0, 0.0, -1.0137929469397437e-22, 0.0, -1.0169390230530824e-22, 9.561922013451641e-24, 0.0, 0.0, -1.0059055231510437e-22, -1.0089137182418782e-22, 9.727213169828663e-24, 0.0, 0.0, 0.0, 0.0, 0.0, -1.0037159209788735e-22, 0.0, 0.0, 0.0, 0.0, 0.0, 0.0, 0.0, 0.0, 0.0, 0.0, -1.01893257418508e-22, -1.0021824423398562e-22, 1.0]","[0.0, 0.0, 0.000561452539092, 0.0018487998902782913, 0.007854887213139797, 0.004167575104385514, 0.0, 0.008968595672111302, 0.006410839251147858, 0.0, 0.012138726858736766, 0.00025180387961904084, 0.0, 0.004250782814861418, 0.0, 0.0, 0.0, 0.0039696058266047805, 0.013069412423336728, 0.0005582820101925757, 3.8941694765241085e-05, 0.0, 0.0, 0.0, 0.014583397072733473, 0.0, 0.007155152660582156, 0.0064043526598981096, 0.01584626584445368, 0.8919211265840612]","[0.0, 0.0, 0.07650834321975708, 0.0, 0.0, 0.0, 0.0, 0.1045885905623436, 0.0, 0.0, 0.0, 0.0, 0.1020253598690033, 0.0, 0.0, 0.1045885905623436, 0.1045885905623436, 0.0, 0.0, 0.1045885905623436, 0.0, 0.1045885905623436, 0.0, 0.0, 0.08934624493122101, 0.0, 0.0, 0.0, 0.1045885905623436, 0.1045885905623436]",-0.0016694974941411597
79,1.0741775173906063,"[1.00653418420351, 0.9949748436471452, 0.9999744635657032, 1.0121412781877877, 1.0023996021143318, 0.9986552710659097, 0.9971878510899851, 0.9831274007701633, 1.0084936411062384, 0.996404381582972, 1.0020350165482292, 1.013571206129216, 1.0068165972689562, 1.0005555265442374, 1.0052087068991815, 0.9922083846780955, 0.9926852989878844, 1.0248095933072188, 1.0028891105339042, 0.9968212563069639, 0.9941021559096196, 0.9933032313620688, 1.0026870313846652, 1.004371909815218, 1.0067505662493013, 1.0245729101237162, 0.9948838644495759, 0.9962387893261587, 1.0123775158846033, 1.0044752142127726]","[0.9952429976565484, 0.999690533365469, 1.01360298278675, 1.0124715133810387, 0.9926251419122254, 0.998387505699762, 1.0107605730062441, 1.014175313983477, 0.978609017601797, 1.003115469606466, 1.0011976503657072, 0.994824032365226, 0.9930479299419385, 1.0023333173192193, 0.9812005954286233, 0.9966105139726436, 1.0146226922163406, 1.011545419974402, 0.9878177382131814, 0.9985086097513286, 1.0112130940856932, 1.0099007539419387, 0.9856982915271377, 1.0276196472835277, 0.9767144113326178, 0.9869658463319128, 0.9980533360517522, 1.0060026307116674, 0.981782520062662, 1.0117287341393766]","[-0.004757002343451555, -0.0003094666345310193, 0.013602982786750095, 0.01247151338103869, -0.007374858087774605, -0.001612494300238021, 0.010760573006244112, 0.014175313983477045, -0.02139098239820303, 0.003115469606465915, 0.0011976503657071813, -0.005175967634774015, -0.0069520700580615324, 0.0023333173192192636, -0.018799404571376743, -0.0033894860273564476, 0.014622692216340605, 0.01154541997440206, -0.012182261786818582, -0.0014913902486713981, 0.011213094085693154, 0.009900753941938678, -0.014301708472862273, 0.027619647283527726, -0.023285588667382173, -0.013034153668087245, -0.0019466639482478287, 0.0060026307116674005, -0.01821747993733802, 0.011728734139376584]","[0.10223151743412018, 0.0, 0.0, 0.0, 0.0, 0.0, 0.0, 0.0, 0.0, 0.10749613493680954, 0.10749613493680954, 0.10749613493680954, 0.0, 0.0, 0.0, 0.0, 0.0, 0.0, 0.0, 0.08350761979818344, 0.0, 0.0, 0.08405503630638123, 0.10749613493680954, 0.0, 0.0, 0.0, 0.10749613493680954, 0.0871766209602356, 0.10554853081703186]","[0.0, -2.1049633850488523e-22, 0.0, 0.0, 0.0, 0.0, 0.0, 0.0, -2.115482669451904e-22, -2.1197030877440476e-22, 0.0, 0.0, 0.0, 0.0, 0.0, 0.0, -2.1134055551778478e-22, 0.0, 0.0, -1.5695517717489787e-22, -1.0217849514669482e-22, 0.0, -2.129025438949841e-22, -2.1312465930314e-22, 0.0, 0.0, 0.0, -2.1299779283422515e-22, 0.0, 1.0]","[0.0, 0.010500897520126767, 0.0, 0.006642306595247078, 0.007037394341932143, 0.0, 0.00820141702550421, 7.992499034080927e-05, 0.008013390165940193, 0.008611294106041773, 0.011239655064894894, 0.0, 0.012340175292538804, 0.0115326093758505, 0.014412635847184233, 0.008159577735828344, 0.0, 0.009830564910889603, 0.014231550047345456, 0.0019871836412130323, 0.0, 0.0, 0.0005753465296793143, 0.0, 0.0013929151997669022, 0.0022722691634893357, 0.0, 0.021393159688782387, 0.0, 0.8415457327574043]","[0.10223151743412018, 0.0, 0.0, 0.0, 0.0, 0.0, 0.0, 0.0, 0.0, 0.10749613493680954, 0.10749613493680954, 0.10749613493680954, 0.0, 0.0, 0.0, 0.0, 0.0, 0.0, 0.0, 0.08350761979818344, 0.0, 0.0, 0.08405503630638123, 0.10749613493680954, 0.0, 0.0, 0.0, 0.10749613493680954, 0.0871766209602356, 0.10554853081703186]",0.0009877271075367931
80,1.076896443862155,"[0.9952429976565484, 0.999690533365469, 1.01360298278675, 1.0124715133810387, 0.9926251419122254, 0.998387505699762, 1.0107605730062441, 1.014175313983477, 0.978609017601797, 1.003115469606466, 1.0011976503657072, 0.994824032365226, 0.9930479299419385, 1.0023333173192193, 0.9812005954286233, 0.9966105139726436, 1.0146226922163406, 1.011545419974402, 0.9878177382131814, 0.9985086097513286, 1.0112130940856932, 1.0099007539419387, 0.9856982915271377, 1.0276196472835277, 0.9767144113326178, 0.9869658463319128, 0.9980533360517522, 1.0060026307116674, 0.981782520062662, 1.0117287341393766]","[1.0194047873867076, 1.0146133855780672, 0.9912256773345156, 1.003381808895309, 1.0147553044626039, 1.0047081868354273, 1.0067226377445826, 0.9964035139261351, 0.9804995409233184, 1.0082338422679389, 0.9971692861422894, 0.9760236898995864, 0.9837540879740734, 1.011656821262761, 1.0223910843098882, 0.9738984206448016, 0.991062770031206, 1.004012193343383, 0.9855893946560929, 0.990419769175482, 1.023063003969262, 1.0134151645032412, 1.006508674258639, 0.9871743807355393, 0.9991377308732452, 1.012136705233859, 0.9929273769182607, 1.0137976251028338, 0.9837345389329658, 0.9959905712585174]","[0.01940478738670759, 0.01461338557806724, -0.008774322665484391, 0.0033818088953090353, 0.014755304462603869, 0.004708186835427286, 0.0067226377445825936, -0.0035964860738648685, -0.01950045907668163, 0.008233842267938885, -0.0028307138577106095, -0.023976310100413567, -0.016245912025926623, 0.011656821262761019, 0.02239108430988823, -0.026101579355198412, -0.00893722996879398, 0.004012193343382986, -0.014410605343907146, -0.009580230824517977, 0.023063003969262086, 0.013415164503241206, 0.006508674258639102, -0.012825619264460686, -0.0008622691267547999, 0.012136705233859013, -0.007072623081739282, 0.013797625102833777, -0.016265461067034193, -0.004009428741482579]","[0.09999999403953552, 0.0, 0.0, 0.09999999403953552, 0.0, 0.09999999403953552, 0.09999999403953552, 0.0, 0.0, 0.0, 0.0, 0.0, 0.0, 0.0, 0.0, 0.09999999403953552, 0.0, 0.0, 0.09999999403953552, 0.0, 0.09999999403953552, 0.09999999403953552, 0.0, 0.0, 0.09999999403953552, 0.0, 0.0, 0.0, 0.0, 0.09999999403953552]","[0.0, 0.0, -1.0003077785243619e-22, 0.0, 0.0, 0.0, 0.0, -1.6797249252927115e-23, -9.879382600954554e-23, 0.0, 0.0, 0.0, 0.0, 0.0, 0.0, 0.0, -9.89733562069509e-23, 0.0, 0.0, -9.996465339588944e-23, 9.953577897428551e-24, 9.726299077254738e-24, 0.0, 0.0, 8.86615313843793e-24, 0.0, 0.0, 0.0, 1.2432804012329941e-23, 1.0]","[0.02122218789675911, 0.000382720218388289, 0.0, 0.0, 0.007088818726364547, 0.00508934216553676, 0.0, 0.0, 0.0, 0.0, 0.0, 0.0, 0.0, 0.0, 0.004324100998985759, 0.0, 0.0, 0.0032004974863818567, 0.011076716784775606, 0.01232976071256871, 0.0018801486575036074, 0.002005416618289888, 0.004349400667391707, 0.0, 0.0001149579509330981, 0.008304784918601362, 0.01913720058930483, 0.0, 0.0, 0.8994939456082149]","[0.09999999403953552, 0.0, 0.0, 0.09999999403953552, 0.0, 0.09999999403953552, 0.09999999403953552, 0.0, 0.0, 0.0, 0.0, 0.0, 0.0, 0.0, 0.0, 0.09999999403953552, 0.0, 0.0, 0.09999999403953552, 0.0, 0.09999999403953552, 0.09999999403953552, 0.0, 0.0, 0.09999999403953552, 0.0, 0.0, 0.0, 0.0, 0.09999999403953552]",0.0020946972643791236
81,1.0746941794968197,"[1.0194047873867076, 1.0146133855780672, 0.9912256773345156, 1.003381808895309, 1.0147553044626039, 1.0047081868354273, 1.0067226377445826, 0.9964035139261351, 0.9804995409233184, 1.0082338422679389, 0.9971692861422894, 0.9760236898995864, 0.9837540879740734, 1.011656821262761, 1.0223910843098882, 0.9738984206448016, 0.991062770031206, 1.004012193343383, 0.9855893946560929, 0.990419769175482, 1.023063003969262, 1.0134151645032412, 1.006508674258639, 0.9871743807355393, 0.9991377308732452, 1.012136705233859, 0.9929273769182607, 1.0137976251028338, 0.9837345389329658, 0.9959905712585174]","[0.9960227356130138, 0.9952630053239204, 1.0106701659653523, 0.9934472519699066, 1.0017360971931049, 1.0207142888253915, 1.0094764550431305, 1.0057835803324693, 0.9901122638219892, 0.9873077475934, 1.0119265758875533, 1.0108704240611512, 1.0081278810115182, 0.99768726342064, 0.9849932273156954, 0.9979576678473495, 0.9900277770196282, 0.995970214629118, 1.0037006859607698, 0.9986725421243862, 0.9821112246994703, 1.0027378930398843, 0.9923904108859394, 0.9926472734899995, 0.9940268037616008, 1.0008182716732494, 0.9989468419571168, 1.0136299444382852, 1.0010628030220778, 0.9988334217551755]","[-0.003977264386986201, -0.004736994676079576, 0.010670165965352307, -0.006552748030093425, 0.0017360971931048574, 0.020714288825391503, 0.00947645504313055, 0.005783580332469285, -0.009887736178010753, -0.012692252406599991, 0.011926575887553303, 0.01087042406115124, 0.008127881011518179, -0.002312736579360042, -0.015006772684304615, -0.0020423321526504834, -0.009972222980371814, -0.004029785370882055, 0.0037006859607697784, -0.0013274578756138355, -0.01788877530052968, 0.002737893039884254, -0.007609589114060622, -0.007352726510000518, -0.005973196238399203, 0.0008182716732494377, -0.0010531580428831955, 0.013629944438285246, 0.0010628030220778406, -0.0011665782448244677]","[0.0, 0.12282326817512512, 0.0, 0.11621607095003128, 0.0, 0.0, 0.06424154341220856, 0.0, 0.05175789073109627, 0.0, 0.052663810551166534, 0.0, 0.13814473152160645, 0.0, 0.13814473152160645, 0.0, 0.0, 0.0, 0.09115346521139145, 0.0, 0.0, 0.08670970797538757, 0.13814473152160645, 0.0, 0.0, 0.0, 0.0, 0.0, 0.0, 0.0]","[0.0, -2.1043838655795343e-22, 0.0, 0.0, 0.0, 0.0, 0.0, -1.0176076518804757e-22, -2.122345068550182e-22, -2.1216964364531044e-22, -1.571184089112742e-22, 0.0, 0.0, 0.0, 0.0, 0.0, 0.0, 0.0, -2.126473284810538e-22, -1.5727094038117623e-22, -1.5746289129830489e-22, 0.0, 0.0, 0.0, 0.0, 0.0, 0.0, -2.132284807322083e-22, 0.0, 1.0]","[0.0, 0.006491120741612973, 0.0, 0.0, 0.0, 0.0, 0.0, 0.0, 0.0013792407566488932, 0.0, 0.0, 0.0, 0.009202052154448971, 0.01137332942461909, 0.007281333685666343, 0.013651082130916696, 0.0009593388012306537, 0.0008352589818935579, 0.0, 0.0021086765538793325, 0.014089066726986692, 0.008419737664297898, 0.00786531781964873, 0.0, 0.0, 0.006476661000826909, 0.0, 0.0, 0.0005614982249180584, 0.9093062853324052]","[0.0, 0.12282327562570572, 0.0, 0.11621607840061188, 0.0, 0.0, 0.06424155086278915, 0.0, 0.051757894456386566, 0.0, 0.05266381427645683, 0.0, 0.13814474642276764, 0.0, 0.13814474642276764, 0.0, 0.0, 0.0, 0.09115347266197205, 0.0, 0.0, 0.08670971542596817, 0.13814474642276764, 0.0, 0.0, 0.0, 0.0, 0.0, 0.0, 0.0]",-0.0024440956280623784
82,1.071798429417161,"[0.9960227356130138, 0.9952630053239204, 1.0106701659653523, 0.9934472519699066, 1.0017360971931049, 1.0207142888253915, 1.0094764550431305, 1.0057835803324693, 0.9901122638219892, 0.9873077475934, 1.0119265758875533, 1.0108704240611512, 1.0081278810115182, 0.99768726342064, 0.9849932273156954, 0.9979576678473495, 0.9900277770196282, 0.995970214629118, 1.0037006859607698, 0.9986725421243862, 0.9821112246994703, 1.0027378930398843, 0.9923904108859394, 0.9926472734899995, 0.9940268037616008, 1.0008182716732494, 0.9989468419571168, 1.0136299444382852, 1.0010628030220778, 0.9988334217551755]","[0.977924337743565, 0.9924011445750414, 0.9900457465847694, 1.018112209015115, 0.9885343297361687, 1.017284262650201, 1.0102836888224327, 1.0045579267851976, 1.0224402993884196, 1.0073341593016374, 1.0079568381474873, 0.9958895236870353, 0.994015004995949, 1.0028494723415218, 1.0078261305173293, 1.0010320796901844, 0.996207227925598, 1.013035437624657, 1.0054588545660905, 0.9984908207837061, 1.0027792541744713, 0.9977560456503055, 0.9973290052418733, 0.9831633785017161, 1.0191104754948257, 0.9966847834419053, 0.9933617950383066, 1.0111286867482774, 0.9976960723988387, 1.0186915935500378]","[-0.02207566225643498, -0.007598855424958639, -0.009954253415230596, 0.0181122090151149, -0.011465670263831274, 0.017284262650201, 0.01028368882243269, 0.004557926785197619, 0.022440299388419627, 0.0073341593016373885, 0.007956838147487266, -0.004110476312964684, -0.00598499500405103, 0.002849472341521775, 0.007826130517329277, 0.0010320796901843732, -0.0037927720744019844, 0.013035437624657087, 0.005458854566090521, -0.0015091792162938988, 0.002779254174471335, -0.002243954349694488, -0.00267099475812671, -0.01683662149828391, 0.019110475494825696, -0.003315216558094747, -0.006638204961693428, 0.011128686748277383, -0.002303927601161271, 0.0186915935500378]","[0.09441298991441727, 0.0, 0.08592786639928818, 0.0, 0.10807441174983978, 0.0, 0.0, 0.0, 0.0, 0.0, 0.11641472578048706, 0.11641472578048706, 0.0, 0.0, 0.0, 0.0, 0.0, 0.06862673163414001, 0.0789356604218483, 0.0, 0.11641472578048706, 0.0, 0.0, 0.0, 0.0, 0.11641472578048706, 0.0, 0.0, 0.098363496363163, 0.0]","[0.0, -3.230204457318489e-22, 0.0, -3.26717289334396e-22, 0.0, 0.0, 0.0, -1.3069366176715255e-22, 0.0, 0.0, -3.8033887143449282e-22, 0.0, 0.0, -2.1695297793390665e-22, 0.0, 0.0, 0.0, 0.0, -3.2487630922011623e-22, 0.0, 0.0, -2.14706573465559e-22, 0.0, 0.0, -3.2645133798885033e-22, 0.0, 0.0, 0.0, -2.683889036177402e-22, 1.0]","[0.004297508637935299, 0.0, 0.02246530203082283, 0.0, 0.0, 0.0, 0.0, 0.018136542843321713, 0.004340034717601862, 0.006345514754185506, 0.0, 0.005812609870713402, 0.005504506532735005, 0.0, 0.008505262486640932, 0.0, 0.016158188315906888, 0.003946166506720854, 0.0, 0.0, 0.0, 0.0011081340382501843, 0.0, 0.015510464871523758, 0.0, 0.0, 0.0, 0.003964328856056304, 0.0008964798908837536, 0.8830089556467017]","[0.09441297501325607, 0.0, 0.08592785894870758, 0.0, 0.10807439684867859, 0.0, 0.0, 0.0, 0.0, 0.0, 0.11641471087932587, 0.11641471087932587, 0.0, 0.0, 0.0, 0.0, 0.0, 0.06862672418355942, 0.0789356529712677, 0.0, 0.11641471087932587, 0.0, 0.0, 0.0, 0.0, 0.11641471087932587, 0.0, 0.0, 0.0983634814620018, 0.0]",-0.0031449887102766774
83,1.0705430898507855,"[0.977924337743565, 0.9924011445750414, 0.9900457465847694, 1.018112209015115, 0.9885343297361687, 1.017284262650201, 1.0102836888224327, 1.0045579267851976, 1.0224402993884196, 1.0073341593016374, 1.0079568381474873, 0.9958895236870353, 0.994015004995949, 1.0028494723415218, 1.0078261305173293, 1.0010320796901844, 0.996207227925598, 1.013035437624657, 1.0054588545660905, 0.9984908207837061, 1.0027792541744713, 0.9977560456503055, 0.9973290052418733, 0.9831633785017161, 1.0191104754948257, 0.9966847834419053, 0.9933617950383066, 1.0111286867482774, 0.9976960723988387, 1.0186915935500378]","[1.0006284570197972, 1.005550886633904, 1.002769009163515, 1.002166604335331, 0.9891788263081712, 1.0098759884985258, 1.0201767965662694, 1.012635347428259, 0.9881493036200334, 0.9984359657394473, 0.9977430349757064, 0.9960215228114676, 1.0056204048214206, 0.9992712342037646, 1.0156990443553977, 1.031511653723223, 0.9926657207636992, 0.9876025431246634, 1.0133056094385926, 1.0103860033998384, 0.9755699433207079, 0.9858370236525508, 0.9928969558089139, 1.0002314626853432, 0.9993396529325186, 0.994591034851425, 0.9772309178179005, 0.9983843612542052, 1.0177972561532496, 0.9927341865100241]","[0.0006284570197971906, 0.0055508866339040175, 0.0027690091635150793, 0.0021666043353310016, -0.010821173691828778, 0.009875988498525778, 0.02017679656626936, 0.012635347428259003, -0.011850696379966608, -0.001564034260552738, -0.0022569650242936223, -0.003978477188532392, 0.005620404821420566, -0.0007287657962353755, 0.015699044355397707, 0.031511653723222954, -0.007334279236300811, -0.012397456875336554, 0.013305609438592603, 0.010386003399838417, -0.0244300566792921, -0.01416297634744923, -0.007103044191086094, 0.00023146268534324221, -0.0006603470674814149, -0.005408965148575029, -0.022769082182099498, -0.0016156387457948451, 0.017797256153249563, -0.007265813489975903]","[0.1020241528749466, 0.0, 0.0, 0.1020241528749466, 0.09040994197130203, 0.1020241528749466, 0.0, 0.0, 0.1020241528749466, 0.0, 0.09743189811706543, 0.0, 0.0, 0.0, 0.0, 0.0, 0.0, 0.0, 0.09798914194107056, 0.0, 0.0, 0.0, 0.0, 0.0, 0.1020241528749466, 0.1020241528749466, 0.0, 0.0, 0.0, 0.1020241528749466]","[0.0, 0.0, 1.0526833539988233e-23, 0.0, 0.0, 1.032037208117586e-23, 0.0, 0.0, 0.0, 0.0, 0.0, 0.0, 0.0, 0.0, 0.0, 0.0, 0.0, 6.367167778255455e-23, 1.020009250221199e-23, 0.0, 0.0, 9.195134997245213e-24, 1.0061318778822967e-23, 9.701988020425907e-24, 0.0, 0.0, 0.0, 9.563560163240018e-24, 1.1295534177248461e-23, 1.0]","[0.011697831142315384, 0.0, 0.0, 0.0, 0.006750866383121628, 0.0, 0.0, 0.0019975785320856076, 0.0, 0.0, 0.0, 0.00593134963353642, 0.003215045181747568, 0.0, 0.0, 0.0, 0.0057388254490309334, 0.006355780793513211, 0.0, 0.0171468801074923, 0.0, 0.011412011403709928, 0.007558219892437508, 0.003189321111965379, 0.0050946494632284865, 0.01709452805772234, 0.0, 0.0, 0.009191077475241928, 0.8876260353728513]","[0.10202416032552719, 0.0, 0.0, 0.10202416032552719, 0.09040994942188263, 0.10202416032552719, 0.0, 0.0, 0.10202416032552719, 0.0, 0.09743190556764603, 0.0, 0.0, 0.0, 0.0, 0.0, 0.0, 0.0, 0.09798914939165115, 0.0, 0.0, 0.0, 0.0, 0.0, 0.10202416032552719, 0.10202416032552719, 0.0, 0.0, 0.0, 0.10202416032552719]",-0.0015795949915154508
84,1.074971701090584,"[1.0006284570197972, 1.005550886633904, 1.002769009163515, 1.002166604335331, 0.9891788263081712, 1.0098759884985258, 1.0201767965662694, 1.012635347428259, 0.9881493036200334, 0.9984359657394473, 0.9977430349757064, 0.9960215228114676, 1.0056204048214206, 0.9992712342037646, 1.0156990443553977, 1.031511653723223, 0.9926657207636992, 0.9876025431246634, 1.0133056094385926, 1.0103860033998384, 0.9755699433207079, 0.9858370236525508, 0.9928969558089139, 1.0002314626853432, 0.9993396529325186, 0.994591034851425, 0.9772309178179005, 0.9983843612542052, 1.0177972561532496, 0.9927341865100241]","[0.996246176922173, 0.9854058713996096, 0.9868496512487315, 1.0110603416786474, 0.9977962900440026, 1.0195754517359539, 0.9942245767903788, 0.9928201638907765, 1.0078813298960039, 1.005634254074805, 0.9875504058213267, 1.0067584467448984, 0.9990087023312825, 1.0018314970332336, 1.0031771006709485, 1.0003167852187917, 1.0093321992813296, 0.9793231277281451, 1.015921207431302, 1.0157726914518939, 1.009600434554941, 0.9951859582839347, 1.0229173439310446, 0.986545174620843, 0.9890089150138697, 1.0147492739750377, 0.989726480489849, 1.006744583564467, 0.9971852970556692, 0.9910041030401804]","[-0.003753823077827012, -0.014594128600390444, -0.013150348751268526, 0.011060341678647445, -0.0022037099559973905, 0.019575451735953875, -0.005775423209621211, -0.007179836109223459, 0.007881329896003875, 0.00563425407480489, -0.012449594178673307, 0.00675844674489845, -0.0009912976687175279, 0.0018314970332335978, 0.0031771006709484517, 0.0003167852187917486, 0.009332199281329556, -0.020676872271854885, 0.015921207431301987, 0.01577269145189386, 0.009600434554940973, -0.004814041716065254, 0.02291734393104461, -0.013454825379156987, -0.010991084986130328, 0.014749273975037669, -0.010273519510150986, 0.006744583564467055, -0.002814702944330838, -0.008995896959819616]","[0.0, 0.0, 0.07793474197387695, 0.1256069391965866, 0.0, 0.0, 0.0, 0.0, 0.0, 0.14027084410190582, 0.0, 0.14027084410190582, 0.01432817429304123, 0.0, 0.08732286840677261, 0.0, 0.0, 0.0, 0.0, 0.1012418121099472, 0.09478703886270523, 0.0, 0.0, 0.0, 0.0, 0.0, 0.0, 0.07796589285135269, 0.0, 0.14027084410190582]","[0.0, 0.0, 0.0, 0.0, 8.515796168957312e-24, 0.0, 1.1915613701304896e-22, 0.0, 0.0, 0.0, 0.0, 1.1839439101050702e-22, 7.54321558938217e-24, 0.0, 0.0, 0.0, 0.0, 1.1782835190756764e-22, 8.833443313744293e-24, 8.627061116963967e-24, 0.0, 7.673651391966676e-24, 0.0, 0.0, 0.0, 0.0, 0.0, 8.114627870466038e-24, 0.0, 1.0]","[0.002705225178451931, 0.006759961943743997, 0.0, 0.0, 0.0, 0.0, 0.0, 0.0, 0.0, 0.0, 0.0036566959151181446, 0.004006062129374594, 0.004587811848641376, 0.0, 0.005261644901439431, 0.0, 0.003814733631878744, 0.006153358380855528, 0.01185464035288743, 0.009332078670326725, 0.0, 0.0, 0.0034652384773776286, 0.0, 0.007039099783441716, 0.0, 0.0007786299184670547, 0.012396221161507532, 0.0, 0.9181885977064881]","[0.0, 0.0, 0.07793474197387695, 0.1256069391965866, 0.0, 0.0, 0.0, 0.0, 0.0, 0.14027084410190582, 0.0, 0.14027084410190582, 0.01432817429304123, 0.0, 0.08732286840677261, 0.0, 0.0, 0.0, 0.0, 0.1012418121099472, 0.09478703886270523, 0.0, 0.0, 0.0, 0.0, 0.0, 0.0, 0.07796589285135269, 0.0, 0.14027084410190582]",0.0037205653040045324
85,1.0775543846441398,"[0.996246176922173, 0.9854058713996096, 0.9868496512487315, 1.0110603416786474, 0.9977962900440026, 1.0195754517359539, 0.9942245767903788, 0.9928201638907765, 1.0078813298960039, 1.005634254074805, 0.9875504058213267, 1.0067584467448984, 0.9990087023312825, 1.0018314970332336, 1.0031771006709485, 1.0003167852187917, 1.0093321992813296, 0.9793231277281451, 1.015921207431302, 1.0157726914518939, 1.009600434554941, 0.9951859582839347, 1.0229173439310446, 0.986545174620843, 0.9890089150138697, 1.0147492739750377, 0.989726480489849, 1.006744583564467, 0.9971852970556692, 0.9910041030401804]","[0.9695691811832898, 1.0060616819112764, 1.0019977085495053, 0.9829601368450924, 1.0065870992126573, 1.0037478325753773, 0.9869816248801563, 1.0006938259648768, 1.0106872346680895, 0.9977648195713036, 1.010558080587218, 1.0082773528151119, 1.0069110535969448, 0.9954913959775171, 1.0317171404566057, 0.9867407929246322, 0.9866377424416454, 0.988231837099475, 1.0017301853042835, 1.0227672388971365, 0.9949791779602581, 1.002636337835178, 0.9938463289367274, 1.0021856628676884, 1.006983445500733, 0.9970753791916321, 0.9979389175354105, 1.0015324998066497, 0.977750159372525, 0.988319957841205]","[-0.03043081881671017, 0.006061681911276429, 0.001997708549505317, -0.017039863154907575, 0.006587099212657321, 0.0037478325753772523, -0.013018375119843717, 0.0006938259648767708, 0.010687234668089518, -0.002235180428696415, 0.010558080587218077, 0.008277352815111882, 0.006911053596944772, -0.004508604022482876, 0.031717140456605675, -0.013259207075367763, -0.013362257558354629, -0.011768162900524959, 0.0017301853042834825, 0.0227672388971365, -0.005020822039741857, 0.0026363378351779154, -0.006153671063272581, 0.0021856628676883982, 0.006983445500732932, -0.0029246208083678615, -0.00206108246458947, 0.001532499806649712, -0.022249840627475037, -0.011680042158795034]","[0.0, 0.0, 0.0, 0.0, 0.10651548206806183, 0.10651548206806183, 0.10647442191839218, 0.10651548206806183, 0.06301321089267731, 0.10651548206806183, 0.0, 0.0, 0.0, 0.0, 0.0, 0.0, 0.0, 0.0, 0.10651548206806183, 0.08490398526191711, 0.0, 0.10651548206806183, 0.0, 0.0, 0.0, 0.0, 0.10651548206806183, 0.0, 0.0, 0.0]","[0.0, 0.0, 0.0, 0.0, 1.2807814724747e-23, 0.0, 0.0, 0.0, 0.0, 0.0, 6.830836787942885e-23, 0.0, 1.134852583768246e-23, 0.0, 0.0, 0.0, 1.4153632712891047e-23, 0.0, 1.3489847944434538e-23, -4.2368455519717133e-23, 6.77082231271353e-23, 0.0, 0.0, 1.2093084656511418e-23, 0.0, 0.0, 9.518431606382789e-24, 0.0, 0.0, 1.0]","[0.0, 0.011973538071543026, 0.0, 0.0, 0.0, 0.0036159093160093043, 0.016133502272789542, 0.0, 0.0, 0.0, 0.006648225759666425, 0.0033621841571631565, 0.01171782533453924, 0.0, 0.0004325932201468347, 0.0018188199396600528, 0.0, 0.0, 0.0, 0.01536197821974698, 0.00382537577014239, 0.0, 0.016092201830976018, 0.004131473753680425, 0.001597730885015952, 0.011083231380766117, 0.0, 0.008235118943491587, 0.0, 0.883970291144663]","[0.0, 0.0, 0.0, 0.0, 0.10651548206806183, 0.10651548206806183, 0.10647442191839218, 0.10651548206806183, 0.06301321089267731, 0.10651548206806183, 0.0, 0.0, 0.0, 0.0, 0.0, 0.0, 0.0, 0.0, 0.10651548206806183, 0.08490398526191711, 0.0, 0.10651548206806183, 0.0, 0.0, 0.0, 0.0, 0.10651548206806183, 0.0, 0.0, 0.0]",0.0020407967686754814
86,1.0903975061974502,"[0.9695691811832898, 1.0060616819112764, 1.0019977085495053, 0.9829601368450924, 1.0065870992126573, 1.0037478325753773, 0.9869816248801563, 1.0006938259648768, 1.0106872346680895, 0.9977648195713036, 1.010558080587218, 1.0082773528151119, 1.0069110535969448, 0.9954913959775171, 1.0317171404566057, 0.9867407929246322, 0.9866377424416454, 0.988231837099475, 1.0017301853042835, 1.0227672388971365, 0.9949791779602581, 1.002636337835178, 0.9938463289367274, 1.0021856628676884, 1.006983445500733, 0.9970753791916321, 0.9979389175354105, 1.0015324998066497, 0.977750159372525, 0.988319957841205]","[0.9864892037046364, 1.0142717731130315, 1.014048427853041, 1.0124112416236304, 1.0124375113273318, 1.0037839102780608, 1.0164406202745788, 1.014512613845703, 0.9881786617944563, 0.9878945104895546, 1.0085789535182779, 1.017997669823598, 1.0068660755433558, 1.0000073611203322, 0.9846834006805876, 1.0170147349348875, 1.0059494250942786, 1.0069194822731997, 1.0061120164797466, 0.9996019741643113, 0.9823101639273671, 1.0263069037962298, 1.0064223890083535, 0.9772793058310143, 1.0059873152143137, 1.0152900185494016, 1.007087236652986, 0.993644596155355, 1.0080803093855188, 1.012231105132015]","[-0.013510796295363559, 0.014271773113031516, 0.014048427853041057, 0.012411241623630387, 0.01243751132733184, 0.003783910278060798, 0.01644062027457882, 0.014512613845703015, -0.011821338205543652, -0.012105489510445433, 0.008578953518277865, 0.01799766982359796, 0.006866075543355832, 7.3611203321721774e-06, -0.015316599319412427, 0.017014734934887477, 0.005949425094278649, 0.006919482273199717, 0.006112016479746574, -0.000398025835688709, -0.01768983607263286, 0.026306903796229797, 0.006422389008353457, -0.0227206941689857, 0.0059873152143137265, 0.015290018549401596, 0.00708723665298594, -0.006355403844644947, 0.008080309385518847, 0.012231105132014974]","[0.0, 0.0821235328912735, 0.0, 0.0, 0.0, 0.0, 0.11106693744659424, 0.0, 0.0, 0.07751382142305374, 0.0, 0.11106693744659424, 0.11106693744659424, 0.0, 0.0, 0.07972955703735352, 0.0, 0.0, 0.0, 0.0, 0.0, 0.11106693744659424, 0.11106693744659424, 0.0, 0.11106693744659424, 0.09423144161701202, 0.0, 0.0, 0.0, 0.0]","[2.3285956870601167e-22, 0.0, 0.0, -1.020110954267479e-22, -2.0967467318561767e-22, 0.0, 0.0, -1.558920375112004e-23, 0.0, 0.0, 0.0, 0.0, -1.5616170525750782e-22, 0.0, 0.0, 0.0, -2.090664584139971e-22, 0.0, 0.0, -4.2524032168358125e-23, 0.0, 0.0, 0.0, 1.173977164341115e-23, 0.0, 0.0, 0.0, -2.0996699439477679e-22, 0.0, 1.0]","[0.011822800964565448, 0.011950234158140113, 0.01711470089831293, 0.00793102040286185, 0.008422400623076478, 0.0, 0.007979513414260302, 0.0, 0.002505275326671697, 0.0014099709205379165, 0.0, 0.011422461123049107, 0.0, 0.0034475923469212176, 0.002252891179318935, 0.0, 0.0055091462946812615, 0.0055643252570695655, 0.0, 0.0, 0.001963648732460541, 0.007449233444829543, 0.009976430507908375, 0.0, 0.0, 0.00530475529154408, 0.0052869394634192666, 0.005740557708608175, 0.005904900619813143, 0.8610412013219501]","[0.0, 0.0821235403418541, 0.0, 0.0, 0.0, 0.0, 0.11106694489717484, 0.0, 0.0, 0.07751382887363434, 0.0, 0.11106694489717484, 0.11106694489717484, 0.0, 0.0, 0.07972956448793411, 0.0, 0.0, 0.0, 0.0, 0.0, 0.11106694489717484, 0.11106694489717484, 0.0, 0.11106694489717484, 0.09423144906759262, 0.0, 0.0, 0.0, 0.0]",0.01149557280289309
87,1.0870828283899228,"[0.9864892037046364, 1.0142717731130315, 1.014048427853041, 1.0124112416236304, 1.0124375113273318, 1.0037839102780608, 1.0164406202745788, 1.014512613845703, 0.9881786617944563, 0.9878945104895546, 1.0085789535182779, 1.017997669823598, 1.0068660755433558, 1.0000073611203322, 0.9846834006805876, 1.0170147349348875, 1.0059494250942786, 1.0069194822731997, 1.0061120164797466, 0.9996019741643113, 0.9823101639273671, 1.0263069037962298, 1.0064223890083535, 0.9772793058310143, 1.0059873152143137, 1.0152900185494016, 1.007087236652986, 0.993644596155355, 1.0080803093855188, 1.012231105132015]","[0.9888951221617946, 1.015916348380386, 0.9849199415935013, 1.0046145626730774, 1.013820706686648, 1.0095392028713583, 1.0164191698816254, 1.009183654128603, 1.0008167637809375, 1.0170107553232788, 0.9829904796286684, 0.9975679674240268, 1.0108003654990927, 0.9853391454109457, 1.0146537153076258, 0.991173609962087, 0.995559350011479, 1.0154497557387525, 0.992896725516408, 1.0283458307116882, 0.9940499887789176, 0.9946917523365975, 1.0061351454489225, 0.9774807290308282, 0.9974929220746612, 1.0039127166821407, 0.9876036751761322, 1.0014856783104433, 0.9836296160846262, 1.0121670923853505]","[-0.011104877838205351, 0.015916348380385914, -0.01508005840649873, 0.00461456267307736, 0.013820706686648032, 0.009539202871358343, 0.016419169881625395, 0.009183654128603003, 0.000816763780937535, 0.01701075532327878, -0.017009520371331632, -0.002432032575973242, 0.01080036549909269, -0.014660854589054306, 0.014653715307625825, -0.008826390037912968, -0.004440649988521006, 0.015449755738752513, -0.007103274483592048, 0.02834583071168817, -0.005950011221082407, -0.005308247663402543, 0.006135145448922463, -0.022519270969171834, -0.0025070779253387743, 0.00391271668214066, -0.012396324823867766, 0.001485678310443328, -0.01637038391537382, 0.01216709238535052]","[0.10481397062540054, 0.05297369882464409, 0.0, 0.0, 0.0, 0.0, 0.11642281711101532, 0.0, 0.0, 0.0, 0.0, 0.0, 0.0, 0.07803437858819962, 0.0, 0.11642281711101532, 0.11642281711101532, 0.0, 0.0, 0.0, 0.0, 0.0, 0.0, 0.11642281711101532, 0.11642281711101532, 0.0, 0.0, 0.11642281711101532, 0.0, 0.06564101576805115]","[0.0, 4.614062211974602e-22, 0.0, 0.0, 5.692154848946747e-22, 0.0, 0.0, 0.0, 4.580775066145122e-22, 0.0, 0.0, 5.676118422735266e-22, 0.0, 0.0, 4.580473163437571e-22, 0.0, 0.0, 0.0, 4.592921540192794e-22, 0.0, 8.461857865514656e-22, 0.0, 4.582835977740038e-22, 0.0, 0.0, 0.0, 0.0, 6.800540760245349e-22, 0.0, 1.0]","[0.0, 0.0035232937669088813, 0.0015423430560537175, 0.0072643700621896614, 0.005705511387271385, 0.0, 0.003333652828763134, 0.004410033375994212, 0.0, 0.011664633264812574, 0.004167101836013622, 0.0, 0.004616841488622701, 0.010105039472949702, 0.0, 0.006880079301450009, 0.0, 0.01310089827578519, 0.0, 0.0, 0.0, 0.010042471112108816, 0.0034044451493874758, 0.0, 0.0, 0.0, 0.00701377334466824, 0.0, 0.005611412940879429, 0.8976140993361413]","[0.10481397062540054, 0.05297369882464409, 0.0, 0.0, 0.0, 0.0, 0.11642281711101532, 0.0, 0.0, 0.0, 0.0, 0.0, 0.0, 0.07803437858819962, 0.0, 0.11642281711101532, 0.11642281711101532, 0.0, 0.0, 0.0, 0.0, 0.0, 0.0, 0.11642281711101532, 0.11642281711101532, 0.0, 0.0, 0.11642281711101532, 0.0, 0.06564101576805115]",-0.003435209103847558
88,1.0822903360164529,"[0.9888951221617946, 1.015916348380386, 0.9849199415935013, 1.0046145626730774, 1.013820706686648, 1.0095392028713583, 1.0164191698816254, 1.009183654128603, 1.0008167637809375, 1.0170107553232788, 0.9829904796286684, 0.9975679674240268, 1.0108003654990927, 0.9853391454109457, 1.0146537153076258, 0.991173609962087, 0.995559350011479, 1.0154497557387525, 0.992896725516408, 1.0283458307116882, 0.9940499887789176, 0.9946917523365975, 1.0061351454489225, 0.9774807290308282, 0.9974929220746612, 1.0039127166821407, 0.9876036751761322, 1.0014856783104433, 0.9836296160846262, 1.0121670923853505]","[0.9720329135552139, 0.9869290733895134, 0.9912655668881415, 1.0130082389303585, 1.0000643106062617, 1.0135161604051985, 0.9776978959499604, 0.9760712419538428, 0.9821709156333198, 1.0060153231058864, 1.0107584316235192, 1.0012888922225016, 1.0078583311010878, 0.9982446598382223, 0.9932861962918711, 1.0008469731455458, 0.9899139433667038, 0.9634490779223565, 1.033723545275519, 0.9895344203723395, 1.0021105171703757, 0.9996046526146788, 1.0042114487090348, 1.0036770114710991, 0.9724914514257693, 1.0049297188070172, 1.0000639611755702, 1.0088365043546328, 1.000275663979485, 1.0008412964973283]","[-0.02796708644478607, -0.013070926610486588, -0.008734433111858508, 0.013008238930358518, 6.431060626166385e-05, 0.01351616040519854, -0.02230210405003963, -0.02392875804615724, -0.01782908436668018, 0.006015323105886372, 0.010758431623519193, 0.0012888922225016142, 0.007858331101087801, -0.0017553401617776965, -0.006713803708128907, 0.0008469731455458263, -0.010086056633296203, -0.036550922077643544, 0.03372354527551891, -0.010465579627660482, 0.002110517170375692, -0.0003953473853212097, 0.004211448709034782, 0.003677011471099112, -0.027508548574230685, 0.004929718807017203, 6.396117557017078e-05, 0.00883650435463279, 0.0002756639794849747, 0.0008412964973283366]","[0.0, 0.0, 0.12955228984355927, 0.0, 0.07680145651102066, 0.0, 0.0, 0.08815046399831772, 0.0, 0.0, 0.12955228984355927, 0.0, 0.12955228984355927, 0.0, 0.12955228984355927, 0.10170339047908783, 0.0, 0.0, 0.0, 0.08016131818294525, 0.0, 0.0, 0.0, 0.0, 0.07320807874202728, 0.0, 0.0, 0.0, 0.0, 0.06176622211933136]","[0.0, 0.0, 0.0, -1.0371268065746853e-22, -1.012874211580428e-22, -1.0028152948768984e-22, 0.0, 0.0, 9.810868648672484e-24, 0.0, -4.555824016016498e-23, 0.0, 6.379617952072797e-23, 0.0, 0.0, 0.0, 0.0, 0.0, 0.0, 0.0, -4.6053554456336736e-23, -1.0243903116242288e-22, 0.0, 0.0, 6.310435944921272e-23, 0.0, 0.0, 0.0, 0.0, 1.0]","[0.0, 0.0, 0.0, 0.0010199475419935887, 0.006302689835167782, 0.0, 0.00010232099717070035, 0.0, 0.0, 0.0016693461349475548, 0.0030498598836928644, 0.008972373572035966, 0.022155404621259825, 0.0, 0.0086557131047601, 0.006408238987577099, 0.0, 0.0007272241330947112, 0.012842600260656896, 0.0, 0.0007184321761182068, 0.0, 0.0, 0.0, 0.0, 0.0, 0.005141172889414688, 0.011231469266048195, 0.0, 0.9110032065960618]","[0.0, 0.0, 0.12955227494239807, 0.0, 0.07680144906044006, 0.0, 0.0, 0.08815045654773712, 0.0, 0.0, 0.12955227494239807, 0.0, 0.12955227494239807, 0.0, 0.12955227494239807, 0.10170337557792664, 0.0, 0.0, 0.0, 0.08016131073236465, 0.0, 0.0, 0.0, 0.0, 0.07320807129144669, 0.0, 0.0, 0.0, 0.0, 0.06176621466875076]",-0.004810803796142359
89,1.0765104114349955,"[0.9720329135552139, 0.9869290733895134, 0.9912655668881415, 1.0130082389303585, 1.0000643106062617, 1.0135161604051985, 0.9776978959499604, 0.9760712419538428, 0.9821709156333198, 1.0060153231058864, 1.0107584316235192, 1.0012888922225016, 1.0078583311010878, 0.9982446598382223, 0.9932861962918711, 1.0008469731455458, 0.9899139433667038, 0.9634490779223565, 1.033723545275519, 0.9895344203723395, 1.0021105171703757, 0.9996046526146788, 1.0042114487090348, 1.0036770114710991, 0.9724914514257693, 1.0049297188070172, 1.0000639611755702, 1.0088365043546328, 1.000275663979485, 1.0008412964973283]","[0.9821055025495072, 0.9673147102897338, 1.0120947605408024, 1.0169673987924628, 1.0033479532373635, 1.0202820675920226, 0.9753074425931967, 0.9873597033732642, 0.9979189367220871, 0.9941151166995695, 1.0201977894478562, 0.988208714965662, 0.9972799382568256, 1.0195236150995146, 0.9897576202315337, 0.9901889505634636, 0.9724336790913546, 0.984938844358449, 0.9938198247867726, 1.003886598316459, 0.9811486793058303, 0.9885410538017968, 1.0023687011333027, 0.9861790621035443, 0.9957605631354804, 1.0223771502425054, 0.9938991572731044, 1.0063134228330979, 0.978654480106547, 1.0097965376472589]","[-0.017894497450492763, -0.032685289710266185, 0.012094760540802385, 0.016967398792462784, 0.003347953237363477, 0.020282067592022557, -0.024692557406803317, -0.012640296626735825, -0.002081063277912909, -0.005884883300430466, 0.020197789447856218, -0.011791285034338017, -0.0027200617431744067, 0.019523615099514613, -0.010242379768466314, -0.009811049436536434, -0.027566320908645414, -0.015061155641550972, -0.006180175213227446, 0.0038865983164591, -0.018851320694169726, -0.011458946198203201, 0.0023687011333026753, -0.013820937896455665, -0.004239436864519552, 0.022377150242505417, -0.0061008427268955945, 0.0063134228330978814, -0.021345519893453013, 0.009796537647258852]","[0.0, 0.11257068812847137, 0.0, 0.0, 0.11446008831262589, 0.11442776024341583, 0.03757394477725029, 0.0, 0.11596036702394485, 0.0, 0.0, 0.08837074786424637, 0.0, 0.0, 0.0, 0.0, 0.0, 0.11228050291538239, 0.0, 0.11830402165651321, 0.0, 0.0, 0.0, 0.0, 0.11409653723239899, 0.0, 0.0719553604722023, 0.0, 0.0, 0.0]","[0.0, 2.369390451984203e-22, 0.0, 0.0, 0.0, 0.0, 0.0, 2.8952519835551224e-22, 5.67732667839763e-22, 0.0, 0.0, 0.0, 0.0, 0.0, 0.0, 0.0, 0.0, 0.0, 0.0, 2.6205830869846675e-22, 0.0, 0.0, 2.341909546841914e-22, 3.4467076054988906e-22, 3.9762319545777763e-22, 0.0, 0.0, 3.451578761499616e-22, 2.348614791073621e-22, 1.0]","[0.0, 0.0, 0.0, 0.0015270631802280304, 0.00999795155458494, 0.014337741520050866, 0.007613138729121328, 0.004040285780523231, 0.0032830922111071574, 0.0, 0.0, 0.0, 0.016318616043176273, 0.005748749225420428, 0.0005931934904820711, 0.0030524476621544942, 0.005241485919320685, 0.006044644402129261, 0.0, 0.0022144814343934205, 0.011109237365250517, 0.0, 0.001955324950824075, 0.0008714056916458624, 0.0, 0.010923885661043839, 0.005004973832330623, 0.0, 0.004542793945875794, 0.8855794874003371]","[0.0, 0.11257068812847137, 0.0, 0.0, 0.11446008831262589, 0.11442776024341583, 0.03757394477725029, 0.0, 0.11596036702394485, 0.0, 0.0, 0.08837074786424637, 0.0, 0.0, 0.0, 0.0, 0.0, 0.11228050291538239, 0.0, 0.11830402165651321, 0.0, 0.0, 0.0, 0.0, 0.11409653723239899, 0.0, 0.0719553604722023, 0.0, 0.0, 0.0]",-0.005776057956569649
90,1.079970267408312,"[0.9821055025495072, 0.9673147102897338, 1.0120947605408024, 1.0169673987924628, 1.0033479532373635, 1.0202820675920226, 0.9753074425931967, 0.9873597033732642, 0.9979189367220871, 0.9941151166995695, 1.0201977894478562, 0.988208714965662, 0.9972799382568256, 1.0195236150995146, 0.9897576202315337, 0.9901889505634636, 0.9724336790913546, 0.984938844358449, 0.9938198247867726, 1.003886598316459, 0.9811486793058303, 0.9885410538017968, 1.0023687011333027, 0.9861790621035443, 0.9957605631354804, 1.0223771502425054, 0.9938991572731044, 1.0063134228330979, 0.978654480106547, 1.0097965376472589]","[0.9972142655407671, 1.000725915117703, 1.0048918987101139, 0.992520612517717, 1.0155396800001537, 0.9948005303221862, 0.9924064369396851, 1.0116359568973607, 1.0009875544438633, 0.9956490087609627, 1.0012308317067338, 0.9786594660438875, 0.9890329134324402, 1.0087875923060488, 1.0044471330536806, 0.9942126290005854, 0.9741198006973742, 0.9781167955161643, 1.0198081774667502, 1.0073479465497908, 0.9829420868227574, 1.0036157649082131, 1.0012286292678538, 0.9936568627027792, 0.9912884572830059, 1.0061030705699214, 1.0046384104227963, 1.0141235815006682, 0.9961720724877431, 0.9945065523218288]","[-0.0027857344592329136, 0.0007259151177030354, 0.004891898710113862, -0.007479387482283051, 0.01553968000015371, -0.005199469677813817, -0.00759356306031489, 0.011635956897360744, 0.0009875544438633366, -0.004350991239037261, 0.0012308317067337704, -0.021340533956112462, -0.010967086567559847, 0.008787592306048753, 0.0044471330536806075, -0.0057873709994146205, -0.02588019930262575, -0.02188320448383574, 0.019808177466750232, 0.0073479465497907626, -0.01705791317724259, 0.003615764908213137, 0.0012286292678538313, -0.006343137297220802, -0.008711542716994147, 0.006103070569921432, 0.004638410422796335, 0.01412358150066817, -0.0038279275122569123, -0.0054934476781711705]","[0.0, 0.10174738615751266, 0.0, 0.09687623381614685, 0.0, 0.08914460241794586, 0.0, 0.0, 0.10174738615751266, 0.10174738615751266, 0.0, 0.0, 0.0, 0.0, 0.0, 0.0, 0.0, 0.0, 0.10174738615751266, 0.0, 0.0, 0.0, 0.10174738615751266, 0.0, 0.0, 0.10174738615751266, 0.10174738615751266, 0.10174738615751266, 0.0, 0.0]","[0.0, 0.0, 0.0, 0.0, 0.0, 0.0, 0.0, 0.0, 0.0, 3.454972590011373e-22, 0.0, 0.0, 0.0, 3.408131335640445e-22, 4.553588473605066e-22, 0.0, 4.5619366116990485e-22, 4.530244109979023e-22, 0.0, 0.0, 2.889779511796638e-22, 4.54025461385739e-22, 0.0, 0.0, 3.4165302603221715e-22, 3.4225317972390713e-22, 0.0, 0.0, 0.0, 1.0]","[0.002743576467491124, 0.010739467637049598, 0.01443748612963401, 0.0015686900921733566, 0.0, 0.0, 0.014951288893465748, 0.0, 0.0, 0.013849004248102998, 0.0, 0.0, 0.0, 0.0012956220750664589, 0.0, 0.0, 0.0033786338514922997, 1.913445448240723e-05, 0.0, 0.0, 0.0, 0.0, 0.0038392565243026686, 0.0, 0.0019135056900731146, 0.0, 0.0, 0.01376276197506308, 0.0, 0.9175015719616031]","[0.0, 0.10174739360809326, 0.0, 0.09687624126672745, 0.0, 0.08914460986852646, 0.0, 0.0, 0.10174739360809326, 0.10174739360809326, 0.0, 0.0, 0.0, 0.0, 0.0, 0.0, 0.0, 0.0, 0.10174739360809326, 0.0, 0.0, 0.0, 0.10174739360809326, 0.0, 0.0, 0.10174739360809326, 0.10174739360809326, 0.10174739360809326, 0.0, 0.0]",0.002796503553745288
91,1.0733451459318828,"[0.9972142655407671, 1.000725915117703, 1.0048918987101139, 0.992520612517717, 1.0155396800001537, 0.9948005303221862, 0.9924064369396851, 1.0116359568973607, 1.0009875544438633, 0.9956490087609627, 1.0012308317067338, 0.9786594660438875, 0.9890329134324402, 1.0087875923060488, 1.0044471330536806, 0.9942126290005854, 0.9741198006973742, 0.9781167955161643, 1.0198081774667502, 1.0073479465497908, 0.9829420868227574, 1.0036157649082131, 1.0012286292678538, 0.9936568627027792, 0.9912884572830059, 1.0061030705699214, 1.0046384104227963, 1.0141235815006682, 0.9961720724877431, 0.9945065523218288]","[1.0096432428703588, 0.9966963243231212, 1.0038309013175206, 0.9958536813007596, 1.031668018217889, 0.964531865462018, 1.0057093873828473, 1.0053738848980214, 0.9835575034589032, 1.0089367609750315, 1.0012128556375364, 1.0147756752803323, 0.9943871951441426, 1.0008309779774194, 0.9907764423297153, 0.9715329406754241, 1.0003656991508167, 0.9922908997759651, 0.9923421006711409, 1.0031543446742082, 0.9968716774496771, 0.9943752306639302, 0.992990830845388, 1.0095572312658667, 1.0167490565982673, 1.001274108962712, 1.021318276510174, 1.0101758483476386, 1.0318908560847702, 0.9679313070899341]","[0.009643242870358781, -0.0033036756768788367, 0.0038309013175206186, -0.0041463186992404255, 0.031668018217889005, -0.03546813453798203, 0.00570938738284732, 0.005373884898021375, -0.01644249654109675, 0.008936760975031488, 0.0012128556375363697, 0.014775675280332301, -0.005612804855857356, 0.0008309779774193782, -0.00922355767028471, -0.02846705932457594, 0.0003656991508167451, -0.007709100224034926, -0.007657899328859075, 0.003154344674208165, -0.003128322550322915, -0.0056247693360698126, -0.007009169154612027, 0.009557231265866717, 0.01674905659826731, 0.0012741089627119617, 0.02131827651017404, 0.010175848347638627, 0.03189085608477016, -0.032068692910065866]","[0.0, 0.09999999403953552, 0.09999999403953552, 0.09999999403953552, 0.0, 0.09999999403953552, 0.0, 0.0, 0.0, 0.0, 0.0, 0.0, 0.0, 0.09999999403953552, 0.0, 0.0, 0.0, 0.0, 0.0, 0.09999999403953552, 0.0, 0.09999999403953552, 0.0, 0.0, 0.0, 0.09999999403953552, 0.0, 0.09999999403953552, 0.0, 0.09999999403953552]","[0.0, 0.0, 0.0, 0.0, 1.0426098812708488e-23, 0.0, 0.0, 0.0, 0.0, 0.0, -7.52628101834441e-23, 0.0, 0.0, 0.0, 0.0, 0.0, -1.0079343134392349e-22, -1.009645962784821e-22, 9.6121548701442e-24, 1.0, 6.396892961580887e-23, 0.0, 0.0, 0.0, 0.0, 0.0, -1.0149760087267261e-22, -1.0254318076379077e-22, -1.0110435304581854e-22, 0.0]","[0.0, 0.0, 0.007112852680937309, 0.00032978423233733016, 0.002493510736139332, 0.0, 0.004636413182413992, 0.0, 0.020059899239851475, 0.007467136571871438, 0.01535262542321238, 0.0, 0.0, 0.00886545981958665, 0.005559162794812455, 0.003977397894088691, 0.0, 0.0018048726352068857, 0.003371892996808453, 0.8482166416610029, 0.0014481258700459498, 0.0, 0.012321663389814812, 0.0, 0.0027997965418178096, 0.001499843380013582, 0.0, 0.00887433143051335, 0.02155694953730901, 0.022251639982216326]","[0.0, 0.09999999403953552, 0.09999999403953552, 0.09999999403953552, 0.0, 0.09999999403953552, 0.0, 0.0, 0.0, 0.0, 0.0, 0.0, 0.0, 0.09999999403953552, 0.0, 0.0, 0.0, 0.0, 0.0, 0.09999999403953552, 0.0, 0.09999999403953552, 0.0, 0.0, 0.0, 0.09999999403953552, 0.0, 0.09999999403953552, 0.0, 0.09999999403953552]",-0.0065739434899430935
92,1.0805480704708637,"[1.0096432428703588, 0.9966963243231212, 1.0038309013175206, 0.9958536813007596, 1.031668018217889, 0.964531865462018, 1.0057093873828473, 1.0053738848980214, 0.9835575034589032, 1.0089367609750315, 1.0012128556375364, 1.0147756752803323, 0.9943871951441426, 1.0008309779774194, 0.9907764423297153, 0.9715329406754241, 1.0003656991508167, 0.9922908997759651, 0.9923421006711409, 1.0031543446742082, 0.9968716774496771, 0.9943752306639302, 0.992990830845388, 1.0095572312658667, 1.0167490565982673, 1.001274108962712, 1.021318276510174, 1.0101758483476386, 1.0318908560847702, 0.9679313070899341]","[0.9970628238221331, 1.0027783186783064, 1.0015801421559227, 1.0197729658841332, 1.0157971831693509, 1.0079933346880574, 1.0086841039486074, 1.003852468248681, 1.01716539589892, 1.0006427919321021, 0.9793848290694007, 0.9958271143905909, 0.9895082098885943, 1.0119778585734176, 1.0050676194727024, 0.9862624700891109, 0.9890160305568024, 0.9979220151273738, 1.002284173651356, 1.0139047024608996, 1.0231289458312347, 0.9919005416719593, 1.009054841553313, 0.9915961337623493, 0.9998430940240486, 1.0013213911648895, 1.011617883093513, 0.9897959108388042, 1.0010316592285116, 1.01087654329313]","[-0.002937176177866929, 0.0027783186783063574, 0.0015801421559227258, 0.019772965884133242, 0.01579718316935086, 0.007993334688057407, 0.008684103948607413, 0.003852468248680907, 0.017165395898919966, 0.0006427919321021491, -0.02061517093059928, -0.004172885609409094, -0.010491790111405663, 0.011977858573417599, 0.0050676194727024, -0.013737529910889057, -0.010983969443197572, -0.0020779848726262262, 0.002284173651355914, 0.013904702460899587, 0.023128945831234704, -0.00809945832804071, 0.009054841553312931, -0.008403866237650659, -0.00015690597595141575, 0.001321391164889496, 0.01161788309351297, -0.01020408916119575, 0.0010316592285115611, 0.010876543293129926]","[0.0, 0.10257074981927872, 0.0, 0.10257074981927872, 0.09313904494047165, 0.10257074981927872, 0.0, 0.0, 0.08629491180181503, 0.0, 0.0, 0.10257074981927872, 0.0, 0.10257074981927872, 0.10257074981927872, 0.0, 0.0, 0.0, 0.0, 0.0, 0.0, 0.10257074981927872, 0.0, 0.0, 0.0, 0.10257074981927872, 0.0, 0.0, 0.0, 0.0]","[0.0, 0.0, 0.0, 3.4297610259643713e-22, 1.216603194945701e-22, 0.0, 0.0, 2.022038961139566e-22, 0.0, 0.0, 0.0, 0.0, 0.0, 1.179654696393533e-22, 0.0, 0.0, 0.0, 0.0, 9.550072798802278e-24, 1.0, 0.0, 0.0, 0.0, 0.0, 1.1916574954818707e-22, 0.0, 9.872797798095336e-24, 0.0, 1.035999369557987e-23, 1.6228071860393761e-22]","[0.007355831729114932, 0.003412654212084683, 0.0037737055597852048, 0.003392196692797745, 0.0033279309283467166, 0.003842004364460828, 0.005414434666948427, 0.0053788924189607954, 0.007169862248945642, 0.0, 0.0, 0.005024702207760747, 0.0032085715835780144, 0.009406789961504252, 0.013921372827950617, 0.0, 0.0, 0.0, 0.0, 0.9121831002387732, 0.0, 0.0, 0.0, 0.0006354369535857067, 0.002517394087537492, 0.006069821449659081, 0.00396529786820586, 0.0, 0.0, 0.0]","[0.0, 0.10257074981927872, 0.0, 0.10257074981927872, 0.09313904494047165, 0.10257074981927872, 0.0, 0.0, 0.08629491180181503, 0.0, 0.0, 0.10257074981927872, 0.0, 0.10257074981927872, 0.10257074981927872, 0.0, 0.0, 0.0, 0.0, 0.0, 0.0, 0.10257074981927872, 0.0, 0.0, 0.0, 0.10257074981927872, 0.0, 0.0, 0.0, 0.0]",0.00633201606979779
93,1.085997193572891,"[0.9970628238221331, 1.0027783186783064, 1.0015801421559227, 1.0197729658841332, 1.0157971831693509, 1.0079933346880574, 1.0086841039486074, 1.003852468248681, 1.01716539589892, 1.0006427919321021, 0.9793848290694007, 0.9958271143905909, 0.9895082098885943, 1.0119778585734176, 1.0050676194727024, 0.9862624700891109, 0.9890160305568024, 0.9979220151273738, 1.002284173651356, 1.0139047024608996, 1.0231289458312347, 0.9919005416719593, 1.009054841553313, 0.9915961337623493, 0.9998430940240486, 1.0013213911648895, 1.011617883093513, 0.9897959108388042, 1.0010316592285116, 1.01087654329313]","[0.9954098671329832, 1.0055169675253608, 0.9998095812485375, 1.0134468982183844, 1.0049682074955488, 0.993646155783468, 1.0040975342767515, 0.992436584845942, 0.9766679092637478, 0.9971467256480987, 0.9920097615019654, 1.0040751843488862, 1.0173414826593037, 0.9948395022984484, 0.9882597694298239, 0.9955473992548995, 0.9996131272738545, 1.0187009582311062, 0.9915254614891563, 0.9999392091284197, 1.0250662629789404, 1.0145311643976997, 1.012847136464559, 0.9999577445807197, 0.9937049380380324, 0.9873812946156748, 0.9975703498050277, 1.0007902277759602, 1.016025760693583, 0.9899038232111332]","[-0.004590132867016816, 0.005516967525360794, -0.00019041875146252885, 0.013446898218384407, 0.0049682074955488265, -0.006353844216531956, 0.004097534276751524, -0.007563415154058006, -0.023332090736252198, -0.0028532743519013026, -0.007990238498034596, 0.004075184348886207, 0.017341482659303686, -0.005160497701551581, -0.011740230570176147, -0.0044526007451004546, -0.00038687272614545964, 0.01870095823110618, -0.008474538510843677, -6.079087158028518e-05, 0.025066262978940435, 0.014531164397699747, 0.012847136464559039, -4.2255419280268214e-05, -0.006295061961967607, -0.01261870538432519, -0.0024296501949723215, 0.0007902277759601617, 0.01602576069358297, -0.010096176788866762]","[0.07937094569206238, 0.0, 0.0, 0.12099259346723557, 0.12099259346723557, 0.0, 0.0, 0.12099259346723557, 0.0, 0.0, 0.0, 0.0, 0.0768393725156784, 0.0, 0.0, 0.11210472881793976, 0.0, 0.09448205679655075, 0.0, 0.09269300848245621, 0.09477251023054123, 0.0, 0.0, 0.0, 0.0, 0.0, 0.0, 0.0, 0.0, 0.08675957471132278]","[0.0, 2.202034956725944e-21, 2.108779677781698e-21, 0.0, 0.0, 0.0, 1.4398733899474422e-21, 1.0409411053383331e-21, 1.1896578966186172e-21, 1.5831755443227145e-21, 0.0, 0.0, 0.0, 0.0, 7.798173437083805e-22, 0.0, 0.0, 0.0, 0.0, 0.01520312006099479, 0.0, 0.0, 0.0, 8.314368937253323e-22, 0.0, 0.0, 0.0, 0.0, 0.0, 0.9847968799390051]","[0.016968434639266068, 0.0005980020764758143, 0.0, 0.00284070640185223, 0.007411457448845187, 0.005569549593376382, 0.0037838880886079725, 0.001164877262341349, 0.0, 0.0019696679918380874, 0.01111389428674436, 0.014072728893181546, 0.014292322259108576, 0.0, 0.0033548922866349327, 0.0, 0.004606730169835529, 0.004651737890439472, 0.005285241989073856, 0.020250109471939774, 0.0, 0.0, 0.0, 0.0034765348003619806, 0.0, 0.008159598058943895, 0.0, 0.00011620454500730048, 0.0, 0.8703134218461257]","[0.07937095314264297, 0.0, 0.0, 0.12099260091781616, 0.12099260091781616, 0.0, 0.0, 0.12099260091781616, 0.0, 0.0, 0.0, 0.0, 0.076839379966259, 0.0, 0.0, 0.11210473626852036, 0.0, 0.09448206424713135, 0.0, 0.0926930159330368, 0.09477251768112183, 0.0, 0.0, 0.0, 0.0, 0.0, 0.0, 0.0, 0.0, 0.08675958216190338]",0.0046352255666278494
94,1.0814466831729699,"[0.9954098671329832, 1.0055169675253608, 0.9998095812485375, 1.0134468982183844, 1.0049682074955488, 0.993646155783468, 1.0040975342767515, 0.992436584845942, 0.9766679092637478, 0.9971467256480987, 0.9920097615019654, 1.0040751843488862, 1.0173414826593037, 0.9948395022984484, 0.9882597694298239, 0.9955473992548995, 0.9996131272738545, 1.0187009582311062, 0.9915254614891563, 0.9999392091284197, 1.0250662629789404, 1.0145311643976997, 1.012847136464559, 0.9999577445807197, 0.9937049380380324, 0.9873812946156748, 0.9975703498050277, 1.0007902277759602, 1.016025760693583, 0.9899038232111332]","[0.9939546020217884, 0.9881922718867894, 1.0242435453554526, 0.9857444993211681, 0.9998942883215045, 0.9908031763210199, 1.0219280385395761, 1.0031931453021763, 0.9966990869339442, 1.0382378229383764, 1.0049708298005287, 0.9828081734712264, 0.9956459099195156, 0.9883769988380355, 0.9937216310835988, 0.994015448103358, 1.0101655441058774, 0.9996127705210123, 1.0077854037403597, 1.014005941954916, 0.9881759753638162, 0.9900375646028016, 0.9826607246228818, 1.011539454123429, 1.0082224857913937, 1.016441066415899, 1.0036413853502313, 0.9994208048152096, 1.0057085826279801, 1.00289693362951]","[-0.006045397978211575, -0.011807728113210625, 0.02424354535545259, -0.014255500678831856, -0.00010571167849549035, -0.009196823678980115, 0.021928038539576145, 0.0031931453021762923, -0.003300913066055844, 0.03823782293837641, 0.004970829800528653, -0.0171918265287736, -0.004354090080484374, -0.011623001161964464, -0.006278368916401211, -0.005984551896642043, 0.010165544105877444, -0.0003872294789877273, 0.007785403740359742, 0.01400594195491589, -0.011824024636183816, -0.009962435397198433, -0.017339275377118213, 0.01153945412342905, 0.00822248579139373, 0.01644106641589893, 0.0036413853502312854, -0.0005791951847904375, 0.00570858262798013, 0.0028969336295099346]","[0.0, 0.12200119346380234, 0.0, 0.12200119346380234, 0.0, 0.0, 0.0, 0.0, 0.0, 0.0, 0.0, 0.04833982512354851, 0.11407028138637543, 0.0, 0.0, 0.0, 0.12200119346380234, 0.08418619632720947, 0.0, 0.0, 0.0, 0.0, 0.08653552085161209, 0.0, 0.0, 0.0, 0.12200119346380234, 0.10133533924818039, 0.0, 0.0775279849767685]","[0.0, 0.0, 0.0, 0.0, 0.0, 0.0, 0.0, 0.0, 0.0, 0.0, 0.0, 1.201407157170953e-22, 5.106244281965326e-22, 2.294399965752668e-22, 0.0, 1.194613130126445e-22, 3.4487683756843273e-22, 0.0, 0.0, 1.0, 0.0, 1.193930746307389e-22, 0.0, 0.0, 1.1916446234597539e-22, 2.307183894262243e-22, 1.211510628091297e-22, 0.0, 0.0, 0.0]","[0.0, 0.009824344476446716, 0.0, 0.002503704804553601, 0.009785483322258374, 0.0, 0.01004405980954795, 0.0, 1.1803134411168919e-05, 0.0, 0.004818749915202779, 0.0, 0.007874449159341598, 0.0010178176604015614, 0.01326370936221504, 0.0, 0.0, 0.0, 0.01118855457983017, 0.8764092089750011, 0.0017942817437758293, 0.0, 0.001104486308039794, 0.0, 0.00010307886229903759, 0.015612472679982517, 0.0004378654374581219, 0.019443015716030812, 0.01476291405320385, 0.0]","[0.0, 0.12200120091438293, 0.0, 0.12200120091438293, 0.0, 0.0, 0.0, 0.0, 0.0, 0.0, 0.0, 0.048339828848838806, 0.11407028883695602, 0.0, 0.0, 0.0, 0.12200120091438293, 0.08418620377779007, 0.0, 0.0, 0.0, 0.0, 0.08653552830219269, 0.0, 0.0, 0.0, 0.12200120091438293, 0.10133534669876099, 0.0, 0.07752799242734909]",-0.004603780110244216
95,1.0866929834640828,"[0.9939546020217884, 0.9881922718867894, 1.0242435453554526, 0.9857444993211681, 0.9998942883215045, 0.9908031763210199, 1.0219280385395761, 1.0031931453021763, 0.9966990869339442, 1.0382378229383764, 1.0049708298005287, 0.9828081734712264, 0.9956459099195156, 0.9883769988380355, 0.9937216310835988, 0.994015448103358, 1.0101655441058774, 0.9996127705210123, 1.0077854037403597, 1.014005941954916, 0.9881759753638162, 0.9900375646028016, 0.9826607246228818, 1.011539454123429, 1.0082224857913937, 1.016441066415899, 1.0036413853502313, 0.9994208048152096, 1.0057085826279801, 1.00289693362951]","[1.0135149620457162, 1.0111705427494766, 1.0029902224059664, 1.0063538098014146, 1.0112658642093164, 0.9959878854163158, 1.0087158873628623, 1.0093652900059573, 1.0241735052335599, 1.0201392123216766, 0.9933533313583766, 0.9967651250999884, 1.0335700054282553, 0.991738660419895, 1.008602933158921, 0.9937032134578098, 0.986212284025157, 0.9917700149546271, 1.0027014254383282, 0.9989033155264188, 0.9884213955433385, 0.994865645225022, 0.988110310540173, 0.9983508701443732, 1.0021596674400448, 0.9938957747332312, 0.9912207139570645, 1.0112129454721792, 0.9946864854004368, 1.0043124183228465]","[0.013514962045716228, 0.011170542749476597, 0.0029902224059663585, 0.006353809801414645, 0.011265864209316412, -0.004012114583684223, 0.008715887362862329, 0.009365290005957316, 0.024173505233559878, 0.02013921232167659, -0.006646668641623443, -0.0032348749000116195, 0.03357000542825528, -0.008261339580104998, 0.008602933158921022, -0.006296786542190236, -0.013787715974842962, -0.008229985045372867, 0.0027014254383281866, -0.0010966844735812442, -0.011578604456661479, -0.005134354774978034, -0.011889689459827046, -0.0016491298556268186, 0.00215966744004481, -0.006104225266768792, -0.008779286042935541, 0.011212945472179214, -0.005313514599563196, 0.004312418322846456]","[0.11074428260326385, 0.11074428260326385, 0.0, 0.0, 0.11074428260326385, 0.0, 0.11074428260326385, 0.0, 0.0, 0.0, 0.0, 0.0, 0.0, 0.0, 0.11074428260326385, 0.0, 0.0, 0.0, 0.0, 0.11074428260326385, 0.0, 0.0, 0.11074428260326385, 0.09874502569437027, 0.0, 0.04969100281596184, 0.0, 0.0763540118932724, 0.0, 0.0]","[3.429939139355265e-22, 0.0, 0.0, 4.537360675130583e-22, 0.0, 0.0, 0.0, 5.082696120037909e-22, 0.0, 0.0, 0.0, 0.0, 0.0, 0.0, 0.0, 0.0, 3.443096504849055e-22, 0.0, 0.0, 1.0, 0.0, 0.0, 3.4368266916224694e-22, 5.637636185404872e-22, 0.0, 0.0, 3.4354151193877362e-22, 0.0, 3.439386648397312e-22, 6.489172000028469e-22]","[0.0, 0.0, 0.0, 0.015364513490230434, 0.0, 0.013532875300250326, 0.00777860423852426, 0.0, 0.0, 0.0, 0.0, 0.0, 0.007332862704116547, 0.0, 0.0, 0.0, 0.0, 0.007305085738022687, 0.0, 0.9293801000398272, 0.0, 0.005946350175126613, 0.0059237546904426985, 0.00280924760005748, 0.0, 0.00045076166200822996, 0.0, 0.0, 0.0041758443613934245, 0.0]","[0.11074428260326385, 0.11074428260326385, 0.0, 0.0, 0.11074428260326385, 0.0, 0.11074428260326385, 0.0, 0.0, 0.0, 0.0, 0.0, 0.0, 0.0, 0.11074428260326385, 0.0, 0.0, 0.0, 0.0, 0.11074428260326385, 0.0, 0.0, 0.11074428260326385, 0.09874502569437027, 0.0, 0.04969100281596184, 0.0, 0.0763540118932724, 0.0, 0.0]",0.00444611220008042
96,1.0887578363053225,"[1.0135149620457162, 1.0111705427494766, 1.0029902224059664, 1.0063538098014146, 1.0112658642093164, 0.9959878854163158, 1.0087158873628623, 1.0093652900059573, 1.0241735052335599, 1.0201392123216766, 0.9933533313583766, 0.9967651250999884, 1.0335700054282553, 0.991738660419895, 1.008602933158921, 0.9937032134578098, 0.986212284025157, 0.9917700149546271, 1.0027014254383282, 0.9989033155264188, 0.9884213955433385, 0.994865645225022, 0.988110310540173, 0.9983508701443732, 1.0021596674400448, 0.9938957747332312, 0.9912207139570645, 1.0112129454721792, 0.9946864854004368, 1.0043124183228465]","[0.9998678487429699, 0.9885411962379621, 0.9918200804978703, 0.9955529703222846, 0.9874108923239143, 1.0267344825174638, 0.9988531567885386, 1.0184139240692056, 0.9892036420268927, 0.9966899453702528, 0.9978872452539973, 0.9879418058687582, 0.9961986244690103, 1.0024611682900884, 1.0132874057439365, 1.0007381982292627, 0.9956001277670988, 0.9938395144571621, 1.021226787160747, 0.9922546537088123, 1.0243639207946018, 1.0070020013885865, 1.0045055061933963, 0.9882641061175572, 1.0092957734363261, 0.974676835010614, 0.991061681296016, 0.975278210440423, 1.0302448386569276, 0.9936342028670329]","[-0.0001321512570301442, -0.011458803762037895, -0.008179919502129707, -0.004447029677715375, -0.012589107676085676, 0.026734482517463798, -0.0011468432114614124, 0.01841392406920561, -0.010796357973107296, -0.0033100546297472055, -0.0021127547460026985, -0.012058194131241762, -0.0038013755309896924, 0.002461168290088356, 0.013287405743936498, 0.0007381982292626876, -0.00439987223290117, -0.006160485542837879, 0.021226787160746996, -0.007745346291187727, 0.024363920794601812, 0.007002001388586532, 0.0045055061933962914, -0.011735893882442783, 0.009295773436326149, -0.025323164989386027, -0.008938318703983983, -0.024721789559577045, 0.03024483865692762, -0.006365797132967144]","[0.0, 0.0, 0.08167649805545807, 0.0, 0.0, 0.11793298274278641, 0.11722720414400101, 0.0, 0.0, 0.0, 0.0, 0.0, 0.11522167176008224, 0.0, 0.0, 0.0, 0.0, 0.0, 0.11793298274278641, 0.0, 0.0, 0.09114405512809753, 0.0, 0.07583069801330566, 0.07706255465745926, 0.08803834021091461, 0.0, 0.0, 0.0, 0.11793298274278641]","[-2.15597390285556e-22, 0.0, 0.0, -1.0485239854672458e-22, -4.862585505237178e-23, 0.0, 0.0, 0.0, 5.377714353543196e-24, 0.0, -1.0505620802773692e-22, -2.162151819210106e-22, 0.0, 0.0, 0.0, 5.336263269010881e-24, 0.0, 0.0, 0.0, 1.0, -2.1575479648444397e-22, 0.0, -2.153478566792734e-22, 0.0, 0.0, 0.0, 0.0, 0.0, 0.0, 0.0]","[0.0, 0.005735949821459743, 0.0, 0.0014909992121310348, 0.013032307295433317, 0.0, 0.0, 0.0, 0.01180538990414639, 0.010831232365906041, 0.0, 0.0, 0.0, 0.0, 0.0028634933110564115, 0.007680231891480971, 0.0, 0.0, 0.006793373594980911, 0.906931273791559, 0.002622825420309123, 0.0, 0.0, 0.020586475521482354, 0.002942312607825633, 0.0, 0.0, 0.0, 0.0066841352622287855, 0.0]","[0.0, 0.0, 0.08167649805545807, 0.0, 0.0, 0.11793298274278641, 0.11722720414400101, 0.0, 0.0, 0.0, 0.0, 0.0, 0.11522167176008224, 0.0, 0.0, 0.0, 0.0, 0.0, 0.11793298274278641, 0.0, 0.0, 0.09114405512809753, 0.0, 0.07583069801330566, 0.07706255465745926, 0.08803834021091461, 0.0, 0.0, 0.0, 0.11793298274278641]",0.0014955477314018406
97,1.0837306398797006,"[0.9998678487429699, 0.9885411962379621, 0.9918200804978703, 0.9955529703222846, 0.9874108923239143, 1.0267344825174638, 0.9988531567885386, 1.0184139240692056, 0.9892036420268927, 0.9966899453702528, 0.9978872452539973, 0.9879418058687582, 0.9961986244690103, 1.0024611682900884, 1.0132874057439365, 1.0007381982292627, 0.9956001277670988, 0.9938395144571621, 1.021226787160747, 0.9922546537088123, 1.0243639207946018, 1.0070020013885865, 1.0045055061933963, 0.9882641061175572, 1.0092957734363261, 0.974676835010614, 0.991061681296016, 0.975278210440423, 1.0302448386569276, 0.9936342028670329]","[1.006804224170308, 0.9782701107843405, 0.9950652160667448, 0.9835553688936204, 0.9798068383836909, 1.009893096052731, 0.9832936201472275, 1.0073892302109386, 0.9901541326170766, 0.985380609047289, 0.9878592412276463, 0.9903430027191159, 0.994807513903764, 1.0005795963334498, 1.001680099691854, 1.0136880031871671, 0.9969867042907854, 0.9872116358666111, 0.9882606552240152, 0.9934046525207466, 1.0271305559389128, 0.9923955621538204, 1.0158100807790351, 1.0033634040696937, 0.9997633002877641, 1.012590602616135, 1.0031268402682676, 1.0147886540383873, 1.0091682259415136, 0.995723061954305]","[0.006804224170307904, -0.021729889215659548, -0.0049347839332551935, -0.016444631106379615, -0.02019316161630913, 0.009893096052731032, -0.016706379852772457, 0.007389230210938624, -0.009845867382923368, -0.014619390952711031, -0.012140758772353655, -0.009656997280884094, -0.005192486096236015, 0.0005795963334498389, 0.001680099691854009, 0.01368800318716712, -0.003013295709214603, -0.012788364133388908, -0.011739344775984817, -0.006595347479253388, 0.02713055593891278, -0.00760443784617959, 0.01581008077903512, 0.0033634040696937095, -0.00023669971223594377, 0.012590602616135094, 0.0031268402682675944, 0.01478865403838725, 0.009168225941513564, -0.004276938045694956]","[0.0, 0.12150512635707855, 0.05151420086622238, 0.0, 0.0, 0.0, 0.08308020234107971, 0.0, 0.0, 0.0624818317592144, 0.0, 0.0, 0.09285153448581696, 0.0, 0.0, 0.12285491079092026, 0.12285491079092026, 0.0, 0.0, 0.0, 0.0, 0.0, 0.0, 0.0, 0.12285491079092026, 0.0, 0.0971473753452301, 0.0, 0.0, 0.12285491079092026]","[0.0, 0.0, 0.0, -1.0446203954083139e-22, 0.0, 0.0, 0.0, 0.0, 0.0, -5.057078625548671e-23, -1.0465592299461451e-22, -1.0485372264050953e-22, 0.0, 0.0, 0.0, 0.0, 0.0, -1.0377155802452385e-22, 0.0, 1.0, 0.0, -1.048237670897701e-22, -1.0380619830586761e-22, 0.0, 0.0, -1.0490789530275584e-22, -1.0395262356403641e-22, 0.0, 0.0, 0.0]","[0.0, 0.0, 0.008107185722159117, 0.00034348402695322954, 0.0, 0.011659295716269768, 0.009112922484999867, 0.0, 0.0, 0.0, 0.0070034609972530575, 0.006659530227641554, 0.0071465039915849776, 0.01082504608821688, 0.0, 0.002061049846148005, 0.0, 0.0021085471460205577, 0.0027402828449432, 0.9055502720599747, 0.0, 0.006200010557380335, 0.0024183699518408775, 0.0, 0.0, 0.012909823991612767, 0.0, 0.0, 0.0051542143470011395, 0.0]","[0.0, 0.12150513380765915, 0.05151420459151268, 0.0, 0.0, 0.0, 0.08308020979166031, 0.0, 0.0, 0.0624818354845047, 0.0, 0.0, 0.09285154193639755, 0.0, 0.0, 0.12285491824150085, 0.12285491824150085, 0.0, 0.0, 0.0, 0.0, 0.0, 0.0, 0.0, 0.12285491824150085, 0.0, 0.0971473827958107, 0.0, 0.0, 0.12285491824150085]",-0.0050648639370515286
98,1.0794707387306395,"[1.006804224170308, 0.9782701107843405, 0.9950652160667448, 0.9835553688936204, 0.9798068383836909, 1.009893096052731, 0.9832936201472275, 1.0073892302109386, 0.9901541326170766, 0.985380609047289, 0.9878592412276463, 0.9903430027191159, 0.994807513903764, 1.0005795963334498, 1.001680099691854, 1.0136880031871671, 0.9969867042907854, 0.9872116358666111, 0.9882606552240152, 0.9934046525207466, 1.0271305559389128, 0.9923955621538204, 1.0158100807790351, 1.0033634040696937, 0.9997633002877641, 1.012590602616135, 1.0031268402682676, 1.0147886540383873, 1.0091682259415136, 0.995723061954305]","[0.9935933999515604, 0.9902563491569166, 1.0126240915930815, 0.9988076832813146, 0.985355757486893, 0.9863968510594601, 1.0026508002555812, 1.0003869472280846, 0.9877437485735865, 0.9719377797339706, 0.9935197140195846, 1.005496812982095, 0.9756563768546728, 1.014619989198738, 0.9863583882927989, 0.9938461118340077, 1.0045214275476508, 1.00858616535536, 0.9995230332742241, 0.9860626592593098, 1.0112933295353088, 0.9962654296359519, 1.0023359698722714, 1.0044755658403888, 1.030914217759419, 1.0016730730502386, 1.014925360530998, 0.9975182913324723, 0.9734663324796765, 0.9887201317336102]","[-0.006406600048439626, -0.009743650843083373, 0.012624091593081532, -0.00119231671868536, -0.01464424251310703, -0.013603148940539933, 0.002650800255581176, 0.0003869472280846331, -0.012256251426413511, -0.028062220266029447, -0.00648028598041539, 0.005496812982094923, -0.02434362314532723, 0.01461998919873797, -0.013641611707201129, -0.006153888165992272, 0.004521427547650836, 0.008586165355360054, -0.00047696672577590693, -0.013937340740690196, 0.011293329535308816, -0.0037345703640481176, 0.0023359698722713595, 0.004475565840388773, 0.03091421775941905, 0.0016730730502385605, 0.014925360530998022, -0.0024817086675277267, -0.02653366752032349, -0.011279868266389825]","[0.10074537992477417, 0.09329156577587128, 0.0, 0.10074537992477417, 0.10074537992477417, 0.10074537992477417, 0.0, 0.10074537992477417, 0.0, 0.0, 0.0, 0.0, 0.0, 0.0, 0.0, 0.0, 0.0, 0.10074537992477417, 0.10074537992477417, 0.10074537992477417, 0.10074537992477417, 0.0, 0.0, 0.0, 0.0, 0.0, 0.0, 0.0, 0.0, 0.0]","[0.0, 0.0, 0.0, 2.1083047037431956e-22, 0.0, 0.0, 0.0, 0.0, 6.71011710548296e-23, 0.0, 0.0, -7.166399263716211e-24, 7.743241886548291e-23, 0.0, 0.0, 0.0, 0.0, 2.992937038115568e-23, -7.045611570506972e-24, 0.5591445527895886, 0.0, -2.068105394542123e-23, 0.0, 0.0, 0.0, 1.7678393918698602e-23, 0.0, 0.0, 0.0, 0.4408554472104113]","[0.007721749695536367, 0.0, 0.0038839988075466767, 0.0, 0.014951444412993453, 0.006222323112525485, 0.0009798310697736816, 0.02388351161915812, 0.0, 0.0022147579384084602, 0.0, 0.004009456925695524, 0.009496059146082434, 0.001184653293214425, 0.0037193062209877185, 0.0, 0.007014627979649121, 0.0, 0.008733595480584914, 0.491515820275385, 0.0, 0.004342048287608985, 0.0, 0.008336649149510444, 0.0057118014993151655, 0.0, 0.0, 0.0, 0.002413031673615174, 0.39366533341240895]","[0.10074537992477417, 0.09329156577587128, 0.0, 0.10074537992477417, 0.10074537992477417, 0.10074537992477417, 0.0, 0.10074537992477417, 0.0, 0.0, 0.0, 0.0, 0.0, 0.0, 0.0, 0.0, 0.0, 0.10074537992477417, 0.10074537992477417, 0.10074537992477417, 0.10074537992477417, 0.0, 0.0, 0.0, 0.0, 0.0, 0.0, 0.0, 0.0, 0.0]",-0.00437854536342344
99,1.085696830898644,"[0.9935933999515604, 0.9902563491569166, 1.0126240915930815, 0.9988076832813146, 0.985355757486893, 0.9863968510594601, 1.0026508002555812, 1.0003869472280846, 0.9877437485735865, 0.9719377797339706, 0.9935197140195846, 1.005496812982095, 0.9756563768546728, 1.014619989198738, 0.9863583882927989, 0.9938461118340077, 1.0045214275476508, 1.00858616535536, 0.9995230332742241, 0.9860626592593098, 1.0112933295353088, 0.9962654296359519, 1.0023359698722714, 1.0044755658403888, 1.030914217759419, 1.0016730730502386, 1.014925360530998, 0.9975182913324723, 0.9734663324796765, 0.9887201317336102]","[1.0130633553178607, 1.0044810661650982, 0.99664801092202, 0.9908553059143265, 1.0091319652704636, 1.0305107213461704, 1.012565457031806, 0.9945492254464651, 1.005383837910022, 1.0019159559389388, 1.0111826373525468, 0.9925033860374106, 1.007722569960988, 0.995869747125008, 1.01207380886064, 0.9840131029904022, 0.9915167230286, 1.0228188944250627, 1.0024905940844229, 0.9828933770246017, 1.0040199730058275, 1.026616446632902, 1.0217467821330115, 1.0271096540015834, 1.003682314414693, 1.0181557160748107, 0.989450633506971, 1.007109302656277, 1.0148742975914549, 1.019245377588763]","[0.013063355317860736, 0.004481066165098246, -0.0033519890779799555, -0.009144694085673533, 0.00913196527046356, 0.03051072134617039, 0.012565457031805893, -0.005450774553534932, 0.005383837910021949, 0.0019159559389387848, 0.011182637352546765, -0.007496613962589382, 0.007722569960987968, -0.004130252874992024, 0.012073808860640023, -0.015986897009597767, -0.008483276971399945, 0.022818894425062686, 0.0024905940844228702, -0.017106622975398333, 0.00401997300582746, 0.02661644663290197, 0.02174678213301151, 0.027109654001583383, 0.003682314414692911, 0.0181557160748107, -0.010549366493028955, 0.007109302656276961, 0.014874297591454866, 0.019245377588763102]","[0.0, 0.0, 0.0, 0.0, 0.16646048426628113, 0.0, 0.0, 0.0, 0.16646048426628113, 0.0, 0.0, 0.0, 0.16646048426628113, 0.0, 0.0, 0.16646048426628113, 0.0, 0.0, 0.0, 0.0, 0.16646048426628113, 0.08889102190732956, 0.03117484413087368, 0.016666745766997337, 0.0, 0.03096495196223259, 0.0, 0.0, 0.0, 0.0]","[0.0, 0.0, 1.7930848250435304e-22, 0.0, 1.2443755059534904e-22, 0.0, 0.0, 0.0, 0.0, 1.2381123513600575e-22, 0.0, 0.0, 0.0, 0.0, 1.2251357592899708e-22, 2.3240996711511597e-22, 2.3460360412284555e-22, 0.0, 0.0, 0.0, 3.5283201288243725e-22, 2.3310865848559045e-22, 0.0, 0.0, 0.0, 0.0, 0.0, 1.246992021312713e-22, 0.0, 1.0]","[0.008775351820039754, 0.0, 0.0, 0.0, 0.0033318547403300776, 0.014210251122126443, 0.0, 0.004754458108646211, 0.0, 0.010742334850302302, 0.0, 0.0, 0.0, 0.0, 0.0, 0.0, 0.0, 0.0, 0.00976885993878493, 0.0, 0.013446031632395647, 0.009788281585397208, 0.0023569866738136318, 0.0, 0.002708959903281626, 0.00413478598588105, 0.000935665202500924, 0.0, 0.012243281391455906, 0.9028028970450444]","[0.0, 0.0, 0.0, 0.0, 0.16646048426628113, 0.0, 0.0, 0.0, 0.16646048426628113, 0.0, 0.0, 0.0, 0.16646048426628113, 0.0, 0.0, 0.16646048426628113, 0.0, 0.0, 0.0, 0.0, 0.16646048426628113, 0.08889102190732956, 0.03117484413087368, 0.016666745766997337, 0.0, 0.03096495196223259, 0.0, 0.0, 0.0, 0.0]",0.005310430898115601
