step,portfolio_value,prev_prices,curr_prices,returns,action,expert_action,sub_expert_action,real_action,reward
1,0.9947795093362921,"[1.0027619293982752, 1.0030706023912495, 0.9996049862015116, 0.9870656883097747, 0.9916039339592356, 0.9983606423267587, 0.9872319898409471, 0.9833785674739847, 1.0135610049252066, 0.9650087855424652, 1.0050047724200106, 1.0270676569222448, 0.984289366096269, 1.0166893583383076, 0.9972245344386831, 0.9898084189363611, 1.0085620123711188, 1.015961373014469, 1.0082989239846452, 1.0043543372353256, 0.9910178457602803, 1.014911059383737, 1.0079104948597766, 1.0057713794702363, 0.9876687617099429, 0.9982613167394823, 1.0100604541078906, 1.0322716740843703, 1.0061393315589242, 1.0198690538048352]","[0.9861274638843734, 0.9972218684946864, 0.9978276192058141, 0.9891203208404348, 0.973310538041844, 1.0122603203420897, 0.9931270318987659, 0.9847197737050399, 1.0090603642022646, 1.0006928341127268, 1.0023752260640841, 0.9625578393496163, 1.003207596259977, 0.9973085299917029, 1.009055017941134, 0.9920251258171318, 1.0180930464316484, 1.001653248105517, 1.0041647836225798, 1.0072942405639522, 0.9974903567491687, 0.9817309907269283, 1.0129830998579559, 1.0219287757487538, 1.0008936383318834, 1.0118930658237115, 0.9798493146526427, 0.9807785694165668, 0.9922127249993685, 0.9916713480982526]","[-0.013872536115626555, -0.0027781315053135858, -0.002172380794185913, -0.010879679159565225, -0.026689461958156024, 0.012260320342089681, -0.006872968101234056, -0.015280226294960064, 0.009060364202264637, 0.0006928341127268034, 0.002375226064084135, -0.03744216065038375, 0.003207596259976908, -0.002691470008297059, 0.009055017941133947, -0.007974874182868241, 0.01809304643164844, 0.0016532481055169246, 0.004164783622579771, 0.007294240563952226, -0.0025096432508312505, -0.018269009273071735, 0.012983099857955871, 0.021928775748753848, 0.000893638331883384, 0.011893065823711524, -0.02015068534735731, -0.019221430583433174, -0.007787275000631477, -0.008328651901747364]","[0.0, 0.0, 0.05903064087033272, 0.0, 0.11693815141916275, 0.0, 0.06982239335775375, 0.0, 0.0, 0.11693815141916275, 0.06854752451181412, 0.0, 0.11693815141916275, 0.1009705513715744, 0.0, 0.0, 0.0, 0.11693815141916275, 0.0, 0.0, 0.0, 0.11693815141916275, 0.0, 0.0, 0.11693815141916275, 0.0, 0.0, 0.0, 0.0, 0.0]","[0.0, 0.1, 0.1, 0.1, 0.1, 0.1, 0.1, 0.1, 0.1, 0.0, 0.0, 0.0, 0.0, 0.0, 0.0, 0.0, 0.0, 0.0, 0.0, 0.0, 0.0, 0.0, 0.0, 0.0, 0.0, 0.0, 0.0, 0.0, 0.1, 0.1]","[0.007973368924807498, 0.08569220466383601, 0.09139528090820315, 0.10183649094555512, 0.10110496436406978, 0.09646376478339731, 0.08899268237526307, 0.09263716182315959, 0.0758966696180901, 0.0038751659350402725, 0.0, 0.005855068901529419, 0.005900023091852598, 0.004914748740267956, 0.0, 0.006065526896803485, 0.006089427307584567, 0.0, 0.0029558918204810906, 0.0, 0.0, 0.009419822368345042, 0.004350294175807988, 0.0, 0.0, 0.004589882210420596, 0.0025017072044148927, 0.017252356154969676, 0.0850615290313211, 0.09917596775477959]","[0.0, 0.0, 0.05903064087033272, 0.0, 0.11693815141916275, 0.0, 0.06982239335775375, 0.0, 0.0, 0.11693815141916275, 0.06854752451181412, 0.0, 0.11693815141916275, 0.1009705513715744, 0.0, 0.0, 0.0, 0.11693815141916275, 0.0, 0.0, 0.0, 0.11693815141916275, 0.0, 0.0, 0.11693815141916275, 0.0, 0.0, 0.0, 0.0, 0.0]",-0.0052341463129465665
2,0.9931718656486056,"[0.9861274638843734, 0.9972218684946864, 0.9978276192058141, 0.9891203208404348, 0.973310538041844, 1.0122603203420897, 0.9931270318987659, 0.9847197737050399, 1.0090603642022646, 1.0006928341127268, 1.0023752260640841, 0.9625578393496163, 1.003207596259977, 0.9973085299917029, 1.009055017941134, 0.9920251258171318, 1.0180930464316484, 1.001653248105517, 1.0041647836225798, 1.0072942405639522, 0.9974903567491687, 0.9817309907269283, 1.0129830998579559, 1.0219287757487538, 1.0008936383318834, 1.0118930658237115, 0.9798493146526427, 0.9807785694165668, 0.9922127249993685, 0.9916713480982526]","[1.0150005518786962, 0.9981714878277013, 1.0117961341299018, 1.0156906159264345, 1.0025430577247436, 1.0101197396991897, 0.9933376489460749, 0.9711376894976546, 1.0142497351209883, 0.9934893076993728, 1.0020864608008815, 0.9931819403661388, 1.0051261996198482, 1.0152657138773584, 1.0015416280568836, 1.0018878234676198, 0.9883170137041892, 1.002943708749791, 1.0087628695261524, 1.0041650285556687, 0.9791720870546952, 1.0049963643405702, 0.9874516647403769, 1.0093355651578366, 1.00789576271382, 0.9925579362827709, 0.9882168195846506, 1.0058210164514305, 0.9953740315238238, 0.9906387180776465]","[0.0150005518786962, -0.0018285121722987352, 0.01179613412990177, 0.015690615926434504, 0.0025430577247436137, 0.010119739699189667, -0.006662351053925097, -0.028862310502345445, 0.01424973512098826, -0.006510692300627174, 0.0020864608008814844, -0.006818059633861173, 0.005126199619848171, 0.015265713877358422, 0.001541628056883626, 0.0018878234676198424, -0.011682986295810771, 0.0029437087497909964, 0.00876286952615235, 0.004165028555668693, -0.02082791294530484, 0.0049963643405701585, -0.012548335259623067, 0.009335565157836623, 0.007895762713820087, -0.007442063717229108, -0.011783180415349426, 0.005821016451430516, -0.004625968476176245, -0.009361281922353526]","[0.0, 0.0, 0.0, 0.10563813894987106, 0.0, 0.0, 0.0, 0.09946265071630478, 0.0, 0.0, 0.10563813894987106, 0.0, 0.07631822675466537, 0.10563813894987106, 0.0, 0.0, 0.0, 0.10563813894987106, 0.0, 0.10563813894987106, 0.0965530052781105, 0.0, 0.0, 0.0, 0.0, 0.0, 0.0, 0.0, 0.10563813894987106, 0.09383732825517654]","[0.0, 0.1, 0.1, 0.1, 0.1, 0.1, 0.1, 0.1, 0.1, 0.0, 0.0, 0.0, 0.0, 0.0, 0.0, 0.0, 0.0, 0.0, 0.0, 0.0, 0.0, 0.0, 0.0, 0.0, 0.0, 0.0, 0.0, 0.0, 0.1, 0.1]","[0.003996534395559119, 0.09645760475864087, 0.0937498153483125, 0.07716336261946506, 0.09021842577852941, 0.08277677178486897, 0.08870163507802208, 0.08307468694037795, 0.08559017198891825, 0.0, 0.009505367242166517, 0.010123477802288257, 0.0, 0.0189906994754987, 0.0005772896624382301, 0.0, 0.008846282495288344, 0.0, 0.0006117259794174453, 0.009566928769197125, 0.0016977091815478691, 0.012958523522003332, 0.014358596854294612, 0.0006749871936973408, 0.0, 0.005330660155301167, 0.01657714998483579, 0.004554654821199656, 0.09498599674332303, 0.08891094142480842]","[0.0, 0.0, 0.0, 0.10563812404870987, 0.0, 0.0, 0.0, 0.09946263581514359, 0.0, 0.0, 0.10563812404870987, 0.0, 0.07631821930408478, 0.10563812404870987, 0.0, 0.0, 0.0, 0.10563812404870987, 0.0, 0.10563812404870987, 0.09655299037694931, 0.0, 0.0, 0.0, 0.0, 0.0, 0.0, 0.0, 0.10563812404870987, 0.09383731335401535]",-0.0016174847013531398
3,0.9927424273799086,"[1.0150005518786962, 0.9981714878277013, 1.0117961341299018, 1.0156906159264345, 1.0025430577247436, 1.0101197396991897, 0.9933376489460749, 0.9711376894976546, 1.0142497351209883, 0.9934893076993728, 1.0020864608008815, 0.9931819403661388, 1.0051261996198482, 1.0152657138773584, 1.0015416280568836, 1.0018878234676198, 0.9883170137041892, 1.002943708749791, 1.0087628695261524, 1.0041650285556687, 0.9791720870546952, 1.0049963643405702, 0.9874516647403769, 1.0093355651578366, 1.00789576271382, 0.9925579362827709, 0.9882168195846506, 1.0058210164514305, 0.9953740315238238, 0.9906387180776465]","[1.0070087102477154, 1.0050205909662389, 0.99369282290361, 1.0030045383373403, 0.9985991819565255, 1.0101081507912242, 1.0107815758750112, 0.9901125763938645, 0.9838277524186214, 1.0083200354548285, 1.0049952582117287, 0.998828123772975, 0.9746882610552922, 0.9927809423732564, 1.0109899438638437, 1.008911697252171, 1.0062712458509024, 0.9812504216286954, 1.0034492809966014, 1.0188411378982367, 1.0147907791811217, 1.0101486829714372, 0.9983823683910035, 0.9998241532957781, 0.9960436254369613, 1.0258090829102002, 0.9967325602851193, 0.9995472850377252, 0.9944780397192411, 1.0114384061374344]","[0.007008710247715433, 0.005020590966238858, -0.006307177096389949, 0.003004538337340268, -0.0014008180434744721, 0.01010815079122418, 0.010781575875011162, -0.009887423606135481, -0.016172247581378585, 0.008320035454828512, 0.004995258211728748, -0.0011718762270249705, -0.02531173894470784, -0.007219057626743575, 0.010989943863843665, 0.008911697252171003, 0.0062712458509024405, -0.018749578371304643, 0.003449280996601356, 0.018841137898236715, 0.014790779181121705, 0.010148682971437228, -0.0016176316089965281, -0.00017584670422188253, -0.003956374563038656, 0.02580908291020023, -0.003267439714880749, -0.0004527149622748361, -0.0055219602807589085, 0.01143840613743441]","[0.0, 0.1756235510110855, 0.1756235510110855, 0.0, 0.0, 0.023499134927988052, 0.05299902334809303, 0.10208944231271744, 0.1548713743686676, 0.0, 0.0, 0.0, 0.0, 0.0, 0.0, 0.014313244260847569, 0.1756235510110855, 0.0, 0.0, 0.0, 0.0, 0.12519724667072296, 0.0, 0.0, 0.0, 0.0, 0.0, 0.0, 0.00015986959624569863, 0.0]","[0.0, 0.0, 1.1337979432056598e-22, 2.2551409190930125e-22, 1.1472671345684462e-22, 0.0, 0.0, 0.0, 1.1260511050922183e-22, 0.0, 0.0, 3.3689411751191875e-22, 0.0, 1.1373175789156174e-22, 0.0, 0.0, 0.0, 0.0, 1.125529372673251e-22, 0.0, 0.0, 1.142001638895744e-22, 0.0, 1.0, 0.0, 0.0, 0.0, 1.1435697469569417e-22, 0.0, 0.0]","[0.0036527398892192055, 0.0, 0.0022713367081385587, 0.0, 0.0, 0.0092308725085811, 0.0, 0.001591077664449339, 0.0, 0.008885899651291485, 0.0, 0.006074031199543092, 0.0, 0.0011752014014983743, 0.0, 0.0, 0.0, 0.0053917914254711635, 0.0, 0.0, 0.0, 0.00312735334540091, 0.003625163893247238, 0.9215856566731616, 0.019594652217645735, 0.0, 0.008956425329531014, 0.0, 0.004837798092821201, 0.0]","[0.0, 0.1756235659122467, 0.1756235659122467, 0.0, 0.0, 0.0234991367906332, 0.05299902707338333, 0.10208944976329803, 0.1548713892698288, 0.0, 0.0, 0.0, 0.0, 0.0, 0.0, 0.014313245192170143, 0.1756235659122467, 0.0, 0.0, 0.0, 0.0, 0.12519726157188416, 0.0, 0.0, 0.0, 0.0, 0.0, 0.0, 0.00015986961079761386, 0.0]",-0.0004412610957301994
4,0.9831451476191907,"[1.0070087102477154, 1.0050205909662389, 0.99369282290361, 1.0030045383373403, 0.9985991819565255, 1.0101081507912242, 1.0107815758750112, 0.9901125763938645, 0.9838277524186214, 1.0083200354548285, 1.0049952582117287, 0.998828123772975, 0.9746882610552922, 0.9927809423732564, 1.0109899438638437, 1.008911697252171, 1.0062712458509024, 0.9812504216286954, 1.0034492809966014, 1.0188411378982367, 1.0147907791811217, 1.0101486829714372, 0.9983823683910035, 0.9998241532957781, 0.9960436254369613, 1.0258090829102002, 0.9967325602851193, 0.9995472850377252, 0.9944780397192411, 1.0114384061374344]","[0.9983425154157196, 0.9843276713916059, 0.9959144918677256, 1.0076727845039657, 0.9844667236258744, 0.9852658415176557, 1.0360922679020785, 1.0110605569665527, 0.9657640800931785, 1.0068114675024222, 1.0064028213358958, 0.995304942693926, 0.9942843829726635, 1.017443584430007, 0.9913696960539085, 0.9828318372121436, 1.019263664963658, 0.9770880411518975, 0.9839664088234026, 0.9858262463010524, 0.992314101129615, 0.979215145474613, 0.981808495791222, 0.9890481308698137, 1.0238116805479858, 0.9984392449107219, 0.9862609070316253, 1.0021606260390132, 1.0092154191325358, 0.9985112697178689]","[-0.0016574845842803887, -0.01567232860839407, -0.004085508132274374, 0.0076727845039656906, -0.015533276374125604, -0.014734158482344273, 0.036092267902078534, 0.011060556966552726, -0.03423591990682151, 0.00681146750242223, 0.006402821335895759, -0.004695057306074002, -0.005715617027336473, 0.01744358443000693, -0.008630303946091544, -0.017168162787856378, 0.019263664963657945, -0.022911958848102487, -0.016033591176597417, -0.014173753698947578, -0.007685898870384955, -0.02078485452538703, -0.01819150420877802, -0.01095186913018631, 0.02381168054798577, -0.0015607550892781097, -0.013739092968374722, 0.002160626039013236, 0.009215419132535763, -0.0014887302821311454]","[0.0, 0.0, 0.0, 0.06856805831193924, 0.0, 0.16403844952583313, 0.0, 0.07036633044481277, 0.0, 0.0, 0.0, 0.03468538075685501, 0.0, 0.0, 0.11434788256883621, 0.0035236140247434378, 0.0, 0.16342109441757202, 0.0, 0.16403844952583313, 0.0, 0.0, 0.0, 0.0, 0.0, 0.14010100066661835, 0.07690980285406113, 0.0, 0.0, 0.0]","[0.0, 0.0, 0.0, 5.57859095139903e-23, 0.0, 1.0, 0.0, 0.0, 0.0, 0.0, 5.557032688485768e-23, 5.015357647973225e-25, 0.0, 0.0, 0.0, 0.0, 5.531416186420527e-23, 0.0, 5.555898772425032e-23, 0.0, 0.0, 3.97707830708029e-25, 1.1081657874899807e-22, 0.0, 0.0, 1.3965145798012278e-23, 0.0, 0.0, 2.221145624815905e-22, 0.0]","[0.0, 0.0, 0.0, 0.007271436914077495, 0.0, 0.8844330284778945, 0.004214949387461041, 0.009227868039631059, 0.00567626709452613, 0.0, 0.00899892707998227, 0.0025816482750900516, 0.0, 0.0, 0.0, 0.004901472918916792, 0.0, 0.004384928125760344, 0.0025633319316514798, 0.010213862899247061, 0.0, 0.015429838512665425, 0.0, 0.004402942775598853, 0.0018778988453645616, 0.012516925291173063, 0.0023994966508082776, 0.0030770572646451567, 0.0, 0.015828119515506285]","[0.0, 0.0, 0.0, 0.06856805086135864, 0.0, 0.16403843462467194, 0.0, 0.07036632299423218, 0.0, 0.0, 0.0, 0.03468537703156471, 0.0, 0.0, 0.11434786766767502, 0.0035236135590821505, 0.0, 0.16342107951641083, 0.0, 0.16403843462467194, 0.0, 0.0, 0.0, 0.0, 0.0, 0.14010098576545715, 0.07690979540348053, 0.0, 0.0, 0.0]",-0.009964543287819235
5,0.9833141495130912,"[0.9983425154157196, 0.9843276713916059, 0.9959144918677256, 1.0076727845039657, 0.9844667236258744, 0.9852658415176557, 1.0360922679020785, 1.0110605569665527, 0.9657640800931785, 1.0068114675024222, 1.0064028213358958, 0.995304942693926, 0.9942843829726635, 1.017443584430007, 0.9913696960539085, 0.9828318372121436, 1.019263664963658, 0.9770880411518975, 0.9839664088234026, 0.9858262463010524, 0.992314101129615, 0.979215145474613, 0.981808495791222, 0.9890481308698137, 1.0238116805479858, 0.9984392449107219, 0.9862609070316253, 1.0021606260390132, 1.0092154191325358, 0.9985112697178689]","[0.9876920698020143, 1.0025316250285057, 0.9922770070345454, 0.9799088530914297, 1.0016471457636271, 1.0187766200910557, 1.0088207771021824, 0.9926618112918556, 1.0006001389746983, 0.9936444442164775, 0.9934968727668673, 1.004798944241137, 0.9987052891071949, 0.9805950125018463, 1.0039926503775596, 1.0162917821437072, 0.9953815207126777, 1.007043016140532, 0.9994812220248118, 1.0098746581116924, 1.0099112789407518, 1.0010041008914177, 1.0064697195365402, 1.0112602983201684, 1.0028091445555778, 1.0044113196854338, 0.994562123223324, 0.9993098619756641, 0.9993080885752028, 1.0000923614386392]","[-0.012307930197985706, 0.0025316250285056796, -0.007722992965454645, -0.02009114690857028, 0.0016471457636271225, 0.01877662009105574, 0.008820777102182431, -0.0073381887081444, 0.0006001389746983499, -0.006355555783522537, -0.006503127233132733, 0.004798944241136915, -0.0012947108928050843, -0.01940498749815367, 0.003992650377559581, 0.01629178214370719, -0.004618479287322286, 0.0070430161405319325, -0.0005187779751881783, 0.009874658111692414, 0.009911278940751833, 0.0010041008914176697, 0.006469719536540186, 0.011260298320168394, 0.0028091445555777916, 0.0044113196854338455, -0.005437876776675954, -0.000690138024335929, -0.0006919114247971869, 9.23614386392213e-05]","[0.0, 0.0, 0.05684046447277069, 0.0, 0.0, 0.0, 0.0, 0.0, 0.0, 0.07172001898288727, 0.0, 0.0, 0.0, 0.11678826063871384, 0.11678826063871384, 0.0, 0.11678826063871384, 0.08126833289861679, 0.0, 0.0, 0.08967997133731842, 0.11678826063871384, 0.0, 0.11654998362064362, 0.0, 0.11678826063871384, 0.0, 0.0, 0.0, 0.0]","[0.0, 0.0, 0.0, 0.0, 0.0, 0.0, 1.0, 2.2326029143855896e-22, 0.0, 0.0, 6.062320282835743e-23, 4.47639797689046e-22, 2.2900651668817214e-22, 0.0, 0.0, 0.0, 0.0, 0.0, 1.1968161846573504e-22, 0.0, 1.1606882207001945e-22, 0.0, 0.0, 0.0, 8.640099247611051e-23, 0.0, 2.274695984707781e-22, 0.0, 0.0, 1.1571991851204546e-22]","[0.006415522263375715, 0.0, 0.0, 0.010645001494115524, 0.0009144029865348105, 0.015767991479545326, 0.8913670877081196, 0.0, 0.012998962491241687, 0.0, 0.0018638126433628357, 0.0, 0.008155883757929942, 0.0037892108532463155, 0.0, 0.00966208048150049, 0.0, 2.320811865523169e-05, 0.009730654742735273, 0.0, 0.0, 0.00924211786822617, 0.0, 0.0, 0.0, 0.0, 0.0, 0.016576495426123404, 0.002847567685287649, 0.0]","[0.0, 0.0, 0.05684046447277069, 0.0, 0.0, 0.0, 0.0, 0.0, 0.0, 0.07172001898288727, 0.0, 0.0, 0.0, 0.11678826063871384, 0.11678826063871384, 0.0, 0.11678826063871384, 0.08126833289861679, 0.0, 0.0, 0.08967997133731842, 0.11678826063871384, 0.0, 0.11654998362064362, 0.0, 0.11678826063871384, 0.0, 0.0, 0.0, 0.0]",-0.00016536300050975578
6,0.9846653637024435,"[0.9876920698020143, 1.0025316250285057, 0.9922770070345454, 0.9799088530914297, 1.0016471457636271, 1.0187766200910557, 1.0088207771021824, 0.9926618112918556, 1.0006001389746983, 0.9936444442164775, 0.9934968727668673, 1.004798944241137, 0.9987052891071949, 0.9805950125018463, 1.0039926503775596, 1.0162917821437072, 0.9953815207126777, 1.007043016140532, 0.9994812220248118, 1.0098746581116924, 1.0099112789407518, 1.0010041008914177, 1.0064697195365402, 1.0112602983201684, 1.0028091445555778, 1.0044113196854338, 0.994562123223324, 0.9993098619756641, 0.9993080885752028, 1.0000923614386392]","[1.0083171367492834, 0.9965268899572945, 1.0031947731390973, 1.0171257570381693, 0.9946405954516921, 0.9983720367546839, 0.9732684904592172, 0.9898683930395571, 1.0139598438300639, 0.9977834312599573, 1.0014179392022797, 0.9870661305750137, 0.9911969688827114, 1.0093540711214897, 0.9890268441458113, 1.006997732584846, 1.0050504996364658, 0.9875579426952242, 0.9888883297571234, 1.0179010260376034, 1.0033942528437099, 0.9951337223083198, 0.9967381571410809, 0.9951794466990331, 1.0133748077951368, 0.9921343102544153, 1.008558613539294, 1.0016921340916072, 0.9896568642131977, 1.0112471207959]","[0.00831713674928336, -0.0034731100427054518, 0.003194773139097329, 0.01712575703816932, -0.005359404548307856, -0.0016279632453161108, -0.02673150954078285, -0.010131606960442907, 0.013959843830063878, -0.0022165687400427236, 0.0014179392022797277, -0.01293386942498631, -0.00880303111728864, 0.009354071121489671, -0.010973155854188676, 0.006997732584846039, 0.005050499636465755, -0.012442057304775767, -0.011111670242876626, 0.01790102603760335, 0.0033942528437098662, -0.004866277691680243, -0.0032618428589190618, -0.004820553300966868, 0.013374807795136778, -0.007865689745584659, 0.008558613539294102, 0.001692134091607178, -0.010343135786802349, 0.011247120795899956]","[0.0, 0.10654953122138977, 0.0, 0.10654953122138977, 0.10654953122138977, 0.0, 0.0, 0.0, 0.0, 0.08675618469715118, 0.0, 0.10654953122138977, 0.0, 0.0, 0.0, 0.10654953122138977, 0.10654953122138977, 0.0, 0.0, 0.0, 0.0, 0.0, 0.0, 0.0, 0.10654953122138977, 0.09742498397827148, 0.0, 0.06997206807136536, 0.0, 0.0]","[0.0, 0.0, 0.0, 0.0, 0.0, 4.680940704638059e-22, 1.0, 5.564915713820253e-22, 3.461616612165711e-22, 0.0, 0.0, 0.0, 5.629149080156343e-22, 0.0, 0.0, 0.0, 5.588580482824749e-22, 5.651801275191507e-22, 0.0, 3.977788264484581e-22, 0.0, 0.0, 0.0, 7.595559393267972e-22, 0.0, 0.0, 0.0, 4.492386093352551e-22, 0.0, 0.0]","[0.005621975227519666, 0.0, 0.0, 0.0, 0.0, 8.165180347640654e-05, 0.8738980695857461, 0.017032862090589383, 0.0035980837738745363, 0.010256541564516055, 0.005487082853171825, 0.0, 0.007787860771262842, 0.00704302441371689, 0.0, 0.0, 0.012361435485068045, 0.007513486554835348, 0.009772371421106619, 0.0, 0.0, 0.0, 0.0036264875425383192, 0.0, 0.0, 0.021613520656831822, 0.0005987503972493078, 0.0, 0.011345463124930647, 0.002361332733566001]","[0.0, 0.10654954612255096, 0.0, 0.10654954612255096, 0.10654954612255096, 0.0, 0.0, 0.0, 0.0, 0.08675619214773178, 0.0, 0.10654954612255096, 0.0, 0.0, 0.0, 0.10654954612255096, 0.10654954612255096, 0.0, 0.0, 0.0, 0.0, 0.0, 0.0, 0.0, 0.10654954612255096, 0.09742499887943268, 0.0, 0.06997207552194595, 0.0, 0.0]",0.0009808589178059114
7,0.9899989594140433,"[1.0083171367492834, 0.9965268899572945, 1.0031947731390973, 1.0171257570381693, 0.9946405954516921, 0.9983720367546839, 0.9732684904592172, 0.9898683930395571, 1.0139598438300639, 0.9977834312599573, 1.0014179392022797, 0.9870661305750137, 0.9911969688827114, 1.0093540711214897, 0.9890268441458113, 1.006997732584846, 1.0050504996364658, 0.9875579426952242, 0.9888883297571234, 1.0179010260376034, 1.0033942528437099, 0.9951337223083198, 0.9967381571410809, 0.9951794466990331, 1.0133748077951368, 0.9921343102544153, 1.008558613539294, 1.0016921340916072, 0.9896568642131977, 1.0112471207959]","[1.0082079944561015, 1.0125689804731628, 1.005413799070051, 0.9855094630666601, 0.9870480467762266, 0.9875207601121724, 0.9989044189712202, 1.0118406216967077, 1.0060794104206785, 1.018216072299109, 1.0200475492182137, 0.9950489112973113, 1.011946456732088, 1.0153281552116962, 0.9729092366045098, 1.0217608787319288, 1.001745569667024, 1.0041196856914092, 1.00390553947583, 0.9904301621934621, 1.030470070130205, 0.9873999064552852, 0.9851539395495397, 1.0087924142711444, 0.9916531756184985, 1.0091659065881438, 0.9839055080586316, 0.9814587118238624, 0.9975229735151269, 0.9981887848005252]","[0.008207994456101542, 0.012568980473162794, 0.0054137990700509064, -0.014490536933339904, -0.012951953223773405, -0.01247923988782762, -0.001095581028779824, 0.011840621696707743, 0.006079410420678499, 0.018216072299108932, 0.020047549218213723, -0.004951088702688677, 0.01194645673208794, 0.01532815521169617, -0.027090763395490214, 0.02176087873192878, 0.001745569667024105, 0.004119685691409192, 0.0039055394758300555, -0.009569837806537862, 0.030470070130204974, -0.012600093544714808, -0.01484606045046033, 0.008792414271144411, -0.008346824381501472, 0.009165906588143757, -0.01609449194136836, -0.01854128817613765, -0.002477026484873135, -0.0018112151994748027]","[0.0, 0.12583164870738983, 0.0, 0.1203216090798378, 0.0, 0.0, 0.0, 0.0, 0.06602227687835693, 0.0, 0.0, 0.0, 0.057327479124069214, 0.07017701864242554, 0.0, 0.13688971102237701, 0.0, 0.12316258251667023, 0.0, 0.0, 0.0, 0.0, 0.11556864529848099, 0.12514276802539825, 0.0, 0.05955623462796211, 0.0, 0.0, 0.0, 0.0]","[0.0, 4.4772027583646015e-22, 0.0, 0.0, 0.0, 3.930233613337442e-22, 0.0, 0.0, 0.0, 0.0, 0.0, 4.462143971756229e-22, 4.455682530996182e-22, 0.0, 3.3692457958223355e-22, 0.0, 4.730365368988318e-22, 0.0, 3.3688974635044275e-22, 0.0, 0.0, 0.0, 0.0, 4.478047426371746e-22, 1.0, 3.3716706526483284e-22, 0.0, 0.0, 0.0, 0.0]","[0.004804359234783704, 0.002639222380687712, 0.01676847315029442, 0.0, 0.00970486691006425, 0.004466985110646974, 0.0, 0.010799253561800993, 0.0, 0.02162464532718945, 0.0, 0.0053848394085603555, 0.007167199124456591, 0.010619148917251138, 0.0067725136262346795, 1.309213278695588e-05, 0.0, 0.0, 0.0033276113242626977, 0.0, 0.0012917758586052778, 0.0, 0.010100391667891343, 0.0, 0.8606372239056197, 0.0, 0.020993332925503438, 0.002885065433360163, 0.0, 0.0]","[0.0, 0.12583164870738983, 0.0, 0.1203216090798378, 0.0, 0.0, 0.0, 0.0, 0.06602227687835693, 0.0, 0.0, 0.0, 0.057327479124069214, 0.07017701864242554, 0.0, 0.13688971102237701, 0.0, 0.12316258251667023, 0.0, 0.0, 0.0, 0.0, 0.11556864529848099, 0.12514276802539825, 0.0, 0.05955623462796211, 0.0, 0.0, 0.0, 0.0]",0.00489326036217474
8,0.9920225542644173,"[1.0082079944561015, 1.0125689804731628, 1.005413799070051, 0.9855094630666601, 0.9870480467762266, 0.9875207601121724, 0.9989044189712202, 1.0118406216967077, 1.0060794104206785, 1.018216072299109, 1.0200475492182137, 0.9950489112973113, 1.011946456732088, 1.0153281552116962, 0.9729092366045098, 1.0217608787319288, 1.001745569667024, 1.0041196856914092, 1.00390553947583, 0.9904301621934621, 1.030470070130205, 0.9873999064552852, 0.9851539395495397, 1.0087924142711444, 0.9916531756184985, 1.0091659065881438, 0.9839055080586316, 0.9814587118238624, 0.9975229735151269, 0.9981887848005252]","[0.9861482118639541, 1.009562735473391, 1.0172982347522697, 0.9909717599626707, 0.9867416504392804, 0.9923328532049819, 1.0084606808719117, 1.0100761769001407, 1.0183886921932936, 1.0113391724640852, 0.9964512873439734, 0.9903589723630911, 1.017503572731501, 1.0137192713224261, 0.9928487661927397, 0.9988425870866084, 1.006601169664681, 1.0277769965410517, 1.0011091849679554, 0.9992708854496195, 1.0055364220730185, 1.0192663815654457, 1.004949922395816, 0.9893491669402659, 1.0062289423964819, 0.9873207006828622, 0.9900989901225098, 1.0064565477656093, 0.9817465255322934, 0.988634667880338]","[-0.013851788136045928, 0.009562735473390926, 0.01729823475226966, -0.009028240037329271, -0.013258349560719584, -0.0076671467950181205, 0.008460680871911652, 0.010076176900140732, 0.018388692193293643, 0.011339172464085223, -0.0035487126560266313, -0.009641027636908883, 0.017503572731500938, 0.013719271322426119, -0.007151233807260349, -0.0011574129133915534, 0.00660116966468105, 0.0277769965410517, 0.0011091849679554233, -0.0007291145503804941, 0.005536422073018521, 0.01926638156544569, 0.004949922395816042, -0.010650833059734133, 0.006228942396481862, -0.012679299317137849, -0.009901009877490208, 0.006456547765609333, -0.018253474467706643, -0.011365332119661953]","[0.0, 0.0, 0.0, 0.0, 0.0, 0.10025359690189362, 0.10025359690189362, 0.0, 0.10025359690189362, 0.0, 0.10025359690189362, 0.10025359690189362, 0.0, 0.0, 0.0, 0.09884293377399445, 0.0991283506155014, 0.0, 0.10025359690189362, 0.0, 0.0, 0.10025359690189362, 0.0, 0.0, 0.0, 0.0, 0.0, 0.0, 0.0, 0.10025359690189362]","[0.0, 1.1626966434009993e-22, 0.0, 0.0, 1.143227448130734e-22, 0.0, 0.0, 0.0, 0.0, 0.0, 1.4245954107961528e-22, 1.1415924452502562e-22, 0.0, 0.0, 0.0, 0.0, 2.1006356951397013e-22, 0.0, 2.2696672210774653e-22, 0.0, 1.1706782575515613e-22, 1.152767977000645e-22, 0.0, 0.0, 1.0, 3.4863651607447034e-22, 0.0, 0.0, 0.0, 0.0]","[0.009415746495208172, 0.007338721667837684, 0.0022943525263528944, 0.004918007624531791, 0.0, 0.0, 0.007798041443237322, 0.012416198596381189, 0.004989852886668581, 0.0, 0.00036203414466677987, 0.0, 0.0, 0.006819747315982403, 0.005533080450049517, 8.026840531973915e-05, 0.006819274358420764, 0.0, 0.007602503051122464, 0.0, 0.009901634134346228, 0.005240730104829108, 0.008539411977790694, 0.012563726121991015, 0.8706271663739186, 0.0034605318994937882, 0.0026634993383427203, 0.003622317366219984, 0.004375408169979796, 0.0026177455473086106]","[0.0, 0.0, 0.0, 0.0, 0.0, 0.10025358200073242, 0.10025358200073242, 0.0, 0.10025358200073242, 0.0, 0.10025358200073242, 0.10025358200073242, 0.0, 0.0, 0.0, 0.09884291887283325, 0.09912833571434021, 0.0, 0.10025358200073242, 0.0, 0.0, 0.10025358200073242, 0.0, 0.0, 0.0, 0.0, 0.0, 0.0, 0.0, 0.10025358200073242]",0.0017037197597105736
9,1.001398909182148,"[0.9861482118639541, 1.009562735473391, 1.0172982347522697, 0.9909717599626707, 0.9867416504392804, 0.9923328532049819, 1.0084606808719117, 1.0100761769001407, 1.0183886921932936, 1.0113391724640852, 0.9964512873439734, 0.9903589723630911, 1.017503572731501, 1.0137192713224261, 0.9928487661927397, 0.9988425870866084, 1.006601169664681, 1.0277769965410517, 1.0011091849679554, 0.9992708854496195, 1.0055364220730185, 1.0192663815654457, 1.004949922395816, 0.9893491669402659, 1.0062289423964819, 0.9873207006828622, 0.9900989901225098, 1.0064565477656093, 0.9817465255322934, 0.988634667880338]","[1.0008474508947354, 0.9948492651796099, 1.0082780796491002, 1.015031236598242, 1.000983117414109, 1.0056105579737127, 1.0032327936443115, 0.9926867404427362, 1.0142992481437614, 0.9881854423184436, 0.9991683982143631, 1.0167059440109023, 0.9926710298583697, 1.017210766131467, 0.9977434049400403, 1.0172801783233165, 1.0072966156085572, 0.9912599649395871, 1.0095190815425752, 0.9991490202862584, 0.9756803725043721, 0.9984405719032877, 1.016412017176394, 1.0037748958624078, 0.9941790783194254, 1.0108787703812636, 1.0261699723526827, 0.9793932893474485, 1.0045903587940994, 1.0145278733270167]","[0.0008474508947353687, -0.005150734820390079, 0.008278079649100212, 0.015031236598241904, 0.0009831174141090582, 0.005610557973712682, 0.0032327936443115046, -0.007313259557263807, 0.014299248143761378, -0.01181455768155637, -0.000831601785636904, 0.016705944010902307, -0.007328970141630253, 0.017210766131467103, -0.0022565950599596762, 0.01728017832331652, 0.007296615608557211, -0.008740035060412876, 0.009519081542575192, -0.0008509797137415953, -0.024319627495627882, -0.0015594280967122787, 0.016412017176393956, 0.0037748958624077567, -0.005820921680574576, 0.010878770381263614, 0.026169972352682702, -0.020606710652551485, 0.004590358794099414, 0.01452787332701666]","[0.10400258749723434, 0.0, 0.0, 0.0, 0.0, 0.0, 0.0, 0.0, 0.10400258749723434, 0.0, 0.0, 0.10400258749723434, 0.0, 0.0, 0.0, 0.10400258749723434, 0.10400258749723434, 0.0, 0.10400258749723434, 0.0, 0.0, 0.10400258749723434, 0.0, 0.08209898322820663, 0.0, 0.08588031679391861, 0.0, 0.0, 0.0, 0.10400258749723434]","[0.0, 2.268696189232144e-22, 0.0, 0.0, 0.0, 2.258834162318981e-22, 0.0, 5.575860797390845e-22, 0.0, 0.0, 0.0, 0.0, 0.0, 0.0, 0.0, 0.0, 0.0, 2.264062452815388e-22, 0.0, 2.3952459309249593e-22, 3.663797805814995e-22, 0.0, 2.2569427202332197e-22, 0.0, 1.0, 0.0, 3.354262457103534e-22, 0.0, 5.57096152583279e-22, 0.0]","[0.008607371784540005, 0.0061015674143678564, 0.00026200377444662615, 0.010341187622921282, 0.0, 0.0, 0.0, 0.011122723898331013, 0.0, 0.0, 0.000740212812815388, 0.002885178772400753, 0.0013911737432565608, 0.0, 0.0, 0.008664018319163764, 0.010957792313786059, 0.006747731484127311, 0.0, 0.0, 0.0, 0.0017245887653832982, 0.006177521461070377, 0.01319550563577463, 0.8962260136044083, 0.0, 0.00349249889036607, 0.011362909702840571, 0.0, 0.0]","[0.10400258749723434, 0.0, 0.0, 0.0, 0.0, 0.0, 0.0, 0.0, 0.10400258749723434, 0.0, 0.0, 0.10400258749723434, 0.0, 0.0, 0.0, 0.10400258749723434, 0.10400258749723434, 0.0, 0.10400258749723434, 0.0, 0.0, 0.10400258749723434, 0.0, 0.08209898322820663, 0.0, 0.08588031679391861, 0.0, 0.0, 0.0, 0.10400258749723434]",0.008986989619221024
10,1.0016355476780605,"[1.0008474508947354, 0.9948492651796099, 1.0082780796491002, 1.015031236598242, 1.000983117414109, 1.0056105579737127, 1.0032327936443115, 0.9926867404427362, 1.0142992481437614, 0.9881854423184436, 0.9991683982143631, 1.0167059440109023, 0.9926710298583697, 1.017210766131467, 0.9977434049400403, 1.0172801783233165, 1.0072966156085572, 0.9912599649395871, 1.0095190815425752, 0.9991490202862584, 0.9756803725043721, 0.9984405719032877, 1.016412017176394, 1.0037748958624078, 0.9941790783194254, 1.0108787703812636, 1.0261699723526827, 0.9793932893474485, 1.0045903587940994, 1.0145278733270167]","[1.0042790492209834, 1.0026580448691793, 0.9979920231965569, 1.0028266922942763, 0.9996244621849256, 1.0072681778292556, 1.0179735458099155, 0.9971700458986552, 1.000980346965453, 1.0048143314180085, 1.0194055470392178, 0.9878800216798652, 1.021519348573687, 0.9787470984503992, 1.005674741977874, 1.0123866014885843, 0.9792382656676101, 0.9801297254946387, 0.9862032244758737, 1.0210865145709596, 0.9878851299577012, 1.01781246526823, 1.0224108951689317, 1.0026369632782686, 1.0057936284511073, 0.9792907193763993, 0.991815829559133, 1.0189283149172301, 1.0410090051496372, 1.0003014762064562]","[0.004279049220983433, 0.00265804486917931, -0.0020079768034431122, 0.002826692294276345, -0.0003755378150743782, 0.007268177829255595, 0.017973545809915503, -0.0028299541013447893, 0.0009803469654530161, 0.004814331418008466, 0.01940554703921782, -0.012119978320134783, 0.02151934857368709, -0.0212529015496008, 0.005674741977873987, 0.012386601488584281, -0.020761734332389925, -0.019870274505361274, -0.013796775524126281, 0.021086514570959558, -0.012114870042298831, 0.017812465268230104, 0.022410895168931688, 0.002636963278268567, 0.005793628451107313, -0.020709280623600668, -0.008184170440866945, 0.018928314917230127, 0.041009005149637234, 0.0003014762064561527]","[0.0, 0.10310322791337967, 0.0, 0.10310322791337967, 0.08702387660741806, 0.0, 0.10310322791337967, 0.0, 0.0, 0.09692880511283875, 0.0, 0.10310322791337967, 0.0, 0.0, 0.0, 0.10310322791337967, 0.0, 0.10310322791337967, 0.0, 0.0, 0.0, 0.0, 0.0, 0.09432467073202133, 0.0, 0.0, 0.10310322791337967, 0.0, 0.0, 0.0]","[0.0, 0.0, 0.0, 0.0, 1.1638976560260286e-22, 0.0, -5.1127399811055936e-23, 0.0, -5.135874217701206e-23, 0.0, 0.0, 0.0, 0.0, 1.0, 0.0, 0.0, 3.1715936786878794e-23, 0.0, 0.0, 6.271665887991824e-23, 0.0, 0.0, -1.0455841903484614e-22, -1.0478625514210867e-22, 0.0, 6.626404150880697e-24, 0.0, 1.1578817932102006e-22, 0.0, 0.0]","[0.0, 0.0, 0.011344004508280782, 0.0, 0.0, 0.010575179405383368, 0.0, 0.0, 0.00037654581562072406, 0.0093555222464931, 0.0, 0.0, 0.0, 0.9190455259976695, 0.0, 0.015742244878701742, 0.0, 0.0, 0.0, 0.0, 0.023468234052986425, 0.004748267656435681, 0.0, 0.0, 0.0, 0.0, 0.0, 0.004748966528131187, 0.0, 0.0005955089102973369]","[0.0, 0.10310323536396027, 0.0, 0.10310323536396027, 0.08702388405799866, 0.0, 0.10310323536396027, 0.0, 0.0, 0.09692881256341934, 0.0, 0.10310323536396027, 0.0, 0.0, 0.0, 0.10310323536396027, 0.0, 0.10310323536396027, 0.0, 0.0, 0.0, 0.0, 0.0, 0.09432467818260193, 0.0, 0.0, 0.10310323536396027, 0.0, 0.0, 0.0]",-0.00017910552651062632
11,1.0003581394046848,"[1.0042790492209834, 1.0026580448691793, 0.9979920231965569, 1.0028266922942763, 0.9996244621849256, 1.0072681778292556, 1.0179735458099155, 0.9971700458986552, 1.000980346965453, 1.0048143314180085, 1.0194055470392178, 0.9878800216798652, 1.021519348573687, 0.9787470984503992, 1.005674741977874, 1.0123866014885843, 0.9792382656676101, 0.9801297254946387, 0.9862032244758737, 1.0210865145709596, 0.9878851299577012, 1.01781246526823, 1.0224108951689317, 1.0026369632782686, 1.0057936284511073, 0.9792907193763993, 0.991815829559133, 1.0189283149172301, 1.0410090051496372, 1.0003014762064562]","[0.997411421821502, 0.9940443304372449, 1.0004062279114125, 0.9900833639322428, 1.0155061873186024, 0.9944214367222729, 1.01803798850728, 0.9964118266190788, 0.990384083796762, 1.0040715291066817, 0.9990527004323991, 0.9945341253183975, 1.0089746550590413, 0.997994435540228, 1.0130835923615247, 0.9918196469521058, 1.011463737661135, 1.0166085062078007, 0.9787717822566212, 1.0069107901139938, 0.9966937650846829, 0.9946555541197599, 1.0072776155546526, 1.0094191777749872, 1.0191208885565373, 1.0002995899495295, 1.0075438781904782, 1.0148641357184465, 0.9974289533490722, 0.9806018773452744]","[-0.002588578178498002, -0.0059556695627550615, 0.0004062279114125378, -0.009916636067757167, 0.015506187318602427, -0.0055785632777271, 0.01803798850727989, -0.0035881733809212113, -0.009615916203237984, 0.004071529106681737, -0.0009472995676008678, -0.005465874681602534, 0.00897465505904127, -0.002005564459771958, 0.013083592361524676, -0.008180353047894218, 0.011463737661135065, 0.016608506207800744, -0.021228217743378797, 0.006910790113993759, -0.003306234915317119, -0.0053444458802400785, 0.007277615554652561, 0.009419177774987242, 0.019120888556537263, 0.0002995899495294996, 0.007543878190478193, 0.01486413571844647, -0.0025710466509277774, -0.019398122654725625]","[0.111620232462883, 0.10987795144319534, 0.09233858436346054, 0.0, 0.0, 0.0, 0.0, 0.0, 0.0, 0.0, 0.111620232462883, 0.10622179508209229, 0.111620232462883, 0.08419852703809738, 0.07697630673646927, 0.0, 0.0, 0.0, 0.0, 0.0, 0.0, 0.0, 0.08508336544036865, 0.0, 0.0, 0.0, 0.0, 0.0, 0.0, 0.11044285446405411]","[0.0, 0.0, 0.0, 4.8777441047827e-24, 0.0, 0.0, 0.0, 4.110562705773852e-24, 5.747007528460217e-23, 4.255055097568974e-24, 0.0, 0.0, 0.0, 0.0, 4.846775089647195e-24, 1.0, 6.162673445183057e-23, 0.0, 0.0, 0.0, 0.0, 0.0, 0.0, 1.6951702999977765e-22, 2.005874622180009e-22, 0.0, 2.2423463440427054e-22, 0.0, 0.0, 0.0]","[0.01407670898282608, 0.0, 0.006327052162423065, 0.013735117498498884, 0.0, 0.020059338669523894, 0.0009745660955710594, 0.0, 0.002059780926438188, 0.0, 0.0, 0.0, 0.007807447756764277, 0.0, 0.0, 0.9317218807056064, 0.0, 0.0, 0.0, 0.0, 0.0, 0.0, 0.0, 0.0, 0.0, 0.0, 0.0, 0.0, 0.0028653733191789767, 0.0003727338831692109]","[0.1116202175617218, 0.10987793654203415, 0.09233857691287994, 0.0, 0.0, 0.0, 0.0, 0.0, 0.0, 0.0, 0.1116202175617218, 0.10622178018093109, 0.1116202175617218, 0.08419851958751678, 0.07697629928588867, 0.0, 0.0, 0.0, 0.0, 0.0, 0.0, 0.0, 0.08508335798978806, 0.0, 0.0, 0.0, 0.0, 0.0, 0.0, 0.11044283956289291]",-0.00160803833836514
12,0.9993158649135075,"[0.997411421821502, 0.9940443304372449, 1.0004062279114125, 0.9900833639322428, 1.0155061873186024, 0.9944214367222729, 1.01803798850728, 0.9964118266190788, 0.990384083796762, 1.0040715291066817, 0.9990527004323991, 0.9945341253183975, 1.0089746550590413, 0.997994435540228, 1.0130835923615247, 0.9918196469521058, 1.011463737661135, 1.0166085062078007, 0.9787717822566212, 1.0069107901139938, 0.9966937650846829, 0.9946555541197599, 1.0072776155546526, 1.0094191777749872, 1.0191208885565373, 1.0002995899495295, 1.0075438781904782, 1.0148641357184465, 0.9974289533490722, 0.9806018773452744]","[0.9752803995647162, 1.0005787600390321, 1.0069773593190998, 1.0101172011927027, 1.0105232379593165, 1.004737281204331, 1.0051551489641626, 1.0114714196521302, 1.0062161179381777, 1.0005591547841821, 0.9907643299944656, 1.0017136146182664, 1.0084628628286627, 0.9964292103196236, 0.9873535857536738, 0.9763530720864164, 0.9718664519713355, 1.0033742468635702, 1.0167817460515483, 0.9980322395507165, 0.9851503583850898, 1.012696733530976, 0.9790368387233332, 0.9824592523566141, 0.9988155368913513, 1.0082437140415796, 0.9908408083119942, 1.0026669238487356, 1.0014662122789548, 1.014319461700265]","[-0.02471960043528376, 0.0005787600390321224, 0.0069773593190998184, 0.010117201192702652, 0.010523237959316534, 0.004737281204330923, 0.005155148964162581, 0.011471419652130166, 0.006216117938177668, 0.0005591547841821143, -0.00923567000553438, 0.001713614618266357, 0.00846286282866271, -0.003570789680376385, -0.012646414246326176, -0.023646927913583582, -0.028133548028664523, 0.0033742468635702405, 0.016781746051548252, -0.0019677604492834844, -0.014849641614910203, 0.012696733530976001, -0.020963161276666753, -0.017540747643385868, -0.0011844631086487256, 0.008243714041579642, -0.00915919168800583, 0.0026669238487355695, 0.001466212278954826, 0.014319461700265101]","[0.0, 0.10695267468690872, 0.10695267468690872, 0.0, 0.0955595076084137, 0.0, 0.0, 0.0, 0.0, 0.0, 0.10695267468690872, 0.0, 0.0, 0.0, 0.0, 0.0, 0.09399066120386124, 0.09697879105806351, 0.10695267468690872, 0.0, 0.0, 0.0, 0.07175490260124207, 0.0, 0.10695267468690872, 0.0, 0.0, 0.10695267468690872, 0.0, 0.0]","[6.936063801292463e-21, 0.0, 6.83165185389526e-21, 9.355539836898207e-21, 0.0, 0.0, 0.588465998857888, 0.0, 1.2287454791078186e-20, 0.0, 0.0, 0.0, 0.0, 7.9478304631752e-21, 0.0, 0.0, 0.0, 6.78849496513154e-21, 0.0, 7.583222766258923e-21, 0.0, 0.0, 0.0, 0.0, 0.4115340011421121, 0.0, 6.5228465967835835e-21, 0.0, 0.0, 0.0]","[0.00661381084458524, 0.0, 0.0, 0.0, 0.00693609250852667, 0.0, 0.5381103278611421, 0.0, 0.0, 0.0, 0.0, 0.009262758369595342, 0.0, 0.0, 0.0, 0.0028138595901431598, 0.0, 0.0032341603387575453, 0.01774751831492946, 0.0, 0.0, 0.013948629827031584, 0.0, 0.0, 0.37774534546490124, 0.0, 0.0026855311514811407, 0.020901965728906617, 0.0, 0.0]","[0.0, 0.10695268958806992, 0.10695268958806992, 0.0, 0.09555952250957489, 0.0, 0.0, 0.0, 0.0, 0.0, 0.10695268958806992, 0.0, 0.0, 0.0, 0.0, 0.0, 0.09399067610502243, 0.0969788059592247, 0.10695268958806992, 0.0, 0.0, 0.0, 0.07175491005182266, 0.0, 0.10695268958806992, 0.0, 0.0, 0.10695268958806992, 0.0, 0.0]",-0.0013256594696118378
13,0.9996720281098376,"[0.9752803995647162, 1.0005787600390321, 1.0069773593190998, 1.0101172011927027, 1.0105232379593165, 1.004737281204331, 1.0051551489641626, 1.0114714196521302, 1.0062161179381777, 1.0005591547841821, 0.9907643299944656, 1.0017136146182664, 1.0084628628286627, 0.9964292103196236, 0.9873535857536738, 0.9763530720864164, 0.9718664519713355, 1.0033742468635702, 1.0167817460515483, 0.9980322395507165, 0.9851503583850898, 1.012696733530976, 0.9790368387233332, 0.9824592523566141, 0.9988155368913513, 1.0082437140415796, 0.9908408083119942, 1.0026669238487356, 1.0014662122789548, 1.014319461700265]","[0.9933123685599013, 1.0182831169947542, 1.0127418770942274, 1.0250113618855454, 1.0021061113570018, 0.9778789397549669, 1.0009265887913088, 0.9982222446164286, 0.9876747356436882, 0.9976542445084314, 0.9715019632898668, 1.0194155857979443, 1.0100076155059134, 1.0039595684579612, 1.0014347674543889, 0.991744185497785, 1.0057308682014998, 0.9884939772761531, 0.9978589414035236, 1.0138928049174087, 1.0016094324280955, 1.030038063863222, 0.9976414923807769, 0.9928372404171203, 1.0052316802341212, 0.9877813572499059, 0.9957551778291626, 1.0031882359849718, 1.0122232178412707, 1.0115052868631818]","[-0.006687631440098651, 0.018283116994754156, 0.01274187709422736, 0.025011361885545424, 0.002106111357001783, -0.02212106024503313, 0.0009265887913088022, -0.0017777553835713888, -0.01232526435631176, -0.0023457554915685686, -0.02849803671013318, 0.019415585797944335, 0.010007615505913448, 0.003959568457961193, 0.0014347674543888633, -0.00825581450221502, 0.005730868201499817, -0.011506022723846931, -0.0021410585964763973, 0.013892804917408741, 0.0016094324280955252, 0.030038063863222053, -0.0023585076192230714, -0.0071627595828797075, 0.005231680234121239, -0.0122186427500941, -0.004244822170837437, 0.0031882359849717545, 0.012223217841270673, 0.011505286863181752]","[0.0, 0.0, 0.044482797384262085, 0.1478756070137024, 0.0, 0.11911898851394653, 0.0, 0.1478756070137024, 0.0, 0.08677977323532104, 0.010944271460175514, 0.0, 0.0, 0.0, 0.1478756070137024, 0.12364150583744049, 0.0, 0.0, 0.0, 0.0, 0.1478756070137024, 0.0, 0.0, 0.0, 0.0, 0.0, 0.0, 0.023530302569270134, 0.0, 0.0]","[0.0, 0.0, 0.0, 0.0, 0.0, 0.0, 1.0, 1.1643153049970108e-22, 1.2661857196383758e-22, 1.184266878202945e-22, 0.0, 1.1827798745954166e-22, 1.1916505691906784e-22, 0.0, 0.0, 1.2267817689987482e-22, 0.0, 0.0, 1.223043537343504e-22, 0.0, 0.0, 0.0, 0.0, 0.0, 1.1772088194134595e-22, 0.0, 1.2126403634665692e-22, 0.0, 0.0, 0.0]","[0.0, 0.0, 0.0, 0.014615340648772386, 0.0, 0.0, 0.9149848533568556, 0.0, 0.006655590093570616, 0.0, 0.0, 0.0, 0.012937186383512624, 0.0, 0.0, 0.0, 0.0, 0.0, 0.00922323471637736, 0.0, 0.0, 0.0, 0.01978148249750979, 0.021802312303401586, 0.0, 0.0, 0.0, 0.0, 0.0, 0.0]","[0.0, 0.0, 0.044482797384262085, 0.1478756070137024, 0.0, 0.11911898851394653, 0.0, 0.1478756070137024, 0.0, 0.08677977323532104, 0.010944271460175514, 0.0, 0.0, 0.0, 0.1478756070137024, 0.12364150583744049, 0.0, 0.0, 0.0, 0.0, 0.1478756070137024, 0.0, 0.0, 0.0, 0.0, 0.0, 0.0, 0.023530302569270134, 0.0, 0.0]",8.600668280125251e-05
14,1.00974925057876,"[0.9933123685599013, 1.0182831169947542, 1.0127418770942274, 1.0250113618855454, 1.0021061113570018, 0.9778789397549669, 1.0009265887913088, 0.9982222446164286, 0.9876747356436882, 0.9976542445084314, 0.9715019632898668, 1.0194155857979443, 1.0100076155059134, 1.0039595684579612, 1.0014347674543889, 0.991744185497785, 1.0057308682014998, 0.9884939772761531, 0.9978589414035236, 1.0138928049174087, 1.0016094324280955, 1.030038063863222, 0.9976414923807769, 0.9928372404171203, 1.0052316802341212, 0.9877813572499059, 0.9957551778291626, 1.0031882359849718, 1.0122232178412707, 1.0115052868631818]","[1.007280229405263, 1.0065823144095813, 0.9897160412499513, 1.0166497539762276, 1.0100458063775486, 1.0010968745173388, 0.9971341899733999, 0.9959028281332325, 1.0158739387917197, 1.0067994093502572, 0.9962229928077001, 0.9995465080666948, 0.9828711230149385, 0.9873298294132388, 0.9775031755279475, 1.0003010512465598, 1.0189827153258468, 1.0058571767011961, 1.0177415912391639, 1.0150492664798245, 1.0075480457106103, 1.0007757606774161, 0.9950149290457315, 0.9813599489062387, 1.0218848894399593, 1.0034743892273799, 0.9836290590509447, 1.006214263731156, 0.9807320736951004, 1.0249439460520107]","[0.007280229405262961, 0.006582314409581347, -0.010283958750048727, 0.016649753976227588, 0.010045806377548594, 0.0010968745173387529, -0.002865810026600135, -0.004097171866767502, 0.01587393879171972, 0.006799409350257246, -0.003777007192299897, -0.00045349193330523896, -0.017128876985061492, -0.012670170586761231, -0.02249682447205248, 0.0003010512465597692, 0.018982715325846833, 0.005857176701196121, 0.017741591239163856, 0.015049266479824519, 0.007548045710610296, 0.0007757606774161374, -0.004985070954268478, -0.018640051093761323, 0.021884889439959254, 0.0034743892273798593, -0.016370940949055335, 0.006214263731155967, -0.019267926304899596, 0.024943946052010668]","[0.0, 0.11322716623544693, 0.0, 0.11220210790634155, 0.11322716623544693, 0.0, 0.0, 0.0, 0.0, 0.0, 0.0, 0.0, 0.0, 0.0890885517001152, 0.0, 0.0, 0.08134175837039948, 0.09182224422693253, 0.0, 0.0, 0.0, 0.09096456319093704, 0.0, 0.0, 0.08474836498498917, 0.0, 0.0, 0.11322716623544693, 0.0, 0.11015094071626663]","[0.0, 0.0, 1.1980414317673152e-22, 0.0, 3.3861004949399626e-22, 0.0, 2.0510934219206412e-22, 0.0, 2.286816493090608e-22, 1.1987220454256408e-22, 0.0, 0.0, 0.0, 4.573685248154557e-22, 0.0, 0.0, 0.0, 3.4324293423063437e-22, 0.0, 1.0, 0.0, 0.0, 0.0, 0.0, 1.184841662103271e-22, 1.197791564759448e-22, 0.0, 0.0, 0.0, 0.0]","[0.012480390720199708, 0.0, 0.0, 0.0, 0.012191508292351065, 0.004456791139935789, 0.0, 0.00179133970227437, 0.0, 0.00868600676765196, 0.0, 0.0, 0.0108012128130413, 0.0, 0.0, 0.0063125373707024705, 0.0, 0.0, 0.00459298023103772, 0.9124173414427413, 0.0, 0.0, 0.0023599295149112466, 0.00390965783769457, 0.0, 0.0, 0.001980668035284978, 0.0, 0.01801963613217345, 0.0]","[0.0, 0.11322715133428574, 0.0, 0.11220209300518036, 0.11322715133428574, 0.0, 0.0, 0.0, 0.0, 0.0, 0.0, 0.0, 0.0, 0.0890885442495346, 0.0, 0.0, 0.08134175091981888, 0.09182223677635193, 0.0, 0.0, 0.0, 0.09096455574035645, 0.0, 0.0, 0.08474835753440857, 0.0, 0.0, 0.11322715133428574, 0.0, 0.11015092581510544]",0.009606773043505856
15,1.0100771386765923,"[1.007280229405263, 1.0065823144095813, 0.9897160412499513, 1.0166497539762276, 1.0100458063775486, 1.0010968745173388, 0.9971341899733999, 0.9959028281332325, 1.0158739387917197, 1.0067994093502572, 0.9962229928077001, 0.9995465080666948, 0.9828711230149385, 0.9873298294132388, 0.9775031755279475, 1.0003010512465598, 1.0189827153258468, 1.0058571767011961, 1.0177415912391639, 1.0150492664798245, 1.0075480457106103, 1.0007757606774161, 0.9950149290457315, 0.9813599489062387, 1.0218848894399593, 1.0034743892273799, 0.9836290590509447, 1.006214263731156, 0.9807320736951004, 1.0249439460520107]","[1.0002544383213965, 1.0084318276407136, 0.9924875573045729, 1.0258102793569008, 0.9971097581940671, 0.982889455067418, 0.9982467530561664, 0.9914034087992118, 0.9939674462034224, 1.0252982090129046, 0.9960900577573898, 0.9919206620916715, 0.9932137668388088, 0.98397034473144, 0.9706145363285396, 0.9876999596274758, 0.9922379766161152, 1.0137693224553257, 1.0078596227177414, 1.0044010824207252, 1.010610226190295, 1.0004318221616946, 0.9633692060280871, 1.017143327608209, 1.0125205491135942, 1.0054206380118242, 1.0136449913771548, 1.0021926774673666, 0.9953034071254434, 1.0132996116126562]","[0.0002544383213964885, 0.008431827640713596, -0.007512442695427057, 0.025810279356900834, -0.0028902418059328916, -0.017110544932582017, -0.0017532469438336085, -0.00859659120078815, -0.006032553796577633, 0.025298209012904582, -0.003909942242610209, -0.008079337908328488, -0.006786233161191202, -0.01602965526856004, -0.029385463671460443, -0.01230004037252419, -0.007762023383884764, 0.013769322455325694, 0.007859622717741432, 0.004401082420725233, 0.010610226190294947, 0.00043182216169457277, -0.036630793971912934, 0.017143327608208914, 0.012520549113594237, 0.005420638011824241, 0.013644991377154803, 0.0021926774673666216, -0.004696592874556593, 0.013299611612656248]","[0.0, 0.11211743950843811, 0.0, 0.11211743950843811, 0.0, 0.0, 0.0, 0.0, 0.11211743950843811, 0.0, 0.0, 0.11211743950843811, 0.0, 0.0, 0.09800607711076736, 0.11211743950843811, 0.0, 0.0, 0.0, 0.0, 0.07337889820337296, 0.11211743950843811, 0.0, 0.0, 0.11211743950843811, 0.0, 0.0, 0.043792907148599625, 0.0, 0.0]","[0.0, 2.9053046119926136e-21, 0.0, 0.0, 0.0, 3.844053735223489e-21, 0.0, 0.0, 3.144126175358679e-21, 0.0, 0.0, 0.0, 0.0, 0.0, 2.984625751125675e-21, 4.590066695224592e-21, 0.0, 0.0, 0.0, 0.4467271491069468, 0.0, 4.9093891973982955e-21, 4.267008200799191e-21, 0.0, 0.5532728508930531, 0.0, 0.0, 0.0, 0.0, 2.3974023075453744e-21]","[0.004941490141202659, 0.0, 0.0016111647534685458, 0.005733517710338889, 0.0012528528565769396, 0.00035424618716421816, 0.003963359833381196, 0.0, 0.004728724534229646, 0.016222702665841575, 0.0, 0.0005030177927808633, 0.0, 0.0094728918674242, 0.00028761868153545157, 0.0, 0.011774864750877273, 0.019353297383459055, 0.0, 0.3854216321380932, 0.006537854798173276, 0.0, 0.0, 0.0, 0.46702946475703017, 0.01591591657215428, 0.014748713267306932, 0.0032256344036579176, 0.016767346965831514, 0.010153687939472165]","[0.0, 0.11211744695901871, 0.0, 0.11211744695901871, 0.0, 0.0, 0.0, 0.0, 0.11211744695901871, 0.0, 0.0, 0.11211744695901871, 0.0, 0.0, 0.09800608456134796, 0.11211744695901871, 0.0, 0.0, 0.0, 0.0, 0.07337890565395355, 0.11211744695901871, 0.0, 0.0, 0.11211744695901871, 0.0, 0.0, 0.04379291087388992, 0.0, 0.0]",-0.00013106274695694257
16,1.0114190342476839,"[1.0002544383213965, 1.0084318276407136, 0.9924875573045729, 1.0258102793569008, 0.9971097581940671, 0.982889455067418, 0.9982467530561664, 0.9914034087992118, 0.9939674462034224, 1.0252982090129046, 0.9960900577573898, 0.9919206620916715, 0.9932137668388088, 0.98397034473144, 0.9706145363285396, 0.9876999596274758, 0.9922379766161152, 1.0137693224553257, 1.0078596227177414, 1.0044010824207252, 1.010610226190295, 1.0004318221616946, 0.9633692060280871, 1.017143327608209, 1.0125205491135942, 1.0054206380118242, 1.0136449913771548, 1.0021926774673666, 0.9953034071254434, 1.0132996116126562]","[0.9951723980231741, 1.0146040267052023, 1.0031867766817764, 1.002036059277112, 1.0075567753029644, 1.035217994942778, 0.978610179332981, 0.975852541083344, 1.0138333313931227, 1.0081082358511109, 0.9908185469093038, 0.9827062074259102, 1.0081752881763648, 0.9977080551394545, 1.0247176743618043, 1.0265662099255592, 0.9839339745417462, 1.0198201936123914, 0.9922667530780394, 1.024555051587172, 1.0025205097305505, 1.0035389655294729, 1.0042173574564992, 0.9810137411503372, 1.0116535736303967, 1.003534961947561, 0.9705367777855447, 1.0055039396110823, 0.9932039730505772, 0.9933667340142758]","[-0.004827601976825857, 0.014604026705202333, 0.00318677668177636, 0.0020360592771120345, 0.007556775302964391, 0.035217994942778, -0.021389820667019, -0.02414745891665604, 0.013833331393122705, 0.008108235851110868, -0.009181453090696179, -0.017293792574089806, 0.008175288176364814, -0.002291944860545514, 0.024717674361804276, 0.026566209925559248, -0.016066025458253752, 0.0198201936123914, -0.007733246921960646, 0.024555051587171972, 0.002520509730550513, 0.0035389655294728595, 0.0042173574564992045, -0.018986258849662763, 0.011653573630396652, 0.0035349619475610883, -0.029463222214455298, 0.005503939611082309, -0.006796026949422829, -0.006633265985724224]","[0.0, 0.08542901277542114, 0.10439414530992508, 0.0, 0.0, 0.0, 0.10439414530992508, 0.0, 0.0, 0.0, 0.10439414530992508, 0.0, 0.0, 0.0, 0.0, 0.0, 0.10439414530992508, 0.10439414530992508, 0.0, 0.10439414530992508, 0.0, 0.0, 0.0, 0.0, 0.10439414530992508, 0.0, 0.0, 0.0, 0.07941786199808121, 0.10439414530992508]","[0.0, 3.3925226907019754e-22, 0.0, 3.9136298206135555e-22, 0.0, 0.0, 2.8082629782062537e-22, 0.0, 0.0, 0.0, 0.0, 0.0, 0.0, 0.0, 0.0, 0.0, 4.46342775132847e-22, 0.0, 0.0, 4.625697074996869e-22, 0.0, 0.0, 0.0, 0.0, 1.0, 3.39668049500866e-22, 4.492264658477545e-22, 3.347097493178397e-22, 4.496058359719341e-22, 0.0]","[0.0, 0.011695482374643656, 0.0, 0.0, 0.0, 0.0, 0.0, 0.0, 0.0, 0.001804573202520304, 0.0014578938228400813, 0.0058491200434405595, 0.010294414454132638, 0.001766893325053991, 0.00588814008031977, 0.013781852320844426, 0.0, 0.01398922508295195, 0.0, 0.0, 0.0, 0.0, 0.012953969055767543, 0.0036973301311721066, 0.8985437395476665, 0.0, 0.014711451546839116, 0.0, 0.0035659150118073192, 0.0]","[0.0, 0.08542901277542114, 0.10439414530992508, 0.0, 0.0, 0.0, 0.10439414530992508, 0.0, 0.0, 0.0, 0.10439414530992508, 0.0, 0.0, 0.0, 0.0, 0.0, 0.10439414530992508, 0.10439414530992508, 0.0, 0.10439414530992508, 0.0, 0.0, 0.0, 0.0, 0.10439414530992508, 0.0, 0.0, 0.0, 0.07941786199808121, 0.10439414530992508]",0.0011120379260218009
17,1.0123687415792502,"[0.9951723980231741, 1.0146040267052023, 1.0031867766817764, 1.002036059277112, 1.0075567753029644, 1.035217994942778, 0.978610179332981, 0.975852541083344, 1.0138333313931227, 1.0081082358511109, 0.9908185469093038, 0.9827062074259102, 1.0081752881763648, 0.9977080551394545, 1.0247176743618043, 1.0265662099255592, 0.9839339745417462, 1.0198201936123914, 0.9922667530780394, 1.024555051587172, 1.0025205097305505, 1.0035389655294729, 1.0042173574564992, 0.9810137411503372, 1.0116535736303967, 1.003534961947561, 0.9705367777855447, 1.0055039396110823, 0.9932039730505772, 0.9933667340142758]","[1.01057135260721, 0.9851220217123814, 0.9968706754425758, 0.9933141323786928, 0.9864703335514697, 0.9913717648819546, 1.0131829210167445, 1.0060573802584794, 0.9992742785745814, 0.9964179767172366, 0.9894535450971385, 1.004284756940542, 1.0057170474201522, 1.000501356982626, 0.9883424647035653, 0.99520558800148, 1.0058401076245371, 1.01151280402522, 1.0340886152107862, 0.9917008017992595, 0.9877771010296166, 1.0144245232259526, 1.0096979485602726, 0.9868236539988857, 0.9853904534945299, 1.0020462089041762, 1.0301804013474718, 1.001688054302587, 1.0051303676962966, 1.0034733269943412]","[0.010571352607209983, -0.01487797828761861, -0.003129324557424207, -0.006685867621307184, -0.013529666448530264, -0.008628235118045446, 0.013182921016744453, 0.00605738025847935, -0.0007257214254186017, -0.003582023282763358, -0.010546454902861546, 0.004284756940541978, 0.0057170474201522214, 0.0005013569826259889, -0.011657535296434651, -0.004794411998520043, 0.0058401076245371275, 0.011512804025219925, 0.03408861521078621, -0.008299198200740543, -0.012222898970383422, 0.014424523225952557, 0.009697948560272618, -0.01317634600111428, -0.014609546505470083, 0.002046208904176172, 0.030180401347471797, 0.0016880543025870054, 0.0051303676962966005, 0.0034733269943412193]","[0.0, 0.0, 0.0, 0.0, 0.0, 0.10920453071594238, 0.0, 0.0, 0.09673606604337692, 0.10920453071594238, 0.0, 0.10920453071594238, 0.10920453071594238, 0.09800735116004944, 0.09372297674417496, 0.0, 0.0, 0.0, 0.0, 0.0, 0.0, 0.0, 0.0, 0.0, 0.08049486577510834, 0.0850161537528038, 0.10920453071594238, 0.0, 0.0, 0.0]","[0.0, 0.0, 2.2767488172576913e-22, 0.0, 0.0, 0.0, 3.408026680792157e-22, 0.0, 0.0, 3.3829001044898894e-22, 2.27812034574191e-22, 0.0, 0.0, 2.3009917005422037e-22, 0.0, 0.0, 3.3899271527565973e-22, 0.0, 2.275214077827895e-22, 1.0, 0.0, 0.0, 0.0, 2.274419084576842e-22, 0.0, 2.27272462595868e-22, 0.0, 0.0, 0.0, 0.0]","[0.0, 0.003083533432828889, 0.0, 0.0, 0.0, 0.0, 0.0028841107789013025, 0.01776168992419035, 0.0, 0.0, 0.0, 0.010133416006583278, 0.0, 0.0003018320083300259, 0.0014890209391075898, 0.013928544300189515, 0.0061753378228291715, 0.004267445098084913, 0.0, 0.8633914983560477, 0.015614172496619323, 0.01107734818962587, 0.0, 0.012234935287981773, 0.0, 0.004917164487966513, 0.0, 0.0, 0.012963102823119091, 0.01977684804759489]","[0.0, 0.0, 0.0, 0.0, 0.0, 0.10920453071594238, 0.0, 0.0, 0.09673606604337692, 0.10920453071594238, 0.0, 0.10920453071594238, 0.10920453071594238, 0.09800735116004944, 0.09372297674417496, 0.0, 0.0, 0.0, 0.0, 0.0, 0.0, 0.0, 0.0, 0.0, 0.08049486577510834, 0.0850161537528038, 0.10920453071594238, 0.0, 0.0, 0.0]",0.0006615682685867862
18,1.011980988432099,"[1.01057135260721, 0.9851220217123814, 0.9968706754425758, 0.9933141323786928, 0.9864703335514697, 0.9913717648819546, 1.0131829210167445, 1.0060573802584794, 0.9992742785745814, 0.9964179767172366, 0.9894535450971385, 1.004284756940542, 1.0057170474201522, 1.000501356982626, 0.9883424647035653, 0.99520558800148, 1.0058401076245371, 1.01151280402522, 1.0340886152107862, 0.9917008017992595, 0.9877771010296166, 1.0144245232259526, 1.0096979485602726, 0.9868236539988857, 0.9853904534945299, 1.0020462089041762, 1.0301804013474718, 1.001688054302587, 1.0051303676962966, 1.0034733269943412]","[1.0164272997124297, 1.006329275003503, 0.9793048372746246, 0.9972186664585301, 0.9829728611712631, 0.9995367996583032, 1.011010284846041, 1.0026350781831626, 1.0151367658974697, 0.980031457214276, 1.0029443444746637, 1.0061373817896024, 0.9876156880644404, 0.9933468657860488, 1.0035644078117778, 1.0013484698649686, 0.9917475420808884, 1.0247084388869465, 0.9901393146701558, 0.9803188800448347, 0.9947968084388928, 0.992501013413311, 0.9871372165105742, 1.005776368167836, 1.0116257887728997, 1.0265172905617, 1.0023829970102547, 0.9730615651807006, 1.0085521443320724, 1.0101331375171316]","[0.016427299712429733, 0.00632927500350311, -0.020695162725375416, -0.0027813335414699214, -0.017027138828736854, -0.00046320034169677893, 0.01101028484604094, 0.0026350781831625536, 0.015136765897469706, -0.01996854278572402, 0.0029443444746637404, 0.006137381789602436, -0.012384311935559555, -0.006653134213951195, 0.0035644078117778033, 0.0013484698649686155, -0.008252457919111555, 0.024708438886946515, -0.009860685329844188, -0.019681119955165305, -0.005203191561107157, -0.007498986586689016, -0.012862783489425822, 0.005776368167835999, 0.011625788772899659, 0.026517290561699935, 0.002382997010254684, -0.02693843481929936, 0.008552144332072409, 0.01013313751713163]","[0.0, 0.09574741125106812, 0.0, 0.0, 0.0, 0.09224306046962738, 0.0, 0.0, 0.09717866778373718, 0.0, 0.0, 0.0, 0.0, 0.0, 0.10656099021434784, 0.0, 0.10656099021434784, 0.0, 0.10656099021434784, 0.0, 0.10656099021434784, 0.0, 0.09914268553256989, 0.0, 0.0, 0.0, 0.10656099021434784, 0.0, 0.0828833132982254, 0.0]","[0.0, 2.99547324194959e-24, 0.0, 0.0, 0.0, 0.0, 1.1890301872420545e-22, 0.0, 0.0, 0.0, 0.0, 0.0, 5.629478214434786e-24, 7.785462807957985e-24, 0.0, 2.7357409984467503e-24, 6.0416023919040664e-24, 5.5196855150703535e-24, 0.0, 1.0, 0.0, 0.0, 0.0, 1.1594389435003867e-22, 0.0, 5.2603995264838114e-24, 0.0, 0.0, 0.0, 0.0]","[0.00011302519515981552, 0.000685431319698551, 0.0, 0.010800801386456706, 0.0, 0.0003778800714475792, 0.0028812143368684394, 0.002083306451383292, 0.0, 0.0, 0.0031481908442292923, 0.0, 0.017780864456782997, 0.008820253838656767, 0.003042200893879481, 0.0, 0.005188202013847438, 0.0, 0.0, 0.913675476456367, 0.003120302129845943, 0.0, 0.0, 0.0, 0.013521312489655341, 0.0038029377351966958, 0.01095860038052481, 0.0, 0.0, 0.0]","[0.0, 0.09574739634990692, 0.0, 0.0, 0.0, 0.09224305301904678, 0.0, 0.0, 0.09717865288257599, 0.0, 0.0, 0.0, 0.0, 0.0, 0.10656097531318665, 0.0, 0.10656097531318665, 0.0, 0.10656097531318665, 0.0, 0.10656097531318665, 0.0, 0.09914267063140869, 0.0, 0.0, 0.0, 0.10656097531318665, 0.0, 0.0828833058476448, 0.0]",-0.0007804637862378989
19,1.014488259806662,"[1.0164272997124297, 1.006329275003503, 0.9793048372746246, 0.9972186664585301, 0.9829728611712631, 0.9995367996583032, 1.011010284846041, 1.0026350781831626, 1.0151367658974697, 0.980031457214276, 1.0029443444746637, 1.0061373817896024, 0.9876156880644404, 0.9933468657860488, 1.0035644078117778, 1.0013484698649686, 0.9917475420808884, 1.0247084388869465, 0.9901393146701558, 0.9803188800448347, 0.9947968084388928, 0.992501013413311, 0.9871372165105742, 1.005776368167836, 1.0116257887728997, 1.0265172905617, 1.0023829970102547, 0.9730615651807006, 1.0085521443320724, 1.0101331375171316]","[0.989279593312609, 1.0097743263330943, 1.0072849833219881, 1.0180980209778843, 1.0046520676742863, 1.0007235220420163, 1.0042768895167629, 0.9973435340866359, 0.9980328877771709, 0.9917890502703682, 1.0094640769887728, 1.0111536696545773, 0.9826619916113879, 1.0031425102951295, 0.9745744301853688, 0.9867306252389314, 1.0027599470332829, 1.0143054606350808, 1.0101195967314507, 1.0125464656183498, 1.011645292557345, 1.0123228567816138, 1.018446755522281, 0.9950483918318951, 1.0264906279043726, 0.9923259753603744, 1.0036306123765313, 1.0292178730686354, 0.9811504478532695, 0.9903784088699877]","[-0.010720406687391049, 0.009774326333094274, 0.0072849833219881255, 0.018098020977884266, 0.0046520676742862754, 0.0007235220420163113, 0.004276889516762861, -0.0026564659133641033, -0.0019671122228290816, -0.008210949729631767, 0.00946407698877283, 0.011153669654577314, -0.017338008388612103, 0.0031425102951294637, -0.025425569814631177, -0.013269374761068597, 0.0027599470332828613, 0.014305460635080758, 0.010119596731450686, 0.012546465618349822, 0.011645292557344922, 0.012322856781613822, 0.018446755522280922, -0.004951608168104915, 0.02649062790437262, -0.007674024639625632, 0.0036306123765312837, 0.029217873068635436, -0.018849552146730453, -0.009621591130012264]","[0.0, 0.0, 0.0, 0.0, 0.0, 0.0, 0.10460890084505081, 0.09292668849229813, 0.0, 0.08953436464071274, 0.10681825131177902, 0.0, 0.0, 0.13736067712306976, 0.05569780617952347, 0.10963989794254303, 0.0, 0.08352744579315186, 0.0, 0.13736067712306976, 0.0, 0.0, 0.08252528309822083, 0.0, 0.0, 0.0, 0.0, 0.0, 0.0, 0.0]","[0.0, 7.360655170780163e-24, 0.0, 4.422284112330086e-24, 0.0, 0.0, 6.723302952645657e-24, 8.296477713363203e-24, 0.0, 0.0, 0.0, 9.147061203546438e-24, 0.0, 7.99430878374566e-24, 6.881144843109383e-24, 0.0, 0.0, 0.0, 0.0, 0.0, 0.0, -1.0073677990814962e-22, 1.041979314242575e-23, 0.0, 1.0, 0.0, 0.0, 0.0, 0.0, 0.0]","[0.0, 0.0, 0.0035854540040329177, 0.0, 0.00024261175687213354, 0.0, 0.0, 0.0, 0.0, 0.009646311383207557, 0.0, 0.0, 0.0, 0.0, 0.005647766020589098, 0.0, 0.0, 0.0, 0.0, 0.0, 0.009472295490877962, 0.013016156769480975, 0.0012843976179894218, 0.014585117282398733, 0.9357755305387675, 0.0, 0.0, 0.003474042608189957, 0.003270316527593754, 0.0]","[0.0, 0.0, 0.0, 0.0, 0.0, 0.0, 0.10460890084505081, 0.09292668849229813, 0.0, 0.08953436464071274, 0.10681825131177902, 0.0, 0.0, 0.13736067712306976, 0.05569780617952347, 0.10963989794254303, 0.0, 0.08352744579315186, 0.0, 0.13736067712306976, 0.0, 0.0, 0.08252528309822083, 0.0, 0.0, 0.0, 0.0, 0.0, 0.0, 0.0]",0.002117410823580359
20,1.010772553208533,"[0.989279593312609, 1.0097743263330943, 1.0072849833219881, 1.0180980209778843, 1.0046520676742863, 1.0007235220420163, 1.0042768895167629, 0.9973435340866359, 0.9980328877771709, 0.9917890502703682, 1.0094640769887728, 1.0111536696545773, 0.9826619916113879, 1.0031425102951295, 0.9745744301853688, 0.9867306252389314, 1.0027599470332829, 1.0143054606350808, 1.0101195967314507, 1.0125464656183498, 1.011645292557345, 1.0123228567816138, 1.018446755522281, 0.9950483918318951, 1.0264906279043726, 0.9923259753603744, 1.0036306123765313, 1.0292178730686354, 0.9811504478532695, 0.9903784088699877]","[0.9851515894838919, 1.0108595978842962, 1.0211571992228827, 0.9883034241017251, 0.9697849766838814, 0.9949331393400512, 1.0102458671117307, 0.9950542171066521, 1.0150122790186653, 0.9834965885564241, 1.0064833788960215, 1.0117194094146134, 0.9992950070143095, 0.9888138642109814, 0.9943769890624451, 0.991192286755428, 0.9942795771433239, 0.9977861811948635, 0.9868167219465235, 0.9920024517110795, 0.991422845939719, 1.0094556290085157, 0.9922247451070153, 1.0067102134093475, 0.977193043540712, 0.98384287100794, 1.0026424794126867, 1.0004933320874434, 1.0122555695257025, 1.007931042817298]","[-0.01484841051610808, 0.010859597884296246, 0.021157199222882728, -0.011696575898274886, -0.030215023316118583, -0.005066860659948769, 0.0102458671117307, -0.004945782893347905, 0.015012279018665309, -0.01650341144357592, 0.006483378896021463, 0.011719409414613358, -0.0007049929856904891, -0.011186135789018614, -0.0056230109375549064, -0.008807713244571969, -0.005720422856676066, -0.0022138188051364915, -0.013183278053476521, -0.00799754828892052, -0.008577154060281034, 0.009455629008515709, -0.007775254892984695, 0.006710213409347521, -0.022806956459287986, -0.01615712899206001, 0.0026424794126866935, 0.0004933320874433988, 0.012255569525702503, 0.007931042817298062]","[0.0, 0.0, 0.0, 0.0, 0.10755612701177597, 0.0983843207359314, 0.0, 0.0, 0.07957480102777481, 0.0, 0.10755612701177597, 0.0, 0.0, 0.0, 0.0, 0.0, 0.10755612701177597, 0.0, 0.0, 0.0, 0.0882560983300209, 0.10755612701177597, 0.0, 0.0, 0.0, 0.10755612701177597, 0.08844805508852005, 0.10755612701177597, 0.0, 0.0]","[0.0, 0.0, 1.1534699756920348e-22, 0.0, 0.0, 0.0, 0.0, 0.0, 1.1573434276282316e-22, 0.0, 0.0, 0.0, 0.0, 0.0, 0.0, 2.2760662456219466e-22, 0.0, 0.0, 1.1693629837245698e-22, 1.4202565089240517e-22, 0.0, 1.1599614039208728e-22, 1.1572690363808657e-22, 0.0, 1.0, 1.15834773371898e-22, 3.3827203534730594e-22, 0.0, 0.0, 0.0]","[0.0, 0.009855639112284395, 0.0005901998769217221, 0.008742975366422417, 0.015573405758427656, 0.0, 0.009758706824439894, 0.0, 0.008511633241944372, 0.0, 0.006658944140977373, 0.0, 0.004151900754423984, 0.0, 0.0017822643636799245, 0.0010221045414692332, 0.0006964590303310229, 0.0, 0.0, 0.010884292493000968, 0.00019558611583621733, 0.0, 0.008732166857881722, 0.0, 0.9079690907662283, 0.0, 0.004874630755730827, 0.0, 0.0, 0.0]","[0.0, 0.0, 0.0, 0.0, 0.10755612701177597, 0.0983843207359314, 0.0, 0.0, 0.07957480102777481, 0.0, 0.10755612701177597, 0.0, 0.0, 0.0, 0.0, 0.0, 0.10755612701177597, 0.0, 0.0, 0.0, 0.0882560983300209, 0.10755612701177597, 0.0, 0.0, 0.0, 0.10755612701177597, 0.08844805508852005, 0.10755612701177597, 0.0, 0.0]",-0.003991499598585277
21,1.0110625822191157,"[0.9851515894838919, 1.0108595978842962, 1.0211571992228827, 0.9883034241017251, 0.9697849766838814, 0.9949331393400512, 1.0102458671117307, 0.9950542171066521, 1.0150122790186653, 0.9834965885564241, 1.0064833788960215, 1.0117194094146134, 0.9992950070143095, 0.9888138642109814, 0.9943769890624451, 0.991192286755428, 0.9942795771433239, 0.9977861811948635, 0.9868167219465235, 0.9920024517110795, 0.991422845939719, 1.0094556290085157, 0.9922247451070153, 1.0067102134093475, 0.977193043540712, 0.98384287100794, 1.0026424794126867, 1.0004933320874434, 1.0122555695257025, 1.007931042817298]","[1.0125724113345649, 1.0036688685141013, 1.0048188191742478, 1.0079021799767884, 1.0004693976449874, 0.9990149136778205, 1.0203966270425773, 0.9996273041297061, 0.9919990267822689, 1.0196224882958569, 1.0107785674682233, 1.0272039621529632, 0.9980976211051508, 0.9999075112839733, 0.9927298785239733, 0.9818417107944435, 1.0073738394124707, 1.003485769866806, 1.010584422177427, 0.9997278322687673, 1.003079629020169, 1.0186442560926137, 1.0082364237307728, 0.9789389563650601, 0.9990541747078262, 1.0177229882341179, 0.9856251179288962, 0.9910489870497915, 1.000579994886705, 0.9852698424410188]","[0.012572411334564881, 0.003668868514101309, 0.004818819174247757, 0.007902179976788437, 0.00046939764498743486, -0.0009850863221795292, 0.020396627042577276, -0.00037269587029387097, -0.008000973217731078, 0.019622488295856888, 0.010778567468223255, 0.027203962152963168, -0.0019023788948492326, -9.248871602673958e-05, -0.007270121476026681, -0.01815828920555651, 0.007373839412470717, 0.0034857698668060433, 0.010584422177426944, -0.00027216773123273086, 0.0030796290201688947, 0.018644256092613665, 0.008236423730772824, -0.02106104363493988, -0.0009458252921737964, 0.017722988234117887, -0.014374882071103823, -0.008951012950208503, 0.0005799948867049043, -0.014730157558981216]","[0.0, 0.10009215027093887, 0.0, 0.0, 0.0, 0.0, 0.10009215027093887, 0.0, 0.0, 0.0, 0.0, 0.0, 0.10009215027093887, 0.0, 0.10009215027093887, 0.10009215027093887, 0.10009215027093887, 0.10009215027093887, 0.10009215027093887, 0.0, 0.0, 0.0, 0.0, 0.0, 0.09917064756155014, 0.0, 0.10009215027093887, 0.0, 0.0, 0.0]","[3.410798563354368e-22, 0.0, 0.0, 0.0, 0.0, 0.0, 5.08292172655308e-22, 0.0, 0.0, 0.0, 0.0, 0.0, 3.4381893938624934e-22, 0.0, 3.4249550917506934e-22, 0.0, 0.0, 0.0, 0.0, 3.951918016526934e-22, 3.404063728457068e-22, 3.9953974634212134e-22, 0.0, 0.0, 1.0, 0.0, 3.4445917442260627e-22, 0.0, 3.4468064050271104e-22, 0.0]","[0.0, 0.002010319819653252, 0.00422358069552349, 0.0, 0.0015684837367632167, 0.010546809702366492, 0.0, 0.0, 0.0, 0.010230367356153864, 0.0049813108540767825, 0.02319918444282089, 0.0, 0.00010925940761193735, 0.0, 0.0, 0.0, 0.01829954664205256, 0.009471792541923197, 0.0, 0.0, 0.010165536814767211, 0.0, 0.0, 0.8949876334942216, 0.007567703954860135, 0.0, 0.0026384705372052533, 0.0, 0.0]","[0.0, 0.10009215027093887, 0.0, 0.0, 0.0, 0.0, 0.10009215027093887, 0.0, 0.0, 0.0, 0.0, 0.0, 0.10009215027093887, 0.0, 0.10009215027093887, 0.10009215027093887, 0.10009215027093887, 0.10009215027093887, 0.10009215027093887, 0.0, 0.0, 0.0, 0.0, 0.0, 0.09917064756155014, 0.0, 0.10009215027093887, 0.0, 0.0, 0.0]",-8.826815844529547e-06
22,1.0075738766492495,"[1.0125724113345649, 1.0036688685141013, 1.0048188191742478, 1.0079021799767884, 1.0004693976449874, 0.9990149136778205, 1.0203966270425773, 0.9996273041297061, 0.9919990267822689, 1.0196224882958569, 1.0107785674682233, 1.0272039621529632, 0.9980976211051508, 0.9999075112839733, 0.9927298785239733, 0.9818417107944435, 1.0073738394124707, 1.003485769866806, 1.010584422177427, 0.9997278322687673, 1.003079629020169, 1.0186442560926137, 1.0082364237307728, 0.9789389563650601, 0.9990541747078262, 1.0177229882341179, 0.9856251179288962, 0.9910489870497915, 1.000579994886705, 0.9852698424410188]","[0.9924812807956301, 1.0173208379361307, 1.0045454315039564, 0.9920338724042453, 1.0004595297474501, 0.9971001359518687, 0.9863931386992478, 0.9896899705352903, 1.0148351429757267, 1.0076485139621074, 0.9973480994799843, 1.0018910429075722, 1.0021226885379622, 1.036369386844579, 0.9786256449780203, 1.0151104030385254, 1.0045125029794406, 0.9897576868526151, 0.9911667959251218, 1.0131782973985652, 1.0075170864327376, 0.9744145082926896, 0.9854616170488114, 0.9945214771768887, 1.0008881628019488, 1.0171292605997266, 0.984373329209955, 0.9921786809269998, 1.0084478693803067, 1.0088534367363076]","[-0.007518719204369861, 0.017320837936130706, 0.004545431503956365, -0.007966127595754657, 0.0004595297474501159, -0.002899864048131251, -0.013606861300752171, -0.010310029464709713, 0.014835142975726745, 0.007648513962107417, -0.0026519005200157375, 0.001891042907572249, 0.0021226885379621585, 0.03636938684457891, -0.021374355021979707, 0.0151104030385254, 0.0045125029794406135, -0.010242313147384885, -0.008833204074878198, 0.013178297398565242, 0.00751708643273763, -0.025585491707310393, -0.014538382951188589, -0.0054785228231113425, 0.0008881628019488108, 0.017129260599726637, -0.015626670790044983, -0.00782131907300021, 0.008447869380306727, 0.008853436736307563]","[0.0, 0.0, 0.12515611946582794, 0.0, 0.000528103148099035, 0.0, 0.09121277928352356, 0.0, 0.10925047099590302, 0.0, 0.0, 0.05751114338636398, 0.0, 0.0, 0.1382644772529602, 0.0, 0.0, 0.0, 0.0, 0.0, 0.0, 0.0, 0.12065037339925766, 0.0, 0.11175727099180222, 0.0, 0.0, 0.1212913915514946, 0.12437782436609268, 0.0]","[0.0, 0.0, 0.0, 0.0, 0.0, 0.0, 0.0, -3.193560269749119e-22, 0.0, 0.0, 0.0, -5.390978778062141e-22, -5.394413017452882e-22, 0.0, 0.0, -5.400051473249545e-22, 0.0, -3.7774728573771563e-22, 0.0, 0.0, 0.0, -3.167799885679372e-22, 0.0, -5.4089099146162775e-22, 1.0, 0.0, 0.0, 0.0, -5.380852021847583e-22, -5.408600229395303e-22]","[0.004570206211621545, 0.01703947098365724, 0.015118900291605546, 0.01115917512305958, 0.0, 0.0, 0.0013811298884690716, 0.010793171681600645, 0.0, 0.0, 0.005872113390596365, 0.0012125708766275085, 0.0, 0.0, 0.0005832532003053533, 0.0, 0.00908836024241456, 0.004776995306665812, 0.0, 0.0, 0.012748938730550089, 0.0, 0.008590699034472215, 0.0, 0.8759870804874097, 0.0, 0.0, 0.0, 0.0009220149831216323, 0.02015591956782304]","[0.0, 0.0, 0.12515611946582794, 0.0, 0.000528103148099035, 0.0, 0.09121277928352356, 0.0, 0.10925047099590302, 0.0, 0.0, 0.05751114338636398, 0.0, 0.0, 0.1382644772529602, 0.0, 0.0, 0.0, 0.0, 0.0, 0.0, 0.0, 0.12065037339925766, 0.0, 0.11175727099180222, 0.0, 0.0, 0.1212913915514946, 0.12437782436609268, 0.0]",-0.0039263483639000625
23,1.0105586730320935,"[0.9924812807956301, 1.0173208379361307, 1.0045454315039564, 0.9920338724042453, 1.0004595297474501, 0.9971001359518687, 0.9863931386992478, 0.9896899705352903, 1.0148351429757267, 1.0076485139621074, 0.9973480994799843, 1.0018910429075722, 1.0021226885379622, 1.036369386844579, 0.9786256449780203, 1.0151104030385254, 1.0045125029794406, 0.9897576868526151, 0.9911667959251218, 1.0131782973985652, 1.0075170864327376, 0.9744145082926896, 0.9854616170488114, 0.9945214771768887, 1.0008881628019488, 1.0171292605997266, 0.984373329209955, 0.9921786809269998, 1.0084478693803067, 1.0088534367363076]","[1.0011581730037749, 0.9926648795683822, 1.0115952615618107, 1.0251437732568247, 1.0201823132557972, 0.9847164477438716, 1.007799572915586, 0.9938959032406064, 0.9948083025317989, 1.0013549657290286, 1.0117001120138391, 0.9907227973739108, 1.0147289058648978, 1.0069862733162886, 1.0434468007004813, 1.0206238580434759, 0.9980885786135357, 1.0097735988045153, 1.0229000914080275, 0.9810893001274168, 1.010708853813778, 0.9871845893396373, 0.989980428472307, 0.9969051768213631, 0.9935048096551946, 0.9840801350585463, 1.0024253063894242, 0.9817860253684503, 1.0063169067227078, 1.0184348117450894]","[0.0011581730037748539, -0.00733512043161777, 0.011595261561810677, 0.02514377325682471, 0.020182313255797224, -0.01528355225612843, 0.007799572915585973, -0.006104096759393607, -0.00519169746820114, 0.001354965729028601, 0.011700112013839137, -0.00927720262608922, 0.014728905864897834, 0.006986273316288649, 0.04344680070048135, 0.020623858043475884, -0.0019114213864642737, 0.009773598804515338, 0.022900091408027512, -0.018910699872583203, 0.010708853813778063, -0.012815410660362736, -0.01001957152769295, -0.003094823178636852, -0.0064951903448053905, -0.0159198649414537, 0.0024253063894241755, -0.018213974631549723, 0.0063169067227077935, 0.01843481174508943]","[0.0, 0.0, 0.0, 0.0, 0.1031000167131424, 0.1031000167131424, 0.0, 0.0, 0.0, 0.0931432694196701, 0.1031000167131424, 0.0, 0.0, 0.1031000167131424, 0.0, 0.0, 0.1031000167131424, 0.1031000167131424, 0.0, 0.0, 0.0, 0.0, 0.0, 0.0, 0.1031000167131424, 0.09168294817209244, 0.0, 0.0, 0.0, 0.09347361326217651]","[0.0, 6.146891141082838e-23, 0.0, 0.0, 3.536828988853702e-24, 0.0, 0.0, 0.0, -1.5945195652962415e-22, 0.0, 0.0, 0.0, -1.0409946779054603e-22, 0.0, 0.0, 0.0, 0.0, 0.0, -2.1478690253366968e-22, 0.0, 0.0, -4.8344965208101286e-23, 0.0, 0.0, 1.0, -1.0483118938958267e-22, 2.291693430794656e-22, 0.0, -2.1451194240274934e-22, 0.0]","[0.0, 0.0015895750849064256, 0.0, 0.006179761684743044, 0.0, 0.0, 0.010924297052556679, 0.000736484330515404, 0.009322052210186059, 0.0010314708417154587, 0.0, 0.0, 0.018143235991576225, 0.0, 0.0, 0.0, 0.006260765567028419, 0.0, 0.005867175580794573, 0.005681980323056838, 0.0037833149047349765, 0.0, 0.0, 0.006346762014809186, 0.8990502316811291, 0.0, 0.008567131018817854, 0.0018913422351003214, 0.0, 0.014624419478329397]","[0.0, 0.0, 0.0, 0.0, 0.10310002416372299, 0.10310002416372299, 0.0, 0.0, 0.0, 0.0931432768702507, 0.10310002416372299, 0.0, 0.0, 0.10310002416372299, 0.0, 0.0, 0.10310002416372299, 0.10310002416372299, 0.0, 0.0, 0.0, 0.0, 0.0, 0.0, 0.10310002416372299, 0.09168295562267303, 0.0, 0.0, 0.0, 0.09347362071275711]",0.0025745928478738446
24,1.007770243171347,"[1.0011581730037749, 0.9926648795683822, 1.0115952615618107, 1.0251437732568247, 1.0201823132557972, 0.9847164477438716, 1.007799572915586, 0.9938959032406064, 0.9948083025317989, 1.0013549657290286, 1.0117001120138391, 0.9907227973739108, 1.0147289058648978, 1.0069862733162886, 1.0434468007004813, 1.0206238580434759, 0.9980885786135357, 1.0097735988045153, 1.0229000914080275, 0.9810893001274168, 1.010708853813778, 0.9871845893396373, 0.989980428472307, 0.9969051768213631, 0.9935048096551946, 0.9840801350585463, 1.0024253063894242, 0.9817860253684503, 1.0063169067227078, 1.0184348117450894]","[0.9837731403465811, 0.9904376464705379, 0.993451118915475, 0.9942416627113112, 1.000092957726075, 1.00586870307127, 0.9955376253873258, 1.0052662115064024, 0.9974919954829764, 1.005992754530534, 1.0203462454051455, 1.0092818094654001, 0.9962675665912579, 0.9948011516589349, 1.021327043855199, 0.9877679871611208, 1.000691678203242, 0.99938541743948, 0.9857649872208618, 0.9993295403209754, 1.0035365195995511, 0.9897367322568374, 0.9960002885377525, 0.9778718643891616, 0.9989324498371855, 0.9849329097321414, 0.9914205190018488, 0.9910123766207445, 1.0177890106154277, 1.0027616109647295]","[-0.016226859653418857, -0.009562353529462109, -0.0065488810845250045, -0.005758337288688797, 9.295772607509356e-05, 0.005868703071270076, -0.00446237461267418, 0.005266211506402385, -0.0025080045170235987, 0.00599275453053405, 0.020346245405145513, 0.009281809465400137, -0.003732433408742075, -0.005198848341065099, 0.0213270438551989, -0.012232012838879203, 0.0006916782032420077, -0.0006145825605200494, -0.01423501277913819, -0.0006704596790245709, 0.0035365195995511467, -0.010263267743162552, -0.003999711462247535, -0.022128135610838373, -0.0010675501628144568, -0.015067090267858574, -0.008579480998151201, -0.008987623379255516, 0.017789010615427703, 0.0027616109647294884]","[0.0, 0.0, 0.07945743203163147, 0.0, 0.0, 0.0, 0.07706808298826218, 0.12229324877262115, 0.12229324877262115, 0.05823025479912758, 0.0, 0.0, 0.0, 0.0, 0.0, 0.10957520455121994, 0.12229324877262115, 0.0, 0.0, 0.0, 0.12229324877262115, 0.06420277059078217, 0.0, 0.0, 0.0, 0.0, 0.0, 0.12229324877262115, 0.0, 0.0]","[0.0, 6.230887589244908e-22, 0.0, 0.0, 4.527916975886114e-22, 0.0, 3.180553409332618e-22, 0.0, 3.480895129586273e-22, 0.0, 0.0, 0.0, 0.0, 0.0, 0.0, 0.0, 0.0, 5.103447663067056e-22, 0.0, 0.0, 0.0, 3.475824166427316e-22, 0.0, 0.0, 1.0, 3.4584144965754445e-22, 0.0, 4.502857883306281e-22, 0.0, 2.921338534214751e-22]","[0.006019477022122676, 0.0, 0.0019869949186985723, 0.00043272647056354774, 0.0, 0.0, 0.0008917568113851839, 0.006904407119932632, 0.0, 0.012921439489476138, 0.002821089551995581, 0.0, 0.0, 0.0, 0.0, 0.001278606752609382, 0.0, 0.0, 0.0006388720071981376, 0.0032762983995521153, 0.01725571231104148, 0.0, 0.0, 0.009189675945540652, 0.9036933203134936, 0.0, 0.01705622700880428, 0.013048730575969256, 0.00258466530161676, 0.0]","[0.0, 0.0, 0.07945743203163147, 0.0, 0.0, 0.0, 0.07706808298826218, 0.12229324877262115, 0.12229324877262115, 0.05823025479912758, 0.0, 0.0, 0.0, 0.0, 0.0, 0.10957520455121994, 0.12229324877262115, 0.0, 0.0, 0.0, 0.12229324877262115, 0.06420277059078217, 0.0, 0.0, 0.0, 0.0, 0.0, 0.12229324877262115, 0.0, 0.0]",-0.003105856817076197
25,1.010683839759885,"[0.9837731403465811, 0.9904376464705379, 0.993451118915475, 0.9942416627113112, 1.000092957726075, 1.00586870307127, 0.9955376253873258, 1.0052662115064024, 0.9974919954829764, 1.005992754530534, 1.0203462454051455, 1.0092818094654001, 0.9962675665912579, 0.9948011516589349, 1.021327043855199, 0.9877679871611208, 1.000691678203242, 0.99938541743948, 0.9857649872208618, 0.9993295403209754, 1.0035365195995511, 0.9897367322568374, 0.9960002885377525, 0.9778718643891616, 0.9989324498371855, 0.9849329097321414, 0.9914205190018488, 0.9910123766207445, 1.0177890106154277, 1.0027616109647295]","[1.005245846053166, 1.0024581232739032, 1.0176170690860213, 0.9819007261906674, 1.0056849150360212, 0.9851079657150281, 0.9781160038389025, 0.9916356820838059, 0.9943583652611068, 1.015292115374631, 0.9905728385312007, 0.9787165364257425, 0.9990308706861792, 0.9993692132467313, 1.007847326691278, 1.008996436020408, 0.985139613253974, 0.9920365237776642, 0.9966877023287035, 1.0167247263793548, 1.0000188151897635, 1.005374615362369, 1.012794618485826, 0.9999988062547589, 0.9993487834371055, 1.0285055335177813, 0.9905785868850892, 0.9816272916299055, 0.9922835535366457, 0.9900293340967061]","[0.005245846053165915, 0.0024581232739031567, 0.017617069086021342, -0.018099273809332628, 0.005684915036021199, -0.014892034284971878, -0.021883996161097485, -0.008364317916194075, -0.005641634738893231, 0.015292115374631043, -0.009427161468799294, -0.021283463574257477, -0.0009691293138207602, -0.000630786753268664, 0.007847326691277967, 0.008996436020408005, -0.014860386746025966, -0.007963476222335841, -0.0033122976712964824, 0.01672472637935485, 1.881518976354357e-05, 0.005374615362369051, 0.012794618485826081, -1.193745241101496e-06, -0.0006512165628944633, 0.02850553351778129, -0.009421413114910848, -0.018372708370094526, -0.007716446463354343, -0.009970665903293874]","[0.0, 0.0, 0.10046993941068649, 0.0, 0.10046993941068649, 0.0, 0.0, 0.10046993941068649, 0.0, 0.0, 0.10046993941068649, 0.0, 0.0, 0.0, 0.0, 0.095770463347435, 0.10046993941068649, 0.10046993941068649, 0.0, 0.10046993941068649, 0.0, 0.0, 0.0, 0.0, 0.0, 0.10046993941068649, 0.0, 0.0, 0.10046993941068649, 0.0]","[3.4148559432334422e-22, 0.0, 0.0, 0.0, 3.3956682038582877e-22, 0.0, 0.0, 0.0, 0.0, 0.0, 0.0, 3.441167085797535e-22, 0.0, 0.0, 0.0, 2.3336878201026525e-22, 0.0, 2.8533780651094516e-22, 0.0, 0.0, 0.0, 2.3251357454101184e-22, 0.0, 5.646347580818569e-22, 1.0, 0.0, 3.443920319749577e-22, 3.3753759644908853e-22, 0.0, 0.0]","[0.015519972463587934, 0.0, 0.013570464277171537, 0.0, 0.0035090739619535794, 0.005944176861232656, 0.0, 0.0, 0.003999402509246995, 0.006440825803920981, 0.0, 0.0, 0.0, 0.0, 0.0, 0.005952206865934215, 0.012027919947977899, 0.0, 0.006056095856332742, 0.01566358110617707, 0.0, 0.0048523548419876295, 0.0033978966920970347, 0.004448529257051509, 0.8895973335179331, 0.0, 0.008246735260637817, 0.00021720475300640991, 0.0, 0.0005562260237509339]","[0.0, 0.0, 0.10046995431184769, 0.0, 0.10046995431184769, 0.0, 0.0, 0.10046995431184769, 0.0, 0.0, 0.10046995431184769, 0.0, 0.0, 0.0, 0.0, 0.09577047824859619, 0.10046995431184769, 0.10046995431184769, 0.0, 0.10046995431184769, 0.0, 0.0, 0.0, 0.0, 0.0, 0.10046995431184769, 0.0, 0.0, 0.10046995431184769, 0.0]",0.00264133181843639
26,1.0055537471474125,"[1.005245846053166, 1.0024581232739032, 1.0176170690860213, 0.9819007261906674, 1.0056849150360212, 0.9851079657150281, 0.9781160038389025, 0.9916356820838059, 0.9943583652611068, 1.015292115374631, 0.9905728385312007, 0.9787165364257425, 0.9990308706861792, 0.9993692132467313, 1.007847326691278, 1.008996436020408, 0.985139613253974, 0.9920365237776642, 0.9966877023287035, 1.0167247263793548, 1.0000188151897635, 1.005374615362369, 1.012794618485826, 0.9999988062547589, 0.9993487834371055, 1.0285055335177813, 0.9905785868850892, 0.9816272916299055, 0.9922835535366457, 0.9900293340967061]","[1.0184420472865, 0.987852884198801, 0.9981240058909978, 1.0076834709702418, 0.9968524334080575, 1.0065586410664207, 0.9834503623224773, 1.0039882010810532, 1.0293459606325197, 1.011280191344423, 0.9934729201725168, 1.0064417656216567, 0.9754955396621849, 0.9835838388685285, 0.9994417238922862, 1.0131564318988338, 1.0046000163334043, 1.0085514654798367, 1.016132037579414, 1.0011830139294657, 0.9944620276064875, 0.9847418315093203, 1.0147033670693966, 0.9901857495536103, 1.0057579946336226, 0.9994140826158191, 1.0008504775609621, 0.9803896193926356, 0.9839815762175151, 0.9867509848969421]","[0.018442047286499896, -0.012147115801198982, -0.001875994109002188, 0.007683470970241801, -0.0031475665919424856, 0.0065586410664206785, -0.01654963767752271, 0.003988201081053244, 0.029345960632519708, 0.01128019134442293, -0.00652707982748324, 0.006441765621656659, -0.02450446033781506, -0.016416161131471485, -0.000558276107713751, 0.013156431898833754, 0.004600016333404344, 0.00855146547983665, 0.01613203757941406, 0.0011830139294657371, -0.0055379723935125025, -0.015258168490679735, 0.014703367069396567, -0.009814250446389727, 0.005757994633622587, -0.0005859173841809007, 0.0008504775609621262, -0.01961038060736442, -0.01601842378248486, -0.01324901510305787]","[0.0, 0.0, 0.10246539115905762, 0.0, 0.0, 0.0, 0.0, 0.0, 0.0, 0.0, 0.10246539115905762, 0.0, 0.0, 0.10246539115905762, 0.0, 0.09602233022451401, 0.10246539115905762, 0.0, 0.0, 0.10092663019895554, 0.08773073554039001, 0.10246539115905762, 0.0, 0.10246539115905762, 0.0, 0.0, 0.0, 0.0, 0.0, 0.10052789747714996]","[0.0, 2.3331954564513336e-22, 2.367963285633377e-22, 0.0, 0.0, 0.0, 0.0, 0.0, 0.0, 0.0, 2.341915903889845e-22, 0.0, 0.0, 3.4443090199905277e-22, 0.0, 0.0, 0.0, 0.0, 3.480546397322049e-22, 0.0, 0.0, 2.3527736835769463e-22, 0.0, 3.452310531801569e-22, 1.0, 3.4487612850881984e-22, 0.0, 0.0, 0.0, 2.907413452893341e-22]","[0.011780817241976988, 0.010244340411643146, 0.0, 0.0, 0.0, 0.0, 0.0, 0.007861885784327399, 0.005433659160366926, 0.0, 0.01335804827217515, 0.0, 0.008274287398844086, 0.004059066425254983, 0.0, 0.0018896350936671747, 0.0, 0.010009530207681893, 0.0, 0.00894916937140729, 0.006849823089554228, 0.0, 0.0, 0.0, 0.8741842210626568, 0.003970857308547344, 0.0, 0.005639244007590674, 0.02024188394536049, 0.007253531218945538]","[0.0, 0.0, 0.10246539860963821, 0.0, 0.0, 0.0, 0.0, 0.0, 0.0, 0.0, 0.10246539860963821, 0.0, 0.0, 0.10246539860963821, 0.0, 0.0960223376750946, 0.10246539860963821, 0.0, 0.0, 0.10092663764953613, 0.08773074299097061, 0.10246539860963821, 0.0, 0.10246539860963821, 0.0, 0.0, 0.0, 0.0, 0.0, 0.10052790492773056]",-0.0054275947865406364
27,0.995925905964831,"[1.0184420472865, 0.987852884198801, 0.9981240058909978, 1.0076834709702418, 0.9968524334080575, 1.0065586410664207, 0.9834503623224773, 1.0039882010810532, 1.0293459606325197, 1.011280191344423, 0.9934729201725168, 1.0064417656216567, 0.9754955396621849, 0.9835838388685285, 0.9994417238922862, 1.0131564318988338, 1.0046000163334043, 1.0085514654798367, 1.016132037579414, 1.0011830139294657, 0.9944620276064875, 0.9847418315093203, 1.0147033670693966, 0.9901857495536103, 1.0057579946336226, 0.9994140826158191, 1.0008504775609621, 0.9803896193926356, 0.9839815762175151, 0.9867509848969421]","[0.9876403236911296, 1.0169967866743301, 0.9902879722968808, 1.0091600584586846, 0.9749562013918243, 1.005624569442629, 1.0065883597707808, 1.012033841299883, 0.9900053877809595, 1.0128617551901025, 0.9971843230865307, 1.0039818123041873, 1.014556579952917, 1.0081043304489947, 0.989141133103794, 0.9968633445123872, 1.0041426766506112, 1.0046243830097605, 0.9867007927048386, 0.9834018348502707, 0.9876826164340888, 0.9808234706361866, 1.0025824977266222, 1.004670575857166, 0.9757234473644871, 0.9935785985092634, 1.0084428836706385, 0.9688841985865221, 0.9894891102762677, 1.0146072610014498]","[-0.01235967630887036, 0.016996786674330133, -0.009712027703119186, 0.009160058458684617, -0.025043798608175738, 0.005624569442628902, 0.006588359770780761, 0.012033841299883052, -0.009994612219040522, 0.012861755190102464, -0.0028156769134692894, 0.00398181230418726, 0.014556579952917037, 0.008104330448994723, -0.010858866896205965, -0.0031366554876127717, 0.004142676650611188, 0.004624383009760535, -0.01329920729516143, -0.016598165149729338, -0.012317383565911166, -0.01917652936381342, 0.0025824977266222238, 0.004670575857165904, -0.02427655263551287, -0.006421401490736556, 0.008442883670638501, -0.031115801413477917, -0.010510889723732264, 0.014607261001449823]","[0.10076338052749634, 0.0, 0.0, 0.0, 0.0, 0.0, 0.0, 0.0, 0.0, 0.0, 0.0, 0.0, 0.0, 0.0, 0.10076338052749634, 0.10076338052749634, 0.0, 0.10076338052749634, 0.10076338052749634, 0.10076338052749634, 0.0, 0.10076338052749634, 0.10076338052749634, 0.09312961250543594, 0.0, 0.0, 0.0, 0.10076338052749634, 0.0, 0.0]","[0.0, 1.1974648745939555e-22, 2.333497269271882e-22, 1.7183734987520932e-22, 0.0, 0.0, 0.0, 0.0, 9.350507573424851e-23, 0.0, 0.0, 0.0, 0.0, 0.0, 0.0, 0.0, 1.1775604607871603e-22, 0.0, 0.0, 0.0, 1.1902636160105718e-22, 1.2131184017428125e-22, 0.0, 0.0, 1.0, 0.0, 2.3295128634638834e-22, 2.263620129138107e-22, 0.0, 0.0]","[0.0, 0.01887915602413091, 0.012498067615978747, 0.0025020403055570697, 0.0033725129903413907, 0.002263563752447192, 0.0, 0.008616095441919533, 0.0, 0.0, 0.0, 0.0, 0.0017929306972396294, 0.00963001495579381, 0.004831586927175242, 0.0, 0.0074909920816657125, 0.003847005697582941, 0.0, 0.0029005554743592055, 0.003248478627879114, 0.0028254377899410606, 0.006041585083388446, 0.00043098668283036957, 0.8886009990361184, 0.0, 0.0, 0.0, 0.01323720625155824, 0.006990784564092936]","[0.10076338052749634, 0.0, 0.0, 0.0, 0.0, 0.0, 0.0, 0.0, 0.0, 0.0, 0.0, 0.0, 0.0, 0.0, 0.10076338052749634, 0.10076338052749634, 0.0, 0.10076338052749634, 0.10076338052749634, 0.10076338052749634, 0.0, 0.10076338052749634, 0.10076338052749634, 0.09312961250543594, 0.0, 0.0, 0.0, 0.10076338052749634, 0.0, 0.0]",-0.01010594180214051
28,0.9968316028769667,"[0.9876403236911296, 1.0169967866743301, 0.9902879722968808, 1.0091600584586846, 0.9749562013918243, 1.005624569442629, 1.0065883597707808, 1.012033841299883, 0.9900053877809595, 1.0128617551901025, 0.9971843230865307, 1.0039818123041873, 1.014556579952917, 1.0081043304489947, 0.989141133103794, 0.9968633445123872, 1.0041426766506112, 1.0046243830097605, 0.9867007927048386, 0.9834018348502707, 0.9876826164340888, 0.9808234706361866, 1.0025824977266222, 1.004670575857166, 0.9757234473644871, 0.9935785985092634, 1.0084428836706385, 0.9688841985865221, 0.9894891102762677, 1.0146072610014498]","[0.9961953957988853, 1.0134657981797761, 0.9980011719571736, 0.994390667249691, 1.0136378312191399, 0.9875909992418007, 1.0115745775174139, 1.0135489252757324, 0.9900236060857495, 0.9930863437751439, 0.9914540836052798, 0.9810969621716895, 1.012259673422456, 1.0008548963098978, 1.0026955851332027, 0.9872264725222563, 0.9908644444496694, 1.013079129666405, 0.9826222182219653, 1.0010610292762272, 0.9959196625136831, 1.0048348625817318, 1.0192418941417127, 0.9971572615801172, 1.018800486346786, 1.0178962892432006, 1.021471331238326, 0.9849813709764312, 1.0036836916791843, 0.9864392105627985]","[-0.003804604201114725, 0.013465798179776112, -0.0019988280428263616, -0.0056093327503089485, 0.013637831219139862, -0.012409000758199284, 0.011574577517413864, 0.01354892527573237, -0.009976393914250536, -0.0069136562248560685, -0.008545916394720243, -0.018903037828310487, 0.012259673422456041, 0.000854896309897768, 0.0026955851332026715, -0.01277352747774374, -0.009135555550330632, 0.01307912966640501, -0.01737778177803473, 0.001061029276227199, -0.004080337486316865, 0.004834862581731825, 0.019241894141712734, -0.0028427384198828065, 0.018800486346786105, 0.017896289243200636, 0.021471331238325897, -0.015018629023568764, 0.0036836916791842533, -0.013560789437201515]","[0.0, 0.10625223070383072, 0.10625223070383072, 0.0, 0.10625223070383072, 0.0, 0.0788627564907074, 0.0, 0.0, 0.0, 0.0, 0.0, 0.0, 0.0, 0.09959856420755386, 0.0, 0.09018854796886444, 0.10625223070383072, 0.093836709856987, 0.0, 0.10625223070383072, 0.0, 0.0, 0.0, 0.0, 0.0, 0.0, 0.0, 0.0, 0.10625223070383072]","[0.0, 0.0, 0.0, 0.37992600882613453, -1.3987170252144176e-24, 0.0, 0.0, 0.0, 0.0, 0.6200739911738655, 0.0, 3.6692331934688455e-22, 0.0, 0.0, 0.0, 0.0, 0.0, 0.0, 3.695434691546979e-22, 0.0, 0.0, 7.041123826174388e-23, 0.0, -8.956452232957024e-23, -1.1533132641591303e-23, 0.0, 7.238123202140083e-22, 0.0, 0.0, 5.695234157105667e-22]","[0.0, 0.0, 0.0, 0.35006519553220733, 0.0, 0.0, 0.001707266200921986, 0.0, 0.0002425070195318567, 0.5768402474037315, 0.0, 0.010854062540274717, 0.001073703328010615, 0.002031340237846799, 0.002219733266692085, 0.01590134577676824, 0.00033360123416945845, 0.0, 0.0, 0.0, 0.0007971547311132849, 0.019342238653258487, 0.002856809117969726, 0.0, 0.0, 0.010888600633489525, 0.0, 0.0026088232167290754, 0.0022373711072853557, 0.0]","[0.0, 0.10625223070383072, 0.10625223070383072, 0.0, 0.10625223070383072, 0.0, 0.0788627564907074, 0.0, 0.0, 0.0, 0.0, 0.0, 0.0, 0.0, 0.09959856420755386, 0.0, 0.09018854796886444, 0.10625223070383072, 0.093836709856987, 0.0, 0.10625223070383072, 0.0, 0.0, 0.0, 0.0, 0.0, 0.0, 0.0, 0.0, 0.10625223070383072]",0.0005348569463316322
29,0.9938633976166787,"[0.9961953957988853, 1.0134657981797761, 0.9980011719571736, 0.994390667249691, 1.0136378312191399, 0.9875909992418007, 1.0115745775174139, 1.0135489252757324, 0.9900236060857495, 0.9930863437751439, 0.9914540836052798, 0.9810969621716895, 1.012259673422456, 1.0008548963098978, 1.0026955851332027, 0.9872264725222563, 0.9908644444496694, 1.013079129666405, 0.9826222182219653, 1.0010610292762272, 0.9959196625136831, 1.0048348625817318, 1.0192418941417127, 0.9971572615801172, 1.018800486346786, 1.0178962892432006, 1.021471331238326, 0.9849813709764312, 1.0036836916791843, 0.9864392105627985]","[1.0027139848891609, 0.9854839724548684, 0.9967978824254067, 0.9870956760566553, 0.9856052376626524, 0.9776076026582174, 0.9868218185217672, 1.023115056366759, 0.9803466617862558, 1.0026452396958878, 1.0250825568816981, 0.9862276153126669, 1.019874598783262, 0.993227944483339, 1.0261504939041706, 0.9951477306982869, 1.0188338926943479, 1.0243824948132034, 1.0063292507935, 1.0195591340569115, 0.9963285638148408, 1.0163224919131093, 1.0000004867423424, 0.994707908076388, 0.9815429933676157, 1.0185451264797227, 1.0096023504020402, 0.9943187560163609, 1.0012660093670958, 0.9951969405943125]","[0.0027139848891608587, -0.014516027545131593, -0.0032021175745933217, -0.012904323943344731, -0.0143947623373476, -0.022392397341782555, -0.013178181478232798, 0.023115056366759035, -0.019653338213744154, 0.0026452396958878133, 0.025082556881698137, -0.013772384687333106, 0.019874598783262032, -0.006772055516661046, 0.02615049390417057, -0.004852269301713119, 0.018833892694347876, 0.024382494813203426, 0.006329250793499996, 0.019559134056911454, -0.0036714361851591937, 0.016322491913109305, 4.86742342431512e-07, -0.005292091923612019, -0.018457006632384254, 0.01854512647972273, 0.00960235040204016, -0.005681243983639117, 0.001266009367095755, -0.004803059405687482]","[0.0, 0.0, 0.0, 0.0, 0.0, 0.08117843419313431, 0.10997672379016876, 0.06619354337453842, 0.1228107213973999, 0.0, 0.0, 0.1228107213973999, 0.05587771162390709, 0.0, 0.0, 0.0, 0.0, 0.0, 0.0, 0.09991774708032608, 0.0, 0.0, 0.0, 0.0, 0.09682952612638474, 0.1228107213973999, 0.0, 0.12159405648708344, 0.0, 0.0]","[0.0, 0.0, 0.0, 4.533378325137243e-22, 0.0, 0.0, 2.897009641025149e-22, 0.0, 4.0203217293493596e-22, 0.0, 2.3504975515602312e-22, 0.0, 2.374673445146451e-22, 2.348821600512537e-22, 0.0, 2.3692923046528997e-22, 0.0, 0.0, 0.0, 0.0, 0.0, 0.0, 0.0, 0.0, 1.0, 2.888372344363984e-22, 0.0, 0.0, 2.367805384492064e-22, 0.0]","[0.0, 0.002071284688277444, 0.0, 0.0, 0.0011475837211188395, 0.021219819344851933, 0.026497121990551153, 0.0, 0.0009144631497172187, 0.0, 0.0052630818163029985, 0.0, 0.0, 0.0, 0.006927528169687078, 0.0, 0.0, 0.0046248280260376, 0.0038745312773389106, 0.0013186014437532479, 0.006690534385360511, 0.011880114781200192, 0.006531904648614581, 0.0, 0.8869955878414573, 0.005182373235048111, 0.0008369737562542233, 0.0, 0.0, 0.008023667724428824]","[0.0, 0.0, 0.0, 0.0, 0.0, 0.0811784416437149, 0.10997673869132996, 0.06619355082511902, 0.1228107362985611, 0.0, 0.0, 0.1228107362985611, 0.055877719074487686, 0.0, 0.0, 0.0, 0.0, 0.0, 0.0, 0.09991776198148727, 0.0, 0.0, 0.0, 0.0, 0.09682954102754593, 0.1228107362985611, 0.0, 0.12159407138824463, 0.0, 0.0]",-0.00335159936723324
30,0.9982067792795454,"[1.0027139848891609, 0.9854839724548684, 0.9967978824254067, 0.9870956760566553, 0.9856052376626524, 0.9776076026582174, 0.9868218185217672, 1.023115056366759, 0.9803466617862558, 1.0026452396958878, 1.0250825568816981, 0.9862276153126669, 1.019874598783262, 0.993227944483339, 1.0261504939041706, 0.9951477306982869, 1.0188338926943479, 1.0243824948132034, 1.0063292507935, 1.0195591340569115, 0.9963285638148408, 1.0163224919131093, 1.0000004867423424, 0.994707908076388, 0.9815429933676157, 1.0185451264797227, 1.0096023504020402, 0.9943187560163609, 1.0012660093670958, 0.9951969405943125]","[0.9929587708296761, 1.0123875839296914, 1.0148829943456206, 0.9898611975022511, 1.0245681670661009, 1.0039160459208518, 0.9838505620131001, 1.0171792619445394, 1.0229820377225156, 1.010835499462235, 0.9996558522748785, 0.9713176127728557, 1.0163842910132943, 1.006640486461445, 1.00725882307606, 1.0016206274967248, 0.9990849423032665, 1.0095447003302644, 1.013574161916737, 0.9810778425184161, 1.0040111130394638, 0.9998683152403016, 1.003113596063575, 1.0154989555744518, 0.9850435184501762, 0.9906418118579342, 0.9908391048590921, 1.005935415400853, 1.0075948660206275, 1.013341274932619]","[-0.007041229170323904, 0.012387583929691415, 0.01488299434562057, -0.0101388024977489, 0.024568167066100877, 0.003916045920851818, -0.01614943798689994, 0.017179261944539448, 0.022982037722515614, 0.010835499462235054, -0.00034414772512147973, -0.028682387227144335, 0.016384291013294305, 0.006640486461445105, 0.0072588230760599615, 0.001620627496724758, -0.0009150576967335011, 0.009544700330264444, 0.013574161916737104, -0.01892215748158388, 0.004011113039463776, -0.00013168475969838056, 0.003113596063575086, 0.0154989555744518, -0.014956481549823764, -0.009358188142065793, -0.009160895140907899, 0.005935415400853072, 0.007594866020627533, 0.01334127493261894]","[0.10665233433246613, 0.0, 0.10248381644487381, 0.0, 0.09783506393432617, 0.0, 0.0, 0.0, 0.0, 0.10236375778913498, 0.09452972561120987, 0.0, 0.0, 0.0, 0.0, 0.0, 0.0, 0.0, 0.0996754989027977, 0.10665233433246613, 0.0857936292886734, 0.0, 0.0, 0.0, 0.0, 0.10067255049943924, 0.0, 0.0, 0.0, 0.10334125906229019]","[0.0, 3.3929271401194915e-22, 0.0, 0.0, 0.0, 0.0, 0.0, 1.2052853004567902e-22, 1.1773857637494692e-22, 0.0, 0.0, 1.2035955698887896e-22, 0.0, 0.0, 1.1744579436316707e-22, 0.0, 0.0, 2.653151126472248e-22, 1.1913937463401495e-22, 1.0, 0.0, 0.0, 0.0, 1.1845431624060797e-22, 0.0, 1.447704024111043e-22, 0.0, 0.0, 0.0, 0.0]","[0.011386638470443603, 0.0, 0.002938048216414242, 0.0151719780685461, 0.0, 0.004933034612372088, 0.0, 0.016281746308247923, 0.0, 0.0001682794909710426, 0.0, 0.0, 0.0, 0.0, 0.011430059375807636, 0.0, 0.0, 0.003791817388653418, 0.0, 0.9047838159035299, 0.0, 0.0, 0.010114999714225605, 0.0, 0.0, 0.0036389168268935834, 0.009847946960647587, 0.0, 0.0, 0.005512718663247291]","[0.10665234178304672, 0.0, 0.1024838238954544, 0.0, 0.09783507138490677, 0.0, 0.0, 0.0, 0.0, 0.10236376523971558, 0.09452973306179047, 0.0, 0.0, 0.0, 0.0, 0.0, 0.0, 0.0, 0.0996755063533783, 0.10665234178304672, 0.085793636739254, 0.0, 0.0, 0.0, 0.0, 0.10067255795001984, 0.0, 0.0, 0.0, 0.10334126651287079]",0.003935246841798417
31,0.9969390084146943,"[0.9929587708296761, 1.0123875839296914, 1.0148829943456206, 0.9898611975022511, 1.0245681670661009, 1.0039160459208518, 0.9838505620131001, 1.0171792619445394, 1.0229820377225156, 1.010835499462235, 0.9996558522748785, 0.9713176127728557, 1.0163842910132943, 1.006640486461445, 1.00725882307606, 1.0016206274967248, 0.9990849423032665, 1.0095447003302644, 1.013574161916737, 0.9810778425184161, 1.0040111130394638, 0.9998683152403016, 1.003113596063575, 1.0154989555744518, 0.9850435184501762, 0.9906418118579342, 0.9908391048590921, 1.005935415400853, 1.0075948660206275, 1.013341274932619]","[0.9925268569819699, 1.0216622613627415, 1.0163383570266138, 1.0077405483894166, 0.9932852113203837, 0.9922045077203285, 1.0233751119546648, 0.9949040672186851, 1.0139545239267194, 0.9974975610277098, 1.0040547042841166, 1.005689925503265, 0.9886145114271516, 0.986358085276138, 1.0087387940311427, 0.9991409521713867, 0.9974063176808963, 0.9888144522959015, 0.9941194653516376, 0.9960267431275098, 1.0095242636134516, 0.9806836289921709, 1.002791648419104, 1.0055787977513184, 0.9937643905486326, 1.001730319491368, 0.9916796279120238, 1.0107042353127642, 0.9789339736553447, 0.9966607618673822]","[-0.007473143018030148, 0.02166226136274152, 0.016338357026613792, 0.007740548389416624, -0.006714788679616279, -0.007795492279671468, 0.023375111954664796, -0.005095932781314927, 0.013954523926719364, -0.0025024389722901885, 0.004054704284116584, 0.00568992550326497, -0.011385488572848379, -0.013641914723862003, 0.00873879403114275, -0.0008590478286133463, -0.0025936823191037295, -0.01118554770409852, -0.005880534648362357, -0.003973256872490172, 0.0095242636134516, -0.019316371007829125, 0.0027916484191039537, 0.005578797751318421, -0.006235609451367363, 0.0017303194913680375, -0.008320372087976202, 0.01070423531276421, -0.021066026344655264, -0.0033392381326178278]","[0.0, 0.0, 0.0, 0.0, 0.04630265384912491, 0.0, 0.1372056007385254, 0.0, 0.04433358088135719, 0.0, 0.0, 0.0, 0.1372056007385254, 0.0, 0.0, 0.0, 0.029010333120822906, 0.1372056007385254, 0.0, 0.0, 0.09414666146039963, 0.1372056007385254, 0.0, 0.1372056007385254, 0.10017874836921692, 0.0, 0.0, 0.0, 0.0, 0.0]","[0.0, 0.0, 0.0, 0.0, 0.0, 1.257346842176167e-22, 0.0, 1.2265319915697344e-22, 0.0, 0.0, 1.4913007112973524e-23, 0.0, 0.0, 1.7122874567130955e-23, 0.0, 1.6108503091944112e-23, 0.0, 1.0, 1.1603590372720182e-23, 1.0098259896872627e-22, 0.0, 0.0, 0.0, 0.0, 0.0, 1.3385217054714321e-23, 0.0, 0.0, -9.073625413415674e-23, 0.0]","[0.00780003991437372, 0.005390410039482633, 0.0, 0.0, 0.0034128277319890534, 0.004081023240862312, 0.0, 0.004481984911840922, 0.010366388391275419, 0.0028915063028234454, 0.014956138231883393, 0.0, 0.0, 0.0, 0.0007121975102590567, 0.0011635379669362772, 0.0, 0.9084074217756377, 0.00010107023162948623, 0.00597622051233726, 0.0, 0.0, 0.006661607065185732, 0.006959941787576864, 0.0, 0.0, 0.0050642351878458685, 0.0, 0.011573449198061147, 0.0]","[0.0, 0.0, 0.0, 0.0, 0.04630265384912491, 0.0, 0.1372056007385254, 0.0, 0.04433358088135719, 0.0, 0.0, 0.0, 0.1372056007385254, 0.0, 0.0, 0.0, 0.029010333120822906, 0.1372056007385254, 0.0, 0.0, 0.09414666146039963, 0.1372056007385254, 0.0, 0.1372056007385254, 0.10017874836921692, 0.0, 0.0, 0.0, 0.0, 0.0]",-0.001705002959435566
32,0.9913047249246599,"[0.9925268569819699, 1.0216622613627415, 1.0163383570266138, 1.0077405483894166, 0.9932852113203837, 0.9922045077203285, 1.0233751119546648, 0.9949040672186851, 1.0139545239267194, 0.9974975610277098, 1.0040547042841166, 1.005689925503265, 0.9886145114271516, 0.986358085276138, 1.0087387940311427, 0.9991409521713867, 0.9974063176808963, 0.9888144522959015, 0.9941194653516376, 0.9960267431275098, 1.0095242636134516, 0.9806836289921709, 1.002791648419104, 1.0055787977513184, 0.9937643905486326, 1.001730319491368, 0.9916796279120238, 1.0107042353127642, 0.9789339736553447, 0.9966607618673822]","[1.00116482476146, 0.9771881706444827, 1.0040605288819366, 1.0075004411847552, 0.9988352869403164, 1.016799983723905, 0.9835221938456367, 0.98405128070148, 1.0153788710820655, 0.9840533922112883, 0.9972349765237658, 1.0080055890233464, 0.9841492348317017, 0.9873543822092032, 1.01762402211076, 0.98929953804636, 0.9846498617100018, 1.0053193207367883, 1.0069624930607175, 1.0138519935941774, 1.010895813396642, 0.9780467117408462, 0.9950972627874265, 1.0210303584233755, 0.9823726680459038, 0.9997785784176201, 0.9988499735209758, 1.015685446410586, 0.9963553728003125, 1.006220603255402]","[0.0011648247614599594, -0.022811829355517288, 0.0040605288819366425, 0.0075004411847552355, -0.0011647130596835753, 0.01679998372390501, -0.01647780615436334, -0.015948719298520042, 0.015378871082065482, -0.01594660778871171, -0.0027650234762341963, 0.00800558902334636, -0.01585076516829831, -0.01264561779079676, 0.017624022110759974, -0.01070046195364005, -0.015350138289998205, 0.005319320736788313, 0.006962493060717501, 0.013851993594177436, 0.010895813396641918, -0.02195328825915377, -0.004902737212573505, 0.021030358423375528, -0.01762733195409616, -0.0002214215823799215, -0.0011500264790241799, 0.015685446410586, -0.0036446271996875, 0.006220603255401969]","[0.0, 0.0, 0.08056800812482834, 0.0810128003358841, 0.10490813851356506, 0.0, 0.10490813851356506, 0.10406221449375153, 0.0, 0.0, 0.10490813851356506, 0.0, 0.10490813851356506, 0.0, 0.10490813851356506, 0.10490813851356506, 0.0, 0.0, 0.0, 0.0, 0.0, 0.0, 0.0, 0.0, 0.10490813851356506, 0.0, 0.0, 0.0, 0.0, 0.0]","[0.0, 1.0, -7.841796777753879e-23, 0.0, 0.0, 0.0, 1.730285173959635e-22, 1.1803515754392784e-22, 0.0, 0.0, 0.0, 0.0, 0.0, 0.0, -1.017361487865817e-22, 0.0, 0.0, -5.93372793078205e-23, 0.0, 1.1718536366653288e-22, 0.0, 0.0, 0.0, 0.0, 6.642454243984105e-24, -2.177024001664981e-23, -1.02385550207931e-22, 0.0, 0.0, 0.0]","[0.0, 0.8804160990064591, 0.010276719824244464, 0.00883121052811014, 0.0, 0.005553987384829036, 0.010927566651554026, 0.0, 0.0, 0.0, 0.0018885914295882038, 0.004558904814744299, 0.0, 0.01050564415457507, 0.0, 0.007969346309972269, 0.0, 0.0, 0.0008117705152813166, 0.0022657163871984197, 0.006838581865262967, 0.01374129375749136, 0.009034095711146486, 0.0, 0.00015241847751403255, 0.004498282766645573, 0.0, 0.002742146598755173, 0.003225476132978643, 0.015762147683649457]","[0.0, 0.0, 0.08056800812482834, 0.0810128003358841, 0.10490813851356506, 0.0, 0.10490813851356506, 0.10406221449375153, 0.0, 0.0, 0.10490813851356506, 0.0, 0.10490813851356506, 0.0, 0.10490813851356506, 0.10490813851356506, 0.0, 0.0, 0.0, 0.0, 0.0, 0.0, 0.0, 0.0, 0.10490813851356506, 0.0, 0.0, 0.0, 0.0, 0.0]",-0.006072364139687061
33,0.9980022737876713,"[1.00116482476146, 0.9771881706444827, 1.0040605288819366, 1.0075004411847552, 0.9988352869403164, 1.016799983723905, 0.9835221938456367, 0.98405128070148, 1.0153788710820655, 0.9840533922112883, 0.9972349765237658, 1.0080055890233464, 0.9841492348317017, 0.9873543822092032, 1.01762402211076, 0.98929953804636, 0.9846498617100018, 1.0053193207367883, 1.0069624930607175, 1.0138519935941774, 1.010895813396642, 0.9780467117408462, 0.9950972627874265, 1.0210303584233755, 0.9823726680459038, 0.9997785784176201, 0.9988499735209758, 1.015685446410586, 0.9963553728003125, 1.006220603255402]","[0.9923737796801887, 1.0177938448673292, 1.003186258941881, 1.0046297965116149, 1.0018267801210665, 0.976555252933948, 0.9955218229621455, 1.0083132039389378, 0.9847229522934059, 1.0277011744055748, 1.0120582203377833, 1.0008169762605408, 1.015393337399715, 0.9954405333100341, 0.9986132906041331, 1.0007714111062458, 1.0057446592497352, 0.999077393501663, 1.0293065632420506, 0.9869855705305793, 1.0111621739009586, 1.0046074815998145, 0.9976406109175684, 1.005948512745557, 0.998906096677829, 0.9939636027444971, 1.0123131551049367, 0.9961513530605385, 0.9916912151063404, 1.0112521142385371]","[-0.0076262203198113054, 0.017793844867329156, 0.0031862589418809595, 0.004629796511614881, 0.001826780121066518, -0.02344474706605204, -0.004478177037854469, 0.008313203938937752, -0.015277047706594105, 0.027701174405574847, 0.012058220337783254, 0.0008169762605407804, 0.015393337399715046, -0.004559466689965874, -0.0013867093958669363, 0.0007714111062457896, 0.005744659249735218, -0.0009226064983369753, 0.02930656324205061, -0.013014429469420663, 0.011162173900958638, 0.0046074815998145, -0.0023593890824316066, 0.005948512745556966, -0.0010939033221709638, -0.006036397255502868, 0.01231315510493669, -0.0038486469394615197, -0.008308784893659604, 0.011252114238537114]","[0.053705956786870956, 0.10862020403146744, 0.09389464557170868, 0.0, 0.10862020403146744, 0.10825809836387634, 0.0, 0.0, 0.0, 0.10862020403146744, 0.10862020403146744, 0.0, 0.0, 0.0, 0.0924200639128685, 0.0, 0.0, 0.10862020403146744, 0.10862020403146744, 0.0, 0.0, 0.0, 0.0, 0.0, 0.0, 0.0, 0.0, 0.0, 0.0, 0.0]","[0.0, 2.92035496891039e-22, 0.0, 0.0, 3.468905940536408e-22, 3.467791243746588e-22, 0.0, 0.0, 0.0, 0.0, 0.0, 3.4933664968297627e-22, 0.0, 0.0, 0.0, 0.0, 0.0, 1.0, 0.0, 3.7738241394020166e-22, 0.0, 0.0, 0.0, 0.0, 3.468476153245581e-22, 3.459153724910145e-22, 3.4492454465274414e-22, 0.0, 0.0, 4.611308995124819e-22]","[0.0, 0.0, 0.009340148242334334, 0.0, 0.010831073314856133, 0.0, 0.006495447110223642, 0.0, 0.0, 0.0023489583911806976, 0.004115198624031398, 0.0, 0.0, 0.0, 0.0, 0.0017448343361634474, 0.0028612785548225877, 0.9226053484417241, 0.00042392653853476304, 0.0068945647529436325, 0.01992024060482025, 0.012418981088364955, 0.0, 0.0, 0.0, 0.0, 0.0, 0.0, 0.0, 0.0]","[0.053705956786870956, 0.10862020403146744, 0.09389464557170868, 0.0, 0.10862020403146744, 0.10825809836387634, 0.0, 0.0, 0.0, 0.10862020403146744, 0.10862020403146744, 0.0, 0.0, 0.0, 0.0924200639128685, 0.0, 0.0, 0.10862020403146744, 0.10862020403146744, 0.0, 0.0, 0.0, 0.0, 0.0, 0.0, 0.0, 0.0, 0.0, 0.0, 0.0]",0.006333557179695049
34,0.9986792010247051,"[0.9923737796801887, 1.0177938448673292, 1.003186258941881, 1.0046297965116149, 1.0018267801210665, 0.976555252933948, 0.9955218229621455, 1.0083132039389378, 0.9847229522934059, 1.0277011744055748, 1.0120582203377833, 1.0008169762605408, 1.015393337399715, 0.9954405333100341, 0.9986132906041331, 1.0007714111062458, 1.0057446592497352, 0.999077393501663, 1.0293065632420506, 0.9869855705305793, 1.0111621739009586, 1.0046074815998145, 0.9976406109175684, 1.005948512745557, 0.998906096677829, 0.9939636027444971, 1.0123131551049367, 0.9961513530605385, 0.9916912151063404, 1.0112521142385371]","[0.9946247935483717, 0.9967080248356279, 0.9955765951410029, 1.0149032155956792, 0.9851583395616751, 1.010126349429397, 0.9985281753332262, 1.0110081354235332, 0.9881171188784258, 0.9964999988539524, 1.0021207871190483, 0.9957661822249871, 1.005361442353116, 0.9764636480505426, 1.0010700855086148, 0.9904713919610237, 0.9995505109697408, 1.0257487031405397, 1.0079563154992528, 0.9878002957112338, 0.975975749520301, 1.0128602012770964, 0.9606527926878068, 0.993379811586487, 1.009603946196489, 0.9891912235409452, 0.9939147344835965, 1.0127659387458052, 1.0027876504588698, 1.0042878990443145]","[-0.005375206451628256, -0.003291975164372074, -0.00442340485899706, 0.014903215595679198, -0.01484166043832491, 0.010126349429397052, -0.0014718246667737578, 0.011008135423533183, -0.011882881121574207, -0.0035000011460476488, 0.002120787119048284, -0.00423381777501286, 0.005361442353116086, -0.023536351949457357, 0.0010700855086147598, -0.00952860803897626, -0.00044948903025920917, 0.025748703140539675, 0.007956315499252797, -0.012199704288766156, -0.024024250479699027, 0.012860201277096417, -0.03934720731219321, -0.006620188413512973, 0.009603946196488966, -0.010808776459054759, -0.006085265516403537, 0.012765938745805228, 0.0027876504588697504, 0.0042878990443144804]","[0.0, 0.0, 0.07237546145915985, 0.0, 0.0, 0.0, 0.09342475980520248, 0.11294592916965485, 0.11294592916965485, 0.0, 0.09581463038921356, 0.0, 0.0, 0.0, 0.0, 0.0, 0.0, 0.0, 0.11294592916965485, 0.11294592916965485, 0.0, 0.0, 0.0, 0.0, 0.09533002227544785, 0.07832543551921844, 0.0, 0.11294592916965485, 0.0, 0.0]","[0.0, 0.0, 0.0, 1.4822046471841527e-22, 4.525747422459777e-22, 0.0, 2.3262829358736632e-22, 0.0, 0.0, 1.0, 0.0, 0.0, 0.0, 0.0, 1.2312134063698235e-22, 0.0, 0.0, 0.0, 0.0, 3.745844215673043e-23, 0.0, 2.316078912366627e-22, 0.0, 0.0, 1.1998872541193726e-22, 0.0, 2.3383588675139996e-22, 0.0, 0.0, 6.516393556732739e-23]","[0.0, 0.016237210659139516, 0.0, 0.0, 0.00011764826111240144, 0.009542903311034152, 0.0, 0.0, 0.0, 0.8995596506659215, 0.0, 0.00400422786706774, 0.007419759888273573, 0.01382828554378012, 0.0, 0.0, 0.02057159145610696, 0.0, 0.0, 0.000761313734799787, 0.0, 0.0, 0.0030148249929510627, 0.0, 0.0, 0.015485920665341915, 0.004593454522049874, 0.0, 0.0, 0.0048632084324212975]","[0.0, 0.0, 0.07237546890974045, 0.0, 0.0, 0.0, 0.09342476725578308, 0.11294593662023544, 0.11294593662023544, 0.0, 0.09581463783979416, 0.0, 0.0, 0.0, 0.0, 0.0, 0.0, 0.0, 0.11294593662023544, 0.11294593662023544, 0.0, 0.0, 0.0, 0.0, 0.09533002972602844, 0.07832544296979904, 0.0, 0.11294593662023544, 0.0, 0.0]",0.00035047527271427385
35,0.9995892627565379,"[0.9946247935483717, 0.9967080248356279, 0.9955765951410029, 1.0149032155956792, 0.9851583395616751, 1.010126349429397, 0.9985281753332262, 1.0110081354235332, 0.9881171188784258, 0.9964999988539524, 1.0021207871190483, 0.9957661822249871, 1.005361442353116, 0.9764636480505426, 1.0010700855086148, 0.9904713919610237, 0.9995505109697408, 1.0257487031405397, 1.0079563154992528, 0.9878002957112338, 0.975975749520301, 1.0128602012770964, 0.9606527926878068, 0.993379811586487, 1.009603946196489, 0.9891912235409452, 0.9939147344835965, 1.0127659387458052, 1.0027876504588698, 1.0042878990443145]","[0.993836317068591, 0.9992561473038741, 1.0038338152715385, 1.0104637836606964, 0.9994113602246588, 1.0091703913642351, 0.990423363861068, 1.0018881659355299, 1.0040584767752672, 1.0036215000410091, 1.0119732872456648, 0.9969223860161547, 1.0175817609518039, 0.9918446761521598, 0.9966381990626388, 0.9962287976528638, 1.0083296628171685, 0.98726427597513, 1.0070033520097637, 1.0138192428320416, 0.9990806101430818, 0.9910721469790351, 0.9970702423346607, 1.0077125627288475, 0.9908245110223557, 1.0268735712918868, 0.9967606830902204, 1.0123357557715493, 1.0026490856262513, 0.9766966398937091]","[-0.006163682931409009, -0.0007438526961258685, 0.0038338152715384766, 0.010463783660696446, -0.0005886397753411821, 0.009170391364235142, -0.009576636138932004, 0.001888165935529873, 0.004058476775267161, 0.0036215000410091402, 0.011973287245664821, -0.0030776139838453176, 0.01758176095180386, -0.008155323847840235, -0.003361800937361159, -0.0037712023471362377, 0.008329662817168515, -0.012735724024869999, 0.007003352009763653, 0.013819242832041612, -0.0009193898569181957, -0.008927853020964882, -0.0029297576653393165, 0.007712562728847461, -0.009175488977644308, 0.026873571291886833, -0.0032393169097796326, 0.012335755771549328, 0.002649085626251324, -0.02330336010629086]","[0.0, 0.12127550691366196, 0.0, 0.0, 0.0, 0.08358192443847656, 0.12127550691366196, 0.0, 0.0, 0.0, 0.0, 0.12127550691366196, 0.07607915997505188, 0.12127550691366196, 0.0, 0.1092449501156807, 0.0, 0.0, 0.0, 0.0, 0.0, 0.0, 0.0, 0.0, 0.06130144000053406, 0.09941954910755157, 0.08527090400457382, 0.0, 0.0, 0.0]","[0.0, 0.0, 1.2551545636084866e-22, 2.0878864662486013e-22, 0.0, 0.0, 1.2597658746510445e-22, 0.0, 0.0, 1.8018382676679237e-22, 0.0, 4.58718988427041e-22, 0.0, 2.373576795429546e-22, 0.0, 2.364020319674806e-22, 0.0, 1.0, 3.432744702118121e-22, 0.0, 0.0, 0.0, 0.0, 0.0, 0.0, 0.0, 0.0, 0.0, 0.0, 1.8165425515253657e-22]","[0.010361653299312077, 0.0, 0.0, 0.0, 0.0, 0.0, 0.0015983021501837218, 0.0016683046327929316, 0.007438275237975525, 0.0, 0.006820053136989082, 0.0, 0.0013176206266354506, 0.008525179765416807, 0.0, 0.0014914258670717438, 0.0, 0.9045454446101638, 0.005220226182851759, 0.0015655415805037255, 0.0, 0.0, 0.002697443545986885, 0.01592426024541976, 0.006290196121861113, 0.00365406724011447, 0.002532389198154712, 0.010107542450162576, 0.0017905738399531259, 0.006451500268450774]","[0.0, 0.12127551436424255, 0.0, 0.0, 0.0, 0.08358193188905716, 0.12127551436424255, 0.0, 0.0, 0.0, 0.0, 0.12127551436424255, 0.07607916742563248, 0.12127551436424255, 0.0, 0.10924495756626129, 0.0, 0.0, 0.0, 0.0, 0.0, 0.0, 0.0, 0.0, 0.061301443725824356, 0.09941955655813217, 0.08527091145515442, 0.0, 0.0, 0.0]",0.0005298726257955969
36,0.9947626949313481,"[0.993836317068591, 0.9992561473038741, 1.0038338152715385, 1.0104637836606964, 0.9994113602246588, 1.0091703913642351, 0.990423363861068, 1.0018881659355299, 1.0040584767752672, 1.0036215000410091, 1.0119732872456648, 0.9969223860161547, 1.0175817609518039, 0.9918446761521598, 0.9966381990626388, 0.9962287976528638, 1.0083296628171685, 0.98726427597513, 1.0070033520097637, 1.0138192428320416, 0.9990806101430818, 0.9910721469790351, 0.9970702423346607, 1.0077125627288475, 0.9908245110223557, 1.0268735712918868, 0.9967606830902204, 1.0123357557715493, 1.0026490856262513, 0.9766966398937091]","[0.9878359242802087, 1.000456208465674, 1.0020626988651526, 1.0051824930914348, 1.0141496745980991, 1.0193705728804547, 0.9827484421978349, 0.9955999171310699, 1.008842616320972, 1.0013791147542397, 1.019639084535471, 0.9999215541097362, 0.9983742557316183, 0.9823067245009671, 0.9941938024803698, 0.9955160292096226, 0.9839109942751944, 0.9844764427415524, 0.9877653302326075, 1.0028586163414757, 0.9830025307967976, 0.9823490631461442, 0.9993133032985723, 1.0157897747413558, 0.9887820266260745, 0.9889165382930906, 1.0075580624664013, 0.9984478460847737, 0.9865422890263966, 0.9955305687750305]","[-0.012164075719791279, 0.00045620846567406836, 0.0020626988651526457, 0.005182493091434814, 0.014149674598099127, 0.01937057288045474, -0.01725155780216514, -0.004400082868930122, 0.008842616320972052, 0.0013791147542396853, 0.01963908453547103, -7.844589026384519e-05, -0.0016257442683816903, -0.01769327549903288, -0.005806197519630185, -0.004483970790377434, -0.01608900572480565, -0.015523557258447562, -0.012234669767392514, 0.0028586163414756616, -0.016997469203202442, -0.01765093685385577, -0.0006866967014277359, 0.01578977474135579, -0.011217973373925494, -0.011083461706909437, 0.0075580624664013385, -0.0015521539152263397, -0.013457710973603376, -0.004469431224969456]","[0.0, 0.0, 0.0, 0.0, 0.05904452130198479, 0.0, 0.0, 0.1223302036523819, 0.1198681965470314, 0.0, 0.0, 0.1223302036523819, 0.0, 0.0, 0.0460960790514946, 0.04101007804274559, 0.0, 0.0, 0.0, 0.0, 0.0, 0.1223302036523819, 0.0, 0.0, 0.1223302036523819, 0.0, 0.0, 0.0, 0.1223302036523819, 0.1223302036523819]","[3.4426145995828167e-22, 0.0, 0.0, 0.0, 0.0, 0.0, 0.0, 3.4175878303012413e-22, 0.0, 0.0, 0.0, 5.6767808682798325e-22, 0.0, 1.2395916139001754e-22, 0.0, 1.2334992056612276e-22, 0.0, 1.0, 2.3120710955088916e-22, 0.0, 0.0, 0.0, 1.238673166505905e-22, 0.0, 0.0, 0.0, 3.428648109535007e-22, 3.4472708083048315e-22, 0.0, 0.0]","[0.016451216777324015, 0.0, 0.0, 0.013864242174423447, 0.002883187101406647, 0.0, 0.0, 0.0007905297463976507, 0.001171400803981619, 0.0018712292583161823, 0.006773226031370914, 7.040445689968398e-05, 0.0, 0.0, 0.0, 0.011747685370370122, 0.00041822971591434684, 0.9020383227766866, 0.0088507363848405, 0.0, 0.0, 0.0, 0.0, 0.004388979168372338, 0.00010707075616273501, 0.0, 0.0035695852232995387, 0.025003954254233653, 0.0, 0.0]","[0.0, 0.0, 0.0, 0.0, 0.05904451385140419, 0.0, 0.0, 0.1223301887512207, 0.11986818164587021, 0.0, 0.0, 0.1223301887512207, 0.0, 0.0, 0.0460960753262043, 0.04101007431745529, 0.0, 0.0, 0.0, 0.0, 0.0, 0.1223301887512207, 0.0, 0.0, 0.1223301887512207, 0.0, 0.0, 0.0, 0.1223301887512207, 0.1223301887512207]",-0.005224551603792387
37,0.9971719115113121,"[0.9878359242802087, 1.000456208465674, 1.0020626988651526, 1.0051824930914348, 1.0141496745980991, 1.0193705728804547, 0.9827484421978349, 0.9955999171310699, 1.008842616320972, 1.0013791147542397, 1.019639084535471, 0.9999215541097362, 0.9983742557316183, 0.9823067245009671, 0.9941938024803698, 0.9955160292096226, 0.9839109942751944, 0.9844764427415524, 0.9877653302326075, 1.0028586163414757, 0.9830025307967976, 0.9823490631461442, 0.9993133032985723, 1.0157897747413558, 0.9887820266260745, 0.9889165382930906, 1.0075580624664013, 0.9984478460847737, 0.9865422890263966, 0.9955305687750305]","[1.0109075402049135, 0.99268955365073, 1.0083466268108372, 1.0115549164473798, 1.0050102506179246, 1.0029841255169656, 0.9970380907360347, 0.9845317377247786, 1.015238355540959, 1.0085502515190794, 0.9914478095017353, 0.9910673879491542, 1.0049874202522586, 1.0034105403557256, 0.9971333735645862, 1.0019208637023607, 1.006707844956289, 0.9879845037633948, 1.0171902124638765, 0.9975639574094802, 0.9902140881331014, 1.020022078562156, 0.9822699405479367, 0.9975092116138867, 0.9979627629353284, 0.9944488894976222, 1.0263852461764829, 1.0046730782979874, 1.0095351437661872, 1.000692503941135]","[0.010907540204913468, -0.007310446349270028, 0.008346626810837199, 0.011554916447379826, 0.005010250617924594, 0.0029841255169655856, -0.0029619092639653344, -0.015468262275221356, 0.015238355540958981, 0.0085502515190794, -0.008552190498264722, -0.008932612050845834, 0.004987420252258623, 0.003410540355725633, -0.0028666264354137994, 0.0019208637023606645, 0.006707844956288955, -0.01201549623660525, 0.01719021246387653, -0.0024360425905197713, -0.009785911866898589, 0.020022078562156098, -0.017730059452063296, -0.002490788386113274, -0.0020372370646716265, -0.005551110502377776, 0.026385246176482857, 0.004673078297987354, 0.009535143766187248, 0.0006925039411349587]","[0.09879637509584427, 0.0, 0.0, 0.0, 0.0, 0.09081725776195526, 0.0, 0.0, 0.0, 0.10401856899261475, 0.0, 0.09765996783971786, 0.10401856899261475, 0.0, 0.09250529855489731, 0.10012836009263992, 0.0, 0.10401856899261475, 0.10401856899261475, 0.0, 0.0, 0.0, 0.0, 0.0, 0.0, 0.0, 0.0, 0.0, 0.0, 0.10401856899261475]","[3.4125036711633445e-22, 0.0, 3.9774462269069192e-22, 1.0, 0.0, 0.0, 0.0, 3.437604773544609e-22, 0.0, 0.0, 0.0, 3.390505916090413e-22, 0.0, 3.425095125100061e-22, 3.43763203870372e-22, 3.4376787934726814e-22, 0.0, 0.0, 3.399650511327096e-22, 0.0, 0.0, 0.0, 0.0, 0.0, 0.0, 0.0, 5.629207329275807e-22, 0.0, 0.0, 0.0]","[0.0031624624838228243, 0.0035740201114294818, 0.0023107550661967606, 0.881249617817122, 0.004595326410913195, 0.002490707280818873, 0.02051184888669783, 0.0, 0.0, 0.0, 0.007416133486440493, 0.0, 0.0033043648024091658, 0.003774678562907905, 0.003251376825299638, 0.010062833574894289, 0.012427750082098916, 0.0, 0.014450280350075366, 0.0, 0.0, 0.004299441731990297, 0.009313169948091601, 0.0, 0.0, 0.0066707744790845385, 0.003587234723466518, 0.0, 0.00022435655371126775, 0.0033228668225289406]","[0.09879637509584427, 0.0, 0.0, 0.0, 0.0, 0.09081725776195526, 0.0, 0.0, 0.0, 0.10401856899261475, 0.0, 0.09765996783971786, 0.10401856899261475, 0.0, 0.09250529855489731, 0.10012836009263992, 0.0, 0.10401856899261475, 0.10401856899261475, 0.0, 0.0, 0.0, 0.0, 0.0, 0.0, 0.0, 0.0, 0.0, 0.0, 0.10401856899261475]",0.002022680831157553
38,0.9921582284027892,"[1.0109075402049135, 0.99268955365073, 1.0083466268108372, 1.0115549164473798, 1.0050102506179246, 1.0029841255169656, 0.9970380907360347, 0.9845317377247786, 1.015238355540959, 1.0085502515190794, 0.9914478095017353, 0.9910673879491542, 1.0049874202522586, 1.0034105403557256, 0.9971333735645862, 1.0019208637023607, 1.006707844956289, 0.9879845037633948, 1.0171902124638765, 0.9975639574094802, 0.9902140881331014, 1.020022078562156, 0.9822699405479367, 0.9975092116138867, 0.9979627629353284, 0.9944488894976222, 1.0263852461764829, 1.0046730782979874, 1.0095351437661872, 1.000692503941135]","[1.0103844502718249, 1.0037148248688113, 0.9861003869846294, 1.0162096419007047, 1.0064827807809194, 0.9919929237575087, 0.98940608233853, 1.0007539283046731, 0.9865000824674645, 0.98439362345347, 0.9969220709797716, 0.9915259068496325, 1.0120974653635209, 1.0133789876694272, 1.0019811328162112, 0.9909624765274464, 1.0065324988880788, 0.9898582984169545, 1.0141788574744588, 0.9895588922192924, 0.9747369396639891, 1.0065937608843898, 0.9926599353178128, 0.9896268267233854, 0.985459877313783, 1.000773638067026, 1.0013127014633054, 1.003409346716425, 1.0025303238943377, 0.9849235742802692]","[0.010384450271824885, 0.0037148248688112506, -0.013899613015370571, 0.01620964190070473, 0.0064827807809193505, -0.008007076242491307, -0.010593917661469998, 0.0007539283046731349, -0.013499917532535544, -0.015606376546529965, -0.0030779290202284093, -0.008474093150367512, 0.012097465363520854, 0.013378987669427245, 0.0019811328162111508, -0.009037523472553599, 0.00653249888807883, -0.010141701583045504, 0.014178857474458795, -0.010441107780707615, -0.02526306033601089, 0.006593760884389788, -0.007340064682187175, -0.010373173276614578, -0.01454012268621696, 0.0007736380670260168, 0.0013127014633054213, 0.003409346716424899, 0.002530323894337716, -0.01507642571973078]","[0.0, 0.1017402932047844, 0.0, 0.0, 0.0, 0.1017402932047844, 0.1017402932047844, 0.1017402932047844, 0.0, 0.0, 0.0, 0.0, 0.1017402932047844, 0.0, 0.0, 0.1017402932047844, 0.0, 0.0, 0.0, 0.1017402932047844, 0.08433738350868225, 0.0, 0.0, 0.1017402932047844, 0.0, 0.0, 0.0, 0.1017402932047844, 0.0, 0.0]","[0.0, 2.849948604798314e-22, 0.0, 1.0, 0.0, 0.0, 0.0, 1.1967374690347398e-22, 0.0, 0.0, 0.0, 0.0, 0.0, 0.0, 1.1960063549048225e-22, 1.1959266505560005e-22, 0.0, 0.0, 3.9403347512632915e-22, 0.0, 1.1944379540714584e-22, 0.0, 3.432413317706391e-22, 0.0, 0.0, 2.869123950768054e-22, 0.0, 0.0, 1.18995787487842e-22, 0.0]","[0.0, 0.0, 0.008978402253204495, 0.8870687232110219, 0.0, 0.0, 0.005300869519437172, 0.0, 0.0, 0.0, 0.0, 0.0017072310140633271, 0.020642792604760648, 0.0, 0.009819271604349812, 0.0, 0.0, 0.0, 0.006389211137543997, 0.01751885362533478, 0.022498520235542174, 0.0, 0.0, 0.0, 0.0, 0.0, 0.0, 0.008736860505318638, 0.002598264857642736, 0.008740999431780137]","[0.0, 0.1017402932047844, 0.0, 0.0, 0.0, 0.1017402932047844, 0.1017402932047844, 0.1017402932047844, 0.0, 0.0, 0.0, 0.0, 0.1017402932047844, 0.0, 0.0, 0.1017402932047844, 0.0, 0.0, 0.0, 0.1017402932047844, 0.08433738350868225, 0.0, 0.0, 0.1017402932047844, 0.0, 0.0, 0.0, 0.1017402932047844, 0.0, 0.0]",-0.005389718210196999
39,0.9897957344033811,"[1.0103844502718249, 1.0037148248688113, 0.9861003869846294, 1.0162096419007047, 1.0064827807809194, 0.9919929237575087, 0.98940608233853, 1.0007539283046731, 0.9865000824674645, 0.98439362345347, 0.9969220709797716, 0.9915259068496325, 1.0120974653635209, 1.0133789876694272, 1.0019811328162112, 0.9909624765274464, 1.0065324988880788, 0.9898582984169545, 1.0141788574744588, 0.9895588922192924, 0.9747369396639891, 1.0065937608843898, 0.9926599353178128, 0.9896268267233854, 0.985459877313783, 1.000773638067026, 1.0013127014633054, 1.003409346716425, 1.0025303238943377, 0.9849235742802692]","[0.9817407860061759, 1.0118411987109928, 1.0002218447893394, 0.9963485220405017, 0.9836490048339379, 0.9975535557570282, 0.9713276044924584, 0.9923101805372632, 0.9613072235074651, 0.9991287235497203, 1.0007923192994765, 1.025174675954005, 1.0048586167749831, 1.0005384132992987, 1.0007679759980628, 0.9987762243059672, 0.9883311456637205, 1.008549621675473, 0.9972079668334839, 1.0020671637731338, 1.030147640776164, 1.0064601106524476, 1.007785896820171, 1.0090617796532515, 1.0218061267646628, 0.9821562425718853, 0.9980280343803863, 0.9883440344440457, 1.006131097860772, 0.9891831590109956]","[-0.01825921399382413, 0.011841198710992762, 0.00022184478933939822, -0.0036514779594982727, -0.016350995166062088, -0.0024464442429718014, -0.028672395507541637, -0.0076898194627368355, -0.038692776492534886, -0.0008712764502797343, 0.0007923192994765405, 0.02517467595400502, 0.0048586167749831155, 0.0005384132992987123, 0.0007679759980627754, -0.0012237756940327582, -0.01166885433627951, 0.008549621675473018, -0.0027920331665161058, 0.002067163773133762, 0.030147640776164053, 0.006460110652447559, 0.0077858968201709455, 0.0090617796532515, 0.02180612676466276, -0.017843757428114726, -0.001971965619613658, -0.011655965555954273, 0.006131097860772039, -0.010816840989004373]","[0.0, 0.0, 0.0, 0.10465550422668457, 0.0, 0.0, 0.0, 0.0934130921959877, 0.09593329578638077, 0.0, 0.09708912670612335, 0.10465550422668457, 0.0, 0.0, 0.0, 0.0, 0.0, 0.0, 0.08563145250082016, 0.0, 0.0, 0.10465550422668457, 0.0, 0.0, 0.10465550422668457, 0.10465550422668457, 0.0, 0.0, 0.0, 0.10465550422668457]","[0.0, 0.0, 0.0, 1.0, 0.0, 1.1961638767457888e-22, 0.0, -1.0084884060110556e-22, -4.617138613520049e-23, 6.458089496497358e-23, 0.0, 0.0, 0.0, 0.0, 0.0, 0.0, 0.0, -4.5138312284042906e-23, 0.0, 0.0, -1.0061384331931603e-22, 0.0, -9.904893590716686e-23, 0.0, 0.0, 1.1044176422567184e-23, 0.0, 0.0, 1.2035796797957834e-22, 0.0]","[0.0, 0.0, 0.0, 0.9100632682330602, 0.0, 0.0, 0.0, 0.00778672812722103, 0.0, 0.0, 0.007904050432218332, 0.0, 0.008970856118141928, 0.0023650880151990005, 0.0, 0.01146719145119558, 0.0, 0.0, 0.012793708645609431, 0.0023401777909586785, 0.0, 0.004545487575982992, 0.0, 0.0, 0.0, 0.0018488553557703996, 0.0033481943857371237, 0.02656639386890524, 0.0, 0.0]","[0.0, 0.0, 0.0, 0.10465550422668457, 0.0, 0.0, 0.0, 0.0934130921959877, 0.09593329578638077, 0.0, 0.09708912670612335, 0.10465550422668457, 0.0, 0.0, 0.0, 0.0, 0.0, 0.0, 0.08563145250082016, 0.0, 0.0, 0.10465550422668457, 0.0, 0.0, 0.10465550422668457, 0.10465550422668457, 0.0, 0.0, 0.0, 0.10465550422668457]",-0.002753375155508889
40,0.9908594787101209,"[0.9817407860061759, 1.0118411987109928, 1.0002218447893394, 0.9963485220405017, 0.9836490048339379, 0.9975535557570282, 0.9713276044924584, 0.9923101805372632, 0.9613072235074651, 0.9991287235497203, 1.0007923192994765, 1.025174675954005, 1.0048586167749831, 1.0005384132992987, 1.0007679759980628, 0.9987762243059672, 0.9883311456637205, 1.008549621675473, 0.9972079668334839, 1.0020671637731338, 1.030147640776164, 1.0064601106524476, 1.007785896820171, 1.0090617796532515, 1.0218061267646628, 0.9821562425718853, 0.9980280343803863, 0.9883440344440457, 1.006131097860772, 0.9891831590109956]","[1.0062980318135886, 0.9890473860355505, 0.9902664454949024, 0.9980890467092779, 1.0138768832977358, 1.0028530094906667, 1.0160307454494093, 0.9920986748037508, 1.0076010932998591, 1.0054750748340935, 1.0075184697410824, 0.9831571872023469, 0.9951753153120438, 1.0059805300362716, 1.0162113696669248, 0.9938008639592598, 0.991686624121252, 0.9917434002934967, 0.999332425430577, 1.0303075237449915, 1.0063902471517527, 0.989476340177993, 0.9989078714715245, 1.0180068615535236, 0.9877562702188977, 0.9872407198730346, 0.996083008058253, 0.9949004275999904, 1.0064480084484724, 0.9981150820587706]","[0.006298031813588567, -0.010952613964449465, -0.009733554505097608, -0.001910953290722106, 0.013876883297735843, 0.0028530094906666914, 0.0160307454494093, -0.007901325196249198, 0.007601093299859141, 0.005475074834093485, 0.00751846974108239, -0.016842812797653095, -0.00482468468795616, 0.005980530036271636, 0.016211369666924824, -0.006199136040740183, -0.00831337587874803, -0.008256599706503276, -0.0006675745694230129, 0.03030752374499146, 0.006390247151752737, -0.010523659822006981, -0.0010921285284755111, 0.0180068615535236, -0.01224372978110233, -0.012759280126965367, -0.0039169919417469945, -0.005099572400009578, 0.006448008448472375, -0.0018849179412293582]","[0.08772610127925873, 0.0, 0.10756171494722366, 0.09136152267456055, 0.0, 0.09907722473144531, 0.0, 0.0, 0.0, 0.10756171494722366, 0.0, 0.0, 0.0, 0.10756171494722366, 0.10756171494722366, 0.10756171494722366, 0.0, 0.0, 0.0, 0.0, 0.0, 0.0, 0.0, 0.0, 0.0, 0.0, 0.07646491378545761, 0.10756171494722366, 0.0, 0.0]","[0.0, 0.0, 0.0, 1.0, 0.0, -1.0317072035036974e-22, 0.0, -1.0174954287129889e-22, -1.0274757452880745e-22, 8.315465496744266e-24, 0.0, 0.0, 0.0, 0.0, -1.0179211951243154e-22, 0.0, 0.0, -1.0144414697056307e-22, 0.0, 0.0, 0.0, 0.0, -9.992977677366743e-23, 0.0, 0.0, 0.0, 0.0, 3.3910040786089425e-22, -1.0239809797431938e-22, 0.0]","[0.003129104085173431, 0.012448413743933654, 0.006263924475352345, 0.8948141200686107, 0.0031477253013522093, 0.016491954686191055, 0.0, 0.012821440337555279, 0.0, 0.0, 0.0, 0.00187941859779916, 0.0, 0.006978096789607479, 0.0, 0.0, 0.0013528314597001283, 0.0, 0.011014812991277947, 0.0, 0.01116751795552724, 0.005585078765183394, 0.0, 0.0, 0.0, 0.0, 0.0, 0.0, 0.006342334069593621, 0.006563226673142179]","[0.08772610127925873, 0.0, 0.10756171494722366, 0.09136152267456055, 0.0, 0.09907722473144531, 0.0, 0.0, 0.0, 0.10756171494722366, 0.0, 0.0, 0.0, 0.10756171494722366, 0.10756171494722366, 0.10756171494722366, 0.0, 0.0, 0.0, 0.0, 0.0, 0.0, 0.0, 0.0, 0.0, 0.0, 0.07646491378545761, 0.10756171494722366, 0.0, 0.0]",0.0007244256073944773
41,0.9909863577851332,"[1.0062980318135886, 0.9890473860355505, 0.9902664454949024, 0.9980890467092779, 1.0138768832977358, 1.0028530094906667, 1.0160307454494093, 0.9920986748037508, 1.0076010932998591, 1.0054750748340935, 1.0075184697410824, 0.9831571872023469, 0.9951753153120438, 1.0059805300362716, 1.0162113696669248, 0.9938008639592598, 0.991686624121252, 0.9917434002934967, 0.999332425430577, 1.0303075237449915, 1.0063902471517527, 0.989476340177993, 0.9989078714715245, 1.0180068615535236, 0.9877562702188977, 0.9872407198730346, 0.996083008058253, 0.9949004275999904, 1.0064480084484724, 0.9981150820587706]","[1.0007654320776767, 0.9802103000542479, 1.021006179501672, 0.9803057570994018, 1.0029694275383718, 0.9841202901988758, 1.0033034904791758, 1.0011994919004714, 1.0290137790750362, 0.9908026062545582, 1.0148519232856084, 0.9950712804080385, 1.002705526728287, 1.016800325974551, 0.9774536363191045, 0.9921175602178774, 0.9859620329102079, 1.006033497614259, 1.0041467527311996, 0.9827159977028503, 0.9985312018029169, 0.9935318647893515, 1.0040464517741527, 1.0144745179269945, 0.992852871823404, 0.9985431063575507, 1.028613769015987, 1.003711412974707, 0.9985898798493512, 1.0078549595752606]","[0.0007654320776766532, -0.01978969994575208, 0.02100617950167205, -0.01969424290059818, 0.002969427538371816, -0.015879709801124187, 0.0033034904791757747, 0.0011994919004714166, 0.029013779075036217, -0.009197393745441818, 0.01485192328560836, -0.004928719591961506, 0.0027055267282869444, 0.016800325974551056, -0.022546363680895465, -0.007882439782122552, -0.014037967089792103, 0.006033497614259087, 0.004146752731199577, -0.01728400229714966, -0.001468798197083121, -0.006468135210648485, 0.004046451774152748, 0.014474517926994501, -0.007147128176596018, -0.001456893642449275, 0.02861376901598689, 0.003711412974706896, -0.001410120150648786, 0.007854959575260612]","[0.0, 0.0, 0.0, 0.0, 0.0, 0.0, 0.0, 0.1198430061340332, 0.05246913433074951, 0.0, 0.0, 0.0, 0.08671247214078903, 0.0, 0.12558940052986145, 0.12558940052986145, 0.0, 0.0, 0.12558940052986145, 0.0, 0.0, 0.0, 0.08097237348556519, 0.0, 0.0, 0.0, 0.0, 0.1249421089887619, 0.05468170344829559, 0.10361099988222122]","[0.0, 3.4123082839681127e-22, 0.0, 1.0, 4.508186995495722e-22, 0.0, 0.0, 4.534732219437115e-22, 3.415329371973552e-22, 5.080823402644255e-22, 0.0, 0.0, 4.53705445285491e-22, 0.0, 0.0, 0.0, 0.0, 0.0, 0.0, 0.0, 4.541265327008621e-22, 0.0, 2.333194057794787e-22, 0.0, 0.0, 0.0, 4.507332529959394e-22, 0.0, 0.0, 0.0]","[0.0, 0.0, 0.004586282981664028, 0.891227321634444, 0.016093383647646134, 0.005281025637205716, 0.0, 0.0, 0.0023980470073101767, 0.0, 0.0031824245954321004, 0.013921935931768766, 0.012419041447506192, 0.018471543321480526, 0.0, 0.0, 0.0, 0.0, 0.0, 0.0, 0.0015986335976141191, 0.0030259422180701078, 0.00019896515705094208, 0.0, 0.0, 0.009815684192926322, 0.0, 0.01377515765863152, 0.0, 0.004004610971249435]","[0.0, 0.0, 0.0, 0.0, 0.0, 0.0, 0.0, 0.1198430061340332, 0.05246913433074951, 0.0, 0.0, 0.0, 0.08671247214078903, 0.0, 0.12558940052986145, 0.12558940052986145, 0.0, 0.0, 0.12558940052986145, 0.0, 0.0, 0.0, 0.08097237348556519, 0.0, 0.0, 0.0, 0.0, 0.1249421089887619, 0.05468170344829559, 0.10361099988222122]",-0.0002801062039613653
42,0.9905116624901068,"[1.0007654320776767, 0.9802103000542479, 1.021006179501672, 0.9803057570994018, 1.0029694275383718, 0.9841202901988758, 1.0033034904791758, 1.0011994919004714, 1.0290137790750362, 0.9908026062545582, 1.0148519232856084, 0.9950712804080385, 1.002705526728287, 1.016800325974551, 0.9774536363191045, 0.9921175602178774, 0.9859620329102079, 1.006033497614259, 1.0041467527311996, 0.9827159977028503, 0.9985312018029169, 0.9935318647893515, 1.0040464517741527, 1.0144745179269945, 0.992852871823404, 0.9985431063575507, 1.028613769015987, 1.003711412974707, 0.9985898798493512, 1.0078549595752606]","[0.9975016130458213, 0.977579723577125, 0.9819465324297519, 1.012065020628798, 1.0057989885459029, 0.9877170661925451, 1.0006337615099634, 0.9953903656895838, 1.0044137543689808, 1.0014189618221814, 0.9905977660990195, 0.9815107332623461, 1.0014469940330792, 1.001796263923825, 0.9840636466015084, 0.9992986678920409, 0.9895620940568223, 1.014233636127205, 1.01335275331003, 0.9944611816824507, 1.0126073999558363, 0.9890887775815526, 0.9980096572410545, 1.000893393143149, 1.0006895191075944, 1.0082485470530116, 0.9922269151268719, 1.0105374539705372, 1.0031711372927183, 1.0073222584566435]","[-0.0024983869541786996, -0.02242027642287503, -0.01805346757024806, 0.012065020628797996, 0.005798988545902883, -0.012282933807454932, 0.0006337615099634153, -0.004609634310416166, 0.004413754368980838, 0.001418961822181375, -0.009402233900980494, -0.018489266737653942, 0.0014469940330792408, 0.0017962639238249256, -0.015936353398491643, -0.0007013321079590851, -0.010437905943177728, 0.014233636127205074, 0.013352753310029941, -0.005538818317549321, 0.012607399955836263, -0.010911222418447442, -0.001990342758945496, 0.0008933931431489572, 0.0006895191075944052, 0.00824854705301159, -0.007773084873128111, 0.01053745397053718, 0.00317113729271834, 0.007322258456643471]","[0.0, 0.0, 0.07207873463630676, 0.0, 0.0, 0.0, 0.0, 0.07445791363716125, 0.0, 0.11142360419034958, 0.11142360419034958, 0.0, 0.0, 0.0, 0.07349804043769836, 0.0, 0.0, 0.11142360419034958, 0.11142360419034958, 0.0, 0.0, 0.0, 0.0, 0.11142360419034958, 0.0, 0.11142360419034958, 0.11142360419034958, 0.0, 0.0, 0.0]","[0.0, 0.0, 0.0, 1.0, 0.0, 0.0, 0.0, 3.4642294241311336e-22, 2.351406499035422e-22, 1.780812592238649e-22, 0.0, 3.414097696571656e-22, 0.0, 0.0, 0.0, 0.0, 0.0, 0.0, 2.305455027441919e-22, 2.6126123715946256e-22, 1.2502252308724497e-22, 0.0, 5.709862606778214e-22, 0.0, 0.0, 2.3602985080976753e-22, 0.0, 0.0, 0.0, 0.0]","[0.0, 0.006822525621767646, 0.0, 0.8986197319968263, 0.011570126812120881, 0.012599163186960947, 0.010851867782209807, 0.0023026143228507615, 0.0, 0.0, 0.0, 0.006928518877021342, 0.0, 0.008166373705003676, 0.0047375899328739495, 0.011709788951393607, 0.0, 0.0020106580420858598, 0.0, 0.002995443545677541, 0.0, 0.014981288414280996, 0.0, 0.0018916836491059484, 0.0, 0.0, 0.0, 0.0011991631212257769, 0.002613462038594938, 0.0]","[0.0, 0.0, 0.07207874208688736, 0.0, 0.0, 0.0, 0.0, 0.07445792108774185, 0.0, 0.11142361164093018, 0.11142361164093018, 0.0, 0.0, 0.0, 0.07349804788827896, 0.0, 0.0, 0.11142361164093018, 0.11142361164093018, 0.0, 0.0, 0.0, 0.0, 0.11142361164093018, 0.0, 0.11142361164093018, 0.11142361164093018, 0.0, 0.0, 0.0]",-0.0008835703953562357
43,0.9897617572305145,"[0.9975016130458213, 0.977579723577125, 0.9819465324297519, 1.012065020628798, 1.0057989885459029, 0.9877170661925451, 1.0006337615099634, 0.9953903656895838, 1.0044137543689808, 1.0014189618221814, 0.9905977660990195, 0.9815107332623461, 1.0014469940330792, 1.001796263923825, 0.9840636466015084, 0.9992986678920409, 0.9895620940568223, 1.014233636127205, 1.01335275331003, 0.9944611816824507, 1.0126073999558363, 0.9890887775815526, 0.9980096572410545, 1.000893393143149, 1.0006895191075944, 1.0082485470530116, 0.9922269151268719, 1.0105374539705372, 1.0031711372927183, 1.0073222584566435]","[0.9948123391453338, 0.9911994580402782, 1.0170957356999648, 0.9813564568566985, 1.0016357011171753, 1.0124349426110377, 0.979532801795466, 1.0028203388445847, 0.9858144046431209, 1.0015451761504313, 1.0038137063370072, 1.0007323902462175, 1.001281479936176, 0.995948823097359, 0.9849169845419325, 1.0132844345490675, 1.008675585826967, 1.010761424647658, 0.998038808787877, 0.972340390883494, 0.9810921824418282, 1.0229510561122732, 1.005142083980744, 1.0024341186167796, 1.0264105798694152, 1.0114278674372332, 1.002878935921651, 0.9876773771952585, 1.0007620228833594, 1.002361493457412]","[-0.005187660854666154, -0.008800541959721797, 0.01709573569996481, -0.018643543143301522, 0.001635701117175259, 0.012434942611037725, -0.02046719820453402, 0.0028203388445846578, -0.014185595356879133, 0.00154517615043126, 0.003813706337007172, 0.000732390246217518, 0.0012814799361759999, -0.004051176902641007, -0.01508301545806745, 0.01328443454906747, 0.008675585826966925, 0.010761424647657947, -0.0019611912121230146, -0.027659609116506, -0.018907817558171836, 0.022951056112273216, 0.0051420839807438945, 0.002434118616779557, 0.026410579869415196, 0.01142786743723323, 0.0028789359216510046, -0.012322622804741501, 0.000762022883359359, 0.0023614934574121005]","[0.0, 0.0, 0.10029549151659012, 0.10029549151659012, 0.0, 0.0, 0.0, 0.0, 0.09964728355407715, 0.0, 0.0, 0.0, 0.0, 0.0, 0.0, 0.0, 0.09871888160705566, 0.0, 0.0, 0.10029549151659012, 0.0, 0.10029549151659012, 0.0, 0.0, 0.0, 0.09956537932157516, 0.10029549151659012, 0.10029549151659012, 0.0, 0.10029549151659012]","[4.543439264714329e-22, 3.445204689888979e-22, 4.0177141491033014e-22, 1.0, 4.540117597746916e-22, 0.0, 0.0, 0.0, 0.0, 0.0, 0.0, 0.0, 3.4690624979332893e-22, 0.0, 0.0, 0.0, 0.0, 0.0, 3.6933803377897463e-22, 4.00448072801971e-22, 0.0, 0.0, 4.60262093782204e-22, 0.0, 0.0, 0.0, 0.0, 0.0, 0.0, 3.4197323307686412e-22]","[0.005845103040350596, 0.0, 0.008440964032594611, 0.9208416245166936, 0.0, 0.0, 0.012687150924842757, 0.0, 0.0035331321100462642, 0.0040277098011035056, 0.012929865226405008, 0.0, 0.0, 0.008439714294098705, 0.0, 0.0, 0.006932411189999331, 0.0, 0.004705460490733259, 0.0, 0.0, 0.0, 0.0, 0.0, 0.006579280268245739, 0.00010750370976842274, 0.0, 0.0026742771361835055, 0.0, 0.0022558032589349627]","[0.0, 0.0, 0.10029549151659012, 0.10029549151659012, 0.0, 0.0, 0.0, 0.0, 0.09964728355407715, 0.0, 0.0, 0.0, 0.0, 0.0, 0.0, 0.0, 0.09871888160705566, 0.0, 0.0, 0.10029549151659012, 0.0, 0.10029549151659012, 0.0, 0.0, 0.0, 0.09956537932157516, 0.10029549151659012, 0.10029549151659012, 0.0, 0.10029549151659012]",-0.0011577926123509342
44,0.9900433848169912,"[0.9948123391453338, 0.9911994580402782, 1.0170957356999648, 0.9813564568566985, 1.0016357011171753, 1.0124349426110377, 0.979532801795466, 1.0028203388445847, 0.9858144046431209, 1.0015451761504313, 1.0038137063370072, 1.0007323902462175, 1.001281479936176, 0.995948823097359, 0.9849169845419325, 1.0132844345490675, 1.008675585826967, 1.010761424647658, 0.998038808787877, 0.972340390883494, 0.9810921824418282, 1.0229510561122732, 1.005142083980744, 1.0024341186167796, 1.0264105798694152, 1.0114278674372332, 1.002878935921651, 0.9876773771952585, 1.0007620228833594, 1.002361493457412]","[1.013896181665957, 1.0011665271948191, 1.007151673350957, 0.9827104862912024, 1.0153633452142619, 1.0086663618311105, 1.0196439332650697, 1.0074793050962152, 0.9944167489745771, 0.9852467032864853, 1.0201458616715757, 0.9923888042969319, 0.9917059055427129, 0.9996367609961456, 0.9890519868480897, 1.0149744888993733, 0.9956938813176498, 1.0012430340486755, 1.0035580802423523, 1.004339043395302, 1.0109517906521872, 1.0139770105813386, 0.9920009981715999, 1.0056329476488362, 1.013675166252915, 0.9929184494292599, 1.015032741162626, 1.004937485419827, 1.0207827352093288, 1.001853390147412]","[0.013896181665957075, 0.0011665271948191336, 0.0071516733509569, -0.01728951370879761, 0.015363345214261859, 0.00866636183111047, 0.019643933265069746, 0.007479305096215194, -0.005583251025422897, -0.014753296713514663, 0.020145861671575727, -0.007611195703068119, -0.008294094457287127, -0.00036323900385437646, -0.010948013151910296, 0.01497448889937325, -0.004306118682350202, 0.0012430340486755398, 0.0035580802423522684, 0.004339043395301889, 0.01095179065218721, 0.0139770105813386, -0.007999001828400076, 0.005632947648836151, 0.013675166252915094, -0.007081550570740114, 0.015032741162626095, 0.00493748541982697, 0.02078273520932883, 0.0018533901474120373]","[0.020312847569584846, 0.0, 0.0, 0.15421561896800995, 0.0, 0.15421561896800995, 0.09877367317676544, 0.13056263327598572, 0.14256420731544495, 0.0, 0.0, 0.0, 0.0, 0.0, 0.10840217769145966, 0.0, 0.0, 0.0, 0.0, 0.0, 0.016477547585964203, 0.0, 0.0, 0.0, 0.0, 0.053573042154312134, 0.0, 0.1209026426076889, 0.0, 0.0]","[5.497067418578634e-22, 0.0, 0.0, 1.1816661685162862e-21, 9.922874394292377e-22, 0.0, 0.0, 0.0, 0.0, 5.672984836909324e-22, 0.0, 0.0, 0.0, 0.0, 0.0, 0.0, 4.515695163341694e-22, 0.7507553412995486, 0.24924465870045143, 0.0, 0.0, 0.0, 0.0, 0.0, 0.0, 0.0, 5.235788256188289e-22, 6.614571411714599e-22, 0.0, 6.970023768319802e-22]","[0.0029541644766727057, 0.0031607982200827643, 0.003874371279239864, 0.0, 0.005803156813625564, 0.0, 0.0031513583496071314, 0.0, 0.0, 0.0, 0.004010312302263721, 0.0, 0.0, 0.0007587741424884166, 0.013194884264864691, 0.007911429769414483, 0.008626602297309605, 0.67043482616781, 0.23684118165079335, 0.0, 0.0, 0.0, 0.0005401962899849336, 0.0, 0.0075824482336299265, 0.002498040125137559, 0.0, 0.02085139104704586, 0.007806064570029292, 0.0]","[0.020312847569584846, 0.0, 0.0, 0.15421561896800995, 0.0, 0.15421561896800995, 0.09877367317676544, 0.13056263327598572, 0.14256420731544495, 0.0, 0.0, 0.0, 0.0, 0.0, 0.10840217769145966, 0.0, 0.0, 0.0, 0.0, 0.0, 0.016477547585964203, 0.0, 0.0, 0.0, 0.0, 0.053573042154312134, 0.0, 0.1209026426076889, 0.0, 0.0]",-0.00012254309627514646
45,0.9818338510772107,"[1.013896181665957, 1.0011665271948191, 1.007151673350957, 0.9827104862912024, 1.0153633452142619, 1.0086663618311105, 1.0196439332650697, 1.0074793050962152, 0.9944167489745771, 0.9852467032864853, 1.0201458616715757, 0.9923888042969319, 0.9917059055427129, 0.9996367609961456, 0.9890519868480897, 1.0149744888993733, 0.9956938813176498, 1.0012430340486755, 1.0035580802423523, 1.004339043395302, 1.0109517906521872, 1.0139770105813386, 0.9920009981715999, 1.0056329476488362, 1.013675166252915, 0.9929184494292599, 1.015032741162626, 1.004937485419827, 1.0207827352093288, 1.001853390147412]","[0.9841900456034578, 0.9945788145460769, 0.9852427517252492, 1.009841024487465, 0.9962323204672372, 0.9986488750210731, 1.0030717381438448, 1.0113009281085314, 1.0031862174927795, 1.0186775603947351, 1.0087738363314818, 0.9886883823412118, 1.0136733970707121, 1.0061022236211326, 1.0044335723481541, 0.9795915190577161, 1.0098290313616838, 1.0038186211102587, 1.0001702271500212, 1.0006858420177467, 1.0009549095756864, 0.9899935754609761, 0.9856973513829222, 1.0004273044476073, 1.0112033318437426, 0.9930315128432102, 0.9925312514067165, 0.9680704571103206, 1.025249378957543, 1.0007830866971987]","[-0.015809954396542203, -0.005421185453923116, -0.014757248274750778, 0.009841024487464933, -0.003767679532762802, -0.0013511249789268653, 0.00307173814384476, 0.01130092810853145, 0.003186217492779475, 0.018677560394735115, 0.008773836331481766, -0.011311617658788187, 0.013673397070712134, 0.006102223621132552, 0.004433572348154113, -0.02040848094228387, 0.009829031361683782, 0.0038186211102586576, 0.00017022715002124045, 0.0006858420177466851, 0.0009549095756864467, -0.010006424539023895, -0.014302648617077751, 0.0004273044476073018, 0.011203331843742559, -0.006968487156789771, -0.007468748593283503, -0.03192954288967942, 0.02524937895754298, 0.0007830866971987316]","[0.14204847812652588, 0.0, 0.14204847812652588, 0.0, 0.0984778180718422, 0.0, 0.0, 0.0, 0.1274668425321579, 0.0, 0.0, 0.0, 0.0, 0.0, 0.12968780100345612, 0.046614788472652435, 0.0, 0.04237217828631401, 0.0, 0.0, 0.0, 0.06987547129392624, 0.0, 0.10382509231567383, 0.0, 0.0, 0.0, 0.09758305549621582, 0.0, 0.0]","[0.0, 0.0, 4.863754235208776e-22, 0.0, 0.0, 0.0, 0.0, 0.0, 4.0107928922300666e-22, 4.291521994504723e-22, 0.0, 0.0, 0.0, 0.0, 0.0, 0.0, 0.0, 5.462418644654183e-22, 1.0, 5.173638578203378e-22, 0.0, 0.0, 3.499554834930498e-22, 0.0, 4.0651429556121576e-22, 5.135113235109561e-22, 0.0, 0.0, 3.501090212967849e-22, 0.0]","[0.0012084286286402094, 0.0, 0.0, 0.0, 0.01413497283577046, 0.002712293871390751, 0.0, 0.0, 0.0, 0.0, 0.0, 0.0, 0.0, 0.013000173389393471, 0.002836785833302712, 0.0012330459887050925, 0.0011557942873619588, 0.015344322823968184, 0.9138982769517683, 0.010891136780176816, 0.0, 0.006145484479696063, 0.0, 0.008550100194031924, 0.0, 0.0, 0.0, 0.0, 0.0088891839357939, 0.0]","[0.14204847812652588, 0.0, 0.14204847812652588, 0.0, 0.0984778180718422, 0.0, 0.0, 0.0, 0.1274668425321579, 0.0, 0.0, 0.0, 0.0, 0.0, 0.12968780100345612, 0.046614788472652435, 0.0, 0.04237217828631401, 0.0, 0.0, 0.0, 0.06987547129392624, 0.0, 0.10382509231567383, 0.0, 0.0, 0.0, 0.09758305549621582, 0.0, 0.0]",-0.008798645554064725
46,0.9916877347883406,"[0.9841900456034578, 0.9945788145460769, 0.9852427517252492, 1.009841024487465, 0.9962323204672372, 0.9986488750210731, 1.0030717381438448, 1.0113009281085314, 1.0031862174927795, 1.0186775603947351, 1.0087738363314818, 0.9886883823412118, 1.0136733970707121, 1.0061022236211326, 1.0044335723481541, 0.9795915190577161, 1.0098290313616838, 1.0038186211102587, 1.0001702271500212, 1.0006858420177467, 1.0009549095756864, 0.9899935754609761, 0.9856973513829222, 1.0004273044476073, 1.0112033318437426, 0.9930315128432102, 0.9925312514067165, 0.9680704571103206, 1.025249378957543, 1.0007830866971987]","[1.0022330500568704, 1.0144088643676092, 0.9992476029888935, 1.026396285171802, 1.0060305011275081, 1.0120092770765512, 1.0183295749559134, 1.0124446177290953, 1.0048084323175577, 1.007919168790309, 0.9992153333352907, 0.9907433256835161, 0.993493958434219, 1.003763191224239, 1.0056588687996901, 1.0012729346671885, 1.036102210119235, 0.9908364441680254, 0.9903391446011984, 0.9918945425773865, 1.0231013124639294, 1.0025644968202827, 0.9811361657700066, 0.9897539112508765, 1.008206298236307, 0.9926985499236954, 1.0153094468363686, 0.9940533495371286, 1.0061958786342413, 1.0042231617238617]","[0.002233050056870356, 0.014408864367609242, -0.0007523970111065204, 0.026396285171802036, 0.006030501127508137, 0.012009277076551195, 0.018329574955913364, 0.01244461772909533, 0.004808432317557676, 0.007919168790309072, -0.0007846666647093326, -0.009256674316483915, -0.006506041565781051, 0.003763191224239071, 0.005658868799690131, 0.0012729346671884745, 0.03610221011923498, -0.00916355583197459, -0.009660855398801571, -0.008105457422613482, 0.023101312463929435, 0.0025644968202827023, -0.01886383422999338, -0.010246088749123472, 0.00820629823630692, -0.007301450076304561, 0.01530944683636859, -0.00594665046287135, 0.006195878634241314, 0.004223161723861724]","[0.0, 0.10054171085357666, 0.0, 0.0, 0.0, 0.09748627245426178, 0.0, 0.10054171085357666, 0.0, 0.0, 0.0, 0.10054171085357666, 0.0, 0.0, 0.10054171085357666, 0.10054171085357666, 0.10054171085357666, 0.0, 0.0, 0.0, 0.0, 0.0, 0.0, 0.0, 0.09818005561828613, 0.0, 0.10054171085357666, 0.0, 0.0, 0.10054171085357666]","[0.0, 0.0, 0.0, 0.0, 0.0, 0.0, 0.0, 1.074729713694157e-05, 1.0637754899724859e-05, 0.0, 0.9756159917360963, 0.0, 1.0438786170027418e-05, 0.0, 0.0, 0.0, 0.0, 0.024294863105826275, 1.2046200087803554e-05, 0.0, 9.313540285143495e-06, 1.2616124433503451e-05, 0.0, 0.0, 1.2842022802734722e-05, 1.0503432261496697e-05, 0.0, 0.0, 0.0, 0.0]","[0.0, 0.016356591607572767, 0.006659941780285178, 0.0, 0.0, 0.0, 0.0011073836298225827, 0.0, 0.012257797910425992, 0.0013144808751416194, 0.8470289194866315, 0.0034069557912721313, 0.0, 0.022276210137239932, 0.0, 0.008377893247046748, 0.0011004247549068577, 0.017363160329924854, 0.002434408506732667, 0.0, 0.0, 0.008110257220466682, 0.0011850523951643182, 0.007593967334873557, 0.0, 0.02165873916943713, 0.00765694801429237, 0.0, 0.014110867808762962, 0.0]","[0.0, 0.10054171085357666, 0.0, 0.0, 0.0, 0.09748627245426178, 0.0, 0.10054171085357666, 0.0, 0.0, 0.0, 0.10054171085357666, 0.0, 0.0, 0.10054171085357666, 0.10054171085357666, 0.10054171085357666, 0.0, 0.0, 0.0, 0.0, 0.0, 0.0, 0.0, 0.09818005561828613, 0.0, 0.10054171085357666, 0.0, 0.0, 0.10054171085357666]",0.00965952765289737
47,0.9975376500474328,"[1.0022330500568704, 1.0144088643676092, 0.9992476029888935, 1.026396285171802, 1.0060305011275081, 1.0120092770765512, 1.0183295749559134, 1.0124446177290953, 1.0048084323175577, 1.007919168790309, 0.9992153333352907, 0.9907433256835161, 0.993493958434219, 1.003763191224239, 1.0056588687996901, 1.0012729346671885, 1.036102210119235, 0.9908364441680254, 0.9903391446011984, 0.9918945425773865, 1.0231013124639294, 1.0025644968202827, 0.9811361657700066, 0.9897539112508765, 1.008206298236307, 0.9926985499236954, 1.0153094468363686, 0.9940533495371286, 1.0061958786342413, 1.0042231617238617]","[0.9877280869783541, 1.0027623806512516, 1.0249687790431274, 0.9971188320536231, 1.0087837055225148, 0.9861170466800341, 1.0111859749791219, 1.0025560663796114, 1.0018973114105254, 0.9914551635737819, 0.9825498506600756, 1.0034985575182727, 0.9998459894954348, 1.0186807067756392, 1.0068355634880817, 1.0092196017716213, 0.9861689331145875, 1.0088390232755264, 0.9914821971513603, 1.0042673992505047, 0.9886713972566762, 0.9994652702372235, 0.9943249020086388, 1.0234028963924482, 0.9937007987763659, 1.0013102463387218, 1.0044853034214236, 0.9862970752387578, 0.9770550157848361, 0.9883932784293744]","[-0.012271913021645875, 0.0027623806512515614, 0.024968779043127443, -0.002881167946376939, 0.00878370552251484, -0.013882953319965918, 0.011185974979121882, 0.002556066379611366, 0.001897311410525404, -0.008544836426218061, -0.017450149339924392, 0.0034985575182726603, -0.00015401050456520515, 0.018680706775639155, 0.006835563488081675, 0.009219601771621289, -0.013831066885412469, 0.008839023275526436, -0.008517802848639677, 0.004267399250504678, -0.011328602743323812, -0.0005347297627764647, -0.005675097991361233, 0.02340289639244819, -0.006299201223634143, 0.0013102463387217878, 0.004485303421423614, -0.013702924761242241, -0.02294498421516389, -0.011606721570625589]","[0.0, 0.10055691003799438, 0.0, 0.0, 0.0, 0.0, 0.10055691003799438, 0.0, 0.0, 0.10055691003799438, 0.0, 0.0, 0.0, 0.10055691003799438, 0.09498777240514755, 0.10055691003799438, 0.0, 0.10055691003799438, 0.0, 0.10055691003799438, 0.0, 0.0, 0.0, 0.0, 0.0, 0.10055691003799438, 0.10055691003799438, 0.0, 0.0, 0.0]","[3.4140155926373827e-22, 0.0, 0.0, 1.0, 0.0, 0.0, 0.0, 0.0, 6.47478819750816e-23, 0.0, 0.0, 0.0, 1.7652917764541022e-22, 0.0, 0.0, 0.0, 0.0, 0.0, 0.0, 0.0, 9.657279692238086e-24, 0.0, 0.0, 1.057858610331834e-23, 1.189676669631536e-22, 1.0645294514150177e-23, 0.0, 0.0, 1.2067177449649998e-22, 2.291461619919279e-22]","[0.0, 0.003505029875573733, 0.0, 0.8966475735385989, 0.0011619798527502064, 0.002153097410596034, 0.00034370243989003074, 0.0, 0.0, 0.0, 0.0, 0.0012391800840303533, 0.011649389188127102, 0.012054351089916355, 0.01081581871153074, 0.0, 0.007248645160538548, 0.0021137491174279713, 0.0005774995453262414, 0.0, 0.0, 0.0, 0.0037258079089631437, 0.021944315541525088, 0.009936041089843136, 0.0, 0.0, 0.0, 0.012422571266461624, 0.002461248178900459]","[0.0, 0.10055691003799438, 0.0, 0.0, 0.0, 0.0, 0.10055691003799438, 0.0, 0.0, 0.10055691003799438, 0.0, 0.0, 0.0, 0.10055691003799438, 0.09498777240514755, 0.10055691003799438, 0.0, 0.10055691003799438, 0.0, 0.10055691003799438, 0.0, 0.0, 0.0, 0.0, 0.0, 0.10055691003799438, 0.10055691003799438, 0.0, 0.0, 0.0]",0.0055455410917418695
48,1.0047341595003698,"[0.9877280869783541, 1.0027623806512516, 1.0249687790431274, 0.9971188320536231, 1.0087837055225148, 0.9861170466800341, 1.0111859749791219, 1.0025560663796114, 1.0018973114105254, 0.9914551635737819, 0.9825498506600756, 1.0034985575182727, 0.9998459894954348, 1.0186807067756392, 1.0068355634880817, 1.0092196017716213, 0.9861689331145875, 1.0088390232755264, 0.9914821971513603, 1.0042673992505047, 0.9886713972566762, 0.9994652702372235, 0.9943249020086388, 1.0234028963924482, 0.9937007987763659, 1.0013102463387218, 1.0044853034214236, 0.9862970752387578, 0.9770550157848361, 0.9883932784293744]","[1.0083965325286446, 0.9907844561418749, 1.0000619684284393, 0.9939768712315289, 1.0127023704527047, 0.9745604264776281, 1.0125812508855334, 0.9958693108227231, 1.01030457204174, 1.0070370279821015, 0.9916803455903638, 0.9948179282028446, 0.9802044116160731, 0.9970340945045322, 0.9833634134948667, 1.0143651359565906, 0.9952957691637696, 1.006828829087709, 1.011547570601516, 0.9815601410624829, 0.9965888748155821, 1.0168444771780525, 0.9985849474916717, 0.9991505929707121, 1.0185689066379728, 1.017441156207703, 1.0136239629249588, 1.0061700288571092, 1.00152728553199, 1.0131906978028602]","[0.008396532528644585, -0.009215543858125064, 6.196842843930739e-05, -0.006023128768471109, 0.012702370452704725, -0.025439573522371917, 0.012581250885533413, -0.0041306891772768806, 0.010304572041740068, 0.007037027982101485, -0.008319654409636223, -0.005182071797155352, -0.01979558838392692, -0.0029659054954678243, -0.016636586505133333, 0.014365135956590613, -0.004704230836230394, 0.0068288290877089874, 0.01154757060151601, -0.018439858937517095, -0.0034111251844178847, 0.016844477178052486, -0.001415052508328296, -0.0008494070292879297, 0.018568906637972837, 0.017441156207703035, 0.013623962924958821, 0.0061700288571091555, 0.001527285531990108, 0.013190697802860196]","[0.0, 0.0, 0.089300237596035, 0.0, 0.10118886083364487, 0.0, 0.0, 0.0, 0.10118886083364487, 0.10118886083364487, 0.0, 0.0, 0.10118886083364487, 0.0, 0.0, 0.10118886083364487, 0.0, 0.0, 0.0, 0.0, 0.0, 0.10118886083364487, 0.0, 0.10118886083364487, 0.0, 0.10118886083364487, 0.0, 0.0, 0.0, 0.10118886083364487]","[0.0, 0.0, 0.0, 1.0, 4.537211191474094e-22, 4.545041705419607e-22, 0.0, 0.0, 3.4394376733689624e-22, 0.0, 4.287409009176296e-22, 0.0, 0.0, 0.0, 0.0, 0.0, 0.0, 0.0, 0.0, 0.0, 0.0, 3.441315796647675e-22, 0.0, 3.457019525209722e-22, 4.5340221663218085e-22, 0.0, 0.0, 4.529360051712508e-22, 3.44285642329094e-22, 0.0]","[0.0, 0.0035107309817621925, 0.0, 0.9078072249470583, 0.0, 0.0, 0.0, 0.002463340146364436, 0.0, 0.0039620698428512804, 0.009875702875309818, 0.0, 0.0, 0.0, 0.0, 0.0001423518793561645, 0.003919008419402534, 0.0, 0.002191204681204379, 0.0, 0.0021486895575979436, 0.0, 0.0, 0.015733117512474484, 0.03468584648615226, 0.0, 0.0, 0.006070799511939418, 0.007489913158526741, 0.0]","[0.0, 0.0, 0.0893002450466156, 0.0, 0.10118886828422546, 0.0, 0.0, 0.0, 0.10118886828422546, 0.10118886828422546, 0.0, 0.0, 0.10118886828422546, 0.0, 0.0, 0.10118886828422546, 0.0, 0.0, 0.0, 0.0, 0.0, 0.10118886828422546, 0.0, 0.10118886828422546, 0.0, 0.10118886828422546, 0.0, 0.0, 0.0, 0.10118886828422546]",0.006795228854850094
49,1.0063794973514957,"[1.0083965325286446, 0.9907844561418749, 1.0000619684284393, 0.9939768712315289, 1.0127023704527047, 0.9745604264776281, 1.0125812508855334, 0.9958693108227231, 1.01030457204174, 1.0070370279821015, 0.9916803455903638, 0.9948179282028446, 0.9802044116160731, 0.9970340945045322, 0.9833634134948667, 1.0143651359565906, 0.9952957691637696, 1.006828829087709, 1.011547570601516, 0.9815601410624829, 0.9965888748155821, 1.0168444771780525, 0.9985849474916717, 0.9991505929707121, 1.0185689066379728, 1.017441156207703, 1.0136239629249588, 1.0061700288571092, 1.00152728553199, 1.0131906978028602]","[0.9952867130885812, 0.9988911704801896, 1.0143942639556291, 0.9968744270484612, 1.0020340046868605, 0.9965978554860956, 1.0100274210205349, 1.0044226006613695, 0.9884020791423886, 1.017622672283137, 0.9850968267341623, 0.981585374018974, 1.0082604542763467, 0.9987363215116011, 0.9965959863735094, 1.0106995807520462, 0.9835323041352169, 1.0048383950001727, 1.0161118711641075, 0.9896141674812426, 0.9832577002961781, 0.9659568895130967, 0.9983160426684197, 0.9921773569626313, 1.0082621113750079, 1.0219206196521868, 1.0165263733312775, 1.0127609799580848, 0.9925987694916236, 1.001909395081666]","[-0.0047132869114188125, -0.0011088295198103948, 0.01439426395562915, -0.003125572951538813, 0.0020340046868605466, -0.003402144513904415, 0.010027421020534888, 0.004422600661369458, -0.011597920857611355, 0.017622672283136964, -0.014903173265837677, -0.018414625981025945, 0.008260454276346696, -0.0012636784883989227, -0.003404013626490565, 0.010699580752046245, -0.01646769586478314, 0.0048383950001726905, 0.016111871164107505, -0.010385832518757354, -0.016742299703821906, -0.03404311048690334, -0.0016839573315803325, -0.007822643037368682, 0.008262111375007875, 0.021920619652186835, 0.01652637333127749, 0.012760979958084784, -0.007401230508376377, 0.0019093950816659877]","[0.0, 0.1273384988307953, 0.06347846984863281, 0.0, 0.0, 0.0, 0.0, 0.08940158039331436, 0.0, 0.0, 0.0, 0.0, 0.0, 0.14137496054172516, 0.0, 0.0, 0.08306661993265152, 0.0, 0.10413620620965958, 0.0, 0.03865387663245201, 0.0, 0.03592808544635773, 0.1719389706850052, 0.0, 0.0, 0.14468275010585785, 0.0, 0.0, 0.0]","[3.4535915339054978e-22, 1.2328309409732608e-22, 0.0, 0.0, 0.0, 0.0, 0.0, 0.0, 2.327014819050518e-22, 0.0, 2.0672171140516847e-22, 1.2298428904009023e-22, 0.0, 0.0, 1.2200331785243027e-22, 0.0, 0.0, 1.0, 0.0, 1.4081506784385168e-23, 0.0, 0.0, 1.2281154901839334e-22, 0.0, 0.0, 0.0, 0.0, 3.451513912973199e-22, 0.0, 0.0]","[0.0, 0.0, 0.005085354793249878, 0.0, 0.011859597711652068, 0.00018333945263025354, 0.0034010850054644096, 0.0015537359732303347, 0.009352654506605423, 0.00874126507981809, 0.011338535703515569, 0.014099411662133021, 0.000683549924540344, 0.0, 0.0, 0.009983029260178727, 0.008689482569430668, 0.8640502586599184, 0.017160386570881148, 0.007231934004054859, 0.0009976793990508406, 0.0, 0.0, 0.0, 0.0, 0.005529080476104222, 0.0, 0.012998947367823687, 0.005902665422867368, 0.0011580064568508378]","[0.0, 0.1273384988307953, 0.06347846984863281, 0.0, 0.0, 0.0, 0.0, 0.08940158039331436, 0.0, 0.0, 0.0, 0.0, 0.0, 0.14137496054172516, 0.0, 0.0, 0.08306661993265152, 0.0, 0.10413620620965958, 0.0, 0.03865387663245201, 0.0, 0.03592808544635773, 0.1719389706850052, 0.0, 0.0, 0.14468275010585785, 0.0, 0.0, 0.0]",0.001211008462099477
50,1.0074639769997364,"[0.9952867130885812, 0.9988911704801896, 1.0143942639556291, 0.9968744270484612, 1.0020340046868605, 0.9965978554860956, 1.0100274210205349, 1.0044226006613695, 0.9884020791423886, 1.017622672283137, 0.9850968267341623, 0.981585374018974, 1.0082604542763467, 0.9987363215116011, 0.9965959863735094, 1.0106995807520462, 0.9835323041352169, 1.0048383950001727, 1.0161118711641075, 0.9896141674812426, 0.9832577002961781, 0.9659568895130967, 0.9983160426684197, 0.9921773569626313, 1.0082621113750079, 1.0219206196521868, 1.0165263733312775, 1.0127609799580848, 0.9925987694916236, 1.001909395081666]","[0.9959846022340871, 0.9919017444825806, 1.0046752098752554, 1.0127463427378214, 1.0005538991549388, 0.9911485638801835, 1.0003484613086318, 0.9928804666433954, 0.9776261003759845, 1.0067849531391426, 1.01357959706708, 1.0083588766009062, 1.00962626043559, 0.995510090940639, 0.9757887041339691, 1.0000048218438569, 0.9870686287728637, 0.9823420433367562, 1.0012078488507636, 1.0038367380130544, 1.0107728217025254, 0.9904493858345425, 1.0055647491948358, 1.0285519134456749, 0.9865683692929065, 1.0078504945381224, 0.993654306545238, 0.9797155876773344, 0.9967030669969669, 0.9868712696546423]","[-0.004015397765912865, -0.008098255517419384, 0.004675209875255382, 0.012746342737821381, 0.0005538991549387529, -0.008851436119816536, 0.0003484613086317534, -0.007119533356604646, -0.02237389962401548, 0.006784953139142624, 0.013579597067080007, 0.008358876600906173, 0.009626260435589895, -0.004489909059360975, -0.02421129586603088, 4.821843856861463e-06, -0.012931371227136279, -0.017657956663243768, 0.0012078488507636376, 0.003836738013054397, 0.01077282170252536, -0.00955061416545755, 0.00556474919483585, 0.02855191344567487, -0.013431630707093523, 0.007850494538122366, -0.006345693454761991, -0.020284412322665646, -0.003296933003033131, -0.013128730345357664]","[0.0, 0.10620970278978348, 0.0, 0.0, 0.10620970278978348, 0.0, 0.10576246678829193, 0.0, 0.0, 0.0, 0.0, 0.0, 0.0, 0.06220557168126106, 0.0, 0.10620970278978348, 0.0, 0.0, 0.0, 0.0, 0.09364380687475204, 0.0, 0.0, 0.10620970278978348, 0.10620970278978348, 0.10620970278978348, 0.0, 0.0, 0.0, 0.1011299192905426]","[0.0, 0.0, 2.4185839044695226e-22, 0.0, 0.0, 0.0, 0.0, 0.0, 3.430731878929321e-22, 0.6376597274925124, 0.0, 4.706428814660595e-22, 0.0, 0.0, 0.0, 0.0, 0.0, 0.3623402725074877, 0.0, 0.0, 0.0, 3.919536382714219e-22, 0.0, 2.387365221374862e-22, 3.8231259279427137e-22, 0.0, 2.5899032130521626e-22, 4.2187731270090035e-22, 0.0, 0.0]","[0.0, 0.0, 0.0, 0.010296970601024512, 0.008833502933256136, 0.0, 0.008577868296995429, 0.003929298567194576, 0.008034426520323028, 0.5576953222049619, 0.0007068894507655691, 0.0, 0.01300438440822645, 0.011895694056849674, 0.003700267248609631, 0.00101405256807915, 0.021982378160615604, 0.3126611654847001, 0.0019768377252714947, 0.0, 0.0, 0.0, 0.0, 0.005949865745440818, 0.0, 0.0, 0.0, 0.023146989798754198, 0.006594086228931911, 0.0]","[0.0, 0.10620970278978348, 0.0, 0.0, 0.10620970278978348, 0.0, 0.10576246678829193, 0.0, 0.0, 0.0, 0.0, 0.0, 0.0, 0.06220557168126106, 0.0, 0.10620970278978348, 0.0, 0.0, 0.0, 0.0, 0.09364380687475204, 0.0, 0.0, 0.10620970278978348, 0.10620970278978348, 0.10620970278978348, 0.0, 0.0, 0.0, 0.1011299192905426]",0.0006564595009263517
51,1.0079740946217859,"[0.9959846022340871, 0.9919017444825806, 1.0046752098752554, 1.0127463427378214, 1.0005538991549388, 0.9911485638801835, 1.0003484613086318, 0.9928804666433954, 0.9776261003759845, 1.0067849531391426, 1.01357959706708, 1.0083588766009062, 1.00962626043559, 0.995510090940639, 0.9757887041339691, 1.0000048218438569, 0.9870686287728637, 0.9823420433367562, 1.0012078488507636, 1.0038367380130544, 1.0107728217025254, 0.9904493858345425, 1.0055647491948358, 1.0285519134456749, 0.9865683692929065, 1.0078504945381224, 0.993654306545238, 0.9797155876773344, 0.9967030669969669, 0.9868712696546423]","[0.9920146151232425, 1.0271635606548142, 0.9950523970994236, 1.0102361323437168, 1.0118264058391138, 0.9853782234617037, 0.9808120840464508, 0.9929601629609895, 0.9877524605324638, 1.005904399078367, 1.0145654133261919, 0.9818810738352044, 1.00574544917708, 0.9966802210605961, 0.9985227582955283, 1.0171276125845639, 1.0168196590478016, 0.9869707994669268, 0.9927682722047514, 0.9864970685780478, 1.001810913481403, 1.027116385612857, 0.9744354773263555, 0.9977967445437205, 0.9944058176866176, 1.0014953730362781, 0.9884111356144017, 1.0024808092786262, 1.0023734790547632, 0.99312404431154]","[-0.007985384876757484, 0.02716356065481418, -0.004947602900576387, 0.010236132343716786, 0.011826405839113763, -0.014621776538296327, -0.019187915953549184, -0.007039837039010455, -0.012247539467536206, 0.005904399078366929, 0.014565413326191878, -0.0181189261647956, 0.005745449177080086, -0.003319778939403939, -0.0014772417044717212, 0.017127612584563856, 0.016819659047801583, -0.013029200533073215, -0.00723172779524861, -0.013502931421952247, 0.0018109134814030536, 0.027116385612856897, -0.025564522673644507, -0.0022032554562795292, -0.005594182313382379, 0.0014953730362781137, -0.011588864385598252, 0.0024808092786261504, 0.00237347905476315, -0.00687595568846]","[0.0, 0.0, 0.0, 0.0, 0.0, 0.12955139577388763, 0.0, 0.0, 0.12955139577388763, 0.0, 0.12955139577388763, 0.0, 0.05875338613986969, 0.0, 0.0, 0.09404007345438004, 0.0, 0.0, 0.0, 0.12955139577388763, 0.0, 0.07195218652486801, 0.0, 0.0, 0.0, 0.10348427295684814, 0.0, 0.09100096672773361, 0.0, 0.06256349384784698]","[4.51626626014929e-22, 0.0, 3.4402358150070282e-22, 0.0, 0.0, 2.303163842603277e-22, 0.0, 2.2782826529487134e-22, 0.0, 1.0, 0.0, 2.3056558775913635e-22, 0.0, 0.0, 2.302274489662601e-22, 0.0, 0.0, 0.0, 1.5155566731561166e-22, 0.0, 0.0, 0.0, 0.0, 0.0, 1.7295775668369868e-22, 0.0, 0.0, 0.0, 0.0, 2.2882766626083697e-22]","[0.0, 0.0, 0.0, 0.002053348488644021, 0.011427184501504232, 0.0021064454988731626, 0.015525790171981305, 0.011511055017736289, 0.0, 0.8976893265258327, 0.006016071932962014, 0.017516870155277184, 0.003369177298453051, 0.0, 0.0, 0.0009467781171958324, 0.0115037629603431, 0.011613252578825181, 0.0003286025028630556, 0.0, 0.0038133803437420976, 0.0009738196558095457, 0.0, 0.0, 0.0, 0.0020321966943072744, 0.0, 0.0, 0.0015729375556500953, 0.0]","[0.0, 0.0, 0.0, 0.0, 0.0, 0.12955141067504883, 0.0, 0.0, 0.12955141067504883, 0.0, 0.12955141067504883, 0.0, 0.05875339359045029, 0.0, 0.0, 0.09404008835554123, 0.0, 0.0, 0.0, 0.12955141067504883, 0.0, 0.07195219397544861, 0.0, 0.0, 0.0, 0.10348428785800934, 0.0, 0.09100097417831421, 0.0, 0.06256350129842758]",7.575081420097788e-05
52,1.0055776575833404,"[0.9920146151232425, 1.0271635606548142, 0.9950523970994236, 1.0102361323437168, 1.0118264058391138, 0.9853782234617037, 0.9808120840464508, 0.9929601629609895, 0.9877524605324638, 1.005904399078367, 1.0145654133261919, 0.9818810738352044, 1.00574544917708, 0.9966802210605961, 0.9985227582955283, 1.0171276125845639, 1.0168196590478016, 0.9869707994669268, 0.9927682722047514, 0.9864970685780478, 1.001810913481403, 1.027116385612857, 0.9744354773263555, 0.9977967445437205, 0.9944058176866176, 1.0014953730362781, 0.9884111356144017, 1.0024808092786262, 1.0023734790547632, 0.99312404431154]","[0.9824541685031163, 1.0068426878777261, 1.0238224169186607, 0.9875554838071084, 0.9974708414567595, 0.9973598341651749, 1.0030799407735844, 0.990912213641893, 1.0043075894210889, 1.002999976633262, 0.9860613318658968, 1.002089662560789, 0.9957817899238124, 0.9949369061776884, 0.9772169718754392, 0.9905404451035937, 0.9965346474348643, 0.9901452439890706, 0.9868011302653633, 1.0147966907475154, 0.9854437868038854, 1.0185134483518719, 1.025048761365747, 1.005030163885206, 0.9929520583687663, 0.9900737361422777, 1.0226724918991308, 0.9978459898569464, 1.0032311146504183, 0.9998641690298781]","[-0.017545831496883713, 0.006842687877726128, 0.023822416918660716, -0.012444516192891553, -0.0025291585432405395, -0.00264016583482507, 0.003079940773584422, -0.00908778635810703, 0.0043075894210888865, 0.0029999766332620137, -0.01393866813410316, 0.0020896625607889074, -0.004218210076187612, -0.005063093822311626, -0.02278302812456079, -0.009459554896406264, -0.003465352565135693, -0.009854756010929444, -0.013198869734636687, 0.01479669074751544, -0.014556213196114554, 0.018513448351871853, 0.025048761365747074, 0.0050301638852059405, -0.0070479416312336785, -0.009926263857722328, 0.022672491899130787, -0.0021540101430536085, 0.003231114650418254, -0.00013583097012193068]","[0.08423403650522232, 0.08934875577688217, 0.0, 0.0, 0.0, 0.0, 0.0, 0.0, 0.0, 0.0, 0.10113491117954254, 0.08328520506620407, 0.11371630430221558, 0.0, 0.0, 0.11371630430221558, 0.0, 0.0, 0.0, 0.0, 0.0734155997633934, 0.0, 0.0, 0.11371630430221558, 0.11371630430221558, 0.0, 0.11371630430221558, 0.0, 0.0, 0.0]","[0.0, 1.1660427655803279e-22, 0.0, 6.472617590336215e-23, 0.0, 8.299468331277219e-24, 0.0, 0.0, 8.576894407490912e-24, 1.0, 0.0, 2.305996911435969e-22, 0.0, 0.0, 2.301626729996381e-22, 0.0, 0.0, 2.5732364849898495e-22, 0.0, 0.0, 0.0, 0.0, 0.0, 0.0, 0.0, 6.144738270647163e-23, 8.780807330970939e-24, 0.0, 0.0, 0.0]","[0.008715528757687253, 0.0, 0.0028753288961242186, 0.0, 0.0015214407881718544, 0.0, 0.0, 0.0025010897216765776, 0.0, 0.8673315699590695, 0.009777617000629645, 0.0028833640368170006, 0.005684530452639956, 0.0, 0.008718184640965031, 0.012397912236599078, 0.0063089832329116195, 0.005977058729517792, 0.012188016575312016, 0.0, 0.003958121345496557, 0.00023775750638870528, 0.0029981761245066667, 0.011648648757223483, 0.015712475613121318, 0.018564195625141562, 0.0, 0.0, 0.0, 0.0]","[0.08423403650522232, 0.08934875577688217, 0.0, 0.0, 0.0, 0.0, 0.0, 0.0, 0.0, 0.0, 0.10113491117954254, 0.08328520506620407, 0.11371630430221558, 0.0, 0.0, 0.11371630430221558, 0.0, 0.0, 0.0, 0.0, 0.0734155997633934, 0.0, 0.0, 0.11371630430221558, 0.11371630430221558, 0.0, 0.11371630430221558, 0.0, 0.0, 0.0]",-0.0027227782891120897
53,1.0037430006803032,"[0.9824541685031163, 1.0068426878777261, 1.0238224169186607, 0.9875554838071084, 0.9974708414567595, 0.9973598341651749, 1.0030799407735844, 0.990912213641893, 1.0043075894210889, 1.002999976633262, 0.9860613318658968, 1.002089662560789, 0.9957817899238124, 0.9949369061776884, 0.9772169718754392, 0.9905404451035937, 0.9965346474348643, 0.9901452439890706, 0.9868011302653633, 1.0147966907475154, 0.9854437868038854, 1.0185134483518719, 1.025048761365747, 1.005030163885206, 0.9929520583687663, 0.9900737361422777, 1.0226724918991308, 0.9978459898569464, 1.0032311146504183, 0.9998641690298781]","[1.003121839923194, 1.0110613987141748, 0.9963387677782223, 0.980321633157752, 1.013276592161163, 0.9901725314375647, 1.0150895457723677, 1.001152242803537, 1.0091749525132578, 0.9970215762497333, 1.011694795283062, 1.0173502273912614, 0.9909226268435382, 1.0133182789651096, 1.02340919538077, 0.9971490721918798, 0.9997052223253127, 1.0105876060906953, 1.0119748383340716, 1.022522112316676, 0.9799477337852448, 1.0083632750816909, 0.9936273492473688, 1.0159219342519052, 1.0060297063447599, 0.9876531931148672, 1.002315556971759, 0.9931446987360447, 1.0032405001143585, 0.994896913468448]","[0.0031218399231940364, 0.011061398714174775, -0.0036612322217777216, -0.019678366842247996, 0.013276592161163059, -0.009827468562435326, 0.015089545772367652, 0.0011522428035370957, 0.009174952513257839, -0.00297842375026669, 0.011694795283061943, 0.017350227391261352, -0.009077373156461843, 0.01331827896510962, 0.02340919538077002, -0.0028509278081202405, -0.00029477767468732985, 0.010587606090695312, 0.011974838334071647, 0.02252211231667589, -0.0200522662147552, 0.00836327508169088, -0.006372650752631159, 0.015921934251905245, 0.006029706344759855, -0.012346806885132788, 0.002315556971759003, -0.006855301263955282, 0.003240500114358502, -0.0051030865315520035]","[0.0, 0.0, 0.10011613368988037, 0.10011613368988037, 0.10011613368988037, 0.09895475208759308, 0.0, 0.0, 0.10011613368988037, 0.0, 0.0, 0.0, 0.10011613368988037, 0.0, 0.0, 0.10011613368988037, 0.0, 0.0, 0.0, 0.0, 0.0, 0.10011613368988037, 0.10011613368988037, 0.0, 0.0, 0.0, 0.10011613368988037, 0.0, 0.0, 0.0]","[1.1852157270947226e-22, 0.0, 1.0, 2.1611078275918137e-22, 0.0, 1.1770279194022333e-22, 0.0, 0.0, 2.265142909251692e-22, 0.0, 0.0, 3.3819130057049715e-22, 0.0, 0.0, 0.0, 0.0, 1.1877328791058825e-22, 0.0, 0.0, 2.2844933508495846e-22, 0.0, 2.27032693337307e-22, 0.0, 0.0, 2.290991891768819e-22, 0.0, 0.0, 0.0, 0.0, 0.0]","[0.0047756705545623675, 0.0003013080301650361, 0.9038624073300052, 0.0, 0.0, 0.0, 0.004460637778715635, 0.004861721059454285, 0.012230790363052075, 0.0, 0.0, 0.0009111410083010704, 0.0, 0.007374985612767941, 0.0, 0.007991978584178362, 0.005354230363438613, 0.004253707800606953, 0.0, 0.0, 0.009598751537778612, 0.0, 0.0, 0.004245244127122838, 0.010884968599301641, 0.0, 0.007816700686283812, 0.0, 0.0, 0.011075756564265632]","[0.0, 0.0, 0.10011614114046097, 0.10011614114046097, 0.10011614114046097, 0.09895475953817368, 0.0, 0.0, 0.10011614114046097, 0.0, 0.0, 0.0, 0.10011614114046097, 0.0, 0.0, 0.10011614114046097, 0.0, 0.0, 0.0, 0.0, 0.0, 0.10011614114046097, 0.10011614114046097, 0.0, 0.0, 0.0, 0.10011614114046097, 0.0, 0.0, 0.0]",-0.0022517845849553803
54,1.0014238594204965,"[1.003121839923194, 1.0110613987141748, 0.9963387677782223, 0.980321633157752, 1.013276592161163, 0.9901725314375647, 1.0150895457723677, 1.001152242803537, 1.0091749525132578, 0.9970215762497333, 1.011694795283062, 1.0173502273912614, 0.9909226268435382, 1.0133182789651096, 1.02340919538077, 0.9971490721918798, 0.9997052223253127, 1.0105876060906953, 1.0119748383340716, 1.022522112316676, 0.9799477337852448, 1.0083632750816909, 0.9936273492473688, 1.0159219342519052, 1.0060297063447599, 0.9876531931148672, 1.002315556971759, 0.9931446987360447, 1.0032405001143585, 0.994896913468448]","[1.0042719160551328, 0.9952421192247866, 0.9761107953516481, 1.002897152096986, 0.9909371421916894, 1.0075897217050935, 0.9955716026656791, 0.9789869366731854, 1.0028730172545337, 1.005359164371798, 0.9913663226610856, 1.013598822128551, 0.9925854023595995, 1.0188973103628214, 0.9892358820860656, 1.0221456472240067, 0.9972372415691938, 0.9979896925303977, 0.9928961478187984, 0.9930288856981307, 1.0082214274468937, 0.9807254522164365, 1.002846955114005, 0.9998503963524538, 0.9865695145998679, 1.0023146899233653, 0.980666076633125, 1.0006851254385392, 0.9880046776084034, 0.9979371911834636]","[0.004271916055132774, -0.004757880775213441, -0.02388920464835187, 0.0028971520969860443, -0.00906285780831062, 0.007589721705093533, -0.004428397334320877, -0.02101306332681463, 0.002873017254533705, 0.005359164371798064, -0.008633677338914403, 0.013598822128551014, -0.007414597640400533, 0.018897310362821385, -0.01076411791393439, 0.022145647224006693, -0.0027627584308062003, -0.0020103074696022905, -0.007103852181201575, -0.006971114301869252, 0.008221427446893692, -0.019274547783563523, 0.002846955114004901, -0.000149603647546237, -0.013430485400132142, 0.002314689923365254, -0.019333923366875005, 0.0006851254385391581, -0.011995322391596619, -0.002062808816536421]","[0.09084231406450272, 0.07525239884853363, 0.0, 0.0, 0.10423816740512848, 0.0, 0.0, 0.0, 0.0, 0.0, 0.10423816740512848, 0.0, 0.0, 0.0, 0.0, 0.10423816740512848, 0.10423816740512848, 0.0, 0.0, 0.10423816740512848, 0.0, 0.0, 0.0, 0.10423816740512848, 0.0, 0.10423816740512848, 0.10423816740512848, 0.0, 0.0, 0.0]","[0.0, 0.0, 1.0, 7.292192257428886e-22, 0.0, 0.0, 4.506137985130971e-22, 0.0, 0.0, 0.0, 0.0, 0.0, 0.0, 0.0, 0.0, 4.493003510192794e-22, 3.406933620608076e-22, 0.0, 0.0, 0.0, 0.0, 4.491466292014123e-22, 7.81373850241846e-22, 0.0, 4.510747846179393e-22, 4.505961230460542e-22, 0.0, 0.0, 3.4051383624835955e-22, 0.0]","[0.0, 0.00481758682936825, 0.9314620978165291, 0.005278684956347426, 0.0022499797500459156, 0.006248926646156108, 0.0, 0.004659871180683528, 0.0, 0.0, 0.0, 4.7422508638975645e-05, 0.0, 0.0, 0.012598765620405308, 0.0, 0.0, 0.0, 0.015656896280797215, 0.0, 0.0, 0.0, 0.0, 0.0, 0.0, 0.0, 0.0039051915310953774, 0.0, 0.007260305505005869, 0.005814271374926898]","[0.09084231406450272, 0.07525239884853363, 0.0, 0.0, 0.10423816740512848, 0.0, 0.0, 0.0, 0.0, 0.0, 0.10423816740512848, 0.0, 0.0, 0.0, 0.0, 0.10423816740512848, 0.10423816740512848, 0.0, 0.0, 0.10423816740512848, 0.0, 0.0, 0.0, 0.10423816740512848, 0.0, 0.10423816740512848, 0.10423816740512848, 0.0, 0.0, 0.0]",-0.0026993209598090715
55,1.008173733719035,"[1.0042719160551328, 0.9952421192247866, 0.9761107953516481, 1.002897152096986, 0.9909371421916894, 1.0075897217050935, 0.9955716026656791, 0.9789869366731854, 1.0028730172545337, 1.005359164371798, 0.9913663226610856, 1.013598822128551, 0.9925854023595995, 1.0188973103628214, 0.9892358820860656, 1.0221456472240067, 0.9972372415691938, 0.9979896925303977, 0.9928961478187984, 0.9930288856981307, 1.0082214274468937, 0.9807254522164365, 1.002846955114005, 0.9998503963524538, 0.9865695145998679, 1.0023146899233653, 0.980666076633125, 1.0006851254385392, 0.9880046776084034, 0.9979371911834636]","[1.0113626160665443, 0.9927594029973967, 0.988224065994924, 0.9959198142289839, 1.023050624925087, 1.0023057747039688, 0.9941322932192663, 1.0214397399779058, 1.0002399572992695, 1.0024919863835628, 0.9862082518099187, 0.989519874718347, 0.996622818974515, 1.0071123240781994, 1.0104731271096137, 0.9991854287032131, 1.0270290326706975, 1.017968613046093, 1.0155208061746939, 1.0151134208162305, 1.0175735394117047, 0.9824770159858985, 1.0068829618616149, 1.0094828502172202, 1.0115124254055539, 0.9904758389991605, 0.9841433271832372, 0.9693782946047379, 0.9965067534430414, 0.994891844883341]","[0.011362616066544318, -0.007240597002603266, -0.011775934005076039, -0.004080185771016098, 0.023050624925087027, 0.002305774703968755, -0.0058677067807336725, 0.021439739977905825, 0.00023995729926951093, 0.0024919863835628497, -0.013791748190081332, -0.010480125281652986, -0.00337718102548501, 0.007112324078199395, 0.010473127109613678, -0.000814571296786859, 0.02702903267069745, 0.017968613046092985, 0.015520806174693869, 0.01511342081623046, 0.017573539411704697, -0.01752298401410146, 0.006882961861614856, 0.009482850217220173, 0.011512425405553861, -0.009524161000839526, -0.01585667281676284, -0.0306217053952621, -0.0034932465569585958, -0.005108155116658963]","[0.08349861204624176, 0.08951559662818909, 0.10453283041715622, 0.0, 0.0, 0.10453283041715622, 0.0, 0.0, 0.0, 0.10453283041715622, 0.0, 0.0, 0.0, 0.0, 0.10453283041715622, 0.10453283041715622, 0.10453283041715622, 0.09525597095489502, 0.10453283041715622, 0.0, 0.0, 0.0, 0.0, 0.0, 0.0, 0.0, 0.0, 0.0, 0.0, 0.0]","[0.0, 1.1957644254092205e-22, 9.453711103461697e-23, 0.0, 0.0, 0.0, 0.0, 1.1992870871403067e-22, 0.0, 1.0, 1.2110728376833272e-22, 1.239557593010228e-22, 0.0, 0.0, 0.0, 0.0, 1.1935399788810882e-22, 0.0, 0.0, 0.0, 1.1798858847467236e-22, 1.2385051950620986e-23, 0.0, 0.0, 0.0, 0.0, 1.3270798696868806e-23, 0.0, 0.0, 0.0]","[0.0, 0.002847106009896582, 0.011936361071456049, 0.0, 0.0, 0.020207693136825675, 0.0, 0.0, 0.0, 0.8437184567871315, 0.00953209980856915, 0.0004895819586281035, 0.01575692833811265, 0.010603078766189059, 0.00394102311463765, 0.0029679060963889435, 0.0, 0.0, 0.02561361369742926, 0.0, 0.014100453112355651, 0.013238105166725477, 0.0, 0.0014863980846656995, 0.0013241764820152862, 0.014039298700986776, 0.0, 0.0, 0.008197719667986362, 0.0]","[0.08349861204624176, 0.08951559662818909, 0.10453283041715622, 0.0, 0.0, 0.10453283041715622, 0.0, 0.0, 0.0, 0.10453283041715622, 0.0, 0.0, 0.0, 0.0, 0.10453283041715622, 0.10453283041715622, 0.10453283041715622, 0.09525597095489502, 0.10453283041715622, 0.0, 0.0, 0.0, 0.0, 0.0, 0.0, 0.0, 0.0, 0.0, 0.0, 0.0]",0.006335328735426972
56,1.0061011512324554,"[1.0113626160665443, 0.9927594029973967, 0.988224065994924, 0.9959198142289839, 1.023050624925087, 1.0023057747039688, 0.9941322932192663, 1.0214397399779058, 1.0002399572992695, 1.0024919863835628, 0.9862082518099187, 0.989519874718347, 0.996622818974515, 1.0071123240781994, 1.0104731271096137, 0.9991854287032131, 1.0270290326706975, 1.017968613046093, 1.0155208061746939, 1.0151134208162305, 1.0175735394117047, 0.9824770159858985, 1.0068829618616149, 1.0094828502172202, 1.0115124254055539, 0.9904758389991605, 0.9841433271832372, 0.9693782946047379, 0.9965067534430414, 0.994891844883341]","[1.0108188570456318, 0.9949486171714795, 1.012578596890966, 0.9957998311155644, 1.0093666899742761, 0.9977531141971969, 0.9986065742687956, 0.9947933042796266, 1.0094359785132971, 0.9967109260680609, 1.0073317320640593, 0.9769256434862593, 0.9989596588195845, 1.0205834855823126, 0.9836120091533561, 0.9940130074642102, 0.9936937145770408, 0.9857029867241596, 0.992586596506687, 0.9812872607738823, 0.9974809378070159, 0.9936773588096209, 1.0081059265921362, 0.994683835085987, 1.001592752229239, 0.9922050870439473, 0.9915816030217369, 1.025299903439632, 1.0058456296508043, 0.9963356023912537]","[0.010818857045631791, -0.005051382828520468, 0.012578596890965965, -0.00420016888443564, 0.009366689974276143, -0.002246885802803078, -0.0013934257312043785, -0.0052066957203733555, 0.009435978513297139, -0.0032890739319391127, 0.007331732064059349, -0.02307435651374068, -0.001040341180415516, 0.0205834855823126, -0.016387990846643885, -0.005986992535789826, -0.00630628542295919, -0.014297013275840431, -0.007413403493312987, -0.018712739226117714, -0.002519062192984145, -0.006322641190379064, 0.008105926592136159, -0.0053161649140129885, 0.0015927522292389362, -0.007794912956052724, -0.008418396978263076, 0.025299903439631954, 0.005845629650804263, -0.0036643976087462615]","[0.0, 0.08075366914272308, 0.11648134142160416, 0.0, 0.11648134142160416, 0.0, 0.0, 0.0, 0.0, 0.08455462753772736, 0.11648134142160416, 0.0, 0.08254119008779526, 0.0, 0.11648134142160416, 0.0, 0.0, 0.11133244633674622, 0.0, 0.0, 0.0, 0.11531826108694077, 0.0, 0.0, 0.0, 0.059574469923973083, 0.0, 0.0, 0.0, 0.0]","[0.0, 0.0, 0.0, 0.0, 0.0, 0.0, 0.0, 0.0, 0.0, 1.0, 0.0, 3.4272155510733754e-22, 0.0, 0.0, 5.645932792916671e-22, 0.0, 0.0, 3.6942688568797925e-22, 5.341393485792732e-22, 0.0, 0.0, 0.0, 5.639551660415447e-22, 3.9761161104154762e-22, 3.9596324844726885e-22, 0.0, 3.4299934102430204e-22, 0.0, 0.0, 4.51646326142789e-22]","[0.013706206750140023, 0.0, 0.0, 0.0, 0.011793045899187974, 0.0, 0.0, 0.0, 0.004774535241165477, 0.882347001340638, 0.002438982833347204, 0.0, 0.0, 0.025671821166383554, 0.0, 0.00012351025122688154, 0.0, 0.001635111952292114, 0.017968818821232073, 0.0, 0.0, 0.009659295220770654, 0.0, 0.00494083567635266, 0.0, 0.0, 0.0, 0.013630415884079311, 0.0, 0.01131041896318408]","[0.0, 0.08075366914272308, 0.11648134142160416, 0.0, 0.11648134142160416, 0.0, 0.0, 0.0, 0.0, 0.08455462753772736, 0.11648134142160416, 0.0, 0.08254119008779526, 0.0, 0.11648134142160416, 0.0, 0.0, 0.11133244633674622, 0.0, 0.0, 0.0, 0.11531826108694077, 0.0, 0.0, 0.0, 0.059574469923973083, 0.0, 0.0, 0.0, 0.0]",-0.0024878894677941373
57,1.0091707357236104,"[1.0108188570456318, 0.9949486171714795, 1.012578596890966, 0.9957998311155644, 1.0093666899742761, 0.9977531141971969, 0.9986065742687956, 0.9947933042796266, 1.0094359785132971, 0.9967109260680609, 1.0073317320640593, 0.9769256434862593, 0.9989596588195845, 1.0205834855823126, 0.9836120091533561, 0.9940130074642102, 0.9936937145770408, 0.9857029867241596, 0.992586596506687, 0.9812872607738823, 0.9974809378070159, 0.9936773588096209, 1.0081059265921362, 0.994683835085987, 1.001592752229239, 0.9922050870439473, 0.9915816030217369, 1.025299903439632, 1.0058456296508043, 0.9963356023912537]","[0.98201694776385, 0.9982648959275611, 0.984405033865326, 1.0038460996952279, 1.0078327325064191, 1.0192911896844064, 1.0021982353852983, 1.021067627319061, 0.999587977808744, 1.000180421865643, 0.9822291553716318, 0.9820489212880952, 0.976268281042297, 0.9954534294650507, 1.0076410973115562, 0.9980028008532844, 1.0217792825081515, 1.0056718140339298, 1.0097488240200598, 1.0022161111226895, 0.9923712945904133, 1.0074074716484231, 0.9995383879382308, 1.003591545927066, 1.0023995427621697, 0.9892575333975763, 1.0100146637240988, 1.0106352860193775, 1.0169684694650496, 0.994791999757242]","[-0.017983052236150043, -0.001735104072438931, -0.015594966134674038, 0.003846099695227867, 0.007832732506419138, 0.01929118968440635, 0.002198235385298286, 0.02106762731906109, -0.0004120221912560229, 0.0001804218656429324, -0.0177708446283682, -0.017951078711904822, -0.023731718957702985, -0.004546570534949335, 0.007641097311556155, -0.001997199146715589, 0.021779282508151532, 0.005671814033929801, 0.009748824020059832, 0.0022161111226894903, -0.007628705409586711, 0.007407471648423147, -0.000461612061769201, 0.003591545927065898, 0.002399542762169693, -0.010742466602423728, 0.01001466372409876, 0.010635286019377466, 0.016968469465049596, -0.005208000242758026]","[0.0, 0.1094224601984024, 0.0, 0.0, 0.1094224601984024, 0.1094224601984024, 0.0, 0.08953416347503662, 0.10286615788936615, 0.0, 0.0, 0.07845868915319443, 0.0, 0.0, 0.0, 0.0, 0.0, 0.0, 0.0, 0.0, 0.0, 0.1094224601984024, 0.0, 0.0, 0.0, 0.1094224601984024, 0.0, 0.07260618358850479, 0.0, 0.1094224601984024]","[0.0, 0.0, 0.0, 0.0, 0.0, 0.0, 0.0, 0.0, 0.0, 1.0, 2.829044757780863e-22, 0.0, 0.0, 1.166859221209792e-22, 0.0, 5.283836620955783e-24, 0.0, 6.154011478191307e-23, 1.435837370674478e-22, 0.0, 3.758992005997817e-24, 0.0, 0.0, 0.0, 5.250071161704004e-24, 0.0, 0.0, 1.1774295472553424e-22, 0.0, 5.331339048247585e-24]","[0.0, 0.0, 0.002093710613251551, 0.00629672497537352, 0.0, 0.0, 0.0018545133909649738, 0.0, 0.008251726460136216, 0.9008140831898477, 0.0, 0.0, 0.010812110537618002, 0.0, 0.004579812409405475, 0.0060113108637263385, 0.0, 0.0, 0.012996769328143575, 0.0, 0.0009563892242986339, 0.013425915508330853, 0.0052556499962623585, 0.005683395485950042, 0.003265641329249155, 0.0, 0.0, 0.011630968960188741, 0.0, 0.006071277727252795]","[0.0, 0.1094224601984024, 0.0, 0.0, 0.1094224601984024, 0.1094224601984024, 0.0, 0.08953416347503662, 0.10286615788936615, 0.0, 0.0, 0.07845868915319443, 0.0, 0.0, 0.0, 0.0, 0.0, 0.0, 0.0, 0.0, 0.0, 0.1094224601984024, 0.0, 0.0, 0.0, 0.1094224601984024, 0.0, 0.07260618358850479, 0.0, 0.1094224601984024]",0.0026792713606763594
58,1.005424040710156,"[0.98201694776385, 0.9982648959275611, 0.984405033865326, 1.0038460996952279, 1.0078327325064191, 1.0192911896844064, 1.0021982353852983, 1.021067627319061, 0.999587977808744, 1.000180421865643, 0.9822291553716318, 0.9820489212880952, 0.976268281042297, 0.9954534294650507, 1.0076410973115562, 0.9980028008532844, 1.0217792825081515, 1.0056718140339298, 1.0097488240200598, 1.0022161111226895, 0.9923712945904133, 1.0074074716484231, 0.9995383879382308, 1.003591545927066, 1.0023995427621697, 0.9892575333975763, 1.0100146637240988, 1.0106352860193775, 1.0169684694650496, 0.994791999757242]","[0.9838337016971008, 0.9673302208599937, 1.0102012521935446, 0.9902361100887538, 0.9921172912025978, 1.0007243070193927, 1.0137429271721063, 1.0127760151144112, 0.9833168290108275, 1.0035206304037443, 1.019563224038673, 1.0109143249114798, 0.9927760393909499, 0.9739128194199784, 0.9811387419618904, 0.999857192682216, 0.9991777838857697, 0.9997826343431199, 1.0042461970611902, 0.9814235176487269, 0.991939275468556, 0.9924641734936496, 0.9729613342611145, 1.0048488738356005, 1.0026123203180966, 1.0140672093200185, 0.991095892987687, 0.9742967338521586, 1.0019620468673291, 1.0155486153753106]","[-0.016166298302899174, -0.03266977914000635, 0.010201252193544619, -0.009763889911246215, -0.00788270879740216, 0.0007243070193927448, 0.013742927172106345, 0.012776015114411177, -0.01668317098917249, 0.003520630403744285, 0.019563224038672944, 0.010914324911479811, -0.007223960609050062, -0.026087180580021574, -0.018861258038109563, -0.00014280731778404387, -0.0008222161142302786, -0.00021736565688013076, 0.004246197061190227, -0.01857648235127307, -0.008060724531444019, -0.007535826506350429, -0.02703866573888547, 0.004848873835600509, 0.0026123203180965504, 0.014067209320018481, -0.008904107012313034, -0.025703266147841353, 0.001962046867329148, 0.015548615375310604]","[0.0, 0.0, 0.0, 0.10491020232439041, 0.0, 0.0, 0.0, 0.0, 0.10491020232439041, 0.09886125475168228, 0.0, 0.0, 0.10491020232439041, 0.0, 0.10491020232439041, 0.0, 0.10491020232439041, 0.0, 0.09668330103158951, 0.0, 0.0, 0.0, 0.0, 0.07657627016305923, 0.0, 0.0, 0.09841792285442352, 0.0, 0.0, 0.10491020232439041]","[0.0, 3.963660892418128e-24, 0.0, 0.0, 0.0, -1.0530345331185236e-22, 0.0, 0.0, 0.0, 1.0, 0.0, -1.051426557814439e-22, 0.0, -1.060518496369994e-22, 0.0, 0.0, 0.0, 0.0, -7.90421366631588e-23, 0.0, 0.0, -1.0522049070556533e-22, 0.0, -1.05448209519072e-22, 0.0, 0.0, -1.0485089419205983e-22, 0.0, 5.49017665681851e-24, 0.0]","[0.0, 0.0, 0.0, 0.0, 0.005204071080641257, 0.0, 0.005161628494744059, 0.021770166566636565, 0.0, 0.9084578819551022, 0.0, 0.000813285854052697, 0.0, 0.0, 0.0, 0.0, 0.0, 0.0, 0.0, 0.008700366114327453, 0.0, 0.02135114279759914, 0.01665901029368646, 0.0, 0.0, 0.0, 0.0, 0.009443359128539873, 0.0011965022009183797, 0.0012425855137518265]","[0.0, 0.0, 0.0, 0.10491020232439041, 0.0, 0.0, 0.0, 0.0, 0.10491020232439041, 0.09886125475168228, 0.0, 0.0, 0.10491020232439041, 0.0, 0.10491020232439041, 0.0, 0.10491020232439041, 0.0, 0.09668330103158951, 0.0, 0.0, 0.0, 0.0, 0.07657627016305923, 0.0, 0.0, 0.09841792285442352, 0.0, 0.0, 0.10491020232439041]",-0.004104416574334129
59,1.012187911100471,"[0.9838337016971008, 0.9673302208599937, 1.0102012521935446, 0.9902361100887538, 0.9921172912025978, 1.0007243070193927, 1.0137429271721063, 1.0127760151144112, 0.9833168290108275, 1.0035206304037443, 1.019563224038673, 1.0109143249114798, 0.9927760393909499, 0.9739128194199784, 0.9811387419618904, 0.999857192682216, 0.9991777838857697, 0.9997826343431199, 1.0042461970611902, 0.9814235176487269, 0.991939275468556, 0.9924641734936496, 0.9729613342611145, 1.0048488738356005, 1.0026123203180966, 1.0140672093200185, 0.991095892987687, 0.9742967338521586, 1.0019620468673291, 1.0155486153753106]","[1.0050568656374903, 0.9912436746257095, 0.9962469121815091, 1.0154007627629968, 1.0139374876836174, 1.0183284575791867, 0.9847721456874117, 0.9888882938044874, 1.0069615553236286, 0.9976703890624642, 1.0136160273046937, 1.0178976243203168, 1.0042140509254682, 1.036198381659585, 1.0043690544342911, 1.0182655384500006, 0.9876197170817529, 0.9751642330262619, 1.0090844503594398, 0.9888685555095459, 1.0099810242244982, 1.0190593941794803, 0.9814865350223615, 1.0240091368417938, 0.9760349213828654, 1.0188232119913072, 0.9973241995273096, 0.9935269615187535, 1.0079087957699266, 1.0050463644393508]","[0.005056865637490304, -0.008756325374290497, -0.00375308781849093, 0.015400762762996845, 0.013937487683617356, 0.018328457579186663, -0.01522785431258833, -0.011111706195512605, 0.006961555323628632, -0.0023296109375358087, 0.01361602730469369, 0.01789762432031683, 0.004214050925468227, 0.036198381659585, 0.004369054434291142, 0.018265538450000562, -0.01238028291824711, -0.024835766973738127, 0.009084450359439833, -0.011131444490454112, 0.009981024224498203, 0.019059394179480327, -0.018513464977638505, 0.024009136841793843, -0.023965078617134594, 0.01882321199130721, -0.0026758004726904483, -0.006473038481246474, 0.007908795769926646, 0.005046364439350803]","[0.0, 0.0, 0.0, 0.0, 0.10771737992763519, 0.0, 0.10149864852428436, 0.0, 0.0, 0.1028096005320549, 0.10171105712652206, 0.0, 0.0, 0.07948474586009979, 0.0, 0.0, 0.0, 0.0, 0.0, 0.10771737992763519, 0.09772396832704544, 0.10771737992763519, 0.0, 0.0, 0.0, 0.08590244501829147, 0.0, 0.10771737992763519, 0.0, 0.0]","[0.0, 0.0, 0.0, 0.0, 0.0, 1.1638929239699331e-22, 2.271650101386606e-22, 0.0, 0.0, 1.0, 0.0, 3.38540784298689e-22, 0.0, 0.0, 0.0, 0.0, 0.0, 0.0, 3.926183174294185e-22, 0.0, 0.0, 1.166119898704822e-22, 1.1637859237087507e-22, 2.827592863290738e-22, 0.0, 0.0, 2.2794283083998693e-22, 0.0, 1.1621477826717992e-22, 0.0]","[0.00539743972270088, 0.0, 0.0, 0.0016874406460878448, 0.002278324661312485, 0.0014083156878926437, 0.0, 0.0031415675082410045, 0.0, 0.8962240628544526, 0.0, 0.0, 0.01912681162879079, 0.0, 0.0, 0.0, 0.0, 0.0, 0.0, 0.018190915119140068, 0.013895461967920394, 0.004533170241156292, 0.002978841241014502, 0.0005374036606884678, 0.0070147992107839315, 0.002249057784475597, 0.014739468771009663, 0.0, 0.0, 0.006596919294333032]","[0.0, 0.0, 0.0, 0.0, 0.10771737992763519, 0.0, 0.10149864852428436, 0.0, 0.0, 0.1028096005320549, 0.10171105712652206, 0.0, 0.0, 0.07948474586009979, 0.0, 0.0, 0.0, 0.0, 0.0, 0.10771737992763519, 0.09772396832704544, 0.10771737992763519, 0.0, 0.0, 0.0, 0.08590244501829147, 0.0, 0.10771737992763519, 0.0, 0.0]",0.006307926572488683
60,1.0092610624792908,"[1.0050568656374903, 0.9912436746257095, 0.9962469121815091, 1.0154007627629968, 1.0139374876836174, 1.0183284575791867, 0.9847721456874117, 0.9888882938044874, 1.0069615553236286, 0.9976703890624642, 1.0136160273046937, 1.0178976243203168, 1.0042140509254682, 1.036198381659585, 1.0043690544342911, 1.0182655384500006, 0.9876197170817529, 0.9751642330262619, 1.0090844503594398, 0.9888685555095459, 1.0099810242244982, 1.0190593941794803, 0.9814865350223615, 1.0240091368417938, 0.9760349213828654, 1.0188232119913072, 0.9973241995273096, 0.9935269615187535, 1.0079087957699266, 1.0050463644393508]","[1.0162331780280305, 0.9891059484026289, 0.9911797885864332, 1.0289469291746292, 0.9745629384383648, 1.0200479843998296, 1.0020089355762611, 0.9618362748789224, 0.9983465989707474, 1.0088651265360344, 1.0060614425655874, 1.0181753249843377, 0.9884478713856094, 0.9932823535462472, 0.9915082305742762, 0.9971849941167722, 1.0039629716667524, 0.993813617865225, 0.9767644531419111, 0.9755472865448528, 1.0058924704826298, 0.9819786173554952, 0.980543165522241, 0.9922158294677791, 1.0079901225979295, 1.0084652891612056, 0.9810700929540117, 0.9915874497949536, 0.999032887548838, 0.9719212107550581]","[0.01623317802803048, -0.010894051597371113, -0.008820211413566814, 0.028946929174629155, -0.025437061561635166, 0.020047984399829577, 0.0020089355762611394, -0.038163725121077574, -0.0016534010292525991, 0.00886512653603444, 0.006061442565587383, 0.018175324984337715, -0.011552128614390589, -0.006717646453752835, -0.008491769425723827, -0.0028150058832278058, 0.003962971666752413, -0.006186382134774959, -0.02323554685808893, -0.024452713455147213, 0.0058924704826297525, -0.018021382644504813, -0.019456834477759033, -0.007784170532220913, 0.007990122597929528, 0.008465289161205591, -0.018929907045988292, -0.008412550205046387, -0.0009671124511619889, -0.028078789244941893]","[0.0, 0.0, 0.0, 0.0, 0.0, 0.11183253675699234, 0.11183253675699234, 0.0, 0.0, 0.0, 0.0, 0.0, 0.0661054402589798, 0.08418012410402298, 0.0, 0.11183253675699234, 0.11183253675699234, 0.11183253675699234, 0.0, 0.11183253675699234, 0.10411113500595093, 0.07460804283618927, 0.0, 0.0, 0.0, 0.0, 0.0, 0.0, 0.0, 0.0]","[0.0, 0.0, 2.5715723508319966e-22, 0.0, 2.2933505487435e-22, 0.0, 2.295701585291022e-22, 0.0, 0.0, 1.0, 0.0, 0.0, 0.0, 2.2956029411930526e-22, 0.0, 0.0, 0.0, 2.293614981482499e-22, 0.0, 2.2909263251940875e-22, 3.378741107616569e-22, 2.304904765560165e-22, 0.0, 0.0, 0.0, 0.0, 0.0, 0.0, 2.299009354655512e-22, 0.0]","[0.006403246395974447, 0.003008636433121969, 0.004393803887919415, 0.00693795611812161, 0.0, 0.007707963833205165, 0.0, 0.009254334062444703, 0.0032991066714279913, 0.8650916878446265, 0.005573615870822221, 0.013340638816502007, 0.007872195020381239, 0.006804647718636091, 0.003645405402467652, 0.0, 0.0, 0.0, 0.0, 0.008777713476877629, 0.0030596048660515088, 0.0050149025985879855, 0.0, 0.0, 0.0, 0.0, 0.007720700552577131, 0.01759104072715028, 0.002647748515144318, 0.011855051187960066]","[0.0, 0.0, 0.0, 0.0, 0.0, 0.11183254420757294, 0.11183254420757294, 0.0, 0.0, 0.0, 0.0, 0.0, 0.0661054477095604, 0.08418013155460358, 0.0, 0.11183254420757294, 0.11183254420757294, 0.11183254420757294, 0.0, 0.11183254420757294, 0.10411114245653152, 0.07460805028676987, 0.0, 0.0, 0.0, 0.0, 0.0, 0.0, 0.0, 0.0]",-0.0032598703004895774
61,1.0118867781205356,"[1.0162331780280305, 0.9891059484026289, 0.9911797885864332, 1.0289469291746292, 0.9745629384383648, 1.0200479843998296, 1.0020089355762611, 0.9618362748789224, 0.9983465989707474, 1.0088651265360344, 1.0060614425655874, 1.0181753249843377, 0.9884478713856094, 0.9932823535462472, 0.9915082305742762, 0.9971849941167722, 1.0039629716667524, 0.993813617865225, 0.9767644531419111, 0.9755472865448528, 1.0058924704826298, 0.9819786173554952, 0.980543165522241, 0.9922158294677791, 1.0079901225979295, 1.0084652891612056, 0.9810700929540117, 0.9915874497949536, 0.999032887548838, 0.9719212107550581]","[1.0227578803321107, 1.013838438581753, 1.0161479026058735, 0.9857546601985727, 1.0088409383642378, 1.0094934261401127, 1.0128256310858426, 0.9993812637543542, 1.0092202150429428, 0.9836876540858033, 1.0136272105424462, 0.9961519951466978, 1.0094983879800685, 0.985525528908849, 0.9930452139415509, 0.9986484091474994, 0.9898143068142856, 0.9975568890321972, 0.9923438773041889, 0.9974808103764516, 1.0129705281303927, 1.0115592152796489, 0.9935499298446174, 1.0026885733326827, 1.0229986107161135, 1.0051941089002343, 0.9968067699736813, 1.0162456732608123, 1.0025484741599726, 0.9826193395455047]","[0.02275788033211068, 0.013838438581752932, 0.01614790260587351, -0.014245339801427281, 0.008840938364237827, 0.009493426140112726, 0.01282563108584256, -0.0006187362456457901, 0.009220215042942792, -0.016312345914196724, 0.0136272105424462, -0.003848004853302167, 0.009498387980068523, -0.014474471091150964, -0.006954786058449125, -0.0013515908525005838, -0.010185693185714384, -0.0024431109678028085, -0.007656122695811063, -0.002519189623548357, 0.012970528130392678, 0.011559215279648871, -0.00645007015538257, 0.0026885733326826866, 0.022998610716113532, 0.005194108900234307, -0.003193230026318661, 0.016245673260812277, 0.0025484741599726135, -0.017380660454495267]","[0.0, 0.0, 0.0, 0.0, 0.10352487117052078, 0.0, 0.10352487117052078, 0.10352487117052078, 0.10352487117052078, 0.0, 0.0, 0.0, 0.0, 0.0, 0.0, 0.0922611802816391, 0.10352487117052078, 0.0, 0.10352487117052078, 0.0, 0.0, 0.0, 0.10352487117052078, 0.10352487117052078, 0.07953982055187225, 0.0, 0.0, 0.0, 0.0, 0.0]","[0.0, 0.0, -2.161769088858945e-22, 0.0, -2.1589504446868687e-22, -2.1583421098235013e-22, 0.0, 0.0, -2.1514007748686716e-22, 1.0, 0.0, 0.0, 0.0, -2.160445893481796e-22, 0.0, 0.0, 0.0, 0.0, 0.0, 0.0, 0.0, -2.150922568589707e-22, -2.156726969382096e-22, -1.046587351419932e-22, 0.0, 0.0, -2.149185304468305e-22, 0.0, 0.0, 0.0]","[0.0011892466498206941, 0.0, 0.0, 0.0, 0.007506996376678629, 0.005848454873552509, 0.0, 0.0088686872657967, 0.0052355004191924175, 0.9053168313604437, 0.0, 0.006374126622828526, 0.01804539408242782, 0.007481032633835385, 0.0, 0.0, 0.0, 0.0, 0.0, 0.0009958574170204247, 0.003804177681213577, 0.013695393033914455, 0.0, 0.009983962530733623, 0.0, 0.000488769298558751, 0.001004094443327108, 0.0014995838879961528, 0.0026618914226594487, 0.0]","[0.0, 0.0, 0.0, 0.0, 0.10352487862110138, 0.0, 0.10352487862110138, 0.10352487862110138, 0.10352487862110138, 0.0, 0.0, 0.0, 0.0, 0.0, 0.0, 0.0922611877322197, 0.10352487862110138, 0.0, 0.10352487862110138, 0.0, 0.0, 0.0, 0.10352487862110138, 0.10352487862110138, 0.07953982800245285, 0.0, 0.0, 0.0, 0.0, 0.0]",0.00218818242811954
62,1.0107625010843753,"[1.0227578803321107, 1.013838438581753, 1.0161479026058735, 0.9857546601985727, 1.0088409383642378, 1.0094934261401127, 1.0128256310858426, 0.9993812637543542, 1.0092202150429428, 0.9836876540858033, 1.0136272105424462, 0.9961519951466978, 1.0094983879800685, 0.985525528908849, 0.9930452139415509, 0.9986484091474994, 0.9898143068142856, 0.9975568890321972, 0.9923438773041889, 0.9974808103764516, 1.0129705281303927, 1.0115592152796489, 0.9935499298446174, 1.0026885733326827, 1.0229986107161135, 1.0051941089002343, 0.9968067699736813, 1.0162456732608123, 1.0025484741599726, 0.9826193395455047]","[0.993356491291067, 1.0010876577548344, 0.9923787734117997, 0.9832581304067984, 0.9864955336779028, 1.0306405276887183, 0.9965632342728209, 0.9920456282208658, 1.001679980009159, 0.9881641191808161, 0.9995844547517188, 1.0037426995456338, 0.9969222988042739, 0.9961792950414734, 0.9752159603582335, 1.0074679294154936, 1.013779119226865, 1.025633347268518, 1.006517331785221, 0.9962825642942265, 0.9928598258804149, 1.0280186537533527, 1.0237030640759934, 1.0052333528698572, 0.993322351169523, 0.9817455162622258, 0.9713840407444208, 0.9968643816661381, 0.9988471099502525, 1.011024559018791]","[-0.006643508708933044, 0.0010876577548344368, -0.007621226588200303, -0.016741869593201564, -0.01350446632209723, 0.030640527688718278, -0.003436765727179103, -0.007954371779134162, 0.0016799800091589212, -0.011835880819183853, -0.00041554524828124606, 0.0037426995456337764, -0.0030777011957261458, -0.0038207049585265995, -0.024784039641766453, 0.007467929415493568, 0.013779119226865033, 0.02563334726851796, 0.006517331785220959, -0.003717435705773542, -0.007140174119585119, 0.028018653753352663, 0.02370306407599343, 0.005233352869857155, -0.0066776488304769455, -0.018254483737774163, -0.02861595925557925, -0.0031356183338618893, -0.0011528900497475014, 0.011024559018790958]","[0.1134912297129631, 0.08037611842155457, 0.0, 0.0, 0.07413754612207413, 0.1134912297129631, 0.0, 0.0, 0.0, 0.065455362200737, 0.0, 0.0, 0.0, 0.1134912297129631, 0.09908363223075867, 0.0, 0.1134912297129631, 0.0, 0.0, 0.0, 0.0, 0.0, 0.0, 0.0, 0.0, 0.1134912297129631, 0.0, 0.0, 0.0, 0.1134912297129631]","[0.0, 0.0, 0.0, 0.0, 0.0, 0.0, 3.9483140881942863e-22, 0.0, 4.512367152977342e-22, 1.0, 0.0, 3.3957094876919836e-22, 0.0, 0.0, 0.0, 0.0, 0.0, 3.944816188991904e-22, 4.491070779404587e-22, 0.0, 0.0, 0.0, 5.615302121240306e-22, 5.062086943599143e-22, 0.0, 0.0, 3.4017298905255806e-22, 3.4024418492638264e-22, 0.0, 0.0]","[0.0, 0.008533575262592422, 0.0, 0.0, 0.0, 0.008128679787260135, 0.0, 0.009766046992739426, 0.00046818848316823326, 0.8915323257949795, 0.006762706292191719, 0.0, 0.0, 0.0, 0.010094390660338176, 0.0, 0.0, 0.0024097382007942586, 0.004191556625937335, 0.0, 0.0, 0.004312824082599467, 0.0, 0.0, 0.011788490172618127, 0.006051955217967039, 0.015377634179288802, 0.018965421495649944, 0.0016164667518752255, 0.0]","[0.1134912297129631, 0.08037611842155457, 0.0, 0.0, 0.07413754612207413, 0.1134912297129631, 0.0, 0.0, 0.0, 0.065455362200737, 0.0, 0.0, 0.0, 0.1134912297129631, 0.09908363223075867, 0.0, 0.1134912297129631, 0.0, 0.0, 0.0, 0.0, 0.0, 0.0, 0.0, 0.0, 0.1134912297129631, 0.0, 0.0, 0.0, 0.1134912297129631]",-0.0014893311377055642
63,1.0069472681945366,"[0.993356491291067, 1.0010876577548344, 0.9923787734117997, 0.9832581304067984, 0.9864955336779028, 1.0306405276887183, 0.9965632342728209, 0.9920456282208658, 1.001679980009159, 0.9881641191808161, 0.9995844547517188, 1.0037426995456338, 0.9969222988042739, 0.9961792950414734, 0.9752159603582335, 1.0074679294154936, 1.013779119226865, 1.025633347268518, 1.006517331785221, 0.9962825642942265, 0.9928598258804149, 1.0280186537533527, 1.0237030640759934, 1.0052333528698572, 0.993322351169523, 0.9817455162622258, 0.9713840407444208, 0.9968643816661381, 0.9988471099502525, 1.011024559018791]","[0.9876275562457584, 0.9969898178633112, 0.9855165463494202, 1.000902189187614, 0.9912216450807488, 0.9882805747040185, 1.0239150569495747, 1.0120049116958492, 1.0187372208415624, 0.9881754255124369, 1.0028125988244416, 1.0171216288347142, 0.9651066544640364, 1.0137292384702967, 1.0065867271055327, 1.0063217498742965, 1.0157482099822916, 0.9985259998277257, 0.987416137545259, 0.9963101311815804, 0.9932667243887292, 0.9697185198580363, 1.0077133170441541, 1.0090893680593154, 1.0100104323514323, 1.0032524293237697, 1.0114302093192173, 1.0098472121650117, 0.9939584519767245, 1.0268646767129952]","[-0.012372443754241624, -0.0030101821366887993, -0.014483453650579792, 0.0009021891876139776, -0.008778354919251163, -0.011719425295981467, 0.023915056949574742, 0.012004911695849163, 0.018737220841562374, -0.011824574487563133, 0.0028125988244416256, 0.017121628834714242, -0.03489334553596357, 0.013729238470296723, 0.006586727105532653, 0.006321749874296456, 0.01574820998229165, -0.0014740001722742813, -0.012583862454740968, -0.003689868818419595, -0.006733275611270795, -0.030281480141963746, 0.007713317044154122, 0.009089368059315373, 0.010010432351432286, 0.003252429323769679, 0.011430209319217344, 0.00984721216501172, -0.0060415480232755, 0.026864676712995195]","[0.0, 0.11034169793128967, 0.0025362991727888584, 0.0, 0.14506331086158752, 0.121318019926548, 0.0, 0.0, 0.0, 0.14506331086158752, 0.0, 0.10798351466655731, 0.05126058682799339, 0.0, 0.14506331086158752, 0.0, 0.0, 0.14506331086158752, 0.0, 0.0, 0.0, 0.0, 0.026306653395295143, 0.0, 0.0, 0.0, 0.0, 0.0, 0.0, 0.0]","[0.0, 2.28205756675931e-22, 2.5714406482851987e-22, 4.7680717578282e-22, 0.0, 0.0, 0.0, 3.3942626234843543e-22, 0.0, 1.0, 3.813650424938849e-22, 0.0, 0.0, 0.0, 0.0, 0.0, 2.2764291408976486e-22, 0.0, 4.2243085853972793e-22, 0.0, 0.0, 0.0, 0.0, 2.299686296382028e-22, 2.84006657986061e-22, 0.0, 0.0, 0.0, 0.0, 0.0]","[0.0, 0.0015455562016221736, 0.0, 0.0, 0.0, 0.0, 0.0, 0.0, 0.013232878923160492, 0.898759027398882, 0.004158727502748931, 0.0, 0.013444553337938888, 0.0, 0.005731125397671717, 0.0, 0.0, 0.01064550227245849, 0.019069378041775983, 0.012587982119674157, 0.0034786549985198804, 0.0002901263180568702, 0.0, 0.001413497859973788, 0.00904293334909039, 0.0, 0.0, 0.006600056278425914, 0.0, 0.0]","[0.0, 0.11034169793128967, 0.0025362991727888584, 0.0, 0.14506331086158752, 0.121318019926548, 0.0, 0.0, 0.0, 0.14506331086158752, 0.0, 0.10798351466655731, 0.05126058682799339, 0.0, 0.14506331086158752, 0.0, 0.0, 0.14506331086158752, 0.0, 0.0, 0.0, 0.0, 0.026306653395295143, 0.0, 0.0, 0.0, 0.0, 0.0, 0.0, 0.0]",-0.004198853497237152
64,1.0102857839621615,"[0.9876275562457584, 0.9969898178633112, 0.9855165463494202, 1.000902189187614, 0.9912216450807488, 0.9882805747040185, 1.0239150569495747, 1.0120049116958492, 1.0187372208415624, 0.9881754255124369, 1.0028125988244416, 1.0171216288347142, 0.9651066544640364, 1.0137292384702967, 1.0065867271055327, 1.0063217498742965, 1.0157482099822916, 0.9985259998277257, 0.987416137545259, 0.9963101311815804, 0.9932667243887292, 0.9697185198580363, 1.0077133170441541, 1.0090893680593154, 1.0100104323514323, 1.0032524293237697, 1.0114302093192173, 1.0098472121650117, 0.9939584519767245, 1.0268646767129952]","[1.022204791530215, 0.9913558528821471, 1.011462065562395, 1.0065565559985405, 1.0100918081046277, 1.0041699131028767, 1.0153197910981993, 0.9987324145070661, 0.9917645648527865, 0.9831392283674741, 1.0086390762009096, 0.9772877827617259, 1.0099707336573687, 0.9946402862241245, 1.0072982671070578, 1.0237786655000214, 1.0185667091728845, 0.9988292183447904, 0.9930547205677929, 1.014157476553748, 1.0086721520018511, 1.004275961572222, 0.9861149982141666, 1.0037202987103662, 0.980225432428901, 0.9976270831750518, 0.9869376027123341, 0.9845305626388131, 0.9787999379207315, 1.0050850331126309]","[0.02220479153021504, -0.008644147117852885, 0.01146206556239493, 0.0065565559985405475, 0.01009180810462773, 0.004169913102876732, 0.015319791098199254, -0.0012675854929339314, -0.008235435147213477, -0.01686077163252586, 0.008639076200909646, -0.0227122172382741, 0.009970733657368669, -0.005359713775875519, 0.007298267107057832, 0.02377866550002139, 0.0185667091728845, -0.001170781655209563, -0.00694527943220713, 0.014157476553747994, 0.008672152001851119, 0.004275961572222098, -0.013885001785833406, 0.0037202987103661656, -0.019774567571098967, -0.0023729168249482235, -0.013062397287665894, -0.015469437361186889, -0.0212000620792685, 0.005085033112630866]","[0.09237013012170792, 0.10016706585884094, 0.0, 0.10341905057430267, 0.0, 0.09512054175138474, 0.10341905057430267, 0.0, 0.0, 0.0, 0.0, 0.0, 0.10341905057430267, 0.0, 0.0, 0.0, 0.0, 0.0, 0.0, 0.10341905057430267, 0.0, 0.0, 0.09984702616930008, 0.10341905057430267, 0.0, 0.0, 0.0, 0.0, 0.09539992362260818, 0.0]","[0.0, 1.383833786504178e-23, 0.0, 1.1090637763313418e-22, 0.0, 0.0, 0.0, 1.2230282164937592e-22, 4.160165343338122e-23, 6.496832414454626e-23, 1.0, 0.0, 0.0, 0.0, 4.560190682680162e-22, 0.0, 0.0, 2.1256018273335725e-22, 0.0, 1.4149965967225557e-23, 0.0, 0.0, 0.0, 0.0, 2.9140841134013345e-22, 0.0, 0.0, 0.0, 0.0, 0.0]","[0.0, 0.0, 0.0010841395083481945, 0.004747625316244437, 0.0, 0.0, 0.002262596055848495, 0.015018710200549576, 0.0, 0.0, 0.9191499791583195, 0.0, 0.0, 0.0069152902987035855, 0.01714793356414943, 0.0010219222617249366, 0.0, 0.0, 0.0, 0.0, 0.00691444772239869, 0.0, 0.0036743634795697298, 0.0093881543331429, 0.0, 3.994120656756853e-05, 0.0036394677562988534, 0.0, 0.0, 0.008995429138134121]","[0.09237013757228851, 0.10016707330942154, 0.0, 0.10341905802488327, 0.0, 0.09512054920196533, 0.10341905802488327, 0.0, 0.0, 0.0, 0.0, 0.0, 0.10341905802488327, 0.0, 0.0, 0.0, 0.0, 0.0, 0.0, 0.10341905802488327, 0.0, 0.0, 0.09984703361988068, 0.10341905802488327, 0.0, 0.0, 0.0, 0.0, 0.09539993107318878, 0.0]",0.002960633660455203
65,1.0103028752414949,"[1.022204791530215, 0.9913558528821471, 1.011462065562395, 1.0065565559985405, 1.0100918081046277, 1.0041699131028767, 1.0153197910981993, 0.9987324145070661, 0.9917645648527865, 0.9831392283674741, 1.0086390762009096, 0.9772877827617259, 1.0099707336573687, 0.9946402862241245, 1.0072982671070578, 1.0237786655000214, 1.0185667091728845, 0.9988292183447904, 0.9930547205677929, 1.014157476553748, 1.0086721520018511, 1.004275961572222, 0.9861149982141666, 1.0037202987103662, 0.980225432428901, 0.9976270831750518, 0.9869376027123341, 0.9845305626388131, 0.9787999379207315, 1.0050850331126309]","[1.001546294861313, 1.0012012099035277, 1.0100030032701297, 1.005728154576971, 1.0077741561543971, 1.0118521022637925, 0.9920203830065503, 0.9917007109024474, 0.9846966178165478, 1.0076526402183679, 1.0116041810640308, 0.9871738113187425, 0.9990980760567278, 1.0057118178857838, 0.9968185369955568, 1.006601781309762, 0.9796167401328018, 0.9940624351461442, 1.0241611028666797, 0.9915812066510123, 0.9877863264497753, 0.9956531789101885, 0.9944184564567805, 1.001866696698361, 0.9992039119623997, 1.0027297172551295, 1.0061150012927642, 0.9986531134550551, 1.0093431775316402, 1.00791054565224]","[0.001546294861312969, 0.001201209903527678, 0.010003003270129707, 0.005728154576970956, 0.007774156154397138, 0.011852102263792519, -0.007979616993449734, -0.00829928909755262, -0.015303382183452174, 0.007652640218367868, 0.011604181064030827, -0.012826188681257511, -0.0009019239432721537, 0.005711817885783788, -0.003181463004443219, 0.006601781309762078, -0.020383259867198245, -0.00593756485385577, 0.024161102866679718, -0.008418793348987652, -0.012213673550224735, -0.004346821089811548, -0.0055815435432194915, 0.0018666966983609257, -0.0007960880376003399, 0.0027297172551294935, 0.0061150012927642106, -0.0013468865449448586, 0.009343177531640157, 0.00791054565223992]","[0.08837989717721939, 0.10698998719453812, 0.0, 0.0, 0.10698998719453812, 0.06775737553834915, 0.0, 0.0, 0.0, 0.10698998719453812, 0.0, 0.10698998719453812, 0.0, 0.10698998719453812, 0.10698998719453812, 0.0, 0.10698998719453812, 0.0, 0.0, 0.0, 0.0, 0.0, 0.0, 0.0, 0.0, 0.0, 0.09493280202150345, 0.0, 0.0, 0.0]","[0.0, 0.0, 3.4935125342734334e-22, 2.9575044630582325e-22, 0.0, 0.0, 0.0, 0.0, 3.2018467507212694e-22, 0.0, 2.802107614768691e-22, 3.4827317283670863e-22, 0.0, 0.0, 3.4579501944321584e-22, 0.0, 0.0, 1.0, 0.0, 3.4831201842768605e-22, 0.0, 0.0, 0.0, 0.0, 3.427938870394732e-22, 0.0, 2.3732864406903863e-22, 0.0, 0.0, 0.0]","[0.00953257246419861, 0.012387841601124985, 0.004025125886801093, 0.004759687398813886, 0.0, 0.0, 0.00709446780469434, 0.007097863851545525, 0.0017644718630843012, 0.0, 0.009533366980406568, 0.0, 0.008259032245413475, 0.003428323926077832, 0.0025414004253988608, 0.0, 0.002491229249457204, 0.8995826880527021, 0.013019206910162128, 0.0022036494867920015, 0.0, 0.0028013627067343867, 0.0, 0.0, 0.009477709146592881, 0.0, 0.0, 0.0, 0.0, 0.0]","[0.08837989717721939, 0.10698998719453812, 0.0, 0.0, 0.10698998719453812, 0.06775737553834915, 0.0, 0.0, 0.0, 0.10698998719453812, 0.0, 0.10698998719453812, 0.0, 0.10698998719453812, 0.10698998719453812, 0.0, 0.10698998719453812, 0.0, 0.0, 0.0, 0.0, 0.0, 0.0, 0.0, 0.0, 0.0, 0.09493280202150345, 0.0, 0.0, 0.0]",-0.0003510343967519405
66,1.011722121121511,"[1.001546294861313, 1.0012012099035277, 1.0100030032701297, 1.005728154576971, 1.0077741561543971, 1.0118521022637925, 0.9920203830065503, 0.9917007109024474, 0.9846966178165478, 1.0076526402183679, 1.0116041810640308, 0.9871738113187425, 0.9990980760567278, 1.0057118178857838, 0.9968185369955568, 1.006601781309762, 0.9796167401328018, 0.9940624351461442, 1.0241611028666797, 0.9915812066510123, 0.9877863264497753, 0.9956531789101885, 0.9944184564567805, 1.001866696698361, 0.9992039119623997, 1.0027297172551295, 1.0061150012927642, 0.9986531134550551, 1.0093431775316402, 1.00791054565224]","[1.0043040299713475, 0.9903708747785716, 0.9981742320072593, 1.00488210909826, 0.9896659886065521, 1.009388795514136, 1.0037019417726905, 0.9973358084425351, 0.9941569009086679, 1.0255773334846827, 1.003066434347214, 0.9942765119328011, 0.9997781507757552, 0.9963148490910229, 1.0088789497672324, 1.0054736953619554, 0.9858185220981406, 1.0071390414269594, 1.0104626954136788, 0.9842095482338862, 1.0022021945378639, 1.0048528609686762, 1.018514380976938, 0.998611759322157, 1.0082975833357437, 0.9992918443527518, 0.9826361526612266, 1.0019709302231594, 0.987966025641414, 1.0000877832649262]","[0.0043040299713474894, -0.009629125221428447, -0.0018257679927407011, 0.004882109098260035, -0.010334011393447917, 0.009388795514136072, 0.0037019417726904535, -0.00266419155746489, -0.005843099091332071, 0.02557733348468272, 0.0030664343472139866, -0.005723488067198912, -0.0002218492242448411, -0.0036851509089771417, 0.008878949767232358, 0.005473695361955411, -0.014181477901859418, 0.007139041426959425, 0.010462695413678835, -0.015790451766113822, 0.0022021945378638552, 0.004852860968676209, 0.018514380976937916, -0.0013882406778430445, 0.008297583335743708, -0.0007081556472482431, -0.017363847338773386, 0.0019709302231594172, -0.012033974358585997, 8.778326492620003e-05]","[0.0, 0.08652635663747787, 0.0, 0.0, 0.0, 0.0, 0.0, 0.0, 0.09557239711284637, 0.08671517670154572, 0.0, 0.0, 0.0, 0.09944085031747818, 0.0, 0.09923500567674637, 0.0, 0.0770159438252449, 0.0, 0.0, 0.12382159382104874, 0.0, 0.0, 0.0, 0.12382159382104874, 0.0, 0.08402945101261139, 0.0, 0.0, 0.12382159382104874]","[3.3990041332459797e-22, 0.0, 0.0, 0.0, 0.0, 3.3991412868832625e-22, 0.0, 0.0, 0.0, 0.0, 1.0, 0.0, 0.0, 0.0, 0.0, 0.0, 1.1918222352152307e-22, 0.0, 0.0, 0.0, 3.394981856043999e-22, 1.192298328456305e-22, 3.4227981132910387e-22, 4.779164311826788e-22, 0.0, 0.0, 1.196004867902016e-22, 1.1917464399803429e-22, 0.0, 0.0]","[0.0, 0.00989783052672458, 0.0, 0.009243538561121664, 0.01210852788525237, 0.0013889364634491162, 0.0, 0.0, 0.0, 0.000373990998199597, 0.9158046989016725, 0.004268603849051142, 0.0107833587211208, 0.0, 0.0, 0.0, 0.0, 0.0, 0.0, 0.011999591276424111, 0.0, 0.0, 0.0, 0.012645657571466554, 0.0, 0.002333134969930466, 0.0, 0.004314497623947464, 0.004837632651639934, 0.0]","[0.0, 0.08652635663747787, 0.0, 0.0, 0.0, 0.0, 0.0, 0.0, 0.09557239711284637, 0.08671517670154572, 0.0, 0.0, 0.0, 0.09944085031747818, 0.0, 0.09923500567674637, 0.0, 0.0770159438252449, 0.0, 0.0, 0.12382159382104874, 0.0, 0.0, 0.0, 0.12382159382104874, 0.0, 0.08402945101261139, 0.0, 0.0, 0.12382159382104874]",0.0009885642664195864
67,1.0100622581027563,"[1.0043040299713475, 0.9903708747785716, 0.9981742320072593, 1.00488210909826, 0.9896659886065521, 1.009388795514136, 1.0037019417726905, 0.9973358084425351, 0.9941569009086679, 1.0255773334846827, 1.003066434347214, 0.9942765119328011, 0.9997781507757552, 0.9963148490910229, 1.0088789497672324, 1.0054736953619554, 0.9858185220981406, 1.0071390414269594, 1.0104626954136788, 0.9842095482338862, 1.0022021945378639, 1.0048528609686762, 1.018514380976938, 0.998611759322157, 1.0082975833357437, 0.9992918443527518, 0.9826361526612266, 1.0019709302231594, 0.987966025641414, 1.0000877832649262]","[1.0042654077511246, 0.9903490227327152, 1.0053591272724502, 0.9868264142087587, 1.0155338283541149, 0.98993156770508, 1.0060272330330577, 1.0085714579573242, 0.9913270216252734, 0.9939340280794497, 0.9916900301968876, 0.9970618915629443, 1.01049443673579, 0.9913788331671456, 1.0250830716835264, 0.9932953180727061, 1.012482774346631, 0.9948097553476241, 1.02740448621542, 1.0029512528438822, 0.9950433479140072, 1.0091812241353841, 1.0150496116154102, 0.9839387750448174, 0.9837464374769335, 0.9802422316136031, 1.0011215147003942, 0.9787826176191423, 0.9605854297505405, 1.0080481109247368]","[0.004265407751124606, -0.00965097726728481, 0.005359127272450248, -0.013173585791241282, 0.015533828354114876, -0.010068432294920049, 0.006027233033057744, 0.008571457957324169, -0.008672978374726581, -0.0060659719205502505, -0.008309969803112383, -0.0029381084370556643, 0.01049443673578998, -0.00862116683285441, 0.025083071683526414, -0.0067046819272938984, 0.01248277434663092, -0.005190244652375942, 0.02740448621541991, 0.0029512528438822017, -0.00495665208599283, 0.009181224135384136, 0.015049611615410186, -0.016061224955182585, -0.016253562523066534, -0.019757768386396868, 0.0011215147003942327, -0.021217382380857686, -0.03941457024945949, 0.008048110924736784]","[0.0, 0.0, 0.08308181166648865, 0.0, 0.10551542788743973, 0.08734942972660065, 0.0, 0.0, 0.0, 0.11491451412439346, 0.11199086159467697, 0.0, 0.07928841561079025, 0.0, 0.0, 0.05346333608031273, 0.12146539241075516, 0.12146539241075516, 0.0, 0.0, 0.0, 0.0, 0.0, 0.0, 0.0, 0.0, 0.0, 0.12146539241075516, 0.0, 0.0]","[0.0, 4.608630700062174e-22, 0.0, 0.0, 0.0, 0.0, 0.0, 5.661796781653099e-22, 0.0, 5.382436727049189e-22, 0.0, 0.0, 0.0, 4.574247101237977e-22, 0.0, 4.5769437984533885e-22, 0.0, 4.619366654819532e-22, 1.0, 0.0, 0.0, 0.0, 0.0, 5.697643705746827e-22, 4.589453820281826e-22, 0.0, 0.0, 7.901229464984143e-22, 0.0, 0.0]","[0.009810641017746752, 0.0, 0.0, 0.0, 0.0, 0.002217027559097375, 0.009542739517785476, 0.0, 0.011282419898256586, 0.005659969683342308, 0.0, 0.0, 0.014679603572353771, 0.015310409071863767, 0.009735162985596199, 0.0, 0.0, 0.0025646248388669795, 0.8913615816486834, 0.004450228124579556, 0.0, 0.0, 0.0028689752871553487, 0.0, 0.0, 0.0003745880274677448, 0.0, 0.0, 0.003281593734938862, 0.016860435032265753]","[0.0, 0.0, 0.08308181911706924, 0.0, 0.10551543533802032, 0.08734943717718124, 0.0, 0.0, 0.0, 0.11491452157497406, 0.11199086904525757, 0.0, 0.07928842306137085, 0.0, 0.0, 0.05346333980560303, 0.12146539986133575, 0.12146539986133575, 0.0, 0.0, 0.0, 0.0, 0.0, 0.0, 0.0, 0.0, 0.0, 0.12146539986133575, 0.0, 0.0]",-0.0019772542685565094
68,1.016978412390119,"[1.0042654077511246, 0.9903490227327152, 1.0053591272724502, 0.9868264142087587, 1.0155338283541149, 0.98993156770508, 1.0060272330330577, 1.0085714579573242, 0.9913270216252734, 0.9939340280794497, 0.9916900301968876, 0.9970618915629443, 1.01049443673579, 0.9913788331671456, 1.0250830716835264, 0.9932953180727061, 1.012482774346631, 0.9948097553476241, 1.02740448621542, 1.0029512528438822, 0.9950433479140072, 1.0091812241353841, 1.0150496116154102, 0.9839387750448174, 0.9837464374769335, 0.9802422316136031, 1.0011215147003942, 0.9787826176191423, 0.9605854297505405, 1.0080481109247368]","[1.001346761028358, 1.0388845459418905, 0.9864936745070851, 1.001735160375635, 0.9842065833773603, 0.99682354114905, 1.0192729039462056, 0.9943271757748072, 1.0059327156910747, 1.0033497878977204, 1.0102812896054345, 1.0067291604878856, 1.0087399097909526, 0.9911782143145784, 1.0159046523285675, 1.0067034194003037, 1.0050057152997989, 1.017838046693853, 0.9929104027174118, 0.9944557418369233, 1.0000923586480643, 1.0101036097358023, 1.0106025198793602, 0.9823071280041215, 1.0131008492087266, 1.0083576503822997, 0.9970860602235799, 1.0040195786212018, 1.0057722762369374, 1.0202142812117538]","[0.0013467610283579567, 0.0388845459418905, -0.013506325492914861, 0.0017351603756350364, -0.015793416622639667, -0.0031764588509499703, 0.019272903946205622, -0.005672824225192774, 0.005932715691074675, 0.0033497878977204465, 0.010281289605434507, 0.006729160487885633, 0.008739909790952627, -0.00882178568542158, 0.015904652328567526, 0.006703419400303723, 0.005005715299798874, 0.017838046693853027, -0.007089597282588178, -0.005544258163076687, 9.235864806433902e-05, 0.010103609735802266, 0.010602519879360228, -0.017692871995878545, 0.013100849208726562, 0.008357650382299742, -0.0029139397764200714, 0.004019578621201836, 0.005772276236937435, 0.020214281211753837]","[0.0, 0.0, 0.0, 0.0, 0.0, 0.11275654286146164, 0.10655435919761658, 0.0, 0.0, 0.0, 0.0, 0.0, 0.1272803097963333, 0.0, 0.045073337852954865, 0.0, 0.1249300092458725, 0.0, 0.0, 0.0, 0.07197358459234238, 0.11911245435476303, 0.11802177131175995, 0.04687079042196274, 0.0, 0.12742681801319122, 0.0, 0.0, 0.0, 0.0]","[0.0, 0.0, -1.0481703010978744e-23, 0.0, -1.5304197938486755e-22, 1.9508576433086182e-23, 0.0, 0.0, 1.2901646565659405e-22, -1.5219642101568777e-22, -9.220919465977956e-23, 2.4011708135497715e-22, 0.0, 0.0, 0.0, 0.0, 0.0, 0.0, 1.0, 0.0, 0.0, 1.4431196106369034e-23, 0.0, 0.0, 0.0, 0.0, 0.0, 0.0, 0.0, -9.851954440993728e-23]","[0.0, 0.0, 0.0, 0.0, 0.0, 0.0, 0.0, 0.0, 0.0015064832443840122, 0.0036304663200707635, 0.0037698135810677845, 0.008805272674771334, 0.0, 0.0, 0.0, 0.009964967370201474, 0.0, 0.0, 0.9344327856208665, 0.005450599683391174, 0.0, 0.0, 0.0, 0.0, 0.0, 0.0, 0.012455784241482037, 0.011876422824914117, 0.0, 0.008107404438850694]","[0.0, 0.0, 0.0, 0.0, 0.0, 0.11275655031204224, 0.10655436664819717, 0.0, 0.0, 0.0, 0.0, 0.0, 0.1272803246974945, 0.0, 0.04507334157824516, 0.0, 0.1249300166964531, 0.0, 0.0, 0.0, 0.07197359204292297, 0.11911246180534363, 0.11802177876234055, 0.046870794147253036, 0.0, 0.12742683291435242, 0.0, 0.0, 0.0, 0.0]",0.0064641549342452686
69,1.0180427392528157,"[1.001346761028358, 1.0388845459418905, 0.9864936745070851, 1.001735160375635, 0.9842065833773603, 0.99682354114905, 1.0192729039462056, 0.9943271757748072, 1.0059327156910747, 1.0033497878977204, 1.0102812896054345, 1.0067291604878856, 1.0087399097909526, 0.9911782143145784, 1.0159046523285675, 1.0067034194003037, 1.0050057152997989, 1.017838046693853, 0.9929104027174118, 0.9944557418369233, 1.0000923586480643, 1.0101036097358023, 1.0106025198793602, 0.9823071280041215, 1.0131008492087266, 1.0083576503822997, 0.9970860602235799, 1.0040195786212018, 1.0057722762369374, 1.0202142812117538]","[1.0164324231976476, 1.010724310988061, 0.982778469914778, 0.9826600398644111, 0.9811995443504526, 0.984337827187982, 0.9831220435517762, 1.016158710520606, 0.9935579914072553, 1.0176549172425957, 1.0059636475005345, 1.0287659727453153, 0.9881705831918854, 1.0024599648891181, 0.9966132273321033, 1.010719430726906, 0.9902098598677852, 1.021167608960138, 0.9988117353958691, 1.0017671458419193, 1.0066359830292155, 0.9979153645067548, 0.99708883426752, 1.007775664687649, 1.0248823898738972, 0.9917085934653516, 1.0001541373379066, 0.9976463201333718, 0.9881146239270766, 1.0016843860965101]","[0.016432423197647594, 0.010724310988061037, -0.01722153008522198, -0.017339960135588917, -0.018800455649547354, -0.015662172812017983, -0.016877956448223763, 0.016158710520606023, -0.006442008592744686, 0.017654917242595713, 0.005963647500534464, 0.028765972745315338, -0.011829416808114557, 0.002459964889118149, -0.0033867726678966648, 0.010719430726906065, -0.009790140132214797, 0.02116760896013803, -0.0011882646041309064, 0.001767145841919282, 0.006635983029215531, -0.002084635493245224, -0.002911165732479959, 0.007775664687649009, 0.024882389873897237, -0.008291406534648438, 0.00015413733790659023, -0.0023536798666281555, -0.011885376072923393, 0.0016843860965101154]","[0.0, 0.0, 0.10225260257720947, 0.0, 0.0, 0.0, 0.09327811002731323, 0.0, 0.10225260257720947, 0.0, 0.0, 0.10225260257720947, 0.0, 0.0, 0.0, 0.0, 0.0, 0.10225260257720947, 0.0, 0.0, 0.0, 0.09284722059965134, 0.0, 0.10225260257720947, 0.0, 0.10225260257720947, 0.10225260257720947, 0.0, 0.0, 0.09810648113489151]","[0.0, 3.505989410939973e-22, 0.0, 0.0, 0.0, 3.485065782557397e-22, 0.0, 5.659411927563017e-22, 0.0, 5.1099258940843595e-22, 0.0, 0.0, 0.0, 0.0, 0.0, 0.0, 5.682873315283898e-22, 0.0, 1.0, 3.480195229542226e-22, 3.4765153370783363e-22, 0.0, 0.0, 3.479822511407511e-22, 0.0, 0.0, 0.0, 0.0, 3.4890228340588393e-22, 0.0]","[0.0, 0.014791996653092767, 0.0, 0.007783730404550522, 0.00938933279858535, 0.007981133581179327, 0.01107190445443592, 0.006920161051018799, 0.008011831172987167, 0.0, 0.008541346705415053, 0.0, 0.008999560690124881, 0.011546542928470125, 0.005797771870426737, 0.0, 0.0, 0.020379656001275687, 0.8196940193752891, 0.011123528849447383, 0.009876941643606777, 0.0031109693126864586, 0.0, 0.00791051914525273, 0.008284214140585947, 0.0, 0.010979691448784646, 0.007805147772784657, 0.0, 0.0]","[0.0, 0.0, 0.10225260257720947, 0.0, 0.0, 0.0, 0.09327811002731323, 0.0, 0.10225260257720947, 0.0, 0.0, 0.10225260257720947, 0.0, 0.0, 0.0, 0.0, 0.0, 0.10225260257720947, 0.0, 0.0, 0.0, 0.09284722059965134, 0.0, 0.10225260257720947, 0.0, 0.10225260257720947, 0.10225260257720947, 0.0, 0.0, 0.09810648113489151]",0.0006295099698877856
70,1.0147657519566153,"[1.0164324231976476, 1.010724310988061, 0.982778469914778, 0.9826600398644111, 0.9811995443504526, 0.984337827187982, 0.9831220435517762, 1.016158710520606, 0.9935579914072553, 1.0176549172425957, 1.0059636475005345, 1.0287659727453153, 0.9881705831918854, 1.0024599648891181, 0.9966132273321033, 1.010719430726906, 0.9902098598677852, 1.021167608960138, 0.9988117353958691, 1.0017671458419193, 1.0066359830292155, 0.9979153645067548, 0.99708883426752, 1.007775664687649, 1.0248823898738972, 0.9917085934653516, 1.0001541373379066, 0.9976463201333718, 0.9881146239270766, 1.0016843860965101]","[1.0001119328814299, 0.9906712476832394, 1.0006232970119675, 1.0211667507187057, 0.996793325984567, 0.9854100870011494, 0.9735525014592832, 1.004597306984167, 0.9924487897512191, 0.9922997487805816, 1.0131989763893832, 0.9995348378900112, 1.0060503760812498, 1.0154493734503964, 1.0150151178034372, 0.9977619832718471, 0.9871466129969784, 1.003939907795118, 0.9839368080699888, 1.0169438987509094, 0.9818024512574542, 1.0077231447193664, 1.0060570534176454, 0.994716652694251, 1.0033281865141945, 0.9804377951464397, 1.0086537044235653, 0.9945692400840526, 0.998890794382363, 0.9845036949911325]","[0.0001119328814298548, -0.009328752316760558, 0.0006232970119675052, 0.021166750718705662, -0.003206674015432953, -0.014589912998850596, -0.02644749854071682, 0.004597306984166938, -0.007551210248780915, -0.007700251219418419, 0.013198976389383166, -0.0004651621099888148, 0.006050376081249809, 0.01544937345039643, 0.015015117803437228, -0.002238016728152936, -0.012853387003021632, 0.003939907795118103, -0.016063191930011156, 0.016943898750909403, -0.018197548742545755, 0.007723144719366415, 0.006057053417645397, -0.0052833473057489755, 0.003328186514194531, -0.019562204853560305, 0.008653704423565278, -0.005430759915947436, -0.0011092056176370546, -0.01549630500886745]","[0.0, 0.0, 0.0, 0.0, 0.0, 0.0, 0.11736243963241577, 0.04338471218943596, 0.0, 0.0, 0.0, 0.11706693470478058, 0.0, 0.0, 0.08999869227409363, 0.09108401089906693, 0.08964710682630539, 0.0, 0.0, 0.0, 0.0, 0.11736243963241577, 0.0, 0.0, 0.0, 0.0, 0.11736243963241577, 0.11736243963241577, 0.0, 0.09936872869729996]","[0.0, 0.0, 8.644490814299408e-22, 8.468537488684316e-22, 1.5137211966408755e-21, 0.0, 0.0, 0.0, 0.0, 4.587107554925297e-22, 0.0, 0.0, 1.6379817489556872e-22, 2.8501927434742283e-22, 0.0, 0.0, 0.0, 0.96416632679691, 0.03583367320308999, 0.0, 0.0, 0.0, 0.0, 0.0, 0.0, 0.0, 2.9710164354264307e-22, 0.0, 0.0, 1.0346456669574807e-22]","[0.0, 0.021592095652203887, 0.011096158017939233, 0.0, 0.004136540233597969, 0.0060492140334138765, 0.007378270416251576, 0.0, 0.002097635951296786, 0.0, 0.007173153436770608, 0.0, 0.0, 0.011147498536403342, 0.0, 0.01846765800119378, 0.006395307002351894, 0.8546574476332499, 0.028723311515309293, 0.0, 0.0014838172606907406, 0.0, 0.0, 0.0, 0.002205651865711299, 0.008030606985963591, 0.0, 0.005667407924767411, 0.003698225532884848, 0.0]","[0.0, 0.0, 0.0, 0.0, 0.0, 0.0, 0.11736244708299637, 0.04338471591472626, 0.0, 0.0, 0.0, 0.11706694215536118, 0.0, 0.0, 0.08999869972467422, 0.09108401834964752, 0.08964711427688599, 0.0, 0.0, 0.0, 0.0, 0.11736244708299637, 0.0, 0.0, 0.0, 0.0, 0.11736244708299637, 0.11736244708299637, 0.0, 0.09936873614788055]",-0.003677048878175215
71,1.0190987456334135,"[1.0001119328814299, 0.9906712476832394, 1.0006232970119675, 1.0211667507187057, 0.996793325984567, 0.9854100870011494, 0.9735525014592832, 1.004597306984167, 0.9924487897512191, 0.9922997487805816, 1.0131989763893832, 0.9995348378900112, 1.0060503760812498, 1.0154493734503964, 1.0150151178034372, 0.9977619832718471, 0.9871466129969784, 1.003939907795118, 0.9839368080699888, 1.0169438987509094, 0.9818024512574542, 1.0077231447193664, 1.0060570534176454, 0.994716652694251, 1.0033281865141945, 0.9804377951464397, 1.0086537044235653, 0.9945692400840526, 0.998890794382363, 0.9845036949911325]","[0.999370132679236, 0.9832147211774898, 1.0131461161403343, 1.0063645853088494, 1.0060940721670764, 0.9999300854439769, 1.003482876976792, 1.0052708896047633, 0.9848118786424157, 0.9884605847723933, 1.0198630386143483, 1.01097935735293, 1.003547797548968, 0.9678379972885478, 1.028588146251429, 0.9780367256747692, 0.9952917693783729, 1.0029775358723048, 1.016263233025898, 1.002211047914789, 0.9967003388886373, 1.0130862510588299, 0.9845862690389373, 0.9943916272857717, 0.9863439106947204, 0.9980895357578715, 0.9987886171104583, 0.988724507599577, 0.991668188075596, 0.9910543830952168]","[-0.0006298673207639771, -0.01678527882251024, 0.01314611614033434, 0.006364585308849424, 0.006094072167076359, -6.991455602312069e-05, 0.0034828769767920598, 0.005270889604763296, -0.015188121357584294, -0.011539415227606709, 0.01986303861434835, 0.010979357352929986, 0.003547797548967946, -0.0321620027114522, 0.028588146251429025, -0.02196327432523082, -0.004708230621627063, 0.0029775358723047596, 0.01626323302589805, 0.0022110479147889883, -0.003299661111362706, 0.013086251058829879, -0.015413730961062688, -0.005608372714228316, -0.013656089305279617, -0.0019104642421284845, -0.0012113828895417011, -0.011275492400423026, -0.00833181192440402, -0.008945616904783238]","[0.0, 0.07929722964763641, 0.0, 0.0, 0.0, 0.10987541824579239, 0.10390443354845047, 0.09880973398685455, 0.0, 0.0, 0.0, 0.0, 0.10987541824579239, 0.0, 0.09129984676837921, 0.0, 0.0, 0.10987541824579239, 0.0, 0.077311672270298, 0.0, 0.10987541824579239, 0.0, 0.0, 0.0, 0.10987541824579239, 0.0, 0.0, 0.0, 0.0]","[0.0, 1.265398867246975e-22, 1.3003976310216793e-22, 0.0, 1.2967530451985683e-22, 0.0, 0.0, 0.0, 1.2664847617698839e-22, 0.0, 5.159096757568472e-22, 0.0, 0.0, 1.2966338358049485e-22, 0.0, 0.0, 0.0, 1.0, 2.6299514560832193e-22, 0.0, 1.2716989297763795e-22, 0.0, 0.0, 0.0, 0.0, 0.0, 0.0, 3.4867068850274904e-22, 0.0, 0.0]","[0.0, 0.0, 0.010288748103881138, 0.012646751522582309, 0.0, 0.015581733431389612, 0.017321095586137113, 0.008588832559094537, 0.0, 0.007150757171702329, 0.002708594992413888, 0.0, 0.0, 0.0, 0.0, 0.002445226131516329, 0.0017190469524791334, 0.8898884957890945, 0.0, 0.0, 0.008893632787921444, 0.0, 0.0, 0.0, 0.0, 0.00977069361113801, 0.008051144569896102, 0.0014567815218845634, 0.0034884652688694047, 0.0]","[0.0, 0.07929722964763641, 0.0, 0.0, 0.0, 0.10987541824579239, 0.10390443354845047, 0.09880973398685455, 0.0, 0.0, 0.0, 0.0, 0.10987541824579239, 0.0, 0.09129984676837921, 0.0, 0.0, 0.10987541824579239, 0.0, 0.077311672270298, 0.0, 0.10987541824579239, 0.0, 0.0, 0.0, 0.10987541824579239, 0.0, 0.0, 0.0, 0.0]",0.003847359575793204
72,1.006985980392604,"[0.999370132679236, 0.9832147211774898, 1.0131461161403343, 1.0063645853088494, 1.0060940721670764, 0.9999300854439769, 1.003482876976792, 1.0052708896047633, 0.9848118786424157, 0.9884605847723933, 1.0198630386143483, 1.01097935735293, 1.003547797548968, 0.9678379972885478, 1.028588146251429, 0.9780367256747692, 0.9952917693783729, 1.0029775358723048, 1.016263233025898, 1.002211047914789, 0.9967003388886373, 1.0130862510588299, 0.9845862690389373, 0.9943916272857717, 0.9863439106947204, 0.9980895357578715, 0.9987886171104583, 0.988724507599577, 0.991668188075596, 0.9910543830952168]","[0.9966111006995686, 0.9983744404152782, 0.9980712258378549, 0.9965396724799434, 0.9987327951086971, 1.0065542579379787, 0.9831259255363947, 1.0103820628827884, 0.976574272424893, 0.9785465282171291, 1.014230584177879, 0.99476338553171, 0.9810883419360694, 0.9839554437628283, 1.0033437312065774, 0.9907216337175703, 0.9881867754591878, 1.0046526684573573, 0.9936204322401149, 1.0100309196171764, 0.9685081126260247, 1.0072754023720738, 1.0035425141589578, 1.0176510769804348, 0.9917735491543643, 1.0032544823202134, 1.0156057287382632, 0.9781769072631894, 1.0218280416321186, 1.0112314711275274]","[-0.0033888993004314028, -0.0016255595847217696, -0.0019287741621450971, -0.0034603275200566497, -0.0012672048913029421, 0.0065542579379787025, -0.016874074463605337, 0.010382062882788423, -0.02342572757510697, -0.021453471782870936, 0.014230584177878924, -0.005236614468290046, -0.01891165806393058, -0.016044556237171714, 0.0033437312065773828, -0.009278366282429729, -0.01181322454081224, 0.004652668457357345, -0.00637956775988513, 0.010030919617176393, -0.03149188737397535, 0.007275402372073803, 0.003542514158957788, 0.017651076980434777, -0.008226450845635669, 0.0032544823202134143, 0.015605728738263158, -0.0218230927368106, 0.0218280416321186, 0.011231471127527426]","[0.0, 0.10336904972791672, 0.0, 0.10336904972791672, 0.0, 0.0, 0.0, 0.0, 0.10336904972791672, 0.10336904972791672, 0.0, 0.10336904972791672, 0.0, 0.10210420191287994, 0.08378072082996368, 0.0, 0.0, 0.0, 0.0, 0.0, 0.09293440729379654, 0.0, 0.0, 0.0, 0.0, 0.10225758701562881, 0.0, 0.10207778960466385, 0.0, 0.0]","[0.0, 0.0, 0.0, 0.0, 0.0, 0.0, 0.0, 0.0, 0.0, 0.0, 0.0, 0.0, 9.338421793873006e-24, -2.1012396293918128e-22, 0.0, 0.0, 0.0, 0.0, 1.0, 1.1330392825151556e-23, 0.0, 8.81800017207026e-24, 1.0794109423053136e-23, -9.963406605106566e-23, -2.1009349399406695e-22, 0.0, 0.0, 0.0, -2.1034614460240874e-22, -1.0256945074097356e-22]","[0.0, 0.005982764989453039, 0.0025428877127902038, 0.0, 0.0, 0.0, 0.0023154359968305706, 0.003329730980769207, 0.0009873524920766144, 0.0, 0.008852588066624041, 0.006654755160686974, 0.002801176184330751, 0.01185793745611358, 0.0, 0.0, 0.0, 0.0, 0.8937005089961622, 0.0068492028931428734, 0.0, 0.00669816977881291, 0.015875700420482156, 0.005267045251086245, 0.0, 0.013768225582901005, 0.005067932183300662, 0.0, 0.0, 0.0074485858544371284]","[0.0, 0.10336905717849731, 0.0, 0.10336905717849731, 0.0, 0.0, 0.0, 0.0, 0.10336905717849731, 0.10336905717849731, 0.0, 0.10336905717849731, 0.0, 0.10210420936346054, 0.08378072828054428, 0.0, 0.0, 0.0, 0.0, 0.0, 0.09293441474437714, 0.0, 0.0, 0.0, 0.0, 0.10225759446620941, 0.0, 0.10207779705524445, 0.0, 0.0]",-0.012354821839393055
73,1.0104377151479051,"[0.9966111006995686, 0.9983744404152782, 0.9980712258378549, 0.9965396724799434, 0.9987327951086971, 1.0065542579379787, 0.9831259255363947, 1.0103820628827884, 0.976574272424893, 0.9785465282171291, 1.014230584177879, 0.99476338553171, 0.9810883419360694, 0.9839554437628283, 1.0033437312065774, 0.9907216337175703, 0.9881867754591878, 1.0046526684573573, 0.9936204322401149, 1.0100309196171764, 0.9685081126260247, 1.0072754023720738, 1.0035425141589578, 1.0176510769804348, 0.9917735491543643, 1.0032544823202134, 1.0156057287382632, 0.9781769072631894, 1.0218280416321186, 1.0112314711275274]","[0.9956713731077782, 0.979283502546109, 0.9775783254126099, 0.9974892320621461, 0.994363397270668, 0.9600507401712345, 1.0023950743607615, 0.9930663115988677, 0.9941012923769799, 1.0290427844844994, 0.9910180672379968, 1.0093067859417264, 1.0126005431260605, 1.0116509931567752, 1.004106575078977, 1.0098559849251805, 0.9821034510784385, 0.9882232671232896, 0.9999910520055624, 1.007562019294047, 0.9977774119339885, 1.0019832522783696, 1.0087775384333255, 0.9846248963500228, 1.0098355260121967, 0.9798165924700473, 1.0022987942508206, 1.0245398065580316, 0.980179532925243, 1.0095172631155807]","[-0.0043286268922217985, -0.020716497453891036, -0.022421674587390084, -0.002510767937853875, -0.005636602729331974, -0.039949259828765515, 0.0023950743607614733, -0.0069336884011322875, -0.0058987076230201385, 0.029042784484499373, -0.008981932762003209, 0.009306785941726403, 0.012600543126060515, 0.011650993156775202, 0.004106575078977048, 0.009855984925180472, -0.01789654892156145, -0.011776732876710438, -8.947994437624729e-06, 0.007562019294047095, -0.0022225880660114994, 0.001983252278369596, 0.008777538433325516, -0.015375103649977184, 0.009835526012196727, -0.020183407529952735, 0.0022987942508205794, 0.024539806558031563, -0.019820467074757042, 0.009517263115580654]","[0.10171448439359665, 0.0, 0.0, 0.10171448439359665, 0.0, 0.0, 0.10171448439359665, 0.10171448439359665, 0.09787774085998535, 0.10171448439359665, 0.0, 0.0, 0.0, 0.10171448439359665, 0.10171448439359665, 0.0, 0.0, 0.0, 0.0, 0.0, 0.0, 0.0, 0.0, 0.10171448439359665, 0.0, 0.0, 0.0, 0.08840633928775787, 0.0, 0.0]","[0.0, 0.0, 6.328400449675405e-23, 0.0, 8.912432581726123e-24, 0.0, 0.0, 0.0, 9.791629933567862e-24, 0.0, 1.0, 1.1771196376096035e-22, 0.0, 0.0, 0.0, 0.0, 9.136146416209728e-24, 0.0, 0.0, 0.0, 0.0, 0.0, 0.0, 6.240645964518989e-23, 0.0, 0.0, 8.506643558215909e-24, 1.1993727772177661e-22, 0.0, 8.733054930298308e-24]","[0.0035181838862407408, 0.005336897348979241, 0.005802785653254694, 0.0058049782931337, 0.006805627121263572, 0.012598229702306842, 0.0, 0.010042882779259105, 0.0, 0.0, 0.9072383114288552, 0.0, 0.0, 0.0, 0.0, 0.006515504678055925, 0.0, 0.0, 0.0026898977125285077, 0.0, 0.004277858971845707, 0.0, 0.01183113538398926, 0.009813050751172357, 0.0007327065428141887, 0.00699194974630092, 0.0, 0.0, 0.0, 0.0]","[0.10171449184417725, 0.0, 0.0, 0.10171449184417725, 0.0, 0.0, 0.10171449184417725, 0.10171449184417725, 0.09787774831056595, 0.10171449184417725, 0.0, 0.0, 0.0, 0.10171449184417725, 0.10171449184417725, 0.0, 0.0, 0.0, 0.0, 0.0, 0.0, 0.0, 0.0, 0.10171449184417725, 0.0, 0.0, 0.0, 0.08840634673833847, 0.0, 0.0]",0.0030712059648850725
74,1.0152684053965466,"[0.9956713731077782, 0.979283502546109, 0.9775783254126099, 0.9974892320621461, 0.994363397270668, 0.9600507401712345, 1.0023950743607615, 0.9930663115988677, 0.9941012923769799, 1.0290427844844994, 0.9910180672379968, 1.0093067859417264, 1.0126005431260605, 1.0116509931567752, 1.004106575078977, 1.0098559849251805, 0.9821034510784385, 0.9882232671232896, 0.9999910520055624, 1.007562019294047, 0.9977774119339885, 1.0019832522783696, 1.0087775384333255, 0.9846248963500228, 1.0098355260121967, 0.9798165924700473, 1.0022987942508206, 1.0245398065580316, 0.980179532925243, 1.0095172631155807]","[0.9998947213161234, 0.9985175702116955, 1.0244382092654085, 0.9964274119739276, 1.0088870241412933, 0.9992097152262025, 1.0146073914302727, 0.9785652317624938, 1.0131930459307088, 0.999539330228042, 0.9979744701935935, 1.0140248462450143, 1.023011449654815, 0.9930297221278693, 0.9854514453966408, 0.9888581892173971, 1.0075201078779885, 1.004191076527756, 0.9950694409031695, 1.012397786627859, 0.998424911826728, 1.0033209715190994, 1.0192619904450229, 0.9903542638783286, 0.9878380553455934, 0.9937827795075602, 0.9967849098997399, 0.9884380213300142, 1.0062477153021279, 1.0106437161198307]","[-0.00010527868387655293, -0.0014824297883044846, 0.024438209265408517, -0.0035725880260724097, 0.008887024141293276, -0.0007902847737975005, 0.014607391430272676, -0.02143476823750623, 0.013193045930708802, -0.00046066977195802217, -0.0020255298064064675, 0.014024846245014322, 0.023011449654815053, -0.00697027787213067, -0.014548554603359243, -0.011141810782602901, 0.007520107877988513, 0.004191076527755966, -0.004930559096830489, 0.012397786627859064, -0.0015750881732720101, 0.0033209715190993805, 0.01926199044502286, -0.009645736121671411, -0.012161944654406565, -0.006217220492439779, -0.0032150901002601096, -0.011561978669985762, 0.006247715302127865, 0.010643716119830726]","[0.11082565784454346, 0.11082565784454346, 0.07880682498216629, 0.0, 0.0, 0.0, 0.0, 0.0, 0.07145753502845764, 0.0, 0.11082565784454346, 0.11082565784454346, 0.0, 0.0, 0.0, 0.0, 0.0, 0.11082565784454346, 0.0, 0.0, 0.0, 0.0, 0.0, 0.0, 0.11082565784454346, 0.0, 0.0, 0.0, 0.07395600527524948, 0.11082565784454346]","[0.0, 0.0, 0.0, 4.521896550742546e-22, 0.0, 4.52019073727284e-22, 0.0, 0.0, 4.54952374838326e-22, 0.0, 1.0, 0.0, 0.0, 2.3257240487223576e-22, 0.0, 2.3215193531059824e-22, 4.533247195500679e-22, 2.3190656203655175e-22, 0.0, 0.0, 0.0, 0.0, 2.3310206275485074e-22, 0.0, 2.3206410921351166e-22, 0.0, 0.0, 0.0, 0.0, 0.0]","[0.0060209745544672994, 0.003825203135985666, 0.00835918677833103, 0.003302241735787313, 0.005309097291604023, 0.0, 0.0, 0.0, 0.0, 0.0, 0.9177831189192979, 0.013753090465273987, 0.0, 0.015077503816599697, 0.004613510078845385, 0.0025376842660967706, 0.006243284146851823, 0.0, 0.0, 0.001636226049356856, 9.41888071717442e-05, 0.0, 0.0, 0.0, 0.007155088167255411, 0.0, 0.0, 0.0, 0.004289601787075139, 0.0]","[0.11082565784454346, 0.11082565784454346, 0.07880682498216629, 0.0, 0.0, 0.0, 0.0, 0.0, 0.07145753502845764, 0.0, 0.11082565784454346, 0.11082565784454346, 0.0, 0.0, 0.0, 0.0, 0.0, 0.11082565784454346, 0.0, 0.0, 0.0, 0.0, 0.0, 0.0, 0.11082565784454346, 0.0, 0.0, 0.0, 0.07395600527524948, 0.11082565784454346]",0.00438872999162697
75,1.0114203309753675,"[0.9998947213161234, 0.9985175702116955, 1.0244382092654085, 0.9964274119739276, 1.0088870241412933, 0.9992097152262025, 1.0146073914302727, 0.9785652317624938, 1.0131930459307088, 0.999539330228042, 0.9979744701935935, 1.0140248462450143, 1.023011449654815, 0.9930297221278693, 0.9854514453966408, 0.9888581892173971, 1.0075201078779885, 1.004191076527756, 0.9950694409031695, 1.012397786627859, 0.998424911826728, 1.0033209715190994, 1.0192619904450229, 0.9903542638783286, 0.9878380553455934, 0.9937827795075602, 0.9967849098997399, 0.9884380213300142, 1.0062477153021279, 1.0106437161198307]","[0.9897204652265019, 1.0081653964993376, 1.0104405266319696, 0.9950211211702209, 1.007328503627677, 0.9797719579568458, 1.0043074545270916, 1.00950565967223, 1.0056094205960828, 0.9890223592578488, 0.9963078884742287, 0.9714925329690586, 1.0109043768133106, 1.0192560081298134, 0.9968628981108055, 0.9984954321114512, 1.0036298397311147, 0.9979034944775237, 1.0152607741723616, 1.0104313154857314, 1.0164807595030207, 0.988803480182922, 1.0268592550900812, 1.0095902756320685, 1.0041186969248153, 0.9904874650279633, 1.0058055496088694, 0.9828875466049495, 1.0032988395504383, 1.015142847395781]","[-0.010279534773498078, 0.008165396499337563, 0.010440526631969593, -0.004978878829779099, 0.007328503627676897, -0.020228042043154204, 0.004307454527091581, 0.009505659672230049, 0.005609420596082826, -0.01097764074215124, -0.0036921115257713133, -0.028507467030941425, 0.010904376813310579, 0.01925600812981343, -0.0031371018891944713, -0.0015045678885488023, 0.003629839731114748, -0.0020965055224763107, 0.015260774172361602, 0.010431315485731396, 0.016480759503020748, -0.011196519817078032, 0.026859255090081247, 0.00959027563206849, 0.004118696924815257, -0.009512534972036746, 0.005805549608869365, -0.01711245339505052, 0.003298839550438304, 0.01514284739578109]","[0.0, 0.0, 0.11189082264900208, 0.0, 0.0, 0.09771856665611267, 0.10223938524723053, 0.09955023974180222, 0.0, 0.11762834340333939, 0.10846452414989471, 0.10720627009868622, 0.0, 0.0, 0.11762834340333939, 0.0, 0.0, 0.0, 0.0, 0.0, 0.0, 0.0, 0.0, 0.0, 0.030094172805547714, 0.0, 0.10757935047149658, 0.0, 0.0, 0.0]","[0.0, 1.209573489943376e-22, 0.0, 1.1969402611070513e-22, 0.0, 0.0, 0.0, 0.0, 0.0, 0.0, 1.0, 0.0, 0.0, 0.0, 0.0, 0.0, 1.2088418791392371e-22, 2.049897892063793e-22, 1.4937504174267495e-22, 0.0, 0.0, 0.0, 1.2328207443605783e-22, 6.341742717632624e-23, 1.053293238696536e-23, 0.0, 0.0, 1.2118210229481227e-22, 0.0, 0.0]","[0.0, 0.015251840243991819, 0.00800462938446482, 0.0078312124087198, 0.0, 0.0, 0.0, 0.0, 0.0, 0.0022278167165164595, 0.8802425137224373, 0.0, 0.002814625482824501, 0.008669658074270547, 0.0, 0.004554249549097011, 0.0, 0.0, 0.01711611160077577, 0.006971204534863849, 0.0, 0.0, 0.0, 0.015017024130351768, 0.0, 0.008804580750492052, 0.0, 0.0005343083057843346, 0.0, 0.02196022509540999]","[0.0, 0.0, 0.11189082264900208, 0.0, 0.0, 0.09771856665611267, 0.10223938524723053, 0.09955023974180222, 0.0, 0.11762834340333939, 0.10846452414989471, 0.10720627009868622, 0.0, 0.0, 0.11762834340333939, 0.0, 0.0, 0.0, 0.0, 0.0, 0.0, 0.0, 0.0, 0.0, 0.030094172805547714, 0.0, 0.10757935047149658, 0.0, 0.0, 0.0]",-0.004151164623803162
76,1.0163743874255016,"[0.9897204652265019, 1.0081653964993376, 1.0104405266319696, 0.9950211211702209, 1.007328503627677, 0.9797719579568458, 1.0043074545270916, 1.00950565967223, 1.0056094205960828, 0.9890223592578488, 0.9963078884742287, 0.9714925329690586, 1.0109043768133106, 1.0192560081298134, 0.9968628981108055, 0.9984954321114512, 1.0036298397311147, 0.9979034944775237, 1.0152607741723616, 1.0104313154857314, 1.0164807595030207, 0.988803480182922, 1.0268592550900812, 1.0095902756320685, 1.0041186969248153, 0.9904874650279633, 1.0058055496088694, 0.9828875466049495, 1.0032988395504383, 1.015142847395781]","[1.0148330573861577, 1.0039349726869027, 1.0008408522904642, 0.9750024624013272, 1.0060336647903638, 1.0099516309179313, 1.0118644374960872, 1.004868441478986, 0.9871061593118188, 0.9866346325124405, 0.9904641071595061, 1.0053091298340104, 1.0224543427142319, 0.9970590900002312, 0.9942118007639769, 0.9967170780820263, 1.0092428401014288, 1.0028843314837688, 0.9975072773665239, 1.0059945052832586, 1.003538364832943, 1.0229685637135075, 1.0146518538734328, 1.0144748017116085, 0.9933211464106768, 1.0179919131905044, 0.9938158840483718, 0.9885429440220135, 0.9954231132565022, 0.9977612074574459]","[0.0148330573861577, 0.003934972686902682, 0.0008408522904641558, -0.024997537598672848, 0.006033664790363824, 0.009951630917931276, 0.011864437496087232, 0.004868441478985908, -0.012893840688181224, -0.013365367487559454, -0.009535892840493942, 0.00530912983401044, 0.022454342714231856, -0.002940909999768815, -0.005788199236023139, -0.0032829219179737468, 0.00924284010142884, 0.002884331483768765, -0.0024927226334761077, 0.005994505283258622, 0.0035383648329430084, 0.022968563713507528, 0.014651853873432819, 0.014474801711608531, -0.006678853589323186, 0.017991913190504416, -0.006184115951628155, -0.011457055977986519, -0.004576886743497766, -0.002238792542554102]","[0.10417071729898453, 0.10417071729898453, 0.0, 0.0, 0.10417071729898453, 0.0, 0.0, 0.0, 0.0, 0.0, 0.0, 0.10417071729898453, 0.0, 0.10417071729898453, 0.0, 0.0, 0.0, 0.10045294463634491, 0.10417071729898453, 0.06618116796016693, 0.0, 0.0, 0.0, 0.0, 0.0, 0.10417071729898453, 0.0, 0.0, 0.0, 0.10417071729898453]","[2.2798766980785474e-22, 2.2868202329692265e-22, 1.7210526986628489e-22, 0.0, 2.2880684206165385e-22, 0.0, 0.0, 0.0, 0.0, 2.290171424350243e-22, 1.0, 0.0, 2.2750288574473585e-22, 0.0, 0.0, 0.0, 0.0, 2.012802185688031e-22, 0.0, 0.0, 0.0, 0.0, 2.3055327195175047e-22, 0.0, 0.0, 0.0, 0.0, 3.3967857401159593e-22, 0.0, 0.0]","[0.0, 0.005797226650962039, 0.0, 0.016242161698305235, 0.022781992063362597, 0.0061137052754636646, 0.0, 0.0, 0.0, 0.0, 0.894235205509898, 0.0, 0.0, 0.012687530779132846, 0.0020407341972598506, 0.0020221434644210516, 0.0, 0.004888579063089569, 0.012833360551314857, 0.0, 0.0, 0.0, 0.007665646603883022, 0.0026717048567522447, 0.0, 0.004271881088463494, 0.0, 0.002312655314582283, 0.0, 0.0034354728831090375]","[0.10417073220014572, 0.10417073220014572, 0.0, 0.0, 0.10417073220014572, 0.0, 0.0, 0.0, 0.0, 0.0, 0.0, 0.10417073220014572, 0.0, 0.10417073220014572, 0.0, 0.0, 0.0, 0.1004529595375061, 0.10417073220014572, 0.06618117541074753, 0.0, 0.0, 0.0, 0.0, 0.0, 0.10417073220014572, 0.0, 0.0, 0.0, 0.10417073220014572]",0.004513416615160155
77,1.0121964082169674,"[1.0148330573861577, 1.0039349726869027, 1.0008408522904642, 0.9750024624013272, 1.0060336647903638, 1.0099516309179313, 1.0118644374960872, 1.004868441478986, 0.9871061593118188, 0.9866346325124405, 0.9904641071595061, 1.0053091298340104, 1.0224543427142319, 0.9970590900002312, 0.9942118007639769, 0.9967170780820263, 1.0092428401014288, 1.0028843314837688, 0.9975072773665239, 1.0059945052832586, 1.003538364832943, 1.0229685637135075, 1.0146518538734328, 1.0144748017116085, 0.9933211464106768, 1.0179919131905044, 0.9938158840483718, 0.9885429440220135, 0.9954231132565022, 0.9977612074574459]","[0.9912340220449324, 1.000882707822824, 0.9890458748260769, 0.9876550949834926, 1.0029050000585769, 0.9951542932295936, 0.9917239513055975, 0.9908364700275629, 1.0029384152191834, 1.0039717725860304, 0.9916038954686199, 0.9926233250969762, 0.9834271241093221, 0.9984880170297329, 0.9845815028530214, 0.999125734530168, 0.9719503943803034, 1.0162261799849324, 0.9944469549360686, 0.9943412308801377, 0.9960573334061501, 0.9965531906119212, 0.9998552236441646, 0.9949826826427352, 1.012924154860108, 1.004613753626635, 0.9966918378293088, 1.0192446748880768, 1.0137307563558333, 0.9747208434706608]","[-0.008765977955067616, 0.0008827078228239582, -0.010954125173923135, -0.012344905016507424, 0.0029050000585768565, -0.0048457067704064105, -0.00827604869440246, -0.009163529972437079, 0.0029384152191833657, 0.003971772586030431, -0.008396104531380066, -0.00737667490302385, -0.016572875890677907, -0.0015119829702671117, -0.015418497146978627, -0.0008742654698320473, -0.028049605619696605, 0.016226179984932365, -0.005553045063931394, -0.005658769119862295, -0.003942666593849897, -0.003446809388078842, -0.0001447763558354298, -0.00501731735726485, 0.012924154860108006, 0.004613753626635075, -0.003308162170691187, 0.019244674888076796, 0.013730756355833318, -0.02527915652933921]","[0.10055087506771088, 0.10055087506771088, 0.10055087506771088, 0.0, 0.0, 0.0, 0.0, 0.0, 0.09790867567062378, 0.0, 0.0, 0.0, 0.0, 0.10055087506771088, 0.0, 0.10055087506771088, 0.09768429398536682, 0.0, 0.10055087506771088, 0.0, 0.0, 0.10055087506771088, 0.0, 0.0, 0.0, 0.0, 0.0, 0.0, 0.10055087506771088, 0.0]","[3.3934384653985226e-22, 0.0, 0.0, 0.0, 0.0, 0.0, 0.0, 0.0, 2.2969278228220165e-22, 0.0, 1.0, 3.3774083236659316e-22, 3.3880692631129917e-22, 2.300143578865039e-22, 0.0, 3.401093089708893e-22, 0.0, 6.175286294537453e-22, 0.0, 4.505626783881828e-22, 0.0, 0.0, 3.41855805365658e-22, 0.0, 0.0, 0.0, 0.0, 0.0, 0.0, 0.0]","[0.0, 0.009494173399402346, 0.0, 0.011146731606680565, 0.009405733621801731, 0.0, 0.0, 0.0, 0.01488324258293978, 0.0, 0.912201769877324, 0.0041586314674346685, 0.0, 0.0, 0.006017730969918278, 0.0, 0.0088150841271051, 0.00027673657182089416, 0.0, 0.003456878777604398, 0.006239573361086421, 0.0, 0.0, 0.0, 0.0, 0.011006708754887875, 0.0, 0.0, 0.002897004881994021, 0.0]","[0.10055088251829147, 0.10055088251829147, 0.10055088251829147, 0.0, 0.0, 0.0, 0.0, 0.0, 0.09790868312120438, 0.0, 0.0, 0.0, 0.0, 0.10055088251829147, 0.0, 0.10055088251829147, 0.09768430143594742, 0.0, 0.10055088251829147, 0.0, 0.0, 0.10055088251829147, 0.0, 0.0, 0.0, 0.0, 0.0, 0.0, 0.10055088251829147, 0.0]",-0.004541892598992504
78,1.0086829498431882,"[0.9912340220449324, 1.000882707822824, 0.9890458748260769, 0.9876550949834926, 1.0029050000585769, 0.9951542932295936, 0.9917239513055975, 0.9908364700275629, 1.0029384152191834, 1.0039717725860304, 0.9916038954686199, 0.9926233250969762, 0.9834271241093221, 0.9984880170297329, 0.9845815028530214, 0.999125734530168, 0.9719503943803034, 1.0162261799849324, 0.9944469549360686, 0.9943412308801377, 0.9960573334061501, 0.9965531906119212, 0.9998552236441646, 0.9949826826427352, 1.012924154860108, 1.004613753626635, 0.9966918378293088, 1.0192446748880768, 1.0137307563558333, 0.9747208434706608]","[0.9943858271840548, 0.9986432152833652, 0.9897721779487048, 1.0092364089837618, 1.0004290638302853, 0.9774571495150837, 1.0060645171586666, 1.0031272836637257, 0.9955233314147343, 1.0126100508116729, 0.9953224799762529, 1.011625768826008, 0.9799028956518702, 1.0162283162739105, 0.9830530554042693, 0.994687194182982, 1.0069640254646457, 0.9978340039776891, 0.9914139633661494, 0.9855686106409065, 0.9928479949379874, 0.9887536126818369, 0.9890763660678574, 0.9914742900086275, 1.0034629310095644, 0.9808831278994885, 0.9925391447385304, 1.0016724097397767, 1.0016667662744494, 1.0244451292116021]","[-0.005614172815945229, -0.0013567847166348068, -0.010227822051295243, 0.009236408983761768, 0.00042906383028529227, -0.022542850484916332, 0.006064517158666627, 0.0031272836637257218, -0.004476668585265742, 0.01261005081167288, -0.004677520023747106, 0.011625768826007965, -0.020097104348129835, 0.016228316273910526, -0.01694694459573065, -0.005312805817017985, 0.006964025464645696, -0.0021659960223109342, -0.008586036633850602, -0.014431389359093494, -0.007152005062012634, -0.011246387318163076, -0.010923633932142573, -0.008525709991372477, 0.0034629310095644072, -0.019116872100511495, -0.007460855261469557, 0.0016724097397766702, 0.0016667662744493938, 0.024445129211602135]","[0.0, 0.0, 0.0, 0.0, 0.10581792891025543, 0.0, 0.0, 0.10581792891025543, 0.0, 0.0, 0.0, 0.0, 0.0, 0.0, 0.10581792891025543, 0.0, 0.0, 0.0, 0.0476386733353138, 0.10581792891025543, 0.0, 0.10581792891025543, 0.0, 0.10581792891025543, 0.0, 0.0, 0.10581792891025543, 0.10581792891025543, 0.0, 0.10581792891025543]","[0.0, 1.0448717180494406e-23, 0.0, 0.0, 1.0808490831904454e-23, 0.0, 1.0415081337868628e-23, 0.0, 1.190916851265106e-23, 0.0, 1.0, 0.0, 0.0, 0.0, 0.0, 0.0, 1.037242104666515e-23, 0.0, 2.325387461125844e-22, 1.0127330070807675e-23, 2.3164410578546896e-22, 0.0, 0.0, 0.0, 0.0, 0.0, 0.0, 0.0, 1.1830876700322998e-22, 0.0]","[0.008682561307886593, 0.007568570889944732, 0.0, 0.0, 0.008900995226488313, 0.0, 0.0, 0.0, 0.00013579700659290193, 0.0, 0.908685161099779, 0.004056161334075061, 0.0054269369451397705, 0.016696280255487316, 0.0, 0.0, 0.0, 0.01144216640196273, 0.0006399763182404401, 0.00417335889738064, 0.008950657012461104, 0.007131260296760922, 0.0, 0.0, 0.005489860248531301, 0.0, 0.0020202567592689834, 0.0, 0.0, 0.0]","[0.0, 0.0, 0.0, 0.0, 0.10581792891025543, 0.0, 0.0, 0.10581792891025543, 0.0, 0.0, 0.0, 0.0, 0.0, 0.0, 0.10581792891025543, 0.0, 0.0, 0.0, 0.0476386733353138, 0.10581792891025543, 0.0, 0.10581792891025543, 0.0, 0.10581792891025543, 0.0, 0.0, 0.10581792891025543, 0.10581792891025543, 0.0, 0.10581792891025543]",-0.003942420189526835
79,1.0191358892027877,"[0.9943858271840548, 0.9986432152833652, 0.9897721779487048, 1.0092364089837618, 1.0004290638302853, 0.9774571495150837, 1.0060645171586666, 1.0031272836637257, 0.9955233314147343, 1.0126100508116729, 0.9953224799762529, 1.011625768826008, 0.9799028956518702, 1.0162283162739105, 0.9830530554042693, 0.994687194182982, 1.0069640254646457, 0.9978340039776891, 0.9914139633661494, 0.9855686106409065, 0.9928479949379874, 0.9887536126818369, 0.9890763660678574, 0.9914742900086275, 1.0034629310095644, 0.9808831278994885, 0.9925391447385304, 1.0016724097397767, 1.0016667662744494, 1.0244451292116021]","[1.0100428156694727, 1.0068335849023902, 0.9980754055494429, 1.020888051404387, 0.9707697476903792, 1.0049555060664674, 0.9910802576728699, 1.0175168528169811, 1.0382092420960074, 1.0017914340932559, 1.0086479840121796, 0.9988320104593531, 0.991949101018454, 0.9727645140254378, 1.0186910015563277, 0.9756863437932541, 0.997277252954966, 1.0112789626572705, 1.0034207832660023, 0.9983082756124789, 1.0056468628763335, 0.9960323924067256, 0.993953317537465, 1.029321968756653, 0.9987325491644922, 0.9985725035947209, 0.9896985971297357, 1.001897286775189, 0.9891422066061185, 1.022520989024212]","[0.010042815669472738, 0.006833584902390166, -0.0019245944505571488, 0.020888051404386987, -0.02923025230962084, 0.004955506066467441, -0.008919742327130109, 0.01751685281698112, 0.0382092420960074, 0.0017914340932558837, 0.008647984012179588, -0.0011679895406468965, -0.008050898981545984, -0.027235485974562157, 0.018691001556327747, -0.02431365620674586, -0.0027227470450339464, 0.011278962657270464, 0.0034207832660022586, -0.0016917243875210763, 0.005646862876333536, -0.003967607593274414, -0.006046682462535036, 0.02932196875665305, -0.0012674508355078329, -0.0014274964052790606, -0.010301402870264265, 0.0018972867751889666, -0.010857793393881487, 0.022520989024211957]","[0.0, 0.0, 0.0, 0.10202173888683319, 0.0, 0.10202173888683319, 0.0, 0.10202173888683319, 0.0, 0.0, 0.10202173888683319, 0.0, 0.0, 0.0, 0.10202173888683319, 0.0, 0.0, 0.0, 0.0, 0.09161943197250366, 0.10202173888683319, 0.0, 0.0, 0.10202173888683319, 0.09220673888921738, 0.10202173888683319, 0.0, 0.0, 0.0, 0.0]","[0.0, 0.0, 0.0, 0.0, 0.0, 0.0, 0.0, 0.0, 3.441232153571819e-22, 4.541386855283523e-22, 1.0, 0.0, 0.0, 3.4465611188359136e-22, 0.0, 0.0, 0.0, 3.4298720722499963e-22, 0.0, 3.423678537189084e-22, 5.640666019751525e-22, 0.0, 3.4548421402743013e-22, 0.0, 3.4336286619002853e-22, 0.0, 0.0, 3.426365144503739e-22, 0.0, 0.0]","[0.0, 0.0, 0.0, 0.0, 0.012234810771972356, 0.017279035886718624, 0.0, 0.012355969923368518, 0.0, 0.0, 0.891425033359979, 0.0, 0.0, 0.0019648938446759183, 0.0065679907623931695, 0.012453508439266138, 0.0, 0.006436919433591797, 0.0, 0.0, 0.01965651010842244, 0.0010406967995889554, 0.0, 0.0, 0.003968468025128814, 0.007635724714394992, 0.0, 0.00023216870835117274, 0.004032710731587363, 0.0027155584905607204]","[0.0, 0.0, 0.0, 0.10202173888683319, 0.0, 0.10202173888683319, 0.0, 0.10202173888683319, 0.0, 0.0, 0.10202173888683319, 0.0, 0.0, 0.0, 0.10202173888683319, 0.0, 0.0, 0.0, 0.0, 0.09161943197250366, 0.10202173888683319, 0.0, 0.0, 0.10202173888683319, 0.09220673888921738, 0.10202173888683319, 0.0, 0.0, 0.0, 0.0]",0.00993520147103888
80,1.0175528448767919,"[1.0100428156694727, 1.0068335849023902, 0.9980754055494429, 1.020888051404387, 0.9707697476903792, 1.0049555060664674, 0.9910802576728699, 1.0175168528169811, 1.0382092420960074, 1.0017914340932559, 1.0086479840121796, 0.9988320104593531, 0.991949101018454, 0.9727645140254378, 1.0186910015563277, 0.9756863437932541, 0.997277252954966, 1.0112789626572705, 1.0034207832660023, 0.9983082756124789, 1.0056468628763335, 0.9960323924067256, 0.993953317537465, 1.029321968756653, 0.9987325491644922, 0.9985725035947209, 0.9896985971297357, 1.001897286775189, 0.9891422066061185, 1.022520989024212]","[1.0019462066645688, 1.0096357899024826, 1.007470142923089, 1.0093983755129035, 1.0315802086786359, 0.9840989675496399, 1.0155332969902997, 0.9884826207559734, 0.9928435569640489, 1.0150271546067566, 0.9989995697152712, 1.0055636994070796, 0.9970617582022034, 1.001039654030072, 1.002415969860028, 1.0311834341702764, 0.99151856447286, 0.9893302140445843, 1.0072124561105398, 0.9916899731801931, 0.992742866659589, 0.9886893646849717, 1.0122006590455108, 0.9996472354225534, 0.9839435089215086, 0.9988118873452309, 1.0002072903875685, 1.0084864120541588, 0.9959545709563048, 1.0005765259721267]","[0.0019462066645687948, 0.009635789902482594, 0.007470142923089007, 0.009398375512903456, 0.03158020867863587, -0.01590103245036012, 0.015533296990299705, -0.011517379244026626, -0.007156443035951088, 0.015027154606756632, -0.0010004302847288482, 0.00556369940707957, -0.002938241797796559, 0.0010396540300718904, 0.0024159698600279, 0.03118343417027636, -0.00848143552713998, -0.010669785955415678, 0.007212456110539778, -0.00831002681980686, -0.007257133340411004, -0.011310635315028295, 0.01220065904551082, -0.00035276457744659595, -0.016056491078491386, -0.0011881126547691467, 0.00020729038756850393, 0.008486412054158787, -0.004045429043695203, 0.0005765259721266514]","[0.0, 0.11419433355331421, 0.06449784338474274, 0.0, 0.0, 0.0, 0.11419433355331421, 0.0, 0.0996386781334877, 0.0, 0.0, 0.0, 0.0, 0.0, 0.0, 0.0, 0.11419433355331421, 0.0, 0.0, 0.11249588429927826, 0.07755008339881897, 0.11419433355331421, 0.0, 0.0, 0.0, 0.11419433355331421, 0.0, 0.0, 0.07484587281942368, 0.0]","[-1.0442461699021576e-22, 0.0, 0.0, 0.0, -2.1415016528807767e-22, 0.0, 0.0, 0.0, -2.137372175213344e-22, -2.1438699552515833e-22, 1.0, 0.0, 0.0, -2.1304019352547966e-22, 0.0, -2.1419582539543657e-22, 0.0, -1.5891932956253275e-22, 0.0, 0.0, -1.0413513485755816e-22, 0.0, -1.0140460829748766e-22, 0.0, 0.0, 0.0, 0.0, 0.0, 0.0, 0.0]","[0.0, 0.004616917292257155, 0.009747831325016606, 0.0, 0.0026724341016165446, 0.005284940534252745, 0.01337298486020607, 0.0, 0.0, 0.017750316215417176, 0.8813396232465727, 0.008468777566527209, 0.0, 0.012694629730854941, 0.0, 0.018643067222158874, 0.0, 0.0, 0.00875165618859318, 0.0, 0.0, 0.007986731877565796, 0.0, 0.0, 0.0, 0.0004473111010031163, 0.006469063731332606, 0.0, 0.0017537150066252924, 0.0]","[0.0, 0.11419433355331421, 0.06449784338474274, 0.0, 0.0, 0.0, 0.11419433355331421, 0.0, 0.0996386781334877, 0.0, 0.0, 0.0, 0.0, 0.0, 0.0, 0.0, 0.11419433355331421, 0.0, 0.0, 0.11249588429927826, 0.07755008339881897, 0.11419433355331421, 0.0, 0.0, 0.0, 0.11419433355331421, 0.0, 0.0, 0.07484587281942368, 0.0]",-0.001989090663618268
81,1.024340663460277,"[1.0019462066645688, 1.0096357899024826, 1.007470142923089, 1.0093983755129035, 1.0315802086786359, 0.9840989675496399, 1.0155332969902997, 0.9884826207559734, 0.9928435569640489, 1.0150271546067566, 0.9989995697152712, 1.0055636994070796, 0.9970617582022034, 1.001039654030072, 1.002415969860028, 1.0311834341702764, 0.99151856447286, 0.9893302140445843, 1.0072124561105398, 0.9916899731801931, 0.992742866659589, 0.9886893646849717, 1.0122006590455108, 0.9996472354225534, 0.9839435089215086, 0.9988118873452309, 1.0002072903875685, 1.0084864120541588, 0.9959545709563048, 1.0005765259721267]","[0.9913243421426307, 0.9987999991214764, 1.0098683152594072, 1.016975895020122, 0.9992324628195537, 1.0203310014584528, 0.9887759147225048, 1.001530531697965, 0.996819333429481, 0.9971796340483825, 1.0122587661550095, 0.9815256319026759, 1.0048578666140895, 0.9969369251838724, 0.9986513694275015, 1.0117766695539117, 0.9971379634054721, 0.988960371028864, 0.9925623776081721, 1.0030384954474272, 0.9798162763954119, 1.0272706225112356, 0.987465727896381, 1.0078595542273092, 1.007093539296964, 0.9923160278895085, 1.006989814605922, 0.9953650327791942, 0.9999836591915987, 1.020176245539999]","[-0.008675657857369345, -0.001200000878523566, 0.009868315259407234, 0.016975895020121978, -0.0007675371804463094, 0.02033100145845279, -0.011224085277495188, 0.0015305316979650208, -0.003180666570518964, -0.0028203659516174984, 0.012258766155009537, -0.018474368097324056, 0.00485786661408949, -0.0030630748161275534, -0.0013486305724984549, 0.011776669553911656, -0.0028620365945278836, -0.011039628971135973, -0.0074376223918278805, 0.003038495447427181, -0.02018372360458809, 0.027270622511235576, -0.012534272103619015, 0.007859554227309218, 0.007093539296963991, -0.007683972110491544, 0.006989814605921962, -0.004634967220805808, -1.6340808401293927e-05, 0.02017624553999897]","[0.0, 0.0, 0.0, 0.0, 0.10000000149011612, 0.0, 0.0, 0.0, 0.0, 0.10000000149011612, 0.10000000149011612, 0.0, 0.0, 0.10000000149011612, 0.10000000149011612, 0.10000000149011612, 0.0, 0.0, 0.0, 0.0, 0.0, 0.10000000149011612, 0.0, 0.10000000149011612, 0.0, 0.0, 0.0, 0.10000000149011612, 0.0, 0.10000000149011612]","[0.0, 0.0, -1.0523437230015897e-22, -1.0566489447654909e-22, 0.0, 0.0, -2.1494744791208545e-22, 0.0, -1.0331264486433287e-22, 0.0, 1.0, 0.0, 0.0, -1.0278401809379523e-22, 0.0, 0.0, 0.0, -1.0409145446443365e-22, 0.0, 0.0, 0.0, 0.0, 0.0, 0.0, -1.0383668028875732e-22, 0.0, 0.0, 2.2897144790128244e-22, 0.0, -1.0464914722178056e-22]","[0.0066326239726052045, 0.0, 0.006548765162039561, 0.0, 0.0, 0.006804942196137173, 0.0, 0.0, 0.022402667562470828, 0.0, 0.8874610934665482, 0.005288247312446079, 0.0, 0.0, 0.002777470525567876, 0.01921403936472626, 0.0032816369935845698, 0.004177834914754998, 0.0, 0.017892832767263306, 0.004331015843009707, 0.011326638404555694, 0.0, 0.0, 0.0, 0.0, 0.0018601915142905823, 0.0, 0.0, 0.0]","[0.0, 0.0, 0.0, 0.0, 0.10000000149011612, 0.0, 0.0, 0.0, 0.0, 0.10000000149011612, 0.10000000149011612, 0.0, 0.0, 0.10000000149011612, 0.10000000149011612, 0.10000000149011612, 0.0, 0.0, 0.0, 0.0, 0.0, 0.10000000149011612, 0.0, 0.10000000149011612, 0.0, 0.0, 0.0, 0.10000000149011612, 0.0, 0.10000000149011612]",0.0062758929352997855
82,1.024369080066949,"[0.9913243421426307, 0.9987999991214764, 1.0098683152594072, 1.016975895020122, 0.9992324628195537, 1.0203310014584528, 0.9887759147225048, 1.001530531697965, 0.996819333429481, 0.9971796340483825, 1.0122587661550095, 0.9815256319026759, 1.0048578666140895, 0.9969369251838724, 0.9986513694275015, 1.0117766695539117, 0.9971379634054721, 0.988960371028864, 0.9925623776081721, 1.0030384954474272, 0.9798162763954119, 1.0272706225112356, 0.987465727896381, 1.0078595542273092, 1.007093539296964, 0.9923160278895085, 1.006989814605922, 0.9953650327791942, 0.9999836591915987, 1.020176245539999]","[0.9948089595413875, 1.0014194790449336, 0.9861296364851998, 1.0264833644247744, 1.0019886110258023, 0.9925741388872275, 1.0167964653193031, 1.0122087611065995, 0.9838343101525419, 0.980328057327012, 1.0193580826425093, 0.9805856670688418, 1.0009947297557436, 0.9913039421238187, 1.024968320295099, 1.0058118443757382, 1.0313461327376854, 0.9962805572283248, 0.9746958744642977, 1.0307906576972932, 1.0008034480087438, 0.9974977315843998, 1.0073854085465204, 0.9943125857001139, 1.0085352523063797, 1.0097369968026135, 1.0033801311034956, 0.9735685516238062, 0.9962404533605567, 0.9928654704052432]","[-0.005191040458612517, 0.0014194790449335581, -0.0138703635148002, 0.02648336442477439, 0.0019886110258022782, -0.007425861112772547, 0.016796465319303122, 0.01220876110659952, -0.016165689847458142, -0.019671942672987996, 0.019358082642509267, -0.01941433293115824, 0.0009947297557435508, -0.008696057876181329, 0.02496832029509899, 0.005811844375738229, 0.031346132737685384, -0.003719442771675241, -0.02530412553570227, 0.030790657697293167, 0.0008034480087437679, -0.002502268415600195, 0.007385408546520367, -0.005687414299886062, 0.008535252306379748, 0.009736996802613529, 0.003380131103495554, -0.026431448376193822, -0.003759546639443334, -0.0071345295947568]","[0.0, 0.0, 0.0, 0.1078042984008789, 0.0, 0.0, 0.0, 0.0, 0.1328972578048706, 0.06290426850318909, 0.0, 0.1328972578048706, 0.1315944939851761, 0.0, 0.0, 0.0, 0.10312312841415405, 0.0, 0.0, 0.0, 0.08438178151845932, 0.03513849154114723, 0.0, 0.0, 0.0, 0.0763617604970932, 0.0, 0.0, 0.0, 0.1328972578048706]","[0.0, 1.2081343326910865e-22, 0.0, 0.0, 0.0, 0.0, 1.2115264919916566e-22, 0.0, 2.3272188188195723e-22, 0.0, 1.0, 0.0, 0.0, 0.0, 0.0, 1.2097998626088887e-22, 1.2064159299565946e-22, 0.0, 1.2071617752011003e-22, 0.0, 0.0, 0.0, 1.2363486464083763e-22, 0.0, 0.0, 3.4195747030169345e-22, 0.0, 1.20702825966089e-22, 0.0, 0.0]","[0.009526150643864795, 0.006634087713483179, 0.0, 0.0, 0.00205112079893011, 0.0147944922206427, 0.012233638623458668, 0.0, 0.011281046494077344, 0.008087387749356143, 0.8901546505350479, 0.0, 0.001093953348789374, 0.0, 0.00530931063778397, 0.002982690265996697, 0.0, 0.0, 0.006449897456051463, 0.0, 0.0, 0.0, 0.0, 0.0, 0.005463176827955436, 0.018115753827952993, 0.0046654609774155085, 0.0, 0.0, 0.00115718187919379]","[0.0, 0.0, 0.0, 0.1078042984008789, 0.0, 0.0, 0.0, 0.0, 0.1328972578048706, 0.06290426850318909, 0.0, 0.1328972578048706, 0.1315944939851761, 0.0, 0.0, 0.0, 0.10312312841415405, 0.0, 0.0, 0.0, 0.08438178151845932, 0.03513849154114723, 0.0, 0.0, 0.0, 0.0763617604970932, 0.0, 0.0, 0.0, 0.1328972578048706]",-0.0003616962337309145
83,1.0300042405777918,"[0.9948089595413875, 1.0014194790449336, 0.9861296364851998, 1.0264833644247744, 1.0019886110258023, 0.9925741388872275, 1.0167964653193031, 1.0122087611065995, 0.9838343101525419, 0.980328057327012, 1.0193580826425093, 0.9805856670688418, 1.0009947297557436, 0.9913039421238187, 1.024968320295099, 1.0058118443757382, 1.0313461327376854, 0.9962805572283248, 0.9746958744642977, 1.0307906576972932, 1.0008034480087438, 0.9974977315843998, 1.0073854085465204, 0.9943125857001139, 1.0085352523063797, 1.0097369968026135, 1.0033801311034956, 0.9735685516238062, 0.9962404533605567, 0.9928654704052432]","[0.9975630849073591, 0.9951374369135985, 1.0283069237531308, 1.0018299786044025, 1.0055554038638599, 0.9891679640633909, 1.0091690251567376, 0.9878997240908214, 1.0082620706545855, 1.0110672099606888, 0.9941432036392541, 0.9972956971590179, 1.0068556737722925, 0.9894362467374069, 0.99462916908988, 1.0015622766307766, 1.0233615732715562, 1.0090848303871425, 1.0046332928110928, 0.9783293759717521, 0.9981344491903901, 1.0064244652390013, 1.012988832247453, 0.9910604147150732, 0.9997254948868606, 1.0026541476246422, 0.996550063572296, 1.006196006484165, 1.0114283140502207, 1.008655343241067]","[-0.002436915092640879, -0.004862563086401539, 0.02830692375313082, 0.0018299786044024824, 0.005555403863859887, -0.010832035936609086, 0.009169025156737565, -0.012100275909178615, 0.008262070654585507, 0.011067209960688773, -0.005856796360745875, -0.002704302840982109, 0.006855673772292459, -0.010563753262593067, -0.005370830910120028, 0.0015622766307765712, 0.02336157327155619, 0.009084830387142473, 0.004633292811092815, -0.02167062402824793, -0.0018655508096099283, 0.006424465239001309, 0.012988832247452953, -0.008939585284926777, -0.0002745051131394227, 0.0026541476246422224, -0.00344993642770397, 0.006196006484165073, 0.011428314050220711, 0.008655343241066982]","[0.0, 0.0, 0.0999426394701004, 0.05016983300447464, 0.0, 0.027027420699596405, 0.13197584450244904, 0.0, 0.0, 0.0, 0.0, 0.0, 0.13197584450244904, 0.13197584450244904, 0.0, 0.0, 0.13031670451164246, 0.12536096572875977, 0.0, 0.03927910327911377, 0.0, 0.0, 0.0, 0.13197584450244904, 0.0, 0.0, 0.0, 0.0, 0.0, 0.0]","[0.0, 3.4070062212952606e-22, 0.0, 3.386231006861462e-22, 0.0, 0.0, 0.0, 0.0, 0.0, 2.3019430928016587e-22, 1.0, 0.0, 0.0, 0.0, 0.0, 2.2975847920078967e-22, 2.291580513367943e-22, 2.2994107705022533e-22, 2.3017995532429035e-22, 0.0, 3.4010996078878264e-22, 0.0, 0.0, 0.0, 0.0, 5.618587100875468e-22, 0.0, 0.0, 0.0, 0.0]","[0.0, 0.0, 0.002287276781849642, 0.002185547498703648, 0.010086860437878258, 0.008341735385233353, 0.0, 0.0, 0.0005889044965439528, 0.014921085544187855, 0.8533028870622166, 0.017423806108664532, 0.0, 0.010810252646221225, 0.0, 0.0072599155650872, 0.005169726445248445, 0.015307776845619, 0.00404312764226803, 0.0, 0.0, 0.006831847092408031, 0.00018194150507377883, 0.009120276501435565, 0.004838880703541064, 0.005156208535911235, 0.0, 0.022141943201908494, 0.0, 0.0]","[0.0, 0.0, 0.0999426394701004, 0.05016983300447464, 0.0, 0.027027420699596405, 0.13197584450244904, 0.0, 0.0, 0.0, 0.0, 0.0, 0.13197584450244904, 0.13197584450244904, 0.0, 0.0, 0.13031670451164246, 0.12536096572875977, 0.0, 0.03927910327911377, 0.0, 0.0, 0.0, 0.13197584450244904, 0.0, 0.0, 0.0, 0.0, 0.0, 0.0]",0.005110685769291803
84,1.0320757613852796,"[0.9975630849073591, 0.9951374369135985, 1.0283069237531308, 1.0018299786044025, 1.0055554038638599, 0.9891679640633909, 1.0091690251567376, 0.9878997240908214, 1.0082620706545855, 1.0110672099606888, 0.9941432036392541, 0.9972956971590179, 1.0068556737722925, 0.9894362467374069, 0.99462916908988, 1.0015622766307766, 1.0233615732715562, 1.0090848303871425, 1.0046332928110928, 0.9783293759717521, 0.9981344491903901, 1.0064244652390013, 1.012988832247453, 0.9910604147150732, 0.9997254948868606, 1.0026541476246422, 0.996550063572296, 1.006196006484165, 1.0114283140502207, 1.008655343241067]","[0.9825687229870608, 0.9975874025953262, 0.9973653575967717, 0.9999268655036438, 1.000383243556072, 1.002780785283833, 0.991767306399306, 0.9821165595083685, 0.9965163553022418, 1.0058634014282335, 1.0165427181748756, 1.009479834361106, 1.0045413231407436, 0.9885089848145067, 1.002417879254894, 0.9927757279012697, 1.009466880233885, 1.0114633150077572, 1.0114450958900105, 0.9917696660644669, 0.9888831903346724, 1.021855132183248, 1.007180813233261, 0.9758828300286071, 1.0348844979269511, 0.9802329063024867, 1.0005189615452312, 0.9882005525790825, 0.9821049339987569, 0.9998317060926591]","[-0.017431277012939228, -0.002412597404673811, -0.0026346424032283045, -7.31344963561531e-05, 0.00038324355607199934, 0.002780785283833076, -0.008232693600694008, -0.017883440491631486, -0.0034836446977581925, 0.0058634014282334945, 0.016542718174875626, 0.009479834361105999, 0.004541323140743625, -0.011491015185493336, 0.0024178792548938954, -0.007224272098730333, 0.009466880233885089, 0.011463315007757213, 0.011445095890010526, -0.008230333935533074, -0.011116809665327576, 0.021855132183248083, 0.007180813233260919, -0.024117169971392904, 0.03488449792695114, -0.019767093697513283, 0.0005189615452312335, -0.011799447420917542, -0.017895066001243132, -0.00016829390734085514]","[0.11415091902017593, 0.0, 0.0, 0.07990436255931854, 0.0, 0.0, 0.0, 0.0, 0.0, 0.0, 0.11415091902017593, 0.0, 0.06320130079984665, 0.0, 0.0, 0.0, 0.10749296844005585, 0.08550186455249786, 0.11415091902017593, 0.0, 0.0, 0.0, 0.09811726212501526, 0.0, 0.0, 0.10917860269546509, 0.0, 0.0, 0.0, 0.11415091902017593]","[0.0, 3.4248386637080635e-22, 5.637416098327587e-22, 0.0, 0.0, 0.0, 3.4301136572352496e-22, 0.0, 3.4384599928128785e-22, 0.0, 1.0, 5.62483870485043e-22, 0.0, 3.4421720431915695e-22, 0.0, 0.0, 0.0, 4.54122559054408e-22, 3.434200970872781e-22, 0.0, 0.0, 0.0, 0.0, 0.0, 3.426580008397387e-22, 0.0, 0.0, 0.0, 0.0, 0.0]","[0.0, 0.009960035914049878, 0.0, 0.0006815669112371587, 0.0, 0.006182099520847656, 0.015910118933627978, 0.012964177764371894, 0.0, 0.0, 0.9012162546331712, 0.0, 0.007250680650685763, 0.0, 0.0, 0.0, 0.015050795381552927, 0.00711877999703814, 0.008676134100000567, 0.0, 0.0, 0.0, 0.0036712002766640726, 0.007124807199954362, 0.0, 0.0006558484477864375, 0.0011286668991945575, 0.0, 0.002116939835738488, 0.000291893534078915]","[0.11415090411901474, 0.0, 0.0, 0.07990435510873795, 0.0, 0.0, 0.0, 0.0, 0.0, 0.0, 0.11415090411901474, 0.0, 0.06320129334926605, 0.0, 0.0, 0.0, 0.10749295353889465, 0.08550185710191727, 0.11415090411901474, 0.0, 0.0, 0.0, 0.09811724722385406, 0.0, 0.0, 0.1091785877943039, 0.0, 0.0, 0.0, 0.11415090411901474]",0.0016452545167110794
85,1.0284735932553308,"[0.9825687229870608, 0.9975874025953262, 0.9973653575967717, 0.9999268655036438, 1.000383243556072, 1.002780785283833, 0.991767306399306, 0.9821165595083685, 0.9965163553022418, 1.0058634014282335, 1.0165427181748756, 1.009479834361106, 1.0045413231407436, 0.9885089848145067, 1.002417879254894, 0.9927757279012697, 1.009466880233885, 1.0114633150077572, 1.0114450958900105, 0.9917696660644669, 0.9888831903346724, 1.021855132183248, 1.007180813233261, 0.9758828300286071, 1.0348844979269511, 0.9802329063024867, 1.0005189615452312, 0.9882005525790825, 0.9821049339987569, 0.9998317060926591]","[1.0268741691188228, 0.9990354590364521, 1.0091954317535865, 1.0003626611494527, 0.9937273784650311, 0.9897361331752461, 0.9867176164716565, 0.9951816344286616, 1.0085009083315561, 1.0086370723918272, 0.9893603920813605, 0.9807852869961768, 0.9813696010043013, 1.0162669125444215, 0.98996304110812, 0.9851872296891687, 0.9874786282799368, 1.0339109168945142, 0.998504024387997, 1.0166831860886758, 1.0173679761469938, 0.9897183475970329, 1.0063603992905805, 1.0047672218894874, 0.9832397270087954, 1.002394695783506, 0.9937321021385975, 1.0088663676975576, 1.010893695184372, 0.984695070759281]","[0.026874169118822788, -0.0009645409635479218, 0.009195431753586503, 0.0003626611494527143, -0.006272621534968881, -0.010263866824753887, -0.013282383528343544, -0.004818365571338412, 0.008500908331556145, 0.008637072391827205, -0.010639607918639493, -0.01921471300382316, -0.018630398995698738, 0.016266912544421475, -0.010036958891880055, -0.01481277031083128, -0.012521371720063179, 0.0339109168945142, -0.0014959756120029866, 0.016683186088675805, 0.017367976146993813, -0.010281652402967079, 0.006360399290580521, 0.004767221889487416, -0.01676027299120464, 0.002394695783505929, -0.006267897861402472, 0.008866367697557553, 0.01089369518437211, -0.015304929240719023]","[0.02423456683754921, 0.0, 0.12931860983371735, 0.0, 0.07714732736349106, 0.0, 0.0, 0.0, 0.0, 0.0, 0.0, 0.12492012232542038, 0.12931860983371735, 0.0, 0.12931860983371735, 0.0, 0.12931860983371735, 0.0, 0.0, 0.0, 0.12167900055646896, 0.005425927694886923, 0.12931860983371735, 0.0, 0.0, 0.0, 0.0, 0.0, 0.0, 0.0]","[0.0, 0.0, 0.0, 0.0, 1.7538735830465835e-22, 0.0, 1.1972490697987894e-22, 2.291889648389251e-22, 1.2043661147380165e-22, 0.0, 1.0, 0.0, 0.0, 1.208157909093464e-22, 0.0, 0.0, 1.1886672575461337e-22, 0.0, 0.0, 0.0, 0.0, 0.0, 0.0, 0.0, 1.1881224219797022e-22, 0.0, 0.0, 1.1973120990763743e-22, 0.0, 2.297504355528362e-22]","[0.0, 0.007571968098233964, 0.0, 0.003654257908726417, 0.01670348591278403, 0.0002605499929815332, 0.006506277665301736, 0.0, 0.003630934397616883, 0.005350724107875486, 0.9152582773955547, 0.0, 0.003262769008971371, 0.0, 0.0, 0.006312850910565109, 0.0004408364405273882, 0.011970475109388335, 0.0, 0.0, 0.0, 0.0, 0.0, 0.0, 0.0, 0.007922025229309612, 0.0, 0.003446077781440364, 0.0, 0.007708490040723272]","[0.02423456683754921, 0.0, 0.12931860983371735, 0.0, 0.07714732736349106, 0.0, 0.0, 0.0, 0.0, 0.0, 0.0, 0.12492012232542038, 0.12931860983371735, 0.0, 0.12931860983371735, 0.0, 0.12931860983371735, 0.0, 0.0, 0.0, 0.12167900055646896, 0.005425927694886923, 0.12931860983371735, 0.0, 0.0, 0.0, 0.0, 0.0, 0.0, 0.0]",-0.003949813067286262
86,1.0287717895169552,"[1.0268741691188228, 0.9990354590364521, 1.0091954317535865, 1.0003626611494527, 0.9937273784650311, 0.9897361331752461, 0.9867176164716565, 0.9951816344286616, 1.0085009083315561, 1.0086370723918272, 0.9893603920813605, 0.9807852869961768, 0.9813696010043013, 1.0162669125444215, 0.98996304110812, 0.9851872296891687, 0.9874786282799368, 1.0339109168945142, 0.998504024387997, 1.0166831860886758, 1.0173679761469938, 0.9897183475970329, 1.0063603992905805, 1.0047672218894874, 0.9832397270087954, 1.002394695783506, 0.9937321021385975, 1.0088663676975576, 1.010893695184372, 0.984695070759281]","[1.0172858557880804, 0.9803900385173806, 1.00083361322088, 0.9874124162492658, 1.004260918101757, 0.980070341168082, 0.9974649627759746, 1.0062756326357931, 1.0313093247381586, 0.9960592855069971, 0.9723756921627166, 0.9927363755237858, 1.0120635071748643, 1.0150327144839055, 0.9932785955166837, 0.9935289573097164, 1.0313532918184118, 0.9974370080954348, 1.001300799929664, 0.9915873878608191, 0.9968234498928666, 1.0379130203085691, 0.9969746325367816, 0.9932082428208034, 0.9957696403422759, 0.9877215823645972, 1.0029719826523957, 0.9951352003003607, 0.9645879621965047, 1.0053075004803014]","[0.017285855788080395, -0.019609961482619398, 0.0008336132208799363, -0.01258758375073421, 0.004260918101756994, -0.019929658831917996, -0.0025350372240253716, 0.006275632635793116, 0.03130932473815862, -0.003940714493002928, -0.027624307837283424, -0.007263624476214203, 0.012063507174864263, 0.01503271448390553, -0.006721404483316262, -0.006471042690283646, 0.031353291818411844, -0.002562991904565215, 0.0013007999296639206, -0.008412612139180875, -0.003176550107133358, 0.037913020308569134, -0.0030253674632183536, -0.006791757179196556, -0.004230359657724114, -0.012278417635402827, 0.0029719826523957327, -0.004864799699639266, -0.03541203780349533, 0.005307500480301375]","[0.11467604339122772, 0.0, 0.0, 0.0, 0.07438576221466064, 0.09261254221200943, 0.10490891337394714, 0.11467604339122772, 0.11467604339122772, 0.0, 0.0, 0.0, 0.0, 0.0, 0.0, 0.0, 0.0, 0.0, 0.0, 0.0, 0.0, 0.0, 0.08503270894289017, 0.0, 0.0, 0.0, 0.0, 0.11467604339122772, 0.1073448434472084, 0.0770110934972763]","[0.0, 1.1978083567731515e-22, 0.0, 0.0, 0.0, 0.0, 1.2056225878283939e-22, 0.0, 0.0, 1.2064955578228866e-22, 1.0, 0.0, 0.0, 1.2187539305265538e-22, 0.0, 0.0, 1.1957450460241927e-22, 0.0, 1.7583531673834782e-22, 0.0, 1.199761707091196e-22, 2.28459096862719e-22, 0.0, 0.0, 0.0, 0.0, 2.3050739081850817e-22, 0.0, 0.0, 0.0]","[0.0012848213998697872, 0.0, 0.0, 0.013054547535389585, 0.007638043224126222, 0.0, 0.0011915102186686782, 0.012641558235743899, 0.00916533201478517, 0.0, 0.8909303333787596, 0.0, 0.0056108573721599326, 0.012906355086473422, 0.0, 0.0, 0.0032468146780686206, 0.0031842675205639753, 0.0, 0.0, 0.009557998040951312, 0.0020201740043036803, 0.01160450028963448, 0.01535905913231674, 0.0, 0.0006038278681849662, 0.0, 0.0, 0.0, 0.0]","[0.11467604339122772, 0.0, 0.0, 0.0, 0.07438576221466064, 0.09261254221200943, 0.10490891337394714, 0.11467604339122772, 0.11467604339122772, 0.0, 0.0, 0.0, 0.0, 0.0, 0.0, 0.0, 0.0, 0.0, 0.0, 0.0, 0.0, 0.0, 0.08503270894289017, 0.0, 0.0, 0.0, 0.0, 0.11467604339122772, 0.1073448434472084, 0.0770110934972763]",-0.00011831182548853789
87,1.0226001196327266,"[1.0172858557880804, 0.9803900385173806, 1.00083361322088, 0.9874124162492658, 1.004260918101757, 0.980070341168082, 0.9974649627759746, 1.0062756326357931, 1.0313093247381586, 0.9960592855069971, 0.9723756921627166, 0.9927363755237858, 1.0120635071748643, 1.0150327144839055, 0.9932785955166837, 0.9935289573097164, 1.0313532918184118, 0.9974370080954348, 1.001300799929664, 0.9915873878608191, 0.9968234498928666, 1.0379130203085691, 0.9969746325367816, 0.9932082428208034, 0.9957696403422759, 0.9877215823645972, 1.0029719826523957, 0.9951352003003607, 0.9645879621965047, 1.0053075004803014]","[0.9981751452097427, 1.003777710431061, 0.9850838930723612, 0.9757823325803826, 1.0037575535073302, 0.9908769645623163, 0.9964705462048148, 1.0209731817934737, 0.9824849774696066, 0.9966934028219295, 1.0010761823011782, 0.9715809241574309, 0.9853757214025333, 0.9824362217108294, 1.027718524028392, 0.9758478859688078, 1.0122643659744839, 1.0023814240794777, 0.9973490805500379, 1.0019744881989994, 0.9988137268606314, 0.98999702226331, 0.9978036499436195, 0.9875095506724672, 1.013093086917656, 1.0037660796325927, 0.9989351425505516, 1.0011997964184847, 1.0000976660838063, 1.0073640164878426]","[-0.001824854790257291, 0.00377771043106101, -0.014916106927638784, -0.024217667419617395, 0.0037575535073302024, -0.009123035437683669, -0.003529453795185211, 0.02097318179347374, -0.017515022530393387, -0.0033065971780704695, 0.00107618230117823, -0.028419075842569086, -0.014624278597466733, -0.01756377828917055, 0.027718524028391922, -0.024152114031192218, 0.012264365974483882, 0.002381424079477723, -0.002650919449962097, 0.001974488198999369, -0.0011862731393685877, -0.01000297773669001, -0.002196350056380525, -0.012490449327532849, 0.013093086917655983, 0.003766079632592678, -0.0010648574494483976, 0.0011997964184846666, 9.7666083806347e-05, 0.007364016487842573]","[0.0, 0.0, 0.13560427725315094, 0.10691320151090622, 0.06205430626869202, 0.0, 0.13560427725315094, 0.0, 0.0, 0.0, 0.0, 0.0, 0.0, 0.13560427725315094, 0.0, 0.0, 0.0690353661775589, 0.0, 0.10082557052373886, 0.0, 0.0, 0.0, 0.066522017121315, 0.0, 0.0, 0.0, 0.06840182095766068, 0.0, 0.0, 0.11943485587835312]","[0.0, 1.258273973788853e-22, 2.339393254411807e-22, 0.0, 0.0, 0.0, 1.2813141992419404e-22, 0.0, 0.0, 2.389562036616896e-22, 0.0, 0.0, 0.0, 0.0, 1.2597450419746876e-22, 0.0, 0.0, 0.0, 0.0, 0.0, 0.0, 3.511718733960304e-22, 1.2574261728945793e-22, 1.0, 1.304960425238858e-22, 0.0, 0.0, 3.494578800057312e-22, 0.0, 0.0]","[0.0, 0.0003415928800864653, 0.001735220851616641, 0.0, 0.010613153435148013, 0.0066536388241854, 0.0, 0.0, 0.0014086596908773792, 0.0, 0.0, 0.0002867822198680159, 0.018949322099664788, 0.012408756377294378, 0.012346012485246203, 0.0, 0.001009466358747827, 0.0, 0.0022999138949333325, 0.0, 0.0015650903603632868, 0.002595124254072485, 0.0, 0.9091729597516364, 0.007944256409834314, 0.0, 0.0, 0.0, 0.01067005010642492, 0.0]","[0.0, 0.0, 0.13560429215431213, 0.10691320896148682, 0.062054309993982315, 0.0, 0.13560429215431213, 0.0, 0.0, 0.0, 0.0, 0.0, 0.0, 0.13560429215431213, 0.0, 0.0, 0.0690353736281395, 0.0, 0.10082557797431946, 0.0, 0.0, 0.0, 0.0665220245718956, 0.0, 0.0, 0.0, 0.06840182840824127, 0.0, 0.0, 0.11943486332893372]",-0.006466322073037514
88,1.0159400586342593,"[0.9981751452097427, 1.003777710431061, 0.9850838930723612, 0.9757823325803826, 1.0037575535073302, 0.9908769645623163, 0.9964705462048148, 1.0209731817934737, 0.9824849774696066, 0.9966934028219295, 1.0010761823011782, 0.9715809241574309, 0.9853757214025333, 0.9824362217108294, 1.027718524028392, 0.9758478859688078, 1.0122643659744839, 1.0023814240794777, 0.9973490805500379, 1.0019744881989994, 0.9988137268606314, 0.98999702226331, 0.9978036499436195, 0.9875095506724672, 1.013093086917656, 1.0037660796325927, 0.9989351425505516, 1.0011997964184847, 1.0000976660838063, 1.0073640164878426]","[0.998060262863111, 1.0205763408465576, 0.998378446879711, 1.0327637106520975, 1.0115182564258245, 1.0045357310982035, 0.9897331442952415, 0.9887877098873544, 0.9947795980204736, 0.9980925603844081, 1.0141699212521693, 1.010165812765688, 0.9982162362567981, 1.005435760749163, 0.9794500339191853, 1.0037885888291138, 0.9835267740359228, 0.996091260001872, 0.9781039128314942, 0.9942859097556711, 1.0038263387024953, 0.991783724994944, 0.9921103755309523, 0.9960067761329523, 0.9987276366830024, 0.9861501521020496, 1.001695263208103, 0.9772385735303424, 0.9938877289832134, 0.9642195216187076]","[-0.001939737136888997, 0.020576340846557573, -0.0016215531202889988, 0.03276371065209749, 0.011518256425824491, 0.004535731098203488, -0.010266855704758493, -0.011212290112645573, -0.005220401979526446, -0.0019074396155919215, 0.014169921252169315, 0.010165812765688065, -0.0017837637432018827, 0.005435760749163077, -0.02054996608081472, 0.0037885888291138148, -0.016473225964077187, -0.003908739998128019, -0.021896087168505773, -0.0057140902443288955, 0.003826338702495269, -0.00821627500505595, -0.007889624469047729, -0.003993223867047702, -0.001272363316997649, -0.013849847897950407, 0.0016952632081030927, -0.02276142646965762, -0.006112271016786575, -0.03578047838129239]","[0.0, 0.0, 0.0, 0.024995725601911545, 0.0, 0.0, 0.08634199947118759, 0.0, 0.0, 0.0, 0.0, 0.0, 0.09992574155330658, 0.0, 0.0, 0.17390477657318115, 0.17390477657318115, 0.0, 0.0035788093227893114, 0.0, 0.0, 0.0, 0.06635597348213196, 0.0, 0.17390477657318115, 0.17390477657318115, 0.0, 0.0, 0.0, 0.023182710632681847]","[9.31768460050106e-24, 0.0, 0.0, 0.0, 6.559225614078312e-23, 0.0, 0.0, 0.0, 1.1584143401418068e-23, 0.0, 1.0, 0.0, 0.0, 1.184900894155748e-23, 0.0, 0.0, 9.914229916069562e-24, 0.0, 9.625454661331314e-24, 0.0, 0.0, 0.0, 1.1486240715602942e-23, 2.08839293374683e-22, 0.0, 0.0, 0.0, 2.324332472262679e-22, 0.0, 0.0]","[0.0, 0.0, 0.013180876505562858, 0.0, 0.013155824840766028, 0.0, 0.0, 0.0021596201829136383, 0.009418221811647313, 0.0, 0.8908914072503256, 0.0, 0.0, 0.004027756731580979, 0.004856672331342416, 0.0, 0.0, 0.02188384052365577, 0.0, 0.0, 0.016233901926844835, 0.0, 0.0, 0.004002002089471983, 0.0, 0.008782338922483549, 0.0066582077082708154, 0.0, 0.0017215498548555147, 0.0030277793202786517]","[0.0, 0.0, 0.0, 0.024995721876621246, 0.0, 0.0, 0.086341992020607, 0.0, 0.0, 0.0, 0.0, 0.0, 0.09992572665214539, 0.0, 0.0, 0.17390476167201996, 0.17390476167201996, 0.0, 0.003578808857128024, 0.0, 0.0, 0.0, 0.06635596603155136, 0.0, 0.17390476167201996, 0.17390476167201996, 0.0, 0.0, 0.0, 0.023182708770036697]",-0.007005605962628518
89,1.015439353410395,"[0.998060262863111, 1.0205763408465576, 0.998378446879711, 1.0327637106520975, 1.0115182564258245, 1.0045357310982035, 0.9897331442952415, 0.9887877098873544, 0.9947795980204736, 0.9980925603844081, 1.0141699212521693, 1.010165812765688, 0.9982162362567981, 1.005435760749163, 0.9794500339191853, 1.0037885888291138, 0.9835267740359228, 0.996091260001872, 0.9781039128314942, 0.9942859097556711, 1.0038263387024953, 0.991783724994944, 0.9921103755309523, 0.9960067761329523, 0.9987276366830024, 0.9861501521020496, 1.001695263208103, 0.9772385735303424, 0.9938877289832134, 0.9642195216187076]","[1.005431741107946, 1.0032611789376322, 1.0296716440468094, 0.9802800061643939, 0.9951087095802361, 1.005450971472699, 1.007309469090444, 1.0022365128807653, 1.0022384157372795, 0.9930460389943326, 1.0214386208069623, 1.0094692717609681, 0.9979858452934675, 0.9823639653754864, 0.9926403165635607, 0.9956663974675615, 0.9734889019035767, 0.9932340770331132, 0.9811681680771038, 0.9755271292067467, 0.988040387808451, 1.005200940584317, 1.0076069099261682, 0.9992316113805241, 1.0045891957742497, 0.9986306332852508, 0.9846967684205808, 0.9925157630797374, 1.002522411599083, 0.9827165189604383]","[0.0054317411079460864, 0.0032611789376322253, 0.029671644046809442, -0.019719993835606076, -0.004891290419763883, 0.005450971472698907, 0.007309469090444054, 0.002236512880765318, 0.0022384157372794533, -0.006953961005667364, 0.02143862080696235, 0.009469271760968123, -0.002014154706532545, -0.017636034624513575, -0.007359683436439335, -0.00433360253243853, -0.02651109809642327, -0.006765922966886828, -0.01883183192289617, -0.024472870793253332, -0.011959612191548952, 0.005200940584316971, 0.007606909926168193, -0.0007683886194759237, 0.004589195774249655, -0.0013693667147491873, -0.015303231579419152, -0.007484236920262566, 0.002522411599082952, -0.017283481039561677]","[0.0, 0.0, 0.0977746769785881, 0.0, 0.0, 0.030055442824959755, 0.01787842996418476, 0.0, 0.16447573900222778, 0.0, 0.0, 0.0, 0.08807936310768127, 0.0, 0.0, 0.0, 0.0, 0.0, 0.0, 0.0, 0.0, 0.0, 0.0, 0.01777946762740612, 0.10298874229192734, 0.14568467438220978, 0.0, 0.169005885720253, 0.0, 0.16627758741378784]","[0.0, 0.0, 0.0, 0.0, 6.197024932253143e-22, 0.0, 4.533933014963052e-22, 0.0, 4.550406234382201e-22, 0.0, 1.0, 0.0, 0.0, 4.549395535744781e-22, 0.0, 0.0, 0.0, 0.0, 7.3114009201994e-22, 0.0, 0.0, 0.0, 6.766267582133919e-22, 7.01104068242207e-22, 5.627913659329151e-22, 0.0, 0.0, 4.541080821009425e-22, 0.0, 0.0]","[0.0, 0.010172260059111926, 0.0, 0.0, 0.0007365674495469196, 0.004802304589727751, 0.0, 0.020823961708443937, 0.0, 0.0, 0.8919037609073094, 0.0, 0.0010645671485032427, 0.011860541277603116, 0.010806480362317562, 0.005704234471041502, 0.0, 0.006971757357763425, 0.012410792459419206, 0.0, 0.0, 0.0, 0.0037709356746600128, 0.0, 0.013741779598523981, 0.0022196655470234396, 0.0, 0.003010391389004773, 0.0, 0.0]","[0.0, 0.0, 0.0977746769785881, 0.0, 0.0, 0.030055442824959755, 0.01787842996418476, 0.0, 0.16447573900222778, 0.0, 0.0, 0.0, 0.08807936310768127, 0.0, 0.0, 0.0, 0.0, 0.0, 0.0, 0.0, 0.0, 0.0, 0.0, 0.01777946762740612, 0.10298874229192734, 0.14568467438220978, 0.0, 0.169005885720253, 0.0, 0.16627758741378784]",-0.0009581972004641031
90,1.0183629433192134,"[1.005431741107946, 1.0032611789376322, 1.0296716440468094, 0.9802800061643939, 0.9951087095802361, 1.005450971472699, 1.007309469090444, 1.0022365128807653, 1.0022384157372795, 0.9930460389943326, 1.0214386208069623, 1.0094692717609681, 0.9979858452934675, 0.9823639653754864, 0.9926403165635607, 0.9956663974675615, 0.9734889019035767, 0.9932340770331132, 0.9811681680771038, 0.9755271292067467, 0.988040387808451, 1.005200940584317, 1.0076069099261682, 0.9992316113805241, 1.0045891957742497, 0.9986306332852508, 0.9846967684205808, 0.9925157630797374, 1.002522411599083, 0.9827165189604383]","[1.005348827030193, 1.0119007108675733, 0.9968849829222431, 1.014824815777162, 1.0220011161112799, 0.98952720657731, 0.9896629469097529, 1.0010856362080978, 1.0239051403815738, 1.0170900553138884, 1.0062094844534222, 1.0062375949512483, 1.0077686627348055, 0.9957022303973367, 1.0001931965730164, 0.9870308856643908, 1.0027005014702313, 1.0002009232479714, 1.0050581316676157, 0.9986124676669967, 1.0217863403948482, 0.9824532172604682, 1.0049841507955237, 1.00272656012662, 0.9862563295723795, 1.0138624135732914, 1.0023550884465993, 0.9729025207538189, 1.006422448669483, 0.9974576941241398]","[0.005348827030192904, 0.011900710867573272, -0.003115017077756854, 0.014824815777161993, 0.02200111611127986, -0.01047279342269003, -0.010337053090247128, 0.0010856362080977622, 0.023905140381573764, 0.017090055313888408, 0.006209484453422176, 0.006237594951248315, 0.007768662734805476, -0.0042977696026632595, 0.00019319657301641868, -0.012969114335609211, 0.0027005014702312646, 0.00020092324797138517, 0.005058131667615706, -0.0013875323330032607, 0.02178634039484817, -0.017546782739531808, 0.004984150795523723, 0.0027265601266199813, -0.01374367042762048, 0.013862413573291432, 0.0023550884465992628, -0.02709747924618111, 0.00642244866948305, -0.00254230587586024]","[0.0, 0.0, 0.0, 0.11379684507846832, 0.0693623423576355, 0.0, 0.11648157238960266, 0.10757624357938766, 0.0, 0.0, 0.10967909544706345, 0.09841445088386536, 0.0, 0.0, 0.0, 0.0, 0.10727106779813766, 0.0, 0.0, 0.10798430442810059, 0.0, 0.06772466003894806, 0.10170948505401611, 0.0, 0.0, 0.0, 0.0, 0.0, 0.0, 0.0]","[0.0, 3.4294091771757192e-22, 0.0, 0.0, 0.0, 0.0, 0.0, 0.0, 0.0, 2.3511395379355914e-22, 1.0, 0.0, 0.0, 0.0, 3.4327957614791756e-22, 2.336015297411686e-22, 0.0, 0.0, 0.0, 5.666562261754519e-22, 0.0, 0.0, 0.0, 0.0, 2.3210902753893765e-22, 0.0, 3.44955816664423e-22, 3.471377736589229e-22, 0.0, 2.3487853622763343e-22]","[0.0, 0.01850003187196427, 0.0037628739595570483, 0.0, 0.0, 0.006416149985999833, 0.0, 0.007637776273251998, 0.0039132547958239785, 0.0, 0.8866660234297296, 0.0, 0.0018246003396074396, 0.008916979691571425, 0.009567581636242013, 0.0, 0.0020961690551323142, 0.014843923702199478, 0.0, 0.0, 0.01252620147990986, 0.0, 0.0002471606819295338, 0.0, 0.00666343691466339, 0.0, 0.0, 0.006888635110892721, 0.0, 0.0095292010715252]","[0.0, 0.0, 0.0, 0.11379683017730713, 0.0693623349070549, 0.0, 0.11648155748844147, 0.10757622867822647, 0.0, 0.0, 0.10967908054590225, 0.09841443598270416, 0.0, 0.0, 0.0, 0.0, 0.10727105289697647, 0.0, 0.0, 0.10798428952693939, 0.0, 0.06772465258836746, 0.10170947015285492, 0.0, 0.0, 0.0, 0.0, 0.0, 0.0, 0.0]",0.002469922388118402
91,1.0145678558138655,"[1.005348827030193, 1.0119007108675733, 0.9968849829222431, 1.014824815777162, 1.0220011161112799, 0.98952720657731, 0.9896629469097529, 1.0010856362080978, 1.0239051403815738, 1.0170900553138884, 1.0062094844534222, 1.0062375949512483, 1.0077686627348055, 0.9957022303973367, 1.0001931965730164, 0.9870308856643908, 1.0027005014702313, 1.0002009232479714, 1.0050581316676157, 0.9986124676669967, 1.0217863403948482, 0.9824532172604682, 1.0049841507955237, 1.00272656012662, 0.9862563295723795, 1.0138624135732914, 1.0023550884465993, 0.9729025207538189, 1.006422448669483, 0.9974576941241398]","[0.987597819564391, 0.9975988624920777, 0.9901206002798741, 1.0060090689759076, 0.971015867929268, 0.9742362017703395, 1.00355416479098, 1.0062673119844865, 1.0084490641444486, 0.9820154502492322, 1.006008769390676, 1.0046869368319482, 1.002385050707219, 1.0196062026043555, 1.0078279147427123, 0.9889509176357651, 1.0216601074901606, 1.0115912267479485, 0.9799042487184725, 1.0071820320025104, 0.9968916493144802, 1.0105879994479299, 0.9969986262505405, 1.0149670632783094, 1.0075182983156896, 1.0011781403986009, 0.9793166672747023, 1.0108526040514563, 1.007215160971829, 0.9924204217847036]","[-0.012402180435609034, -0.0024011375079222574, -0.009879399720125859, 0.006009068975907583, -0.028984132070732027, -0.025763798229660462, 0.00355416479098003, 0.00626731198448649, 0.00844906414444857, -0.017984549750767798, 0.006008769390676072, 0.004686936831948207, 0.0023850507072189497, 0.019606202604355527, 0.007827914742712272, -0.011049082364234852, 0.021660107490160563, 0.011591226747948546, -0.02009575128152752, 0.007182032002510441, -0.003108350685519845, 0.010587999447929874, -0.003001373749459524, 0.014967063278309434, 0.00751829831568962, 0.0011781403986008687, -0.020683332725297654, 0.010852604051456272, 0.007215160971828949, -0.007579578215296423]","[0.0, 0.0, 0.08449232578277588, 0.0, 0.12255561351776123, 0.0, 0.0, 0.0, 0.1043081134557724, 0.0, 0.12255561351776123, 0.12255561351776123, 0.0, 0.019203808158636093, 0.0, 0.12255561351776123, 0.08639062196016312, 0.0, 0.0, 0.0, 0.0, 0.0, 0.0, 0.0, 0.0, 0.09282705932855606, 0.12255561351776123, 0.0, 0.0, 0.0]","[0.0, 0.0, 0.0, 0.0, 0.0, 2.28258312201055e-22, 0.0, 2.309970310877892e-22, 0.0, 1.212702303592252e-22, 1.0, 0.0, 0.0, 0.0, 2.3013359381173463e-22, 2.312482587389694e-22, 1.1646234889787046e-23, 0.0, 0.0, 2.3134194803857104e-22, 2.3177476041991746e-22, 0.0, 0.0, 0.0, 0.0, 2.3035154021018445e-22, 0.0, 0.0, 0.0, 0.0]","[0.0011720022615659591, 0.01107209878291116, 0.0, 0.009504117760641702, 0.0, 0.009714570245305754, 0.0002195249447454132, 0.0, 0.0, 0.011443948924513277, 0.902141003621393, 0.0, 0.0, 0.004506060761363232, 0.0, 0.009905104264813181, 0.0, 0.0, 0.0, 0.0, 0.005218165645797179, 0.01882930861100402, 0.0, 0.0, 0.004590367377775909, 0.0, 0.0, 0.011683726798170013, 0.0, 0.0]","[0.0, 0.0, 0.08449232578277588, 0.0, 0.12255561351776123, 0.0, 0.0, 0.0, 0.1043081134557724, 0.0, 0.12255561351776123, 0.12255561351776123, 0.0, 0.019203808158636093, 0.0, 0.12255561351776123, 0.08639062196016312, 0.0, 0.0, 0.0, 0.0, 0.0, 0.0, 0.0, 0.0, 0.09282705932855606, 0.12255561351776123, 0.0, 0.0, 0.0]",-0.004121825798266689
92,1.0164468557745483,"[0.987597819564391, 0.9975988624920777, 0.9901206002798741, 1.0060090689759076, 0.971015867929268, 0.9742362017703395, 1.00355416479098, 1.0062673119844865, 1.0084490641444486, 0.9820154502492322, 1.006008769390676, 1.0046869368319482, 1.002385050707219, 1.0196062026043555, 1.0078279147427123, 0.9889509176357651, 1.0216601074901606, 1.0115912267479485, 0.9799042487184725, 1.0071820320025104, 0.9968916493144802, 1.0105879994479299, 0.9969986262505405, 1.0149670632783094, 1.0075182983156896, 1.0011781403986009, 0.9793166672747023, 1.0108526040514563, 1.007215160971829, 0.9924204217847036]","[1.0072136136869962, 0.9861726247591758, 1.016769656933132, 1.0080668135436928, 0.9918078598512249, 1.004217692275138, 1.0067817882074914, 0.9949406975397296, 0.9983761183633199, 1.0043908577406027, 1.0143784422748536, 1.0006338633864422, 1.0029834539111238, 1.0187926454889105, 1.0059965043186159, 0.9880135614155757, 1.0335520247028975, 1.0199258620080245, 0.9979528882142837, 1.017654069314637, 0.9957615507556767, 0.9960930007490302, 0.9765026190077916, 0.9949593573186554, 0.9911094756554135, 0.9799533530567203, 0.9894662902849357, 1.0211864402311126, 0.985474690686006, 1.0110808456999485]","[0.007213613686996245, -0.013827375240824225, 0.016769656933131927, 0.008066813543692763, -0.008192140148775118, 0.004217692275138019, 0.006781788207491424, -0.005059302460270421, -0.0016238816366801467, 0.0043908577406026605, 0.014378442274853631, 0.0006338633864422238, 0.002983453911123757, 0.018792645488910464, 0.0059965043186158695, -0.011986438584424275, 0.03355202470289753, 0.019925862008024486, -0.00204711178571626, 0.017654069314636978, -0.004238449244323261, -0.003906999250969823, -0.02349738099220844, -0.0050406426813446314, -0.008890524344586481, -0.020046646943279733, -0.010533709715064288, 0.021186440231112602, -0.014525309313993984, 0.011080845699948494]","[0.11034531146287918, 0.0834823027253151, 0.0, 0.0, 0.0, 0.0, 0.11034531146287918, 0.0, 0.0, 0.10674754530191422, 0.0, 0.0, 0.0, 0.11034531146287918, 0.0, 0.0, 0.09544434398412704, 0.0, 0.0, 0.0, 0.0, 0.09041029959917068, 0.10007414221763611, 0.08246009051799774, 0.0, 0.0, 0.11034531146287918, 0.0, 0.0, 0.0]","[0.0, 0.0, 0.0, 0.0, 0.0, 0.0, -9.607284580966027e-23, 0.0, -9.385193839504568e-23, -9.5212237086826e-23, 1.0, 0.0, 0.0, -9.252436676272089e-23, 0.0, 0.0, -9.359177092835327e-23, 0.0, -9.428616240600414e-23, 0.0, -9.633614265058584e-23, 0.0, -9.36196393010489e-23, 0.0, 0.0, 0.0, 0.0, 0.0, 0.0, -9.567016263322301e-23]","[0.0, 0.0, 0.0004823405145288909, 0.0034904154830656085, 0.0011280672598050245, 0.012112182954891016, 0.0067130316863801285, 0.0040300624963948975, 0.006209872438816152, 0.009723372288949787, 0.8870342731112255, 0.0, 0.006906641529907994, 0.0, 0.0, 0.0030732476170447754, 0.011985195904871869, 0.011485998060968963, 0.0, 0.0, 0.004835637867327488, 0.0, 0.003867182397576639, 0.004431279292795629, 0.0, 0.0, 0.01290006661877813, 0.0, 0.005808851160756762, 0.003782281315914756]","[0.11034531891345978, 0.08348231017589569, 0.0, 0.0, 0.0, 0.0, 0.11034531891345978, 0.0, 0.0, 0.10674755275249481, 0.0, 0.0, 0.0, 0.11034531891345978, 0.0, 0.0, 0.09544435143470764, 0.0, 0.0, 0.0, 0.0, 0.09041030704975128, 0.1000741496682167, 0.08246009796857834, 0.0, 0.0, 0.11034531891345978, 0.0, 0.0, 0.0]",0.0014681446382099562
93,1.0164277531088963,"[1.0072136136869962, 0.9861726247591758, 1.016769656933132, 1.0080668135436928, 0.9918078598512249, 1.004217692275138, 1.0067817882074914, 0.9949406975397296, 0.9983761183633199, 1.0043908577406027, 1.0143784422748536, 1.0006338633864422, 1.0029834539111238, 1.0187926454889105, 1.0059965043186159, 0.9880135614155757, 1.0335520247028975, 1.0199258620080245, 0.9979528882142837, 1.017654069314637, 0.9957615507556767, 0.9960930007490302, 0.9765026190077916, 0.9949593573186554, 0.9911094756554135, 0.9799533530567203, 0.9894662902849357, 1.0211864402311126, 0.985474690686006, 1.0110808456999485]","[1.0060779538877702, 1.0107914658930097, 1.010196656556503, 0.9945659228450586, 0.9921139397983165, 0.9917595582969052, 1.001442692780857, 1.0248720324979685, 1.0051891823643795, 1.0169164637381727, 1.0221439281164657, 0.9776938222872488, 1.0194197916151833, 0.9967162016582515, 0.9808300715992007, 1.017614217127077, 0.997160121510881, 0.9878279348998679, 1.0006269823318894, 0.9976913695607837, 1.0025087296522819, 0.998211513127416, 1.0095619823177222, 1.0026282774965052, 0.9867702082000362, 0.9764013405697325, 0.9872280283819688, 0.9992202762108641, 1.0045130700565925, 0.9816714379754661]","[0.0060779538877702155, 0.010791465893009722, 0.010196656556503036, -0.005434077154941375, -0.007886060201683476, -0.008240441703094792, 0.0014426927808570689, 0.024872032497968544, 0.0051891823643794854, 0.016916463738172682, 0.022143928116465705, -0.02230617771275123, 0.019419791615183257, -0.003283798341748523, -0.01916992840079934, 0.017614217127077003, -0.002839878489119041, -0.012172065100132134, 0.000626982331889403, -0.0023086304392162527, 0.0025087296522818825, -0.0017884868725840386, 0.009561982317722206, 0.0026282774965051825, -0.013229791799963753, -0.02359865943026751, -0.01277197161803123, -0.0007797237891359332, 0.004513070056592516, -0.018328562024533923]","[0.11404838413000107, 0.10784750431776047, 0.1093989834189415, 0.0, 0.0, 0.0, 0.0, 0.11404838413000107, 0.0, 0.0, 0.0, 0.07135584950447083, 0.07129918783903122, 0.0, 0.0, 0.0, 0.0, 0.11404838413000107, 0.0, 0.0, 0.0, 0.0, 0.0, 0.0, 0.0, 0.11404838413000107, 0.0, 0.0, 0.08009237051010132, 0.10381252318620682]","[0.0, 0.0, 0.0, -3.2567020059272237e-22, -3.2218228009868682e-22, 0.0, -3.221036892085436e-22, 0.0, -4.316406872053204e-22, 0.0, 1.0, 0.0, 0.0, -4.308010869762168e-22, 0.0, 0.0, 0.0, -3.213235076899655e-22, 0.0, 0.0, 0.0, 0.0, 0.0, 0.0, 0.0, -2.1263329608768636e-22, 0.0, -4.321849703287622e-22, 0.0, -4.330403077597682e-22]","[0.0, 0.0012223225458773087, 0.0, 0.0, 0.0, 0.0, 0.0, 0.016014356728876383, 0.0029718407062883094, 0.014562378920046342, 0.9203363223620816, 0.0, 0.0, 0.0, 0.0, 0.0022048677831414533, 0.015172636523465679, 0.0, 0.0, 0.00938223439485499, 0.0, 0.0, 0.0, 0.001353837463234938, 0.009448067088248977, 0.007303115256949453, 0.0, 2.8020226934515344e-05, 0.0, 0.0]","[0.11404839903116226, 0.10784751921892166, 0.10939899832010269, 0.0, 0.0, 0.0, 0.0, 0.11404839903116226, 0.0, 0.0, 0.0, 0.07135585695505142, 0.07129919528961182, 0.0, 0.0, 0.0, 0.0, 0.11404839903116226, 0.0, 0.0, 0.0, 0.0, 0.0, 0.0, 0.0, 0.11404839903116226, 0.0, 0.0, 0.08009237796068192, 0.10381253808736801]",-0.00037106279953010094
94,1.0261736267452581,"[1.0060779538877702, 1.0107914658930097, 1.010196656556503, 0.9945659228450586, 0.9921139397983165, 0.9917595582969052, 1.001442692780857, 1.0248720324979685, 1.0051891823643795, 1.0169164637381727, 1.0221439281164657, 0.9776938222872488, 1.0194197916151833, 0.9967162016582515, 0.9808300715992007, 1.017614217127077, 0.997160121510881, 0.9878279348998679, 1.0006269823318894, 0.9976913695607837, 1.0025087296522819, 0.998211513127416, 1.0095619823177222, 1.0026282774965052, 0.9867702082000362, 0.9764013405697325, 0.9872280283819688, 0.9992202762108641, 1.0045130700565925, 0.9816714379754661]","[1.0041002783696893, 1.012688195317878, 1.0013299128092852, 0.9789850926675532, 1.0140083356844267, 1.019287864464337, 0.9977045267906614, 0.9905689389031651, 0.9850305082703961, 0.9953611997886355, 1.0110372114192727, 1.0040885031933726, 0.9982492127871042, 0.9925869563722498, 0.9834021442214962, 1.014177062218946, 0.9899393535804664, 0.9946837918434365, 0.9877910630923952, 1.001506864876262, 1.0035280177615655, 1.0198931221393754, 0.9877774488043728, 1.0177893285216788, 0.9777813469048469, 1.0027468688136898, 1.0147481038677575, 0.9895407443922125, 0.9933311887436981, 0.9945428351828303]","[0.004100278369689292, 0.012688195317877904, 0.001329912809285183, -0.02101490733244682, 0.01400833568442672, 0.019287864464337057, -0.00229547320933865, -0.009431061096834892, -0.014969491729603934, -0.0046388002113645355, 0.011037211419272719, 0.004088503193372617, -0.001750787212895788, -0.007413043627750193, -0.01659785577850381, 0.014177062218946102, -0.010060646419533636, -0.005316208156563529, -0.012208936907604828, 0.0015068648762619485, 0.0035280177615655273, 0.01989312213937544, -0.012222551195627207, 0.017789328521678804, -0.02221865309515314, 0.0027468688136897956, 0.01474810386775749, -0.010459255607787488, -0.006668811256301921, -0.005457164817169735]","[0.03980192169547081, 0.0, 0.07559851557016373, 0.0, 0.07380996644496918, 0.0, 0.0, 0.0, 0.0, 0.0, 0.12589557468891144, 0.0, 0.10450825840234756, 0.0, 0.0, 0.14296522736549377, 0.0, 0.0, 0.0, 0.008524886332452297, 0.0, 0.0, 0.0, 0.14296522736549377, 0.0, 0.14296522736549377, 0.14296522736549377, 0.0, 0.0, 0.0]","[0.0, 3.4406424422044947e-22, 0.0, 0.0, 0.0, 0.0, 0.0, 0.0, 3.4817343437604097e-22, 0.0, 1.0, 0.0, 0.0, 1.27575484881448e-22, 0.0, 0.0, 3.486230926971291e-22, 0.0, 1.2645598479769504e-22, 0.0, 0.0, 1.7925204969706507e-22, 1.2681651370022166e-22, 2.8829834390447516e-22, 0.0, 0.0, 0.0, 5.69913105919568e-22, 0.0, 0.0]","[0.0, 0.001892916929046155, 0.004695470129171092, 0.00607658735397242, 0.0, 0.0, 0.010822715289444307, 0.011205307271337157, 0.0032539941676354577, 0.0010183299822626132, 0.9057512962269166, 0.0, 0.0, 0.003435752297955298, 0.007974285296262264, 0.0, 0.0, 0.0, 0.0, 0.0, 0.006989893942907099, 0.0, 0.006830030291638293, 0.005004462854797994, 0.007028548941376475, 0.0, 0.0, 0.014228443460804015, 0.0006589998424643053, 0.003132965722008699]","[0.03980192169547081, 0.0, 0.07559851557016373, 0.0, 0.07380996644496918, 0.0, 0.0, 0.0, 0.0, 0.0, 0.12589557468891144, 0.0, 0.10450825840234756, 0.0, 0.0, 0.14296522736549377, 0.0, 0.0, 0.0, 0.008524886332452297, 0.0, 0.0, 0.0, 0.14296522736549377, 0.0, 0.14296522736549377, 0.14296522736549377, 0.0, 0.0, 0.0]",0.009088336296820399
95,1.0246904798336711,"[1.0041002783696893, 1.012688195317878, 1.0013299128092852, 0.9789850926675532, 1.0140083356844267, 1.019287864464337, 0.9977045267906614, 0.9905689389031651, 0.9850305082703961, 0.9953611997886355, 1.0110372114192727, 1.0040885031933726, 0.9982492127871042, 0.9925869563722498, 0.9834021442214962, 1.014177062218946, 0.9899393535804664, 0.9946837918434365, 0.9877910630923952, 1.001506864876262, 1.0035280177615655, 1.0198931221393754, 0.9877774488043728, 1.0177893285216788, 0.9777813469048469, 1.0027468688136898, 1.0147481038677575, 0.9895407443922125, 0.9933311887436981, 0.9945428351828303]","[0.9947357477699271, 1.0139986142898105, 1.0192432332325505, 1.0013417216722593, 0.9715215153832893, 0.9956126370598944, 1.0026447849226534, 1.019802547217643, 1.0334551702558794, 0.9887294401086946, 0.9886203115659075, 1.014593025837118, 1.0162007466318752, 0.988642683185223, 0.9965548780473107, 0.9922302934439075, 1.002117113361703, 0.9989040990884566, 0.9949430230402455, 0.9793830038213707, 0.9824298702059734, 0.9893427847157918, 0.9867033344984986, 0.999513311270658, 0.9891299442615388, 1.000599502131234, 1.0201129082495017, 1.015003719102608, 0.9887947080508477, 1.0080027820515058]","[-0.0052642522300728745, 0.01399861428981053, 0.019243233232550505, 0.0013417216722593217, -0.028478484616710653, -0.004387362940105555, 0.0026447849226534093, 0.019802547217643074, 0.03345517025587941, -0.011270559891305432, -0.011379688434092539, 0.014593025837118079, 0.016200746631875207, -0.01135731681477703, -0.0034451219526893118, -0.007769706556092548, 0.00211711336170306, -0.0010959009115434348, -0.005056976959754489, -0.020616996178629332, -0.017570129794026612, -0.010657215284208155, -0.013296665501501437, -0.0004866887293419886, -0.010870055738461226, 0.0005995021312339421, 0.020112908249501738, 0.015003719102608004, -0.011205291949152318, 0.008002782051505841]","[0.0667468011379242, 0.09613708406686783, 0.11136971414089203, 0.0, 0.0, 0.0, 0.0862308219075203, 0.0, 0.0, 0.1065613403916359, 0.0, 0.0, 0.0, 0.11660422384738922, 0.0, 0.0, 0.0, 0.0, 0.06788750737905502, 0.11660422384738922, 0.0, 0.0, 0.0, 0.0, 0.11660422384738922, 0.0, 0.0, 0.11525401473045349, 0.0, 0.0]","[0.0, 0.0, 0.0, 0.0, 7.706067002357548e-24, 0.0, 7.724270392990855e-24, 2.2883353963842513e-22, 8.687720520804159e-24, 7.916288135266349e-24, 1.0, 4.497598419276388e-22, 0.0, 0.0, 0.0, 0.0, 8.914525931990204e-24, 0.0, 2.3080456435423614e-22, 0.0, 0.0, 0.0, 0.0, 2.2799002616003054e-22, 0.0, 0.0, 0.0, 0.0, 0.0, 0.0]","[0.0, 0.0019723701360769615, 0.0033284033916466567, 0.0005393917430857756, 0.026425396301941826, 0.010826868093810314, 0.009476644375133727, 0.0, 0.004444183952583876, 0.0, 0.8841963262386411, 0.002941994980242818, 0.009721175291211977, 0.0, 0.004320958054615944, 0.0, 0.0, 0.006110513292314135, 0.006275961691418866, 0.012543205195125398, 0.0, 0.0, 0.002427576006058144, 0.0, 0.004782721550501104, 0.0012315806587751947, 0.0, 0.0, 0.0, 0.008434729046816076]","[0.0667468011379242, 0.09613708406686783, 0.11136971414089203, 0.0, 0.0, 0.0, 0.0862308219075203, 0.0, 0.0, 0.1065613403916359, 0.0, 0.0, 0.0, 0.11660422384738922, 0.0, 0.0, 0.0, 0.0, 0.06788750737905502, 0.11660422384738922, 0.0, 0.0, 0.0, 0.0, 0.11660422384738922, 0.0, 0.0, 0.11525401473045349, 0.0, 0.0]",-0.0018383486310945083
96,1.034182542663868,"[0.9947357477699271, 1.0139986142898105, 1.0192432332325505, 1.0013417216722593, 0.9715215153832893, 0.9956126370598944, 1.0026447849226534, 1.019802547217643, 1.0334551702558794, 0.9887294401086946, 0.9886203115659075, 1.014593025837118, 1.0162007466318752, 0.988642683185223, 0.9965548780473107, 0.9922302934439075, 1.002117113361703, 0.9989040990884566, 0.9949430230402455, 0.9793830038213707, 0.9824298702059734, 0.9893427847157918, 0.9867033344984986, 0.999513311270658, 0.9891299442615388, 1.000599502131234, 1.0201129082495017, 1.015003719102608, 0.9887947080508477, 1.0080027820515058]","[0.9917901699237501, 1.0128311797409169, 0.9951394298651999, 1.0172567686899188, 0.9966855478110372, 0.9872209101566176, 0.9885164705870901, 0.9971289646952338, 0.9976515299547798, 0.9880206660294586, 1.0132338154151779, 1.0027850888546455, 1.0128208481848222, 1.0104081090573034, 1.0244393989462923, 1.0077722096523134, 0.9858320498199347, 1.006709022975969, 0.99159105957768, 1.0120748474370125, 1.0108537560383708, 0.9997391427505979, 0.9814564137249493, 1.0057219932517947, 1.0171423992065984, 1.027103445188101, 0.9976596685501911, 1.0071501518920885, 1.0005714623387754, 1.0080967987570058]","[-0.008209830076249869, 0.012831179740916854, -0.004860570134800124, 0.017256768689918767, -0.0033144521889627576, -0.012779089843382385, -0.011483529412909865, -0.0028710353047661785, -0.002348470045220208, -0.011979333970541406, 0.013233815415177874, 0.0027850888546454566, 0.012820848184822209, 0.010408109057303383, 0.024439398946292323, 0.0077722096523134, -0.014167950180065336, 0.006709022975968981, -0.008408940422319988, 0.012074847437012481, 0.010853756038370799, -0.0002608572494020578, -0.018543586275050705, 0.005721993251794677, 0.017142399206598435, 0.027103445188100928, -0.002340331449808941, 0.007150151892088452, 0.0005714623387753637, 0.008096798757005752]","[0.0, 0.12210825830698013, 0.08180546015501022, 0.12210825830698013, 0.12210825830698013, 0.0, 0.04919132962822914, 0.12210825830698013, 0.0, 0.0, 0.0, 0.0, 0.0, 0.0, 0.048973750323057175, 0.0, 0.0, 0.0, 0.0, 0.0, 0.0, 0.0, 0.0, 0.0, 0.12210825830698013, 0.12210825830698013, 0.0, 0.0, 0.0, 0.08737993240356445]","[0.0, 0.0, 0.0, 0.0, 0.0, 5.619071207556669e-22, 4.548687303449866e-22, 0.0, 4.568404452524599e-22, 4.551499335950666e-22, 1.0, 0.0, 0.0, 0.0, 0.0, 0.0, 0.0, 0.0, 5.674052343947349e-22, 5.6468896045580995e-22, 0.0, 0.0, 0.0, 5.635321790891731e-22, 0.0, 0.0, 5.662474893235688e-22, 5.672638739902747e-22, 0.0, 0.0]","[0.0, 0.0, 0.0036296664735350603, 0.015512682980002308, 0.0, 0.0, 0.0, 0.0, 0.0, 0.0, 0.9232192089798954, 0.0, 0.0, 0.015364942485986589, 0.0, 0.0, 0.0, 0.0, 0.011348026218036879, 0.0, 0.001824395616856732, 0.007562592884000996, 0.002742600218589165, 0.0, 0.0026454624026522517, 0.0067694700267656865, 0.004919949424737186, 0.0021255525787801234, 0.0, 0.0023354497101615497]","[0.0, 0.12210825830698013, 0.08180546015501022, 0.12210825830698013, 0.12210825830698013, 0.0, 0.04919132962822914, 0.12210825830698013, 0.0, 0.0, 0.0, 0.0, 0.0, 0.0, 0.048973750323057175, 0.0, 0.0, 0.0, 0.0, 0.0, 0.0, 0.0, 0.0, 0.0, 0.12210825830698013, 0.12210825830698013, 0.0, 0.0, 0.0, 0.08737993240356445]",0.008839106588564254
97,1.0346247979754564,"[0.9917901699237501, 1.0128311797409169, 0.9951394298651999, 1.0172567686899188, 0.9966855478110372, 0.9872209101566176, 0.9885164705870901, 0.9971289646952338, 0.9976515299547798, 0.9880206660294586, 1.0132338154151779, 1.0027850888546455, 1.0128208481848222, 1.0104081090573034, 1.0244393989462923, 1.0077722096523134, 0.9858320498199347, 1.006709022975969, 0.99159105957768, 1.0120748474370125, 1.0108537560383708, 0.9997391427505979, 0.9814564137249493, 1.0057219932517947, 1.0171423992065984, 1.027103445188101, 0.9976596685501911, 1.0071501518920885, 1.0005714623387754, 1.0080967987570058]","[1.020352771986374, 0.9933349668578708, 0.9950092362511765, 0.9903624424010268, 1.0014657231118946, 1.0137859646137002, 1.000358273419627, 0.9891363750347221, 1.0022677392991786, 0.9990648481538464, 1.0041305152860047, 1.0059735170493456, 0.9768626631981759, 0.9892677587544096, 1.0144939626089589, 0.997214294983399, 1.0201266361485644, 1.0067162627896948, 0.987266112455875, 0.991159487788345, 1.0035424034841693, 0.9963420845339394, 1.0001343176530906, 1.0185887128282478, 1.0203698830649552, 0.9725631698819417, 1.0209945706823933, 1.0069180689567792, 1.0010207889644347, 0.9850139030377124]","[0.020352771986374085, -0.006665033142129184, -0.004990763748823457, -0.009637557598973223, 0.0014657231118946346, 0.013785964613700186, 0.00035827341962701986, -0.01086362496527793, 0.0022677392991785617, -0.0009351518461535591, 0.004130515286004721, 0.005973517049345567, -0.02313733680182406, -0.010732241245590357, 0.014493962608958855, -0.0027857050166010255, 0.02012663614856436, 0.006716262789694838, -0.012733887544124967, -0.00884051221165505, 0.003542403484169343, -0.003657915466060646, 0.00013431765309057653, 0.01858871282824781, 0.02036988306495524, -0.02743683011805831, 0.0209945706823933, 0.006918068956779155, 0.0010207889644346935, -0.014986096962287587]","[0.0, 0.0, 0.0, 0.10046576708555222, 0.1001332625746727, 0.10158981382846832, 0.0, 0.10158981382846832, 0.0, 0.0, 0.0, 0.10158981382846832, 0.0, 0.0, 0.0, 0.09489462524652481, 0.10158981382846832, 0.0, 0.0, 0.0, 0.10158981382846832, 0.10158981382846832, 0.0, 0.0, 0.0, 0.0, 0.0, 0.0, 0.0, 0.09496747702360153]","[0.0, 0.0, 0.0, 0.0, 0.0, 0.0, 0.0, 0.0, 3.4853408816510966e-22, 3.4650817400831233e-22, 1.0, 0.0, 0.0, 0.0, 0.0, 0.0, 4.587825440042723e-22, 4.0214630799619057e-22, 3.475524278797156e-22, 0.0, 0.0, 0.0, 3.480138248331779e-22, 0.0, 4.548173548294358e-22, 0.0, 3.4658739888377834e-22, 0.0, 0.0, 3.4643916653324645e-22]","[0.0, 0.0006091360458235258, 0.0, 0.0, 0.006390180668552779, 0.0, 0.01378689633702598, 0.00034408958947751206, 0.01039404113825908, 0.0, 0.9221044853657208, 0.0, 0.007665874438751107, 0.0, 0.00819884835258541, 0.002727701623445763, 0.0, 0.005033715773228904, 0.0, 0.004659765424568452, 0.0006058470255733717, 0.0, 0.0, 0.0025386060782651154, 0.0, 0.0, 0.004800737001582017, 0.0, 0.0, 0.010140075137140372]","[0.0, 0.0, 0.0, 0.10046576708555222, 0.1001332625746727, 0.10158981382846832, 0.0, 0.10158981382846832, 0.0, 0.0, 0.0, 0.10158981382846832, 0.0, 0.0, 0.0, 0.09489462524652481, 0.10158981382846832, 0.0, 0.0, 0.0, 0.10158981382846832, 0.10158981382846832, 0.0, 0.0, 0.0, 0.0, 0.0, 0.0, 0.0, 0.09496747702360153]",4.4570260851964935e-05
98,1.0356641636505204,"[1.020352771986374, 0.9933349668578708, 0.9950092362511765, 0.9903624424010268, 1.0014657231118946, 1.0137859646137002, 1.000358273419627, 0.9891363750347221, 1.0022677392991786, 0.9990648481538464, 1.0041305152860047, 1.0059735170493456, 0.9768626631981759, 0.9892677587544096, 1.0144939626089589, 0.997214294983399, 1.0201266361485644, 1.0067162627896948, 0.987266112455875, 0.991159487788345, 1.0035424034841693, 0.9963420845339394, 1.0001343176530906, 1.0185887128282478, 1.0203698830649552, 0.9725631698819417, 1.0209945706823933, 1.0069180689567792, 1.0010207889644347, 0.9850139030377124]","[0.9660503812729158, 0.9761918419178499, 0.9986379790805171, 0.9911005374518008, 1.0099743834751398, 0.9894093521825374, 1.0028349547836757, 1.0223416894971318, 1.0022029451168304, 1.0141602908317193, 0.9931924078107979, 1.001668134819965, 1.003142644913623, 0.9732683639154005, 0.9900824424553902, 1.0088912563687826, 0.9935954306921019, 0.9953428989226276, 1.0039473398496384, 1.025909992964973, 0.9877453665793697, 1.027368409772228, 1.010114560105651, 1.0085169016657223, 0.9941027848041822, 1.0126238190433552, 0.9858349052500092, 1.007685981027519, 0.9924051715345081, 0.9957608792827959]","[-0.03394961872708424, -0.023808158082150088, -0.001362020919482898, -0.008899462548199177, 0.009974383475139792, -0.01059064781746255, 0.0028349547836756805, 0.022341689497131778, 0.0022029451168303904, 0.014160290831719324, -0.006807592189202127, 0.0016681348199649726, 0.0031426449136229273, -0.026731636084599497, -0.009917557544609767, 0.00889125636878263, -0.0064045693078981225, -0.004657101077372383, 0.003947339849638354, 0.025909992964973094, -0.012254633420630268, 0.027368409772227986, 0.010114560105650927, 0.008516901665722276, -0.005897215195817762, 0.012623819043355189, -0.014165094749990836, 0.00768598102751894, -0.007594828465491865, -0.0042391207172041145]","[0.0, 0.0, 0.07679933309555054, 0.0, 0.0, 0.0, 0.11268626898527145, 0.0, 0.0, 0.0, 0.11268626898527145, 0.0, 0.0, 0.0, 0.0, 0.0, 0.11268626898527145, 0.0, 0.0, 0.11268626898527145, 0.08572442829608917, 0.0, 0.11268626898527145, 0.11268626898527145, 0.0, 0.0, 0.07071933895349503, 0.0, 0.09063924849033356, 0.0]","[0.0, 0.0, 0.0, 0.0, 2.318077225969006e-22, 3.3962840906165247e-22, 0.0, 0.0, 3.4488417179932086e-22, 0.0, 1.0, 0.0, 0.0, 1.2246123757173366e-22, 3.4124190433980266e-22, 0.0, 1.223524567836954e-22, 2.3272823410119635e-22, 0.0, 0.0, 0.0, 0.0, 1.228253523339496e-22, 0.0, 0.0, 0.0, 0.0, 1.2212801361032706e-22, 0.0, 0.0]","[0.0, 0.0, 0.0026467960114202834, 0.006221680174475972, 0.0, 0.011704991959675717, 0.0, 0.011591294844372067, 0.002004205960357534, 0.0022806484374256505, 0.8869247686379033, 0.0014992730040700238, 0.0009729213794597059, 0.008122160220288475, 0.004344229361814264, 0.0, 0.0016275976489811689, 0.0, 0.0, 0.0, 0.0, 0.0, 0.012011789768732562, 0.025514115395618767, 0.011153717989910139, 0.0, 0.011379809205494215, 0.0, 0.0, 0.0]","[0.0, 0.0, 0.07679933309555054, 0.0, 0.0, 0.0, 0.11268626898527145, 0.0, 0.0, 0.0, 0.11268626898527145, 0.0, 0.0, 0.0, 0.0, 0.0, 0.11268626898527145, 0.0, 0.0, 0.11268626898527145, 0.08572442829608917, 0.0, 0.11268626898527145, 0.11268626898527145, 0.0, 0.0, 0.07071933895349503, 0.0, 0.09063924849033356, 0.0]",0.0005957191180528281
99,1.0303906593543364,"[0.9660503812729158, 0.9761918419178499, 0.9986379790805171, 0.9911005374518008, 1.0099743834751398, 0.9894093521825374, 1.0028349547836757, 1.0223416894971318, 1.0022029451168304, 1.0141602908317193, 0.9931924078107979, 1.001668134819965, 1.003142644913623, 0.9732683639154005, 0.9900824424553902, 1.0088912563687826, 0.9935954306921019, 0.9953428989226276, 1.0039473398496384, 1.025909992964973, 0.9877453665793697, 1.027368409772228, 1.010114560105651, 1.0085169016657223, 0.9941027848041822, 1.0126238190433552, 0.9858349052500092, 1.007685981027519, 0.9924051715345081, 0.9957608792827959]","[1.0072253677323417, 0.9852737173090553, 0.9936619625721055, 0.9978329154062964, 0.9981993454114715, 0.9913587227960258, 1.0152974761759632, 1.0277703929126074, 0.9869613441102856, 0.9905154746699943, 0.9831338268580149, 0.9863787963138034, 0.9844758691390451, 0.9987404329385587, 1.0119446842878073, 0.9784110891717815, 0.9978554083277617, 1.0176450143766766, 1.001696530996617, 0.9773861041247555, 1.0007499642475137, 0.9891771368739092, 0.9932528817384159, 0.9855666735966596, 0.9884740435702396, 1.0234893135922758, 0.9769702523146498, 0.9898862947026021, 1.0028187256397663, 1.010793676043152]","[0.007225367732341725, -0.01472628269094467, -0.006338037427894516, -0.0021670845937036276, -0.0018006545885285163, -0.00864127720397423, 0.01529747617596322, 0.02777039291260741, -0.013038655889714423, -0.009484525330005655, -0.01686617314198513, -0.01362120368619657, -0.015524130860954943, -0.001259567061441258, 0.011944684287807261, -0.021588910828218455, -0.0021445916722383496, 0.01764501437667665, 0.0016965309966170405, -0.02261389587524454, 0.0007499642475137236, -0.01082286312609082, -0.00674711826158414, -0.014433326403340385, -0.011525956429760398, 0.023489313592275796, -0.023029747685350155, -0.010113705297397857, 0.002818725639766262, 0.010793676043151956]","[0.0, 0.11591475456953049, 0.0, 0.11591475456953049, 0.0, 0.0, 0.09320282191038132, 0.0, 0.06348685920238495, 0.0, 0.11591475456953049, 0.07719142735004425, 0.11591475456953049, 0.0, 0.0, 0.0, 0.0, 0.1003907322883606, 0.0, 0.08615447580814362, 0.0, 0.0, 0.0, 0.0, 0.0, 0.0, 0.0, 0.0, 0.0, 0.11591475456953049]","[0.0, 0.0, -1.0275385973492895e-22, 0.0, -1.0096326931275044e-22, 0.0, -1.0099616108389778e-22, -1.012657170738831e-22, -9.885919364033543e-23, 0.0, 1.0, 0.0, 0.0, 0.0, 0.0, 0.0, 0.0, 0.0, 0.0, 0.0, 9.390775644857697e-24, -1.5787937645601418e-22, 0.0, 0.0, 0.0, 0.0, 1.0142683457983326e-23, 0.0, 0.0, -1.0037242421671992e-22]","[0.0, 0.0, 0.0, 0.0032990392587302414, 0.0, 0.0, 0.0, 0.0011748895162607069, 0.004835649969010404, 0.0, 0.9223133162989007, 0.0, 0.0, 0.0, 0.0015542098059892107, 0.0, 0.015372504815817296, 0.0034956610207113746, 0.0, 0.0, 0.010883137232687363, 0.014384017302307244, 0.0, 0.0, 0.0, 0.005397103743875366, 0.0, 0.012608089063191401, 0.00468238197251863, 0.0]","[0.0, 0.1159147396683693, 0.0, 0.1159147396683693, 0.0, 0.0, 0.09320281445980072, 0.0, 0.06348685175180435, 0.0, 0.1159147396683693, 0.07719141989946365, 0.1159147396683693, 0.0, 0.0, 0.0, 0.0, 0.1003907173871994, 0.0, 0.08615446835756302, 0.0, 0.0, 0.0, 0.0, 0.0, 0.0, 0.0, 0.0, 0.0, 0.1159147396683693]",-0.005479118403383596
