step,portfolio_value,prev_prices,curr_prices,returns,action,expert_action,sub_expert_action,real_action,reward
1,1.0034703821504154,"[1.0050317717361137, 1.0034050006389963, 0.9838776969355338, 0.9956114496356421, 0.9939915389534736, 1.011126154950856, 0.9783584456887272, 0.9941591810287442, 1.0203594876626663, 1.0140890577928428, 1.0090145152466752, 0.9984128315387985, 0.9733610918148443, 0.995556551453759, 0.9987014551868815, 1.01105648108109, 1.0189804928429456, 0.9889019332083647, 1.0115359727142645, 1.0038267824893714, 1.0086786674934332, 0.9859834856090505, 1.0029276777103882, 0.9955083676644365, 1.0211052877517397, 1.0166270117748673, 1.0018777208016922, 1.0008808258682815, 0.9845331144080763, 1.0104059502013294]","[1.0020148944453149, 0.9999340001301439, 1.002315249375404, 0.9857928563373616, 1.003447317166112, 1.010018329804743, 1.0063016276802685, 1.0029450757641676, 1.0075916217261687, 0.9782221551402441, 0.9771332543574078, 1.0067209963332309, 0.9780678656122321, 0.9970074031921002, 1.0112048369564726, 0.9919558091755818, 0.9957312192692176, 0.9893342846123431, 0.9907044225958394, 0.9799946073824471, 0.978349984092595, 0.9916855066365425, 1.0255487389376412, 0.9743453971181597, 1.0125448908105104, 0.9928080349318882, 0.9959359060104144, 1.0120002299821236, 1.0057179700082874, 1.0003482404988848]","[0.0020148944453148854, -6.599986985611483e-05, 0.0023152493754039494, -0.014207143662638422, 0.0034473171661120183, 0.010018329804742931, 0.00630162768026854, 0.0029450757641675818, 0.007591621726168674, -0.021777844859755868, -0.022866745642592168, 0.006720996333230866, -0.021932134387767865, -0.002992596807899761, 0.011204836956472564, -0.008044190824418207, -0.004268780730782407, -0.010665715387656927, -0.009295577404160649, -0.020005392617552853, -0.021650015907405007, -0.008314493363457465, 0.025548738937641202, -0.025654602881840294, 0.012544890810510356, -0.007191965068111816, -0.0040640939895856265, 0.012000229982123578, 0.005717970008287443, 0.000348240498884822]","[0.09440340846776962, 0.10225032269954681, 0.0, 0.0, 0.0, 0.1063356101512909, 0.0, 0.08737802505493164, 0.0, 0.0, 0.0, 0.09514947235584259, 0.0, 0.0, 0.0, 0.0, 0.0, 0.0, 0.0, 0.0, 0.0, 0.1063356101512909, 0.0, 0.0, 0.1063356101512909, 0.0, 0.1063356101512909, 0.1063356101512909, 0.0, 0.08914061635732651]","[0.0, 0.1, 0.1, 0.1, 0.1, 0.1, 0.1, 0.1, 0.1, 0.0, 0.0, 0.0, 0.0, 0.0, 0.0, 0.0, 0.0, 0.0, 0.0, 0.0, 0.0, 0.0, 0.0, 0.0, 0.0, 0.0, 0.0, 0.0, 0.1, 0.1]","[0.0, 0.0895766531843894, 0.09896792874900125, 0.09439262045731453, 0.09389745441274669, 0.07601245105571491, 0.09532226464812306, 0.10384708856104352, 0.09030328740835385, 0.0, 0.0013727135207347344, 0.0, 0.004222092445003022, 0.002230284109544537, 0.014780218747910873, 0.004011215642476947, 0.0, 0.003911398228337538, 0.0, 0.007623524090140063, 0.012289514177624446, 0.002413582486449394, 0.0, 0.0076814148424357645, 0.007058347916462915, 0.0016394398464205315, 0.011641922007831441, 0.0, 0.09163293944620607, 0.08517164401573436]","[0.09440341591835022, 0.10225033015012741, 0.0, 0.0, 0.0, 0.10633561760187149, 0.0, 0.08737803250551224, 0.0, 0.0, 0.0, 0.09514947980642319, 0.0, 0.0, 0.0, 0.0, 0.0, 0.0, 0.0, 0.0, 0.0, 0.10633561760187149, 0.0, 0.0, 0.10633561760187149, 0.0, 0.10633561760187149, 0.10633561760187149, 0.0, 0.0891406238079071]",0.0034643445707737953
2,1.0018342843134924,"[1.0020148944453149, 0.9999340001301439, 1.002315249375404, 0.9857928563373616, 1.003447317166112, 1.010018329804743, 1.0063016276802685, 1.0029450757641676, 1.0075916217261687, 0.9782221551402441, 0.9771332543574078, 1.0067209963332309, 0.9780678656122321, 0.9970074031921002, 1.0112048369564726, 0.9919558091755818, 0.9957312192692176, 0.9893342846123431, 0.9907044225958394, 0.9799946073824471, 0.978349984092595, 0.9916855066365425, 1.0255487389376412, 0.9743453971181597, 1.0125448908105104, 0.9928080349318882, 0.9959359060104144, 1.0120002299821236, 1.0057179700082874, 1.0003482404988848]","[0.99785611451733, 0.9893993670473588, 0.9990003347132062, 0.9827318542840305, 0.9937852759928255, 1.0058460710445696, 1.0087040474651812, 1.0203967235389957, 1.0095396261112408, 1.009306922293216, 1.0028807571312823, 0.9956934658298879, 0.9974798181648986, 1.0104842760222321, 0.9906604910681035, 0.9977120560586137, 1.0025190361446765, 0.9956249519201432, 1.0129080874826006, 0.9877514473675431, 1.0198705208982026, 1.0008274685977734, 1.0123325259191136, 1.001270858594051, 1.0168100635537658, 0.9752117878355961, 0.9970038600854934, 0.9920288206482007, 1.0061023857953597, 1.0090484618670124]","[-0.0021438854826699716, -0.010600632952641242, -0.0009996652867938494, -0.017268145715969463, -0.006214724007174488, 0.0058460710445695785, 0.008704047465181164, 0.020396723538995687, 0.009539626111240818, 0.009306922293216058, 0.00288075713128233, -0.004306534170112064, -0.002520181835101387, 0.01048427602223212, -0.0093395089318965, -0.0022879439413863167, 0.002519036144676523, -0.00437504807985678, 0.012908087482600639, -0.012248552632456944, 0.019870520898202626, 0.0008274685977733842, 0.012332525919113602, 0.001270858594051072, 0.016810063553765797, -0.024788212164403856, -0.002996139914506646, -0.007971179351799251, 0.0061023857953597105, 0.009048461867012358]","[0.10075300931930542, 0.0, 0.0, 0.0, 0.0, 0.10075300931930542, 0.0, 0.0, 0.0, 0.0, 0.0, 0.10075300931930542, 0.0, 0.0, 0.09989666938781738, 0.0, 0.0, 0.0, 0.0, 0.09705617278814316, 0.10075300931930542, 0.10075300931930542, 0.0, 0.0, 0.10075300931930542, 0.09777611494064331, 0.0, 0.10075300931930542, 0.0, 0.0]","[0.0, 0.1, 0.1, 0.1, 0.1, 0.1, 0.1, 0.1, 0.1, 0.0, 0.0, 0.0, 0.0, 0.0, 0.0, 0.0, 0.0, 0.0, 0.0, 0.0, 0.0, 0.0, 0.0, 0.0, 0.0, 0.0, 0.0, 0.0, 0.1, 0.1]","[0.0, 0.08736240835530969, 0.0941018810272111, 0.07939815854531929, 0.09744306420750593, 0.0907018630141026, 0.10925353680715746, 0.0945241402317893, 0.08338685663495286, 0.0026271403452004555, 0.0, 0.0, 0.0, 0.0128290889937826, 0.00982239165595125, 0.016879252697141064, 0.0, 0.0, 0.0013678973550923534, 0.021304085430032812, 0.0, 0.006109694569823483, 0.007751129317043772, 0.0, 0.0, 0.00013211498860104664, 0.003484747021035023, 0.0, 0.09058200978585411, 0.0909385390170937]","[0.10075300931930542, 0.0, 0.0, 0.0, 0.0, 0.10075300931930542, 0.0, 0.0, 0.0, 0.0, 0.0, 0.10075300931930542, 0.0, 0.0, 0.09989666938781738, 0.0, 0.0, 0.0, 0.0, 0.09705617278814316, 0.10075300931930542, 0.10075300931930542, 0.0, 0.0, 0.10075300931930542, 0.09777611494064331, 0.0, 0.10075300931930542, 0.0, 0.0]",-0.00163174781337895
3,1.0053372747132676,"[0.99785611451733, 0.9893993670473588, 0.9990003347132062, 0.9827318542840305, 0.9937852759928255, 1.0058460710445696, 1.0087040474651812, 1.0203967235389957, 1.0095396261112408, 1.009306922293216, 1.0028807571312823, 0.9956934658298879, 0.9974798181648986, 1.0104842760222321, 0.9906604910681035, 0.9977120560586137, 1.0025190361446765, 0.9956249519201432, 1.0129080874826006, 0.9877514473675431, 1.0198705208982026, 1.0008274685977734, 1.0123325259191136, 1.001270858594051, 1.0168100635537658, 0.9752117878355961, 0.9970038600854934, 0.9920288206482007, 1.0061023857953597, 1.0090484618670124]","[0.9905600825043246, 1.018935704085627, 1.026550206773214, 1.012876847961983, 0.986505538352755, 1.0020356524127174, 0.9699671302261612, 1.0199252637807799, 1.013602911282864, 0.9893107623176748, 0.9849111862535506, 0.9891400637801273, 0.9982185673500445, 1.01470822397751, 0.9984879173592275, 1.0081129449164554, 0.9797167137611973, 1.0066848155139356, 0.9929896884834166, 1.002077215231131, 0.9996888441112566, 1.0016757028225107, 1.022119939011339, 1.0272564927821521, 1.0059040817032212, 1.0034359804654258, 1.0193549042285381, 0.9974371682734536, 1.0067617086804441, 1.003370635959343]","[-0.00943991749567541, 0.01893570408562706, 0.026550206773213958, 0.012876847961982962, -0.013494461647244993, 0.0020356524127174147, -0.03003286977383879, 0.019925263780779856, 0.01360291128286395, -0.010689237682325214, -0.015088813746449437, -0.01085993621987269, -0.00178143264995545, 0.014708223977510038, -0.0015120826407725163, 0.008112944916455422, -0.02028328623880271, 0.006684815513935627, -0.0070103115165833785, 0.0020772152311310244, -0.0003111558887434196, 0.0016757028225107273, 0.022119939011338907, 0.027256492782152142, 0.005904081703221209, 0.003435980465425814, 0.01935490422853814, -0.0025628317265463663, 0.006761708680444123, 0.00337063595934306]","[0.10000000894069672, 0.0, 0.0, 0.0, 0.0, 0.0, 0.0, 0.0, 0.0, 0.0, 0.0, 0.0, 0.10000000894069672, 0.0, 0.10000000894069672, 0.10000000894069672, 0.0, 0.0, 0.0, 0.0, 0.10000000894069672, 0.10000000894069672, 0.10000000894069672, 0.0, 0.10000000894069672, 0.10000000894069672, 0.0, 0.0, 0.10000000894069672, 0.0]","[-1.0988353154542053e-22, 0.0, 0.0, 0.0, 0.0, 0.0, -2.2009292556868047e-22, 0.0, 0.0, -3.275615624673534e-22, 1.158663785417238e-22, 0.0, 0.0, 0.0, 0.0, -1.0865508622694544e-22, 0.0, 0.0, -3.28661909421247e-22, 0.0, -3.262686050284957e-22, 0.0, 1.0, 0.0, -8.108426235529263e-23, 0.0, 0.0, 0.0, -2.2034294925788193e-22, 0.0]","[0.0, 0.0, 0.0, 0.0, 0.00763839683979555, 0.0, 0.004364367066826389, 0.0, 0.0, 0.0, 0.013520687852351422, 0.0, 0.0, 0.0007316971377001025, 0.0, 0.005129516605666114, 0.0, 0.006654472291841405, 0.007107800640167347, 0.0, 0.0, 0.019138251618807747, 0.9095028754337224, 0.010204798124927167, 0.007946166431855974, 0.0, 0.0, 0.0017206844494876145, 0.006340285506850768, 0.0]","[0.09999999403953552, 0.0, 0.0, 0.0, 0.0, 0.0, 0.0, 0.0, 0.0, 0.0, 0.0, 0.0, 0.09999999403953552, 0.0, 0.09999999403953552, 0.09999999403953552, 0.0, 0.0, 0.0, 0.0, 0.09999999403953552, 0.09999999403953552, 0.09999999403953552, 0.0, 0.09999999403953552, 0.09999999403953552, 0.0, 0.0, 0.09999999403953552, 0.0]",0.0033656246184442244
4,0.9998881222203189,"[0.9905600825043246, 1.018935704085627, 1.026550206773214, 1.012876847961983, 0.986505538352755, 1.0020356524127174, 0.9699671302261612, 1.0199252637807799, 1.013602911282864, 0.9893107623176748, 0.9849111862535506, 0.9891400637801273, 0.9982185673500445, 1.01470822397751, 0.9984879173592275, 1.0081129449164554, 0.9797167137611973, 1.0066848155139356, 0.9929896884834166, 1.002077215231131, 0.9996888441112566, 1.0016757028225107, 1.022119939011339, 1.0272564927821521, 1.0059040817032212, 1.0034359804654258, 1.0193549042285381, 0.9974371682734536, 1.0067617086804441, 1.003370635959343]","[1.0087323072291128, 0.9950700292630236, 1.0090874306917934, 0.9890433368288627, 1.0091955487205249, 1.0172513269322376, 0.9684688307744903, 0.9932650329715487, 1.0054536768497866, 1.0124618737991349, 0.9868305669739957, 0.9910662015387102, 1.0026592119868096, 1.014183466556552, 1.0132950181111808, 0.9971595124415614, 1.0196434582118667, 1.0107637334462307, 1.012183356173974, 1.011189273461136, 0.9778829840486182, 1.011676507017203, 0.9893293991740145, 0.9845509374634263, 0.972433263156453, 0.9822127731851764, 1.002293185699249, 0.9884955774651235, 0.9892909481670552, 0.9879489859840694]","[0.008732307229112779, -0.00492997073697643, 0.009087430691793408, -0.010956663171137304, 0.00919554872052486, 0.01725132693223763, -0.03153116922550969, -0.006734967028451333, 0.005453676849786593, 0.012461873799134882, -0.013169433026004262, -0.008933798461289832, 0.0026592119868096287, 0.014183466556551894, 0.013295018111180834, -0.002840487558438576, 0.01964345821186675, 0.010763733446230717, 0.012183356173973925, 0.011189273461136073, -0.022117015951381824, 0.011676507017202908, -0.010670600825985477, -0.015449062536573743, -0.027566736843547046, -0.017787226814823587, 0.0022931856992489674, -0.01150442253487649, -0.010709051832944794, -0.012051014015930561]","[0.0, 0.0, 0.0, 0.0, 0.0, 0.10342158377170563, 0.08697576820850372, 0.0, 0.10092072933912277, 0.0, 0.0, 0.0, 0.0, 0.0, 0.08815247565507889, 0.0, 0.0, 0.10342158377170563, 0.0, 0.0, 0.0, 0.0, 0.0, 0.10342158377170563, 0.10342158377170563, 0.10342158377170563, 0.10342158377170563, 0.0, 0.0, 0.10342158377170563]","[0.0, 0.0, 0.0, 0.0, 0.0, 3.337489840041616e-22, 0.0, 3.3512376708195626e-22, 3.896085021846848e-22, 0.0, 6.688285354447062e-22, 0.0, 0.0, 0.0, 3.3262480152557214e-22, 0.0, 4.455897264234742e-22, 0.0, 0.0, 0.0, 2.2576945274172757e-22, 0.0, 1.0, 0.0, 3.343347909968801e-22, 0.0, 0.0, 0.0, 3.340165399729072e-22, 0.0]","[0.005633165084031545, 0.00567723418380721, 0.0, 0.0, 0.0007186524555210026, 0.0, 0.0, 0.015092473051433535, 0.0011186105054260891, 0.0, 0.0, 0.00037374037178527895, 0.004372290969070446, 0.005455990797836342, 0.00836681792576208, 0.0, 0.006747574555298524, 0.0, 0.002717051970943764, 0.0, 0.006685671096596989, 0.0, 0.9350601925821804, 0.0, 0.0, 0.0, 0.0, 0.0, 0.0019805344503067866, 0.0]","[0.0, 0.0, 0.0, 0.0, 0.0, 0.10342158377170563, 0.08697576820850372, 0.0, 0.10092072933912277, 0.0, 0.0, 0.0, 0.0, 0.0, 0.08815247565507889, 0.0, 0.0, 0.10342158377170563, 0.0, 0.0, 0.0, 0.0, 0.0, 0.10342158377170563, 0.10342158377170563, 0.10342158377170563, 0.10342158377170563, 0.0, 0.0, 0.10342158377170563]",-0.005688943938621593
5,0.9946588160229057,"[1.0087323072291128, 0.9950700292630236, 1.0090874306917934, 0.9890433368288627, 1.0091955487205249, 1.0172513269322376, 0.9684688307744903, 0.9932650329715487, 1.0054536768497866, 1.0124618737991349, 0.9868305669739957, 0.9910662015387102, 1.0026592119868096, 1.014183466556552, 1.0132950181111808, 0.9971595124415614, 1.0196434582118667, 1.0107637334462307, 1.012183356173974, 1.011189273461136, 0.9778829840486182, 1.011676507017203, 0.9893293991740145, 0.9845509374634263, 0.972433263156453, 0.9822127731851764, 1.002293185699249, 0.9884955774651235, 0.9892909481670552, 0.9879489859840694]","[0.9983479201547724, 0.9917417634444098, 0.9831157706134747, 1.0194617027889794, 1.0108224687899718, 1.0203480614636795, 0.9938221836373653, 0.9984879208723743, 0.9850383310172126, 1.0082441643532147, 1.013506288676343, 0.9963141290286741, 1.0113445602948365, 1.0082005401915743, 1.0267196756229156, 0.994992304092845, 0.9928916637356634, 0.9841289160902367, 0.9910535362043594, 0.9829553241947036, 0.9961978258560857, 1.0138031413737512, 1.0103328012551096, 1.000775827637151, 0.9932640471023113, 1.0126273211824188, 1.010034146505002, 1.0236842658760774, 0.9792534400982651, 0.9776186620173432]","[-0.0016520798452276386, -0.008258236555590215, -0.01688422938652534, 0.019461702788979407, 0.01082246878997184, 0.020348061463679512, -0.006177816362634703, -0.0015120791276257428, -0.01496166898278739, 0.008244164353214734, 0.01350628867634307, -0.0036858709713258886, 0.011344560294836548, 0.008200540191574346, 0.02671967562291555, -0.0050076959071549965, -0.007108336264336601, -0.01587108390976333, -0.008946463795640569, -0.01704467580529645, -0.003802174143914261, 0.01380314137375116, 0.010332801255109603, 0.0007758276371510053, -0.006735952897688691, 0.012627321182418827, 0.010034146505002006, 0.023684265876077415, -0.020746559901734907, -0.022381337982656846]","[0.10643826425075531, 0.0, 0.0, 0.08470270782709122, 0.0, 0.0, 0.0, 0.0, 0.11224785447120667, 0.0, 0.0, 0.0, 0.11224785447120667, 0.0, 0.0, 0.11224785447120667, 0.0, 0.0, 0.0, 0.11224785447120667, 0.0, 0.07365383952856064, 0.0, 0.0, 0.09161887317895889, 0.0, 0.0, 0.0, 0.08234710246324539, 0.11224785447120667]","[6.4005365196661476e-24, 0.0, 0.0, 4.1542843045547144e-24, 0.0, 6.18230326735558e-23, 2.2347492225154256e-22, 0.0, 0.0, 0.0, 0.0, 0.0, 7.596809384879934e-24, -4.887261880469728e-23, 0.0, 0.0, 9.072891293294297e-24, 0.0, 0.0, 8.33366194786679e-24, 0.0, 0.0, 1.0, 2.261985969506796e-22, 0.0, 0.0, 0.0, 0.0, 0.0, 0.0]","[0.0, 0.0, 0.013557429899140569, 0.003232759947674578, 0.0, 0.0, 0.008470886266689273, 0.003646498528464927, 0.004865649088698991, 0.001219422119510119, 0.011740353980311776, 0.009050556475766422, 0.009640129116119132, 0.0, 0.0, 0.0, 0.0, 0.010043179252857628, 0.0039012201434630847, 0.007639682446872481, 0.0, 0.005047392097654315, 0.8937504309725736, 0.0, 0.0, 0.002550871084699542, 0.0, 0.0016183526336029804, 0.0, 0.010025185945900695]","[0.10643824934959412, 0.0, 0.0, 0.08470270037651062, 0.0, 0.0, 0.0, 0.0, 0.11224783957004547, 0.0, 0.0, 0.0, 0.11224783957004547, 0.0, 0.0, 0.11224783957004547, 0.0, 0.0, 0.0, 0.11224783957004547, 0.0, 0.07365383207798004, 0.0, 0.0, 0.0916188657283783, 0.0, 0.0, 0.0, 0.0823470950126648, 0.11224783957004547]",-0.005571253017072723
6,0.9987452839566577,"[0.9983479201547724, 0.9917417634444098, 0.9831157706134747, 1.0194617027889794, 1.0108224687899718, 1.0203480614636795, 0.9938221836373653, 0.9984879208723743, 0.9850383310172126, 1.0082441643532147, 1.013506288676343, 0.9963141290286741, 1.0113445602948365, 1.0082005401915743, 1.0267196756229156, 0.994992304092845, 0.9928916637356634, 0.9841289160902367, 0.9910535362043594, 0.9829553241947036, 0.9961978258560857, 1.0138031413737512, 1.0103328012551096, 1.000775827637151, 0.9932640471023113, 1.0126273211824188, 1.010034146505002, 1.0236842658760774, 0.9792534400982651, 0.9776186620173432]","[0.992462146316999, 0.9789863369098583, 1.009272628050171, 1.0015870952688986, 0.9795863033267954, 1.0009406478962735, 0.9784097573653977, 0.993873659318851, 1.0138187969759522, 1.0159414180023838, 1.0026312112383713, 1.0291797802024838, 1.008520973426183, 1.02359527511875, 1.0057131510284882, 1.0120167443929637, 1.0083516727592907, 1.017427918287063, 1.0024717977506028, 1.0201745861636058, 1.0084003050227823, 1.000683096223997, 1.017362907155554, 0.9945387966948241, 0.9920720853581734, 0.9904064318264008, 1.0020150071953418, 0.9845412522360226, 0.9984521164976019, 1.0036367706969713]","[-0.007537853683000972, -0.021013663090141743, 0.009272628050170928, 0.001587095268898553, -0.020413696673204584, 0.000940647896273461, -0.021590242634602297, -0.006126340681149034, 0.01381879697595223, 0.0159414180023838, 0.0026312112383712893, 0.029179780202483796, 0.008520973426183076, 0.023595275118750036, 0.005713151028488239, 0.01201674439296374, 0.008351672759290718, 0.017427918287062916, 0.0024717977506028, 0.02017458616360579, 0.008400305022782328, 0.0006830962239969818, 0.017362907155554108, -0.005461203305175855, -0.007927914641826628, -0.009593568173599243, 0.002015007195341756, -0.015458747763977376, -0.0015478835023980952, 0.0036367706969713254]","[0.0, 0.0, 0.0, 0.0, 0.0, 0.0, 0.0, 0.10119187831878662, 0.0, 0.0, 0.10419286042451859, 0.0, 0.10419286042451859, 0.10419286042451859, 0.0, 0.0, 0.0, 0.0, 0.0, 0.0, 0.10419286042451859, 0.0, 0.07987704873085022, 0.0, 0.09293438494205475, 0.10419286042451859, 0.10083957016468048, 0.0, 0.0, 0.10419286042451859]","[4.520078700165591e-22, 0.0, 0.0, 0.0, 0.0, 2.9942446937032554e-22, 0.0, 0.0, 0.0, 2.336392237215653e-22, 0.0, 4.48570184696495e-22, 2.3145596391095446e-22, 0.0, 5.626100267788461e-22, 0.0, 2.331660874639644e-22, 0.0, 2.3162078164909925e-22, 0.0, 0.0, 0.0, 1.0, 0.0, 0.0, 4.479913973948676e-22, 0.0, 0.0, 0.0, 0.0]","[0.0, 0.012874511618381278, 0.012255208350698717, 0.0, 0.0, 0.0, 0.005908584447666731, 0.011802635980989892, 0.004839004992898754, 0.0, 0.005269803581424806, 0.0006769108181903489, 0.009437387419496648, 0.0, 0.006304899305331631, 0.008552013990063343, 0.009140123344890953, 0.0, 0.015658228061428307, 0.0, 0.00569716295945098, 0.0, 0.880294156097076, 0.0, 0.0, 0.0, 0.0, 0.0, 0.0, 0.01128936903201161]","[0.0, 0.0, 0.0, 0.0, 0.0, 0.0, 0.0, 0.10119187831878662, 0.0, 0.0, 0.10419286042451859, 0.0, 0.10419286042451859, 0.10419286042451859, 0.0, 0.0, 0.0, 0.0, 0.0, 0.0, 0.10419286042451859, 0.0, 0.07987704873085022, 0.0, 0.09293438494205475, 0.10419286042451859, 0.10083957016468048, 0.0, 0.0, 0.10419286042451859]",0.003480935992837466
7,1.0010821527170055,"[0.992462146316999, 0.9789863369098583, 1.009272628050171, 1.0015870952688986, 0.9795863033267954, 1.0009406478962735, 0.9784097573653977, 0.993873659318851, 1.0138187969759522, 1.0159414180023838, 1.0026312112383713, 1.0291797802024838, 1.008520973426183, 1.02359527511875, 1.0057131510284882, 1.0120167443929637, 1.0083516727592907, 1.017427918287063, 1.0024717977506028, 1.0201745861636058, 1.0084003050227823, 1.000683096223997, 1.017362907155554, 0.9945387966948241, 0.9920720853581734, 0.9904064318264008, 1.0020150071953418, 0.9845412522360226, 0.9984521164976019, 1.0036367706969713]","[1.0037687525060743, 1.0023943877220958, 0.9833070079927049, 1.009515711772159, 1.010909148394473, 0.9935033310370955, 1.005625942159719, 1.0112352206482351, 0.998340028674813, 0.9896724656553524, 1.0072017912618858, 1.0137639812709014, 0.9932662201217222, 1.0111233917168474, 0.9881820502427292, 1.0104190502278374, 0.9728177826659082, 1.003540346360796, 0.9922888873520238, 0.9892146478312563, 1.0364859574470378, 0.983000967349025, 1.002071932605438, 1.0032158199539134, 0.9929262507342923, 1.0023273229739866, 1.0149382057428564, 0.9824270467974343, 1.008984797518413, 0.9889571114242286]","[0.0037687525060743354, 0.00239438772209577, -0.016692992007295127, 0.00951571177215893, 0.01090914839447299, -0.006496668962904462, 0.0056259421597189, 0.011235220648235122, -0.0016599713251870263, -0.010327534344647615, 0.007201791261885804, 0.013763981270901393, -0.006733779878277835, 0.011123391716847397, -0.011817949757270796, 0.010419050227837401, -0.027182217334091763, 0.0035403463607959207, -0.007711112647976193, -0.010785352168743656, 0.03648595744703775, -0.01699903265097502, 0.0020719326054379206, 0.0032158199539134014, -0.007073749265707696, 0.002327322973986634, 0.014938205742856425, -0.01757295320256569, 0.008984797518412968, -0.011042888575771403]","[0.0, 0.11638510227203369, 0.05482970178127289, 0.0, 0.0, 0.0, 0.11638510227203369, 0.0, 0.0, 0.0, 0.0, 0.0, 0.0, 0.0, 0.0, 0.09803425520658493, 0.0, 0.09530516713857651, 0.0, 0.11638510227203369, 0.0, 0.0, 0.0, 0.11638510227203369, 0.0, 0.0, 0.11638510227203369, 0.053520217537879944, 0.11638510227203369, 0.0]","[0.0, 0.0, 0.0, 0.0, -1.0830829910882444e-22, -2.194302229232522e-22, 0.0, 0.0, -1.094309565467208e-22, -3.2929482172066573e-22, 0.0, 0.0, -1.0789066438664257e-22, -2.8882021892237695e-22, -2.7517327848068674e-22, 0.0, -3.2960397144067094e-22, 0.0, 0.0, 0.0, 0.0, -2.1900353774781614e-22, 1.0, 0.0, 0.0, 0.0, 0.0, 0.0, 0.0, 0.0]","[0.0, 0.0, 0.004085974592201232, 0.0, 0.0, 0.0, 0.0015990985426348862, 0.010098841942673298, 0.0, 0.0, 0.0, 0.0030466088274210103, 0.0, 0.0, 0.0, 0.006591007415235823, 0.0, 0.002944287572205756, 0.0010885029604309371, 0.00653204861757109, 0.0, 0.002309822341169725, 0.9487587771643947, 0.003287551124276496, 0.0, 0.0, 0.0, 0.0022893137469694757, 0.00407277278870021, 0.0032953923641154672]","[0.0, 0.11638510972261429, 0.05482970550656319, 0.0, 0.0, 0.0, 0.11638510972261429, 0.0, 0.0, 0.0, 0.0, 0.0, 0.0, 0.0, 0.0, 0.09803426265716553, 0.0, 0.0953051745891571, 0.0, 0.11638510972261429, 0.0, 0.0, 0.0, 0.11638510972261429, 0.0, 0.0, 0.11638510972261429, 0.05352022126317024, 0.11638510972261429, 0.0]",0.0018518745532596667
8,1.0042177319978935,"[1.0037687525060743, 1.0023943877220958, 0.9833070079927049, 1.009515711772159, 1.010909148394473, 0.9935033310370955, 1.005625942159719, 1.0112352206482351, 0.998340028674813, 0.9896724656553524, 1.0072017912618858, 1.0137639812709014, 0.9932662201217222, 1.0111233917168474, 0.9881820502427292, 1.0104190502278374, 0.9728177826659082, 1.003540346360796, 0.9922888873520238, 0.9892146478312563, 1.0364859574470378, 0.983000967349025, 1.002071932605438, 1.0032158199539134, 0.9929262507342923, 1.0023273229739866, 1.0149382057428564, 0.9824270467974343, 1.008984797518413, 0.9889571114242286]","[0.9925024505761437, 0.9896636422675932, 0.9844997905530574, 0.9922414056947374, 1.0052540569949153, 0.9802681327548611, 1.0054613562043646, 1.004681110438459, 1.0042252092248902, 0.9926150509207647, 0.9576142458446392, 1.0047394781780759, 1.0145604477182428, 1.0136398670742384, 1.005431363463377, 0.9922739076137809, 1.007704484722416, 0.9980057004698193, 1.0158702140066809, 1.011237478698798, 1.0028573881881246, 1.0116246915294118, 1.0077171389123434, 0.9999694641984964, 1.0175356916371139, 0.9882924287143713, 0.970727559949421, 1.0092501064434898, 1.0065043795243669, 1.0166514599160905]","[-0.007497549423856276, -0.01033635773240682, -0.015500209446942637, -0.0077585943052626005, 0.005254056994915324, -0.019731867245138868, 0.005461356204364609, 0.00468111043845898, 0.004225209224890225, -0.007384949079235259, -0.04238575415536083, 0.004739478178075851, 0.01456044771824283, 0.013639867074238365, 0.005431363463376915, -0.00772609238621913, 0.007704484722415916, -0.00199429953018071, 0.01587021400668087, 0.011237478698798098, 0.0028573881881246432, 0.011624691529411812, 0.00771713891234338, -3.0535801503583926e-05, 0.01753569163711388, -0.011707571285628715, -0.02927244005057905, 0.00925010644348978, 0.006504379524366888, 0.016651459916090516]","[0.0, 0.0, 0.10000000149011612, 0.10000000149011612, 0.0, 0.0, 0.10000000149011612, 0.0, 0.10000000149011612, 0.0, 0.0, 0.10000000149011612, 0.10000000149011612, 0.0, 0.10000000149011612, 0.10000000149011612, 0.0, 0.0, 0.0, 0.10000000149011612, 0.0, 0.0, 0.0, 0.0, 0.0, 0.0, 0.0, 0.0, 0.0, 0.10000000149011612]","[0.0, -1.6954777668009621e-06, 0.0, 0.0, 0.0, 0.0, 7.1652891355989e-07, -1.5972818874887645e-06, 0.0, 0.0, 0.0, 0.0, 0.0, 0.9429909079609384, 0.0, 0.0, 0.0, 0.0, 0.0, 0.0, 0.0, 0.0, 0.057014204923727066, 0.0, 2.0813806418478385e-06, -1.9994359107303223e-06, 0.0, 9.429473413868721e-07, -1.7109846573074858e-06, -1.8505613401563829e-06]","[3.425259711261149e-05, 0.00010316466329619567, 0.009848446125442235, 0.012121843317175042, 0.0, 0.009654107147501086, 0.009202646094224413, 0.0, 0.0, 0.0, 0.0, 0.0, 0.0, 0.8521042814716316, 0.0012268194147947913, 0.008777635536183609, 0.012517493055613697, 0.0, 0.0, 0.0037297685352818766, 0.0, 0.0073289049581556675, 0.05219041707058394, 0.0, 0.0, 0.0, 0.003481299641848162, 0.010240380436770457, 0.0, 0.007438539934384409]","[0.0, 0.0, 0.10000000149011612, 0.10000000149011612, 0.0, 0.0, 0.10000000149011612, 0.0, 0.10000000149011612, 0.0, 0.0, 0.10000000149011612, 0.10000000149011612, 0.0, 0.10000000149011612, 0.10000000149011612, 0.0, 0.0, 0.0, 0.10000000149011612, 0.0, 0.0, 0.0, 0.0, 0.0, 0.0, 0.0, 0.0, 0.0, 0.10000000149011612]",0.002743151381281642
9,1.011216998857911,"[0.9925024505761437, 0.9896636422675932, 0.9844997905530574, 0.9922414056947374, 1.0052540569949153, 0.9802681327548611, 1.0054613562043646, 1.004681110438459, 1.0042252092248902, 0.9926150509207647, 0.9576142458446392, 1.0047394781780759, 1.0145604477182428, 1.0136398670742384, 1.005431363463377, 0.9922739076137809, 1.007704484722416, 0.9980057004698193, 1.0158702140066809, 1.011237478698798, 1.0028573881881246, 1.0116246915294118, 1.0077171389123434, 0.9999694641984964, 1.0175356916371139, 0.9882924287143713, 0.970727559949421, 1.0092501064434898, 1.0065043795243669, 1.0166514599160905]","[1.012930814765417, 0.9680044975405427, 1.0142944151238085, 1.0177778397107013, 0.993391113947262, 1.017767418724296, 1.0070230036900147, 0.9949878254089546, 0.9955754501547874, 1.0033266166626864, 0.9944866366630917, 0.9819771185291143, 0.997247924434177, 0.9860540357002441, 0.994280202646756, 0.9838618970369962, 0.9954297078424826, 1.0050469620317257, 1.0071658869421563, 1.0076322349406917, 0.9938565894830935, 1.0119245736876077, 1.017947208363959, 1.0270573429330612, 0.9677690050790594, 1.010190023374692, 0.9869513980629605, 1.0046087298425719, 0.9922853020510516, 0.9802355018087714]","[0.01293081476541702, -0.03199550245945726, 0.014294415123808468, 0.01777783971070135, -0.006608886052738017, 0.01776741872429599, 0.00702300369001474, -0.005012174591045415, -0.0044245498452125664, 0.00332661666268641, -0.005513363336908328, -0.01802288147088571, -0.00275207556582302, -0.01394596429975592, -0.005719797353244016, -0.016138102963003775, -0.004570292157517364, 0.005046962031725721, 0.007165886942156252, 0.007632234940691651, -0.006143410516906478, 0.011924573687607687, 0.01794720836395891, 0.027057342933061168, -0.032230994920940614, 0.010190023374692103, -0.013048601937039495, 0.004608729842571879, -0.007714697948948412, -0.019764498191228608]","[0.0, 0.0, 0.056006286293268204, 0.11252135038375854, 0.0, 0.0, 0.0, 0.0, 0.11252135038375854, 0.10831473022699356, 0.1033586636185646, 0.0, 0.0, 0.0, 0.0, 0.0, 0.0, 0.0, 0.0, 0.07939271628856659, 0.0, 0.09889445453882217, 0.0, 0.10394774377346039, 0.0, 0.11252135038375854, 0.0, 0.0, 0.11252135038375854, 0.0]","[0.0, 2.3449190359727824e-24, 0.0, 0.0, -2.193129803447584e-22, -2.1973974110292995e-22, 0.0, -1.0899246301100213e-22, 9.099881922647404e-25, 0.0, 0.0, -1.1035909096185514e-22, 0.0, 1.0, 0.0, 0.0, 0.0, 0.0, 0.0, 0.0, 0.0, 0.0, 0.0, 0.0, -2.19227448316814e-22, -2.2005411314992046e-22, 0.0, -2.1871768413188506e-22, 0.0, 0.0]","[0.014178305088445552, 0.014065346522544342, 0.00032430385831603035, 0.02170142989594651, 0.0, 0.006242873531689314, 0.0, 0.0009572547326705061, 0.0, 0.0104942557599297, 0.0, 0.00014492272536089336, 0.01071108000366153, 0.8797129860214103, 0.0, 0.0, 0.009098084148996632, 0.0006799529731379704, 0.00020157701374468574, 0.0, 0.0, 0.008682864539681503, 0.000992777406013052, 0.011594577276823288, 0.003240724921084656, 0.0, 0.0, 0.0023728009105368594, 0.004135753939791597, 0.000468128730214987]","[0.0, 0.0, 0.056006286293268204, 0.11252135038375854, 0.0, 0.0, 0.0, 0.0, 0.11252135038375854, 0.10831473022699356, 0.1033586636185646, 0.0, 0.0, 0.0, 0.0, 0.0, 0.0, 0.0, 0.0, 0.07939271628856659, 0.0, 0.09889445453882217, 0.0, 0.10394774377346039, 0.0, 0.11252135038375854, 0.0, 0.0, 0.11252135038375854, 0.0]",0.0064543112330923075
10,1.015793973108586,"[1.012930814765417, 0.9680044975405427, 1.0142944151238085, 1.0177778397107013, 0.993391113947262, 1.017767418724296, 1.0070230036900147, 0.9949878254089546, 0.9955754501547874, 1.0033266166626864, 0.9944866366630917, 0.9819771185291143, 0.997247924434177, 0.9860540357002441, 0.994280202646756, 0.9838618970369962, 0.9954297078424826, 1.0050469620317257, 1.0071658869421563, 1.0076322349406917, 0.9938565894830935, 1.0119245736876077, 1.017947208363959, 1.0270573429330612, 0.9677690050790594, 1.010190023374692, 0.9869513980629605, 1.0046087298425719, 0.9922853020510516, 0.9802355018087714]","[1.0058315017953057, 0.9994481606229734, 0.9896020190094875, 1.002873150863489, 1.0039924953188635, 1.0005699412028295, 0.9941270135305533, 1.0140378583324499, 1.0069710297928494, 0.993654803074338, 0.9860557415173061, 1.0083913728330887, 1.0083804755460903, 1.0011470395908286, 0.9967026675837172, 1.0185998157396632, 0.9830642429197146, 0.9980085226370706, 1.0116016582356284, 0.9846196464392152, 1.0013586523490101, 1.0044765650838436, 1.0096670568311483, 1.0005707721243657, 1.0060923431421256, 1.0001848871493084, 0.9982052116543448, 1.0052662684398765, 1.006529924362904, 1.016880366277808]","[0.005831501795305671, -0.0005518393770266306, -0.010397980990512479, 0.002873150863488938, 0.003992495318863476, 0.0005699412028294937, -0.005872986469446673, 0.01403785833244986, 0.006971029792849359, -0.006345196925662044, -0.013944258482693872, 0.008391372833088662, 0.008380475546090338, 0.0011470395908286246, -0.0032973324162828277, 0.018599815739663184, -0.016935757080285385, -0.0019914773629293725, 0.01160165823562842, -0.01538035356078482, 0.0013586523490101143, 0.004476565083843642, 0.009667056831148324, 0.0005707721243657371, 0.006092343142125589, 0.00018488714930842143, -0.0017947883456551628, 0.0052662684398765425, 0.006529924362904005, 0.01688036627780809]","[0.1040915921330452, 0.09698215872049332, 0.0, 0.0, 0.08546214550733566, 0.0, 0.0, 0.0, 0.1040915921330452, 0.09277036786079407, 0.0, 0.0, 0.1040915921330452, 0.1040915921330452, 0.0, 0.1040915921330452, 0.0, 0.0, 0.0, 0.0, 0.0, 0.0, 0.0, 0.0, 0.0, 0.10023573040962219, 0.0, 0.1040915921330452, 0.0, 0.0]","[3.677632346581269e-24, 2.251999650316519e-22, 0.0, 0.0, 0.0, 0.0, 1.8238813877587683e-24, 0.0, 0.0, 0.0, 3.684402776115207e-24, 0.0, 0.0, 0.0, -1.0764160175805378e-22, 0.0, 4.443468854843256e-24, -1.0717658279904894e-22, 0.0, 0.0, -1.071394436713654e-22, 0.0, 1.0, 0.0, 0.0, 2.0748109851022555e-24, 0.0, 0.0, 0.0, 0.0]","[0.0, 0.009122341299531125, 0.0, 0.0, 0.005739965326787116, 0.0, 0.003572602752412321, 0.007511309628386062, 0.0012494315381073877, 0.005924704308255203, 0.0, 0.0, 0.0, 0.0, 0.009612748005476127, 0.0006757739646408421, 0.004006814815593509, 0.0, 0.0, 0.005742612036951151, 0.003214638603060571, 0.0, 0.9290424279248524, 0.0, 0.0, 0.0, 0.0, 0.0022557541846159363, 0.005923043147629604, 0.006405832463700726]","[0.1040915995836258, 0.09698216617107391, 0.0, 0.0, 0.08546215295791626, 0.0, 0.0, 0.0, 0.1040915995836258, 0.09277037531137466, 0.0, 0.0, 0.1040915995836258, 0.1040915995836258, 0.0, 0.1040915995836258, 0.0, 0.0, 0.0, 0.0, 0.0, 0.0, 0.0, 0.0, 0.0, 0.10023573786020279, 0.0, 0.1040915995836258, 0.0, 0.0]",0.004243449578160659
11,1.013088424089406,"[1.0058315017953057, 0.9994481606229734, 0.9896020190094875, 1.002873150863489, 1.0039924953188635, 1.0005699412028295, 0.9941270135305533, 1.0140378583324499, 1.0069710297928494, 0.993654803074338, 0.9860557415173061, 1.0083913728330887, 1.0083804755460903, 1.0011470395908286, 0.9967026675837172, 1.0185998157396632, 0.9830642429197146, 0.9980085226370706, 1.0116016582356284, 0.9846196464392152, 1.0013586523490101, 1.0044765650838436, 1.0096670568311483, 1.0005707721243657, 1.0060923431421256, 1.0001848871493084, 0.9982052116543448, 1.0052662684398765, 1.006529924362904, 1.016880366277808]","[0.9971776407971885, 1.0196064570272316, 0.9936330576831224, 1.0101259083864707, 0.9953272711323886, 0.9993523822985348, 1.013257953454, 0.9731831507901553, 1.0044935038755107, 1.0164519003254728, 1.0041427717360256, 0.9776533595818366, 1.008825851865103, 0.9828150462874058, 0.9887024083668184, 0.9854788655112169, 0.9974406725060797, 1.002418395746354, 1.0105705977292532, 1.0038584954637932, 1.0064545210295075, 1.016746259669592, 0.9916013069428542, 0.9867750213047475, 0.9908431963661946, 0.9914258046106225, 1.0090794430613528, 1.012543932749663, 0.9943254642909574, 0.9859335542414412]","[-0.0028223592028114863, 0.019606457027231627, -0.006366942316877622, 0.01012590838647065, -0.0046727288676113865, -0.000647617701465153, 0.013257953454000049, -0.02681684920984473, 0.004493503875510729, 0.016451900325472835, 0.004142771736025619, -0.022346640418163366, 0.008825851865102985, -0.01718495371259421, -0.011297591633181558, -0.014521134488783116, -0.0025593274939202937, 0.0024183957463539407, 0.010570597729253173, 0.0038584954637932434, 0.006454521029507498, 0.01674625966959198, -0.0083986930571458, -0.01322497869525252, -0.009156803633805444, -0.008574195389377537, 0.009079443061352777, 0.012543932749663034, -0.0056745357090426385, -0.014066445758558754]","[0.1039922833442688, 0.0, 0.0, 0.0, 0.0, 0.1039922833442688, 0.1039922833442688, 0.0, 0.0, 0.1039922833442688, 0.09375174343585968, 0.0, 0.0, 0.0, 0.0, 0.0783379003405571, 0.0, 0.0, 0.0, 0.0, 0.0, 0.0, 0.0, 0.1039922833442688, 0.1039922833442688, 0.10076267272233963, 0.0, 0.0, 0.0, 0.10319393873214722]","[0.0, 0.0, 0.0, 0.0, 0.0, 0.0, 0.0, 0.0, 0.0, 1.1461362587344984e-22, 0.0, 0.0, 3.485381958131468e-24, 3.313079612488532e-24, 0.0, 2.846590531068121e-24, 1.1431435878716108e-22, 2.9384598669316724e-24, 3.36779401879853e-24, 0.0, 3.0119807665259458e-24, 0.0, 1.0, 0.0, 0.0, 0.0, 0.0, 1.1227151634710207e-22, 0.0, 0.0]","[0.0, 0.001403181254710622, 0.007146849393420966, 0.0011080795372466299, 0.006626384625416632, 0.01122641506159487, 0.015323434129261123, 0.0, 0.0, 0.0, 0.0, 0.0032186848104274325, 0.0, 0.003361510926261082, 0.010101762154927849, 0.0, 0.008355234717487777, 0.005738752123474677, 0.003342949134835291, 0.0, 0.012134438137808025, 0.0, 0.882114124857481, 9.722245744108753e-05, 0.00955190576668498, 0.0, 0.01609042684676641, 0.0, 0.0, 0.0030586440647535633]","[0.1039922907948494, 0.0, 0.0, 0.0, 0.0, 0.1039922907948494, 0.1039922907948494, 0.0, 0.0, 0.1039922907948494, 0.09375175088644028, 0.0, 0.0, 0.0, 0.0, 0.0783379077911377, 0.0, 0.0, 0.0, 0.0, 0.0, 0.0, 0.0, 0.1039922907948494, 0.1039922907948494, 0.10076268017292023, 0.0, 0.0, 0.0, 0.10319394618272781]",-0.003011458536530276
12,1.0123068877432888,"[0.9971776407971885, 1.0196064570272316, 0.9936330576831224, 1.0101259083864707, 0.9953272711323886, 0.9993523822985348, 1.013257953454, 0.9731831507901553, 1.0044935038755107, 1.0164519003254728, 1.0041427717360256, 0.9776533595818366, 1.008825851865103, 0.9828150462874058, 0.9887024083668184, 0.9854788655112169, 0.9974406725060797, 1.002418395746354, 1.0105705977292532, 1.0038584954637932, 1.0064545210295075, 1.016746259669592, 0.9916013069428542, 0.9867750213047475, 0.9908431963661946, 0.9914258046106225, 1.0090794430613528, 1.012543932749663, 0.9943254642909574, 0.9859335542414412]","[0.9922916989914881, 0.999119282025864, 0.9807650377021108, 1.013461623095634, 1.022014785610973, 0.9853322586450712, 0.9917431652507891, 1.0106238777473828, 1.000126706494423, 1.0021290620505012, 0.9969238774532136, 0.9948553997860186, 1.021821183657885, 1.006892873191608, 0.9798178393484342, 0.9940451514563424, 1.0078511942953952, 0.9866644856232574, 1.0096523468709966, 1.0177554889434153, 0.9710217278001743, 0.9890893267710176, 1.0088239511396226, 1.0089343961099886, 0.9985711161169054, 0.9976230189429479, 0.9931386341485836, 0.9879052242814089, 0.9970769750342183, 1.0083150773913339]","[-0.007708301008511942, -0.0008807179741360249, -0.019234962297889235, 0.013461623095633923, 0.02201478561097292, -0.014667741354928765, -0.008256834749210906, 0.010623877747382826, 0.0001267064944230345, 0.002129062050501229, -0.003076122546786353, -0.005144600213981443, 0.02182118365788499, 0.006892873191608029, -0.02018216065156575, -0.005954848543657576, 0.007851194295395159, -0.01333551437674263, 0.009652346870996587, 0.017755488943415276, -0.02897827219982574, -0.010910673228982426, 0.008823951139622643, 0.008934396109988585, -0.0014288838830945894, -0.0023769810570520855, -0.00686136585141639, -0.012094775718591078, -0.002923024965781673, 0.008315077391333858]","[0.0, 0.0, 0.0, 0.0, 0.0, 0.04173462465405464, 0.12481371313333511, 0.0, 0.0, 0.12141714990139008, 0.0, 0.0, 0.0, 0.12481371313333511, 0.06937088072299957, 0.0934516191482544, 0.08520083129405975, 0.0, 0.0, 0.0, 0.0, 0.09574449062347412, 0.1186392679810524, 0.0, 0.0, 0.0, 0.0, 0.0, 0.0, 0.12481371313333511]","[0.0, 3.3988730444699425e-22, 0.0, 2.2701240067629946e-22, 0.0, 0.0, 0.0, 3.3533151935140266e-22, 2.2641794982649366e-22, 0.0, 3.3948569653111164e-22, 3.3634582013109385e-22, 2.2917088505293477e-22, 0.0, 0.0, 0.0, 0.0, 0.0, 0.0, 0.0, 0.0, 2.2863611056302173e-22, 1.0, 0.0, 0.0, 0.0, 0.0, 2.2616574027151658e-22, 0.0, 0.0]","[0.0, 0.0, 0.001234294817153823, 0.008528159655549605, 0.023869083075088424, 0.0, 0.0, 0.0035014070844362893, 0.0, 0.0, 0.0, 0.0018539758997002088, 0.02148041784544348, 0.012275475710649167, 0.012649394639959044, 0.0, 0.0, 0.004643561526405614, 0.008787209288947242, 0.0, 0.0, 0.012567462864740527, 0.8634465357296917, 0.0, 0.0, 0.0, 0.0005342504298434277, 0.0069351310644898655, 0.008808283162260311, 0.008885357205640931]","[0.0, 0.0, 0.0, 0.0, 0.0, 0.04173462465405464, 0.12481371313333511, 0.0, 0.0, 0.12141714990139008, 0.0, 0.0, 0.0, 0.12481371313333511, 0.06937088072299957, 0.0934516191482544, 0.08520083129405975, 0.0, 0.0, 0.0, 0.0, 0.09574449062347412, 0.1186392679810524, 0.0, 0.0, 0.0, 0.0, 0.0, 0.0, 0.12481371313333511]",-0.0011104990669129039
13,1.0138695936189022,"[0.9922916989914881, 0.999119282025864, 0.9807650377021108, 1.013461623095634, 1.022014785610973, 0.9853322586450712, 0.9917431652507891, 1.0106238777473828, 1.000126706494423, 1.0021290620505012, 0.9969238774532136, 0.9948553997860186, 1.021821183657885, 1.006892873191608, 0.9798178393484342, 0.9940451514563424, 1.0078511942953952, 0.9866644856232574, 1.0096523468709966, 1.0177554889434153, 0.9710217278001743, 0.9890893267710176, 1.0088239511396226, 1.0089343961099886, 0.9985711161169054, 0.9976230189429479, 0.9931386341485836, 0.9879052242814089, 0.9970769750342183, 1.0083150773913339]","[1.0124588893026372, 0.9900792744330452, 1.0157166995123257, 1.005298627131907, 1.0081617145234598, 1.0013477476925854, 0.9946733599465466, 0.9857264206864184, 1.0237559005004724, 0.9968007507133481, 1.0147813621776085, 1.0203692583902217, 1.0219915158446549, 0.9931951085383662, 1.0128435324894418, 0.9702104139877155, 1.0030378176550134, 0.9987552297937362, 0.9915892944566064, 1.0154603617425586, 1.0157201999496408, 1.010327119384329, 0.9851533034570163, 0.9930280731992287, 0.9716954065631257, 1.017029710098001, 1.0226739243063536, 1.0121201803527093, 0.998424567368786, 1.0077186871024797]","[0.012458889302637166, -0.00992072556695478, 0.015716699512325683, 0.0052986271319070966, 0.008161714523459818, 0.0013477476925853882, -0.005326640053453402, -0.014273579313581641, 0.023755900500472382, -0.0031992492866519395, 0.014781362177608504, 0.020369258390221745, 0.021991515844654863, -0.006804891461633766, 0.012843532489441811, -0.02978958601228454, 0.0030378176550134306, -0.00124477020626379, -0.008410705543393626, 0.015460361742558604, 0.0157201999496408, 0.010327119384329064, -0.01484669654298365, -0.0069719268007713, -0.028304593436874304, 0.017029710098001027, 0.02267392430635362, 0.012120180352709342, -0.0015754326312139577, 0.007718687102479693]","[0.10212540626525879, 0.08608492463827133, 0.10212540626525879, 0.10212540626525879, 0.0, 0.0, 0.0, 0.0, 0.0, 0.0, 0.0, 0.10212540626525879, 0.0, 0.10026946663856506, 0.0, 0.10212540626525879, 0.0, 0.09876769781112671, 0.10212540626525879, 0.0, 0.10212540626525879, 0.0, 0.0, 0.0, 0.0, 0.0, 0.0, 0.0, 0.0, 0.0]","[0.0, 0.0, 1.1379306849391622e-22, 0.0, 0.0, 0.0, 1.160206129342901e-22, 2.3342657714335875e-24, 0.0, -1.0283469771384955e-22, 0.0, 0.0, -1.0365741153711223e-22, 0.0, 0.0, 0.0, 1.1784012225153392e-22, 0.0, 0.0, 0.0, 0.0, 0.0, 1.0, 0.0, 1.1349855894762816e-22, 0.0, 0.0, 0.0, 1.1492488900112395e-22, 1.14556882418284e-22]","[0.0, 0.005004527834793467, 0.0, 0.004751118756464071, 0.0011023237199979002, 0.0, 0.0, 0.001122017099953446, 0.0, 0.0020449172203048146, 0.0, 0.007440144736438435, 0.002524630525480088, 9.90435435330194e-05, 0.0, 0.0, 0.006157864968990371, 0.0, 0.017408205935898587, 0.0012434004679935935, 0.0, 0.001034225767863299, 0.9210103100278068, 0.0, 0.0, 0.009608675623858202, 0.00851973464970522, 0.002293304075133658, 0.0, 0.008635555045785285]","[0.10212542116641998, 0.08608493208885193, 0.10212542116641998, 0.10212542116641998, 0.0, 0.0, 0.0, 0.0, 0.0, 0.0, 0.0, 0.10212542116641998, 0.0, 0.10026948153972626, 0.0, 0.10212542116641998, 0.0, 0.0987677127122879, 0.10212542116641998, 0.0, 0.10212542116641998, 0.0, 0.0, 0.0, 0.0, 0.0, 0.0, 0.0, 0.0, 0.0]",0.001099307460726561
14,1.0177272298202842,"[1.0124588893026372, 0.9900792744330452, 1.0157166995123257, 1.005298627131907, 1.0081617145234598, 1.0013477476925854, 0.9946733599465466, 0.9857264206864184, 1.0237559005004724, 0.9968007507133481, 1.0147813621776085, 1.0203692583902217, 1.0219915158446549, 0.9931951085383662, 1.0128435324894418, 0.9702104139877155, 1.0030378176550134, 0.9987552297937362, 0.9915892944566064, 1.0154603617425586, 1.0157201999496408, 1.010327119384329, 0.9851533034570163, 0.9930280731992287, 0.9716954065631257, 1.017029710098001, 1.0226739243063536, 1.0121201803527093, 0.998424567368786, 1.0077186871024797]","[0.9983794961536738, 0.9991648238588199, 0.9947257880570118, 1.001248391585956, 1.0026244284369563, 0.9918116287309113, 0.9945110970280157, 1.0017418391150157, 0.9991095023544221, 1.0140243067597472, 1.0159555436450023, 0.9863257489689634, 0.9941717977006065, 1.0043870103724168, 0.9834492168173469, 1.0108806791308358, 1.0040295124034155, 1.0259073377244825, 1.0095316942487815, 0.9970678816968216, 1.0228693420055035, 1.0259198353273495, 0.979763316476995, 0.9876473028635537, 0.9783668134550688, 1.0180923711869732, 0.9807202888287833, 1.0109375015567388, 1.0114748903074986, 1.0010019587940104]","[-0.0016205038463261712, -0.0008351761411801162, -0.005274211942988161, 0.0012483915859560213, 0.0026244284369563164, -0.008188371269088668, -0.005488902971984344, 0.0017418391150156864, -0.0008904976455779146, 0.014024306759747196, 0.01595554364500229, -0.013674251031036588, -0.0058282022993935145, 0.004387010372416844, -0.016550783182653128, 0.01088067913083579, 0.004029512403415536, 0.025907337724482504, 0.00953169424878153, -0.0029321183031784104, 0.0228693420055035, 0.02591983532734954, -0.020236683523005006, -0.012352697136446267, -0.021633186544931182, 0.018092371186973155, -0.01927971117121674, 0.010937501556738782, 0.011474890307498598, 0.001001958794010438]","[0.10127460956573486, 0.09481480717658997, 0.10127460956573486, 0.0, 0.10127460956573486, 0.0, 0.0, 0.0, 0.0, 0.0, 0.10127460956573486, 0.0, 0.0, 0.10127460956573486, 0.0, 0.0, 0.0, 0.10127460956573486, 0.0, 0.0949883759021759, 0.0, 0.0, 0.0, 0.10127460956573486, 0.0, 0.0, 0.0, 0.0, 0.10127460956573486, 0.0]","[1.1908855085271162e-22, 1.1870333389488067e-22, 0.0, 0.0, 0.0, 2.279273070958335e-22, 0.0, 0.0, 0.0, 1.198561093457221e-22, 0.0, 1.1776778801444526e-22, 0.0, 0.0, 0.0, 0.0, 0.0, 1.182893827402068e-22, 1.1833044243879656e-22, 2.311471887273159e-22, 0.0, 0.0, 1.0, 0.0, 0.0, 1.1800625028764228e-22, 0.0, 0.0, 0.0, 0.0]","[0.0044349076909784395, 0.0, 0.01789746052980072, 0.0, 0.00684451930063583, 0.0, 0.004540606474271943, 0.0, 0.005213727825295488, 0.0, 0.00909959679040896, 0.0013608335163295333, 0.010177935842848942, 0.0, 0.014238817595822276, 0.007241088275266113, 0.0, 0.0, 0.0, 0.012800625875664207, 0.0, 0.0, 0.8801106552335494, 0.0, 0.0, 0.009395570479953212, 0.008773707587818216, 0.0, 0.0013546021275753532, 0.006515344853781523]","[0.10127460956573486, 0.09481480717658997, 0.10127460956573486, 0.0, 0.10127460956573486, 0.0, 0.0, 0.0, 0.0, 0.0, 0.10127460956573486, 0.0, 0.0, 0.10127460956573486, 0.0, 0.0, 0.0, 0.10127460956573486, 0.0, 0.0949883759021759, 0.0, 0.0, 0.0, 0.10127460956573486, 0.0, 0.0, 0.0, 0.0, 0.10127460956573486, 0.0]",0.0034387482175393634
15,1.0179644627930071,"[0.9983794961536738, 0.9991648238588199, 0.9947257880570118, 1.001248391585956, 1.0026244284369563, 0.9918116287309113, 0.9945110970280157, 1.0017418391150157, 0.9991095023544221, 1.0140243067597472, 1.0159555436450023, 0.9863257489689634, 0.9941717977006065, 1.0043870103724168, 0.9834492168173469, 1.0108806791308358, 1.0040295124034155, 1.0259073377244825, 1.0095316942487815, 0.9970678816968216, 1.0228693420055035, 1.0259198353273495, 0.979763316476995, 0.9876473028635537, 0.9783668134550688, 1.0180923711869732, 0.9807202888287833, 1.0109375015567388, 1.0114748903074986, 1.0010019587940104]","[1.0107730670269703, 0.9914867432931103, 0.9861972914578441, 0.9795562442374849, 1.0174220194816745, 0.9979551524053717, 0.998131363400896, 1.0018823253883735, 0.985585055136376, 1.012285902336372, 0.9929571584041886, 1.0081642459534133, 1.0117414456144405, 1.021145707213192, 0.9864460807056137, 1.0020929554825433, 0.9751589937070846, 1.0081884625067468, 1.0111953389238366, 1.0079745978452015, 1.0095782520672194, 1.0091099190985806, 0.98949975961096, 1.005811334460455, 1.012998981727217, 1.0255491307666524, 1.0088336273529384, 0.9944034736436115, 0.9895987049490411, 0.98964012029071]","[0.01077306702697034, -0.008513256706889738, -0.013802708542155928, -0.020443755762515115, 0.017422019481674544, -0.0020448475946283073, -0.0018686365991039677, 0.001882325388373518, -0.014414944863624046, 0.012285902336371946, -0.007042841595811367, 0.008164245953413252, 0.01174144561444046, 0.021145707213191978, -0.013553919294386318, 0.0020929554825432906, -0.024841006292915413, 0.008188462506746763, 0.011195338923836617, 0.007974597845201492, 0.009578252067219406, 0.00910991909858061, -0.010500240389039961, 0.005811334460454898, 0.012998981727216918, 0.02554913076665244, 0.008833627352938356, -0.00559652635638852, -0.01040129505095888, -0.010359879709289976]","[0.0, 0.0, 0.10000000149011612, 0.0, 0.0, 0.0, 0.10000000149011612, 0.10000000149011612, 0.0, 0.0, 0.10000000149011612, 0.10000000149011612, 0.0, 0.10000000149011612, 0.10000000149011612, 0.0, 0.0, 0.10000000149011612, 0.0, 0.0, 0.10000000149011612, 0.0, 0.0, 0.0, 0.0, 0.0, 0.0, 0.0, 0.0, 0.10000000149011612]","[0.0, 0.0, 0.0, 0.0, -3.2390625382127656e-22, 0.0, 0.0, 0.0, 0.0, 0.0, -3.2152955518785476e-22, 0.0, -3.235838338369014e-22, 0.0, 0.0, -1.0476014060750203e-22, -3.237011306588269e-22, -3.2313920136096637e-22, 0.0, -3.238678247765905e-22, 0.0, 0.0, 1.0, 0.0, 0.0, -3.237419525589946e-22, 0.0, -2.138022023080661e-22, 0.0, 0.0]","[0.01177133189588835, 0.0004068630536767544, 0.0, 0.0, 0.0, 0.0, 0.0006236554877160891, 0.0070587421818730225, 0.0, 0.0034158975557422432, 0.006975156660119725, 0.008069339483946225, 0.005681800232892793, 0.002884766934539846, 0.022231126264835654, 0.016399697147008552, 0.0, 0.0, 0.0065791766737020385, 0.0006541326260972199, 0.010685570090810965, 0.006226453957878664, 0.8652581260895632, 0.0, 0.013953836362195734, 0.006900749409408722, 0.004223577892104098, 0.0, 0.0, 0.0]","[0.0, 0.0, 0.10000000149011612, 0.0, 0.0, 0.0, 0.10000000149011612, 0.10000000149011612, 0.0, 0.0, 0.10000000149011612, 0.10000000149011612, 0.0, 0.10000000149011612, 0.10000000149011612, 0.0, 0.0, 0.10000000149011612, 0.0, 0.0, 0.10000000149011612, 0.0, 0.0, 0.0, 0.0, 0.0, 0.0, 0.0, 0.0, 0.10000000149011612]",-0.00023996952475816835
16,1.015686422177294,"[1.0107730670269703, 0.9914867432931103, 0.9861972914578441, 0.9795562442374849, 1.0174220194816745, 0.9979551524053717, 0.998131363400896, 1.0018823253883735, 0.985585055136376, 1.012285902336372, 0.9929571584041886, 1.0081642459534133, 1.0117414456144405, 1.021145707213192, 0.9864460807056137, 1.0020929554825433, 0.9751589937070846, 1.0081884625067468, 1.0111953389238366, 1.0079745978452015, 1.0095782520672194, 1.0091099190985806, 0.98949975961096, 1.005811334460455, 1.012998981727217, 1.0255491307666524, 1.0088336273529384, 0.9944034736436115, 0.9895987049490411, 0.98964012029071]","[0.9787583281565055, 1.0101808185906365, 1.0097807575451112, 0.9969171807502112, 0.990718857726699, 1.01279493071499, 0.9949853638735435, 1.0101608373007194, 1.0243568169210162, 0.9897716856841906, 0.9899252779771474, 1.0136151516405913, 0.9980731663604354, 0.9935517787579408, 1.008899324008315, 1.0101577493499028, 1.000270990673341, 0.9930164573289033, 0.9838259531695013, 1.006205325731424, 0.9874846405028441, 1.017234542611439, 0.996993474401026, 0.9894834973774401, 0.9894566413000125, 0.978142871221473, 1.0076946958411521, 1.009692687923756, 0.9967080709759958, 0.9852333141162618]","[-0.02124167184349446, 0.010180818590636465, 0.009780757545111207, -0.003082819249788815, -0.009281142273301013, 0.012794930714989938, -0.005014636126456473, 0.010160837300719372, 0.02435681692101621, -0.010228314315809395, -0.010074722022852645, 0.01361515164059135, -0.0019268336395645846, -0.006448221242059238, 0.008899324008315057, 0.010157749349902767, 0.00027099067334090954, -0.0069835426710966875, -0.016174046830498723, 0.006205325731424072, -0.012515359497155876, 0.017234542611439085, -0.0030065255989739637, -0.010516502622559876, -0.01054335869998746, -0.02185712877852697, 0.007694695841152122, 0.009692687923755994, -0.0032919290240042143, -0.014766685883738195]","[0.10940638184547424, 0.0, 0.0, 0.0, 0.0, 0.0, 0.0, 0.10940638184547424, 0.0, 0.10940638184547424, 0.0, 0.0, 0.0, 0.0, 0.10940638184547424, 0.0, 0.0, 0.0, 0.0, 0.1005374863743782, 0.0814153179526329, 0.09514958411455154, 0.0, 0.0, 0.10940638184547424, 0.0, 0.0, 0.06645937263965607, 0.0, 0.10940638184547424]","[0.0, 3.396972973755808e-22, 0.0, 0.0, 0.0, 0.0, 0.0, 3.359947329753194e-22, 0.0, 2.274697321241532e-22, 0.0, 0.0, 2.000060878963386e-22, 1.0, 0.0, 0.0, 0.0, 2.2690357319139344e-22, 0.0, 0.0, 2.276915502395999e-22, 2.295944937201443e-22, 0.0, 0.0, 3.355457663250078e-22, 0.0, 0.0, 2.31694982004452e-22, 0.0, 0.0]","[0.011093946656650986, 0.004090064407906765, 0.0, 0.0, 0.009109200506785492, 0.0, 0.010653458566486265, 0.011669761595266599, 0.0, 0.0, 0.0019624736213688103, 0.003016348315602372, 0.0, 0.9121536118518138, 0.002183067555280699, 0.0009254134396142922, 0.0, 0.0, 0.0, 0.01456734796872781, 0.012806009785726031, 0.0, 0.0010922925618145581, 0.0, 0.0, 0.0, 0.0, 0.0, 0.004477459510020439, 0.00019954365693524185]","[0.10940638184547424, 0.0, 0.0, 0.0, 0.0, 0.0, 0.0, 0.10940638184547424, 0.0, 0.10940638184547424, 0.0, 0.0, 0.0, 0.0, 0.10940638184547424, 0.0, 0.0, 0.0, 0.0, 0.1005374863743782, 0.0814153179526329, 0.09514958411455154, 0.0, 0.0, 0.10940638184547424, 0.0, 0.0, 0.06645937263965607, 0.0, 0.10940638184547424]",-0.0025562910845152295
17,1.0141937650908648,"[0.9787583281565055, 1.0101808185906365, 1.0097807575451112, 0.9969171807502112, 0.990718857726699, 1.01279493071499, 0.9949853638735435, 1.0101608373007194, 1.0243568169210162, 0.9897716856841906, 0.9899252779771474, 1.0136151516405913, 0.9980731663604354, 0.9935517787579408, 1.008899324008315, 1.0101577493499028, 1.000270990673341, 0.9930164573289033, 0.9838259531695013, 1.006205325731424, 0.9874846405028441, 1.017234542611439, 0.996993474401026, 0.9894834973774401, 0.9894566413000125, 0.978142871221473, 1.0076946958411521, 1.009692687923756, 0.9967080709759958, 0.9852333141162618]","[0.9796190079878269, 1.019028364176061, 0.9940274163739199, 0.9978366903603428, 0.9839865823454441, 0.9949752609182286, 0.9800260175233246, 0.9942161181518465, 1.0038685696980287, 0.9951440268497412, 1.0069828776051013, 1.0094770399959279, 0.972134379934487, 0.974730384155343, 0.9976071779363385, 1.0177487237317153, 1.0066694393613467, 0.9965775296139494, 0.9606439583113116, 1.0085582130222455, 0.974100095023146, 1.0069635874199596, 1.0087414268032069, 1.0005522807883527, 1.009068268921538, 0.9997205353751643, 1.0149894443412515, 0.9999051920330577, 1.0165351931957582, 0.9837260474146389]","[-0.020380992012173138, 0.019028364176060908, -0.005972583626080108, -0.0021633096396571627, -0.016013417654555884, -0.005024739081771368, -0.019973982476675367, -0.005783881848153483, 0.0038685696980287343, -0.004855973150258763, 0.006982877605101301, 0.00947703999592786, -0.027865620065512964, -0.025269615844657034, -0.002392822063661537, 0.01774872373171532, 0.006669439361346674, -0.003422470386050591, -0.03935604168868845, 0.008558213022245464, -0.025899904976854016, 0.006963587419959616, 0.008741426803206886, 0.000552280788352677, 0.009068268921538003, -0.00027946462483574575, 0.01498944434125149, -9.480796694227855e-05, 0.016535193195758247, -0.01627395258536113]","[0.10598673671483994, 0.09496106207370758, 0.0, 0.0, 0.10193338990211487, 0.0, 0.0, 0.062389541417360306, 0.11519404500722885, 0.08371654897928238, 0.0, 0.0, 0.0, 0.0, 0.0, 0.11519404500722885, 0.0, 0.0, 0.0, 0.10472765564918518, 0.11519404500722885, 0.0, 0.10070295631885529, 0.0, 0.0, 0.0, 0.0, 0.0, 0.0, 0.0]","[0.0, 0.0, 0.0, 0.0, 0.0, 4.372294249448239e-24, 1.167624923038543e-22, 0.0, 0.0, 0.0, 1.1608667567171547e-22, 0.0, 1.1614019760999664e-22, 6.330833146638641e-23, 0.0, 0.0, 1.1457835184097634e-22, 0.0, 0.0, 0.0, 5.979734021748772e-24, 1.0, -1.0139787970531504e-22, 0.0, 0.0, 0.0, 0.0, 1.949945877874363e-24, 0.0, 0.0]","[0.0, 0.0, 0.0, 0.002374591373679894, 0.009100521907910084, 0.01292130849459696, 0.0, 0.0, 0.011392011528543992, 0.0, 0.002136068896990065, 0.004045640319533227, 0.0, 0.00018146667433907175, 0.0002899785545107012, 0.008930632774227497, 0.0, 0.0, 0.0, 0.0, 0.0, 0.9330386401977399, 0.0, 0.0, 0.0, 0.0, 0.014232784443153686, 0.0, 0.001356354834775115, 0.0]","[0.10598672181367874, 0.09496104717254639, 0.0, 0.0, 0.10193337500095367, 0.0, 0.0, 0.06238953396677971, 0.11519403010606766, 0.08371654152870178, 0.0, 0.0, 0.0, 0.0, 0.0, 0.11519403010606766, 0.0, 0.0, 0.0, 0.10472764074802399, 0.11519403010606766, 0.0, 0.10070294141769409, 0.0, 0.0, 0.0, 0.0, 0.0, 0.0, 0.0]",-0.0017352917063610891
18,1.018424657389284,"[0.9796190079878269, 1.019028364176061, 0.9940274163739199, 0.9978366903603428, 0.9839865823454441, 0.9949752609182286, 0.9800260175233246, 0.9942161181518465, 1.0038685696980287, 0.9951440268497412, 1.0069828776051013, 1.0094770399959279, 0.972134379934487, 0.974730384155343, 0.9976071779363385, 1.0177487237317153, 1.0066694393613467, 0.9965775296139494, 0.9606439583113116, 1.0085582130222455, 0.974100095023146, 1.0069635874199596, 1.0087414268032069, 1.0005522807883527, 1.009068268921538, 0.9997205353751643, 1.0149894443412515, 0.9999051920330577, 1.0165351931957582, 0.9837260474146389]","[1.0162084903021689, 0.9893946587749509, 0.9870344716803542, 0.999467744501766, 1.0102995004639201, 1.0013196537372573, 1.0098026274187644, 1.0226630463201183, 1.0186505957768517, 1.012620553291144, 1.0044061868438827, 1.0042663892361334, 1.010415584717404, 1.005795817542786, 0.9902394662407366, 0.9983827493695109, 1.0268603861149173, 1.000527930169451, 1.0295917586124863, 0.987767782514581, 0.9894888173679133, 0.9784988938126533, 1.0128708644829618, 1.0000065331170334, 0.9887687363243526, 1.008299254463628, 0.9954773125356678, 1.0275401143134608, 0.9820047861146347, 0.9956916526490113]","[0.016208490302168865, -0.01060534122504908, -0.012965528319645814, -0.0005322554982339911, 0.010299500463920142, 0.001319653737257287, 0.009802627418764365, 0.022663046320118285, 0.018650595776851686, 0.012620553291144088, 0.00440618684388272, 0.004266389236133428, 0.010415584717403892, 0.005795817542785908, -0.009760533759263446, -0.0016172506304891199, 0.026860386114917256, 0.000527930169450963, 0.029591758612486307, -0.012232217485419028, -0.010511182632086724, -0.021501106187346686, 0.012870864482961819, 6.533117033358238e-06, -0.011231263675647418, 0.008299254463628003, -0.0045226874643321535, 0.027540114313460817, -0.01799521388536529, -0.004308347350988728]","[0.0, 0.10617826879024506, 0.0, 0.0, 0.0, 0.0642857477068901, 0.0, 0.10617826879024506, 0.0, 0.0, 0.10465507209300995, 0.10617826879024506, 0.0, 0.10617826879024506, 0.0, 0.10617826879024506, 0.10617826879024506, 0.0, 0.0, 0.0, 0.08781122416257858, 0.0, 0.0, 0.0, 0.0, 0.0, 0.10617826879024506, 0.0, 0.0, 0.0]","[-1.0390241906319559e-22, 0.0, 0.0, 0.0, -2.139306875349659e-22, 0.0, -1.0412689009937761e-22, -3.229033010799594e-22, 0.0, 0.0, 0.0, -3.2317013082828602e-22, -1.0480710779266964e-22, 0.0, 0.0, 0.0, 0.0, 0.0, 0.0, -2.1656433604092955e-22, 0.0, 1.0, 0.0, -1.0263965188584853e-22, 0.0, 0.0, 0.0, 0.0, 0.0, -3.239843696661619e-22]","[0.0, 0.0, 0.004592548399057972, 0.0, 0.0, 0.0, 0.006105271496999819, 0.0, 0.006351514473451545, 0.008217266382550385, 0.006206990245882957, 0.0, 0.0, 0.005228074348120363, 0.007509906189840892, 0.0028989581155193325, 0.008186371801337923, 0.010955938982883355, 0.016608837311493152, 0.0046442901844143195, 0.010690425193081955, 0.8763370998202564, 0.0034340741209707105, 0.0, 0.0, 0.006732699571830696, 0.0, 0.01005752199039408, 0.0, 0.005242211371914085]","[0.0, 0.10617827624082565, 0.0, 0.0, 0.0, 0.0642857551574707, 0.0, 0.10617827624082565, 0.0, 0.0, 0.10465507954359055, 0.10617827624082565, 0.0, 0.10617827624082565, 0.0, 0.10617827624082565, 0.10617827624082565, 0.0, 0.0, 0.0, 0.08781123161315918, 0.0, 0.0, 0.0, 0.0, 0.0, 0.10617827624082565, 0.0, 0.0, 0.0]",0.0036923855403359273
19,1.0137982816567774,"[1.0162084903021689, 0.9893946587749509, 0.9870344716803542, 0.999467744501766, 1.0102995004639201, 1.0013196537372573, 1.0098026274187644, 1.0226630463201183, 1.0186505957768517, 1.012620553291144, 1.0044061868438827, 1.0042663892361334, 1.010415584717404, 1.005795817542786, 0.9902394662407366, 0.9983827493695109, 1.0268603861149173, 1.000527930169451, 1.0295917586124863, 0.987767782514581, 0.9894888173679133, 0.9784988938126533, 1.0128708644829618, 1.0000065331170334, 0.9887687363243526, 1.008299254463628, 0.9954773125356678, 1.0275401143134608, 0.9820047861146347, 0.9956916526490113]","[1.0136798278161856, 0.9665570634232225, 0.9931501856394626, 0.9931999725583477, 1.0133674381398428, 1.0079042014158144, 1.0089176793714458, 1.011437654045568, 0.9927502319021639, 1.0010820129127271, 1.0110080853629992, 0.9900426407952903, 0.9918429795133721, 0.9965249340830149, 1.0068981088663564, 1.0082609925112327, 1.0014233091224285, 1.0009169272378204, 0.9895239522059063, 1.0015152109661667, 0.9839177626155253, 0.998543612864475, 0.9918185077779602, 0.9955102576887325, 0.9995188709371896, 1.0008155065641668, 0.9793109724545448, 1.0053475547047375, 1.0152255197378819, 0.9940719898203149]","[0.013679827816185597, -0.03344293657677755, -0.006849814360537443, -0.006800027441652312, 0.013367438139842758, 0.007904201415814383, 0.00891767937144583, 0.011437654045568069, -0.007249768097836062, 0.0010820129127271372, 0.011008085362999243, -0.009957359204709748, -0.00815702048662792, -0.0034750659169850984, 0.006898108866356445, 0.00826099251123269, 0.0014233091224284955, 0.0009169272378204418, -0.010476047794093724, 0.0015152109661666913, -0.016082237384474674, -0.0014563871355249836, -0.008181492222039788, -0.0044897423112675305, -0.0004811290628103926, 0.0008155065641668457, -0.020689027545455208, 0.005347554704737467, 0.015225519737881887, -0.005928010179685139]","[0.10000000149011612, 0.10000000149011612, 0.0, 0.0, 0.0, 0.0, 0.10000000149011612, 0.0, 0.10000000149011612, 0.0, 0.0, 0.10000000149011612, 0.10000000149011612, 0.0, 0.10000000149011612, 0.0, 0.10000000149011612, 0.0, 0.0, 0.0, 0.10000000149011612, 0.10000000149011612, 0.0, 0.0, 0.0, 0.0, 0.0, 0.0, 0.0, 0.0]","[0.0, 0.0, 0.0, 0.0, 0.0, 7.162001894185526e-24, 8.296962030818182e-24, 0.0, 1.0, 0.0, 0.0, 0.0, 0.0, -1.0195699453543657e-22, 5.8752851709268984e-24, 7.64966358938269e-24, 3.3040080941829928e-24, -1.0353216995218034e-22, 0.0, -1.0514459051211776e-22, 0.0, 0.0, 0.0, 0.0, 8.632158606711018e-24, 0.0, 0.0, 0.0, 0.0, 0.0]","[0.009322218163977526, 0.0002297473354595272, 0.0, 0.0, 0.0, 0.0, 0.014877498867346812, 0.021988367137260843, 0.8805729164430851, 0.0, 0.010121414412272508, 0.0, 0.0018355701101204825, 0.010025316645855908, 0.005845386198343474, 0.000246301385355099, 0.004276294156094727, 0.0003595639397473415, 0.0, 0.0, 0.0, 0.009530183643776642, 0.0, 0.007048557778841803, 0.0, 0.017075632606215488, 0.0011853179685843028, 0.00545971320766224, 0.0, 0.0]","[0.10000000149011612, 0.10000000149011612, 0.0, 0.0, 0.0, 0.0, 0.10000000149011612, 0.0, 0.10000000149011612, 0.0, 0.0, 0.10000000149011612, 0.10000000149011612, 0.0, 0.10000000149011612, 0.0, 0.10000000149011612, 0.0, 0.0, 0.0, 0.10000000149011612, 0.10000000149011612, 0.0, 0.0, 0.0, 0.0, 0.0, 0.0, 0.0, 0.0]",-0.004930993175669826
20,1.0150319386500586,"[1.0136798278161856, 0.9665570634232225, 0.9931501856394626, 0.9931999725583477, 1.0133674381398428, 1.0079042014158144, 1.0089176793714458, 1.011437654045568, 0.9927502319021639, 1.0010820129127271, 1.0110080853629992, 0.9900426407952903, 0.9918429795133721, 0.9965249340830149, 1.0068981088663564, 1.0082609925112327, 1.0014233091224285, 1.0009169272378204, 0.9895239522059063, 1.0015152109661667, 0.9839177626155253, 0.998543612864475, 0.9918185077779602, 0.9955102576887325, 0.9995188709371896, 1.0008155065641668, 0.9793109724545448, 1.0053475547047375, 1.0152255197378819, 0.9940719898203149]","[1.0270684380651194, 1.000543072786235, 0.9963125343184334, 1.0236395562305256, 1.0204224274349198, 0.9877292386180143, 1.0061015246098224, 1.0076156725680212, 1.0169665530932277, 0.9815878272788038, 0.9856571820379695, 1.0324470336975673, 0.9955396693363878, 1.0148182394653915, 1.0121938441803695, 0.9943825064437546, 0.9912287908615666, 1.0018299233921624, 1.023943339560218, 1.0033367484549547, 0.9922465581478283, 1.0038814322158287, 0.9992910368527129, 1.010976204860317, 1.0001057540600489, 0.9933005975748407, 1.0042928337117638, 1.0002335970433542, 0.9945708970432059, 1.0370076769896508]","[0.027068438065119382, 0.0005430727862349993, -0.0036874656815666373, 0.023639556230525605, 0.020422427434919843, -0.012270761381985684, 0.006101524609822384, 0.007615672568021203, 0.0169665530932277, -0.01841217272119622, -0.014342817962030519, 0.032447033697567296, -0.0044603306636121776, 0.014818239465391514, 0.012193844180369506, -0.005617493556245412, -0.008771209138433433, 0.0018299233921623692, 0.02394333956021799, 0.0033367484549546855, -0.00775344185217175, 0.0038814322158287062, -0.0007089631472870783, 0.01097620486031703, 0.00010575406004886823, -0.006699402425159318, 0.0042928337117638105, 0.00023359704335423892, -0.005429102956794107, 0.037007676989650795]","[0.0, 0.0, 0.1147550418972969, 0.08017513900995255, 0.0, 0.0, 0.0, 0.0, 0.1033322811126709, 0.0, 0.0, 0.0, 0.10488438606262207, 0.0, 0.09526940435171127, 0.0, 0.08856908231973648, 0.0, 0.0, 0.0, 0.09479472786188126, 0.0, 0.0, 0.0, 0.0, 0.08870986849069595, 0.0, 0.1147550418972969, 0.1147550418972969, 0.0]","[-3.266430221600596e-22, 0.0, 0.0, 0.0, 0.0, 0.0, 0.0, 0.0, 1.0, -3.265685223765266e-22, 0.0, 0.0, 0.0, -4.932460760578874e-23, 0.0, 0.0, 0.0, 0.0, 0.0, 0.0, 0.0, -2.996622085230806e-22, -3.0105486109996743e-22, -3.265187892324026e-22, -3.2710882206054573e-22, -3.2499794542721456e-22, 0.0, 4.491593899848969e-24, 0.0, 0.0]","[0.006336861863572526, 0.007716979689436428, 3.4584234755765066e-05, 0.0, 0.0, 0.007707322052748215, 0.0, 0.0022193335151124323, 0.9185440071827818, 0.00900138968247717, 0.0, 0.0, 0.0, 0.0, 0.0, 0.0, 0.0, 0.0, 0.0022688887159278246, 0.0, 0.0034682401077039873, 0.0, 0.0, 0.0, 0.0, 0.017067410516760195, 0.01652935149366415, 0.005796856201357343, 0.0033087747437027097, 0.0]","[0.0, 0.0, 0.1147550418972969, 0.08017513900995255, 0.0, 0.0, 0.0, 0.0, 0.1033322811126709, 0.0, 0.0, 0.0, 0.10488438606262207, 0.0, 0.09526940435171127, 0.0, 0.08856908231973648, 0.0, 0.0, 0.0, 0.09479472786188126, 0.0, 0.0, 0.0, 0.0, 0.08870986849069595, 0.0, 0.1147550418972969, 0.1147550418972969, 0.0]",0.0008104424547770532
21,1.0144727231131938,"[1.0270684380651194, 1.000543072786235, 0.9963125343184334, 1.0236395562305256, 1.0204224274349198, 0.9877292386180143, 1.0061015246098224, 1.0076156725680212, 1.0169665530932277, 0.9815878272788038, 0.9856571820379695, 1.0324470336975673, 0.9955396693363878, 1.0148182394653915, 1.0121938441803695, 0.9943825064437546, 0.9912287908615666, 1.0018299233921624, 1.023943339560218, 1.0033367484549547, 0.9922465581478283, 1.0038814322158287, 0.9992910368527129, 1.010976204860317, 1.0001057540600489, 0.9933005975748407, 1.0042928337117638, 1.0002335970433542, 0.9945708970432059, 1.0370076769896508]","[0.9982376953979587, 1.0102773375478378, 1.0049933440889534, 1.0112695950017803, 0.9847786480776318, 0.9989149438640711, 1.0167577259809522, 1.0033437833924375, 0.9957079294716303, 0.9968213784127659, 1.0035981892307015, 1.0051079208567582, 1.004505074550152, 1.028569107852505, 0.9892019066742848, 0.9963353304640462, 0.9925049948869027, 1.0081034905380526, 1.0079621747472063, 1.0065677105462874, 1.0012978103994221, 1.0074404091907017, 0.9838902647124046, 1.0017200711748375, 1.0064380535579722, 1.0069627132009338, 0.9949420558116366, 0.9872293236096332, 1.0201362265513918, 1.0041036876513345]","[-0.001762304602041298, 0.010277337547837773, 0.004993344088953355, 0.011269595001780264, -0.015221351922368176, -0.001085056135928908, 0.016757725980952154, 0.0033437833924374605, -0.0042920705283696625, -0.003178621587234143, 0.003598189230701543, 0.0051079208567581524, 0.004505074550152033, 0.028569107852504994, -0.010798093325715241, -0.0036646695359537906, -0.007495005113097308, 0.008103490538052593, 0.007962174747206285, 0.006567710546287353, 0.0012978103994221168, 0.007440409190701658, -0.016109735287595406, 0.001720071174837523, 0.006438053557972223, 0.006962713200933779, -0.005057944188363361, -0.012770676390366775, 0.0201362265513918, 0.004103687651334509]","[0.05330788716673851, 0.0, 0.0, 0.0, 0.0, 0.0, 0.0, 0.0, 0.0, 0.10448324680328369, 0.10594835132360458, 0.10145338624715805, 0.0, 0.0, 0.0, 0.0, 0.12011586874723434, 0.0, 0.0, 0.12011586874723434, 0.12011586874723434, 0.0, 0.0, 0.07058056443929672, 0.0, 0.0, 0.0, 0.12011586874723434, 0.0, 0.08376315236091614]","[0.0, 0.0, 0.0, 0.0, 1.171290921905444e-22, 0.0, 0.0, 0.0, 1.0, 1.169452652434331e-22, 5.493913663489865e-24, 0.0, 2.26606215746304e-22, 1.1619201673346566e-22, 0.0, 2.268959608130806e-22, 0.0, 0.0, 0.0, 0.0, 0.0, 3.2678022653712235e-23, 1.1484397860107446e-22, 0.0, 0.0, 0.0, 0.0, 5.949807692759209e-23, 0.0, 0.0]","[0.008508242254320446, 0.0, 0.0, 0.0, 0.007957949651595044, 0.0, 0.0, 0.0, 0.8950277293181192, 0.007284314049806973, 0.0, 0.0, 0.015374465866521112, 0.0, 0.006659763983780766, 0.005748960830495931, 0.0, 0.0025405347997852373, 0.002947095693505631, 0.012521592147227437, 0.0, 0.0215408307164131, 0.0, 0.0, 0.0, 0.0, 0.013888520688429004, 0.0, 0.0, 0.0]","[0.05330787971615791, 0.0, 0.0, 0.0, 0.0, 0.0, 0.0, 0.0, 0.0, 0.1044832319021225, 0.10594833642244339, 0.10145337134599686, 0.0, 0.0, 0.0, 0.0, 0.12011585384607315, 0.0, 0.0, 0.12011585384607315, 0.12011585384607315, 0.0, 0.0, 0.07058055698871613, 0.0, 0.0, 0.0, 0.12011585384607315, 0.0, 0.08376314491033554]",-0.0009896326772270468
22,1.0106839614264096,"[0.9982376953979587, 1.0102773375478378, 1.0049933440889534, 1.0112695950017803, 0.9847786480776318, 0.9989149438640711, 1.0167577259809522, 1.0033437833924375, 0.9957079294716303, 0.9968213784127659, 1.0035981892307015, 1.0051079208567582, 1.004505074550152, 1.028569107852505, 0.9892019066742848, 0.9963353304640462, 0.9925049948869027, 1.0081034905380526, 1.0079621747472063, 1.0065677105462874, 1.0012978103994221, 1.0074404091907017, 0.9838902647124046, 1.0017200711748375, 1.0064380535579722, 1.0069627132009338, 0.9949420558116366, 0.9872293236096332, 1.0201362265513918, 1.0041036876513345]","[0.9837826972902434, 1.0259933252045716, 1.0003466240101426, 1.0094248353367357, 0.9911820167409031, 1.010234010614088, 1.0172227959198714, 0.9945045576640554, 0.994732296048267, 0.9858077961219456, 0.9942789341927039, 1.0028431088193062, 0.9904331900202972, 0.978691509457672, 1.007402745882337, 0.9824411215795291, 1.0028892929489082, 1.006045243543153, 1.0265978227725214, 1.00117185766675, 0.9846547015352489, 0.9960172992683322, 0.9879233291029346, 1.005909096102847, 1.0038512065102523, 0.9981270692892974, 1.010774419151187, 1.0012669444360391, 1.0291093743348778, 1.0062696048586366]","[-0.01621730270975663, 0.02599332520457165, 0.00034662401014262656, 0.00942483533673566, -0.008817983259096884, 0.010234010614087907, 0.017222795919871414, -0.005495442335944567, -0.005267703951733038, -0.014192203878054421, -0.005721065807296144, 0.0028431088193061615, -0.009566809979702828, -0.021308490542327974, 0.007402745882336914, -0.01755887842047088, 0.002889292948908162, 0.006045243543153056, 0.02659782277252143, 0.001171857666750098, -0.015345298464751078, -0.003982700731667843, -0.012076670897065434, 0.005909096102846956, 0.0038512065102522808, -0.0018729307107026028, 0.010774419151186931, 0.0012669444360391413, 0.029109374334877813, 0.0062696048586365904]","[0.10804154723882675, 0.0, 0.0, 0.0, 0.0, 0.0, 0.10804154723882675, 0.0, 0.0, 0.10804154723882675, 0.0, 0.0, 0.10804154723882675, 0.08765537291765213, 0.0, 0.0, 0.0, 0.0, 0.0, 0.0, 0.07617346197366714, 0.0, 0.0, 0.10804154723882675, 0.07988028973340988, 0.0, 0.0, 0.10804154723882675, 0.0, 0.10804154723882675]","[0.0, 0.0, 0.0, 0.0, 0.0, 0.0, -1.0316202277986664e-22, 0.0, 1.0, -1.0267761666124003e-22, 0.0, -5.254066069191989e-23, 0.0, 9.817457038075488e-23, 0.0, 0.0, 0.0, 0.0, 0.0, 0.0, -1.0364505158433059e-22, 0.0, 6.057585367119283e-23, -1.0321782112728273e-22, -1.0334577265896528e-22, -1.0092740940622488e-22, 0.0, 0.0, 0.0, 0.0]","[0.0, 0.007833092886809806, 0.004071662196512728, 0.0, 0.004978287152100322, 0.0004403789059654573, 0.0, 0.0, 0.9261651871053191, 0.0, 0.010385433143734205, 0.002900792700100639, 0.0, 0.013142439064832898, 0.0, 0.005931992581122346, 0.011751170454320678, 0.0, 0.0, 0.0002721299060450431, 0.0, 0.0038932085217886947, 0.0, 0.0, 0.0, 0.0, 0.006943538215474647, 0.001290687165873328, 0.0, 0.0]","[0.10804155468940735, 0.0, 0.0, 0.0, 0.0, 0.0, 0.10804155468940735, 0.0, 0.0, 0.10804155468940735, 0.0, 0.0, 0.10804155468940735, 0.08765538036823273, 0.0, 0.0, 0.0, 0.0, 0.0, 0.0, 0.07617346942424774, 0.0, 0.0, 0.10804155468940735, 0.07988029718399048, 0.0, 0.0, 0.10804155468940735, 0.0, 0.10804155468940735]",-0.004264097954971916
23,1.008091946602566,"[0.9837826972902434, 1.0259933252045716, 1.0003466240101426, 1.0094248353367357, 0.9911820167409031, 1.010234010614088, 1.0172227959198714, 0.9945045576640554, 0.994732296048267, 0.9858077961219456, 0.9942789341927039, 1.0028431088193062, 0.9904331900202972, 0.978691509457672, 1.007402745882337, 0.9824411215795291, 1.0028892929489082, 1.006045243543153, 1.0265978227725214, 1.00117185766675, 0.9846547015352489, 0.9960172992683322, 0.9879233291029346, 1.005909096102847, 1.0038512065102523, 0.9981270692892974, 1.010774419151187, 1.0012669444360391, 1.0291093743348778, 1.0062696048586366]","[1.0101301388404758, 1.002181682643969, 0.9685478508072739, 0.9900105814864218, 0.9804757017235358, 1.0215823419465726, 1.0024974125064197, 0.9906477901876717, 0.9875377722745993, 1.0011086277359864, 0.9889195602729979, 0.9877674431938879, 1.0000987080233803, 1.0153990226694616, 0.9785600527916598, 1.0143575538266942, 1.0023803092339283, 0.9939952881444566, 1.0139224035753598, 0.9967742159206618, 0.9806926555113877, 0.9776173263286414, 0.9984930144008335, 0.9704320332305518, 0.9974158456280754, 1.010450692427259, 1.0056442773069116, 1.006808084649426, 1.0184135804554395, 1.004675061242608]","[0.010130138840475755, 0.0021816826439688963, -0.0314521491927261, -0.009989418513578152, -0.01952429827646418, 0.021582341946572603, 0.0024974125064196606, -0.009352209812328316, -0.012462227725400732, 0.0011086277359864116, -0.011080439727002123, -0.012232556806112127, 9.87080233803006e-05, 0.015399022669461582, -0.021439947208340193, 0.014357553826694236, 0.0023803092339282905, -0.00600471185554341, 0.013922403575359787, -0.0032257840793381565, -0.019307344488612266, -0.0223826736713586, -0.0015069855991665104, -0.029567966769448173, -0.0025841543719246074, 0.010450692427258934, 0.005644277306911638, 0.0068080846494260605, 0.018413580455439504, 0.004675061242608081]","[0.0, 0.0, 0.0, 0.11095727235078812, 0.0, 0.08925603330135345, 0.0, 0.11095727235078812, 0.0, 0.11095727235078812, 0.0, 0.0, 0.0, 0.11095727235078812, 0.10546901822090149, 0.0, 0.0, 0.0, 0.0, 0.0, 0.1049400195479393, 0.0, 0.11095727235078812, 0.0, 0.06604670733213425, 0.0, 0.0795019119977951, 0.0, 0.0, 0.0]","[0.0, 0.0, 0.0, 0.0, 1.1667358472777051e-22, 1.1594696258138872e-22, 2.280611674915191e-22, 0.0, 1.0, 0.0, 2.2778551918114805e-22, 0.0, 0.0, 6.089488160914232e-23, 0.0, 0.0, 0.0, 0.0, 1.440764827708824e-22, 0.0, 0.0, 6.050268494560744e-23, 0.0, 5.8071235519666395e-24, 0.0, 7.25197260516907e-24, 0.0, 0.0, 0.0, 0.0]","[0.0, 0.0013125492775339575, 0.004389634732431131, 0.012281603862511953, 0.003803598202376033, 0.01007477486013557, 0.0, 0.0017945031925012498, 0.9255387050932522, 0.0, 0.0, 0.0, 0.003004158038222231, 0.0, 0.0, 0.0, 0.011634886710982395, 0.003674053969216586, 0.0, 0.0, 0.003073670428917044, 0.0005074351072210755, 0.0, 0.009699161900474644, 0.0, 0.004613142915321887, 0.0, 0.0, 0.00459812170890188, 0.0]","[0.0, 0.0, 0.0, 0.11095727235078812, 0.0, 0.08925603330135345, 0.0, 0.11095727235078812, 0.0, 0.11095727235078812, 0.0, 0.0, 0.0, 0.11095727235078812, 0.10546901822090149, 0.0, 0.0, 0.0, 0.0, 0.0, 0.1049400195479393, 0.0, 0.11095727235078812, 0.0, 0.06604670733213425, 0.0, 0.0795019119977951, 0.0, 0.0, 0.0]",-0.00296979475216298
24,1.0099865271490265,"[1.0101301388404758, 1.002181682643969, 0.9685478508072739, 0.9900105814864218, 0.9804757017235358, 1.0215823419465726, 1.0024974125064197, 0.9906477901876717, 0.9875377722745993, 1.0011086277359864, 0.9889195602729979, 0.9877674431938879, 1.0000987080233803, 1.0153990226694616, 0.9785600527916598, 1.0143575538266942, 1.0023803092339283, 0.9939952881444566, 1.0139224035753598, 0.9967742159206618, 0.9806926555113877, 0.9776173263286414, 0.9984930144008335, 0.9704320332305518, 0.9974158456280754, 1.010450692427259, 1.0056442773069116, 1.006808084649426, 1.0184135804554395, 1.004675061242608]","[0.9900842960281959, 1.0141251257158121, 1.0032322128066584, 1.0054245092065912, 0.9879882662011209, 1.0128979948024714, 1.007071827864399, 0.9999867458134283, 1.0306766877910378, 1.0084051023286535, 1.0130425990100276, 0.9836559840566407, 0.9980279864266339, 0.9858392924399387, 1.003820849430525, 0.9897251398770472, 0.9942140689681996, 0.989061796787313, 1.0012029868849597, 0.9954588824947547, 0.9963687112187877, 0.9960964547716592, 1.0041435362550155, 1.003459632611311, 1.0059026796080501, 1.010148980420197, 1.0020185503245231, 0.9961771201473633, 0.9993037719372742, 0.9930357940432504]","[-0.00991570397180408, 0.014125125715812148, 0.003232212806658419, 0.00542450920659121, -0.012011733798879098, 0.012897994802471446, 0.007071827864399083, -1.3254186571720616e-05, 0.030676687791037827, 0.008405102328653546, 0.013042599010027578, -0.016344015943359325, -0.0019720135733660715, -0.01416070756006127, 0.003820849430524964, -0.010274860122952756, -0.005785931031800362, -0.010938203212687014, 0.001202986884959678, -0.004541117505245329, -0.0036312887812123273, -0.003903545228340799, 0.004143536255015512, 0.003459632611310992, 0.005902679608050132, 0.010148980420197073, 0.0020185503245231384, -0.0038228798526367402, -0.0006962280627258455, -0.006964205956749625]","[0.0, 0.0, 0.10198778659105301, 0.0, 0.0, 0.0, 0.0, 0.10198778659105301, 0.10198778659105301, 0.0, 0.0, 0.0943586602807045, 0.0, 0.0, 0.08973909914493561, 0.10198778659105301, 0.0, 0.0, 0.0, 0.0, 0.0, 0.10198778659105301, 0.10198778659105301, 0.0, 0.0, 0.10198778659105301, 0.0, 0.10198778659105301, 0.0, 0.0]","[0.0, 0.0, 3.523077398105837e-22, 0.0, 0.0, 2.3875288290465997e-22, 0.0, 0.0, 0.0, 0.0, 0.0, 0.0, 2.3301550898255216e-22, 0.0, 0.0, 3.525299261052875e-22, 0.0, 0.0, 1.0, 0.0, 3.48131459503275e-22, 0.0, 2.4001690094423177e-22, 0.0, 5.71029416500014e-22, 0.0, 0.0, 2.9286695804467155e-22, 3.500884644074336e-22, 0.0]","[0.0021124709606260062, 0.0007043576927329173, 0.005055247881977984, 0.002817238049380113, 0.007415632548948476, 0.012508639802992182, 0.002428975253832409, 0.0, 0.007397561473202067, 0.008834339295483657, 0.00546916994557037, 0.0, 0.0, 0.0, 0.004401498866756611, 0.0, 0.017994595736924156, 0.0, 0.8864427159810951, 0.0, 0.0, 0.005598029775026608, 0.0, 0.007263689027898297, 0.002568043491234821, 0.0005534685680562117, 0.0, 0.010110858589651292, 0.010323467058610631, 0.0]","[0.0, 0.0, 0.10198777168989182, 0.0, 0.0, 0.0, 0.0, 0.10198777168989182, 0.10198777168989182, 0.0, 0.0, 0.0943586453795433, 0.0, 0.0, 0.08973909169435501, 0.10198777168989182, 0.0, 0.0, 0.0, 0.0, 0.0, 0.10198777168989182, 0.10198777168989182, 0.0, 0.0, 0.10198777168989182, 0.0, 0.10198777168989182, 0.0, 0.0]",0.0014356537557319129
25,1.0161015544153356,"[0.9900842960281959, 1.0141251257158121, 1.0032322128066584, 1.0054245092065912, 0.9879882662011209, 1.0128979948024714, 1.007071827864399, 0.9999867458134283, 1.0306766877910378, 1.0084051023286535, 1.0130425990100276, 0.9836559840566407, 0.9980279864266339, 0.9858392924399387, 1.003820849430525, 0.9897251398770472, 0.9942140689681996, 0.989061796787313, 1.0012029868849597, 0.9954588824947547, 0.9963687112187877, 0.9960964547716592, 1.0041435362550155, 1.003459632611311, 1.0059026796080501, 1.010148980420197, 1.0020185503245231, 0.9961771201473633, 0.9993037719372742, 0.9930357940432504]","[1.019715934043485, 0.99177903623922, 0.9907784456246348, 0.9810155228516587, 0.999899274144649, 1.012126958947387, 0.9871876691277699, 0.9865991617955885, 1.0156089045026901, 0.9887921553855612, 0.9953036325854745, 0.9734557833641609, 1.0314537438509908, 0.9936607855811651, 0.99951094352616, 1.0037075011973413, 0.9884840778638437, 1.008208572930967, 1.0031697137365982, 0.9903398978322352, 0.978744509833805, 1.0001406185130912, 1.0055812912242394, 0.9879938353869843, 1.0137634730250584, 1.0119349774291126, 1.0024543398518413, 1.0222893374985562, 1.0189226734284165, 1.0193369722873749]","[0.01971593404348493, -0.008220963760779965, -0.009221554375365204, -0.018984477148341283, -0.00010072585535103595, 0.012126958947386912, -0.012812330872230104, -0.013400838204411514, 0.015608904502690146, -0.0112078446144388, -0.004696367414525504, -0.026544216635839057, 0.031453743850990756, -0.006339214418834893, -0.0004890564738400105, 0.003707501197341312, -0.011515922136156265, 0.008208572930967106, 0.0031697137365982453, -0.009660102167764806, -0.02125549016619499, 0.00014061851309121742, 0.005581291224239449, -0.012006164613015735, 0.013763473025058426, 0.011934977429112648, 0.0024543398518412918, 0.022289337498556216, 0.01892267342841647, 0.019336972287374854]","[0.10729596018791199, 0.0, 0.10729596018791199, 0.059482134878635406, 0.0, 0.0, 0.0, 0.0, 0.1000094786286354, 0.0, 0.08943673968315125, 0.0, 0.0, 0.10729596018791199, 0.0, 0.0, 0.0, 0.0, 0.0, 0.0, 0.0, 0.10729596018791199, 0.0, 0.0, 0.10729596018791199, 0.0, 0.0, 0.0, 0.10729596018791199, 0.10729596018791199]","[0.0, 2.2666071401088896e-22, 0.0, 0.0, 0.0, 1.7295264605448718e-22, 0.0, 2.2739169208078904e-22, 1.0, 0.0, 2.2825300441208397e-22, 0.0, 0.0, 0.0, 0.0, 0.0, 0.0, 0.0, 0.0, 0.0, 0.0, 0.0, 2.2674542445252656e-22, 2.2832155016316424e-22, 0.0, 0.0, 2.2705474365744837e-22, 0.0, 4.513409929133543e-22, 2.2691448245978536e-22]","[0.004065422664822916, 0.0, 0.0007018820135943601, 0.0, 0.0, 0.0, 0.0, 0.004440907036403892, 0.9188599700581948, 0.012666149363028414, 0.0, 0.0, 0.01208239867541998, 0.017490413173641854, 0.004285571880106801, 0.009619382830214868, 0.0, 0.0, 0.0007838824559217218, 0.0, 0.001889049876800734, 0.0, 0.0, 0.0083038868895489, 0.0, 0.0029899931714669143, 0.0003810043906485067, 0.0009950066900784118, 0.0004450788301067498, 0.0]","[0.1072959452867508, 0.0, 0.1072959452867508, 0.05948212742805481, 0.0, 0.0, 0.0, 0.0, 0.10000946372747421, 0.0, 0.08943673223257065, 0.0, 0.0, 0.1072959452867508, 0.0, 0.0, 0.0, 0.0, 0.0, 0.0, 0.0, 0.1072959452867508, 0.0, 0.0, 0.1072959452867508, 0.0, 0.0, 0.0, 0.1072959452867508, 0.1072959452867508]",0.005653072113364555
26,1.017050289925179,"[1.019715934043485, 0.99177903623922, 0.9907784456246348, 0.9810155228516587, 0.999899274144649, 1.012126958947387, 0.9871876691277699, 0.9865991617955885, 1.0156089045026901, 0.9887921553855612, 0.9953036325854745, 0.9734557833641609, 1.0314537438509908, 0.9936607855811651, 0.99951094352616, 1.0037075011973413, 0.9884840778638437, 1.008208572930967, 1.0031697137365982, 0.9903398978322352, 0.978744509833805, 1.0001406185130912, 1.0055812912242394, 0.9879938353869843, 1.0137634730250584, 1.0119349774291126, 1.0024543398518413, 1.0222893374985562, 1.0189226734284165, 1.0193369722873749]","[0.998971457817656, 0.984482761607313, 0.980535334050328, 1.0206285314870631, 0.983175547809357, 1.0054532989590819, 1.0200946724376183, 0.9933177764385847, 0.9858557945510495, 1.001640421131968, 1.0308181778051837, 0.9846000292393308, 1.0138875560141645, 0.9801848820360733, 0.9962983320320692, 0.9968640766206339, 1.020002272191267, 0.9886732442396695, 0.9901907835273612, 0.9979937837290521, 0.9989643882520101, 0.9729446569751463, 1.0188219230697892, 1.0086553471786395, 1.0002383952121316, 1.009566962881536, 0.9966978665763429, 1.0152042853202357, 0.9988481554296538, 0.999317774237772]","[-0.00102854218234405, -0.015517238392687038, -0.019464665949672, 0.020628531487063118, -0.01682445219064299, 0.005453298959081865, 0.02009467243761831, -0.006682223561415346, -0.014144205448950453, 0.0016404211319680506, 0.0308181778051837, -0.015399970760669235, 0.01388755601416447, -0.019815117963926654, -0.0037016679679308107, -0.003135923379366079, 0.020002272191266934, -0.011326755760330487, -0.009809216472638771, -0.0020062162709478804, -0.0010356117479899396, -0.027055343024853684, 0.018821923069789248, 0.008655347178639472, 0.00023839521213164794, 0.009566962881536023, -0.00330213342365715, 0.015204285320235655, -0.0011518445703462277, -0.0006822257622279837]","[0.0, 0.0, 0.10418350249528885, 0.10418350249528885, 0.0, 0.10418350249528885, 0.0, 0.0, 0.10418350249528885, 0.0, 0.10418350249528885, 0.0, 0.0, 0.0, 0.0, 0.0, 0.08839350938796997, 0.0, 0.0, 0.10418350249528885, 0.0, 0.10418350249528885, 0.0, 0.0, 0.10418350249528885, 0.0, 0.07813847810029984, 0.0, 0.0, 0.0]","[0.0, 0.0, 3.3583709416107205e-22, 0.0, 0.0, 0.0, -1.0434015006007884e-22, 0.0, 1.0, -1.0466980767377757e-22, 1.1672269539901052e-22, 0.0, 0.0, 0.0, 0.0, -1.0477735455393757e-22, 1.1531858986833074e-22, 0.0, 0.0, 0.0, -1.0502055530505109e-22, 0.0, 0.0, 1.1693138644991198e-22, 0.0, -1.0359957288416501e-22, 0.0, 0.0, 0.0, 0.0]","[0.009081519753029055, 0.004432884242028518, 0.016708863779463255, 0.0, 0.0010553914543867096, 0.00017142698523414928, 0.0, 0.0, 0.9092556657370418, 0.0014633838931992073, 0.0035556771110876197, 0.0, 0.0005540325800343648, 0.01278009739513994, 0.017480724532964165, 0.010704466229456876, 0.0, 0.0, 0.0, 0.0, 0.0, 0.0, 0.0021316002810674614, 0.0, 0.0, 0.008978013572445218, 0.00164625245342155, 0.0, 0.0, 0.0]","[0.0, 0.0, 0.10418350994586945, 0.10418350994586945, 0.0, 0.10418350994586945, 0.0, 0.0, 0.10418350994586945, 0.0, 0.10418350994586945, 0.0, 0.0, 0.0, 0.0, 0.0, 0.08839351683855057, 0.0, 0.0, 0.10418350994586945, 0.0, 0.10418350994586945, 0.0, 0.0, 0.10418350994586945, 0.0, 0.07813848555088043, 0.0, 0.0, 0.0]",0.0005337843922252152
27,1.0133018278597397,"[0.998971457817656, 0.984482761607313, 0.980535334050328, 1.0206285314870631, 0.983175547809357, 1.0054532989590819, 1.0200946724376183, 0.9933177764385847, 0.9858557945510495, 1.001640421131968, 1.0308181778051837, 0.9846000292393308, 1.0138875560141645, 0.9801848820360733, 0.9962983320320692, 0.9968640766206339, 1.020002272191267, 0.9886732442396695, 0.9901907835273612, 0.9979937837290521, 0.9989643882520101, 0.9729446569751463, 1.0188219230697892, 1.0086553471786395, 1.0002383952121316, 1.009566962881536, 0.9966978665763429, 1.0152042853202357, 0.9988481554296538, 0.999317774237772]","[0.9886034528659783, 1.0067478014677196, 0.9919470470892354, 0.9694982279274246, 1.0005118296698812, 1.0136347088192645, 0.9916649065442182, 0.9926950518070118, 0.9778894967128042, 1.0064172732626457, 1.0432536692536436, 0.9842581311786879, 1.005883906971867, 1.0041512211933883, 0.9974063138790057, 0.9809747545598609, 0.9681842294884155, 0.9954060256244434, 0.9940582167744455, 1.0139242099200003, 0.9932174150240635, 0.9965737299627511, 0.965025091263346, 1.0043926996127917, 1.0008881786786574, 1.0190998987793656, 0.9933577215145976, 0.9908195506378856, 1.0266296116161728, 1.0015737059112169]","[-0.011396547134021717, 0.006747801467719583, -0.008052952910764577, -0.030501772072575428, 0.0005118296698811697, 0.01363470881926454, -0.008335093455781761, -0.007304948192988214, -0.02211050328719577, 0.00641727326264574, 0.0432536692536436, -0.01574186882131212, 0.005883906971867026, 0.004151221193388288, -0.0025936861209943096, -0.01902524544013906, -0.03181577051158446, -0.004593974375556642, -0.005941783225554498, 0.013924209920000319, -0.006782584975936534, -0.003426270037248935, -0.03497490873665399, 0.004392699612791651, 0.0008881786786574253, 0.019099898779365576, -0.006642278485402442, -0.009180449362114373, 0.026629611616172832, 0.0015737059112168605]","[0.11039695143699646, 0.0, 0.11039695143699646, 0.07712133228778839, 0.0, 0.09260188043117523, 0.0, 0.09150942414999008, 0.11039695143699646, 0.11039695143699646, 0.0, 0.0, 0.0, 0.0, 0.11039695143699646, 0.0, 0.0, 0.0, 0.0, 0.0, 0.0, 0.0, 0.0, 0.0, 0.0, 0.0, 0.0, 0.07638564705848694, 0.11039695143699646, 0.0]","[0.0, 0.0, 2.2523308488220857e-22, 1.1875776941420882e-22, 0.0, 0.0, 0.0, 0.0, 1.0, 0.0, 0.0, 0.0, 1.732715376427596e-22, 0.0, 0.0, 0.0, 0.0, 1.180257918667863e-22, 0.0, 0.0, 6.735184229190662e-22, 0.0, 2.2796255254750673e-22, 0.0, 0.0, 0.0, 1.1660863250312148e-22, 6.204461231573458e-23, 2.2956583415385716e-22, 0.0]","[0.000421711703348372, 0.002668017479870598, 0.004492877798706134, 0.0, 0.0, 0.00902793368916856, 0.0, 0.010708921935372899, 0.8966619633891745, 0.001280080481089624, 0.0, 0.0, 0.0, 0.0, 0.0, 0.0, 0.006855326526898565, 0.016918151796234602, 0.00835662844042065, 0.0010960060431521885, 0.0, 0.007231255108440542, 0.012067191409904966, 0.007317339153032916, 0.0029842310770087986, 0.005697575706038221, 0.0062147882621379005, 0.0, 0.0, 0.0]","[0.11039695143699646, 0.0, 0.11039695143699646, 0.07712133228778839, 0.0, 0.09260188043117523, 0.0, 0.09150942414999008, 0.11039695143699646, 0.11039695143699646, 0.0, 0.0, 0.0, 0.0, 0.11039695143699646, 0.0, 0.0, 0.0, 0.0, 0.0, 0.0, 0.0, 0.0, 0.0, 0.0, 0.0, 0.0, 0.07638564705848694, 0.11039695143699646, 0.0]",-0.004034579642635211
28,1.0178489136145852,"[0.9886034528659783, 1.0067478014677196, 0.9919470470892354, 0.9694982279274246, 1.0005118296698812, 1.0136347088192645, 0.9916649065442182, 0.9926950518070118, 0.9778894967128042, 1.0064172732626457, 1.0432536692536436, 0.9842581311786879, 1.005883906971867, 1.0041512211933883, 0.9974063138790057, 0.9809747545598609, 0.9681842294884155, 0.9954060256244434, 0.9940582167744455, 1.0139242099200003, 0.9932174150240635, 0.9965737299627511, 0.965025091263346, 1.0043926996127917, 1.0008881786786574, 1.0190998987793656, 0.9933577215145976, 0.9908195506378856, 1.0266296116161728, 1.0015737059112169]","[1.0092340887769198, 0.9931977912375031, 1.0060874329175526, 1.0160229626812973, 1.0217538320786916, 1.0014893263062277, 0.9837173524123473, 1.0171398484824827, 0.9880323810976219, 1.0084168037948928, 1.0122247562329498, 1.0112179083506514, 0.9888179440409325, 1.0101366386220347, 1.0083923482321206, 1.009319781233851, 0.9977612653546944, 0.9992356725334797, 1.0023158159753573, 0.9857407215535733, 0.979120400800234, 1.0125229968723346, 1.0138130467650757, 1.0143039670676417, 0.9776664412202402, 0.9906210874626761, 1.0061948437338628, 1.0046946588762968, 1.0199775972088827, 1.0198212312405739]","[0.00923408877691978, -0.006802208762496931, 0.006087432917552649, 0.016022962681297326, 0.021753832078691637, 0.0014893263062276674, -0.016282647587652743, 0.017139848482482734, -0.011967618902378074, 0.008416803794892846, 0.01222475623294983, 0.011217908350651395, -0.011182055959067516, 0.010136638622034733, 0.00839234823212065, 0.009319781233851021, -0.0022387346453055512, -0.0007643274665203315, 0.0023158159753573493, -0.014259278446426715, -0.020879599199766008, 0.012522996872334602, 0.013813046765075665, 0.014303967067641699, -0.022333558779759843, -0.009378912537323925, 0.006194843733862809, 0.004694658876296831, 0.019977597208882703, 0.01982123124057389]","[0.0, 0.0, 0.10027718544006348, 0.0, 0.0, 0.0, 0.0, 0.10027718544006348, 0.0, 0.10027718544006348, 0.0, 0.0, 0.0, 0.10027718544006348, 0.0, 0.10006695240736008, 0.0, 0.09771549701690674, 0.0, 0.0, 0.10027718544006348, 0.0, 0.0, 0.0, 0.0, 0.10027718544006348, 0.0, 0.10027718544006348, 0.10027718544006348, 0.0]","[0.0, 0.0, 0.0, 0.0, 0.0, 0.0, 2.3182881338484727e-22, 0.0, 0.0, 1.251500563593288e-22, 0.0, 0.0, 1.5270241102811962e-22, 0.0, 0.0, 0.0, 2.360599090079506e-22, 1.2073913616427996e-22, 0.0, 0.0, 2.345890753849757e-22, 0.0, 2.3708262536502317e-22, 0.0, 0.0, 4.540517702913586e-22, 1.229584327988818e-22, 0.0, 1.0, 0.0]","[0.008564511270078175, 0.007780638575616724, 0.0, 0.0, 0.0007145733591903674, 0.0, 0.01063157075746537, 0.0, 0.0, 0.00024256832205954835, 0.0032523663813550188, 0.0, 0.0, 0.004646078073708064, 0.0, 0.0, 0.0, 0.00031441266230414645, 0.0, 0.0, 0.0, 0.0, 0.0, 0.013941963005353693, 0.0020697294851345677, 0.021696284088977006, 0.0, 0.006590457058188523, 0.9175350497978666, 0.0020197971627023002]","[0.0, 0.0, 0.10027719289064407, 0.0, 0.0, 0.0, 0.0, 0.10027719289064407, 0.0, 0.10027719289064407, 0.0, 0.0, 0.0, 0.10027719289064407, 0.0, 0.10006695985794067, 0.0, 0.09771550446748734, 0.0, 0.0, 0.10027719289064407, 0.0, 0.0, 0.0, 0.0, 0.10027719289064407, 0.0, 0.10027719289064407, 0.10027719289064407, 0.0]",0.004065875818126495
29,1.0171777872002266,"[1.0092340887769198, 0.9931977912375031, 1.0060874329175526, 1.0160229626812973, 1.0217538320786916, 1.0014893263062277, 0.9837173524123473, 1.0171398484824827, 0.9880323810976219, 1.0084168037948928, 1.0122247562329498, 1.0112179083506514, 0.9888179440409325, 1.0101366386220347, 1.0083923482321206, 1.009319781233851, 0.9977612653546944, 0.9992356725334797, 1.0023158159753573, 0.9857407215535733, 0.979120400800234, 1.0125229968723346, 1.0138130467650757, 1.0143039670676417, 0.9776664412202402, 0.9906210874626761, 1.0061948437338628, 1.0046946588762968, 1.0199775972088827, 1.0198212312405739]","[1.008719422739569, 1.0189796446584136, 0.9887730129159599, 0.9866325031374825, 1.0040956632800482, 0.9782339552390997, 1.0035309165309845, 1.0075159127310156, 1.0019698680803817, 1.007410547323981, 1.0088503240096616, 1.0183892017038205, 0.9919219361876566, 0.999898849628373, 1.0087432786323332, 0.9982392650470446, 1.001880575444065, 0.9832543582594689, 1.0063496861344228, 1.0124707868925233, 0.9858448077002651, 0.9838188521673872, 1.0034174533682212, 1.0078389932217886, 0.992687553379466, 1.0001767988953385, 0.9838929163764968, 0.9914383171224216, 1.023394562721759, 0.9765568060902022]","[0.00871942273956905, 0.01897964465841362, -0.01122698708404013, -0.01336749686251748, 0.0040956632800481785, -0.02176604476090027, 0.0035309165309844737, 0.007515912731015595, 0.001969868080381687, 0.007410547323980943, 0.00885032400966157, 0.018389201703820524, -0.008078063812343439, -0.00010115037162694573, 0.008743278632333151, -0.0017607349529553673, 0.001880575444064947, -0.01674564174053106, 0.006349686134422772, 0.012470786892523344, -0.014155192299734942, -0.01618114783261282, 0.0034174533682211905, 0.007838993221788604, -0.0073124466205339855, 0.00017679889533850357, -0.016107083623503216, -0.008561682877578414, 0.023394562721759105, -0.023443193909797766]","[0.0, 0.0, 0.0, 0.0, 0.0, 0.06497127562761307, 0.0, 0.0, 0.12033737450838089, 0.0, 0.0, 0.0, 0.0, 0.0782906785607338, 0.07183735072612762, 0.0, 0.0, 0.0, 0.12033737450838089, 0.12033737450838089, 0.0786256492137909, 0.0, 0.0, 0.0, 0.12033737450838089, 0.0, 0.0, 0.0, 0.10458816587924957, 0.12033737450838089]","[0.0, 0.0, 0.0, -2.0410000213336049e-22, -2.046784912085879e-22, -1.8103736596471303e-22, 1.3018312655388896e-23, 0.0, -2.0414966951853244e-22, 0.0, 0.0, 0.0, 0.0, 0.0, 0.0, 0.0, -2.044946441794199e-22, 0.0, -1.5054337137044424e-22, 0.0, 1.6211546300484955e-23, 0.0, -9.277135450840261e-23, 0.0, 0.0, 0.0, 0.0, 0.0, 1.0, 0.0]","[0.0, 0.0, 0.01846414357971201, 0.0, 0.0, 0.0, 0.0, 0.0, 0.0, 0.0036839141293919953, 0.0, 0.015102341734043444, 0.0, 0.0, 0.0, 0.0002563998277605057, 0.003294773429494164, 0.0, 0.0008631650220984165, 0.008775423772162887, 0.0, 0.014929052911098284, 0.0, 0.017011063863485887, 0.0, 0.003255497562369471, 0.0020930321353169693, 0.0, 0.912271192033066, 0.0]","[0.0, 0.0, 0.0, 0.0, 0.0, 0.06497127562761307, 0.0, 0.0, 0.12033737450838089, 0.0, 0.0, 0.0, 0.0, 0.0782906785607338, 0.07183735072612762, 0.0, 0.0, 0.0, 0.12033737450838089, 0.12033737450838089, 0.0786256492137909, 0.0, 0.0, 0.0, 0.12033737450838089, 0.0, 0.0, 0.0, 0.10458816587924957, 0.12033737450838089]",-0.0011109558634059926
30,1.017338701272934,"[1.008719422739569, 1.0189796446584136, 0.9887730129159599, 0.9866325031374825, 1.0040956632800482, 0.9782339552390997, 1.0035309165309845, 1.0075159127310156, 1.0019698680803817, 1.007410547323981, 1.0088503240096616, 1.0183892017038205, 0.9919219361876566, 0.999898849628373, 1.0087432786323332, 0.9982392650470446, 1.001880575444065, 0.9832543582594689, 1.0063496861344228, 1.0124707868925233, 0.9858448077002651, 0.9838188521673872, 1.0034174533682212, 1.0078389932217886, 0.992687553379466, 1.0001767988953385, 0.9838929163764968, 0.9914383171224216, 1.023394562721759, 0.9765568060902022]","[1.0131656308140367, 0.9869603286474513, 1.0296068058384953, 0.9975223526704703, 0.9983502094882938, 0.993618925370828, 1.0106386788875377, 0.9987580872954003, 1.0207786429484362, 0.9894080063590799, 0.9917543114957147, 1.0034260873269214, 0.9943121897477537, 1.0003712005427845, 1.006012699676971, 0.993328691970225, 1.0254728820397971, 1.005694597199631, 1.0121993418644353, 1.0121864144685861, 1.0152811926158871, 1.0111224485854762, 0.9962823827296562, 1.0013637381312779, 1.004713935211794, 1.004371432518232, 1.005748775302457, 1.0054340318826995, 0.9890692665815497, 0.9904820754459678]","[0.013165630814036655, -0.013039671352548687, 0.029606805838495287, -0.0024776473295297086, -0.0016497905117062173, -0.006381074629172034, 0.010638678887537667, -0.0012419127045997236, 0.020778642948436232, -0.010591993640920117, -0.008245688504285309, 0.003426087326921401, -0.005687810252246295, 0.0003712005427845, 0.006012699676970934, -0.006671308029775003, 0.02547288203979714, 0.005694597199630946, 0.012199341864435276, 0.012186414468586149, 0.015281192615887118, 0.011122448585476175, -0.0037176172703438093, 0.0013637381312778807, 0.004713935211793974, 0.004371432518232021, 0.005748775302456988, 0.00543403188269953, -0.0109307334184503, -0.00951792455403222]","[0.0, 0.08061251789331436, 0.0, 0.0, 0.0, 0.10658786445856094, 0.0, 0.0, 0.10658786445856094, 0.10658786445856094, 0.0, 0.0, 0.0, 0.0, 0.0, 0.0, 0.0, 0.0, 0.0, 0.0, 0.10658786445856094, 0.10658786445856094, 0.10658786445856094, 0.10658786445856094, 0.0, 0.0, 0.0, 0.0, 0.07820581644773483, 0.09506658464670181]","[6.975139055939831e-24, 0.0, 0.0, 0.0, 0.0, 0.0, 0.0, 6.136502629973088e-24, -1.0341912702878979e-22, 0.0, 4.613766174910103e-24, 0.0, 0.0, 1.1773310484495272e-22, 0.0, 0.0, 0.0, 0.0, 1.178526829077862e-22, 0.0, 3.4026704440518996e-22, 6.773286763485245e-24, 0.0, 0.0, 0.0, 5.588397876038994e-24, 0.0, 0.0, 1.0, 0.0]","[0.011649441914952569, 0.0, 0.0, 0.0, 0.0013143099647449374, 0.0, 0.0, 0.0, 0.0, 0.00378523535501629, 0.0, 0.008498945132256944, 0.006894543866959218, 0.001954534560166027, 0.00422302488771427, 0.0, 0.004809451392657391, 0.011093313161201556, 0.0, 0.011890835997872879, 0.0052762021376831095, 0.0, 0.00654321447965666, 0.0, 0.003420165749713356, 0.0, 0.0, 0.0, 0.9186467813994047, 0.0]","[0.0, 0.08061251789331436, 0.0, 0.0, 0.0, 0.10658786445856094, 0.0, 0.0, 0.10658786445856094, 0.10658786445856094, 0.0, 0.0, 0.0, 0.0, 0.0, 0.0, 0.0, 0.0, 0.0, 0.0, 0.10658786445856094, 0.10658786445856094, 0.10658786445856094, 0.10658786445856094, 0.0, 0.0, 0.0, 0.0, 0.07820581644773483, 0.09506658464670181]",-0.000171327292790877
31,1.0170914569503224,"[1.0131656308140367, 0.9869603286474513, 1.0296068058384953, 0.9975223526704703, 0.9983502094882938, 0.993618925370828, 1.0106386788875377, 0.9987580872954003, 1.0207786429484362, 0.9894080063590799, 0.9917543114957147, 1.0034260873269214, 0.9943121897477537, 1.0003712005427845, 1.006012699676971, 0.993328691970225, 1.0254728820397971, 1.005694597199631, 1.0121993418644353, 1.0121864144685861, 1.0152811926158871, 1.0111224485854762, 0.9962823827296562, 1.0013637381312779, 1.004713935211794, 1.004371432518232, 1.005748775302457, 1.0054340318826995, 0.9890692665815497, 0.9904820754459678]","[1.0113189453001963, 1.0072515271279343, 1.0198236888663321, 0.9848633576523574, 0.9976006768963267, 0.9808676790990414, 1.0090638412651973, 0.9809266129932966, 0.9965936943538246, 1.0449300066687002, 1.0137815575810836, 0.9925832644270763, 1.0256484401568113, 0.9948498453993742, 1.0336446366151746, 1.0079798351985276, 0.9956894784365174, 0.9732300753034737, 1.0147560369157773, 1.00367074570898, 0.9963747978716649, 0.9937778031589127, 1.0106229527887847, 1.0127760287669605, 0.9904193098569987, 0.9994769033871488, 0.9633758263276068, 0.9994804584430578, 1.0012549957090568, 1.0072701606752918]","[0.011318945300196281, 0.00725152712793431, 0.019823688866332123, -0.01513664234764256, -0.002399323103673301, -0.01913232090095862, 0.009063841265197325, -0.019073387006703357, -0.0034063056461753893, 0.04493000666870017, 0.01378155758108357, -0.007416735572923661, 0.025648440156811336, -0.005150154600625845, 0.033644636615174583, 0.00797983519852763, -0.00431052156348255, -0.02676992469652628, 0.014756036915777315, 0.003670745708979961, -0.003625202128335059, -0.0062221968410872686, 0.010622952788784668, 0.01277602876696049, -0.009580690143001336, -0.0005230966128512149, -0.036624173672393234, -0.0005195415569422268, 0.0012549957090568498, 0.007270160675291848]","[0.07889694720506668, 0.0, 0.1346088945865631, 0.0, 0.1413041353225708, 0.0, 0.0, 0.0, 0.0984695553779602, 0.0, 0.11178672313690186, 0.0, 0.0, 0.0, 0.0, 0.0, 0.0, 0.0725744441151619, 0.0, 0.1413041353225708, 0.03115488775074482, 0.0, 0.0, 0.0, 0.1413041353225708, 0.0, 0.04859616234898567, 0.0, 0.0, 0.0]","[1.3105356440964656e-22, 0.0, 0.0, 1.3276650505890477e-22, 0.0, 0.0, 2.3824982113774526e-22, 1.2790730339778873e-22, 2.202275887905744e-23, 0.0, 0.0, 0.0, 1.322489127391239e-22, 0.0, 0.0, 0.0, 2.193441056529607e-23, 0.0, 0.0, 0.0, 0.0, 1.306026785193008e-22, 0.0, 0.0, 2.343894364574949e-22, 0.0, 0.0, 0.0, 1.0, 0.0]","[0.0, 0.014141644510483676, 0.0, 0.0, 0.0, 0.0, 0.0, 0.0, 0.0, 0.0, 0.0, 0.0, 0.0, 0.0, 0.0, 0.0, 0.012032813663073391, 0.0016934803385296828, 0.0, 0.001678097147160467, 0.007009720951952484, 0.011479068758067758, 0.01600684936562637, 0.003612161729778043, 0.011277172036527802, 0.0, 0.0, 0.0, 0.9142031513984562, 0.006865840100343999]","[0.07889694720506668, 0.0, 0.1346088945865631, 0.0, 0.1413041353225708, 0.0, 0.0, 0.0, 0.0984695553779602, 0.0, 0.11178672313690186, 0.0, 0.0, 0.0, 0.0, 0.0, 0.0, 0.0725744441151619, 0.0, 0.1413041353225708, 0.03115488775074482, 0.0, 0.0, 0.0, 0.1413041353225708, 0.0, 0.04859616234898567, 0.0, 0.0, 0.0]",-0.000619940042376715
32,1.0145048601153637,"[1.0113189453001963, 1.0072515271279343, 1.0198236888663321, 0.9848633576523574, 0.9976006768963267, 0.9808676790990414, 1.0090638412651973, 0.9809266129932966, 0.9965936943538246, 1.0449300066687002, 1.0137815575810836, 0.9925832644270763, 1.0256484401568113, 0.9948498453993742, 1.0336446366151746, 1.0079798351985276, 0.9956894784365174, 0.9732300753034737, 1.0147560369157773, 1.00367074570898, 0.9963747978716649, 0.9937778031589127, 1.0106229527887847, 1.0127760287669605, 0.9904193098569987, 0.9994769033871488, 0.9633758263276068, 0.9994804584430578, 1.0012549957090568, 1.0072701606752918]","[0.9787815424359757, 0.9991172472332127, 0.9981125301635383, 1.0257691781821556, 0.9823051830456915, 0.9946023200629935, 1.0279809391727595, 0.9880776133687564, 1.013064970829292, 1.01566724116169, 0.9854563730217601, 0.9948390050947543, 1.016752158884505, 1.0032293292823977, 1.0177657887850295, 0.9980161039619221, 0.9806911539628845, 1.0023884498886466, 0.9748389076382844, 0.9965344866191449, 0.9904329477615686, 0.9955823785443342, 1.0137908962404962, 0.9973711544012195, 1.0015562622719785, 0.9889152605410471, 0.9989030543348482, 0.9841540102196287, 1.004750122290889, 0.99011540241036]","[-0.021218457564024296, -0.000882752766787287, -0.0018874698364617082, 0.025769178182155628, -0.017694816954308523, -0.005397679937006461, 0.027980939172759456, -0.011922386631243564, 0.013064970829292033, 0.01566724116169005, -0.014543626978239854, -0.005160994905245686, 0.016752158884504986, 0.0032293292823977193, 0.017765788785029546, -0.0019838960380779147, -0.019308846037115468, 0.0023884498886466154, -0.025161092361715598, -0.003465513380855101, -0.00956705223843135, -0.004417621455665821, 0.013790896240496231, -0.002628845598780516, 0.0015562622719784702, -0.011084739458952941, -0.0010969456651518383, -0.015845989780371328, 0.004750122290889003, -0.009884597589639998]","[0.10000000149011612, 0.0, 0.0, 0.0, 0.0, 0.0, 0.0, 0.10000000149011612, 0.0, 0.10000000149011612, 0.10000000149011612, 0.0, 0.0, 0.0, 0.10000000149011612, 0.10000000149011612, 0.0, 0.0, 0.0, 0.0, 0.0, 0.10000000149011612, 0.0, 0.0, 0.10000000149011612, 0.10000000149011612, 0.0, 0.0, 0.10000000149011612, 0.0]","[1.2069746784409438e-22, 0.0, 0.0, 0.0, 0.0, 0.0, 0.0, 1.190152103865605e-22, 9.379392116371096e-23, 0.0, 0.0, 0.0, 4.543537887796549e-22, 0.0, 0.0, 0.0, 0.0, 0.0, 0.0, 0.0, 0.0, 1.203129163890446e-22, 1.2103934872809702e-22, 0.0, 2.2781887272250323e-22, 0.0, 2.308441534096388e-22, 1.7613962398021948e-22, 1.0, 0.0]","[0.0, 0.0025830144438719507, 0.005576037907877876, 0.0038158931942517365, 0.0, 0.0, 0.01718058540708594, 0.0, 0.0, 0.008209783008192919, 0.012923911914428465, 0.0, 0.012842918491564444, 0.0, 0.008390477511305224, 0.0, 0.0, 0.0029952561745381634, 0.002036433286257817, 0.00039664778706466857, 0.0, 0.006494223164432926, 0.01448221998298701, 0.0, 0.005978880549077986, 0.004770660372554878, 0.006355579807388142, 0.0, 0.8849674769971199, 0.0]","[0.09999998658895493, 0.0, 0.0, 0.0, 0.0, 0.0, 0.0, 0.09999998658895493, 0.0, 0.09999998658895493, 0.09999998658895493, 0.0, 0.0, 0.0, 0.09999998658895493, 0.09999998658895493, 0.0, 0.0, 0.0, 0.0, 0.0, 0.09999998658895493, 0.0, 0.0, 0.09999998658895493, 0.09999998658895493, 0.0, 0.0, 0.09999998658895493, 0.0]",-0.0028901754190920163
33,1.0157333913729498,"[0.9787815424359757, 0.9991172472332127, 0.9981125301635383, 1.0257691781821556, 0.9823051830456915, 0.9946023200629935, 1.0279809391727595, 0.9880776133687564, 1.013064970829292, 1.01566724116169, 0.9854563730217601, 0.9948390050947543, 1.016752158884505, 1.0032293292823977, 1.0177657887850295, 0.9980161039619221, 0.9806911539628845, 1.0023884498886466, 0.9748389076382844, 0.9965344866191449, 0.9904329477615686, 0.9955823785443342, 1.0137908962404962, 0.9973711544012195, 1.0015562622719785, 0.9889152605410471, 0.9989030543348482, 0.9841540102196287, 1.004750122290889, 0.99011540241036]","[1.0020996565313764, 0.998144496853832, 1.013110986739486, 0.9726530832032173, 0.9933121496303552, 1.0011091151061067, 0.9919504167181654, 1.0146330658371736, 1.021394833732726, 1.029939677555432, 1.0037161554755545, 0.9806697792424582, 0.9821679557576403, 1.015261621333749, 0.9881705283470578, 1.0055216066519024, 0.9999763180787681, 0.9947259194620859, 1.006911086875999, 1.016534965736692, 0.9972959553746518, 1.0206264303950798, 0.9970031212009315, 0.9968046903513906, 0.983456967318876, 0.9908692849588319, 1.0097923885535358, 1.0032110869227369, 1.000148000926892, 1.015144600200341]","[0.002099656531376448, -0.0018555031461680027, 0.013110986739486075, -0.027346916796782694, -0.00668785036964481, 0.0011091151061066729, -0.008049583281834582, 0.014633065837173609, 0.021394833732726104, 0.02993967755543192, 0.0037161554755544834, -0.01933022075754176, -0.017832044242359735, 0.015261621333749087, -0.011829471652942236, 0.005521606651902378, -2.36819212319217e-05, -0.0052740805379141165, 0.006911086875998951, 0.016534965736691998, -0.002704044625348234, 0.02062643039507983, -0.002996878799068514, -0.003195309648609368, -0.016543032681124004, -0.009130715041168136, 0.009792388553535814, 0.003211086922736861, 0.00014800092689193356, 0.01514460020034103]","[0.0, 0.0, 0.0, 0.0, 0.0, 0.10239142179489136, 0.0, 0.10239142179489136, 0.0, 0.0, 0.0, 0.0, 0.10239142179489136, 0.10239142179489136, 0.0, 0.10239142179489136, 0.0, 0.0995524451136589, 0.10239142179489136, 0.0, 0.0, 0.0, 0.0, 0.0, 0.10239142179489136, 0.08131616562604904, 0.0, 0.0, 0.0, 0.10239142179489136]","[0.0, 6.294194843324512e-24, 1.2974967426459996e-23, 0.0, 0.0, 0.0, 0.0, -9.993826664880375e-23, 0.0, 0.0, 0.0, 0.0, 6.972343063261537e-23, -9.884878715675555e-23, 0.0, 0.0, 0.0, 1.0611702841572108e-23, -9.802280619826116e-23, 0.0, 2.3594096668688806e-22, 0.0, 0.0, 0.0, 0.0, 0.0, 0.0, 0.0, 1.0, 8.441491745594879e-24]","[0.006174170721005284, 0.0025680435668417644, 0.004792058988061406, 0.0003438601687939684, 0.0029506971682625844, 0.0, 0.001169295543142797, 0.0, 0.014707993719405, 0.0, 0.004180542490184714, 0.0, 0.0, 0.016551200082927896, 0.0, 0.0, 0.0, 0.001971729038580371, 0.0, 0.009340697420153693, 0.0, 0.0, 0.018594350032361207, 0.0, 0.010926859086406492, 0.007318946211207107, 0.0, 0.0021174092508450034, 0.886108555860746, 0.010183590651074704]","[0.0, 0.0, 0.0, 0.0, 0.0, 0.10239142179489136, 0.0, 0.10239142179489136, 0.0, 0.0, 0.0, 0.0, 0.10239142179489136, 0.10239142179489136, 0.0, 0.10239142179489136, 0.0, 0.0995524451136589, 0.10239142179489136, 0.0, 0.0, 0.0, 0.0, 0.0, 0.10239142179489136, 0.08131616562604904, 0.0, 0.0, 0.0, 0.10239142179489136]",0.0007285227021740384
34,1.0114231276987793,"[1.0020996565313764, 0.998144496853832, 1.013110986739486, 0.9726530832032173, 0.9933121496303552, 1.0011091151061067, 0.9919504167181654, 1.0146330658371736, 1.021394833732726, 1.029939677555432, 1.0037161554755545, 0.9806697792424582, 0.9821679557576403, 1.015261621333749, 0.9881705283470578, 1.0055216066519024, 0.9999763180787681, 0.9947259194620859, 1.006911086875999, 1.016534965736692, 0.9972959553746518, 1.0206264303950798, 0.9970031212009315, 0.9968046903513906, 0.983456967318876, 0.9908692849588319, 1.0097923885535358, 1.0032110869227369, 1.000148000926892, 1.015144600200341]","[0.9763669543509684, 0.9929041621016657, 1.0058158437253486, 0.9766863077259944, 0.9942534524218749, 0.9933183506840302, 0.9995330147751202, 0.9938502186658711, 1.0006714484045418, 0.9907932441125141, 0.9926416948114823, 1.0120564959221787, 0.9859134945692185, 1.0129919476566613, 0.994723444781433, 1.0098196638619343, 1.001308127888048, 1.0323530582895093, 0.9857398227471547, 0.9910796140343365, 1.0083907760428017, 1.0055363496169132, 1.0127479066770813, 1.00398036788613, 0.9801739869733533, 0.9990417658364975, 0.9916363198904559, 0.9796469922182199, 0.9956913037025586, 0.9882619996716581]","[-0.02363304564903157, -0.007095837898334345, 0.005815843725348602, -0.023313692274005593, -0.005746547578125094, -0.006681649315969818, -0.0004669852248797568, -0.006149781334128912, 0.0006714484045418079, -0.009206755887485873, -0.007358305188517655, 0.012056495922178723, -0.014086505430781493, 0.01299194765666134, -0.005276555218566958, 0.009819663861934336, 0.0013081278880480163, 0.032353058289509296, -0.01426017725284534, -0.008920385965663469, 0.008390776042801695, 0.005536349616913183, 0.012747906677081255, 0.003980367886130098, -0.01982601302664666, -0.0009582341635024916, -0.008363680109544136, -0.020353007781780064, -0.00430869629744135, -0.011738000328341935]","[0.0, 0.0, 0.0, 0.0, 0.0, 0.12118666619062424, 0.0, 0.12118666619062424, 0.0, 0.0, 0.0, 0.12118666619062424, 0.0, 0.0, 0.0, 0.0, 0.0, 0.0, 0.0, 0.0, 0.008573593571782112, 0.12118666619062424, 0.0, 0.04617862030863762, 0.12118666619062424, 0.0, 0.12118666619062424, 0.0, 0.12118666619062424, 0.09694106876850128]","[-9.9598991132015e-23, 5.3323855307866286e-24, 0.0, 0.0, 1.1277014046635756e-23, 9.323892609187426e-24, 0.0, 0.0, 0.0, -4.4148366700413353e-23, 0.0, 0.0, 0.0, 0.0, 0.0, 0.0, 0.0, 8.971923836640069e-24, 0.0, 0.0, 1.1823539340800226e-23, 0.0, 0.0, 0.0, 6.706645032970316e-24, 0.0, 0.0, -9.962649416658539e-23, 1.0, 0.0]","[0.0, 0.0, 0.0, 0.010734737755603983, 0.0, 0.0, 0.0, 0.001488433885615256, 0.015858855512815004, 0.0, 0.012975538123061835, 0.0014572375169585468, 0.009860007598905495, 0.007094478810824545, 0.004302909555751735, 0.0, 0.0, 0.0022809943120616085, 0.005427653238295956, 0.00023591315460644562, 0.000544197338597507, 0.009908885353596006, 0.0, 0.0, 0.014163554073204142, 0.0, 0.0, 0.0, 0.9036666037701019, 0.0]","[0.0, 0.0, 0.0, 0.0, 0.0, 0.12118667364120483, 0.0, 0.12118667364120483, 0.0, 0.0, 0.0, 0.12118667364120483, 0.0, 0.0, 0.0, 0.0, 0.0, 0.0, 0.0, 0.0, 0.008573594503104687, 0.12118667364120483, 0.0, 0.04617862403392792, 0.12118667364120483, 0.0, 0.12118667364120483, 0.0, 0.12118667364120483, 0.09694107621908188]",-0.004707108011797924
35,1.006971056091958,"[0.9763669543509684, 0.9929041621016657, 1.0058158437253486, 0.9766863077259944, 0.9942534524218749, 0.9933183506840302, 0.9995330147751202, 0.9938502186658711, 1.0006714484045418, 0.9907932441125141, 0.9926416948114823, 1.0120564959221787, 0.9859134945692185, 1.0129919476566613, 0.994723444781433, 1.0098196638619343, 1.001308127888048, 1.0323530582895093, 0.9857398227471547, 0.9910796140343365, 1.0083907760428017, 1.0055363496169132, 1.0127479066770813, 1.00398036788613, 0.9801739869733533, 0.9990417658364975, 0.9916363198904559, 0.9796469922182199, 0.9956913037025586, 0.9882619996716581]","[1.0126997928582377, 1.0154444022637816, 0.9890420210241442, 0.995786362334154, 1.0255430532498755, 0.9627789538936015, 0.9887115366110882, 0.9793322386108083, 1.0045734747289605, 1.0128924523938632, 0.9873146133066671, 0.9930823820068687, 0.9917486677082735, 1.0024892848886662, 1.0046430819960597, 0.9765389094684587, 1.0059795613113505, 0.9896907472296975, 1.0291548295257573, 1.0123684407025766, 0.9816374528321525, 0.9854118383643322, 0.9949158666519474, 1.0263711072228325, 0.9966394287472455, 0.9980656806446151, 0.9822831453196337, 1.0017240887498295, 1.0048088090877456, 0.98311156416311]","[0.012699792858237746, 0.015444402263781631, -0.01095797897585582, -0.004213637665846037, 0.02554305324987549, -0.037221046106398537, -0.011288463388911762, -0.020667761389191686, 0.004573474728960525, 0.012892452393863163, -0.012685386693332856, -0.0069176179931312864, -0.008251332291726476, 0.0024892848886661767, 0.0046430819960596725, -0.02346109053154133, 0.0059795613113504675, -0.01030925277030248, 0.02915482952575732, 0.012368440702576589, -0.018362547167847465, -0.014588161635667785, -0.0050841333480525774, 0.026371107222832535, -0.003360571252754463, -0.0019343193553849058, -0.017716854680366323, 0.0017240887498295443, 0.0048088090877456136, -0.016888435836890037]","[0.0, 0.082489974796772, 0.10806136578321457, 0.0, 0.0, 0.10806136578321457, 0.0, 0.0, 0.0, 0.10806136578321457, 0.10806136578321457, 0.09188444912433624, 0.0, 0.0, 0.0, 0.0, 0.08944915980100632, 0.10806136578321457, 0.0, 0.0878082886338234, 0.0, 0.0, 0.0, 0.0, 0.10806136578321457, 0.0, 0.0, 0.0, 0.0, 0.0]","[0.0, 0.0, 2.238979339883214e-21, 0.0, 0.0, 0.0, 0.0, 0.0, 0.09496094930450404, 0.0, 0.0, 0.0, 6.903342170931762e-22, 0.0, 0.0, 0.0, 1.7133313621976387e-21, 0.0, 0.0, 0.0, 1.0790583001660278e-21, 7.828213241804064e-22, 1.1254828164260669e-21, 0.0, 0.0, 0.0, 8.89153113105856e-22, 8.269709845942154e-22, 0.9050390506954958, 0.0]","[0.007806536002438325, 0.0, 0.0, 0.0, 0.00881202364376396, 0.01731145423066051, 0.005512373541921145, 0.0, 0.0832819157231777, 0.008066270146019443, 0.0, 0.0, 0.0, 0.011594141736859869, 0.0, 0.003065192878928137, 0.0, 0.0, 0.0, 0.006301798039462349, 0.011002195508946275, 0.0, 0.0031407674658302464, 0.008741096962610264, 0.0002785551124181362, 0.012137116274153203, 0.0, 0.0, 0.8043736070497725, 0.008574955683037998]","[0.0, 0.0824899673461914, 0.10806135088205338, 0.0, 0.0, 0.10806135088205338, 0.0, 0.0, 0.0, 0.10806135088205338, 0.10806135088205338, 0.09188444167375565, 0.0, 0.0, 0.0, 0.0, 0.08944915235042572, 0.10806135088205338, 0.0, 0.0878082811832428, 0.0, 0.0, 0.0, 0.0, 0.10806135088205338, 0.0, 0.0, 0.0, 0.0, 0.0]",-0.004730908586935844
36,1.00222997989374,"[1.0126997928582377, 1.0154444022637816, 0.9890420210241442, 0.995786362334154, 1.0255430532498755, 0.9627789538936015, 0.9887115366110882, 0.9793322386108083, 1.0045734747289605, 1.0128924523938632, 0.9873146133066671, 0.9930823820068687, 0.9917486677082735, 1.0024892848886662, 1.0046430819960597, 0.9765389094684587, 1.0059795613113505, 0.9896907472296975, 1.0291548295257573, 1.0123684407025766, 0.9816374528321525, 0.9854118383643322, 0.9949158666519474, 1.0263711072228325, 0.9966394287472455, 0.9980656806446151, 0.9822831453196337, 1.0017240887498295, 1.0048088090877456, 0.98311156416311]","[0.985844971929122, 1.0079585788139704, 0.9832132436341844, 0.9934338974191759, 1.013868818662365, 0.9934397375419504, 0.9962699352387923, 0.990306760400348, 1.0026253833154017, 0.9937937315523834, 1.0137845603167557, 0.9938864064990897, 0.9932278187291272, 1.0020893804604032, 0.9929633515715248, 1.0128704797502726, 1.0325129297740747, 0.9799894708743349, 0.991255402645108, 1.0183984373144304, 0.9934826975565362, 0.9986499631551817, 1.0026321680423123, 1.0045466274323773, 0.9933675531881608, 0.9954285216888535, 1.0040460507954725, 0.9789395138854141, 0.9892436387279467, 0.9890095850216764]","[-0.014155028070877984, 0.00795857881397044, -0.016786756365815614, -0.006566102580824129, 0.013868818662365001, -0.006560262458049637, -0.003730064761207741, -0.00969323959965196, 0.0026253833154017414, -0.006206268447616625, 0.013784560316755678, -0.0061135935009103415, -0.006772181270872757, 0.0020893804604031896, -0.0070366484284751785, 0.012870479750272557, 0.03251292977407472, -0.020010529125665144, -0.00874459735489197, 0.01839843731443036, -0.006517302443463824, -0.0013500368448182698, 0.002632168042312255, 0.004546627432377326, -0.0066324468118391655, -0.00457147831114646, 0.004046050795472489, -0.021060486114585886, -0.010756361272053261, -0.010990414978323648]","[0.08863092213869095, 0.11085899919271469, 0.0, 0.0, 0.0, 0.06168080493807793, 0.0, 0.0, 0.11085899919271469, 0.0, 0.0, 0.0, 0.0, 0.0, 0.11085899919271469, 0.0, 0.0, 0.09574504941701889, 0.0, 0.0, 0.11085899919271469, 0.0, 0.11085899919271469, 0.0, 0.08878927677869797, 0.11085899919271469, 0.0, 0.0, 0.0, 0.0]","[0.0, 0.0, 2.431393921126922e-21, 0.0, 0.0, 0.0, 0.0, 0.0, 0.01438434861616921, 0.0, 0.0, 1.1453734206957817e-21, 0.0, 0.0, 0.0, 0.0, 2.2697105200994828e-21, 0.0, 0.0, 0.0, 1.0331512885481942e-21, 1.4129184072002705e-21, 1.7161252299619894e-21, 0.0, 0.0, 0.0, 1.5185355413690488e-21, 1.0482968124807744e-21, 0.9856156513838308, 0.0]","[0.006750496783442542, 0.0, 0.004927176432765133, 0.007675153506121111, 0.008655152255711769, 0.0, 0.0017088269157200888, 0.0, 0.020449177284881777, 0.00583972069595282, 0.0, 0.01497523918111359, 0.0, 0.0, 0.0, 0.0, 0.0, 0.0053977519611628855, 0.0, 0.0195246979190881, 0.0, 0.01434951522298009, 0.0038806142232229745, 0.009471742890123314, 0.0, 0.0, 0.010393896243499257, 0.013936949751419528, 0.8520638887327949, 0.0]","[0.08863092213869095, 0.11085899919271469, 0.0, 0.0, 0.0, 0.06168080493807793, 0.0, 0.0, 0.11085899919271469, 0.0, 0.0, 0.0, 0.0, 0.0, 0.11085899919271469, 0.0, 0.0, 0.09574504941701889, 0.0, 0.0, 0.11085899919271469, 0.0, 0.11085899919271469, 0.0, 0.08878927677869797, 0.11085899919271469, 0.0, 0.0, 0.0, 0.0]",-0.0050420266403105015
37,1.0065565152162024,"[0.985844971929122, 1.0079585788139704, 0.9832132436341844, 0.9934338974191759, 1.013868818662365, 0.9934397375419504, 0.9962699352387923, 0.990306760400348, 1.0026253833154017, 0.9937937315523834, 1.0137845603167557, 0.9938864064990897, 0.9932278187291272, 1.0020893804604032, 0.9929633515715248, 1.0128704797502726, 1.0325129297740747, 0.9799894708743349, 0.991255402645108, 1.0183984373144304, 0.9934826975565362, 0.9986499631551817, 1.0026321680423123, 1.0045466274323773, 0.9933675531881608, 0.9954285216888535, 1.0040460507954725, 0.9789395138854141, 0.9892436387279467, 0.9890095850216764]","[1.0087630363928302, 0.9852624684029914, 0.9902072558966483, 0.9945353579178995, 1.0023584752783163, 1.0128091115801015, 1.0123387590617021, 1.0022419535536602, 1.0019406926647472, 0.9788950848758557, 1.0047088719564876, 1.0085035113548595, 0.99498555911714, 1.0000685970466225, 0.9721437727951981, 0.9912786725876358, 0.984245788392674, 1.013269280196457, 0.9984588374340674, 0.9820632519681014, 1.0104127320406016, 1.0007493295277974, 1.0007970747231152, 0.9934053719609257, 0.9912183047720252, 1.0204676999471565, 1.0156235241265676, 0.9992085976185497, 0.9930082954728238, 1.0060297915799576]","[0.008763036392830159, -0.014737531597008635, -0.009792744103351736, -0.005464642082100513, 0.002358475278316341, 0.012809111580101451, 0.01233875906170212, 0.002241953553660192, 0.0019406926647471678, -0.021104915124144252, 0.004708871956487615, 0.008503511354859494, -0.005014440882859961, 6.859704662254273e-05, -0.027856227204801853, -0.0087213274123642, -0.01575421160732604, 0.0132692801964569, -0.001541162565932619, -0.017936748031898597, 0.010412732040601558, 0.0007493295277973822, 0.0007970747231151876, -0.006594628039074291, -0.008781695227974784, 0.02046769994715647, 0.015623524126567645, -0.0007914023814502569, -0.006991704527176235, 0.006029791579957644]","[0.0, 0.0, 0.10164426267147064, 0.10164426267147064, 0.10164426267147064, 0.10164426267147064, 0.0, 0.0, 0.08864618092775345, 0.0, 0.0, 0.0, 0.098199762403965, 0.0, 0.0, 0.0, 0.0, 0.0, 0.0, 0.0, 0.10164426267147064, 0.0, 0.0, 0.0, 0.0, 0.10164426267147064, 0.10164426267147064, 0.10164426267147064, 0.0, 0.0]","[1.2162484954725821e-22, 0.0, 0.0, 0.0, 0.0, 0.0, 0.0, 0.0, 1.0, 0.0, 0.0, 2.3064645427571654e-22, 1.2167832901031002e-22, 0.0, 0.0, 0.0, 0.0, 2.317513375927345e-22, 0.0, 0.0, 0.0, 1.1960879122755847e-22, 0.0, 0.0, 4.541451966506785e-22, 1.245359095878941e-22, 0.0, 1.2058703828437896e-22, 1.5185679809811496e-22, 0.0]","[0.0003657181114788287, 0.006703759563384481, 0.005248170281315878, 0.005257836932196537, 0.0, 0.0, 0.007231514582092363, 0.0, 0.8924425535090427, 0.01585641401299482, 0.0, 7.444581475214314e-05, 0.01459951929522363, 0.0, 0.005094738343571321, 0.0, 0.016641186474145534, 0.0, 0.00927943709931629, 0.0, 0.014791893253931846, 0.0, 0.0, 0.0, 0.0020257521722984568, 0.0016009299548030715, 0.0, 0.0027861305994522642, 0.0, 0.0]","[0.0, 0.0, 0.10164424777030945, 0.10164424777030945, 0.10164424777030945, 0.10164424777030945, 0.0, 0.0, 0.08864617347717285, 0.0, 0.0, 0.0, 0.0981997475028038, 0.0, 0.0, 0.0, 0.0, 0.0, 0.0, 0.0, 0.10164424777030945, 0.0, 0.0, 0.0, 0.0, 0.10164424777030945, 0.10164424777030945, 0.10164424777030945, 0.0, 0.0]",0.003836172917685157
38,1.0062905106603859,"[1.0087630363928302, 0.9852624684029914, 0.9902072558966483, 0.9945353579178995, 1.0023584752783163, 1.0128091115801015, 1.0123387590617021, 1.0022419535536602, 1.0019406926647472, 0.9788950848758557, 1.0047088719564876, 1.0085035113548595, 0.99498555911714, 1.0000685970466225, 0.9721437727951981, 0.9912786725876358, 0.984245788392674, 1.013269280196457, 0.9984588374340674, 0.9820632519681014, 1.0104127320406016, 1.0007493295277974, 1.0007970747231152, 0.9934053719609257, 0.9912183047720252, 1.0204676999471565, 1.0156235241265676, 0.9992085976185497, 0.9930082954728238, 1.0060297915799576]","[0.9967107105952112, 0.9959807840579656, 0.9926171967159098, 0.996485897824469, 0.9965439126623835, 0.9934274033347981, 1.0151416233344712, 0.9810543827117318, 0.9945909100759119, 1.0192910123770902, 1.010437207726979, 1.0049450401796347, 1.002210483022045, 0.9794611120971464, 0.9893868588150997, 1.0026504673999408, 0.9955141740838804, 1.011428968749494, 0.9946120021060064, 0.9916252142291976, 1.0100481954819327, 0.9930973663053848, 0.992671786686397, 1.0109190413129112, 0.9732256395873475, 1.0161653151148637, 0.9899583197420639, 0.9765537700384157, 1.006864830542139, 1.01769315816621]","[-0.0032892894047887866, -0.00401921594203436, -0.007382803284090245, -0.003514102175531053, -0.003456087337616487, -0.006572596665201935, 0.015141623334471221, -0.018945617288268157, -0.005409089924088062, 0.01929101237709019, 0.010437207726978981, 0.004945040179634708, 0.0022104830220450733, -0.02053888790285363, -0.01061314118490031, 0.0026504673999407924, -0.004485825916119568, 0.01142896874949395, -0.005387997893993579, -0.008374785770802418, 0.010048195481932698, -0.00690263369461519, -0.007328213313603005, 0.010919041312911215, -0.026774360412652465, 0.016165315114863743, -0.010041680257936059, -0.023446229961584297, 0.006864830542139044, 0.017693158166210088]","[0.0, 0.0, 0.10609468072652817, 0.0, 0.0, 0.0, 0.0, 0.10609468072652817, 0.10609468072652817, 0.09063518792390823, 0.0, 0.0, 0.0, 0.0, 0.10609468072652817, 0.0, 0.10609468072652817, 0.0, 0.0, 0.0, 0.08245295286178589, 0.0, 0.09127647429704666, 0.09906737506389618, 0.0, 0.10609468072652817, 0.0, 0.0, 0.0, 0.0]","[2.32782949105315e-22, 0.0, 0.0, 0.0, 0.0, 0.0, 2.331546231394812e-22, 0.0, 1.0, 2.3360093797223015e-22, 2.367282063350375e-22, 0.0, 3.4382139082081626e-22, 0.0, 0.0, 2.3285139526886897e-22, 0.0, 0.0, 0.0, 0.0, 0.0, 3.417429345834267e-22, 0.0, 2.3394600905287434e-22, 0.0, 0.0, 0.0, 3.427275690654857e-22, 0.0, 0.0]","[0.007438979284367543, 0.0036161304574687694, 0.010276733506705915, 0.007364559397838352, 0.0, 0.0, 0.0, 0.00028042348336389917, 0.922942472535365, 0.0014494772386366625, 0.0, 0.0005272532310000146, 0.0, 0.0, 0.0, 0.0, 0.0, 0.0, 0.014925353548973877, 0.004748561918792481, 0.013103974412898895, 0.006183147633719658, 0.0, 0.0, 0.0, 0.0036338255779180826, 0.0, 0.0, 0.0035091077729509125, 0.0]","[0.0, 0.0, 0.10609466582536697, 0.0, 0.0, 0.0, 0.0, 0.10609466582536697, 0.10609466582536697, 0.09063518047332764, 0.0, 0.0, 0.0, 0.0, 0.10609466582536697, 0.0, 0.10609466582536697, 0.0, 0.0, 0.0, 0.08245294541120529, 0.0, 0.09127646684646606, 0.09906736016273499, 0.0, 0.10609466582536697, 0.0, 0.0, 0.0, 0.0]",-0.0007129055745271779
39,1.0165075164865827,"[0.9967107105952112, 0.9959807840579656, 0.9926171967159098, 0.996485897824469, 0.9965439126623835, 0.9934274033347981, 1.0151416233344712, 0.9810543827117318, 0.9945909100759119, 1.0192910123770902, 1.010437207726979, 1.0049450401796347, 1.002210483022045, 0.9794611120971464, 0.9893868588150997, 1.0026504673999408, 0.9955141740838804, 1.011428968749494, 0.9946120021060064, 0.9916252142291976, 1.0100481954819327, 0.9930973663053848, 0.992671786686397, 1.0109190413129112, 0.9732256395873475, 1.0161653151148637, 0.9899583197420639, 0.9765537700384157, 1.006864830542139, 1.01769315816621]","[1.0078007483642752, 1.0012611456730534, 0.9990846150916585, 1.0107523401851795, 1.0188354442701357, 0.9865639812363517, 1.0002950916358135, 1.0035614046550472, 1.0065244724697822, 0.9959752824480742, 0.9877048378231228, 1.0093887595630517, 0.9877556486489927, 1.0237123024153865, 0.9977377486271346, 1.0088716556859645, 0.9984229609910659, 1.0002828396365973, 1.0044181554985758, 1.0131701386134735, 1.007335175903268, 1.020495955944335, 1.0225062628795116, 1.0124129190554574, 1.0080447177959848, 0.9881902182737519, 1.0013216138278385, 0.9956825741041893, 0.9907164221516875, 0.9807865575582018]","[0.007800748364275245, 0.0012611456730533543, -0.0009153849083415322, 0.010752340185179454, 0.018835444270135726, -0.013436018763648305, 0.00029509163581353803, 0.0035614046550471734, 0.006524472469782161, -0.004024717551925794, -0.012295162176877206, 0.00938875956305174, -0.012244351351007321, 0.023712302415386466, -0.002262251372865398, 0.008871655685964486, -0.0015770390089341335, 0.0002828396365972541, 0.0044181554985758265, 0.013170138613473492, 0.007335175903268043, 0.020495955944334954, 0.02250626287951163, 0.012412919055457383, 0.008044717795984813, -0.011809781726248136, 0.0013216138278384637, -0.004317425895810745, -0.009283577848312463, -0.019213442441798234]","[0.12070810794830322, 0.0, 0.0, 0.07131236791610718, 0.0, 0.0, 0.0, 0.07472909241914749, 0.12070810794830322, 0.0, 0.0, 0.12070810794830322, 0.0, 0.07640022039413452, 0.0, 0.0, 0.0, 0.0, 0.0, 0.0, 0.06843578815460205, 0.12070810794830322, 0.0, 0.10558202117681503, 0.0, 0.0, 0.12070810794830322, 0.0, 0.0, 0.0]","[0.0, 2.2925232334267843e-22, 0.0, 0.0, 2.3156942231752305e-22, 0.0, 0.0, 0.0, 1.0, 0.0, 0.0, 2.2906426736772103e-22, 0.0, 2.308471668428894e-22, 2.2915772265913073e-22, 2.306973640983253e-22, 0.0, 0.0, 0.0, 2.2929337775343494e-22, 0.0, 0.0, 0.0, 3.4264492529458984e-22, 0.0, 0.0, 0.0, 2.2946020107182364e-22, 0.0, 0.0]","[0.0, 0.006289916708775677, 0.0, 0.00020748193661521486, 0.0, 0.0059968160704688, 0.004120934251828826, 0.009373891888834703, 0.8991899030992828, 0.0, 0.021186589287229288, 0.0019550463743294717, 0.0, 0.0, 0.0, 0.0, 0.003975793859803275, 0.0, 0.0037806123174871408, 0.01171658146149494, 0.011006000422329491, 0.0, 0.004559053581974197, 0.005989643695916074, 0.005429430089392556, 0.0007891894534344881, 0.0, 0.0, 0.004433115500803197, 0.0]","[0.12070810794830322, 0.0, 0.0, 0.07131236791610718, 0.0, 0.0, 0.0, 0.07472909241914749, 0.12070810794830322, 0.0, 0.0, 0.12070810794830322, 0.0, 0.07640022039413452, 0.0, 0.0, 0.0, 0.0, 0.0, 0.0, 0.06843578815460205, 0.12070810794830322, 0.0, 0.10558202117681503, 0.0, 0.0, 0.12070810794830322, 0.0, 0.0, 0.0]",0.009577112302116301
40,1.0158227980946388,"[1.0078007483642752, 1.0012611456730534, 0.9990846150916585, 1.0107523401851795, 1.0188354442701357, 0.9865639812363517, 1.0002950916358135, 1.0035614046550472, 1.0065244724697822, 0.9959752824480742, 0.9877048378231228, 1.0093887595630517, 0.9877556486489927, 1.0237123024153865, 0.9977377486271346, 1.0088716556859645, 0.9984229609910659, 1.0002828396365973, 1.0044181554985758, 1.0131701386134735, 1.007335175903268, 1.020495955944335, 1.0225062628795116, 1.0124129190554574, 1.0080447177959848, 0.9881902182737519, 1.0013216138278385, 0.9956825741041893, 0.9907164221516875, 0.9807865575582018]","[1.0216289505233815, 1.0128303719813374, 0.9909744398737768, 1.0056713477244839, 0.9890366481135375, 0.9881188270098894, 1.0091128766266395, 0.995029419951969, 0.9812341340413897, 1.0114234163340423, 0.9966890032358309, 0.9893888947101716, 0.9941763363800625, 1.0045174057598438, 0.9958004912241492, 0.9913198870492117, 0.9947880246750014, 0.9982677046479688, 1.00673058072285, 1.0060920302478387, 1.0144717462725867, 1.0069628384645655, 1.001274393687751, 1.0084391468960543, 0.9741679930995281, 1.0048892540287055, 0.9973630864916604, 0.9819463936280249, 0.980435864641766, 0.9959053973491947]","[0.02162895052338154, 0.012830371981337407, -0.009025560126223242, 0.005671347724483855, -0.010963351886462469, -0.0118811729901106, 0.00911287662663951, -0.00497058004803097, -0.018765865958610295, 0.011423416334042313, -0.0033109967641691274, -0.010611105289828449, -0.005823663619937469, 0.004517405759843829, -0.0041995087758508465, -0.008680112950788299, -0.005211975324998619, -0.0017322953520312323, 0.006730580722849933, 0.0060920302478386645, 0.014471746272586739, 0.006962838464565468, 0.001274393687751063, 0.008439146896054295, -0.025832006900471938, 0.0048892540287055475, -0.002636913508339611, -0.01805360637197506, -0.01956413535823398, -0.004094602650805301]","[0.09726809710264206, 0.10421784222126007, 0.10421784222126007, 0.10421784222126007, 0.0, 0.0, 0.0, 0.08533184975385666, 0.08787517994642258, 0.0, 0.0, 0.0, 0.0, 0.0, 0.0, 0.0, 0.0, 0.0, 0.10421784222126007, 0.0, 0.0, 0.10421784222126007, 0.0, 0.0, 0.10421784222126007, 0.0, 0.0, 0.0, 0.0, 0.10421784222126007]","[0.0, 0.0, 3.398851734563555e-24, 6.442511919366525e-24, -1.0369276816578774e-22, -1.0424437481811004e-22, 0.0, 0.0, 1.0, -1.0379825753955105e-22, -1.0197236936052362e-22, 0.0, 0.0, 0.0, 0.0, 0.0, 0.0, 0.0, 6.201226081878119e-23, 0.0, 0.0, 0.0, 0.0, 0.0, 5.970688363289783e-24, 0.0, 0.0, 0.0, 0.0, 6.022860736206928e-24]","[0.002721647428327734, 0.0013712368012776194, 0.012643625473732208, 0.0068044691568444424, 0.0015985301034108599, 0.0, 0.008944357356538713, 0.004193734094606825, 0.8704323501813747, 0.008347235628223369, 0.008374213084150865, 0.0, 0.0, 0.0, 0.0010458342082842436, 0.0, 0.0, 0.0, 0.0, 0.0, 0.008370838341094413, 0.005441464369065585, 0.01488524747076301, 0.00704540430398505, 0.009043053136138565, 0.0, 0.0051046616517903326, 0.005828553998704999, 0.0019131007649736053, 0.015890442446712748]","[0.09726809710264206, 0.10421784222126007, 0.10421784222126007, 0.10421784222126007, 0.0, 0.0, 0.0, 0.08533184975385666, 0.08787517994642258, 0.0, 0.0, 0.0, 0.0, 0.0, 0.0, 0.0, 0.0, 0.0, 0.10421784222126007, 0.0, 0.0, 0.10421784222126007, 0.0, 0.0, 0.10421784222126007, 0.0, 0.0, 0.0, 0.0, 0.10421784222126007]",-0.0011621884773225998
41,1.0142737481320956,"[1.0216289505233815, 1.0128303719813374, 0.9909744398737768, 1.0056713477244839, 0.9890366481135375, 0.9881188270098894, 1.0091128766266395, 0.995029419951969, 0.9812341340413897, 1.0114234163340423, 0.9966890032358309, 0.9893888947101716, 0.9941763363800625, 1.0045174057598438, 0.9958004912241492, 0.9913198870492117, 0.9947880246750014, 0.9982677046479688, 1.00673058072285, 1.0060920302478387, 1.0144717462725867, 1.0069628384645655, 1.001274393687751, 1.0084391468960543, 0.9741679930995281, 1.0048892540287055, 0.9973630864916604, 0.9819463936280249, 0.980435864641766, 0.9959053973491947]","[0.98527525897371, 0.9956917559403772, 1.0034146700368645, 1.0214349048694173, 0.9981461333539172, 1.0135132041349482, 1.0053537722105235, 0.9985483822127315, 0.9867202293728089, 1.010524690546602, 0.995838234008055, 1.0155029600123653, 1.0030476301455482, 0.9976615518107523, 0.9833307061697432, 1.0265071371097114, 0.9850774270754918, 1.0092892637051822, 0.9999601472028387, 1.02348494027311, 0.9926425433830884, 1.0006787967374828, 0.9894814592085892, 0.9955127708423089, 1.0288765081754696, 1.0005942782386565, 1.0079187751009735, 1.0012849468888063, 1.000726382096518, 0.9871583322760636]","[-0.014724741026289956, -0.004308244059622823, 0.0034146700368644645, 0.02143490486941735, -0.0018538666460827802, 0.013513204134948165, 0.005353772210523466, -0.0014516177872685443, -0.013279770627191101, 0.0105246905466021, -0.0041617659919449546, 0.015502960012365286, 0.003047630145548208, -0.002338448189247666, -0.016669293830256837, 0.02650713710971142, -0.01492257292450816, 0.009289263705182238, -3.985279716134382e-05, 0.0234849402731101, -0.007357456616911562, 0.0006787967374828341, -0.010518540791410791, -0.004487229157691064, 0.028876508175469606, 0.0005942782386565426, 0.007918775100973496, 0.0012849468888063154, 0.0007263820965179857, -0.012841667723936356]","[0.0, 0.0, 0.11533765494823456, 0.0, 0.0, 0.06546573340892792, 0.11533765494823456, 0.0, 0.11533765494823456, 0.048998553305864334, 0.11533765494823456, 0.0, 0.0, 0.0, 0.0, 0.0, 0.0, 0.0, 0.0, 0.0, 0.11533765494823456, 0.07817208766937256, 0.11533765494823456, 0.0, 0.0, 0.0, 0.0, 0.0, 0.11533765494823456, 0.0]","[5.842909249792174e-23, 0.0, 0.0, 0.0, 0.0, 0.0, 0.0, 0.0, 1.0, 1.1396198320274273e-22, 0.0, 0.0, 1.1366711120260212e-22, 3.4976899858080753e-22, 0.0, 0.0, 0.0, 0.0, 0.0, 0.0, 0.0, 1.1325470281642131e-22, 1.963140159131105e-22, 0.0, 8.903857787130776e-22, 5.888179833967966e-23, 0.0, 0.0, 0.0, 1.1351754778179664e-22]","[0.006440141859013788, 0.0, 0.003980648575367266, 0.004135213579506899, 0.0, 0.002361959106057942, 0.0, 0.005734700848983167, 0.9380269580089072, 0.009959246113157377, 5.255909503129231e-05, 0.005600233026346423, 0.0, 0.0032540928864582042, 0.0, 0.0010098920792849068, 0.0, 0.0, 0.0, 0.009647838946683406, 0.0, 0.0, 0.0, 0.0018567752036473878, 0.0, 0.0, 0.0, 0.0, 0.00793974067155476, 0.0]","[0.0, 0.0, 0.11533766239881516, 0.0, 0.0, 0.06546574085950851, 0.11533766239881516, 0.0, 0.11533766239881516, 0.04899855703115463, 0.11533766239881516, 0.0, 0.0, 0.0, 0.0, 0.0, 0.0, 0.0, 0.0, 0.0, 0.11533766239881516, 0.07817209511995316, 0.11533766239881516, 0.0, 0.0, 0.0, 0.0, 0.0, 0.11533766239881516, 0.0]",-0.00192828137066025
42,1.0263650561847741,"[0.98527525897371, 0.9956917559403772, 1.0034146700368645, 1.0214349048694173, 0.9981461333539172, 1.0135132041349482, 1.0053537722105235, 0.9985483822127315, 0.9867202293728089, 1.010524690546602, 0.995838234008055, 1.0155029600123653, 1.0030476301455482, 0.9976615518107523, 0.9833307061697432, 1.0265071371097114, 0.9850774270754918, 1.0092892637051822, 0.9999601472028387, 1.02348494027311, 0.9926425433830884, 1.0006787967374828, 0.9894814592085892, 0.9955127708423089, 1.0288765081754696, 1.0005942782386565, 1.0079187751009735, 1.0012849468888063, 1.000726382096518, 0.9871583322760636]","[1.023744956439069, 0.9915542289654884, 1.0071246919749393, 1.0114988851612554, 0.9916839257686098, 1.0152647527102374, 0.9904863289598872, 1.0032126373226669, 1.0161172135198757, 1.0021752105180743, 0.9939663103489462, 1.0089324358458027, 0.9971635236405787, 1.0039859712804555, 1.0102901948618785, 1.0020016778895346, 1.03120452685484, 0.9877501355202778, 1.011236142876008, 1.01238507724424, 1.013320759741527, 1.0076738897655535, 1.021821149052215, 0.9956425364430015, 1.0081338715424408, 1.0100868325077945, 1.006993569151002, 1.006912136076934, 0.992344146998151, 1.0243292541338762]","[0.023744956439069043, -0.008445771034511607, 0.007124691974939257, 0.011498885161255412, -0.008316074231390247, 0.015264752710237417, -0.009513671040112803, 0.003212637322666856, 0.016117213519875717, 0.002175210518074344, -0.006033689651053775, 0.008932435845802722, -0.0028364763594213027, 0.003985971280455525, 0.010290194861878543, 0.0020016778895346476, 0.031204526854839987, -0.012249864479722206, 0.011236142876007937, 0.012385077244239984, 0.013320759741527022, 0.007673889765553499, 0.021821149052215105, -0.004357463556998509, 0.00813387154244083, 0.010086832507794519, 0.0069935691510019105, 0.006912136076933972, -0.007655853001849011, 0.02432925413387621]","[0.01404104195535183, 0.0, 0.12733730673789978, 0.0821826308965683, 0.0, 0.0, 0.0, 0.0, 0.09387057274580002, 0.0, 0.0, 0.0, 0.0, 0.08578627556562424, 0.10734572261571884, 0.0, 0.0, 0.0, 0.0, 0.0, 0.1464841365814209, 0.1464841365814209, 0.1464841365814209, 0.0, 0.0, 0.04998406767845154, 0.0, 0.0, 0.0, 0.0]","[5.059570401568515e-22, 0.0, 5.586225632966752e-22, 0.0, 0.0, 4.50473136869917e-22, 0.0, 4.493543247499106e-22, 1.0, 4.441962244714228e-22, 4.521992569012222e-22, 0.0, 0.0, 0.0, 0.0, 0.0, 0.0, 0.0, 4.710481386863859e-22, 4.776216509492482e-22, 0.0, 0.0, 0.0, 0.0, 0.0, 0.0, 0.0, 0.0, 0.0, 5.605691972344836e-22]","[0.015506513129644168, 0.006906191522557685, 0.0029222322529577284, 0.0, 0.0, 0.00753481478809313, 0.0010567846326954, 0.007064458227244663, 0.8937107496372345, 0.002860814266691488, 0.00012059839001667442, 0.0017152119886934603, 0.002713052618306179, 0.0006819012179330114, 0.0, 0.0, 0.0, 0.009519374222406193, 0.0, 0.009628418901555122, 0.0, 0.0, 0.0, 0.010092809912957093, 0.0037502674730737515, 0.008921727469521306, 0.007795385392838063, 0.001105420341183639, 0.006317539366333989, 7.573424806284608e-05]","[0.01404104009270668, 0.0, 0.1273372918367386, 0.0821826234459877, 0.0, 0.0, 0.0, 0.0, 0.09387055784463882, 0.0, 0.0, 0.0, 0.0, 0.08578626811504364, 0.10734570771455765, 0.0, 0.0, 0.0, 0.0, 0.0, 0.1464841216802597, 0.1464841216802597, 0.1464841216802597, 0.0, 0.0, 0.04998406022787094, 0.0, 0.0, 0.0, 0.0]",0.011302921225970524
43,1.0226707399471238,"[1.023744956439069, 0.9915542289654884, 1.0071246919749393, 1.0114988851612554, 0.9916839257686098, 1.0152647527102374, 0.9904863289598872, 1.0032126373226669, 1.0161172135198757, 1.0021752105180743, 0.9939663103489462, 1.0089324358458027, 0.9971635236405787, 1.0039859712804555, 1.0102901948618785, 1.0020016778895346, 1.03120452685484, 0.9877501355202778, 1.011236142876008, 1.01238507724424, 1.013320759741527, 1.0076738897655535, 1.021821149052215, 0.9956425364430015, 1.0081338715424408, 1.0100868325077945, 1.006993569151002, 1.006912136076934, 0.992344146998151, 1.0243292541338762]","[1.0043485169721618, 1.0232939320602927, 0.9950752743044936, 0.9955628978336958, 1.0029607714389437, 1.010878294097994, 0.9758564464371089, 1.0039475236253452, 1.0061005283014446, 0.9833507615562447, 1.0017414018143804, 0.987721497407058, 0.9744540439942322, 1.0000449781585787, 1.0112443031102885, 1.004915302505658, 1.0147009605591055, 1.0114910368946919, 1.0044101774548526, 0.9824680278889004, 1.0341147296228617, 1.0027751597891614, 0.9717653317011798, 0.9900637115334683, 1.0168575962696642, 1.0062685973973966, 0.9935760632458638, 1.0075841414602327, 0.9820859034567171, 0.9902956774026203]","[0.0043485169721617645, 0.023293932060292732, -0.004924725695506393, -0.004437102166304219, 0.002960771438943688, 0.010878294097993901, -0.024143553562891107, 0.003947523625345228, 0.0061005283014445855, -0.01664923844375532, 0.0017414018143804277, -0.012278502592942053, -0.02554595600576781, 4.497815857873455e-05, 0.011244303110288456, 0.004915302505658081, 0.014700960559105525, 0.011491036894691886, 0.004410177454852615, -0.01753197211109958, 0.03411472962286166, 0.00277515978916143, -0.028234668298820154, -0.009936288466531717, 0.01685759626966421, 0.0062685973973966025, -0.006423936754136217, 0.007584141460232674, -0.01791409654328291, -0.009704322597379744]","[0.0, 0.0, 0.10736626386642456, 0.10736626386642456, 0.0, 0.0, 0.0, 0.0, 0.0, 0.0, 0.10736626386642456, 0.09222490340471268, 0.10736626386642456, 0.0, 0.08194728195667267, 0.0, 0.0, 0.0, 0.0820923000574112, 0.0, 0.10736626386642456, 0.0, 0.09953787177801132, 0.0, 0.0, 0.0, 0.0, 0.0, 0.0, 0.10736626386642456]","[0.0, 3.421065281889997e-22, 0.0, 0.0, 0.0, 0.0, 2.3303207312022447e-22, 0.0, 1.0, 5.803256907098869e-22, 1.2412695417839943e-22, 0.0, 0.0, 0.0, 3.409051902697806e-22, 0.0, 0.0, 0.0, 1.6232672424469898e-22, 0.0, 3.425790389631029e-22, 1.7481054610735938e-22, 0.0, 0.0, 5.643587206134594e-22, 0.0, 0.0, 0.0, 0.0, 0.0]","[0.002406871037701812, 0.01827714008109228, 0.0, 0.0029174227429438, 0.0, 0.0, 0.00523800333916827, 7.820280515244924e-05, 0.8791970856415311, 0.007289156654675387, 0.0, 0.009369874131922397, 0.0031748930320171518, 0.0, 0.0, 0.006446481043929769, 0.0, 0.0, 0.0010191176773341022, 0.0, 0.010994370032541344, 0.017528340000738, 0.0, 0.0, 0.0016013187847944137, 0.01234633084847984, 0.0, 0.016392459837782383, 0.004943007315408848, 0.0007799249927867383]","[0.0, 0.0, 0.10736627131700516, 0.10736627131700516, 0.0, 0.0, 0.0, 0.0, 0.0, 0.0, 0.10736627131700516, 0.09222491085529327, 0.10736627131700516, 0.0, 0.08194728940725327, 0.0, 0.0, 0.0, 0.08209230750799179, 0.0, 0.10736627131700516, 0.0, 0.09953787922859192, 0.0, 0.0, 0.0, 0.0, 0.0, 0.0, 0.10736627131700516]",-0.004083598003276708
44,1.0157070339101666,"[1.0043485169721618, 1.0232939320602927, 0.9950752743044936, 0.9955628978336958, 1.0029607714389437, 1.010878294097994, 0.9758564464371089, 1.0039475236253452, 1.0061005283014446, 0.9833507615562447, 1.0017414018143804, 0.987721497407058, 0.9744540439942322, 1.0000449781585787, 1.0112443031102885, 1.004915302505658, 1.0147009605591055, 1.0114910368946919, 1.0044101774548526, 0.9824680278889004, 1.0341147296228617, 1.0027751597891614, 0.9717653317011798, 0.9900637115334683, 1.0168575962696642, 1.0062685973973966, 0.9935760632458638, 1.0075841414602327, 0.9820859034567171, 0.9902956774026203]","[0.9892407794817674, 1.0013954850586029, 1.0080664649324729, 1.0170177672518237, 0.9765302522792312, 0.9943170771920381, 1.0272573964242553, 0.9877104000334263, 0.9897606781921674, 0.970925983318673, 1.0125965595828985, 0.9976776861252942, 1.000742423146499, 1.0029101563555145, 0.9897121603259761, 0.9871494957770637, 1.0051968991652325, 0.9781436760478297, 1.0154005968189619, 1.0018894659227748, 0.9783002382883612, 0.9792373702018149, 1.0016707803010727, 1.0238687849244446, 1.0098472722516048, 0.9750201130400143, 1.016137418459643, 1.0010701743077617, 0.9998957422788944, 0.9960048616299852]","[-0.010759220518232637, 0.0013954850586028744, 0.008066464932472872, 0.01701776725182369, -0.02346974772076882, -0.005682922807961899, 0.027257396424255287, -0.01228959996657375, -0.010239321807832602, -0.02907401668132703, 0.012596559582898514, -0.002322313874705828, 0.0007424231464989717, 0.002910156355514504, -0.010287839674023913, -0.012850504222936321, 0.005196899165232471, -0.021856323952170298, 0.015400596818961887, 0.0018894659227748356, -0.021699761711638788, -0.020762629798185106, 0.0016707803010727051, 0.023868784924444553, 0.009847272251604755, -0.024979886959985653, 0.016137418459643005, 0.0010701743077616843, -0.00010425772110556064, -0.00399513837001475]","[0.1017177626490593, 0.1017177626490593, 0.0, 0.0, 0.0, 0.0, 0.0, 0.1017177626490593, 0.0, 0.0, 0.0, 0.0, 0.1017177626490593, 0.1017177626490593, 0.0, 0.1017177626490593, 0.0, 0.1017177626490593, 0.0, 0.0, 0.0, 0.1017177626490593, 0.0, 0.0, 0.1017177626490593, 0.0, 0.0, 0.0, 0.0, 0.08454003930091858]","[4.548725596915247e-22, 0.0, 0.0, 4.554143274765033e-22, 4.556792369432529e-22, 4.550717335361981e-22, 4.562053250268936e-22, 0.0, 1.0, 0.0, 0.0, 0.0, 0.0, 5.93961128410184e-22, 0.0, 0.0, 0.0, 0.0, 5.240813560324571e-22, 0.0, 0.0, 0.0, 0.0, 4.563366331802168e-22, 4.540892501576496e-22, 0.0, 0.0, 0.0, 0.0, 0.0]","[0.0, 0.00888309805455152, 0.0, 0.0, 0.0, 0.0016123730579999068, 0.00706115287848048, 0.0, 0.9129011857940142, 0.011001790393446296, 0.0, 0.002753638567267889, 0.0, 0.0, 0.0, 0.0, 0.0, 0.0, 0.0, 0.0015831262211336132, 0.01320193789675506, 0.0, 0.0, 0.0, 0.005530947470699263, 0.00906612450086805, 0.013367986846958542, 0.0027863136050619796, 0.010250324712763126, 0.0]","[0.10171777755022049, 0.10171777755022049, 0.0, 0.0, 0.0, 0.0, 0.0, 0.10171777755022049, 0.0, 0.0, 0.0, 0.0, 0.10171777755022049, 0.10171777755022049, 0.0, 0.10171777755022049, 0.0, 0.10171777755022049, 0.0, 0.0, 0.0, 0.10171777755022049, 0.0, 0.0, 0.10171777755022049, 0.0, 0.0, 0.0, 0.0, 0.08454004675149918]",-0.007259070201870626
45,1.0106150288809226,"[0.9892407794817674, 1.0013954850586029, 1.0080664649324729, 1.0170177672518237, 0.9765302522792312, 0.9943170771920381, 1.0272573964242553, 0.9877104000334263, 0.9897606781921674, 0.970925983318673, 1.0125965595828985, 0.9976776861252942, 1.000742423146499, 1.0029101563555145, 0.9897121603259761, 0.9871494957770637, 1.0051968991652325, 0.9781436760478297, 1.0154005968189619, 1.0018894659227748, 0.9783002382883612, 0.9792373702018149, 1.0016707803010727, 1.0238687849244446, 1.0098472722516048, 0.9750201130400143, 1.016137418459643, 1.0010701743077617, 0.9998957422788944, 0.9960048616299852]","[0.9941521969927807, 0.9819258200390952, 1.0001631367859658, 0.9884472898078632, 0.9898776948024648, 0.9882274727857219, 0.9784506468781248, 0.992226968737401, 0.9807077173296825, 0.9902943985262908, 1.004002634070498, 0.9907247678553037, 1.0339944410390096, 1.019292627232916, 0.9997993982202842, 1.0095592734502903, 1.0105151229489222, 0.9788502385009601, 1.00756796163479, 1.0157467723413593, 0.9930612888089442, 0.9774140139330892, 0.995462892046474, 0.9991509160513838, 0.9792549862282094, 1.004679166464581, 1.0062360296644965, 1.0039736463039088, 0.9823089766171098, 0.9857848708028882]","[-0.005847803007219321, -0.018074179960904768, 0.0001631367859658006, -0.011552710192136773, -0.010122305197535209, -0.011772527214278128, -0.021549353121875225, -0.007773031262598984, -0.019292282670317462, -0.009705601473709247, 0.004002634070497946, -0.009275232144696277, 0.033994441039009615, 0.019292627232915915, -0.0002006017797158144, 0.009559273450290284, 0.010515122948922206, -0.02114976149903991, 0.007567961634789899, 0.01574677234135935, -0.006938711191055824, -0.022585986066910757, -0.004537107953526021, -0.0008490839486161583, -0.02074501377179061, 0.004679166464581108, 0.006236029664496545, 0.00397364630390884, -0.017691023382890192, -0.014215129197111764]","[0.10395295172929764, 0.09881170839071274, 0.08651500195264816, 0.10395295172929764, 0.0, 0.0, 0.0, 0.0, 0.09422500431537628, 0.0, 0.10395295172929764, 0.0, 0.10395295172929764, 0.0, 0.10307548195123672, 0.0, 0.0, 0.0, 0.0, 0.0, 0.0, 0.0, 0.0, 0.0, 0.10395295172929764, 0.0, 0.0, 0.0, 0.0, 0.09760796278715134]","[0.0, 0.0, 0.0, 0.0, 0.0, -8.91053484215759e-23, 0.0, 0.0, 0.0, 0.0, -8.822358616553803e-23, -9.124340528512985e-23, 0.0, 0.0, -9.102331365956696e-23, -8.773706155478748e-23, 0.0, 1.3046500142350364e-22, 1.0, 0.0, 1.2960963613276538e-22, 0.0, 7.650888590836436e-23, 0.0, 0.0, 0.0, -8.834638888221089e-23, 0.0, 0.0, 0.0]","[0.0059720952969099525, 0.005644731353985662, 0.0, 0.0, 0.0, 0.0, 0.0, 0.0, 0.0018510579877680131, 0.0, 0.010388387548647265, 0.0, 0.0073727520011829225, 0.0019423155866780124, 0.0023130730103283524, 0.00038660950927184534, 0.0, 0.014562582541296746, 0.897168127465988, 0.004237212833189222, 0.00618622729184795, 0.0004363820379821805, 0.0006127718265339575, 0.0, 0.01172131537153742, 0.009639413205276929, 0.0022621629150868187, 0.013600052768628091, 0.0037027294478607507, 0.0]","[0.10395295917987823, 0.09881171584129333, 0.08651500940322876, 0.10395295917987823, 0.0, 0.0, 0.0, 0.0, 0.09422501176595688, 0.0, 0.10395295917987823, 0.0, 0.10395295917987823, 0.0, 0.10307548940181732, 0.0, 0.0, 0.0, 0.0, 0.0, 0.0, 0.0, 0.0, 0.0, 0.10395295917987823, 0.0, 0.0, 0.0, 0.0, 0.09760797023773193]",-0.005453783417568363
46,1.0101802410803893,"[0.9941521969927807, 0.9819258200390952, 1.0001631367859658, 0.9884472898078632, 0.9898776948024648, 0.9882274727857219, 0.9784506468781248, 0.992226968737401, 0.9807077173296825, 0.9902943985262908, 1.004002634070498, 0.9907247678553037, 1.0339944410390096, 1.019292627232916, 0.9997993982202842, 1.0095592734502903, 1.0105151229489222, 0.9788502385009601, 1.00756796163479, 1.0157467723413593, 0.9930612888089442, 0.9774140139330892, 0.995462892046474, 0.9991509160513838, 0.9792549862282094, 1.004679166464581, 1.0062360296644965, 1.0039736463039088, 0.9823089766171098, 0.9857848708028882]","[0.98703875602309, 1.0113099886466814, 0.9931420461961699, 1.009209816749636, 1.0070584481744567, 1.002140610823857, 1.0093642309379725, 0.9942242743609826, 1.02482878947605, 0.9946523011329726, 1.02096162847827, 0.9949184016378514, 0.9921965516469581, 0.9830449061378776, 1.016543126561025, 0.9789836674650406, 0.9920192513044529, 1.0038593250738954, 1.0021067849856016, 0.9862021487842694, 1.0058497371731012, 1.0009392410751932, 1.0129474647299734, 0.9992049523596988, 1.013434436240123, 1.0082210037098753, 1.0013943691978169, 0.9931803341521407, 0.9886840801616821, 0.9914898614427758]","[-0.012961243976910009, 0.011309988646681424, -0.006857953803830141, 0.009209816749635946, 0.007058448174456666, 0.002140610823857081, 0.009364230937972451, -0.005775725639017404, 0.02482878947604994, -0.005347698867027351, 0.0209616284782701, -0.005081598362148609, -0.00780344835304192, -0.01695509386212235, 0.016543126561024968, -0.02101633253495938, -0.007980748695547102, 0.0038593250738954143, 0.002106784985601573, -0.013797851215730628, 0.0058497371731012215, 0.0009392410751931646, 0.012947464729973435, -0.0007950476403012496, 0.013434436240123082, 0.00822100370987533, 0.0013943691978168804, -0.006819665847859313, -0.011315919838317923, -0.008510138557224156]","[0.11878335475921631, 0.11878335475921631, 0.11878335475921631, 0.08352651447057724, 0.0, 0.0, 0.08770103007555008, 0.0, 0.0, 0.05821268633008003, 0.0, 0.0, 0.11878335475921631, 0.0, 0.0, 0.0, 0.09048350155353546, 0.0, 0.0, 0.0, 0.0, 0.0, 0.11878335475921631, 0.0, 0.0, 0.0, 0.0, 0.08615945279598236, 0.0, 0.0]","[0.0, 0.0, 1.6118625024767273e-23, 1.6101863277438258e-23, 0.0, 0.0, 0.0, 1.4837603002101774e-23, 0.0, 0.0, 1.885830399220098e-23, 1.6623423354949727e-23, 0.0, 0.0, 2.386846114799595e-22, 0.0, 0.0, 0.0, 1.0, 0.0, 0.0, 0.0, 2.3959524058473187e-22, 0.0, 0.0, 1.2702036247020485e-22, 0.0, 0.0, 1.650433550753908e-23, 0.0]","[0.0, 0.011260104947803716, 0.0, 0.0, 0.00666470311713647, 0.0, 0.0, 0.0006098149597833133, 0.0, 0.0, 0.0, 0.005510022025046922, 0.012157733525268152, 0.014573149429366253, 0.0, 0.010189236952405584, 0.0, 0.013393543072462615, 0.8807800216432462, 0.002896714673975719, 0.006695525267961964, 0.0, 0.01003136680112106, 0.005457662168796958, 0.012953330385568347, 0.0, 0.0, 0.0, 0.0005961004347299724, 0.006230970595326997]","[0.1187833622097969, 0.1187833622097969, 0.1187833622097969, 0.08352652192115784, 0.0, 0.0, 0.08770103752613068, 0.0, 0.0, 0.05821269005537033, 0.0, 0.0, 0.1187833622097969, 0.0, 0.0, 0.0, 0.09048350900411606, 0.0, 0.0, 0.0, 0.0, 0.0, 0.1187833622097969, 0.0, 0.0, 0.0, 0.0, 0.08615946024656296, 0.0, 0.0]",-0.0008526037364494064
47,1.0058014441683956,"[0.98703875602309, 1.0113099886466814, 0.9931420461961699, 1.009209816749636, 1.0070584481744567, 1.002140610823857, 1.0093642309379725, 0.9942242743609826, 1.02482878947605, 0.9946523011329726, 1.02096162847827, 0.9949184016378514, 0.9921965516469581, 0.9830449061378776, 1.016543126561025, 0.9789836674650406, 0.9920192513044529, 1.0038593250738954, 1.0021067849856016, 0.9862021487842694, 1.0058497371731012, 1.0009392410751932, 1.0129474647299734, 0.9992049523596988, 1.013434436240123, 1.0082210037098753, 1.0013943691978169, 0.9931803341521407, 0.9886840801616821, 0.9914898614427758]","[1.007483723469992, 1.0287418906592785, 0.9802768262329629, 0.9838133617505206, 0.9982923424238663, 1.0046549932376618, 1.0054831572880558, 1.0044325181686142, 0.9868947424627701, 1.0019186085124803, 0.9759854088038888, 0.9934775776108998, 0.9850021222005294, 1.0026063360586697, 1.001143144013161, 1.0106897989301358, 1.0013681887964954, 1.019656669247521, 0.9997174211036118, 1.000320662275787, 1.0144793129020242, 0.9843123318346889, 1.0189734769609815, 1.0040970896701342, 1.0032210154186871, 0.9873329723840523, 0.9991593096176369, 0.9941368343866945, 1.0115386277097025, 1.0235337448328563]","[0.007483723469992043, 0.028741890659278457, -0.01972317376703714, -0.016186638249479413, -0.0017076575761336699, 0.004654993237661831, 0.005483157288055818, 0.00443251816861423, -0.013105257537229908, 0.0019186085124802688, -0.024014591196111157, -0.006522422389100169, -0.014997877799470594, 0.002606336058669667, 0.0011431440131610682, 0.010689798930135774, 0.001368188796495362, 0.019656669247521075, -0.0002825788963881637, 0.0003206622757869759, 0.0144793129020242, -0.015687668165311086, 0.018973476960981506, 0.004097089670134224, 0.0032210154186871343, -0.012667027615947735, -0.0008406903823631184, -0.0058631656133054655, 0.011538627709702487, 0.023533744832856307]","[0.0, 0.0, 0.1007959246635437, 0.0, 0.0, 0.0, 0.0928366407752037, 0.0, 0.1007959246635437, 0.1007959246635437, 0.1007959246635437, 0.1007959246635437, 0.1007959246635437, 0.0, 0.0, 0.1007959246635437, 0.0, 0.0, 0.0, 0.0, 0.1007959246635437, 0.0, 0.0, 0.0, 0.1007959246635437, 0.0, 0.0, 0.0, 0.0, 0.0]","[0.0, 2.340918757389739e-22, 0.0, 0.0, 0.0, 0.0, 0.0, 0.0, 0.0, 1.2226918542156413e-22, 1.2663596036254816e-22, 2.3586071345111345e-22, 1.214062974700335e-22, 0.0, 0.0, 2.379033444641239e-22, 2.3163200651732003e-22, 0.0, 1.0, 0.0, 0.0, 0.0, 0.0, 0.0, 2.345097654604434e-22, 0.0, 0.0, 0.0, 2.356294965571821e-22, 0.0]","[0.0, 0.00216365583022102, 0.0, 0.0009100975366695525, 0.0, 0.002986716880996515, 0.01876228661030154, 0.005095375965397382, 0.0054228974923051015, 0.0094771076679539, 0.0, 0.0037283937162295735, 0.0, 0.0015873891539111076, 0.0022918750964324368, 0.000319540708718294, 0.0, 0.01394811772451831, 0.8885857737658349, 0.005650377455650525, 0.005318162892304337, 0.0, 0.006802084516649131, 0.0, 0.0008204851585297087, 0.0057281471772513345, 0.012041462056926347, 2.1443163378162864e-05, 0.008338609429820744, 0.0]","[0.0, 0.0, 0.1007959321141243, 0.0, 0.0, 0.0, 0.0928366482257843, 0.0, 0.1007959321141243, 0.1007959321141243, 0.1007959321141243, 0.1007959321141243, 0.1007959321141243, 0.0, 0.0, 0.1007959321141243, 0.0, 0.0, 0.0, 0.0, 0.1007959321141243, 0.0, 0.0, 0.0, 0.1007959321141243, 0.0, 0.0, 0.0, 0.0, 0.0]",-0.004751193015768624
48,0.999865536200681,"[1.007483723469992, 1.0287418906592785, 0.9802768262329629, 0.9838133617505206, 0.9982923424238663, 1.0046549932376618, 1.0054831572880558, 1.0044325181686142, 0.9868947424627701, 1.0019186085124803, 0.9759854088038888, 0.9934775776108998, 0.9850021222005294, 1.0026063360586697, 1.001143144013161, 1.0106897989301358, 1.0013681887964954, 1.019656669247521, 0.9997174211036118, 1.000320662275787, 1.0144793129020242, 0.9843123318346889, 1.0189734769609815, 1.0040970896701342, 1.0032210154186871, 0.9873329723840523, 0.9991593096176369, 0.9941368343866945, 1.0115386277097025, 1.0235337448328563]","[1.0176111270994281, 1.0191131895556544, 0.9940548157039246, 0.9914238526534626, 1.0088763132023444, 1.0057619074355788, 1.0107904503551006, 1.0002400910748557, 0.9893346649876644, 1.0042960514978494, 0.9920832448939103, 0.9855039932478129, 0.9961001913457757, 1.0061008561748328, 0.9658488123725854, 0.9886084987554626, 0.9936342664946257, 1.004643363434735, 0.9998530654657753, 0.9896305430051864, 0.991576431007772, 0.9837922944648057, 0.9891555734972495, 1.0293795236955838, 0.9946467883383121, 1.00292329770706, 1.006867821774548, 0.9663869164306582, 1.0000843482807515, 1.0271935476073182]","[0.017611127099428137, 0.019113189555654442, -0.005945184296075379, -0.008576147346537444, 0.008876313202344388, 0.005761907435578806, 0.010790450355100623, 0.00024009107485567505, -0.010665335012335575, 0.004296051497849396, -0.00791675510608969, -0.014496006752187096, -0.003899808654224346, 0.006100856174832803, -0.03415118762741465, -0.011391501244537361, -0.0063657335053742825, 0.004643363434734926, -0.00014693453422465197, -0.01036945699481362, -0.008423568992227959, -0.01620770553519435, -0.010844426502750526, 0.02937952369558383, -0.0053532116616878955, 0.002923297707059902, 0.006867821774547922, -0.033613083569341784, 8.434828075154499e-05, 0.02719354760731818]","[0.0, 0.0, 0.0, 0.07528609037399292, 0.0, 0.0, 0.0, 0.053343430161476135, 0.1110200360417366, 0.10101829469203949, 0.0, 0.0, 0.0, 0.0, 0.0, 0.0, 0.0, 0.0, 0.0, 0.10423201322555542, 0.1110200360417366, 0.1110200360417366, 0.0, 0.0, 0.0, 0.0, 0.0, 0.1110200360417366, 0.1110200360417366, 0.1110200360417366]","[0.0, 0.0, 0.0, 6.831283462742728e-22, 0.0, 0.0, 0.0, 0.0, 7.937630074924101e-22, 0.0, 0.0, 6.837249309805013e-22, 0.0, 0.0, 6.838927218737681e-22, 6.866215923066497e-22, 0.0, 0.0, 1.0, 0.0, 6.828331210154395e-22, 6.844277145268622e-22, 0.0, 0.0, 0.0, 6.830786882290907e-22, 6.861069330672406e-22, 0.0, 0.0, 0.0]","[0.0, 0.009568470617396367, 0.0, 0.0, 0.015202746308504394, 0.0016383710821701956, 0.008568311069375657, 0.0, 0.0040527061910551575, 0.0037122033942814897, 0.000580890772264761, 0.007467100539212367, 0.0015598183846593755, 0.0, 0.00022924553949088173, 0.0, 0.0, 0.0055491580760132836, 0.8905013171639621, 0.0, 0.003870563071455504, 0.008496895835732642, 0.0023861987103130575, 0.0, 0.02193617222730085, 0.0, 0.0, 0.0011394323638176014, 0.013540398652994428, 0.0]","[0.0, 0.0, 0.0, 0.07528608292341232, 0.0, 0.0, 0.0, 0.05334342271089554, 0.11102002114057541, 0.1010182797908783, 0.0, 0.0, 0.0, 0.0, 0.0, 0.0, 0.0, 0.0, 0.0, 0.10423199832439423, 0.11102002114057541, 0.11102002114057541, 0.0, 0.0, 0.0, 0.0, 0.0, 0.11102002114057541, 0.11102002114057541, 0.11102002114057541]",-0.00634869545713231
49,0.9963623718873345,"[1.0176111270994281, 1.0191131895556544, 0.9940548157039246, 0.9914238526534626, 1.0088763132023444, 1.0057619074355788, 1.0107904503551006, 1.0002400910748557, 0.9893346649876644, 1.0042960514978494, 0.9920832448939103, 0.9855039932478129, 0.9961001913457757, 1.0061008561748328, 0.9658488123725854, 0.9886084987554626, 0.9936342664946257, 1.004643363434735, 0.9998530654657753, 0.9896305430051864, 0.991576431007772, 0.9837922944648057, 0.9891555734972495, 1.0293795236955838, 0.9946467883383121, 1.00292329770706, 1.006867821774548, 0.9663869164306582, 1.0000843482807515, 1.0271935476073182]","[0.9925181574192816, 0.9931883188351516, 0.9935200636689197, 1.0002051653626791, 1.0003384859397197, 1.0098834818690274, 1.0043050919091523, 0.9884654928967275, 1.00040189948293, 0.9740194215216866, 0.9802945616449037, 0.9692185240239097, 1.0094912978719017, 0.991156759241894, 1.002851563616652, 1.0188631933331114, 0.979773928157293, 0.9991147194011013, 1.0083667653216397, 0.9965604057457798, 1.0332528731299822, 0.9936899246723934, 1.0023502706744942, 1.0237485142154557, 1.00197092073393, 1.018084563326883, 1.00330347200145, 0.9956102101438554, 1.0164465009827979, 1.005347554868799]","[-0.007481842580718379, -0.0068116811648484266, -0.006479936331080349, 0.00020516536267911611, 0.00033848593971974594, 0.009883481869027433, 0.004305091909152292, -0.011534507103272529, 0.00040189948293001265, -0.025980578478313365, -0.019705438355096305, -0.030781475976090267, 0.009491297871901727, -0.008843240758106052, 0.002851563616651953, 0.018863193333111372, -0.020226071842706972, -0.0008852805988986967, 0.008366765321639713, -0.0034395942542202462, 0.03325287312998215, -0.006310075327606635, 0.002350270674494226, 0.02374851421545565, 0.001970920733930015, 0.018084563326882908, 0.0033034720014499808, -0.004389789856144577, 0.016446500982797874, 0.005347554868798898]","[0.1058533564209938, 0.1058533564209938, 0.0, 0.0, 0.0, 0.08258135616779327, 0.0, 0.0, 0.0, 0.0, 0.1058533564209938, 0.1058533564209938, 0.0, 0.0, 0.07059177756309509, 0.1058533564209938, 0.1058533564209938, 0.0, 0.0, 0.0, 0.0, 0.0, 0.0, 0.0, 0.0, 0.1058533564209938, 0.0, 0.0, 0.0, 0.1058533564209938]","[1.1622194704990056e-22, 0.0, 0.0, 0.0, 0.0, 0.0, 1.1901313074583615e-22, 0.0, 0.0, 1.1911518385074077e-22, 0.0, 0.0, 0.0, 3.122559219885413e-22, 0.0, 1.1423232022357247e-23, 0.0, 0.0, 1.0, 1.192654333216888e-22, 0.0, 0.0, 1.2159302437768446e-22, 1.188711170936722e-22, 0.0, 0.0, 1.122101907872053e-23, 0.0, 0.0, 0.0]","[0.0022703243711459176, 0.0, 0.015292539099116542, 0.0069837262264178124, 0.0018808667032117656, 0.004671392586774145, 0.0, 0.014151584782484107, 0.00950132725782017, 7.846628578569e-05, 0.0, 0.0, 0.010676566665436368, 0.0, 0.0, 0.01420867417322048, 0.007557186219549632, 0.0, 0.8861134980263403, 0.0, 0.007228472035080234, 0.0, 0.0, 0.0, 0.003849426821601607, 0.01343904796210557, 0.0, 0.0, 0.002096900783909673, 0.0]","[0.1058533564209938, 0.1058533564209938, 0.0, 0.0, 0.0, 0.08258135616779327, 0.0, 0.0, 0.0, 0.0, 0.1058533564209938, 0.1058533564209938, 0.0, 0.0, 0.07059177756309509, 0.1058533564209938, 0.1058533564209938, 0.0, 0.0, 0.0, 0.0, 0.0, 0.0, 0.0, 0.0, 0.1058533564209938, 0.0, 0.0, 0.0, 0.1058533564209938]",-0.003880201559332366
50,0.9999863365756125,"[0.9925181574192816, 0.9931883188351516, 0.9935200636689197, 1.0002051653626791, 1.0003384859397197, 1.0098834818690274, 1.0043050919091523, 0.9884654928967275, 1.00040189948293, 0.9740194215216866, 0.9802945616449037, 0.9692185240239097, 1.0094912978719017, 0.991156759241894, 1.002851563616652, 1.0188631933331114, 0.979773928157293, 0.9991147194011013, 1.0083667653216397, 0.9965604057457798, 1.0332528731299822, 0.9936899246723934, 1.0023502706744942, 1.0237485142154557, 1.00197092073393, 1.018084563326883, 1.00330347200145, 0.9956102101438554, 1.0164465009827979, 1.005347554868799]","[0.9947286621324167, 1.030295617032561, 0.9884492468528328, 1.0023140703184696, 1.0310058656923458, 1.01146065095251, 1.016882246279688, 0.9807143620388249, 0.9894277534236302, 1.0009317339751318, 1.0153311263293465, 1.0081337927746288, 0.9966672440200932, 0.9803782021335286, 0.9935394851273134, 1.0231479856547934, 1.0193940260289707, 1.0124016667218334, 1.0224124636648564, 1.0046335052968014, 1.0230392786296423, 0.9831579404075546, 1.0153025608809012, 0.9944630027608241, 0.9989904632704437, 0.9939392150689934, 0.9985564478854333, 1.0049327672283874, 0.9984088442462644, 0.9721393847145726]","[-0.00527133786758327, 0.030295617032561006, -0.011550753147167248, 0.002314070318469641, 0.031005865692345758, 0.011460650952509921, 0.01688224627968804, -0.019285637961175106, -0.010572246576369793, 0.0009317339751317988, 0.015331126329346523, 0.008133792774628779, -0.0033327559799067874, -0.019621797866471447, -0.006460514872686618, 0.023147985654793368, 0.019394026028970668, 0.012401666721833404, 0.022412463664856386, 0.004633505296801399, 0.02303927862964228, -0.016842059592445446, 0.015302560880901206, -0.005536997239175889, -0.0010095367295562818, -0.006060784931006591, -0.001443552114566704, 0.004932767228387425, -0.0015911557537355847, -0.02786061528542738]","[0.0, 0.0, 0.0, 0.06775534152984619, 0.0, 0.10889682173728943, 0.0, 0.0, 0.10889682173728943, 0.0, 0.0, 0.0, 0.0, 0.0, 0.10889682173728943, 0.0, 0.0, 0.10889682173728943, 0.10889682173728943, 0.10889682173728943, 0.0, 0.0, 0.0, 0.0, 0.0651160478591919, 0.10889682173728943, 0.0, 0.10485084354877472, 0.0, 0.0]","[0.0, 0.0, 0.0, 3.4580329662173066e-22, 0.0, 0.0, 4.548512660553916e-22, 0.0, 8.451321081002796e-22, 0.0, 3.480103506034696e-22, 0.0, 0.0, 0.0, 3.4621267739981657e-22, 3.4815097993108592e-22, 0.0, 3.4625738968463487e-22, 1.0, 0.0, 0.0, 0.0, 0.0, 0.0, 5.670656124200971e-22, 0.0, 3.4797604971720437e-22, 0.0, 0.0, 0.0]","[0.0, 0.0, 0.020873988817153508, 0.008934939064830552, 0.0, 0.0026292248955366963, 0.0, 0.0, 0.005650346410548399, 0.0, 0.013356180275012655, 0.006740517492764601, 0.0013095961497842177, 0.0, 0.0, 0.010326347289238558, 0.0, 0.0, 0.9061668552115687, 0.0, 0.0016411125607016534, 0.0024861393022911796, 0.0, 0.0, 0.0, 0.01458785697794093, 0.000598801372156278, 0.00278191748140043, 0.000641123831877933, 0.00127505286719379]","[0.0, 0.0, 0.0, 0.06775534898042679, 0.0, 0.10889682918787003, 0.0, 0.0, 0.10889682918787003, 0.0, 0.0, 0.0, 0.0, 0.0, 0.10889682918787003, 0.0, 0.0, 0.10889682918787003, 0.10889682918787003, 0.10889682918787003, 0.0, 0.0, 0.0, 0.0, 0.06511605530977249, 0.10889682918787003, 0.0, 0.10485085099935532, 0.0, 0.0]",0.003222859318778894
51,0.9973539934263596,"[0.9947286621324167, 1.030295617032561, 0.9884492468528328, 1.0023140703184696, 1.0310058656923458, 1.01146065095251, 1.016882246279688, 0.9807143620388249, 0.9894277534236302, 1.0009317339751318, 1.0153311263293465, 1.0081337927746288, 0.9966672440200932, 0.9803782021335286, 0.9935394851273134, 1.0231479856547934, 1.0193940260289707, 1.0124016667218334, 1.0224124636648564, 1.0046335052968014, 1.0230392786296423, 0.9831579404075546, 1.0153025608809012, 0.9944630027608241, 0.9989904632704437, 0.9939392150689934, 0.9985564478854333, 1.0049327672283874, 0.9984088442462644, 0.9721393847145726]","[1.0089412926515597, 1.0055323603361328, 0.9991884352527151, 1.0117838391345038, 1.0175379948342884, 1.006636059457941, 0.9936646039260475, 1.0006201153233867, 1.0016390833065851, 1.0036071047666317, 0.9997578962393854, 1.0053302988227137, 1.00071402151433, 1.000984579608495, 1.0043162293865817, 0.9964773923705713, 1.010375412648464, 0.9935738225564174, 1.0237787606800697, 0.998575130625878, 0.9899483441112542, 0.9892381693542305, 0.9823256903147486, 0.9831763302635828, 1.0395331745268328, 1.0017419259397558, 0.9972491378229186, 0.9934397901304652, 0.9868727767263289, 0.9920625955404716]","[0.00894129265155974, 0.005532360336132802, -0.000811564747284943, 0.01178383913450376, 0.017537994834288417, 0.006636059457941101, -0.006335396073952504, 0.000620115323386683, 0.0016390833065851318, 0.00360710476663173, -0.00024210376061462036, 0.0053302988227137416, 0.0007140215143299766, 0.000984579608495073, 0.004316229386581716, -0.0035226076294286868, 0.010375412648464089, -0.006426177443582648, 0.023778760680069677, -0.0014248693741220064, -0.010051655888745792, -0.010761830645769521, -0.01767430968525141, -0.016823669736417246, 0.039533174526832804, 0.0017419259397557507, -0.0027508621770814257, -0.006560209869534761, -0.013127223273671107, -0.007937404459528397]","[0.11950787901878357, 0.0, 0.0, 0.0, 0.0, 0.0, 0.0, 0.0, 0.0, 0.11950787901878357, 0.0, 0.0, 0.11950787901878357, 0.11950787901878357, 0.0, 0.11950787901878357, 0.0, 0.06772735714912415, 0.0, 0.04890149459242821, 0.0, 0.0, 0.0, 0.11950787901878357, 0.0, 0.0, 0.0, 0.11950787901878357, 0.046816010028123856, 0.0]","[0.0, 0.0, 0.0, -9.949592174623437e-23, 0.0, -9.811207474292039e-23, 0.0, -9.973070210360091e-23, 0.0, 0.0, -9.784821197441401e-23, -9.906462915472566e-23, 0.0, 0.0, -9.896101212691346e-23, -9.789411140245003e-23, 0.0, 0.0, 1.0, 0.0, -1.0039828197402037e-22, -9.821423705575658e-23, 0.0, 0.0, 0.0, 0.0, 0.0, 0.0, 0.0, 0.0]","[0.0, 0.0, 0.016521477735199616, 0.0, 0.0, 0.0, 0.0, 0.0034873799665395056, 0.008105520327565213, 0.005278777788840277, 0.0, 0.0, 0.0, 0.003537008822542108, 0.008899730898487413, 0.00734036856137484, 0.004641172008268915, 0.003970618391040442, 0.9195908773802454, 0.001648560411214744, 0.0, 9.224349443543262e-05, 0.0, 0.0, 0.0, 0.0, 0.0, 0.01688626421424637, 0.0, 0.0]","[0.11950787901878357, 0.0, 0.0, 0.0, 0.0, 0.0, 0.0, 0.0, 0.0, 0.11950787901878357, 0.0, 0.0, 0.11950787901878357, 0.11950787901878357, 0.0, 0.11950787901878357, 0.0, 0.06772735714912415, 0.0, 0.04890149459242821, 0.0, 0.0, 0.0, 0.11950787901878357, 0.0, 0.0, 0.0, 0.11950787901878357, 0.046816010028123856, 0.0]",-0.003055819760288758
52,0.9927374219175569,"[1.0089412926515597, 1.0055323603361328, 0.9991884352527151, 1.0117838391345038, 1.0175379948342884, 1.006636059457941, 0.9936646039260475, 1.0006201153233867, 1.0016390833065851, 1.0036071047666317, 0.9997578962393854, 1.0053302988227137, 1.00071402151433, 1.000984579608495, 1.0043162293865817, 0.9964773923705713, 1.010375412648464, 0.9935738225564174, 1.0237787606800697, 0.998575130625878, 0.9899483441112542, 0.9892381693542305, 0.9823256903147486, 0.9831763302635828, 1.0395331745268328, 1.0017419259397558, 0.9972491378229186, 0.9934397901304652, 0.9868727767263289, 0.9920625955404716]","[1.0020330805006419, 1.0169671259844935, 1.0040421988403738, 0.9883547593872547, 1.0031226555126873, 0.9884869236405885, 1.0147259295474953, 1.0164367306578581, 0.9935772950081283, 1.000116154627587, 1.0032977959968707, 0.9930473416469298, 0.9947643040508224, 0.9926708794067216, 0.9920340695126338, 0.9929332573369252, 0.9859412187877314, 0.9980933906358277, 0.9976973149075952, 1.0115011578561748, 0.9829587289664271, 0.9920277971967204, 1.0001440038682166, 1.0241538060681976, 0.9867498868061167, 1.0104974260529496, 0.9879101328658689, 0.9824610553025215, 1.0096968414273455, 1.0039566359992302]","[0.0020330805006418817, 0.01696712598449346, 0.004042198840373823, -0.0116452406127453, 0.0031226555126873112, -0.011513076359411456, 0.014725929547495298, 0.016436730657858112, -0.006422704991871697, 0.00011615462758696182, 0.003297795996870745, -0.00695265835307024, -0.00523569594917761, -0.007329120593278393, -0.007965930487366157, -0.007066742663074832, -0.014058781212268556, -0.001906609364172307, -0.0023026850924048325, 0.011501157856174782, -0.01704127103357289, -0.007972202803279593, 0.00014400386821655786, 0.024153806068197614, -0.01325011319388325, 0.010497426052949566, -0.012089867134131072, -0.01753894469747852, 0.009696841427345504, 0.00395663599923024]","[0.0, 0.0, 0.0, 0.0, 0.0, 0.10656940191984177, 0.0, 0.0, 0.10656940191984177, 0.10656940191984177, 0.0, 0.10656940191984177, 0.0, 0.0, 0.10656940191984177, 0.0, 0.10656940191984177, 0.0, 0.0, 0.08993688970804214, 0.1008470430970192, 0.0, 0.0632302463054657, 0.0, 0.0, 0.0, 0.0, 0.0, 0.10656940191984177, 0.0]","[0.0, 0.0, 0.0, 0.0, 0.0, 1.7408162942653074e-23, 0.0, 1.263283163006771e-22, 0.0, 0.0, 0.0, 0.0, 0.0, 0.0, 0.0, 0.0, 0.0, 1.2722021457501937e-22, 1.0, 0.0, 0.0, 1.2869464244549369e-22, 1.2857801886396548e-22, 1.8057212701520477e-22, 0.0, 0.0, 1.8456858365960692e-23, 1.2371230091903097e-22, 1.6796876328178638e-23, 0.0]","[0.006793022700829363, 0.0, 0.0, 0.0, 0.0, 0.0004254910683213269, 0.0, 0.0, 0.0077847467777158175, 0.0, 0.0, 0.0, 0.0, 0.0, 0.0, 0.0, 0.014172521689176718, 0.0, 0.9228299182550418, 0.0, 0.004047630776946859, 0.0, 0.016937260698910595, 0.0, 0.003541555190802641, 0.006259365131743887, 0.0, 0.0, 0.0, 0.01720848771051106]","[0.0, 0.0, 0.0, 0.0, 0.0, 0.10656940191984177, 0.0, 0.0, 0.10656940191984177, 0.10656940191984177, 0.0, 0.10656940191984177, 0.0, 0.0, 0.10656940191984177, 0.0, 0.10656940191984177, 0.0, 0.0, 0.08993688970804214, 0.1008470430970192, 0.0, 0.0632302463054657, 0.0, 0.0, 0.0, 0.0, 0.0, 0.10656940191984177, 0.0]",-0.005041475587688483
53,0.9964473140167236,"[1.0020330805006419, 1.0169671259844935, 1.0040421988403738, 0.9883547593872547, 1.0031226555126873, 0.9884869236405885, 1.0147259295474953, 1.0164367306578581, 0.9935772950081283, 1.000116154627587, 1.0032977959968707, 0.9930473416469298, 0.9947643040508224, 0.9926708794067216, 0.9920340695126338, 0.9929332573369252, 0.9859412187877314, 0.9980933906358277, 0.9976973149075952, 1.0115011578561748, 0.9829587289664271, 0.9920277971967204, 1.0001440038682166, 1.0241538060681976, 0.9867498868061167, 1.0104974260529496, 0.9879101328658689, 0.9824610553025215, 1.0096968414273455, 1.0039566359992302]","[1.0135503454605914, 0.9847296782016254, 0.9919991031950302, 1.011942485724844, 1.012353982989249, 1.0233068565958503, 0.9987413318724436, 1.0090101816692338, 1.0078813699119873, 0.9842319736407134, 1.008230876795801, 0.997044096337827, 1.024730574908492, 0.9892693541242322, 0.9904190404704679, 1.0054508311018233, 0.9878111327883509, 1.015257988509648, 1.0016200447350414, 0.9922768471515522, 0.9969512427791671, 1.003325355293578, 1.0000029618646236, 0.998516040546375, 0.9959207018257245, 1.0059377271530048, 1.007843791365345, 0.9851772934049201, 1.0079026228162733, 1.0079707075835258]","[0.013550345460591418, -0.01527032179837462, -0.008000896804969848, 0.01194248572484402, 0.012353982989248946, 0.0233068565958503, -0.0012586681275563727, 0.009010181669233841, 0.00788136991198729, -0.015768026359286647, 0.008230876795801034, -0.0029559036621730206, 0.024730574908492065, -0.010730645875767775, -0.009580959529532085, 0.005450831101823317, -0.012188867211649135, 0.01525798850964799, 0.0016200447350414038, -0.007723152848447823, -0.003048757220832865, 0.003325355293577914, 2.9618646235629598e-06, -0.0014839594536250056, -0.004079298174275547, 0.005937727153004779, 0.007843791365345076, -0.014822706595079893, 0.007902622816273297, 0.007970707583525805]","[0.0, 0.0, 0.08607804030179977, 0.12363828718662262, 0.0, 0.0, 0.12363828718662262, 0.12363828718662262, 0.0, 0.0, 0.0, 0.08422931283712387, 0.07557667046785355, 0.0, 0.10175077617168427, 0.0, 0.0, 0.09337203949689865, 0.0644400492310524, 0.0, 0.0, 0.0, 0.0, 0.12363828718662262, 0.0, 0.0, 0.0, 0.0, 0.0, 0.0]","[3.3819131501343085e-22, 2.297917853550238e-22, 0.0, 0.0, 2.2799384669351317e-22, 0.0, 2.295218318962388e-22, 3.4179463899234516e-22, 0.0, 0.0, 0.0, 0.0, 0.0, 2.29042774023438e-22, 0.0, 0.0, 0.0, 0.0, 1.0, 0.0, 0.0, 3.4301025295201793e-22, 1.76388735376436e-22, 0.0, 0.0, 0.0, 0.0, 3.4012495093940776e-22, 0.0, 0.0]","[0.0, 0.0, 0.008492037058419902, 0.00603583378931581, 0.011423847504411213, 0.004230123364440902, 0.006276064144747582, 0.005244530216651946, 0.004906657609575041, 0.0, 0.006022074063100747, 0.0, 0.006680209599433707, 0.0, 0.00022148014199178996, 0.010306685329889678, 0.009221648463218638, 0.006401857874776734, 0.8996234185119375, 0.0, 0.006068054137104876, 8.845346737791422e-05, 0.0, 0.0, 0.0, 0.0, 0.008757024723605983, 0.0, 0.0, 0.0]","[0.0, 0.0, 0.08607804030179977, 0.12363828718662262, 0.0, 0.0, 0.12363828718662262, 0.12363828718662262, 0.0, 0.0, 0.0, 0.08422931283712387, 0.07557667046785355, 0.0, 0.10175077617168427, 0.0, 0.0, 0.09337203949689865, 0.0644400492310524, 0.0, 0.0, 0.0, 0.0, 0.12363828718662262, 0.0, 0.0, 0.0, 0.0, 0.0, 0.0]",0.0032902606434055816
54,0.9953459796665814,"[1.0135503454605914, 0.9847296782016254, 0.9919991031950302, 1.011942485724844, 1.012353982989249, 1.0233068565958503, 0.9987413318724436, 1.0090101816692338, 1.0078813699119873, 0.9842319736407134, 1.008230876795801, 0.997044096337827, 1.024730574908492, 0.9892693541242322, 0.9904190404704679, 1.0054508311018233, 0.9878111327883509, 1.015257988509648, 1.0016200447350414, 0.9922768471515522, 0.9969512427791671, 1.003325355293578, 1.0000029618646236, 0.998516040546375, 0.9959207018257245, 1.0059377271530048, 1.007843791365345, 0.9851772934049201, 1.0079026228162733, 1.0079707075835258]","[1.0165602814772465, 1.014224926150868, 0.9993650728826994, 0.9842943725137459, 0.9885573424840258, 1.0024421513104493, 1.0134152158454852, 1.012636474651735, 0.9986829838864353, 1.0131882638298053, 1.0137932115039539, 1.006838491282863, 1.0085265591129795, 0.9962366146926988, 1.008601676688532, 0.9737024470999268, 0.9908673326895716, 1.0218340643875627, 1.0098526829624332, 1.0046058230218555, 0.9572657916795678, 1.0186426887484017, 1.012847808823058, 1.0289157915853535, 0.9856180046007841, 0.9762172100711095, 1.0199412532337786, 0.990259193492939, 0.9750729323955302, 0.9974543282478217]","[0.01656028147724653, 0.014224926150868011, -0.000634927117300621, -0.015705627486254148, -0.011442657515974175, 0.0024421513104493364, 0.013415215845485218, 0.012636474651734897, -0.0013170161135647174, 0.013188263829805313, 0.01379321150395385, 0.006838491282862957, 0.008526559112979504, -0.003763385307301248, 0.008601676688531956, -0.026297552900073184, -0.009132667310428388, 0.021834064387562746, 0.009852682962433246, 0.004605823021855526, -0.04273420832043218, 0.018642688748401692, 0.012847808823057916, 0.028915791585353512, -0.014381995399215919, -0.02378278992889049, 0.0199412532337786, -0.009740806507060995, -0.024927067604469832, -0.0025456717521783467]","[0.0, 0.0, 0.0, 0.11286754906177521, 0.0, 0.11286754906177521, 0.0, 0.09919947385787964, 0.11286754906177521, 0.0, 0.0, 0.0, 0.0, 0.0, 0.0765351876616478, 0.0, 0.0, 0.0, 0.0, 0.0, 0.06793466955423355, 0.0, 0.11286754906177521, 0.0, 0.0, 0.07912537455558777, 0.11286754906177521, 0.0, 0.0, 0.11286754906177521]","[0.0, 2.3427746785788677e-22, 0.0, 0.0, 0.0, 0.0, 2.339092007968737e-22, 2.3566862577138832e-22, 0.0, 0.0, 1.268356937561224e-22, 2.3600233858003712e-22, 0.0, 0.0, 0.0, 0.0, 0.0, 0.0, 1.0, 0.0, 0.0, 2.375052995741052e-22, 2.3740473075413457e-22, 0.0, 0.0, 0.0, 1.2711805844364793e-22, 0.0, 2.368202287961983e-22, 0.0]","[0.012574269992774603, 0.0, 0.0, 0.0, 0.009504520492873654, 0.0, 0.009837575158246362, 0.0, 0.0, 0.0, 0.0, 0.007479742015896829, 0.0, 0.0, 0.0009979533026619684, 0.0, 0.023275061026970658, 0.002736166062787314, 0.8878746431660747, 0.0, 0.0, 0.0, 0.009063243945126864, 0.0, 0.015162330458611617, 0.007327839976743889, 0.0, 0.0044936815474376415, 0.00459588502584817, 0.005077087827946015]","[0.0, 0.0, 0.0, 0.11286754906177521, 0.0, 0.11286754906177521, 0.0, 0.09919947385787964, 0.11286754906177521, 0.0, 0.0, 0.0, 0.0, 0.0, 0.0765351876616478, 0.0, 0.0, 0.0, 0.0, 0.0, 0.06793466955423355, 0.0, 0.11286754906177521, 0.0, 0.0, 0.07912537455558777, 0.11286754906177521, 0.0, 0.0, 0.11286754906177521]",-0.0016000701768917147
55,0.9978653948971308,"[1.0165602814772465, 1.014224926150868, 0.9993650728826994, 0.9842943725137459, 0.9885573424840258, 1.0024421513104493, 1.0134152158454852, 1.012636474651735, 0.9986829838864353, 1.0131882638298053, 1.0137932115039539, 1.006838491282863, 1.0085265591129795, 0.9962366146926988, 1.008601676688532, 0.9737024470999268, 0.9908673326895716, 1.0218340643875627, 1.0098526829624332, 1.0046058230218555, 0.9572657916795678, 1.0186426887484017, 1.012847808823058, 1.0289157915853535, 0.9856180046007841, 0.9762172100711095, 1.0199412532337786, 0.990259193492939, 0.9750729323955302, 0.9974543282478217]","[1.0075969273808354, 0.9976846415869852, 1.0010534710192664, 0.9806013871675843, 0.9809518869967598, 1.0069613182284993, 0.992716280135777, 1.006111566188515, 0.9943711455830123, 0.9977781448734544, 0.9977856585895032, 1.010526819448755, 1.0032749409849244, 1.0068804165451233, 1.014128971378659, 0.9874773778449228, 0.9900285594371017, 0.9683132993839925, 1.014586473991836, 1.0054935868571389, 1.001746955861515, 0.9900406494958776, 0.9983593315376523, 0.9918211620693088, 1.0015525928497908, 1.014055398808048, 1.0001499555156634, 1.0064282418373636, 0.9786961042642733, 0.9979041533952493]","[0.007596927380835394, -0.0023153584130147786, 0.0010534710192664498, -0.01939861283241573, -0.019048113003240164, 0.006961318228499325, -0.007283719864223048, 0.006111566188514939, -0.005628854416987683, -0.002221855126545602, -0.0022143414104968118, 0.01052681944875511, 0.0032749409849244238, 0.00688041654512328, 0.014128971378658983, -0.012522622155077157, -0.009971440562898337, -0.031686700616007535, 0.014586473991835991, 0.005493586857138855, 0.001746955861515076, -0.009959350504122444, -0.001640668462347672, -0.008178837930691185, 0.0015525928497908126, 0.01405539880804807, 0.0001499555156634358, 0.006428241837363569, -0.021303895735726663, -0.0020958466047507063]","[0.0, 0.0, 0.0, 0.0, 0.0, 0.0, 0.0, 0.10275456309318542, 0.10275456309318542, 0.0, 0.0, 0.10102647542953491, 0.08734850585460663, 0.10275456309318542, 0.0, 0.10275456309318542, 0.0, 0.0, 0.0, 0.09699086099863052, 0.0, 0.0, 0.0, 0.0, 0.0, 0.09810677170753479, 0.10275456309318542, 0.0, 0.0, 0.10275456309318542]","[0.0, 2.3278004039026813e-22, 0.0, 0.0, 0.0, 0.0, 2.324629686948596e-22, 3.450654028609565e-22, 0.0, 0.0, 1.2492896012556613e-22, 0.0, 0.0, 2.31771416487844e-22, 0.0, 1.2513482805899196e-22, 0.0, 0.0, 1.0, 3.4394741136275123e-22, 0.0, 0.0, 3.4661212846213223e-22, 0.0, 0.0, 0.0, 1.2514873729145067e-22, 0.0, 0.0, 0.0]","[0.009347563057589926, 0.0, 0.0, 0.011171188148031076, 0.0, 0.0052345070941634065, 0.005762860851020153, 0.0, 0.0016124110019527485, 0.0, 0.0, 0.00675086228545163, 0.0, 0.010019799722263625, 0.0, 0.005402363396353024, 0.003760897898460139, 0.005788420560498204, 0.9206664852079128, 0.0, 0.0, 0.0, 0.0, 0.004773930736865851, 0.0, 2.7503003335801298e-05, 0.004463003621096278, 0.0, 0.0, 0.0052182034150051095]","[0.0, 0.0, 0.0, 0.0, 0.0, 0.0, 0.0, 0.10275456309318542, 0.10275456309318542, 0.0, 0.0, 0.10102647542953491, 0.08734850585460663, 0.10275456309318542, 0.0, 0.10275456309318542, 0.0, 0.0, 0.0, 0.09699086099863052, 0.0, 0.0, 0.0, 0.0, 0.0, 0.09810677170753479, 0.10275456309318542, 0.0, 0.0, 0.10275456309318542]",0.002087479354960253
56,0.999746562058704,"[1.0075969273808354, 0.9976846415869852, 1.0010534710192664, 0.9806013871675843, 0.9809518869967598, 1.0069613182284993, 0.992716280135777, 1.006111566188515, 0.9943711455830123, 0.9977781448734544, 0.9977856585895032, 1.010526819448755, 1.0032749409849244, 1.0068804165451233, 1.014128971378659, 0.9874773778449228, 0.9900285594371017, 0.9683132993839925, 1.014586473991836, 1.0054935868571389, 1.001746955861515, 0.9900406494958776, 0.9983593315376523, 0.9918211620693088, 1.0015525928497908, 1.014055398808048, 1.0001499555156634, 1.0064282418373636, 0.9786961042642733, 0.9979041533952493]","[1.0154388268257393, 0.9902438032237396, 0.9690496744074977, 0.9700653806835567, 0.9985014499108074, 1.0146740188355463, 1.0057831673903315, 0.9939538914065454, 1.0336561525189416, 0.9878032137325777, 0.9920660814991782, 0.9944798329566675, 1.0195241500364256, 0.9848777822728304, 1.0078139164522142, 1.0259776788299897, 0.9880194099843396, 1.010041072872327, 0.98564770646046, 1.0203584949561744, 1.0157422966482048, 1.0128042877813594, 1.0001684290392951, 0.9885389876228058, 0.9740582780088831, 1.0022196870527493, 1.0016400454126366, 0.9840913700779732, 1.0290002764232806, 0.9910955648803774]","[0.015438826825739271, -0.009756196776260384, -0.030950325592502326, -0.029934619316443256, -0.0014985500891926407, 0.01467401883554631, 0.005783167390331467, -0.006046108593454558, 0.03365615251894161, -0.012196786267422266, -0.007933918500821813, -0.005520167043332469, 0.019524150036425603, -0.015122217727169596, 0.007813916452214187, 0.025977678829989692, -0.01198059001566043, 0.010041072872327028, -0.01435229353954004, 0.020358494956174367, 0.015742296648204812, 0.012804287781359447, 0.00016842903929514819, -0.011461012377194213, -0.025941721991116884, 0.0022196870527493306, 0.001640045412636626, -0.015908629922026796, 0.029000276423280624, -0.008904435119622578]","[0.0, 0.0, 0.0, 0.0, 0.0, 0.0, 0.0, 0.10156695544719696, 0.0, 0.0, 0.09486527740955353, 0.10156695544719696, 0.0, 0.0, 0.0, 0.10156695544719696, 0.0, 0.0, 0.0, 0.0, 0.10156695544719696, 0.0, 0.10156695544719696, 0.0, 0.10156695544719696, 0.0, 0.0925990641117096, 0.0, 0.10156695544719696, 0.10156695544719696]","[0.0, 0.0, 2.329452501922828e-22, 2.3286260492070235e-22, 1.187461189555297e-22, 0.0, 0.0, 0.0, 1.2195332397436968e-22, 0.0, 1.2238228413221174e-23, 0.0, 0.0, 0.0, 0.0, 2.346054766968268e-22, 0.0, 1.2244081692728883e-22, 1.0, 0.0, 0.0, 1.2082762972397403e-23, 0.0, 0.0, 0.0, 0.0, 1.234349500033889e-22, 0.0, 0.0, 0.0]","[0.0, 0.0, 0.0, 0.0, 0.0, 0.0030734273121616343, 0.0, 0.014151169631437284, 0.0, 0.0, 0.001041522609959243, 0.0, 0.0, 0.0, 0.005090280270615989, 0.0, 0.0, 0.01239872386715493, 0.9271397041132782, 0.0003842186305324465, 0.0, 0.0015949698378871944, 0.002965276426141869, 0.0033420653104742825, 0.009988814348566723, 0.0, 0.0, 0.0, 0.01762202739319033, 0.00120780024860007]","[0.0, 0.0, 0.0, 0.0, 0.0, 0.0, 0.0, 0.10156695544719696, 0.0, 0.0, 0.09486527740955353, 0.10156695544719696, 0.0, 0.0, 0.0, 0.10156695544719696, 0.0, 0.0, 0.0, 0.0, 0.10156695544719696, 0.0, 0.10156695544719696, 0.0, 0.10156695544719696, 0.0, 0.0925990641117096, 0.0, 0.10156695544719696, 0.10156695544719696]",0.001429717115467236
57,1.0046871467987897,"[1.0154388268257393, 0.9902438032237396, 0.9690496744074977, 0.9700653806835567, 0.9985014499108074, 1.0146740188355463, 1.0057831673903315, 0.9939538914065454, 1.0336561525189416, 0.9878032137325777, 0.9920660814991782, 0.9944798329566675, 1.0195241500364256, 0.9848777822728304, 1.0078139164522142, 1.0259776788299897, 0.9880194099843396, 1.010041072872327, 0.98564770646046, 1.0203584949561744, 1.0157422966482048, 1.0128042877813594, 1.0001684290392951, 0.9885389876228058, 0.9740582780088831, 1.0022196870527493, 1.0016400454126366, 0.9840913700779732, 1.0290002764232806, 0.9910955648803774]","[0.9794582126311225, 1.002912004135444, 0.9950974858780304, 1.0025834821311987, 1.0225819783536163, 1.0181801286674947, 0.9961172401918676, 0.9881629559429781, 1.0066988303230702, 1.0104241695148402, 1.0204644473512483, 0.9992668712049279, 1.0128658690781838, 0.9997672623630094, 0.9986971995867316, 1.0089708930928494, 1.0208097122032607, 0.99667809774575, 1.0137142277126205, 0.9876528398420179, 1.0027823455148783, 0.9799447113737926, 1.0063974745556308, 0.9944170966171902, 1.0107930829292981, 1.0083185312535523, 0.9987886384071247, 1.0034825478578966, 0.9972158370120879, 0.9924814803725486]","[-0.020541787368877462, 0.002912004135444013, -0.0049025141219696255, 0.0025834821311987444, 0.022581978353616305, 0.018180128667494744, -0.0038827598081323522, -0.011837044057021906, 0.006698830323070171, 0.010424169514840154, 0.020464447351248305, -0.0007331287950721466, 0.012865869078183767, -0.00023273763699060979, -0.0013028004132683568, 0.008970893092849375, 0.020809712203260666, -0.0033219022542499976, 0.013714227712620541, -0.012347160157982096, 0.002782345514878326, -0.020055288626207424, 0.006397474555630778, -0.005582903382809756, 0.010793082929298148, 0.008318531253552308, -0.0012113615928752708, 0.0034825478578965896, -0.0027841629879120644, -0.0075185196274514254]","[0.0, 0.10565589368343353, 0.0, 0.0, 0.10565589368343353, 0.0, 0.0, 0.0, 0.0, 0.0, 0.10565589368343353, 0.10565589368343353, 0.0, 0.06262009590864182, 0.0, 0.0, 0.0, 0.0, 0.0, 0.0, 0.0, 0.0, 0.10565589368343353, 0.09428742527961731, 0.10350130498409271, 0.0, 0.0, 0.0, 0.10565589368343353, 0.10565589368343353]","[-4.824779980524673e-23, 0.0, 1.223719877162986e-22, 0.0, 0.0, 0.0, 0.0, 0.0, 0.0, 0.0, 1.321255366654029e-23, 0.0, 0.0, 0.0, 0.0, -9.66941210548723e-23, 0.0, 0.0, 1.0, 0.0, 1.2270967420221628e-22, -9.749273451187909e-23, 0.0, 1.214053989204846e-22, 0.0, 0.0, 1.361191339047278e-23, 0.0, 1.3715268596583132e-23, 0.0]","[0.018478515486129783, 0.0, 0.011885937224933044, 0.005550649130833141, 0.0005013682077222487, 0.006520642753868698, 0.004685893010589534, 0.0, 0.014488986939466772, 0.013172122642732194, 0.002026133540073898, 0.0009165725820248317, 0.005296014768853564, 0.005698159006058478, 0.0, 0.002418109846294555, 0.0, 0.0, 0.9005070973302448, 0.0, 0.0, 0.0, 0.0003799391543796772, 0.0, 0.0012576603915952244, 0.0, 0.0, 0.006216197984199904, 0.0, 0.0]","[0.0, 0.10565587878227234, 0.0, 0.0, 0.10565587878227234, 0.0, 0.0, 0.0, 0.0, 0.0, 0.10565587878227234, 0.10565587878227234, 0.0, 0.06262008845806122, 0.0, 0.0, 0.0, 0.0, 0.0, 0.0, 0.0, 0.0, 0.10565587878227234, 0.09428741037845612, 0.10350129008293152, 0.0, 0.0, 0.0, 0.10565587878227234, 0.10565587878227234]",0.004511084538655071
58,1.0079367056368282,"[0.9794582126311225, 1.002912004135444, 0.9950974858780304, 1.0025834821311987, 1.0225819783536163, 1.0181801286674947, 0.9961172401918676, 0.9881629559429781, 1.0066988303230702, 1.0104241695148402, 1.0204644473512483, 0.9992668712049279, 1.0128658690781838, 0.9997672623630094, 0.9986971995867316, 1.0089708930928494, 1.0208097122032607, 0.99667809774575, 1.0137142277126205, 0.9876528398420179, 1.0027823455148783, 0.9799447113737926, 1.0063974745556308, 0.9944170966171902, 1.0107930829292981, 1.0083185312535523, 0.9987886384071247, 1.0034825478578966, 0.9972158370120879, 0.9924814803725486]","[1.0081590693300804, 1.0058257256793437, 1.0003670108130542, 1.0127953404102092, 0.995202522371123, 1.016577155082061, 0.9961587700865258, 0.9950635958952387, 1.0087531379068118, 1.0053256522546965, 1.0127764297115391, 1.0189283537818188, 1.0234114720323986, 0.9913501560025746, 0.9947140050018102, 0.9976136575154247, 1.0133824024563938, 0.9843793633945898, 0.98983056610487, 1.0087247181422838, 0.9963653237580055, 0.9947098414865719, 1.0130354124082745, 1.0023129919770584, 0.9964680951971471, 0.9910025405271462, 0.9899887200701649, 1.0191896952482324, 1.0149659485630125, 1.0164447873615017]","[0.00815906933008037, 0.005825725679343696, 0.000367010813054236, 0.012795340410209244, -0.004797477628876945, 0.016577155082061035, -0.0038412299134742423, -0.004936404104761261, 0.008753137906811759, 0.0053256522546965, 0.012776429711539139, 0.018928353781818785, 0.023411472032398573, -0.00864984399742541, -0.005285994998189825, -0.0023863424845752546, 0.013382402456393772, -0.015620636605410243, -0.010169433895130031, 0.008724718142283816, -0.003634676241994539, -0.005290158513428067, 0.01303541240827455, 0.002312991977058365, -0.0035319048028529254, -0.008997459472853797, -0.010011279929835082, 0.01918969524823244, 0.014965948563012477, 0.016444787361501678]","[0.12687624990940094, 0.0, 0.12687624990940094, 0.0, 0.0, 0.0, 0.0, 0.0, 0.0649353638291359, 0.12687624990940094, 0.0, 0.05508694425225258, 0.0, 0.0, 0.0, 0.0, 0.0, 0.0, 0.12687624990940094, 0.0, 0.1259799748659134, 0.0, 0.0, 0.12687624990940094, 0.04290462285280228, 0.0, 0.0, 0.07671182602643967, 0.0, 0.0]","[0.0, 0.0, 0.0, 0.0, 0.0, -4.3068590611651355e-22, 0.0, 0.0, 0.0, -4.338510713079039e-22, -4.307051652125792e-22, 0.0, 0.0, 0.0, 0.0, -5.404890370385926e-22, 0.0, 0.0, 1.0, -4.326696288921228e-22, -3.2111009842501203e-22, -3.1897552489080014e-22, 0.0, 0.0, 0.0, 0.0, -5.411091796212932e-22, 0.0, -5.4095773102938395e-22, 0.0]","[0.004431253374254681, 0.0, 0.0, 0.00130887961258063, 0.0, 0.0045023381925146655, 0.0, 0.007098077630655174, 0.0, 0.0, 0.0, 0.0, 0.0, 0.0, 0.0, 0.0, 0.0, 0.0, 0.9219392631449246, 0.0, 0.004391981657358664, 0.012613801994627845, 0.010115211957510304, 0.0, 0.011504589540265677, 0.005904022246705486, 0.009104407716609916, 0.0, 0.0, 0.007086172931992265]","[0.12687626481056213, 0.0, 0.12687626481056213, 0.0, 0.0, 0.0, 0.0, 0.0, 0.06493537127971649, 0.12687626481056213, 0.0, 0.05508694797754288, 0.0, 0.0, 0.0, 0.0, 0.0, 0.0, 0.12687626481056213, 0.0, 0.12597998976707458, 0.0, 0.0, 0.12687626481056213, 0.042904626578092575, 0.0, 0.0, 0.07671183347702026, 0.0, 0.0]",0.0027578871752359565
59,1.0099529436538264,"[1.0081590693300804, 1.0058257256793437, 1.0003670108130542, 1.0127953404102092, 0.995202522371123, 1.016577155082061, 0.9961587700865258, 0.9950635958952387, 1.0087531379068118, 1.0053256522546965, 1.0127764297115391, 1.0189283537818188, 1.0234114720323986, 0.9913501560025746, 0.9947140050018102, 0.9976136575154247, 1.0133824024563938, 0.9843793633945898, 0.98983056610487, 1.0087247181422838, 0.9963653237580055, 0.9947098414865719, 1.0130354124082745, 1.0023129919770584, 0.9964680951971471, 0.9910025405271462, 0.9899887200701649, 1.0191896952482324, 1.0149659485630125, 1.0164447873615017]","[0.9928517082543183, 1.003323220078648, 1.0095997434586035, 0.9955229761749426, 1.0177278093818547, 1.022149653511574, 1.0094226572992433, 1.000748542356869, 0.9888786537744315, 0.9972689031262031, 1.0009199424211772, 1.0086588839383468, 1.011894935062135, 0.9846073918884866, 1.001053142746181, 1.005894226134239, 0.992525133173547, 1.0087960323317602, 0.9890590342064871, 0.9910570439999377, 0.9942289801245938, 1.0081258711118042, 0.9873535726634126, 1.0073835085503526, 1.0059501438456468, 0.9763664616946878, 0.9936861837605794, 1.0123289037660825, 0.972965600144183, 0.9893738125976839]","[-0.007148291745681656, 0.003323220078647937, 0.009599743458603482, -0.004477023825057436, 0.017727809381854698, 0.02214965351157394, 0.009422657299243298, 0.000748542356868942, -0.011121346225568485, -0.002731096873796912, 0.0009199424211772111, 0.008658883938346795, 0.011894935062134904, -0.01539260811151344, 0.0010531427461810683, 0.005894226134238956, -0.007474866826453042, 0.008796032331760184, -0.010940965793512891, -0.008942956000062341, -0.00577101987540618, 0.008125871111804184, -0.012646427336587385, 0.007383508550352635, 0.005950143845646849, -0.02363353830531223, -0.006313816239420622, 0.012328903766082533, -0.027034399855817015, -0.010626187402316134]","[0.06867915391921997, 0.11485584825277328, 0.0, 0.0, 0.0, 0.0, 0.0, 0.0, 0.0, 0.07710878551006317, 0.0, 0.08051183819770813, 0.0, 0.0, 0.0, 0.1003396213054657, 0.0, 0.0, 0.0, 0.0, 0.11485584825277328, 0.0, 0.09908139705657959, 0.11485584825277328, 0.11485584825277328, 0.0, 0.0, 0.11485584825277328, 0.0, 0.0]","[4.492054357034899e-22, 0.0, 5.626503527936533e-22, 0.0, 0.0, 0.0, 0.0, 0.0, 3.415179105465056e-22, 0.0, 0.0, 0.0, 0.0, 4.499332598951649e-22, 0.0, 3.422956818022769e-22, 5.606413733111236e-22, 0.0, 1.0, 0.0, 0.0, 0.0, 5.637772543771755e-22, 7.284625318767544e-22, 0.0, 4.516310544766727e-22, 0.0, 0.0, 0.0, 0.0]","[0.00022945925266529553, 0.0, 0.0014807297769429337, 0.0036818786565637426, 0.0, 0.0, 0.0, 0.00414453256129467, 0.006838587368899524, 0.010389705335508358, 0.01521085211522357, 0.01728254516296875, 0.0022748984977427416, 0.0, 0.0, 0.0, 0.0030728598066623028, 0.009834218050923256, 0.8710611371873274, 0.003528875448760455, 0.028555296580967643, 0.0, 0.0, 0.005776636922373259, 0.0017607357638283767, 0.0, 0.014877051511347715, 0.0, 0.0, 0.0]","[0.06867915391921997, 0.11485584825277328, 0.0, 0.0, 0.0, 0.0, 0.0, 0.0, 0.0, 0.07710878551006317, 0.0, 0.08051183819770813, 0.0, 0.0, 0.0, 0.1003396213054657, 0.0, 0.0, 0.0, 0.0, 0.11485584825277328, 0.0, 0.09908139705657959, 0.11485584825277328, 0.11485584825277328, 0.0, 0.0, 0.11485584825277328, 0.0, 0.0]",0.001599706675064389
60,1.014023059174323,"[0.9928517082543183, 1.003323220078648, 1.0095997434586035, 0.9955229761749426, 1.0177278093818547, 1.022149653511574, 1.0094226572992433, 1.000748542356869, 0.9888786537744315, 0.9972689031262031, 1.0009199424211772, 1.0086588839383468, 1.011894935062135, 0.9846073918884866, 1.001053142746181, 1.005894226134239, 0.992525133173547, 1.0087960323317602, 0.9890590342064871, 0.9910570439999377, 0.9942289801245938, 1.0081258711118042, 0.9873535726634126, 1.0073835085503526, 1.0059501438456468, 0.9763664616946878, 0.9936861837605794, 1.0123289037660825, 0.972965600144183, 0.9893738125976839]","[1.0026558849478, 1.0085171920496876, 0.9984581510001429, 1.022289772670831, 1.0156200890953813, 1.001138693702579, 0.9936344326108052, 0.9806061749206566, 0.9894644677946505, 0.9910324291161158, 1.0135719700277308, 0.9891776330991341, 0.9844825558196721, 0.9898828017675123, 0.9976412186042003, 1.015669229004213, 1.018884777322196, 0.9955151875112237, 0.9970500564007243, 1.0048235849981462, 1.001879312976591, 1.0095912628913681, 0.9844142812313036, 1.000280062431539, 0.9879562824586917, 1.004803487517348, 1.0140496255747968, 0.9995181094175064, 0.9959211845269111, 0.9994576108771605]","[0.0026558849478000024, 0.008517192049687594, -0.0015418489998570983, 0.0222897726708311, 0.015620089095381262, 0.001138693702579019, -0.006365567389194804, -0.019393825079343396, -0.01053553220534953, -0.008967570883884224, 0.013571970027730806, -0.01082236690086591, -0.015517444180327855, -0.01011719823248769, -0.002358781395799703, 0.01566922900421308, 0.018884777322196067, -0.004484812488776302, -0.002949943599275695, 0.004823584998146169, 0.0018793129765910521, 0.009591262891368135, -0.01558571876869641, 0.0002800624315391076, -0.012043717541308285, 0.0048034875173479374, 0.014049625574796831, -0.00048189058249359373, -0.004078815473088859, -0.0005423891228395483]","[0.0, 0.11812804639339447, 0.05971522256731987, 0.0, 0.0, 0.0, 0.0, 0.0, 0.11812804639339447, 0.0, 0.11812804639339447, 0.0, 0.0, 0.0, 0.06077633053064346, 0.0, 0.11812804639339447, 0.0, 0.0, 0.10638316720724106, 0.0, 0.0, 0.0, 0.0, 0.11812804639339447, 0.10647568106651306, 0.07600942254066467, 0.0, 0.0, 0.0]","[0.0, 0.0, 0.0, 0.0, 0.0, 5.722352110673467e-22, 0.0, 6.805933458907018e-22, 7.373834154390765e-22, 0.0, 0.0, 0.0, 0.0, 0.0, 0.0, 5.729681375836234e-22, 0.0, 0.0, 1.0, 0.0, 0.0, 6.833639345145694e-22, 0.0, 6.795579524433563e-22, 6.784056916872776e-22, 0.0, 0.0, 0.0, 5.721270784641276e-22, 6.787992387142819e-22]","[0.0, 0.0, 0.002485674385941707, 0.0, 0.006056769931777099, 0.006103718589689326, 0.0007634410815249834, 0.0, 0.003874143128400833, 0.006809585867193121, 0.0018151771781455567, 0.0, 0.0, 0.0, 0.010500694607659043, 0.0026606749960489387, 0.015293185308553706, 0.00595782471138905, 0.8874915558886417, 0.0, 0.0, 0.0, 0.011938132945975028, 0.013992159100003034, 0.0, 0.004462040100908173, 0.003397728999963643, 0.008886118744952447, 0.007511374433232654, 0.0]","[0.0, 0.11812803149223328, 0.05971521511673927, 0.0, 0.0, 0.0, 0.0, 0.0, 0.11812803149223328, 0.0, 0.11812803149223328, 0.0, 0.0, 0.0, 0.060776323080062866, 0.0, 0.11812803149223328, 0.0, 0.0, 0.10638315230607986, 0.0, 0.0, 0.0, 0.0, 0.11812803149223328, 0.10647566616535187, 0.07600941509008408, 0.0, 0.0, 0.0]",0.0036040588536505594
61,1.0127701002808074,"[1.0026558849478, 1.0085171920496876, 0.9984581510001429, 1.022289772670831, 1.0156200890953813, 1.001138693702579, 0.9936344326108052, 0.9806061749206566, 0.9894644677946505, 0.9910324291161158, 1.0135719700277308, 0.9891776330991341, 0.9844825558196721, 0.9898828017675123, 0.9976412186042003, 1.015669229004213, 1.018884777322196, 0.9955151875112237, 0.9970500564007243, 1.0048235849981462, 1.001879312976591, 1.0095912628913681, 0.9844142812313036, 1.000280062431539, 0.9879562824586917, 1.004803487517348, 1.0140496255747968, 0.9995181094175064, 0.9959211845269111, 0.9994576108771605]","[1.0057293316347988, 0.9857682044759115, 0.9971610772608123, 0.9859888317283402, 0.9876211452057961, 0.9994739153315861, 0.9997467519348624, 0.9976210657493856, 1.0022920848707568, 1.0135906299945971, 1.0189032485074498, 1.0021678549489224, 0.9931722138981484, 0.9828766344905758, 0.9891229712416592, 0.986413592734656, 0.9930705269758339, 0.9970925312119225, 1.0152852066320615, 0.9956957618665362, 1.0203061670839582, 0.9910732204535633, 1.011375916080865, 0.9986586631655391, 0.9882746466504629, 0.9965673917902234, 1.000872923048725, 1.0042179702954743, 0.998850894999284, 0.9816947364199708]","[0.005729331634798829, -0.014231795524088486, -0.0028389227391877325, -0.014011168271659824, -0.012378854794203864, -0.000526084668413862, -0.00025324806513760123, -0.0023789342506144173, 0.0022920848707568275, 0.013590629994597148, 0.018903248507449844, 0.002167854948922354, -0.006827786101851641, -0.01712336550942417, -0.010877028758340845, -0.013586407265343992, -0.006929473024166133, -0.002907468788077461, 0.015285206632061454, -0.004304238133463811, 0.02030616708395816, -0.008926779546436725, 0.011375916080865078, -0.0013413368344609156, -0.01172535334953706, -0.003432608209776644, 0.0008729230487249939, 0.004217970295474327, -0.0011491050007159664, -0.018305263580029152]","[0.10185131430625916, 0.0, 0.0, 0.0, 0.0, 0.09317630529403687, 0.10185131430625916, 0.0, 0.0, 0.0, 0.0, 0.0, 0.09201326966285706, 0.10185131430625916, 0.0, 0.0, 0.0, 0.10185131430625916, 0.0, 0.10185131430625916, 0.10185131430625916, 0.0, 0.10185131430625916, 0.0, 0.0, 0.0, 0.0, 0.0, 0.0, 0.10185131430625916]","[0.0, 4.575922088704401e-22, 5.700452913971512e-22, 0.0, 4.553537172963509e-22, 4.614768649056291e-22, 0.0, 5.696383491298718e-22, 0.0, 0.0, 4.611152122738245e-22, 0.0, 0.0, 0.0, 0.0, 0.0, 0.0, 0.0, 1.0, 0.0, 0.0, 0.0, 5.714789205987952e-22, 0.0, 0.0, 4.585874887161033e-22, 0.0, 0.0, 4.613336978278881e-22, 0.0]","[0.0, 0.0, 0.016405945530684175, 0.010292727308421993, 0.007358288545539689, 0.0, 0.0, 0.0, 0.015820903398955727, 0.0036050403701738255, 0.0, 0.0, 0.0, 0.0, 0.0, 0.0037622401292649282, 0.0047334268117998944, 0.0, 0.8956385566526962, 0.007765507276365314, 0.0, 0.0, 0.007468679862538025, 0.0, 0.0, 0.01143815327278926, 0.0, 0.00460203884924783, 0.011108491991523348, 0.0]","[0.10185129940509796, 0.0, 0.0, 0.0, 0.0, 0.09317629784345627, 0.10185129940509796, 0.0, 0.0, 0.0, 0.0, 0.0, 0.09201326221227646, 0.10185129940509796, 0.0, 0.0, 0.0, 0.10185129940509796, 0.0, 0.10185129940509796, 0.10185129940509796, 0.0, 0.10185129940509796, 0.0, 0.0, 0.0, 0.0, 0.0, 0.0, 0.10185129940509796]",-0.001649379961303266
62,1.011303234042097,"[1.0057293316347988, 0.9857682044759115, 0.9971610772608123, 0.9859888317283402, 0.9876211452057961, 0.9994739153315861, 0.9997467519348624, 0.9976210657493856, 1.0022920848707568, 1.0135906299945971, 1.0189032485074498, 1.0021678549489224, 0.9931722138981484, 0.9828766344905758, 0.9891229712416592, 0.986413592734656, 0.9930705269758339, 0.9970925312119225, 1.0152852066320615, 0.9956957618665362, 1.0203061670839582, 0.9910732204535633, 1.011375916080865, 0.9986586631655391, 0.9882746466504629, 0.9965673917902234, 1.000872923048725, 1.0042179702954743, 0.998850894999284, 0.9816947364199708]","[0.9953818474128937, 1.0060493178579955, 0.9731180907303667, 0.9892766328377739, 0.9869803466428682, 1.0170337905771665, 1.0140088845965436, 0.995298076813635, 0.9905023496625713, 1.0102445062145327, 1.004962065641593, 0.9971690081290602, 1.023530600986468, 1.0111828676197299, 1.009572145779172, 0.9777589476073473, 1.017642780334972, 1.005954963211835, 0.9916163002584597, 1.0022254305691973, 0.9969953496201222, 1.0085475693215862, 0.992962253809099, 1.000436898919675, 0.9992068291004866, 1.0084644938276448, 1.0007715348093187, 1.0128083356001703, 0.9765741063790151, 0.9886206546013899]","[-0.0046181525871062945, 0.006049317857995451, -0.026881909269633297, -0.010723367162226105, -0.013019653357131844, 0.017033790577166474, 0.014008884596543592, -0.004701923186364976, -0.009497650337428665, 0.010244506214532656, 0.004962065641592961, -0.002830991870939825, 0.023530600986467975, 0.011182867619729864, 0.009572145779171981, -0.022241052392652727, 0.017642780334971908, 0.005954963211834974, -0.008383699741540296, 0.0022254305691973286, -0.003004650379877849, 0.00854756932158618, -0.007037746190901029, 0.0004368989196750217, -0.0007931708995133624, 0.008464493827644803, 0.0007715348093186858, 0.01280833560017025, -0.023425893620984906, -0.011379345398610075]","[0.1491377353668213, 0.0, 0.05629335343837738, 0.07051060348749161, 0.0, 0.0, 0.0, 0.0, 0.059729281812906265, 0.0, 0.0, 0.0, 0.0, 0.1260738968849182, 0.0, 0.0, 0.0, 0.06077267602086067, 0.0, 0.1491377353668213, 0.12613704800605774, 0.054895300418138504, 0.0, 0.0, 0.14731241762638092, 0.0, 0.0, 0.0, 0.0, 0.0]","[-5.450388064658103e-22, -5.408250790237753e-22, 0.0, 0.0, 0.0, -3.1521034529405485e-22, -5.412205225710034e-22, -4.291586445395941e-22, 0.0, 0.0, 0.0, 0.0, 0.0, 0.0, 0.0, -6.468527819150443e-22, 0.0, 0.0, 1.0, -4.288621875175981e-22, 0.0, 0.0, -4.278223332005005e-22, -2.629091166257406e-22, 0.0, 0.0, 0.0, 0.0, 0.0, 0.0]","[0.0, 0.002079601692770921, 0.008940971979855494, 0.004166319073298914, 0.0037603239998576354, 0.0, 0.0, 0.017142820987899574, 0.0, 0.0, 0.0, 0.004237613717604881, 0.0, 0.004975729650017805, 0.0, 0.014729902480411158, 0.0, 0.0046523675066619296, 0.9096581925681331, 0.0026179214849150587, 0.0, 0.00906113888834669, 0.0, 0.0, 0.002396820532589768, 0.008703311935565262, 0.0, 0.0, 0.002876963502071968, 0.0]","[0.1491377353668213, 0.0, 0.05629335343837738, 0.07051060348749161, 0.0, 0.0, 0.0, 0.0, 0.059729281812906265, 0.0, 0.0, 0.0, 0.0, 0.1260738968849182, 0.0, 0.0, 0.0, 0.06077267602086067, 0.0, 0.1491377353668213, 0.12613704800605774, 0.054895300418138504, 0.0, 0.0, 0.14731241762638092, 0.0, 0.0, 0.0, 0.0, 0.0]",-0.001895925434317321
63,1.01682573130874,"[0.9953818474128937, 1.0060493178579955, 0.9731180907303667, 0.9892766328377739, 0.9869803466428682, 1.0170337905771665, 1.0140088845965436, 0.995298076813635, 0.9905023496625713, 1.0102445062145327, 1.004962065641593, 0.9971690081290602, 1.023530600986468, 1.0111828676197299, 1.009572145779172, 0.9777589476073473, 1.017642780334972, 1.005954963211835, 0.9916163002584597, 1.0022254305691973, 0.9969953496201222, 1.0085475693215862, 0.992962253809099, 1.000436898919675, 0.9992068291004866, 1.0084644938276448, 1.0007715348093187, 1.0128083356001703, 0.9765741063790151, 0.9886206546013899]","[0.9880168398577871, 0.9888927044422869, 1.0081166898035605, 0.9955136922319252, 1.0115136170938712, 0.997167331450111, 0.9915328009953018, 0.9908329123068239, 1.0398306290454655, 1.0048184061897503, 1.0083535160783488, 0.9837010990321104, 1.0166590517405822, 0.9939765222005347, 1.0163490425513892, 0.9985171868559974, 0.9891480154426554, 0.9923284992847576, 0.9847517760466901, 0.9893885289371294, 1.015871069240307, 0.9796183538655071, 0.9916730888731882, 1.0193292606817448, 1.0076469134873822, 0.9999714144377191, 0.9865954246104364, 0.987266566310365, 0.99254215152991, 0.9938687615027196]","[-0.0119831601422129, -0.01110729555771306, 0.008116689803560506, -0.004486307768074793, 0.01151361709387122, -0.0028326685498889503, -0.008467199004698167, -0.00916708769317609, 0.039830629045465527, 0.004818406189750268, 0.008353516078348777, -0.01629890096788955, 0.016659051740582242, -0.006023477799465327, 0.016349042551389248, -0.0014828131440025594, -0.010851984557344596, -0.007671500715242363, -0.015248223953309936, -0.010611471062870637, 0.015871069240307012, -0.020381646134492892, -0.008326911126811831, 0.019329260681744787, 0.007646913487382223, -2.8585562280913912e-05, -0.013404575389563633, -0.012733433689634976, -0.007457848470090012, -0.006131238497280367]","[0.0, 0.0, 0.0, 0.11109282821416855, 0.0, 0.0, 0.0842134952545166, 0.0, 0.11109282821416855, 0.0, 0.0, 0.09387706965208054, 0.09792660921812057, 0.0, 0.0, 0.0, 0.0, 0.09374915808439255, 0.0, 0.0, 0.0975954458117485, 0.0, 0.0, 0.11109282821416855, 0.0, 0.08826689422130585, 0.0, 0.0, 0.11109282821416855, 0.0]","[0.0, 0.0, 0.0, 5.69880826027149e-22, 0.0, 0.0, 0.0, 0.0, 0.0, 0.0, 0.0, 5.702284129762722e-22, 4.581926298873694e-22, 0.0, 5.70372326054503e-22, 0.0, 0.0, 0.0, 1.0, 5.695518332567931e-22, 0.0, 0.0, 4.597440642393477e-22, 0.0, 0.0, 4.584816289690635e-22, 4.61059802609886e-22, 5.67466836906439e-22, 0.0, 0.0]","[0.012105575216223617, 0.0, 0.014217891012823492, 0.0, 0.0, 0.0, 0.012214168493950019, 0.0, 0.0, 0.0, 0.0, 0.0, 0.0, 0.0, 0.0, 0.0, 0.018314126360279216, 0.0, 0.9219337639619035, 0.0, 0.0, 0.002104972094784384, 0.0, 0.0, 0.015709734456863134, 0.0, 0.0, 0.0, 0.0033997684031724503, 0.0]","[0.0, 0.0, 0.0, 0.11109283566474915, 0.0, 0.0, 0.0842135027050972, 0.0, 0.11109283566474915, 0.0, 0.0, 0.09387707710266113, 0.09792661666870117, 0.0, 0.0, 0.0, 0.0, 0.09374916553497314, 0.0, 0.0, 0.0975954532623291, 0.0, 0.0, 0.11109283566474915, 0.0, 0.08826690167188644, 0.0, 0.0, 0.11109283566474915, 0.0]",0.005020962341748814
64,1.021158679731316,"[0.9880168398577871, 0.9888927044422869, 1.0081166898035605, 0.9955136922319252, 1.0115136170938712, 0.997167331450111, 0.9915328009953018, 0.9908329123068239, 1.0398306290454655, 1.0048184061897503, 1.0083535160783488, 0.9837010990321104, 1.0166590517405822, 0.9939765222005347, 1.0163490425513892, 0.9985171868559974, 0.9891480154426554, 0.9923284992847576, 0.9847517760466901, 0.9893885289371294, 1.015871069240307, 0.9796183538655071, 0.9916730888731882, 1.0193292606817448, 1.0076469134873822, 0.9999714144377191, 0.9865954246104364, 0.987266566310365, 0.99254215152991, 0.9938687615027196]","[0.9907415398841684, 1.002124919609492, 1.0059228324603207, 1.0014211264822077, 1.000820010426691, 0.99132751887212, 0.9805087850598148, 0.9878480148484802, 1.0061304120782477, 1.0023619539492052, 1.007936950871484, 0.9883943667238189, 1.0179737363235013, 1.0159561419079475, 1.0018245473998526, 0.9890314087287497, 1.0007879514881228, 1.0110038483453523, 0.9807490994650427, 0.988886283557015, 1.0149377324691249, 1.0152538653067629, 1.0007573412543438, 0.9932284941474268, 0.9868067554496238, 1.0115783574214299, 1.0207395542282274, 1.0180852787387829, 0.9871522058717708, 1.0033065964452612]","[-0.009258460115831646, 0.0021249196094919043, 0.0059228324603206595, 0.001421126482207713, 0.000820010426691109, -0.008672481127879994, -0.019491214940185242, -0.012151985151519828, 0.006130412078247716, 0.002361953949205242, 0.007936950871483939, -0.011605633276181138, 0.0179737363235013, 0.015956141907947474, 0.0018245473998526052, -0.010968591271250272, 0.0007879514881228289, 0.011003848345352285, -0.01925090053495726, -0.011113716442984978, 0.014937732469124887, 0.01525386530676287, 0.0007573412543437907, -0.006771505852573245, -0.013193244550376182, 0.011578357421429875, 0.020739554228227375, 0.01808527873878285, -0.012847794128229229, 0.0033065964452612118]","[0.0, 0.0, 0.0, 0.0, 0.0, 0.10295898467302322, 0.0, 0.0, 0.09732026606798172, 0.10295898467302322, 0.0, 0.0, 0.10295898467302322, 0.0, 0.0, 0.0, 0.10295898467302322, 0.0, 0.08674599230289459, 0.0, 0.09522093087434769, 0.0, 0.0, 0.10295898467302322, 0.0, 0.10295898467302322, 0.10295898467302322, 0.0, 0.0, 0.0]","[0.0, 0.0, 0.0, 4.539096328835588e-22, 0.0, 2.89220272357031e-22, 3.424486438608107e-22, 0.0, 0.0, 0.0, 2.3373659015760973e-22, 0.0, 0.0, 0.0, 0.0, 2.3409096242909792e-22, 3.4090771890794546e-22, 0.0, 1.0, 0.0, 0.0, 2.3376195749302768e-22, 0.0, 0.0, 4.526698397393323e-22, 0.0, 0.0, 4.523091649437605e-22, 0.0, 0.0]","[0.012261748647024439, 0.004176717379109683, 0.0, 0.0, 0.011540269280009932, 0.007091085044344367, 0.0, 0.0, 0.0, 0.0007266788803048146, 0.003122136728381755, 0.004084388287039047, 0.005689501443426193, 0.009391979106311024, 0.00020276795829732454, 0.0008936597933476248, 0.0, 0.005552981120148788, 0.8927109427058069, 0.000904959373924648, 0.014531776888282777, 0.0, 0.0, 0.016664473225052295, 0.0, 0.0, 0.0, 0.0, 0.0, 0.010453934139188426]","[0.0, 0.0, 0.0, 0.0, 0.0, 0.10295896977186203, 0.0, 0.0, 0.09732025116682053, 0.10295896977186203, 0.0, 0.0, 0.10295896977186203, 0.0, 0.0, 0.0, 0.10295896977186203, 0.0, 0.086745984852314, 0.0, 0.09522091597318649, 0.0, 0.0, 0.10295896977186203, 0.0, 0.10295896977186203, 0.10295896977186203, 0.0, 0.0, 0.0]",0.0038764738845108626
65,1.0180018287464458,"[0.9907415398841684, 1.002124919609492, 1.0059228324603207, 1.0014211264822077, 1.000820010426691, 0.99132751887212, 0.9805087850598148, 0.9878480148484802, 1.0061304120782477, 1.0023619539492052, 1.007936950871484, 0.9883943667238189, 1.0179737363235013, 1.0159561419079475, 1.0018245473998526, 0.9890314087287497, 1.0007879514881228, 1.0110038483453523, 0.9807490994650427, 0.988886283557015, 1.0149377324691249, 1.0152538653067629, 1.0007573412543438, 0.9932284941474268, 0.9868067554496238, 1.0115783574214299, 1.0207395542282274, 1.0180852787387829, 0.9871522058717708, 1.0033065964452612]","[0.9926315381291271, 1.005250350711066, 0.9943914451572382, 1.0067802585463972, 1.0142809701902178, 1.0068010173766575, 1.0159226293570889, 1.0000154384884796, 1.0010170505227385, 0.9895148451095204, 0.9945912501417408, 1.0043539041881826, 0.9964740461274745, 1.0148696370382728, 1.0033898566409447, 0.9904328120300927, 1.0022794243027784, 1.0032877576361687, 0.9903754490765367, 0.9893483239090208, 1.0046707630590472, 0.986783706600947, 1.0072046291596832, 1.0150681852945835, 0.982837167725807, 1.0097309725909207, 0.9652822011366744, 0.9878997463992886, 1.0010810748967025, 0.9905071731982068]","[-0.007368461870872922, 0.005250350711065943, -0.005608554842761793, 0.006780258546397189, 0.01428097019021779, 0.006801017376657503, 0.01592262935708888, 1.5438488479624368e-05, 0.001017050522738483, -0.010485154890479631, -0.005408749858259232, 0.0043539041881826, -0.0035259538725255224, 0.01486963703827282, 0.0033898566409447106, -0.009567187969907298, 0.002279424302778388, 0.003287757636168731, -0.00962455092346326, -0.010651676090979167, 0.004670763059047234, -0.013216293399052947, 0.007204629159683229, 0.015068185294583536, -0.01716283227419302, 0.009730972590920706, -0.0347177988633256, -0.01210025360071143, 0.0010810748967025052, -0.009492826801793197]","[0.0, 0.09999999403953552, 0.0, 0.0, 0.09999999403953552, 0.09999999403953552, 0.0, 0.0, 0.0, 0.0, 0.0, 0.09999999403953552, 0.0, 0.0, 0.09999999403953552, 0.0, 0.0, 0.0, 0.09999999403953552, 0.0, 0.0, 0.09999999403953552, 0.0, 0.0, 0.09999999403953552, 0.09999999403953552, 0.09999999403953552, 0.0, 0.0, 0.0]","[3.9938373416214217e-22, 0.0, 0.0, 0.0, 0.0, 0.0, 0.0, 2.346921684427466e-22, 0.0, 0.0, 0.0, 0.0, 1.0, 0.0, 0.0, 0.0, 2.3420981811104643e-22, 2.3453774278530715e-22, 7.676584499794472e-22, 0.0, 0.0, 2.343636421911714e-22, 3.4352216341176585e-22, 4.762475199605179e-22, 0.0, 0.0, 0.0, 0.0, 3.446947290284625e-22, 0.0]","[0.017149418946046945, 0.0, 0.0, 0.0, 0.0, 0.005027195866757312, 0.01660491871661897, 0.00852012187831143, 0.0, 0.0, 0.0012546119787156665, 0.0, 0.8999011986872693, 0.0, 0.0008714915328095133, 0.0, 0.0, 0.009984337852906646, 0.004699758528303281, 0.0, 0.0, 0.0, 0.0, 0.0, 0.0, 0.006284063825048411, 0.0, 0.013903877605287964, 0.01579900458192462, 0.0]","[0.0, 0.09999999403953552, 0.0, 0.0, 0.09999999403953552, 0.09999999403953552, 0.0, 0.0, 0.0, 0.0, 0.0, 0.09999999403953552, 0.0, 0.0, 0.09999999403953552, 0.0, 0.0, 0.0, 0.09999999403953552, 0.0, 0.0, 0.09999999403953552, 0.0, 0.0, 0.09999999403953552, 0.09999999403953552, 0.09999999403953552, 0.0, 0.0, 0.0]",-0.0034897880855032193
66,1.0160837975166956,"[0.9926315381291271, 1.005250350711066, 0.9943914451572382, 1.0067802585463972, 1.0142809701902178, 1.0068010173766575, 1.0159226293570889, 1.0000154384884796, 1.0010170505227385, 0.9895148451095204, 0.9945912501417408, 1.0043539041881826, 0.9964740461274745, 1.0148696370382728, 1.0033898566409447, 0.9904328120300927, 1.0022794243027784, 1.0032877576361687, 0.9903754490765367, 0.9893483239090208, 1.0046707630590472, 0.986783706600947, 1.0072046291596832, 1.0150681852945835, 0.982837167725807, 1.0097309725909207, 0.9652822011366744, 0.9878997463992886, 1.0010810748967025, 0.9905071731982068]","[0.9889928063072494, 0.9865185669166605, 1.011425078188474, 1.0080287535655397, 1.0113626653088876, 0.992735921077799, 1.0051548233735594, 0.9814858873271721, 0.9994742318625004, 0.993267452824918, 0.9996504328676752, 0.9800381046421546, 1.0100959915338552, 0.9994096525304983, 0.9965107780374812, 1.0085099686804333, 1.0080150504712544, 0.9917138959522975, 1.0071717156960813, 0.9930771799544371, 1.0038795243452703, 0.9977115316217001, 1.0173289526405251, 1.0218187233266647, 1.0020698400450885, 1.0030290955547623, 0.9825263360633012, 0.9798074505581819, 1.0085599316721685, 0.9808722910635808]","[-0.011007193692750605, -0.013481433083339489, 0.011425078188473936, 0.00802875356553967, 0.011362665308887632, -0.007264078922201045, 0.005154823373559436, -0.018514112672827876, -0.0005257681374996048, -0.006732547175081982, -0.00034956713232481285, -0.019961895357845427, 0.010095991533855209, -0.0005903474695017064, -0.0034892219625187737, 0.0085099686804333, 0.008015050471254392, -0.00828610404770247, 0.007171715696081327, -0.006922820045562883, 0.00387952434527028, -0.0022884683782998794, 0.01732895264052514, 0.02181872332666468, 0.002069840045088478, 0.0030290955547622733, -0.017473663936698802, -0.02019254944181814, 0.008559931672168508, -0.01912770893641924]","[0.0, 0.0, 0.0, 0.0, 0.0, 0.0, 0.10393811762332916, 0.0982419103384018, 0.09783069789409637, 0.0, 0.07636058330535889, 0.10393811762332916, 0.10393811762332916, 0.0, 0.0, 0.0, 0.0, 0.10393811762332916, 0.10393811762332916, 0.0, 0.10393811762332916, 0.0, 0.0, 0.0, 0.10393811762332916, 0.0, 0.0, 0.0, 0.0, 0.0]","[0.0, 0.0, 6.738823000585048e-22, 0.0, 0.0, 0.0, 0.0, 0.0, 0.0, 0.0, 0.0, 0.0, 0.0, 0.0, 0.0, 2.34552096642575e-22, 3.4451231717147413e-22, 0.0, 0.0, 0.0, 2.342036904737277e-22, 2.330730226679473e-22, 0.0, 1.0, 4.555761304255428e-22, 2.3275910660104895e-22, 2.33213004578035e-22, 0.0, 0.0, 4.531324279497987e-22]","[0.0010761051651780773, 0.0, 0.0, 0.021106773054798335, 0.012756233444422208, 0.0, 0.0, 0.0, 0.0010377770585906158, 0.0, 0.015470529337671068, 0.005741641852815614, 0.0051588600128644165, 0.015675741467124017, 0.0, 0.004998623710560337, 0.0, 0.0072871816239794135, 0.0, 0.0, 0.00028283907378714226, 0.0, 0.0, 0.9073337961827403, 0.0, 4.693179136338583e-05, 0.0, 0.0020269662241049332, 0.0, 0.0]","[0.0, 0.0, 0.0, 0.0, 0.0, 0.0, 0.10393811762332916, 0.0982419103384018, 0.09783069789409637, 0.0, 0.07636058330535889, 0.10393811762332916, 0.10393811762332916, 0.0, 0.0, 0.0, 0.0, 0.10393811762332916, 0.10393811762332916, 0.0, 0.10393811762332916, 0.0, 0.0, 0.0, 0.10393811762332916, 0.0, 0.0, 0.0, 0.0, 0.0]",-0.002296419570798379
67,1.0155373488040866,"[0.9889928063072494, 0.9865185669166605, 1.011425078188474, 1.0080287535655397, 1.0113626653088876, 0.992735921077799, 1.0051548233735594, 0.9814858873271721, 0.9994742318625004, 0.993267452824918, 0.9996504328676752, 0.9800381046421546, 1.0100959915338552, 0.9994096525304983, 0.9965107780374812, 1.0085099686804333, 1.0080150504712544, 0.9917138959522975, 1.0071717156960813, 0.9930771799544371, 1.0038795243452703, 0.9977115316217001, 1.0173289526405251, 1.0218187233266647, 1.0020698400450885, 1.0030290955547623, 0.9825263360633012, 0.9798074505581819, 1.0085599316721685, 0.9808722910635808]","[1.0130762375117954, 0.9802388653925365, 1.001914546296115, 0.9887359386963585, 1.0041410749558022, 1.0076347473627074, 1.0023006490180928, 1.0259867189234575, 1.0032519951894678, 0.9804393491186691, 0.9760900593842162, 1.0139472883309686, 0.992613435566398, 1.0030888927486739, 0.9914511760361691, 0.9928855988169724, 1.0194427171417966, 1.031468609561087, 1.0010416707692398, 1.001833885591273, 0.9814336375066717, 0.9973877866986034, 1.0054335912927415, 1.0238776201341202, 0.9974897376397409, 0.9731766435549233, 0.9905920414154861, 0.9963470316728394, 0.9876471138629818, 1.0084332164278416]","[0.01307623751179543, -0.019761134607463537, 0.0019145462961149828, -0.011264061303641548, 0.004141074955802182, 0.007634747362707417, 0.002300649018092793, 0.025986718923457497, 0.003251995189467838, -0.019560650881330854, -0.023909940615783776, 0.013947288330968588, -0.007386564433601972, 0.003088892748673855, -0.008548823963830943, -0.007114401183027641, 0.019442717141796573, 0.03146860956108699, 0.0010416707692397775, 0.0018338855912729546, -0.018566362493328326, -0.0026122133013966042, 0.005433591292741458, 0.023877620134120203, -0.0025102623602590857, -0.026823356445076718, -0.009407958584513931, -0.003652968327160555, -0.012352886137018237, 0.008433216427841561]","[0.1170991063117981, 0.0, 0.1023535430431366, 0.09869356453418732, 0.0, 0.10100948810577393, 0.0, 0.0, 0.0, 0.0, 0.0, 0.0, 0.0, 0.1170991063117981, 0.0, 0.0, 0.0, 0.0, 0.0, 0.0, 0.1170991063117981, 0.10036171227693558, 0.09834656119346619, 0.0, 0.0, 0.0, 0.0, 0.0, 0.07850772887468338, 0.06943012773990631]","[0.0, 0.0, 0.0, 4.583174909455221e-22, 0.0, 0.0, 5.111555893522099e-22, 0.0, 0.0, 0.0, 4.600138872371789e-22, 4.6148206565603595e-22, 5.440592204100477e-22, 0.0, 0.0, 0.0, 0.0, 4.611780415289475e-22, 3.481111876700443e-22, 0.0, 0.0, 0.0, 0.0, 1.0, 4.630149993092643e-22, 0.0, 0.0, 4.6667023612893945e-22, 0.0, 0.0]","[0.008085532961724373, 0.0, 0.0, 0.0, 0.0, 0.0, 0.018762570193472623, 0.001493981533141667, 0.0, 0.0, 0.004786892209540642, 0.0, 0.0, 0.0016446929928686331, 0.0, 0.0, 0.0, 0.02460646668934409, 0.005211662203167449, 0.016076835950129743, 0.0, 3.00729704472166e-05, 0.004833500222568607, 0.9082363125177472, 0.0032570083447053676, 0.0, 0.0, 0.0, 0.0, 0.0029744712111424406]","[0.1170990914106369, 0.0, 0.1023535281419754, 0.09869354963302612, 0.0, 0.10100947320461273, 0.0, 0.0, 0.0, 0.0, 0.0, 0.0, 0.0, 0.1170990914106369, 0.0, 0.0, 0.0, 0.0, 0.0, 0.0, 0.1170990914106369, 0.10036169737577438, 0.09834654629230499, 0.0, 0.0, 0.0, 0.0, 0.0, 0.07850772142410278, 0.06943012028932571]",-0.0009596201677840855
68,1.020189092964475,"[1.0130762375117954, 0.9802388653925365, 1.001914546296115, 0.9887359386963585, 1.0041410749558022, 1.0076347473627074, 1.0023006490180928, 1.0259867189234575, 1.0032519951894678, 0.9804393491186691, 0.9760900593842162, 1.0139472883309686, 0.992613435566398, 1.0030888927486739, 0.9914511760361691, 0.9928855988169724, 1.0194427171417966, 1.031468609561087, 1.0010416707692398, 1.001833885591273, 0.9814336375066717, 0.9973877866986034, 1.0054335912927415, 1.0238776201341202, 0.9974897376397409, 0.9731766435549233, 0.9905920414154861, 0.9963470316728394, 0.9876471138629818, 1.0084332164278416]","[1.0077728863871247, 1.0162706962809116, 1.000597797963655, 1.009368675138718, 1.0268815726019258, 1.0130626863394472, 1.026114092545302, 1.0085678232964832, 0.991893276233486, 1.0096298569223139, 0.9845818240207685, 0.9889106458649459, 0.9914254039018975, 1.0275199646220479, 0.9991809483258338, 0.9858556889347501, 0.9984444679461366, 1.0021552709726185, 1.0160470687187984, 0.9885951833561576, 0.9850501759355546, 0.9961634304641213, 0.9901343436990714, 1.001920223164989, 1.010206497261166, 0.9891510152737163, 1.030770700559031, 0.9987050221301588, 1.0114645636339863, 0.9780003515612657]","[0.0077728863871247, 0.0162706962809116, 0.0005977979636548891, 0.009368675138718086, 0.026881572601925807, 0.013062686339447183, 0.02611409254530206, 0.008567823296483201, -0.008106723766514001, 0.009629856922313884, -0.015418175979231452, -0.011089354135054075, -0.008574596098102516, 0.027519964622047866, -0.0008190516741661824, -0.014144311065249937, -0.0015555320538633843, 0.0021552709726184727, 0.016047068718798352, -0.011404816643842408, -0.01494982406444545, -0.003836569535878742, -0.009865656300928616, 0.0019202231649890766, 0.010206497261165959, -0.010848984726283706, 0.030770700559030972, -0.0012949778698412295, 0.011464563633986291, -0.021999648438734254]","[0.11276406049728394, 0.0, 0.0, 0.0, 0.0, 0.0, 0.07193133980035782, 0.0, 0.0, 0.10123230516910553, 0.11276406049728394, 0.0, 0.0, 0.11276406049728394, 0.0, 0.07523000985383987, 0.0, 0.0, 0.0, 0.0, 0.11276406049728394, 0.0, 0.0, 0.0, 0.11276406049728394, 0.11276406049728394, 0.07502201199531555, 0.0, 0.0, 0.0]","[0.0, 0.0, 0.0, 0.0, 0.0, 2.4218399970660394e-22, 0.0, 0.0, 0.0, 0.0, 2.3837572914682324e-22, 0.0, 0.0, 0.0, 0.0, 2.4170281802919403e-22, 0.0, 0.0, 2.922875321632228e-22, 0.0, 2.4170942155917973e-22, 2.3972778529601287e-22, 0.0, 1.0, 0.0, 2.40415125398714e-22, 2.406870146482047e-22, 2.438004304039752e-22, 0.0, 0.0]","[0.0016108353735852508, 0.008149010942490226, 0.002505039843443421, 0.0026804138592546527, 0.0, 0.012055147403648487, 0.0, 0.0, 0.004758145972682988, 0.010337111149982483, 0.004803301361124807, 0.006840579781245828, 0.0, 0.0, 0.00450933456753445, 0.0014797174021757371, 0.009623757247060147, 0.0, 0.01680271482412479, 0.011321134101630034, 0.0, 0.0, 0.01113220718372803, 0.8759612409126802, 0.0, 0.004856236519912802, 0.0, 0.0004787211653903381, 0.0, 0.010095350388305275]","[0.11276406049728394, 0.0, 0.0, 0.0, 0.0, 0.0, 0.07193133980035782, 0.0, 0.0, 0.10123230516910553, 0.11276406049728394, 0.0, 0.0, 0.11276406049728394, 0.0, 0.07523000985383987, 0.0, 0.0, 0.0, 0.0, 0.11276406049728394, 0.0, 0.0, 0.0, 0.11276406049728394, 0.11276406049728394, 0.07502201199531555, 0.0, 0.0, 0.0]",0.004168411174118815
69,1.022546438949246,"[1.0077728863871247, 1.0162706962809116, 1.000597797963655, 1.009368675138718, 1.0268815726019258, 1.0130626863394472, 1.026114092545302, 1.0085678232964832, 0.991893276233486, 1.0096298569223139, 0.9845818240207685, 0.9889106458649459, 0.9914254039018975, 1.0275199646220479, 0.9991809483258338, 0.9858556889347501, 0.9984444679461366, 1.0021552709726185, 1.0160470687187984, 0.9885951833561576, 0.9850501759355546, 0.9961634304641213, 0.9901343436990714, 1.001920223164989, 1.010206497261166, 0.9891510152737163, 1.030770700559031, 0.9987050221301588, 1.0114645636339863, 0.9780003515612657]","[0.9902622166539441, 0.9944568085544296, 0.9763917478467313, 1.0074112677410327, 0.9849902542453484, 1.0012783865625305, 1.0027694375786982, 0.9992512470471012, 0.9959053678725939, 0.9984166353455396, 1.0031785158717528, 0.9956248292488133, 0.9940082104281641, 1.0131954269171397, 1.0078532607179473, 1.0160731154937914, 1.021958808074522, 1.0108656335839705, 1.0021327840463028, 0.9827043259756832, 0.9865957654949575, 1.0085138251818435, 0.9938051703536335, 1.0093846393231445, 0.9947781271543416, 1.0095165269581428, 1.0095605661505522, 1.0044258409402238, 0.9937639496814462, 1.0067586679081466]","[-0.009737783346055906, -0.005543191445570361, -0.023608252153268672, 0.007411267741032734, -0.015009745754651638, 0.0012783865625305424, 0.002769437578698186, -0.0007487529528987791, -0.004094632127406128, -0.0015833646544604063, 0.003178515871752774, -0.004375170751186652, -0.005991789571835882, 0.013195426917139708, 0.007853260717947341, 0.016073115493791423, 0.021958808074522107, 0.010865633583970524, 0.0021327840463027936, -0.017295674024316754, -0.013404234505042467, 0.008513825181843515, -0.006194829646366529, 0.009384639323144484, -0.0052218728456584484, 0.009516526958142757, 0.00956056615055223, 0.004425840940223802, -0.0062360503185537874, 0.0067586679081466094]","[0.0802423506975174, 0.0, 0.0, 0.1193142756819725, 0.0, 0.0, 0.0, 0.08064164221286774, 0.0, 0.1193142756819725, 0.0, 0.1193142756819725, 0.0, 0.10446898639202118, 0.09867545962333679, 0.0, 0.0, 0.1158871278166771, 0.0, 0.0, 0.0, 0.0, 0.0, 0.0, 0.1193142756819725, 0.0, 0.0, 0.04282722994685173, 0.0, 0.0]","[0.0, 0.0, 4.52337592594186e-22, 0.0, 0.0, 0.0, 2.854460539704632e-22, 0.0, 3.456177595936586e-22, 0.0, 4.553442326429611e-22, 0.0, 2.888013451848635e-22, 0.0, 0.0, 2.3548405034627084e-22, 3.4490729540786453e-22, 0.0, 3.4326782971013435e-22, 0.0, 0.0, 0.0, 0.0, 1.0, 0.0, 0.0, 0.0, 4.590277370975575e-22, 0.0, 0.0]","[0.0, 0.006811480377664749, 0.010988384476134153, 0.0, 0.0, 0.0054137383896110955, 0.011430568472399124, 0.00477796678982354, 0.0, 0.015759588749429867, 0.003007818874603073, 0.0, 0.0, 0.0, 0.01689736879921486, 0.007249306157976818, 0.0, 0.0, 0.0, 0.0, 0.0, 0.0035074836216112807, 0.002988010899723063, 0.9028810847493626, 0.0, 0.0, 0.0011928030791448867, 0.0, 0.002391123515595617, 0.00470327304770506]","[0.08024235814809799, 0.0, 0.0, 0.1193142831325531, 0.0, 0.0, 0.0, 0.08064164966344833, 0.0, 0.1193142831325531, 0.0, 0.1193142831325531, 0.0, 0.10446899384260178, 0.09867546707391739, 0.0, 0.0, 0.11588713526725769, 0.0, 0.0, 0.0, 0.0, 0.0, 0.0, 0.1193142831325531, 0.0, 0.0, 0.04282723367214203, 0.0, 0.0]",0.0018770498746051626
70,1.0162725530594245,"[0.9902622166539441, 0.9944568085544296, 0.9763917478467313, 1.0074112677410327, 0.9849902542453484, 1.0012783865625305, 1.0027694375786982, 0.9992512470471012, 0.9959053678725939, 0.9984166353455396, 1.0031785158717528, 0.9956248292488133, 0.9940082104281641, 1.0131954269171397, 1.0078532607179473, 1.0160731154937914, 1.021958808074522, 1.0108656335839705, 1.0021327840463028, 0.9827043259756832, 0.9865957654949575, 1.0085138251818435, 0.9938051703536335, 1.0093846393231445, 0.9947781271543416, 1.0095165269581428, 1.0095605661505522, 1.0044258409402238, 0.9937639496814462, 1.0067586679081466]","[1.0016152553081008, 0.983333155064478, 0.9903860766192867, 1.005273498412094, 0.9967434405384802, 1.003721655738966, 0.9972649444499548, 1.0170214078789201, 1.0198884226924312, 0.9743310337569375, 0.993948120442303, 1.0119620061382824, 1.0111861306993766, 1.006157205120884, 0.9856278588277686, 0.9920970783849369, 0.9921217461707216, 1.0093632173136269, 0.9946258377803658, 0.9788006503807927, 0.9963755331770366, 0.9828156214826689, 0.9989646097348008, 1.014358409350405, 0.9951347261318692, 0.982976833124556, 0.9986071493140352, 0.9993120327540984, 0.9749100509383029, 1.0101083474306094]","[0.0016152553081008048, -0.01666684493552195, -0.009613923380713318, 0.005273498412093902, -0.0032565594615198146, 0.003721655738966101, -0.0027350555500451623, 0.017021407878920147, 0.019888422692431185, -0.025668966243062474, -0.0060518795576970374, 0.011962006138282355, 0.011186130699376573, 0.006157205120884024, -0.0143721411722314, -0.007902921615063119, -0.007878253829278425, 0.009363217313626881, -0.00537416221963416, -0.02119934961920733, -0.003624466822963357, -0.017184378517331123, -0.0010353902651991653, 0.014358409350405, -0.004865273868130848, -0.01702316687544403, -0.0013928506859648415, -0.0006879672459015884, -0.025089949061697148, 0.010108347430609399]","[0.0, 0.10858810693025589, 0.0, 0.0, 0.10858810693025589, 0.0, 0.08624112606048584, 0.0, 0.0, 0.0, 0.10858810693025589, 0.0, 0.0, 0.0, 0.07993871718645096, 0.0, 0.0, 0.07370350509881973, 0.0, 0.0, 0.0, 0.10858810693025589, 0.0, 0.0, 0.10858810693025589, 0.0, 0.10858810693025589, 0.10858810693025589, 0.0, 0.0]","[0.0, 0.0, 0.0, 0.0, 2.3576785191620184e-22, 0.0, 0.0, 2.3671247248579386e-22, 0.0, 1.6890577775005635e-23, 0.0, 0.0, 7.280647679660477e-23, 0.0, 0.0, 2.0196353860551622e-23, 0.0, 0.0, 0.0, 0.0, 2.0885002578723908e-23, 2.412474044809272e-22, 0.0, 1.0, 0.0, 1.995493273341797e-23, 0.0, 2.352539178402613e-23, 0.0, 0.0]","[0.0, 0.0010360143273140025, 0.0057240328336721, 0.0, 0.0, 0.0, 0.0034379774974759064, 0.0, 0.00248723162522404, 0.005569448095971105, 0.0105261296393535, 0.015519795867957424, 0.015185758947579476, 0.00038362686944314864, 0.003275012672690158, 0.0, 0.0, 0.0, 0.0, 0.0, 0.0, 0.0015106885808662967, 0.0, 0.9193734839679291, 0.0, 0.0038677979285596507, 0.0, 0.0, 0.0, 0.012103001145963984]","[0.0, 0.1085880920290947, 0.0, 0.0, 0.1085880920290947, 0.0, 0.08624111860990524, 0.0, 0.0, 0.0, 0.1085880920290947, 0.0, 0.0, 0.0, 0.07993870973587036, 0.0, 0.0, 0.07370349764823914, 0.0, 0.0, 0.0, 0.1085880920290947, 0.0, 0.0, 0.1085880920290947, 0.0, 0.1085880920290947, 0.1085880920290947, 0.0, 0.0]",-0.006562299043414905
71,1.0147355287051476,"[1.0016152553081008, 0.983333155064478, 0.9903860766192867, 1.005273498412094, 0.9967434405384802, 1.003721655738966, 0.9972649444499548, 1.0170214078789201, 1.0198884226924312, 0.9743310337569375, 0.993948120442303, 1.0119620061382824, 1.0111861306993766, 1.006157205120884, 0.9856278588277686, 0.9920970783849369, 0.9921217461707216, 1.0093632173136269, 0.9946258377803658, 0.9788006503807927, 0.9963755331770366, 0.9828156214826689, 0.9989646097348008, 1.014358409350405, 0.9951347261318692, 0.982976833124556, 0.9986071493140352, 0.9993120327540984, 0.9749100509383029, 1.0101083474306094]","[0.9994720693003936, 1.0028338720613648, 0.9808415871041583, 0.9808407015293128, 1.000213528557238, 1.0033599108061517, 0.9867406738214444, 1.008261342062478, 1.0131021691495632, 1.0031074923865504, 1.0207969938137609, 0.9883552046108504, 0.9809253458800946, 0.9908528278379304, 1.0022813070898757, 1.0164298626472892, 1.0145754541895482, 1.0128641839050418, 1.0116323187572744, 0.9748175543404908, 0.9960884636065678, 0.9962854496269677, 1.0025770782279035, 0.9795318512415264, 1.000972145547999, 1.0062840526392767, 1.0139731823640434, 1.0003445937326598, 0.993413005524616, 0.9934315876878196]","[-0.0005279306996064381, 0.0028338720613647617, -0.019158412895841748, -0.019159298470687203, 0.00021352855723799635, 0.0033599108061517224, -0.01325932617855563, 0.008261342062477972, 0.013102169149563192, 0.0031074923865503923, 0.020796993813760878, -0.011644795389149643, -0.019074654119905388, -0.009147172162069617, 0.002281307089875728, 0.016429862647289184, 0.014575454189548198, 0.012864183905041848, 0.01163231875727444, -0.025182445659509223, -0.0039115363934322245, -0.003714550373032255, 0.00257707822790354, -0.02046814875847358, 0.0009721455479989594, 0.006284052639276672, 0.013973182364043435, 0.00034459373265982585, -0.006586994475384023, -0.006568412312180416]","[0.06768974661827087, 0.0, 0.0, 0.11038433015346527, 0.0, 0.0, 0.07686007022857666, 0.0, 0.11692019551992416, 0.11692019551992416, 0.0, 0.0, 0.0, 0.0, 0.0, 0.0, 0.0, 0.0, 0.0, 0.0, 0.0, 0.10453147441148758, 0.0, 0.0, 0.0, 0.0, 0.09809055179357529, 0.11692019551992416, 0.08078526705503464, 0.11089791357517242]","[0.0, 0.0, 4.564876448017326e-22, 0.0, 0.0, 2.979824862641992e-22, 0.0, 4.570302479102912e-22, 0.0, 0.0, 0.0, 0.0, 0.0, 0.0, 0.0, 2.4044233517732434e-22, 3.496285302732604e-22, 0.0, 4.030302232262019e-22, 0.0, 2.4106696273625694e-22, 0.0, 0.0, 1.0, 0.0, 2.405621029242277e-22, 0.0, 2.4338074648000654e-22, 0.0, 0.0]","[0.019345348180981516, 0.0, 0.003931924515828807, 0.0, 0.0, 0.006412381168237966, 0.0017322201616672844, 0.0, 0.013060825385625169, 0.011037855401046792, 0.003332456013906885, 0.0, 0.0, 0.004587577503841928, 0.013535026522840039, 0.002477756154679359, 0.012110175186010444, 0.009055229624881225, 0.0018915538044534258, 0.0, 0.0, 0.0036993758894540837, 0.0, 0.8733497098559764, 0.0, 0.004356594609658944, 0.0, 0.0, 0.016083990020909898, 0.0]","[0.06768975406885147, 0.0, 0.0, 0.11038434505462646, 0.0, 0.0, 0.07686007767915726, 0.0, 0.11692021042108536, 0.11692021042108536, 0.0, 0.0, 0.0, 0.0, 0.0, 0.0, 0.0, 0.0, 0.0, 0.0, 0.0, 0.10453148931264877, 0.0, 0.0, 0.0, 0.0, 0.09809056669473648, 0.11692021042108536, 0.08078527450561523, 0.11089792847633362]",-0.0019355286108957562
72,1.0153571751747104,"[0.9994720693003936, 1.0028338720613648, 0.9808415871041583, 0.9808407015293128, 1.000213528557238, 1.0033599108061517, 0.9867406738214444, 1.008261342062478, 1.0131021691495632, 1.0031074923865504, 1.0207969938137609, 0.9883552046108504, 0.9809253458800946, 0.9908528278379304, 1.0022813070898757, 1.0164298626472892, 1.0145754541895482, 1.0128641839050418, 1.0116323187572744, 0.9748175543404908, 0.9960884636065678, 0.9962854496269677, 1.0025770782279035, 0.9795318512415264, 1.000972145547999, 1.0062840526392767, 1.0139731823640434, 1.0003445937326598, 0.993413005524616, 0.9934315876878196]","[1.0114639718704572, 1.005654764541881, 0.9782478880087214, 0.9926447021233397, 0.9750612710102838, 0.978331418163117, 1.0060261376369581, 1.0246325659860185, 1.0093296101715696, 0.9911011470435178, 0.9930332573465612, 0.9906105743630562, 0.9898501691810786, 1.002446587395443, 1.030737080000783, 1.0182652861488477, 0.990020257993993, 0.9856882619771701, 1.000554260550044, 0.997254495065497, 0.9959993763599625, 0.9773430235687057, 0.9969476359416608, 0.973139651098258, 1.006024485186567, 1.0120212137958258, 1.0065395184760642, 1.017402162385262, 1.018633533965254, 0.9972727227329433]","[0.011463971870457224, 0.005654764541880963, -0.021752111991278578, -0.007355297876660338, -0.024938728989716163, -0.021668581836883027, 0.00602613763695814, 0.024632565986018484, 0.009329610171569636, -0.008898852956482184, -0.006966742653438773, -0.009389425636943782, -0.010149830818921401, 0.0024465873954429007, 0.0307370800007829, 0.018265286148847704, -0.009979742006007042, -0.014311738022829923, 0.0005542605500439279, -0.0027455049345029847, -0.004000623640037504, -0.022656976431294273, -0.0030523640583391964, -0.026860348901742048, 0.006024485186566952, 0.01202121379582577, 0.0065395184760641545, 0.017402162385262043, 0.018633533965253912, -0.0027272772670566825]","[0.11894047260284424, 0.0, 0.0, 0.0, 0.0, 0.0, 0.06881678849458694, 0.0, 0.06097228452563286, 0.13616038858890533, 0.0, 0.0, 0.1010066568851471, 0.0, 0.0, 0.0, 0.0, 0.0, 0.0, 0.08341126143932343, 0.03898198530077934, 0.13616038858890533, 0.0, 0.0, 0.0, 0.11938939243555069, 0.0, 0.0, 0.13616038858890533, 0.0]","[0.0, 0.0, 1.2235221201494759e-23, 1.365028511332073e-23, 1.2414824303514458e-22, 1.318555492979249e-22, 0.0, 1.4331039737392326e-23, 0.0, -9.504950418479416e-23, 0.0, 0.0, 0.0, 0.0, 1.5364474289035846e-23, 0.0, 0.0, 0.0, 0.0, 0.0, 0.0, 1.7521230246775906e-23, 0.0, 1.0, 0.0, 1.9274166017587815e-23, 0.0, 0.0, 0.0, 0.0]","[0.00016427098632615307, 0.0036763646615191638, 0.012169069054421824, 0.0038413753381005378, 0.005476827594308054, 0.004935346984140896, 0.016777448667301336, 0.0, 0.0, 0.0016251983926880984, 0.013165236956239472, 0.0002838062569828582, 0.0, 2.308943857464002e-05, 0.0, 0.003147924231281917, 0.0, 0.0, 0.010075232847882873, 0.019228279757228874, 0.023697882333295204, 0.0034767331557742894, 0.013390812882642662, 0.8368055903036075, 0.0, 1.2321902679271404e-05, 0.0, 0.012886841988006398, 0.005556999751419872, 0.009583346515577955]","[0.11894047260284424, 0.0, 0.0, 0.0, 0.0, 0.0, 0.06881678849458694, 0.0, 0.06097228452563286, 0.13616038858890533, 0.0, 0.0, 0.1010066568851471, 0.0, 0.0, 0.0, 0.0, 0.0, 0.0, 0.08341126143932343, 0.03898198530077934, 0.13616038858890533, 0.0, 0.0, 0.0, 0.11938939243555069, 0.0, 0.0, 0.13616038858890533, 0.0]",0.00016087220619016634
73,1.019448427615169,"[1.0114639718704572, 1.005654764541881, 0.9782478880087214, 0.9926447021233397, 0.9750612710102838, 0.978331418163117, 1.0060261376369581, 1.0246325659860185, 1.0093296101715696, 0.9911011470435178, 0.9930332573465612, 0.9906105743630562, 0.9898501691810786, 1.002446587395443, 1.030737080000783, 1.0182652861488477, 0.990020257993993, 0.9856882619771701, 1.000554260550044, 0.997254495065497, 0.9959993763599625, 0.9773430235687057, 0.9969476359416608, 0.973139651098258, 1.006024485186567, 1.0120212137958258, 1.0065395184760642, 1.017402162385262, 1.018633533965254, 0.9972727227329433]","[0.9907327660564064, 1.0137216699803608, 1.0084827517751558, 1.0020148860250935, 0.9838367073633337, 0.9873491490369354, 0.989996605996897, 1.004059743053333, 1.0164822480280742, 1.004562315364143, 0.9996530823944841, 0.9921630104501358, 0.9922130544514755, 0.996136384311176, 1.0078789715930898, 1.0150769511507978, 1.0126855849744327, 1.0321968898572353, 0.99860661252004, 1.0231676741796167, 1.0019889795652075, 1.0192955367953622, 0.9904475114766248, 1.0024066767781747, 0.9998716209400306, 0.9789470279790292, 1.0064718960136794, 0.9985712154129511, 0.9933015203493358, 1.004667039105148]","[-0.009267233943593634, 0.01372166998036084, 0.008482751775155783, 0.0020148860250934764, -0.01616329263666627, -0.01265085096306462, -0.010003394003103017, 0.004059743053332898, 0.016482248028074187, 0.004562315364142977, -0.0003469176055158618, -0.007836989549864226, -0.007786945548524549, -0.0038636156888239848, 0.007878971593089812, 0.015076951150797768, 0.012685584974432729, 0.032196889857235345, -0.0013933874799599844, 0.023167674179616737, 0.0019889795652074937, 0.019295536795362223, -0.009552488523375202, 0.0024066767781747433, -0.0001283790599694301, -0.021052972020970784, 0.006471896013679368, -0.0014287845870488702, -0.006698479650664169, 0.004667039105147985]","[0.0, 0.0, 0.10656885802745819, 0.0, 0.0, 0.10656885802745819, 0.0, 0.0, 0.09092321246862411, 0.10656885802745819, 0.10656885802745819, 0.0, 0.0, 0.09023451060056686, 0.10656885802745819, 0.0, 0.0, 0.0, 0.0, 0.09486543387174606, 0.0, 0.0, 0.0, 0.0, 0.08456367254257202, 0.0, 0.0, 0.10656885802745819, 0.0, 0.0]","[2.364123634445632e-22, 0.0, 5.658687364553139e-22, 0.0, 0.0, 0.0, 0.0, 0.0, 2.525296879920689e-22, 0.0, 0.0, 3.4690407728888474e-22, 0.0, 0.0, 0.0, 0.0, 0.0, 0.0, 0.0, 0.0, 3.5016700338066847e-22, 3.4828325447599586e-22, 2.338179852448928e-22, 1.0, 0.0, 0.0, 0.0, 1.310729520992843e-22, 0.0, 3.4564547991626763e-22]","[0.0073254046803687195, 0.008641944919763105, 0.0, 0.014723157735483192, 0.0, 0.0026290783280335877, 0.0, 0.0, 0.007763119594133485, 0.001372471679383697, 0.005296392479774557, 0.0, 0.0022306490765330094, 0.0009795490145265784, 0.0, 0.0, 0.0, 0.01792045027705121, 0.004519117720515863, 0.0, 0.0, 0.0, 0.0, 0.9044968030911005, 0.007514716452392555, 0.0, 0.0, 0.005097550763044678, 0.005099742355934841, 0.004389851831960688]","[0.0, 0.0, 0.10656886547803879, 0.0, 0.0, 0.10656886547803879, 0.0, 0.0, 0.09092321991920471, 0.10656886547803879, 0.10656886547803879, 0.0, 0.0, 0.09023451805114746, 0.10656886547803879, 0.0, 0.0, 0.0, 0.0, 0.09486544132232666, 0.0, 0.0, 0.0, 0.0, 0.08456367999315262, 0.0, 0.0, 0.10656886547803879, 0.0, 0.0]",0.0036128874186700513
74,1.020623670917363,"[0.9907327660564064, 1.0137216699803608, 1.0084827517751558, 1.0020148860250935, 0.9838367073633337, 0.9873491490369354, 0.989996605996897, 1.004059743053333, 1.0164822480280742, 1.004562315364143, 0.9996530823944841, 0.9921630104501358, 0.9922130544514755, 0.996136384311176, 1.0078789715930898, 1.0150769511507978, 1.0126855849744327, 1.0321968898572353, 0.99860661252004, 1.0231676741796167, 1.0019889795652075, 1.0192955367953622, 0.9904475114766248, 1.0024066767781747, 0.9998716209400306, 0.9789470279790292, 1.0064718960136794, 0.9985712154129511, 0.9933015203493358, 1.004667039105148]","[0.9994368968148607, 0.9886644180405861, 1.015267866036271, 1.0016076670774212, 1.0116797024284057, 1.0049238560120026, 1.0003274851538866, 0.9889317001858935, 0.998502186636072, 1.0155434811946307, 1.002648475147729, 1.0011171142148043, 1.0155608747753948, 0.9872644908435823, 1.0145382298282517, 1.008334200001072, 1.0156468949923876, 0.9917158312084219, 1.0096277930162896, 0.9850280210232344, 1.0339364336546433, 1.0048429396744925, 0.9832359113502763, 1.0045547534887824, 1.0014309719446088, 0.990874892126362, 1.0051294547931693, 1.0200941410417677, 0.9968950537556734, 1.0062690795605713]","[-0.000563103185139302, -0.011335581959413865, 0.01526786603627106, 0.0016076670774212154, 0.011679702428405658, 0.004923856012002625, 0.0003274851538865864, -0.011068299814106508, -0.0014978133639279578, 0.01554348119463067, 0.0026484751477289237, 0.0011171142148043156, 0.015560874775394806, -0.012735509156417746, 0.014538229828251703, 0.00833420000107199, 0.015646894992387583, -0.008284168791578117, 0.009627793016289576, -0.01497197897676561, 0.03393643365464327, 0.0048429396744924524, -0.016764088649723674, 0.004554753488782426, 0.0014309719446088387, -0.009125107873637961, 0.005129454793169286, 0.020094141041767655, -0.0031049462443265563, 0.006269079560571322]","[0.0692354366183281, 0.0, 0.0, 0.08806663006544113, 0.0, 0.0, 0.1265532225370407, 0.0, 0.0, 0.1273208111524582, 0.0, 0.0, 0.0, 0.0, 0.0, 0.0, 0.0, 0.0, 0.0, 0.08205261081457138, 0.0, 0.0, 0.1273208111524582, 0.11119319498538971, 0.1273208111524582, 0.03860354423522949, 0.0, 0.10233299434185028, 0.0, 0.0]","[0.0, 0.0, 3.3758729358602637e-22, 0.0, 0.0, 2.8513453245386484e-22, 0.0, 0.0, 0.0, 0.0, 3.6706359873457056e-22, 3.3887497463627484e-22, 0.0, 0.0, 2.285194977605383e-22, 2.301759725042468e-22, 0.0, 0.0, 0.0, 0.0, 0.0, 0.0, 0.0, 1.0, 0.0, 2.294558846653063e-22, 0.0, 3.4155897921838815e-22, 2.2858282413978016e-22, 0.0]","[0.0, 0.0, 0.0, 0.0, 0.0, 0.0, 0.0, 0.009696776346096943, 0.0, 0.0, 0.010860457242170463, 0.008152268139131046, 0.0, 0.004517940224850997, 0.010188197203002756, 0.0, 0.010615476227629924, 0.0004944438368611511, 0.0015063626801796954, 0.0, 0.0, 0.008692070349157623, 0.0, 0.9039535035768447, 0.014734808084735464, 0.004542636367433173, 0.012045059721905987, 0.0, 0.0, 0.0]","[0.0692354291677475, 0.0, 0.0, 0.08806662261486053, 0.0, 0.0, 0.12655320763587952, 0.0, 0.0, 0.127320796251297, 0.0, 0.0, 0.0, 0.0, 0.0, 0.0, 0.0, 0.0, 0.0, 0.08205260336399078, 0.0, 0.0, 0.127320796251297, 0.11119318008422852, 0.127320796251297, 0.038603540509939194, 0.0, 0.10233297944068909, 0.0, 0.0]",0.0007424260844509538
75,1.013705398736155,"[0.9994368968148607, 0.9886644180405861, 1.015267866036271, 1.0016076670774212, 1.0116797024284057, 1.0049238560120026, 1.0003274851538866, 0.9889317001858935, 0.998502186636072, 1.0155434811946307, 1.002648475147729, 1.0011171142148043, 1.0155608747753948, 0.9872644908435823, 1.0145382298282517, 1.008334200001072, 1.0156468949923876, 0.9917158312084219, 1.0096277930162896, 0.9850280210232344, 1.0339364336546433, 1.0048429396744925, 0.9832359113502763, 1.0045547534887824, 1.0014309719446088, 0.990874892126362, 1.0051294547931693, 1.0200941410417677, 0.9968950537556734, 1.0062690795605713]","[0.9895589253890056, 0.9940316185359919, 0.9683917232916497, 1.0020607860192183, 0.9948098329253227, 0.9908905365371562, 1.0101612774149955, 1.0042987324189834, 0.9988426841107433, 0.9733937740087858, 0.9879927763520122, 1.0187869455763934, 1.0036966683999182, 1.0216138528079048, 0.9937069154840339, 1.0111852301497004, 1.0159343135197167, 0.9856015312996088, 0.9904477217677419, 1.0037614264037436, 1.0183295253062565, 0.9897930044160511, 1.0110779855931733, 0.9774653216124589, 0.9963794797953907, 1.0040983047156364, 1.01058602360978, 1.0072195714251408, 1.0091646255106135, 0.9879204094637124]","[-0.010441074610994416, -0.005968381464008132, -0.031608276708350314, 0.0020607860192183303, -0.005190167074677343, -0.009109463462843803, 0.010161277414995507, 0.004298732418983375, -0.001157315889256716, -0.026606225991214205, -0.012007223647987786, 0.018786945576393377, 0.0036966683999182237, 0.021613852807904843, -0.0062930845159661075, 0.01118523014970041, 0.015934313519716747, -0.014398468700391187, -0.009552278232258127, 0.0037614264037435508, 0.018329525306256533, -0.010206995583948886, 0.0110779855931733, -0.022534678387541085, -0.0036205202046093454, 0.004098304715636436, 0.010586023609779893, 0.007219571425140847, 0.009164625510613478, -0.012079590536287599]","[0.0, 0.0, 0.08466406911611557, 0.0, 0.0, 0.0, 0.0, 0.0, 0.10862724483013153, 0.10862724483013153, 0.0, 0.0, 0.0, 0.0, 0.0, 0.06839954853057861, 0.0, 0.10862724483013153, 0.0, 0.10854465514421463, 0.10862724483013153, 0.0, 0.0, 0.10862724483013153, 0.0, 0.0, 0.09351638704538345, 0.0, 0.0, 0.10173910111188889]","[0.0, 0.0, 3.4016845158317936e-22, 0.0, 0.0, 0.0, 0.0, 0.0, 0.0, 0.0, 0.0, 0.0, 0.0, 0.0, 1.2158850958497542e-22, 0.0, 2.3270129453517933e-22, 0.0, 0.0, 0.0, 3.4411439276146967e-22, 0.0, 0.0, 1.0, 3.446775299810209e-22, 1.22625708362073e-22, 1.2271964116393088e-22, 1.2440193249009838e-22, 0.0, 3.4150330728593203e-22]","[0.0, 0.003969674829988738, 0.0, 0.006484351474207822, 0.0, 0.0, 0.004811588136595137, 0.015884721142858993, 0.0021374485767890567, 0.0, 0.017974885439758684, 0.0, 0.0, 0.0, 0.0, 0.0, 0.002392138423052255, 0.0, 0.0, 0.00500675059163325, 0.003253064131564942, 0.020799099942872656, 0.0, 0.9025134049280623, 0.005116910445668981, 0.0055424304906647815, 0.0, 0.0038167552908344262, 0.0, 0.0002967761554478899]","[0.0, 0.0, 0.08466406911611557, 0.0, 0.0, 0.0, 0.0, 0.0, 0.10862724483013153, 0.10862724483013153, 0.0, 0.0, 0.0, 0.0, 0.0, 0.06839954853057861, 0.0, 0.10862724483013153, 0.0, 0.10854465514421463, 0.10862724483013153, 0.0, 0.0, 0.10862724483013153, 0.0, 0.0, 0.09351638704538345, 0.0, 0.0, 0.10173910111188889]",-0.007231768258269737
76,1.0128761192686608,"[0.9895589253890056, 0.9940316185359919, 0.9683917232916497, 1.0020607860192183, 0.9948098329253227, 0.9908905365371562, 1.0101612774149955, 1.0042987324189834, 0.9988426841107433, 0.9733937740087858, 0.9879927763520122, 1.0187869455763934, 1.0036966683999182, 1.0216138528079048, 0.9937069154840339, 1.0111852301497004, 1.0159343135197167, 0.9856015312996088, 0.9904477217677419, 1.0037614264037436, 1.0183295253062565, 0.9897930044160511, 1.0110779855931733, 0.9774653216124589, 0.9963794797953907, 1.0040983047156364, 1.01058602360978, 1.0072195714251408, 1.0091646255106135, 0.9879204094637124]","[0.9986864032704623, 1.0039599766834246, 1.0036653824121962, 1.0300822713648257, 0.9951737125685347, 0.9883871551213236, 0.9933994379958774, 0.9985871021692897, 0.9965694440548964, 0.9935241446690897, 1.0025426165022555, 1.0036428259330354, 1.009860533238173, 0.9920401085300011, 1.0043422424210968, 1.0058170113476357, 1.0111208727972303, 1.017919678250588, 0.9805501297840138, 1.0149697501125476, 0.9975476875558849, 0.9942290715379067, 1.005334265922689, 0.971309073499862, 0.9829593440746441, 0.9848287077184062, 1.0101336941621653, 1.0148333580028617, 1.0159284988283424, 1.012621728372076]","[-0.0013135967295376805, 0.003959976683424626, 0.003665382412196161, 0.030082271364825663, -0.004826287431465293, -0.01161284487867642, -0.006600562004122623, -0.0014128978307103024, -0.0034305559451035528, -0.0064758553309103295, 0.0025426165022555125, 0.003642825933035443, 0.00986053323817293, -0.00795989146999887, 0.00434224242109682, 0.005817011347635681, 0.011120872797230286, 0.017919678250587934, -0.01944987021598621, 0.014969750112547642, -0.0024523124441151456, -0.005770928462093261, 0.00533426592268893, -0.028690926500138048, -0.017040655925355863, -0.015171292281593751, 0.010133694162165252, 0.014833358002861674, 0.015928498828342352, 0.01262172837207598]","[0.10967204719781876, 0.10967204719781876, 0.0, 0.0, 0.0, 0.0, 0.10967204719781876, 0.10967204719781876, 0.08877208083868027, 0.0, 0.10967204719781876, 0.0, 0.0, 0.0, 0.10967204719781876, 0.0, 0.0, 0.0, 0.0, 0.0, 0.0, 0.03385157883167267, 0.0, 0.0, 0.10967204719781876, 0.0, 0.0, 0.0, 0.0, 0.10967204719781876]","[0.0, 0.0, 0.0, 0.0, 0.0, 2.3329385818934382e-22, 0.0, 0.0, 4.544435840091464e-22, 0.0, 2.0328725056329895e-22, 3.423652642460091e-22, 0.0, 0.0, 2.31848497273266e-22, 0.0, 0.0, 0.0, 0.0, 0.0, 0.0, 0.0, 0.0, 1.0, 0.0, 1.2210362595079023e-22, 1.222424762830502e-22, 1.2365716801892926e-22, 2.319532836733551e-22, 0.0]","[0.0027447260460468897, 0.0, 0.012512957385866606, 0.0, 0.0, 0.0005040449427539261, 0.0, 0.0, 0.010697124809997155, 0.0, 0.0, 0.0041570699298338395, 0.004617084649920535, 0.0, 0.0, 0.012563827983327622, 0.009292938371573833, 0.0, 0.01215951927745458, 0.0016047614310659899, 0.019809284265555296, 0.0, 0.010691947681863254, 0.8774380252820831, 0.004464568998996517, 0.0, 0.007890344089782121, 0.0, 0.00640100038233221, 0.0024507744715464696]","[0.10967204719781876, 0.10967204719781876, 0.0, 0.0, 0.0, 0.0, 0.10967204719781876, 0.10967204719781876, 0.08877208083868027, 0.0, 0.10967204719781876, 0.0, 0.0, 0.0, 0.10967204719781876, 0.0, 0.0, 0.0, 0.0, 0.0, 0.0, 0.03385157883167267, 0.0, 0.0, 0.10967204719781876, 0.0, 0.0, 0.0, 0.0, 0.10967204719781876]",-0.0012106735985808
77,1.0171227806852843,"[0.9986864032704623, 1.0039599766834246, 1.0036653824121962, 1.0300822713648257, 0.9951737125685347, 0.9883871551213236, 0.9933994379958774, 0.9985871021692897, 0.9965694440548964, 0.9935241446690897, 1.0025426165022555, 1.0036428259330354, 1.009860533238173, 0.9920401085300011, 1.0043422424210968, 1.0058170113476357, 1.0111208727972303, 1.017919678250588, 0.9805501297840138, 1.0149697501125476, 0.9975476875558849, 0.9942290715379067, 1.005334265922689, 0.971309073499862, 0.9829593440746441, 0.9848287077184062, 1.0101336941621653, 1.0148333580028617, 1.0159284988283424, 1.012621728372076]","[0.9872463526646633, 0.9818684834204584, 0.990764243468142, 1.0355274291284005, 0.9722437637576936, 1.0060322487705147, 1.0009793084697065, 1.0045135441930921, 0.9919299412207392, 1.0010443707256742, 0.982346545334992, 0.9928086195714733, 0.9856914797529043, 0.989654586313399, 1.0028001074046808, 0.964742878390449, 1.012849822545892, 1.0194336029092999, 1.001271071444433, 1.0101092206868914, 0.9892801626202721, 1.0075481002397817, 0.9887335559665636, 0.9846363723501415, 1.0040988316362638, 0.9875538032433776, 1.0030490916859596, 1.0149522823601371, 0.9873133845682209, 0.971490988490488]","[-0.012753647335336682, -0.018131516579541596, -0.009235756531858041, 0.035527429128400456, -0.027756236242306387, 0.00603224877051467, 0.000979308469706508, 0.004513544193092134, -0.008070058779260814, 0.001044370725674204, -0.017653454665008006, -0.007191380428526739, -0.014308520247095724, -0.010345413686601024, 0.0028001074046808405, -0.03525712160955097, 0.012849822545891953, 0.019433602909299852, 0.0012710714444330584, 0.010109220686891351, -0.010719837379727926, 0.0075481002397816965, -0.011266444033436351, -0.015363627649858547, 0.004098831636263789, -0.012446196756622396, 0.0030490916859595707, 0.014952282360137126, -0.01268661543177907, -0.028509011509512017]","[0.0, 0.0, 0.0, 0.11109597980976105, 0.0, 0.11375752836465836, 0.0, 0.0699332132935524, 0.0, 0.1042417660355568, 0.0, 0.07981912791728973, 0.0, 0.0, 0.0, 0.0, 0.11375752836465836, 0.11375752836465836, 0.0, 0.0, 0.11375752836465836, 0.06612233072519302, 0.0, 0.0, 0.0, 0.0, 0.0, 0.0, 0.0, 0.11375752836465836]","[2.2871458677559237e-22, 0.0, 3.378380962353124e-22, 0.0, 0.0, 0.0, 2.479812525933532e-22, 2.2887744236706536e-22, 0.0, 0.0, 0.0, 0.0, 0.0, 0.0, 0.0, 0.0, 0.0, 0.0, 0.0, 0.0, 3.4092070721309006e-22, 0.0, 0.0, 1.0, 1.1863562114393848e-22, 1.1880751276113925e-22, 0.0, 1.2025989384902026e-22, 1.1848362264202257e-22, 0.0]","[0.008770034103394192, 0.0, 0.0, 0.0, 0.0, 0.01839094943509295, 0.01918320931235914, 0.0, 0.0049249990829343445, 0.006450776664872333, 0.0, 0.003093978069549436, 0.002859323861034549, 0.0, 0.0, 0.003743593406821779, 0.004471401484327571, 0.00874289202804494, 0.0008467988642029149, 0.014476038709329049, 0.00559474955659892, 0.0, 0.0, 0.8910370374231962, 0.0, 0.0, 0.007414217998241723, 0.0, 0.0, 0.0]","[0.0, 0.0, 0.0, 0.11109597980976105, 0.0, 0.11375752836465836, 0.0, 0.0699332132935524, 0.0, 0.1042417660355568, 0.0, 0.07981912791728973, 0.0, 0.0, 0.0, 0.0, 0.11375752836465836, 0.11375752836465836, 0.0, 0.0, 0.11375752836465836, 0.06612233072519302, 0.0, 0.0, 0.0, 0.0, 0.0, 0.0, 0.0, 0.11375752836465836]",0.003739595878585036
78,1.018273232267072,"[0.9872463526646633, 0.9818684834204584, 0.990764243468142, 1.0355274291284005, 0.9722437637576936, 1.0060322487705147, 1.0009793084697065, 1.0045135441930921, 0.9919299412207392, 1.0010443707256742, 0.982346545334992, 0.9928086195714733, 0.9856914797529043, 0.989654586313399, 1.0028001074046808, 0.964742878390449, 1.012849822545892, 1.0194336029092999, 1.001271071444433, 1.0101092206868914, 0.9892801626202721, 1.0075481002397817, 0.9887335559665636, 0.9846363723501415, 1.0040988316362638, 0.9875538032433776, 1.0030490916859596, 1.0149522823601371, 0.9873133845682209, 0.971490988490488]","[0.975529402094245, 1.0186023650784592, 1.0000689087692693, 1.0109331554654761, 1.0042687397174535, 1.0027117346217806, 1.0063402926397247, 0.9875012351316819, 1.019540728808999, 1.0025455507868932, 1.0004211958908151, 1.010488133663271, 0.9952769865874509, 1.0045240113136684, 0.997817011785122, 1.0090777329709566, 0.9885911317797774, 0.9909622860876277, 1.0017465048040475, 0.9863149202225138, 1.0193836862829184, 1.002268980299388, 0.9911882068581279, 1.0166452559746046, 0.9983721279583531, 0.9964324567883699, 1.0092941022745427, 0.9739781421160564, 1.0212179639466694, 1.0118731018174079]","[-0.02447059790575501, 0.01860236507845925, 6.890876926934908e-05, 0.01093315546547613, 0.004268739717453451, 0.002711734621780648, 0.006340292639724687, -0.012498764868318135, 0.01954072880899904, 0.0025455507868932248, 0.0004211958908151292, 0.010488133663270949, -0.004723013412549104, 0.004524011313668419, -0.0021829882148779456, 0.009077732970956598, -0.011408868220222579, -0.009037713912372292, 0.0017465048040474773, -0.013685079777486231, 0.019383686282918422, 0.002268980299388046, -0.008811793141872082, 0.016645255974604645, -0.0016278720416469383, -0.0035675432116301087, 0.009294102274542748, -0.026021857883943622, 0.021217963946669416, 0.01187310181740786]","[0.06878751516342163, 0.0, 0.0, 0.0, 0.0, 0.0, 0.0, 0.0, 0.0, 0.13277702033519745, 0.0, 0.0, 0.0, 0.13277702033519745, 0.07734113186597824, 0.0, 0.12059088051319122, 0.05560659244656563, 0.0, 0.05739319324493408, 0.13277702033519745, 0.10849885642528534, 0.0, 0.11345081031322479, 0.0, 0.0, 0.0, 0.0, 0.0, 0.0]","[0.0, 0.0, 0.0, 1.9532029153012983e-21, 0.0, 1.2137335711892112e-21, 0.2081920990820048, 0.0, 0.0, 0.0, 0.0, 7.263514181013581e-22, 1.926301155982511e-21, 0.0, 0.0, 0.0, 0.0, 2.0078169529093134e-21, 0.7918079009179951, 0.0, 0.0, 0.0, 1.528225596392251e-21, 1.4061807893218754e-21, 0.0, 0.0, 0.0, 0.0, 1.7474882814832682e-21, 0.0]","[0.0, 0.009668821645045742, 0.0, 0.0016842885565853062, 0.005531454429023788, 0.0005805204589408023, 0.19311846848577247, 0.0, 0.004863089138829608, 0.005990626478824633, 0.0, 0.0, 0.0, 0.005165275407024017, 0.0, 0.009954608754593886, 0.002079328894663407, 0.005217467129258674, 0.7190484650618859, 0.0138096177507976, 0.0011473253213154027, 0.0009211908500507594, 0.0, 0.0, 0.00726148619555423, 0.0, 0.0, 0.013957965441833729, 0.0, 0.0]","[0.06878751516342163, 0.0, 0.0, 0.0, 0.0, 0.0, 0.0, 0.0, 0.0, 0.13277702033519745, 0.0, 0.0, 0.0, 0.13277702033519745, 0.07734113186597824, 0.0, 0.12059088051319122, 0.05560659244656563, 0.0, 0.05739319324493408, 0.13277702033519745, 0.10849885642528534, 0.0, 0.11345081031322479, 0.0, 0.0, 0.0, 0.0, 0.0, 0.0]",0.0006857613063818399
79,1.0211940896800074,"[0.975529402094245, 1.0186023650784592, 1.0000689087692693, 1.0109331554654761, 1.0042687397174535, 1.0027117346217806, 1.0063402926397247, 0.9875012351316819, 1.019540728808999, 1.0025455507868932, 1.0004211958908151, 1.010488133663271, 0.9952769865874509, 1.0045240113136684, 0.997817011785122, 1.0090777329709566, 0.9885911317797774, 0.9909622860876277, 1.0017465048040475, 0.9863149202225138, 1.0193836862829184, 1.002268980299388, 0.9911882068581279, 1.0166452559746046, 0.9983721279583531, 0.9964324567883699, 1.0092941022745427, 0.9739781421160564, 1.0212179639466694, 1.0118731018174079]","[1.0066651706709386, 1.0065493683312599, 1.0142658618096576, 0.9830819529473426, 1.0237420481978434, 1.008802351810256, 1.0068087537550399, 1.0044920819315923, 1.012463388393889, 1.019073328656706, 0.9907831424118332, 1.003175437896254, 1.0156374465336557, 1.0046230853155416, 1.0060210431451193, 1.0106231529899918, 0.9881490016038367, 1.0076438161898271, 1.0079304294145734, 0.9924169580395573, 0.993071093372365, 1.0216694248247749, 1.0032135364161798, 1.0068757604361036, 1.0007557309498605, 0.9968426273074381, 1.0130817104348049, 1.0066854886043186, 0.9984862926487081, 1.0018216136924982]","[0.006665170670938636, 0.006549368331259853, 0.01426586180965761, -0.016918047052657426, 0.023742048197843424, 0.008802351810256015, 0.006808753755039865, 0.00449208193159234, 0.012463388393888941, 0.019073328656705968, -0.009216857588166816, 0.003175437896254074, 0.01563744653365573, 0.004623085315541564, 0.006021043145119309, 0.010623152989991835, -0.011850998396163326, 0.007643816189827124, 0.007930429414573448, -0.007583041960442682, -0.006928906627635012, 0.021669424824774852, 0.0032135364161798297, 0.006875760436103606, 0.0007557309498604781, -0.0031573726925618883, 0.013081710434804883, 0.006685488604318612, -0.0015137073512918597, 0.0018216136924982251]","[0.0, 0.10505803674459457, 0.0, 0.10505803674459457, 0.0, 0.0, 0.10505803674459457, 0.0, 0.0, 0.0, 0.0, 0.0, 0.10505803674459457, 0.0, 0.0, 0.10505803674459457, 0.0, 0.0, 0.0, 0.10505803674459457, 0.10505803674459457, 0.0, 0.0, 0.0, 0.0, 0.0, 0.09015672653913498, 0.10505803674459457, 0.0, 0.06937900185585022]","[2.298023219421048e-22, 0.0, 3.406494935829054e-22, 0.0, 0.0, 3.3947885977255055e-22, 1.0, 0.0, 0.0, 0.0, 0.0, 0.0, 2.2876467277165263e-22, 0.0, 0.0, 2.3053122484560094e-22, 0.0, 0.0, 3.816852324609256e-22, 2.290050910593605e-22, 0.0, 0.0, 0.0, 5.598298097871559e-22, 0.0, 0.0, 2.291441002669742e-22, 0.0, 0.0, 0.0]","[0.0, 0.0, 0.0, 0.00902596629385278, 0.004164898237369433, 0.0, 0.8971220229093385, 0.01758251707709072, 0.0013840184737687236, 0.0, 0.0, 0.0043569016011621, 0.004144869016900629, 0.0, 0.014922661405486896, 0.008169303443557, 0.004354123843396391, 0.0, 0.0, 0.002012060405885676, 0.0028448207708690852, 0.007418937295948118, 0.007772310871544178, 0.0, 0.0, 0.014724588353829686, 0.0, 0.0, 0.0, 0.0]","[0.0, 0.10505803674459457, 0.0, 0.10505803674459457, 0.0, 0.0, 0.10505803674459457, 0.0, 0.0, 0.0, 0.0, 0.0, 0.10505803674459457, 0.0, 0.0, 0.10505803674459457, 0.0, 0.0, 0.0, 0.10505803674459457, 0.10505803674459457, 0.0, 0.0, 0.0, 0.0, 0.0, 0.09015672653913498, 0.10505803674459457, 0.0, 0.06937900185585022]",0.0024670495582671207
80,1.0239784638952225,"[1.0066651706709386, 1.0065493683312599, 1.0142658618096576, 0.9830819529473426, 1.0237420481978434, 1.008802351810256, 1.0068087537550399, 1.0044920819315923, 1.012463388393889, 1.019073328656706, 0.9907831424118332, 1.003175437896254, 1.0156374465336557, 1.0046230853155416, 1.0060210431451193, 1.0106231529899918, 0.9881490016038367, 1.0076438161898271, 1.0079304294145734, 0.9924169580395573, 0.993071093372365, 1.0216694248247749, 1.0032135364161798, 1.0068757604361036, 1.0007557309498605, 0.9968426273074381, 1.0130817104348049, 1.0066854886043186, 0.9984862926487081, 1.0018216136924982]","[1.0017918355786481, 0.983105810322759, 1.0104697169331271, 1.0112675170372103, 0.9972189096071554, 0.9826102874632158, 0.998557098637757, 1.0035907928928536, 0.986617473710436, 1.0097786528124462, 0.999101911432342, 0.9996809157897862, 0.9718056057055863, 0.9966131829728073, 0.9792401066132157, 1.0030212346618637, 0.988486122776646, 1.0030878315735674, 0.9915028365349984, 1.0064231673213313, 0.9824946697578907, 0.9902781280493914, 1.027128197113033, 1.00906682489206, 1.0122589272790103, 1.019321262426792, 1.016060813691018, 1.0122650005709433, 0.9852538928629289, 0.9978500535364212]","[0.0017918355786481488, -0.01689418967724099, 0.010469716933127149, 0.011267517037210295, -0.0027810903928445763, -0.01738971253678423, -0.0014429013622430098, 0.003590792892853578, -0.013382526289564045, 0.009778652812446165, -0.0008980885676580508, -0.0003190842102137603, -0.028194394294413727, -0.003386817027192679, -0.0207598933867843, 0.0030212346618636587, -0.011513877223353952, 0.003087831573567401, -0.008497163465001623, 0.006423167321331302, -0.017505330242109318, -0.009721871950608585, 0.027128197113033048, 0.00906682489206001, 0.012258927279010345, 0.019321262426791996, 0.016060813691018083, 0.012265000570943263, -0.01474610713707114, -0.0021499464635788]","[0.0, 0.0, 0.11231255531311035, 0.0, 0.08316416293382645, 0.0, 0.0, 0.0, 0.0, 0.11231255531311035, 0.0, 0.0, 0.0, 0.0, 0.0, 0.11231255531311035, 0.0, 0.0, 0.0, 0.0, 0.11231255531311035, 0.0, 0.08524619042873383, 0.11231255531311035, 0.0, 0.04540171101689339, 0.0, 0.0, 0.11231255531311035, 0.11231255531311035]","[0.0, 0.0, 0.0, 5.747764038216693e-21, 0.0, 5.659537580711475e-21, 0.028357409998501153, 0.0, 0.0, 0.0, 0.0, 0.0, 0.0, 0.0, 0.0, 3.930144813200517e-21, 0.0, 0.0, 0.0, 0.0, 0.0, 0.0, 0.0, 0.9716425900014989, 4.998143414854583e-21, 4.384996580897488e-21, 5.908571053223075e-21, 5.641387635139489e-21, 5.805286026514619e-21, 0.0]","[0.008399865708780338, 0.002013627390516059, 0.0, 0.0, 0.0009950358314973204, 0.0, 0.024884244925473045, 0.0, 0.0025193404569195796, 0.007007135009154263, 0.004446477804385323, 0.02136051476879397, 0.0019513039790035518, 0.0, 0.0, 0.0, 0.0, 0.005949494968514815, 0.0, 0.017024258223531864, 0.00861299416626855, 0.01150699428459851, 0.0, 0.8727391156492145, 0.0, 0.0, 0.0011010086893993925, 0.0, 0.009488588143949109, 0.0]","[0.0, 0.0, 0.11231256276369095, 0.0, 0.08316417038440704, 0.0, 0.0, 0.0, 0.0, 0.11231256276369095, 0.0, 0.0, 0.0, 0.0, 0.0, 0.11231256276369095, 0.0, 0.0, 0.0, 0.0, 0.11231256276369095, 0.0, 0.08524619787931442, 0.11231256276369095, 0.0, 0.045401714742183685, 0.0, 0.0, 0.11231256276369095, 0.11231256276369095]",0.002244003210187094
81,1.0355958122834088,"[1.0017918355786481, 0.983105810322759, 1.0104697169331271, 1.0112675170372103, 0.9972189096071554, 0.9826102874632158, 0.998557098637757, 1.0035907928928536, 0.986617473710436, 1.0097786528124462, 0.999101911432342, 0.9996809157897862, 0.9718056057055863, 0.9966131829728073, 0.9792401066132157, 1.0030212346618637, 0.988486122776646, 1.0030878315735674, 0.9915028365349984, 1.0064231673213313, 0.9824946697578907, 0.9902781280493914, 1.027128197113033, 1.00906682489206, 1.0122589272790103, 1.019321262426792, 1.016060813691018, 1.0122650005709433, 0.9852538928629289, 0.9978500535364212]","[1.0188973307387272, 0.999271946656349, 0.9949413406675056, 1.0281174999252949, 1.002114839844139, 0.9946355897143674, 1.0346460057171443, 0.9927636159597648, 0.98020173146335, 1.0013337655697283, 1.0056934347892024, 1.0037575270415622, 0.9954406216337243, 1.0122792648775156, 0.9981600281690504, 1.0028835894460717, 1.0275192204912431, 1.01542916184869, 0.9894243035316387, 1.0131348111063943, 0.9957042881588047, 1.0067916849514897, 1.021093804190024, 1.009742044960516, 0.9841783416083288, 1.0120847086680547, 1.0072287115959417, 0.9877169263086163, 0.970720319119459, 1.0137170758002256]","[0.018897330738727236, -0.0007280533436510028, -0.005058659332494386, 0.028117499925294887, 0.0021148398441390714, -0.005364410285632615, 0.03464600571714427, -0.007236384040235189, -0.01979826853665001, 0.0013337655697283068, 0.005693434789202367, 0.003757527041562181, -0.004559378366275735, 0.012279264877515628, -0.0018399718309496382, 0.0028835894460716993, 0.027519220491243113, 0.01542916184868992, -0.010575696468361317, 0.01313481110639425, -0.00429571184119526, 0.00679168495148974, 0.021093804190023935, 0.009742044960515894, -0.015821658391671156, 0.012084708668054667, 0.007228711595941739, -0.012283073691383706, -0.029279680880541004, 0.013717075800225631]","[0.0, 0.0, 0.138019397854805, 0.0, 0.0, 0.0, 0.138019397854805, 0.0, 0.0, 0.13336996734142303, 0.0, 0.05080705136060715, 0.039752230048179626, 0.138019397854805, 0.0, 0.0, 0.13454459607601166, 0.0, 0.0, 0.1355699747800827, 0.0, 0.0, 0.0, 0.0, 0.0, 0.0, 0.05252692848443985, 0.03937102481722832, 0.0, 0.0]","[0.0, 0.0, 0.0, 1.0828371707519318e-23, 0.0, 0.0, -1.9734475461581052e-23, 0.0, -4.437058847845044e-23, 0.0, 6.558255137054885e-23, 0.0, 0.0, 0.0, 0.0, 1.3104043984726951e-23, 0.0, 0.0, 0.0, 0.0, 0.0, 0.0, 0.0, 1.0, 0.0, 1.1858787362434268e-23, 6.828857569211755e-23, 1.2565750237479862e-22, 1.1393222607209133e-23, 0.0]","[0.0, 0.0, 0.0011862665873785326, 0.0, 0.0010753929398659452, 0.01183933869528571, 0.0, 0.0, 0.005605876135913698, 0.0, 0.0162037320147573, 0.0, 0.008955650369008696, 0.0, 0.01798996686993479, 0.002806351812754097, 0.008804172477238822, 0.0031025845634394572, 0.0, 0.0, 0.005842827504175879, 0.0030848186557798037, 0.0, 0.8972319576806884, 0.0, 0.007642157879766406, 0.0025927544583831848, 0.0, 0.006036151355629662, 0.0]","[0.0, 0.0, 0.138019397854805, 0.0, 0.0, 0.0, 0.138019397854805, 0.0, 0.0, 0.13336996734142303, 0.0, 0.05080705136060715, 0.039752230048179626, 0.138019397854805, 0.0, 0.0, 0.13454459607601166, 0.0, 0.0, 0.1355699747800827, 0.0, 0.0, 0.0, 0.0, 0.0, 0.0, 0.05252692848443985, 0.03937102481722832, 0.0, 0.0]",0.010849547817543284
82,1.0369738695487731,"[1.0188973307387272, 0.999271946656349, 0.9949413406675056, 1.0281174999252949, 1.002114839844139, 0.9946355897143674, 1.0346460057171443, 0.9927636159597648, 0.98020173146335, 1.0013337655697283, 1.0056934347892024, 1.0037575270415622, 0.9954406216337243, 1.0122792648775156, 0.9981600281690504, 1.0028835894460717, 1.0275192204912431, 1.01542916184869, 0.9894243035316387, 1.0131348111063943, 0.9957042881588047, 1.0067916849514897, 1.021093804190024, 1.009742044960516, 0.9841783416083288, 1.0120847086680547, 1.0072287115959417, 0.9877169263086163, 0.970720319119459, 1.0137170758002256]","[1.0098503760181714, 0.9867079453468992, 1.0088497590316472, 1.01020653320186, 1.008940133064623, 1.012650777079028, 1.0362094925431466, 0.9867334659667775, 1.0063963802433624, 1.0047834757443581, 0.9928906301161182, 1.011338876154069, 0.9837976827483601, 0.9916577082884601, 1.0014784758469708, 0.9886266987040121, 0.9958092948311359, 0.9962010426200961, 0.987181943420356, 0.992545593665604, 1.0230958720012249, 1.0005833037458758, 1.025664792209682, 0.9881836922779527, 0.9841993800650088, 0.9839283705180013, 0.9928489272586674, 0.9998057869572872, 1.0109442847157035, 0.9884169986859891]","[0.009850376018171403, -0.013292054653100793, 0.008849759031647197, 0.010206533201859935, 0.008940133064623046, 0.012650777079028064, 0.03620949254314665, -0.013266534033222532, 0.006396380243362421, 0.004783475744358112, -0.007109369883881778, 0.011338876154068922, -0.016202317251639897, -0.008342291711539884, 0.001478475846970806, -0.011373301295987903, -0.004190705168864106, -0.003798957379903878, -0.012818056579643966, -0.00745440633439598, 0.02309587200122487, 0.000583303745875785, 0.025664792209681986, -0.011816307722047337, -0.015800619934991156, -0.016071629481998695, -0.0071510727413326425, -0.0001942130427128319, 0.010944284715703523, -0.01158300131401091]","[0.07954299449920654, 0.0, 0.10700365900993347, 0.0, 0.0, 0.0, 0.0, 0.0, 0.0, 0.0, 0.10700365900993347, 0.0, 0.0, 0.10700365900993347, 0.0, 0.10700365900993347, 0.0, 0.06442773342132568, 0.0, 0.0, 0.0, 0.10700365900993347, 0.10700365900993347, 0.10700365900993347, 0.0, 0.0, 0.0, 0.0, 0.10700365900993347, 0.0]","[0.0, 0.0, 0.0, 0.0, 0.0, 0.0, 1.0, 0.0, -9.773997155609585e-23, -1.0032809216593942e-22, 1.1584482093917344e-23, 0.0, -1.0054179641556761e-22, -9.978462998785504e-23, -9.936173380687289e-23, 0.0, 4.557534804918217e-22, 0.0, 0.0, 0.0, 0.0, 1.2333561014550848e-22, 0.0, 0.0, 0.0, -9.990619977039982e-23, 0.0, 0.0, 0.0, 0.0]","[0.0, 0.0009979715434432288, 0.0, 0.0008806372019492047, 0.002730893130977522, 0.0, 0.906858909417337, 0.0, 0.0, 0.0, 0.0187976588949941, 0.0, 0.000914897830756749, 0.0, 0.0, 0.009905332969753768, 0.0017657633529311514, 0.007382691266157488, 0.016221459792879485, 0.006497322482554906, 0.0, 0.0, 0.0, 0.0, 0.0, 0.006284548327882758, 0.0, 0.007223226490154722, 0.0035610300522934146, 0.009977657245934286]","[0.07954299449920654, 0.0, 0.10700365900993347, 0.0, 0.0, 0.0, 0.0, 0.0, 0.0, 0.0, 0.10700365900993347, 0.0, 0.0, 0.10700365900993347, 0.0, 0.10700365900993347, 0.0, 0.06442773342132568, 0.0, 0.0, 0.0, 0.10700365900993347, 0.10700365900993347, 0.10700365900993347, 0.0, 0.0, 0.0, 0.0, 0.10700365900993347, 0.0]",0.0009490304528123263
83,1.039853894509271,"[1.0098503760181714, 0.9867079453468992, 1.0088497590316472, 1.01020653320186, 1.008940133064623, 1.012650777079028, 1.0362094925431466, 0.9867334659667775, 1.0063963802433624, 1.0047834757443581, 0.9928906301161182, 1.011338876154069, 0.9837976827483601, 0.9916577082884601, 1.0014784758469708, 0.9886266987040121, 0.9958092948311359, 0.9962010426200961, 0.987181943420356, 0.992545593665604, 1.0230958720012249, 1.0005833037458758, 1.025664792209682, 0.9881836922779527, 0.9841993800650088, 0.9839283705180013, 0.9928489272586674, 0.9998057869572872, 1.0109442847157035, 0.9884169986859891]","[0.9917646985524987, 1.0217993796884528, 1.0098285261516762, 0.9888296746646692, 1.030930695689803, 1.0143540048692108, 0.9843288499339997, 1.0074438575707916, 1.0310112700654217, 1.0119384830945648, 1.014614596885397, 0.9810045018216671, 1.009434861471789, 1.012191394079909, 0.9953626726651769, 0.988094229597163, 1.0091940662986492, 1.0149658633988925, 1.0007073496098702, 0.9859195559415812, 1.0241855068615056, 0.9886624745639317, 1.0027332651253449, 0.9984985113311496, 1.0101105288666405, 0.9942893033749598, 0.9907290277134476, 0.9872788283235503, 1.0153605445867449, 1.0129389816175922]","[-0.008235301447501286, 0.021799379688452802, 0.009828526151676176, -0.0111703253353308, 0.030930695689803, 0.01435400486921079, -0.015671150066000283, 0.007443857570791579, 0.031011270065421703, 0.0119384830945648, 0.014614596885397013, -0.018995498178332904, 0.009434861471788958, 0.01219139407990899, -0.004637327334823138, -0.011905770402837024, 0.009194066298649162, 0.014965863398892498, 0.0007073496098701781, -0.014080444058418795, 0.024185506861505557, -0.011337525436068252, 0.002733265125344886, -0.0015014886688503593, 0.010110528866640545, -0.005710696625040201, -0.009270972286552381, -0.012721171676449705, 0.015360544586744851, 0.012938981617592216]","[0.10081849992275238, 0.10081849992275238, 0.0, 0.0, 0.0, 0.0, 0.0, 0.0, 0.10081849992275238, 0.0, 0.0, 0.09682846069335938, 0.0, 0.10081849992275238, 0.0, 0.10081849992275238, 0.09960290789604187, 0.0, 0.0, 0.0, 0.0, 0.0, 0.0, 0.0, 0.10081849992275238, 0.09783913195133209, 0.0, 0.10081849992275238, 0.0, 0.0]","[0.0, 0.0, 3.4130546392913113e-22, 0.0, 0.0, 0.0, 1.0, 5.633423605863308e-22, 0.0, 0.0, 0.0, 0.0, 0.0, 0.0, 0.0, 3.4231583671153025e-22, 0.0, 5.624036763522065e-22, 0.0, 0.0, 0.0, 5.63879651413109e-22, 3.9389755914709532e-22, 0.0, 5.635149070412831e-22, 0.0, 4.519752076868388e-22, 0.0, 0.0, 3.4198061269806905e-22]","[0.0, 0.017788718843344178, 0.002371878032741206, 0.0, 0.0043016993916857125, 0.007788869554355573, 0.8760467693600765, 0.006546621630969269, 0.0, 0.014558131936643194, 0.0024553995079168224, 0.007166320604684484, 0.007110351713811559, 0.0, 0.0, 0.0037403474501942076, 0.00323292136468831, 0.0, 0.0, 0.0, 0.0, 0.0, 0.0, 0.00042292217988641067, 0.007844681890343411, 0.018104338883399754, 0.0035336710185469343, 0.0017698609659543545, 0.015216495670758227, 0.0]","[0.10081849992275238, 0.10081849992275238, 0.0, 0.0, 0.0, 0.0, 0.0, 0.0, 0.10081849992275238, 0.0, 0.0, 0.09682846069335938, 0.0, 0.10081849992275238, 0.0, 0.10081849992275238, 0.09960290789604187, 0.0, 0.0, 0.0, 0.0, 0.0, 0.0, 0.0, 0.10081849992275238, 0.09783913195133209, 0.0, 0.10081849992275238, 0.0, 0.0]",0.0023900829823102205
84,1.0376134955752097,"[0.9917646985524987, 1.0217993796884528, 1.0098285261516762, 0.9888296746646692, 1.030930695689803, 1.0143540048692108, 0.9843288499339997, 1.0074438575707916, 1.0310112700654217, 1.0119384830945648, 1.014614596885397, 0.9810045018216671, 1.009434861471789, 1.012191394079909, 0.9953626726651769, 0.988094229597163, 1.0091940662986492, 1.0149658633988925, 1.0007073496098702, 0.9859195559415812, 1.0241855068615056, 0.9886624745639317, 1.0027332651253449, 0.9984985113311496, 1.0101105288666405, 0.9942893033749598, 0.9907290277134476, 0.9872788283235503, 1.0153605445867449, 1.0129389816175922]","[1.0140793634384637, 1.0109761780557434, 0.9981525399523039, 1.0185777352938128, 0.9980033783528166, 0.9914283113299374, 0.9888279812632369, 1.0021422562215399, 0.9962394614887988, 1.002949311657393, 1.0081823938834562, 0.9957406547771, 0.997211039735308, 0.9981797133189074, 1.0040086713830272, 1.0229117620815236, 0.9787118559816251, 1.014423634282868, 1.010214274428866, 1.0362470977376472, 1.0109865649232872, 0.9879734006492711, 1.0060347634516027, 1.0074757791829603, 0.9967187198868592, 0.995688472517384, 1.0080956343872163, 0.9939377486480395, 0.9859794775667029, 0.967729579710171]","[0.014079363438463721, 0.010976178055743357, -0.0018474600476960923, 0.01857773529381279, -0.001996621647183394, -0.008571688670062638, -0.0111720187367631, 0.002142256221539851, -0.0037605385112011724, 0.0029493116573930944, 0.008182393883456207, -0.004259345222899946, -0.0027889602646919975, -0.0018202866810925755, 0.004008671383027185, 0.022911762081523568, -0.021288144018374866, 0.01442363428286808, 0.010214274428866021, 0.03624709773764723, 0.010986564923287201, -0.012026599350728917, 0.006034763451602698, 0.007475779182960274, -0.003281280113140772, -0.004311527482615984, 0.008095634387216277, -0.006062251351960479, -0.0140205224332971, -0.03227042028982896]","[0.0, 0.0, 0.0, 0.0, 0.0, 0.11678102612495422, 0.0, 0.08100850135087967, 0.0, 0.0, 0.0, 0.0, 0.0, 0.07444561272859573, 0.0, 0.0, 0.11678102612495422, 0.0, 0.0, 0.0, 0.11678102612495422, 0.0, 0.11678102612495422, 0.08637556433677673, 0.11678102612495422, 0.05748414620757103, 0.0, 0.11678102612495422, 0.0, 0.0]","[0.0, 0.0, 5.665180932967775e-22, 0.0, 3.4522567591904094e-22, 0.0, 4.344996066678313e-22, 0.0, 2.9401105199188782e-22, 0.0, 4.0295299877873203e-22, 0.0, 0.0, 0.0, 0.0, 0.0, 0.0, 0.0, 3.4584593898483738e-22, 3.4760971329156764e-22, 0.0, 3.48086112533636e-22, 0.0, 1.0, 0.0, 3.4887716390221263e-22, 0.0, 0.0, 0.0, 0.0]","[0.0, 0.0, 0.0034468097448396994, 0.0, 0.0, 0.0, 0.0022206932995279456, 0.0, 0.0, 0.0, 0.0, 0.0, 0.0, 0.0, 0.009985740534549077, 0.010780707410565206, 0.0028383627255442493, 0.006891789946802352, 0.0, 0.0, 0.0, 0.0, 0.014260960644741971, 0.9265241042203308, 0.0, 0.0, 0.0004128870355302385, 0.0, 0.014936744808990649, 0.007701199628577675]","[0.0, 0.0, 0.0, 0.0, 0.0, 0.11678104102611542, 0.0, 0.08100850880146027, 0.0, 0.0, 0.0, 0.0, 0.0, 0.07444562017917633, 0.0, 0.0, 0.11678104102611542, 0.0, 0.0, 0.0, 0.11678104102611542, 0.0, 0.11678104102611542, 0.08637557178735733, 0.11678104102611542, 0.05748415365815163, 0.0, 0.11678104102611542, 0.0, 0.0]",-0.0025431827453917845
85,1.0366192031195838,"[1.0140793634384637, 1.0109761780557434, 0.9981525399523039, 1.0185777352938128, 0.9980033783528166, 0.9914283113299374, 0.9888279812632369, 1.0021422562215399, 0.9962394614887988, 1.002949311657393, 1.0081823938834562, 0.9957406547771, 0.997211039735308, 0.9981797133189074, 1.0040086713830272, 1.0229117620815236, 0.9787118559816251, 1.014423634282868, 1.010214274428866, 1.0362470977376472, 1.0109865649232872, 0.9879734006492711, 1.0060347634516027, 1.0074757791829603, 0.9967187198868592, 0.995688472517384, 1.0080956343872163, 0.9939377486480395, 0.9859794775667029, 0.967729579710171]","[0.998332526143529, 0.9847917274655857, 0.9896125811107601, 1.0061131743721636, 0.9934974648841761, 0.9856635093759107, 0.99413269578285, 0.9950021813528829, 1.0058372145072596, 1.0053106950405262, 1.0050701280726813, 1.0079615573055587, 1.0153848416785114, 0.990119736109018, 1.0080923568953688, 1.0172259061591238, 0.9882807861059079, 1.0124167481607056, 1.0059448616673747, 1.0035607649664184, 0.9846467445876688, 0.9919316735463779, 1.0067947859873005, 0.9907561672547553, 0.9935277279084305, 0.9947061305660374, 0.9796224495572886, 0.996802192022496, 0.9885108550040246, 1.0005979963260487]","[-0.0016674738564710356, -0.015208272534414258, -0.010387418889239886, 0.006113174372163632, -0.006502535115823882, -0.01433649062408926, -0.005867304217149982, -0.004997818647117125, 0.005837214507259603, 0.00531069504052617, 0.005070128072681257, 0.007961557305558697, 0.015384841678511396, -0.009880263890981955, 0.008092356895368802, 0.017225906159123783, -0.01171921389409214, 0.012416748160705593, 0.0059448616673747345, 0.0035607649664184393, -0.015353255412331235, -0.008068326453622099, 0.0067947859873005445, -0.009243832745244651, -0.006472272091569531, -0.005293869433962595, -0.02037755044271139, -0.003197807977504019, -0.01148914499597542, 0.0005979963260487331]","[0.0, 0.0900721400976181, 0.10316244512796402, 0.0, 0.0, 0.0, 0.0, 0.0, 0.09033307433128357, 0.10316244512796402, 0.10316244512796402, 0.0, 0.0, 0.0, 0.0, 0.0, 0.0, 0.10316244512796402, 0.10316244512796402, 0.0, 0.0, 0.10316244512796402, 0.0, 0.0, 0.09745766967535019, 0.10316244512796402, 0.0, 0.0, 0.0, 0.0]","[0.0, 0.0, 0.0, 0.0, 6.246107435642962e-22, 0.0, 0.0, 0.0, 0.0, 0.0, 0.0, 0.0, 5.712558822942543e-22, 0.0, 4.63450198518702e-22, 4.639988447917511e-22, 0.0, 0.0, 0.0, 0.0, 4.652262063940688e-22, 0.0, 0.0, 1.0, 0.0, 4.624595082503779e-22, 5.752694473287236e-22, 4.675971887965414e-22, 4.622559851967484e-22, 0.0]","[0.0, 0.0, 0.0, 0.006737253771032272, 0.00883548762941136, 0.0, 0.0003252917065684618, 0.006389983430473736, 0.0, 0.008132264427508366, 0.015448986436802637, 0.0010859270758832456, 0.0, 0.0, 0.0, 0.0, 0.007685769063721907, 0.0, 0.0, 0.008172258670750346, 0.004460629308934038, 0.0026440499738150758, 0.008938737199189545, 0.8799617158403786, 0.007276495642170086, 0.013961744444672691, 0.019943405378687894, 0.0, 0.0, 0.0]","[0.0, 0.0900721400976181, 0.10316244512796402, 0.0, 0.0, 0.0, 0.0, 0.0, 0.09033307433128357, 0.10316244512796402, 0.10316244512796402, 0.0, 0.0, 0.0, 0.0, 0.0, 0.0, 0.10316244512796402, 0.10316244512796402, 0.0, 0.0, 0.10316244512796402, 0.0, 0.0, 0.09745766967535019, 0.10316244512796402, 0.0, 0.0, 0.0, 0.0]",-0.0013795767393679228
86,1.0420967846582223,"[0.998332526143529, 0.9847917274655857, 0.9896125811107601, 1.0061131743721636, 0.9934974648841761, 0.9856635093759107, 0.99413269578285, 0.9950021813528829, 1.0058372145072596, 1.0053106950405262, 1.0050701280726813, 1.0079615573055587, 1.0153848416785114, 0.990119736109018, 1.0080923568953688, 1.0172259061591238, 0.9882807861059079, 1.0124167481607056, 1.0059448616673747, 1.0035607649664184, 0.9846467445876688, 0.9919316735463779, 1.0067947859873005, 0.9907561672547553, 0.9935277279084305, 0.9947061305660374, 0.9796224495572886, 0.996802192022496, 0.9885108550040246, 1.0005979963260487]","[0.9931299506096044, 1.0201038183907765, 0.9980101911755727, 1.0122509188820894, 1.0024382989745084, 0.9952526970679227, 0.9909747306389031, 0.9915663820003207, 1.0059388478555993, 1.0163032740205757, 0.9893528395626023, 1.008577922908593, 1.0080467137033648, 0.9940773329982261, 1.0075198708583266, 0.9982795941267022, 1.0057120846669876, 0.9863771059444809, 1.0081100554494535, 1.0126890940905393, 1.003790620705335, 1.001005372033279, 1.0153497677369927, 1.0067586294153594, 1.009607080542837, 1.0273151170260495, 0.9614171291570637, 1.0150165394240211, 1.005541271198936, 1.0023565353579182]","[-0.006870049390395594, 0.020103818390776462, -0.0019898088244273415, 0.012250918882089401, 0.002438298974508424, -0.0047473029320772575, -0.009025269361096933, -0.008433617999679344, 0.005938847855599283, 0.016303274020575742, -0.010647160437397662, 0.008577922908592939, 0.00804671370336485, -0.005922667001773907, 0.007519870858326616, -0.0017204058732978034, 0.0057120846669875824, -0.013622894055519086, 0.008110055449453535, 0.01268909409053931, 0.0037906207053350904, 0.001005372033278995, 0.015349767736992703, 0.0067586294153594295, 0.009607080542836988, 0.027315117026049496, -0.03858287084293632, 0.015016539424021147, 0.005541271198935993, 0.0023565353579182435]","[0.07374902069568634, 0.10988858342170715, 0.0, 0.10152342915534973, 0.0, 0.0, 0.11077006161212921, 0.0, 0.0, 0.11077006161212921, 0.0, 0.09557177126407623, 0.0, 0.11077006161212921, 0.0, 0.0, 0.0, 0.0, 0.09422525018453598, 0.0, 0.10425930470228195, 0.0, 0.0, 0.0, 0.0, 0.0, 0.0, 0.0, 0.0, 0.08847236633300781]","[0.0, 0.0, 3.412322380511893e-22, 0.0, 0.0, 0.0, 0.0, 0.0, 0.0, 0.0, 0.0, 0.0, 0.0, 0.0, 0.0, 1.2387642939612275e-23, 6.757240462460865e-23, 6.588295642875274e-23, 0.0, 0.0, 1.2414193759289195e-22, 3.4372350351778865e-22, 0.0, 1.0, 1.2252396251540948e-22, 1.2189757530362018e-22, 1.2131094347670658e-23, 0.0, 0.0, 0.0]","[0.007511232012665522, 0.0, 0.00503763199357807, 0.013514088241829337, 0.0008547283963136168, 0.010667258206956513, 0.00037192781091542897, 0.0, 0.004257802427076952, 0.0010476944641322132, 0.0, 0.0, 0.0, 0.0056864065376490535, 0.0, 0.0, 0.003932022512525376, 0.0, 0.0, 0.005808238178415024, 0.0, 0.0, 0.0006016314501723327, 0.9058164851585322, 0.016442216745068593, 0.0069569608027487085, 0.0, 0.0, 0.0, 0.011493675061421106]","[0.07374902814626694, 0.10988859832286835, 0.0, 0.10152344405651093, 0.0, 0.0, 0.1107700765132904, 0.0, 0.0, 0.1107700765132904, 0.0, 0.09557178616523743, 0.0, 0.1107700765132904, 0.0, 0.0, 0.0, 0.0, 0.09422526508569717, 0.0, 0.10425931960344315, 0.0, 0.0, 0.0, 0.0, 0.0, 0.0, 0.0, 0.0, 0.08847237378358841]",0.004832634214470924
87,1.0403166105648078,"[0.9931299506096044, 1.0201038183907765, 0.9980101911755727, 1.0122509188820894, 1.0024382989745084, 0.9952526970679227, 0.9909747306389031, 0.9915663820003207, 1.0059388478555993, 1.0163032740205757, 0.9893528395626023, 1.008577922908593, 1.0080467137033648, 0.9940773329982261, 1.0075198708583266, 0.9982795941267022, 1.0057120846669876, 0.9863771059444809, 1.0081100554494535, 1.0126890940905393, 1.003790620705335, 1.001005372033279, 1.0153497677369927, 1.0067586294153594, 1.009607080542837, 1.0273151170260495, 0.9614171291570637, 1.0150165394240211, 1.005541271198936, 1.0023565353579182]","[0.9940035469651725, 1.0050612057607282, 1.0052578503041485, 1.0095185155619153, 0.9943029657287555, 1.017626613063972, 1.009578227199308, 0.9964375844339741, 0.9870069008139917, 0.9962950317680497, 1.014570733139179, 0.9861345386144842, 1.00890002953191, 1.025255258087666, 0.9964165177125491, 0.9906162882148207, 0.9970307233828645, 0.9968105532646295, 1.005752447150828, 0.9803593012625292, 0.9891094879041127, 0.9902298229019195, 1.0110129948362874, 0.9977209478181114, 0.9896303342645487, 1.0111037701401357, 1.0032748305405423, 1.0102565810043098, 0.9888821448934986, 1.0095699106558822]","[-0.0059964530348275424, 0.005061205760728216, 0.0052578503041484925, 0.009518515561915297, -0.005697034271244461, 0.017626613063971952, 0.009578227199307898, -0.0035624155660258783, -0.012993099186008328, -0.003704968231950323, 0.014570733139178893, -0.01386546138551581, 0.008900029531909937, 0.025255258087665933, -0.0035834822874508676, -0.009383711785179272, -0.00296927661713553, -0.0031894467353704714, 0.0057524471508279, -0.019640698737470763, -0.010890512095887317, -0.00977017709808048, 0.01101299483628737, -0.002279052181888619, -0.010369665735451283, 0.01110377014013575, 0.0032748305405423395, 0.010256581004309817, -0.011117855106501429, 0.009569910655882197]","[0.0, 0.0, 0.0, 0.0, 0.0, 0.10000000149011612, 0.10000000149011612, 0.0, 0.10000000149011612, 0.0, 0.0, 0.0, 0.10000000149011612, 0.0, 0.10000000149011612, 0.10000000149011612, 0.10000000149011612, 0.0, 0.10000000149011612, 0.10000000149011612, 0.0, 0.0, 0.0, 0.0, 0.10000000149011612, 0.0, 0.0, 0.0, 0.0, 0.0]","[0.0, 2.3559140790289508e-22, 1.2281224786903666e-22, 0.0, 0.0, 0.0, 6.771261590216751e-23, 0.0, 1.6944706649308733e-23, 0.0, 0.0, 0.0, 0.0, 0.0, 0.0, 0.0, 0.0, 0.0, 0.0, 0.0, 1.9436848891663385e-23, 0.0, -4.1278882236421383e-23, 1.0, 0.0, 1.2736410889623323e-22, 0.0, -9.00508284890205e-23, 0.0, 1.237232101812598e-22]","[0.002151940976140758, 0.007974444479344246, 0.0, 0.0024026203579185163, 0.016504159196122376, 0.0, 0.0, 0.0037356927876578, 0.0, 0.0, 0.0037231710133222673, 0.0, 0.012031637174034729, 0.008981011215711059, 0.0, 0.012409466275747294, 0.004387209066819666, 0.0, 0.0018711740259152211, 0.0, 0.0020772619198553897, 0.0008636703898798183, 0.0, 0.9075252259406416, 0.0, 0.0, 0.0, 0.0, 0.0, 0.01336131518088949]","[0.0, 0.0, 0.0, 0.0, 0.0, 0.10000000149011612, 0.10000000149011612, 0.0, 0.10000000149011612, 0.0, 0.0, 0.0, 0.10000000149011612, 0.0, 0.10000000149011612, 0.10000000149011612, 0.10000000149011612, 0.0, 0.10000000149011612, 0.10000000149011612, 0.0, 0.0, 0.0, 0.0, 0.10000000149011612, 0.0, 0.0, 0.0, 0.0, 0.0]",-0.002091510646161545
88,1.0364562778808768,"[0.9940035469651725, 1.0050612057607282, 1.0052578503041485, 1.0095185155619153, 0.9943029657287555, 1.017626613063972, 1.009578227199308, 0.9964375844339741, 0.9870069008139917, 0.9962950317680497, 1.014570733139179, 0.9861345386144842, 1.00890002953191, 1.025255258087666, 0.9964165177125491, 0.9906162882148207, 0.9970307233828645, 0.9968105532646295, 1.005752447150828, 0.9803593012625292, 0.9891094879041127, 0.9902298229019195, 1.0110129948362874, 0.9977209478181114, 0.9896303342645487, 1.0111037701401357, 1.0032748305405423, 1.0102565810043098, 0.9888821448934986, 1.0095699106558822]","[1.0097190549735897, 0.9998913544403173, 0.9695621724933863, 1.011102256610192, 0.9947283961115357, 0.9936649753508772, 1.0025321466026311, 0.9987557679357544, 0.9980160402001359, 1.002968568478065, 0.9932623829243618, 1.0097291781052278, 1.0101120484630184, 0.9960119702438418, 0.9929926671785364, 1.019981496407837, 0.9872508931100193, 1.0072623557225668, 1.0179685260951148, 0.9890673556444283, 1.0048251438729359, 1.0178949865201736, 1.0156627170342467, 0.9925550192898015, 0.990625983650617, 1.0010651522956866, 1.0029589444236966, 1.0026504216640062, 1.014129462840088, 0.9844209465982281]","[0.009719054973589714, -0.0001086455596827074, -0.030437827506613724, 0.01110225661019193, -0.00527160388846426, -0.0063350246491228335, 0.0025321466026311246, -0.0012442320642456206, -0.001983959799864099, 0.0029685684780649257, -0.006737617075638247, 0.009729178105227776, 0.010112048463018386, -0.003988029756158196, -0.007007332821463597, 0.019981496407837085, -0.012749106889980655, 0.007262355722566838, 0.01796852609511479, -0.01093264435557173, 0.0048251438729358664, 0.017894986520173628, 0.01566271703424671, -0.007444980710198501, -0.009374016349382952, 0.0010651522956866, 0.0029589444236965967, 0.0026504216640061973, 0.014129462840088092, -0.015579053401771903]","[0.0, 0.0, 0.0, 0.0, 0.08655185252428055, 0.0, 0.1137930378317833, 0.0, 0.0, 0.0, 0.0, 0.0, 0.07698632031679153, 0.0, 0.1137930378317833, 0.0, 0.1137930378317833, 0.0, 0.0, 0.08164048939943314, 0.0, 0.0, 0.0, 0.07206306606531143, 0.1137930378317833, 0.1137930378317833, 0.0, 0.1137930378317833, 0.0, 0.0]","[0.0, 0.0, 0.0, 1.3362454174389838e-22, 0.0, 0.0, 1.5555649713678285e-22, 0.0, 7.837716379314179e-23, 0.0, 0.0, 0.0, 0.0, 1.303801828000699e-22, 0.0, 2.474712974178035e-23, 0.0, 0.0, 0.0, 0.0, 0.0, 0.0, 6.094795309243915e-23, 1.0, 4.672807539614839e-22, 0.0, 0.0, 2.8761882732980145e-23, 0.0, 4.614998569746984e-22]","[0.0, 0.00974443753523525, 0.0, 0.0024030415500463616, 0.0, 0.0011875102375909106, 0.010823593507505164, 0.0, 0.01590367939333007, 0.003175327387795555, 0.0, 0.008543510373305786, 0.00187480164035221, 0.017859347153471393, 0.0, 0.01652721525419919, 0.008814480305611811, 0.008537303618179554, 0.0, 0.00271562690133474, 0.006544251756698078, 0.002996234558874068, 0.006905751198545072, 0.8682223524199747, 0.0018403090066439255, 0.0, 0.005381226201306237, 0.0, 0.0, 0.0]","[0.0, 0.0, 0.0, 0.0, 0.08655185997486115, 0.0, 0.11379305273294449, 0.0, 0.0, 0.0, 0.0, 0.0, 0.07698632776737213, 0.0, 0.11379305273294449, 0.0, 0.11379305273294449, 0.0, 0.0, 0.08164049685001373, 0.0, 0.0, 0.0, 0.07206307351589203, 0.11379305273294449, 0.11379305273294449, 0.0, 0.11379305273294449, 0.0, 0.0]",-0.004095682709174521
89,1.0273277075100995,"[1.0097190549735897, 0.9998913544403173, 0.9695621724933863, 1.011102256610192, 0.9947283961115357, 0.9936649753508772, 1.0025321466026311, 0.9987557679357544, 0.9980160402001359, 1.002968568478065, 0.9932623829243618, 1.0097291781052278, 1.0101120484630184, 0.9960119702438418, 0.9929926671785364, 1.019981496407837, 0.9872508931100193, 1.0072623557225668, 1.0179685260951148, 0.9890673556444283, 1.0048251438729359, 1.0178949865201736, 1.0156627170342467, 0.9925550192898015, 0.990625983650617, 1.0010651522956866, 1.0029589444236966, 1.0026504216640062, 1.014129462840088, 0.9844209465982281]","[1.0098304617598206, 1.0064693538770713, 0.9815534613003818, 1.0216072562133545, 0.9828413249384325, 1.0002077977851007, 0.9759786239764714, 1.0077326497180643, 1.027299244571638, 0.9947465136776593, 1.0034292158685023, 1.0001096606199376, 1.0088047949663757, 0.9954772938406821, 0.9980811709177282, 1.0039803424644356, 0.9904160435693402, 1.0141629267888033, 0.9819100841002801, 0.9846601007459895, 0.9992214322524964, 1.0059250891905556, 0.9967882679178642, 1.0032110971506105, 1.0117217511529084, 1.0007932024949708, 0.9701102125357853, 1.016669965583894, 0.9972381478919382, 1.0089195273003708]","[0.009830461759820608, 0.00646935387707126, -0.01844653869961821, 0.021607256213354464, -0.01715867506156754, 0.00020779778510071623, -0.024021376023528607, 0.0077326497180643106, 0.027299244571638015, -0.005253486322340684, 0.003429215868502311, 0.00010966061993755716, 0.00880479496637565, -0.004522706159317935, -0.0019188290822718113, 0.003980342464435571, -0.00958395643065979, 0.014162926788803265, -0.018089915899719866, -0.01533989925401047, -0.0007785677475036223, 0.005925089190555566, -0.0032117320821357653, 0.00321109715061052, 0.01172175115290841, 0.000793202494970835, -0.029889787464214668, 0.016669965583893998, -0.002761852108061791, 0.008919527300370822]","[0.0, 0.12077656388282776, 0.0704132467508316, 0.06561610102653503, 0.09885411709547043, 0.0, 0.08094191551208496, 0.0, 0.0, 0.0, 0.0, 0.0, 0.0, 0.12077656388282776, 0.08029177784919739, 0.0, 0.0, 0.0, 0.0, 0.12077656388282776, 0.0, 0.0, 0.0, 0.0, 0.0, 0.12077656388282776, 0.12077656388282776, 0.0, 0.0, 0.0]","[0.0, 5.635227114702485e-22, 3.417823222019647e-22, 0.0, 0.0, 0.0, 1.0, 0.0, 1.771491549432622e-22, 0.0, 0.0, 0.0, 0.0, 0.0, 0.0, 3.4312165441610206e-22, 0.0, 3.9652864530033484e-22, 2.3139394681278523e-22, 0.0, 0.0, 0.0, 1.4491948061466037e-22, 3.253465685112404e-22, 0.0, 0.0, 0.0, 0.0, 3.402987737004305e-22, 0.0]","[0.008386921864421007, 0.004944058615934455, 0.0, 0.0, 0.0, 0.00377382194071766, 0.9227552553377846, 0.0, 0.005344505319644231, 0.0, 0.0033783714089913874, 0.005811632714671286, 0.0, 0.0, 0.0, 0.006876655172183868, 0.01670477076061954, 0.002915982115325103, 0.0, 0.0, 0.0, 0.0043295607638726115, 0.0, 0.009082003808459336, 0.005696460177375062, 0.0, 0.0, 0.0, 0.0, 0.0]","[0.0, 0.12077657878398895, 0.0704132542014122, 0.06561610847711563, 0.09885413199663162, 0.0, 0.08094192296266556, 0.0, 0.0, 0.0, 0.0, 0.0, 0.0, 0.12077657878398895, 0.08029178529977798, 0.0, 0.0, 0.0, 0.0, 0.12077657878398895, 0.0, 0.0, 0.0, 0.0, 0.0, 0.12077657878398895, 0.12077657878398895, 0.0, 0.0, 0.0]",-0.009222240825882681
90,1.0273557828636015,"[1.0098304617598206, 1.0064693538770713, 0.9815534613003818, 1.0216072562133545, 0.9828413249384325, 1.0002077977851007, 0.9759786239764714, 1.0077326497180643, 1.027299244571638, 0.9947465136776593, 1.0034292158685023, 1.0001096606199376, 1.0088047949663757, 0.9954772938406821, 0.9980811709177282, 1.0039803424644356, 0.9904160435693402, 1.0141629267888033, 0.9819100841002801, 0.9846601007459895, 0.9992214322524964, 1.0059250891905556, 0.9967882679178642, 1.0032110971506105, 1.0117217511529084, 1.0007932024949708, 0.9701102125357853, 1.016669965583894, 0.9972381478919382, 1.0089195273003708]","[0.9996047587465333, 0.9982615330830072, 1.008685466676252, 0.9890986119888002, 0.9947737110792078, 1.0087134047112514, 1.0191540236491152, 1.0071782658616815, 0.9864974816572664, 1.01498030639182, 0.9894937891458921, 0.9853646024340497, 1.0021578155632078, 0.9964422689970707, 0.9913157443534856, 1.0125065861362534, 1.0110769795288455, 1.0098528073010102, 0.9923256201470523, 1.0000691138616384, 1.0006681257702115, 1.0198471248117607, 1.0011994103776467, 0.9925720490670378, 1.02696754483652, 1.0074989230682123, 1.0147020488093343, 1.013558455982241, 1.0009386370108546, 0.9894879828655428]","[-0.0003952412534666827, -0.0017384669169927536, 0.008685466676251918, -0.010901388011199775, -0.005226288920792244, 0.008713404711251371, 0.019154023649115226, 0.007178265861681465, -0.013502518342733638, 0.014980306391819909, -0.010506210854107856, -0.014635397565950337, 0.002157815563207821, -0.003557731002929332, -0.008684255646514427, 0.01250658613625344, 0.011076979528845454, 0.009852807301010236, -0.007674379852947721, 6.91138616384368e-05, 0.0006681257702114696, 0.019847124811760652, 0.0011994103776467036, -0.007427950932962224, 0.026967544836520085, 0.007498923068212315, 0.014702048809334345, 0.013558455982241036, 0.0009386370108546149, -0.010512017134457152]","[0.07427854835987091, 0.0, 0.13385865092277527, 0.13385865092277527, 0.08334346860647202, 0.09834802150726318, 0.11108951270580292, 0.0, 0.07219130545854568, 0.0, 0.0, 0.0, 0.0, 0.13385865092277527, 0.0, 0.0, 0.0, 0.025314560160040855, 0.0, 0.0, 0.0, 0.0, 0.0, 0.13385865092277527, 0.0, 0.0, 0.0, 0.0, 0.0, 0.0]","[0.0, 3.480132379761312e-22, 0.0, 0.0, 0.0, 1.2399168161076003e-22, 2.8161234031380293e-22, 0.0, 1.0, 0.0, 0.0, 0.0, 0.0, 0.0, 0.0, 0.0, 0.0, 0.0, 1.2699628980036233e-22, 0.0, 6.524621084465438e-23, 2.341639129945837e-22, 0.0, 4.69217642290099e-22, 0.0, 0.0, 1.625265691141799e-23, 2.366592245842327e-22, 0.0, 0.0]","[0.003780504736198294, 0.0019449872298813874, 0.0, 0.0, 0.0, 0.0, 0.0, 0.0, 0.8859379283504231, 0.0022053372543812933, 0.01430637297108722, 0.001476049704433286, 0.0036128074592290385, 0.008760156249831069, 0.009058562836266, 0.0, 0.005963519380048802, 0.005097251905377595, 0.002142163302372808, 0.006260908610352975, 0.0, 0.010515012258576343, 0.0, 0.007881155521233882, 0.0, 0.0033455755548188622, 0.012408832199428088, 0.015302874476060128, 0.0, 0.0]","[0.07427854835987091, 0.0, 0.13385865092277527, 0.13385865092277527, 0.08334346860647202, 0.09834802150726318, 0.11108951270580292, 0.0, 0.07219130545854568, 0.0, 0.0, 0.0, 0.0, 0.13385865092277527, 0.0, 0.0, 0.0, 0.025314560160040855, 0.0, 0.0, 0.0, 0.0, 0.0, 0.13385865092277527, 0.0, 0.0, 0.0, 0.0, 0.0, 0.0]",-0.00042235201583524617
91,1.0246510122738415,"[0.9996047587465333, 0.9982615330830072, 1.008685466676252, 0.9890986119888002, 0.9947737110792078, 1.0087134047112514, 1.0191540236491152, 1.0071782658616815, 0.9864974816572664, 1.01498030639182, 0.9894937891458921, 0.9853646024340497, 1.0021578155632078, 0.9964422689970707, 0.9913157443534856, 1.0125065861362534, 1.0110769795288455, 1.0098528073010102, 0.9923256201470523, 1.0000691138616384, 1.0006681257702115, 1.0198471248117607, 1.0011994103776467, 0.9925720490670378, 1.02696754483652, 1.0074989230682123, 1.0147020488093343, 1.013558455982241, 1.0009386370108546, 0.9894879828655428]","[1.0110147645050025, 1.0014977794392521, 1.0137200851174204, 1.0074300454135205, 0.983503081747451, 1.0051663734906249, 1.0050124808052774, 1.0140477106175756, 0.977521702313692, 0.9990606531625774, 0.9874366012978348, 0.9830193252733235, 1.0000276686208456, 0.9990810324448786, 1.0024749799085164, 0.991556918132568, 1.0106068158102453, 1.0006046250009368, 1.011660336343778, 0.9836880671213655, 1.015762287276213, 0.9986534798085155, 1.0086549749989389, 0.9799315619447921, 1.0059563199668315, 0.9964002912985217, 1.0037813282826955, 0.9930012536553908, 1.0140351741599738, 1.0074251769095424]","[0.011014764505002494, 0.0014977794392521115, 0.0137200851174204, 0.007430045413520547, -0.016496918252548953, 0.005166373490624876, 0.005012480805277386, 0.014047710617575593, -0.022478297686308046, -0.0009393468374225833, -0.012563398702165163, -0.016980674726676526, 2.7668620845577863e-05, -0.0009189675551214416, 0.002474979908516417, -0.008443081867432034, 0.010606815810245251, 0.0006046250009368315, 0.011660336343777944, -0.016311932878634527, 0.015762287276213094, -0.0013465201914845126, 0.008654974998938858, -0.02006843805520786, 0.005956319966831547, -0.003599708701478299, 0.0037813282826955064, -0.006998746344609175, 0.014035174159973796, 0.007425176909542364]","[0.0, 0.0, 0.10744275897741318, 0.10744275897741318, 0.0, 0.0, 0.0, 0.0, 0.09933401644229889, 0.07240471243858337, 0.10744275897741318, 0.07752834260463715, 0.0, 0.0, 0.10744275897741318, 0.0, 0.0, 0.0, 0.0, 0.0, 0.0, 0.0, 0.10744275897741318, 0.0, 0.0, 0.10607635229825974, 0.0, 0.10744275897741318, 0.0, 0.0]","[0.0, 1.6131804994145857e-22, 0.0, 0.0, -4.061515568944341e-22, 4.670190423149771e-22, 0.0, 5.662327836466631e-22, -3.3088791765823793e-22, 0.0, 0.0, 0.0, 0.0, 0.0, 0.0, 0.0, 0.0, 0.10713469741754635, 0.0, 0.0, 0.0, 1.0853425275915778e-21, 0.8928653025824536, 0.0, -2.337267218697603e-22, 0.0, 4.946117774823628e-22, 0.0, 0.0, 0.0]","[0.0026291752732551825, 0.0, 0.016704705827833406, 0.003673996040713202, 0.005401420433120877, 0.0, 0.0, 0.010131238254055496, 0.0, 0.007866836922767217, 0.0018408129279819919, 0.0, 0.0, 0.0, 0.010716080464235932, 0.0021349035161790687, 0.0011959670022344204, 0.08622052300530046, 0.0016813478445944522, 0.0017084534050612538, 0.001122885104518634, 0.0, 0.8105726410537688, 0.013514296926534025, 0.0, 0.0, 0.0042739138307941954, 0.011712938721170808, 0.006897863445880483, 0.0]","[0.0, 0.0, 0.10744275897741318, 0.10744275897741318, 0.0, 0.0, 0.0, 0.0, 0.09933401644229889, 0.07240471243858337, 0.10744275897741318, 0.07752834260463715, 0.0, 0.0, 0.10744275897741318, 0.0, 0.0, 0.0, 0.0, 0.0, 0.0, 0.0, 0.10744275897741318, 0.0, 0.0, 0.10607635229825974, 0.0, 0.10744275897741318, 0.0, 0.0]",-0.0030745439474197263
92,1.029445272854172,"[1.0110147645050025, 1.0014977794392521, 1.0137200851174204, 1.0074300454135205, 0.983503081747451, 1.0051663734906249, 1.0050124808052774, 1.0140477106175756, 0.977521702313692, 0.9990606531625774, 0.9874366012978348, 0.9830193252733235, 1.0000276686208456, 0.9990810324448786, 1.0024749799085164, 0.991556918132568, 1.0106068158102453, 1.0006046250009368, 1.011660336343778, 0.9836880671213655, 1.015762287276213, 0.9986534798085155, 1.0086549749989389, 0.9799315619447921, 1.0059563199668315, 0.9964002912985217, 1.0037813282826955, 0.9930012536553908, 1.0140351741599738, 1.0074251769095424]","[1.0229047145083405, 1.0124176413474781, 1.0104499197633623, 1.0268267580374635, 0.9927399030062102, 1.011218010393279, 1.0014500707699283, 0.9922038860327268, 0.985608267770188, 0.9967871061998748, 0.9964102723456086, 1.003064778440951, 1.0176061284180473, 1.0149314138169248, 0.9873841975749442, 1.0233360892765435, 0.9976844828288152, 1.018699850472123, 1.000544564286398, 0.9948730137578665, 1.0167207184256684, 1.0092203791572432, 1.000467384865189, 1.0160688964784677, 0.9992655539172378, 1.002036927622415, 1.0057279249241393, 0.9839587696159181, 0.9960737051938359, 0.9981628178730931]","[0.02290471450834053, 0.012417641347478137, 0.010449919763362292, 0.026826758037463483, -0.007260096993789822, 0.011218010393279076, 0.0014500707699283133, -0.007796113967273199, -0.014391732229812049, -0.0032128938001252383, -0.0035897276543913614, 0.003064778440950988, 0.017606128418047318, 0.014931413816924755, -0.012615802425055778, 0.023336089276543515, -0.0023155171711848332, 0.01869985047212297, 0.0005445642863979305, -0.00512698624213348, 0.016720718425668357, 0.009220379157243164, 0.00046738486518904665, 0.016068896478467654, -0.0007344460827621857, 0.00203692762241503, 0.005727924924139316, -0.016041230384081895, -0.003926294806164132, -0.0018371821269068667]","[0.0, 0.12197896093130112, 0.0, 0.0, 0.0, 0.0, 0.0, 0.11207171529531479, 0.10635707527399063, 0.0, 0.0, 0.0, 0.0, 0.07572361826896667, 0.0, 0.037825193256139755, 0.12197896093130112, 0.0, 0.0, 0.07381434738636017, 0.12197896093130112, 0.0, 0.0, 0.12197896093130112, 0.0, 0.10629218071699142, 0.0, 0.0, 0.0, 0.0]","[0.0, 2.358243110671301e-22, 0.0, 0.0, 0.0, 0.0, 0.0, 0.0, 0.0, 0.0, 0.0, 3.465089855027462e-22, 0.0, 0.0, 0.0, 0.0, 2.9253843529366665e-22, 1.0, 2.3899844398923166e-22, 3.48064984619923e-22, 2.9246988299134308e-22, 0.0, 0.0, 4.0211238626236077e-22, 0.0, 1.2795221001972368e-22, 0.0, 0.0, 0.0, 3.4630538843794004e-22]","[0.0, 0.00456277134411217, 0.0, 0.0, 0.00045910196810967886, 0.010381668521683651, 0.0, 0.008144676436414571, 0.00474542090253486, 0.0016915384825560895, 0.0, 0.002128859561517705, 0.0, 0.014852086181206765, 0.002661436980865516, 0.0, 0.0, 0.9118247927608372, 0.0, 0.007916901967678228, 0.0, 0.0, 0.011062496624401614, 0.0, 6.552040592282527e-05, 0.0, 0.0042066302021617295, 0.0, 0.011988229902390821, 0.003307867757606711]","[0.0, 0.12197896093130112, 0.0, 0.0, 0.0, 0.0, 0.0, 0.11207171529531479, 0.10635707527399063, 0.0, 0.0, 0.0, 0.0, 0.07572361826896667, 0.0, 0.037825193256139755, 0.12197896093130112, 0.0, 0.0, 0.07381434738636017, 0.12197896093130112, 0.0, 0.0, 0.12197896093130112, 0.0, 0.10629218071699142, 0.0, 0.0, 0.0, 0.0]",0.004287270614817351
93,1.032554537494444,"[1.0229047145083405, 1.0124176413474781, 1.0104499197633623, 1.0268267580374635, 0.9927399030062102, 1.011218010393279, 1.0014500707699283, 0.9922038860327268, 0.985608267770188, 0.9967871061998748, 0.9964102723456086, 1.003064778440951, 1.0176061284180473, 1.0149314138169248, 0.9873841975749442, 1.0233360892765435, 0.9976844828288152, 1.018699850472123, 1.000544564286398, 0.9948730137578665, 1.0167207184256684, 1.0092203791572432, 1.000467384865189, 1.0160688964784677, 0.9992655539172378, 1.002036927622415, 1.0057279249241393, 0.9839587696159181, 0.9960737051938359, 0.9981628178730931]","[1.022262469391706, 1.0253602331634437, 0.9966281903586113, 0.9879896554106472, 1.0013587524038525, 0.9797965623729075, 1.0039889336856438, 0.9871322181160258, 1.0208135099300206, 1.0021551861555935, 1.0125981686313381, 1.008420038159184, 1.0153740237275677, 0.983232503616892, 1.0168060604670894, 1.0034074825334904, 1.011493339872772, 1.00119024324296, 1.0092198491421938, 0.9920760969391708, 0.9841836403964254, 0.9995189179862812, 1.0022714907357904, 1.0167364843884887, 1.019116063056762, 1.001681051968051, 0.9935965992490244, 0.9810216590973181, 0.9931351379188992, 1.0017401393789358]","[0.022262469391705952, 0.025360233163443713, -0.0033718096413887233, -0.012010344589352795, 0.0013587524038525256, -0.020203437627092535, 0.003988933685643792, -0.012867781883974194, 0.020813509930020624, 0.0021551861555935137, 0.012598168631338114, 0.008420038159183907, 0.015374023727567687, -0.016767496383108038, 0.016806060467089434, 0.0034074825334904357, 0.011493339872771902, 0.0011902432429600207, 0.009219849142193759, -0.00792390306082924, -0.015816359603574637, -0.0004810820137187699, 0.00227149073579036, 0.016736484388488737, 0.019116063056761945, 0.0016810519680510172, -0.006403400750975563, -0.01897834090268191, -0.00686486208110082, 0.001740139378935801]","[0.0, 0.0, 0.09632210433483124, 0.0, 0.10476585477590561, 0.0, 0.0, 0.0, 0.0, 0.0, 0.09937281161546707, 0.0, 0.10519348829984665, 0.10519348829984665, 0.09377492964267731, 0.0, 0.08250737935304642, 0.0, 0.0, 0.0, 0.10519348829984665, 0.0, 0.0, 0.0, 0.10248304158449173, 0.0, 0.0, 0.0, 0.10519348829984665, 0.0]","[0.0, 0.0, 0.0, 0.0, 0.0, 0.0, 7.120392828547285e-23, 0.0, 0.0, 0.0, 0.0, 0.0, 0.0, 1.2859309728997483e-22, 0.0, 2.921834779400688e-22, 0.0, 1.0, 1.3054565785348252e-22, 0.0, 2.944507395949276e-22, 0.0, 0.0, 1.8194471625849605e-22, 0.0, 1.9464675568746094e-23, 0.0, 1.8142769042404528e-23, 0.0, 4.593456441596869e-22]","[0.0, 0.0, 0.014183768112403058, 0.0, 0.0, 0.0, 0.005079583426026596, 0.0, 0.013891966042032213, 0.0033902972888421043, 0.004004237430984725, 0.014880616544453149, 0.005156915281108479, 0.0, 0.0009167660359933782, 0.006193781274988551, 0.0, 0.9046709458429925, 0.0, 0.0, 0.0, 0.0, 0.02044467584283347, 0.0004518196689079323, 0.001302858997067007, 0.0010698090637913129, 0.0, 0.0, 0.0, 0.004361959147575691]","[0.0, 0.0, 0.09632210433483124, 0.0, 0.10476585477590561, 0.0, 0.0, 0.0, 0.0, 0.0, 0.09937281161546707, 0.0, 0.10519348829984665, 0.10519348829984665, 0.09377492964267731, 0.0, 0.08250737935304642, 0.0, 0.0, 0.0, 0.10519348829984665, 0.0, 0.0, 0.0, 0.10248304158449173, 0.0, 0.0, 0.0, 0.10519348829984665, 0.0]",0.0026157155642148105
94,1.0366844123314143,"[1.022262469391706, 1.0253602331634437, 0.9966281903586113, 0.9879896554106472, 1.0013587524038525, 0.9797965623729075, 1.0039889336856438, 0.9871322181160258, 1.0208135099300206, 1.0021551861555935, 1.0125981686313381, 1.008420038159184, 1.0153740237275677, 0.983232503616892, 1.0168060604670894, 1.0034074825334904, 1.011493339872772, 1.00119024324296, 1.0092198491421938, 0.9920760969391708, 0.9841836403964254, 0.9995189179862812, 1.0022714907357904, 1.0167364843884887, 1.019116063056762, 1.001681051968051, 0.9935965992490244, 0.9810216590973181, 0.9931351379188992, 1.0017401393789358]","[1.0087110424244263, 1.0109913774357397, 1.0057131402790127, 1.0136444802931248, 1.019988642596485, 0.9958211032616788, 1.0030537261943813, 1.0037395254217578, 0.989467430563401, 1.0236089710340608, 0.9983907508780498, 1.0257541077927992, 1.0057471274266705, 1.0180334484922584, 1.0006111908810835, 0.9786241553952939, 1.0157010940041513, 0.9982760970207397, 0.9943696574040467, 1.0108168018116028, 1.0081995769143155, 1.0159967715829097, 0.9953936600228949, 0.989168162540865, 0.97801286355663, 1.0180093922379807, 1.01985634938376, 0.9884291327362297, 1.005393267807385, 0.9787767788978664]","[0.00871104242442633, 0.010991377435739746, 0.005713140279012707, 0.013644480293124817, 0.01998864259648503, -0.0041788967383211695, 0.0030537261943812677, 0.0037395254217578167, -0.01053256943659897, 0.02360897103406079, -0.0016092491219501515, 0.025754107792799186, 0.005747127426670495, 0.018033448492258408, 0.0006111908810835232, -0.021375844604706096, 0.015701094004151317, -0.0017239029792602834, -0.005630342595953297, 0.010816801811602827, 0.008199576914315498, 0.015996771582909686, -0.004606339977105134, -0.010831837459134963, -0.021987136443370026, 0.018009392237980704, 0.01985634938376002, -0.011570867263770324, 0.005393267807384916, -0.021223221102133594]","[0.0, 0.10745865106582642, 0.0, 0.08838190883398056, 0.0, 0.0, 0.0, 0.11010970175266266, 0.08514717221260071, 0.0, 0.11010970175266266, 0.0, 0.0, 0.0, 0.0, 0.0, 0.0, 0.11010970175266266, 0.0, 0.0, 0.11010970175266266, 0.08623167127370834, 0.0854969322681427, 0.0, 0.0, 0.0, 0.0, 0.0, 0.10684484988451004, 0.0]","[0.0, 2.894426916584432e-22, 0.0, 3.451776062144767e-22, 0.0, 0.0, 0.0, 3.423585391821402e-22, 0.0, 3.449499042813608e-22, 0.0, 0.0, 0.0, 2.3492864013021984e-22, 0.0, 3.4400219974326e-22, 0.0, 1.0, 0.0, 0.0, 0.0, 3.412905395775173e-22, 0.0, 0.0, 0.0, 0.0, 0.0, 3.4651141662722617e-22, 0.0, 3.443295783778629e-22]","[0.0, 0.0, 0.002511012050445921, 0.004403878434772173, 0.004645693815354852, 0.00049107657529942, 0.005602317085443157, 0.0, 0.0, 0.018539991512952828, 0.0, 0.00026245072581694453, 0.003356280877704359, 0.0, 0.005267083325005873, 0.0, 0.002483970846343733, 0.9064761527139277, 0.007213480667079579, 0.0, 0.0, 0.010697171550186008, 0.0, 0.00975561173368088, 0.0, 0.01079947270635997, 0.0, 0.00219171498000672, 0.005302640399619926, 0.0]","[0.0, 0.10745865851640701, 0.0, 0.08838191628456116, 0.0, 0.0, 0.0, 0.11010970920324326, 0.0851471796631813, 0.0, 0.11010970920324326, 0.0, 0.0, 0.0, 0.0, 0.0, 0.0, 0.11010970920324326, 0.0, 0.0, 0.11010970920324326, 0.08623167872428894, 0.0854969397187233, 0.0, 0.0, 0.0, 0.0, 0.0, 0.10684485733509064, 0.0]",0.003591913047403673
95,1.0373915636836828,"[1.0087110424244263, 1.0109913774357397, 1.0057131402790127, 1.0136444802931248, 1.019988642596485, 0.9958211032616788, 1.0030537261943813, 1.0037395254217578, 0.989467430563401, 1.0236089710340608, 0.9983907508780498, 1.0257541077927992, 1.0057471274266705, 1.0180334484922584, 1.0006111908810835, 0.9786241553952939, 1.0157010940041513, 0.9982760970207397, 0.9943696574040467, 1.0108168018116028, 1.0081995769143155, 1.0159967715829097, 0.9953936600228949, 0.989168162540865, 0.97801286355663, 1.0180093922379807, 1.01985634938376, 0.9884291327362297, 1.005393267807385, 0.9787767788978664]","[1.0086003911559296, 1.0115458982314864, 0.9992986604495818, 1.0119765694087728, 0.9872722422936353, 1.008066118649799, 1.005938911470328, 1.0072562642926608, 0.9847183326898423, 1.000801479190507, 1.005379954371137, 1.0011833533844436, 0.9824386349893584, 1.0227126039677132, 0.9900688940958465, 0.989901576731743, 0.9913203867699357, 1.0178631627545285, 0.9936558585452552, 0.991206840543839, 1.0128791855450234, 1.009153424360476, 1.0247763266954453, 0.9941841669399422, 1.008415654735076, 0.9972498202499248, 0.9856884798879296, 1.0025814336610532, 1.0019620026290397, 0.9835526413777227]","[0.008600391155929588, 0.01154589823148644, -0.0007013395504181785, 0.011976569408772786, -0.012727757706364695, 0.008066118649799003, 0.005938911470328101, 0.007256264292660797, -0.015281667310157676, 0.0008014791905071039, 0.00537995437113703, 0.0011833533844436417, -0.01756136501064165, 0.02271260396771324, -0.00993110590415347, -0.01009842326825705, -0.008679613230064276, 0.017863162754528483, -0.006344141454744823, -0.008793159456160993, 0.01287918554502343, 0.009153424360476059, 0.024776326695445272, -0.00581583306005784, 0.008415654735075995, -0.002750179750075188, -0.014311520112070375, 0.002581433661053234, 0.001962002629039672, -0.01644735862227731]","[0.0, 0.0, 0.058264125138521194, 0.0, 0.0, 0.0, 0.1326911896467209, 0.0, 0.0, 0.10529554635286331, 0.0, 0.1326911896467209, 0.0, 0.0, 0.10709544271230698, 0.10362815111875534, 0.0, 0.009606553241610527, 0.0, 0.0, 0.0, 0.1325160264968872, 0.0, 0.0, 0.09127277135848999, 0.12693898379802704, 0.0, 0.0, 0.0, 0.0]","[1.2234720165735275e-22, 0.0, 0.0, 3.7256610953362797e-22, 0.0, 0.0, 6.822720940727654e-23, 0.0, 0.0, 0.0, 0.0, 0.0, 1.2538842059498798e-22, 0.0, 0.0, 6.733365627839993e-23, 2.3631599601457363e-22, 1.0, 0.0, 0.0, 0.0, 0.0, 0.0, 1.2354454844575543e-22, 0.0, 0.0, 6.743788417113114e-23, 0.0, 4.587757883227394e-22, 0.0]","[0.022706510779330655, 0.005125785659518339, 0.0, 0.004162843382417659, 0.012102648908698317, 0.005532608032385656, 0.0015408791809255829, 0.0, 0.012318838995740693, 0.0, 0.016259656859781774, 0.007565362206378979, 0.0, 0.0, 0.0, 0.018432568479741392, 0.014548514312183597, 0.8682549474036602, 0.0, 0.0, 0.004086508285251385, 0.0, 0.0, 0.0, 2.3003582257142345e-05, 0.0, 0.0, 0.004213878677791555, 0.003125445253937149, 0.0]","[0.0, 0.0, 0.058264125138521194, 0.0, 0.0, 0.0, 0.1326911896467209, 0.0, 0.0, 0.10529554635286331, 0.0, 0.1326911896467209, 0.0, 0.0, 0.10709544271230698, 0.10362815111875534, 0.0, 0.009606553241610527, 0.0, 0.0, 0.0, 0.1325160264968872, 0.0, 0.0, 0.09127277135848999, 0.12693898379802704, 0.0, 0.0, 0.0, 0.0]",0.00029264936362297203
96,1.0400615814776564,"[1.0086003911559296, 1.0115458982314864, 0.9992986604495818, 1.0119765694087728, 0.9872722422936353, 1.008066118649799, 1.005938911470328, 1.0072562642926608, 0.9847183326898423, 1.000801479190507, 1.005379954371137, 1.0011833533844436, 0.9824386349893584, 1.0227126039677132, 0.9900688940958465, 0.989901576731743, 0.9913203867699357, 1.0178631627545285, 0.9936558585452552, 0.991206840543839, 1.0128791855450234, 1.009153424360476, 1.0247763266954453, 0.9941841669399422, 1.008415654735076, 0.9972498202499248, 0.9856884798879296, 1.0025814336610532, 1.0019620026290397, 0.9835526413777227]","[1.0223685424879898, 0.9957160509408993, 0.9826153045574878, 0.9918897807031809, 0.9995237518191044, 1.0217773546754412, 1.0066915017589984, 1.0159069814374204, 1.0004537786651218, 0.9863790010492487, 1.0118775800211965, 0.9965727777902762, 1.0046461249805057, 1.005401215367168, 0.9989798289079189, 1.0116649130161999, 1.0074240409827608, 1.0113035156192556, 1.0113006759684477, 0.9951768457938968, 0.9964987086827929, 0.995754216430751, 0.9849159786883629, 1.0146632003204945, 1.0003688492071532, 1.0181191728499202, 0.9828791481172194, 1.0063060516477649, 1.0006726036270677, 1.0110089763960866]","[0.022368542487989806, -0.004283949059100678, -0.0173846954425122, -0.008110219296819099, -0.00047624818089564425, 0.021777354675441174, 0.006691501758998353, 0.01590698143742042, 0.00045377866512175125, -0.013620998950751306, 0.011877580021196543, -0.0034272222097238014, 0.00464612498050565, 0.0054012153671680885, -0.0010201710920810791, 0.011664913016199874, 0.007424040982760838, 0.011303515619255577, 0.011300675968447749, -0.004823154206103242, -0.0035012913172071114, -0.004245783569248984, -0.015084021311637108, 0.014663200320494507, 0.0003688492071531879, 0.01811917284992015, -0.017120851882780563, 0.0063060516477648765, 0.0006726036270676694, 0.011008976396086556]","[0.0, 0.0, 0.0, 0.10000000894069672, 0.0, 0.0, 0.0, 0.0, 0.0, 0.10000000894069672, 0.10000000894069672, 0.0, 0.0, 0.10000000894069672, 0.0, 0.0, 0.0, 0.0, 0.0, 0.10000000894069672, 0.0, 0.0, 0.10000000894069672, 0.10000000894069672, 0.0, 0.10000000894069672, 0.0, 0.10000000894069672, 0.0, 0.10000000894069672]","[5.664300793213731e-22, 6.230713074353968e-22, 0.0, 3.801877849020057e-22, 0.0, 4.0041734522141314e-22, 0.0, 0.0, 0.0, 0.0, 0.0, 0.0, 0.0, 4.5874682710343765e-22, 0.0, 4.568301919095847e-22, 4.033532018442761e-22, 1.0, 0.0, 0.0, 0.0, 0.0, 4.020621016921381e-22, 0.0, 0.0, 0.0, 0.0, 0.0, 5.69948240853677e-22, 0.0]","[0.0, 0.0, 0.0, 0.008549200217738353, 0.0, 0.0, 0.0019526923368100313, 0.0, 0.003792344234254256, 0.00343890875462571, 0.0, 0.0, 0.0, 0.004645799855658904, 0.0018007311949703824, 0.0035491252834768745, 0.0, 0.9467443150656656, 0.0009292632327176788, 0.0, 0.0, 0.0, 0.0, 0.008127603360199496, 0.0032323089000522035, 0.011240517669540713, 0.0, 0.0, 0.0, 0.0019971898942900287]","[0.0, 0.0, 0.0, 0.09999999403953552, 0.0, 0.0, 0.0, 0.0, 0.0, 0.09999999403953552, 0.09999999403953552, 0.0, 0.0, 0.09999999403953552, 0.0, 0.0, 0.0, 0.0, 0.0, 0.09999999403953552, 0.0, 0.0, 0.09999999403953552, 0.09999999403953552, 0.0, 0.09999999403953552, 0.0, 0.09999999403953552, 0.0, 0.09999999403953552]",0.0021849709447898133
97,1.0363315878706114,"[1.0223685424879898, 0.9957160509408993, 0.9826153045574878, 0.9918897807031809, 0.9995237518191044, 1.0217773546754412, 1.0066915017589984, 1.0159069814374204, 1.0004537786651218, 0.9863790010492487, 1.0118775800211965, 0.9965727777902762, 1.0046461249805057, 1.005401215367168, 0.9989798289079189, 1.0116649130161999, 1.0074240409827608, 1.0113035156192556, 1.0113006759684477, 0.9951768457938968, 0.9964987086827929, 0.995754216430751, 0.9849159786883629, 1.0146632003204945, 1.0003688492071532, 1.0181191728499202, 0.9828791481172194, 1.0063060516477649, 1.0006726036270677, 1.0110089763960866]","[0.985786599841736, 1.0056042443710382, 1.0003788532385562, 1.029972236925294, 0.9748567277787707, 1.0013965987775568, 0.9846245889316125, 0.9981081406231487, 1.0040277835007896, 0.9828566567932552, 0.9868946089622158, 1.0091261950411692, 1.0105728075481444, 1.0199222729074244, 0.989966081403424, 0.9906982981306142, 0.9961907375892487, 0.9981006019232485, 0.9957471907671901, 0.9860149974621976, 0.9954466182403598, 0.9733680363453814, 0.9975272005027741, 1.0232511301801488, 0.9991296298515251, 0.9758586438067194, 0.9843115806023477, 0.9781174581763451, 0.9857055998210472, 1.0255026591346263]","[-0.014213400158264, 0.005604244371038236, 0.00037885323855624264, 0.029972236925293938, -0.02514327222122925, 0.0013965987775568234, -0.015375411068387468, -0.0018918593768513237, 0.0040277835007895835, -0.01714334320674482, -0.013105391037784186, 0.009126195041169183, 0.01057280754814438, 0.019922272907424432, -0.010033918596575986, -0.009301701869385837, -0.003809262410751302, -0.0018993980767515461, -0.0042528092328099065, -0.013985002537802438, -0.004553381759640152, -0.026631963654618618, -0.002472799497225897, 0.023251130180148794, -0.0008703701484749082, -0.024141356193280616, -0.01568841939765231, -0.0218825418236549, -0.014294400178952782, 0.02550265913462635]","[0.10045994818210602, 0.0, 0.0, 0.0, 0.0, 0.0, 0.10045994818210602, 0.0, 0.0, 0.09933796525001526, 0.0, 0.0, 0.0, 0.10045994818210602, 0.10045994818210602, 0.0, 0.10045994818210602, 0.0, 0.0, 0.0, 0.0, 0.0, 0.10045994818210602, 0.10045994818210602, 0.10045994818210602, 0.0, 0.09698253124952316, 0.0, 0.0, 0.0]","[0.0, 0.0, 2.3545436700492906e-22, 0.0, 0.0, 0.0, 0.0, 0.0, 0.0, 0.0, 0.0, 2.347196596875442e-22, 2.9157861204014676e-22, 2.3522389853970003e-22, 2.3599464179360737e-22, 0.0, 2.345188020747354e-22, 1.0, 0.0, 4.56198477113346e-22, 2.9096396308170863e-22, 0.0, 0.0, 0.0, 4.570031240589713e-22, 0.0, 0.0, 0.0, 0.0, 0.0]","[0.0, 0.0, 0.0, 0.0, 0.0, 0.009580540505053806, 0.0, 0.0, 0.0035860822408826584, 0.023277106464376092, 0.0, 0.0, 0.009742868225514822, 0.0, 0.00202952968931821, 0.0, 0.0, 0.9160458403509362, 0.0, 0.0, 0.0, 0.0, 0.0, 0.0, 0.008413256451859872, 0.0, 0.0, 0.0, 0.027324776072058257, 0.0]","[0.10045994818210602, 0.0, 0.0, 0.0, 0.0, 0.0, 0.10045994818210602, 0.0, 0.0, 0.09933796525001526, 0.0, 0.0, 0.0, 0.10045994818210602, 0.10045994818210602, 0.0, 0.10045994818210602, 0.0, 0.0, 0.0, 0.0, 0.0, 0.10045994818210602, 0.10045994818210602, 0.10045994818210602, 0.0, 0.09698253124952316, 0.0, 0.0, 0.0]",-0.003965117484095985
98,1.0334369181269214,"[0.985786599841736, 1.0056042443710382, 1.0003788532385562, 1.029972236925294, 0.9748567277787707, 1.0013965987775568, 0.9846245889316125, 0.9981081406231487, 1.0040277835007896, 0.9828566567932552, 0.9868946089622158, 1.0091261950411692, 1.0105728075481444, 1.0199222729074244, 0.989966081403424, 0.9906982981306142, 0.9961907375892487, 0.9981006019232485, 0.9957471907671901, 0.9860149974621976, 0.9954466182403598, 0.9733680363453814, 0.9975272005027741, 1.0232511301801488, 0.9991296298515251, 0.9758586438067194, 0.9843115806023477, 0.9781174581763451, 0.9857055998210472, 1.0255026591346263]","[0.9923859523631029, 0.9899969543545668, 1.0005946444576357, 1.0100895690785767, 0.9896071512610132, 1.0079491871813198, 1.0118086786230445, 0.9923265495714968, 0.99434824313963, 1.012192821198012, 0.9879909474302573, 0.9961742658232758, 1.0063943208063342, 1.0014518648297213, 0.9863098369930221, 1.0015432228975691, 0.9962760509382597, 0.9902332912197896, 0.9921152692202504, 0.9869729219917684, 1.0221013261322471, 0.9833446659203633, 1.0039257594419417, 0.9841119457792882, 0.9917409789340156, 1.0170891369529953, 1.004403276434736, 0.9805781240257881, 1.0024159556108352, 0.9983917322675409]","[-0.007614047636897103, -0.010003045645433195, 0.0005946444576356846, 0.010089569078576721, -0.010392848738986826, 0.007949187181319761, 0.011808678623044466, -0.0076734504285032035, -0.005651756860370005, 0.012192821198012016, -0.012009052569742718, -0.0038257341767241604, 0.006394320806334175, 0.001451864829721261, -0.013690163006977896, 0.0015432228975691409, -0.0037239490617403392, -0.009766708780210354, -0.007884730779749605, -0.013027078008231552, 0.022101326132247134, -0.016655334079636708, 0.003925759441941734, -0.015888054220711822, -0.008259021065984418, 0.0170891369529953, 0.0044032764347359254, -0.019421875974211855, 0.0024159556108351854, -0.0016082677324591454]","[0.0, 0.10000000149011612, 0.0, 0.10000000149011612, 0.0, 0.0, 0.0, 0.0, 0.0, 0.10000000149011612, 0.0, 0.10000000149011612, 0.10000000149011612, 0.0, 0.0, 0.0, 0.10000000149011612, 0.10000000149011612, 0.0, 0.0, 0.0, 0.0, 0.0, 0.0, 0.10000000149011612, 0.0, 0.0, 0.10000000149011612, 0.0, 0.10000000149011612]","[0.0, 0.0, 1.1909898713427963e-22, 1.0, 1.0995307549520584e-23, 1.2116988526143992e-22, 0.0, 0.0, 0.0, 0.0, 0.0, 0.0, 0.0, 0.0, 0.0, 1.2106243467469565e-22, 8.726803882470285e-24, 2.2900304377425927e-22, 0.0, 0.0, 0.0, 0.0, 0.0, 9.665163216835243e-24, 0.0, 0.0, 0.0, 1.1981737932594885e-22, 1.2100390341728103e-22, 0.0]","[0.0, 0.009704851850336512, 0.0, 0.9311122736371091, 0.0, 0.0, 0.0012608139334115947, 0.0019082135319808532, 0.01581196718629026, 0.0, 0.005116860955123959, 0.0, 0.0, 0.0, 0.004293626318482283, 0.0044326350574546945, 0.0, 0.0, 0.0, 0.0028764415534999, 0.0013198735154613477, 0.0, 0.0004675373687598739, 0.0, 0.0, 0.0, 0.007727527581250755, 0.0, 0.013967377510838831, 0.0]","[0.0, 0.09999998658895493, 0.0, 0.09999998658895493, 0.0, 0.0, 0.0, 0.0, 0.0, 0.09999998658895493, 0.0, 0.09999998658895493, 0.09999998658895493, 0.0, 0.0, 0.0, 0.09999998658895493, 0.09999998658895493, 0.0, 0.0, 0.0, 0.0, 0.0, 0.0, 0.09999998658895493, 0.0, 0.0, 0.09999998658895493, 0.0, 0.09999998658895493]",-0.003200125783810686
99,1.0352049197091662,"[0.9923859523631029, 0.9899969543545668, 1.0005946444576357, 1.0100895690785767, 0.9896071512610132, 1.0079491871813198, 1.0118086786230445, 0.9923265495714968, 0.99434824313963, 1.012192821198012, 0.9879909474302573, 0.9961742658232758, 1.0063943208063342, 1.0014518648297213, 0.9863098369930221, 1.0015432228975691, 0.9962760509382597, 0.9902332912197896, 0.9921152692202504, 0.9869729219917684, 1.0221013261322471, 0.9833446659203633, 1.0039257594419417, 0.9841119457792882, 0.9917409789340156, 1.0170891369529953, 1.004403276434736, 0.9805781240257881, 1.0024159556108352, 0.9983917322675409]","[1.0200473075606822, 0.9743805377658264, 1.0079500658664862, 1.0013063323447293, 0.9850869222128037, 0.9912091782109347, 0.9769778737943281, 0.9765458007063108, 1.008870248489358, 1.006902694362013, 0.9872605345806817, 1.0144570621322022, 1.0037296692997417, 1.0010335456821764, 0.9890974254947088, 0.9909551261963188, 0.9810991675623639, 1.000000865986079, 0.9901529747928398, 1.0147820628684747, 0.9962571619167077, 1.0171179474170102, 0.9937480908845718, 0.9910207249675982, 0.992820740122668, 0.9906839955298049, 0.9940922500476979, 1.0124690999850778, 1.0002293520947207, 1.0126817125069851]","[0.02004730756068218, -0.02561946223417355, 0.007950065866486167, 0.0013063323447293218, -0.014913077787196305, -0.008790821789065317, -0.0230221262056719, -0.023454199293689193, 0.008870248489357913, 0.006902694362012962, -0.012739465419318252, 0.014457062132202214, 0.0037296692997417225, 0.0010335456821763955, -0.010902574505291196, -0.009044873803681241, -0.018900832437636073, 8.659860790682927e-07, -0.009847025207160187, 0.014782062868474721, -0.0037428380832923436, 0.017117947417010226, -0.006251909115428167, -0.008979275032401812, -0.007179259877332034, -0.009316004470195094, -0.005907749952302144, 0.012469099985077836, 0.00022935209472074725, 0.012681712506985132]","[0.10268211364746094, 0.0, 0.0, 0.0, 0.0, 0.0, 0.0, 0.10268211364746094, 0.10268211364746094, 0.10268211364746094, 0.0, 0.10268211364746094, 0.0, 0.08528653532266617, 0.0, 0.10268211364746094, 0.0, 0.0, 0.0, 0.0, 0.0, 0.0, 0.09325650334358215, 0.10268211364746094, 0.0, 0.0, 0.0, 0.0, 0.0, 0.10268211364746094]","[0.0, 6.521182946992491e-23, 0.0, 1.0, 1.049638769678878e-23, 6.512043779858393e-23, 0.0, 1.0227522524007821e-23, 0.0, 0.0, 0.0, 0.0, 9.6990595222267e-24, 0.0, 1.0319913275359308e-23, 1.2052587370449215e-22, 0.0, 0.0, 0.0, 0.0, 0.0, 0.0, 0.0, 6.474347322561606e-23, 0.0, 9.442737943499486e-24, 0.0, 0.0, 0.0, 0.0]","[0.009145545042949153, 0.0014162163593767444, 0.0071138633563970575, 0.8706294113478307, 0.020129801658004345, 0.0037422386793155215, 0.0, 0.0, 0.004308850910113945, 0.0, 0.004833376183126118, 0.011634455631619188, 0.008594922858230849, 0.013268818026736236, 0.004302526497346491, 0.012092744146578318, 0.0, 0.0, 0.0, 0.0, 0.0, 0.001236472144497427, 0.0, 0.0063547417406883185, 0.00038664895448462097, 0.010681408571621177, 0.004722540966889073, 0.0015610208371335085, 0.003844396087061458, 0.0]","[0.10268212109804153, 0.0, 0.0, 0.0, 0.0, 0.0, 0.0, 0.10268212109804153, 0.10268212109804153, 0.10268212109804153, 0.0, 0.10268212109804153, 0.0, 0.08528654277324677, 0.0, 0.10268212109804153, 0.0, 0.0, 0.0, 0.0, 0.0, 0.0, 0.09325651079416275, 0.10268212109804153, 0.0, 0.0, 0.0, 0.0, 0.0, 0.10268212109804153]",0.0012645443177817072
