step,portfolio_value,prev_prices,curr_prices,returns,action,expert_action,sub_expert_action,real_action,reward
1,0.9965083136280046,"[1.0049366295687248, 0.9846800375168415, 1.0033644496534349, 0.996760700676586, 0.9947264208713917, 1.017448452653272, 0.9948750057052479, 1.0119887178001112, 1.0053565242848042, 0.9968104213467466, 1.005245360204564, 1.0115869629423095, 0.9922115909115357, 0.9951375010709681, 1.0131948656183238, 1.0004141638719959, 1.0010933665599777, 1.0064645927695999, 1.0026562786738533, 1.0048094787906616, 1.0073450499354948, 1.0035188475486063, 1.018034610818745, 1.0204325329600288, 1.00095966528271, 0.9770296318406231, 1.005125243474234, 0.9957161423103591, 0.9983427198294424, 1.0114510620320967]","[0.9920347882428157, 0.9952156598884152, 1.011773066595497, 0.9760143781129004, 0.9977986266589247, 0.9812315694078788, 1.011496973946109, 0.9930822216766114, 0.9913827182694194, 1.0021331097485882, 0.9881574618977749, 1.0125881551697757, 0.988001972653278, 1.0031091120833928, 1.0245305020687216, 1.0086791156755683, 1.0119538597298787, 0.9814611108348235, 1.009643186498004, 1.0212233756389575, 1.002595314707702, 1.0008533330316625, 1.0011057712714622, 1.0220670244690606, 1.0277351016666445, 1.0149678178124304, 0.9885326524733774, 0.9953056751221693, 0.983379675650348, 0.9967022090665159]","[-0.007965211757184343, -0.004784340111584795, 0.011773066595496928, -0.02398562188709963, -0.0022013733410752856, -0.018768430592121188, 0.011496973946109046, -0.006917778323388579, -0.008617281730580628, 0.002133109748588158, -0.01184253810222513, 0.012588155169775739, -0.011998027346721951, 0.0031091120833928176, 0.02453050206872165, 0.008679115675568339, 0.011953859729878724, -0.018538889165176542, 0.009643186498003997, 0.021223375638957487, 0.0025953147077020233, 0.0008533330316624621, 0.0011057712714621637, 0.022067024469060614, 0.0277351016666445, 0.014967817812430395, -0.011467347526622595, -0.0046943248778307245, -0.016620324349651994, -0.003297790933484146]","[0.0, 0.12058671563863754, 0.0, 0.0, 0.0, 0.0, 0.1080855131149292, 0.0, 0.0, 0.0, 0.0, 0.0, 0.07495658099651337, 0.06108969449996948, 0.0, 0.12058671563863754, 0.0, 0.11783565580844879, 0.0, 0.0, 0.12058671563863754, 0.0771065428853035, 0.0, 0.0, 0.0, 0.0, 0.12058671563863754, 0.0, 0.0785791277885437, 0.0]","[0.0, 0.1, 0.1, 0.1, 0.1, 0.1, 0.1, 0.1, 0.1, 0.0, 0.0, 0.0, 0.0, 0.0, 0.0, 0.0, 0.0, 0.0, 0.0, 0.0, 0.0, 0.0, 0.0, 0.0, 0.0, 0.0, 0.0, 0.0, 0.1, 0.1]","[0.0, 0.10033282659373396, 0.09644232555365122, 0.09579574000168395, 0.09029469699724227, 0.09139514067076202, 0.11266844043674057, 0.09333050467425086, 0.08672015965875202, 0.0, 0.0006680261988891285, 0.0, 0.013965082394570087, 0.0, 0.0, 0.006354599211075889, 0.0, 0.0032636460800412924, 0.006329583836286412, 0.0, 0.0, 0.008346662424331096, 0.0, 0.0, 0.009726000790877397, 0.0, 0.003637221805617185, 0.0, 0.08312839595037334, 0.09760094672112136]","[0.0, 0.12058671563863754, 0.0, 0.0, 0.0, 0.0, 0.1080855131149292, 0.0, 0.0, 0.0, 0.0, 0.0, 0.07495658099651337, 0.06108969449996948, 0.0, 0.12058671563863754, 0.0, 0.11783565580844879, 0.0, 0.0, 0.12058671563863754, 0.0771065428853035, 0.0, 0.0, 0.0, 0.0, 0.12058671563863754, 0.0, 0.0785791277885437, 0.0]",-0.0034978189662472205
2,1.002057294991227,"[0.9920347882428157, 0.9952156598884152, 1.011773066595497, 0.9760143781129004, 0.9977986266589247, 0.9812315694078788, 1.011496973946109, 0.9930822216766114, 0.9913827182694194, 1.0021331097485882, 0.9881574618977749, 1.0125881551697757, 0.988001972653278, 1.0031091120833928, 1.0245305020687216, 1.0086791156755683, 1.0119538597298787, 0.9814611108348235, 1.009643186498004, 1.0212233756389575, 1.002595314707702, 1.0008533330316625, 1.0011057712714622, 1.0220670244690606, 1.0277351016666445, 1.0149678178124304, 0.9885326524733774, 0.9953056751221693, 0.983379675650348, 0.9967022090665159]","[1.0037417311321908, 0.9990537027128908, 0.997999807703768, 0.9953892178957343, 1.0109718411727, 0.9871078924797001, 1.0073452734264, 1.0042500219872643, 0.9990909510403536, 1.0095162476886466, 1.0052096224746698, 0.9823229974479764, 0.9880111584843831, 1.0115617765576763, 1.02834215666867, 1.005600658462325, 0.9892761683359705, 0.9991630078734384, 0.9953383671985216, 0.9930432704684069, 0.9976547893789167, 1.0187488727000007, 1.0027436386261246, 1.0049466708354622, 1.0124805151436338, 1.026318597554664, 0.9961234756297483, 1.017826602356669, 1.005626477402381, 1.0240022699453348]","[0.0037417311321907842, -0.0009462972871091546, -0.0020001922962320506, -0.004610782104265687, 0.010971841172700003, -0.0128921075202999, 0.007345273426399901, 0.004250021987264319, -0.0009090489596463858, 0.009516247688646562, 0.005209622474669828, -0.017677002552023646, -0.011988841515616855, 0.011561776557676318, 0.028342156668669904, 0.005600658462324937, -0.01072383166402946, -0.0008369921265616309, -0.004661632801478355, -0.006956729531593098, -0.0023452106210832824, 0.018748872700000696, 0.0027436386261245893, 0.004946670835462186, 0.012480515143633797, 0.026318597554664036, -0.003876524370251655, 0.017826602356669108, 0.0056264774023810915, 0.02400226994533483]","[0.0, 0.11616994440555573, 0.0, 0.0, 0.0, 0.0, 0.0, 0.08525928854942322, 0.11616994440555573, 0.11616994440555573, 0.0, 0.06905997544527054, 0.0, 0.0, 0.11616994440555573, 0.10401740670204163, 0.0, 0.0, 0.0, 0.0, 0.0, 0.0, 0.11616994440555573, 0.0, 0.0, 0.0, 0.09027698636054993, 0.0, 0.0, 0.0705365389585495]","[0.0, 0.1, 0.1, 0.1, 0.1, 0.1, 0.1, 0.1, 0.1, 0.0, 0.0, 0.0, 0.0, 0.0, 0.0, 0.0, 0.0, 0.0, 0.0, 0.0, 0.0, 0.0, 0.0, 0.0, 0.0, 0.0, 0.0, 0.0, 0.1, 0.1]","[0.003310780337168637, 0.07558009519424341, 0.08334075888754802, 0.08157883981278104, 0.07942953788317438, 0.0850014596474752, 0.09035390982370557, 0.08575831726072657, 0.10035771302529833, 0.0, 0.013778786971998077, 0.008507536126701782, 0.005860887950178519, 0.0026520534990875397, 0.0016911272024793126, 0.0014836008794274706, 0.010413104154278069, 0.004654002720500904, 0.019485847605029635, 0.020367446857201408, 0.005157082423495566, 0.004992644617645242, 0.004973186440960257, 0.009019117720676125, 0.008977402916550609, 0.0, 0.0026655434342279737, 0.0, 0.10939460295240046, 0.08121461365503994]","[0.0, 0.11616995185613632, 0.0, 0.0, 0.0, 0.0, 0.0, 0.08525929600000381, 0.11616995185613632, 0.11616995185613632, 0.0, 0.06905998289585114, 0.0, 0.0, 0.11616995185613632, 0.10401741415262222, 0.0, 0.0, 0.0, 0.0, 0.0, 0.0, 0.11616995185613632, 0.0, 0.0, 0.0, 0.09027699381113052, 0.0, 0.0, 0.0705365464091301]",0.005552970784754383
3,1.0051656174296957,"[1.0037417311321908, 0.9990537027128908, 0.997999807703768, 0.9953892178957343, 1.0109718411727, 0.9871078924797001, 1.0073452734264, 1.0042500219872643, 0.9990909510403536, 1.0095162476886466, 1.0052096224746698, 0.9823229974479764, 0.9880111584843831, 1.0115617765576763, 1.02834215666867, 1.005600658462325, 0.9892761683359705, 0.9991630078734384, 0.9953383671985216, 0.9930432704684069, 0.9976547893789167, 1.0187488727000007, 1.0027436386261246, 1.0049466708354622, 1.0124805151436338, 1.026318597554664, 0.9961234756297483, 1.017826602356669, 1.005626477402381, 1.0240022699453348]","[0.9861188649300779, 1.0137397225312434, 0.9996979204941291, 0.9967886576387259, 1.00533877566651, 0.9987928054213702, 1.008309098279055, 1.0132681016947378, 0.9949372594950733, 0.9990741405656647, 1.0036701985310625, 0.9996028076045889, 1.0209540527136636, 1.0142588059001503, 0.9729369054140498, 0.9811127886243248, 1.0012503653900229, 0.9848369111719804, 1.020915524282001, 0.9954235465943282, 0.9819174083824882, 0.9857960190001274, 0.9924552793457366, 1.0052740724170106, 1.004708053255321, 0.9998997173321891, 0.9843742803133073, 1.002713209485796, 1.0217657188004907, 1.0104689474006248]","[-0.013881135069922057, 0.013739722531243448, -0.00030207950587091137, -0.003211342361274072, 0.005338775666509976, -0.0012071945786298333, 0.008309098279055016, 0.0132681016947378, -0.0050627405049267216, -0.0009258594343353188, 0.0036701985310625407, -0.00039719239541113893, 0.020954052713663573, 0.014258805900150273, -0.027063094585950243, -0.018887211375675172, 0.0012503653900228784, -0.015163088828019644, 0.02091552428200094, -0.00457645340567181, -0.0180825916175118, -0.014203980999872634, -0.0075447206542633705, 0.005274072417010611, 0.004708053255320976, -0.00010028266781092476, -0.015625719686692685, 0.0027132094857960087, 0.02176571880049072, 0.010468947400624762]","[0.0, 0.0, 0.0, 0.06986463069915771, 0.0, 0.109823077917099, 0.109823077917099, 0.0, 0.06948202848434448, 0.0, 0.0, 0.0, 0.0, 0.0, 0.0, 0.0, 0.0, 0.0, 0.109823077917099, 0.0, 0.10287747532129288, 0.0, 0.109823077917099, 0.0, 0.0, 0.109823077917099, 0.0, 0.0, 0.09883737564086914, 0.109823077917099]","[0.0, 0.0, 0.0, 0.0, 1.1099843575635458e-22, 0.0, 0.0, 0.0, 0.0, 0.0, 0.0, 2.2216651304284473e-22, 2.0315078831945878e-26, 0.0, 1.0, 1.1105297300792457e-22, 9.644471062490597e-26, 0.0, 6.834600903387841e-26, 0.0, 3.692164242976209e-26, 0.0, 1.4844963240747834e-26, 0.0, 0.0, 8.324897067190683e-23, 0.0, 0.0, 0.0, 0.0]","[0.0028469395291334893, 0.003828064014875537, 0.010109524381692643, 0.0, 0.0, 0.0, 0.0, 0.0018853588886007535, 0.0064853478528346525, 0.0004988975307833904, 0.015087192580983637, 0.0, 0.0, 0.0, 0.8919147272324118, 0.003471960864110869, 0.0, 0.0, 0.010562671388831123, 0.0, 0.01103106155155951, 0.011717053666792184, 0.0, 0.012102256193452527, 0.010778912647007843, 0.0028200264808899843, 0.0025484027951481712, 0.0, 0.0, 0.002311602400891732]","[0.0, 0.0, 0.0, 0.06986463069915771, 0.0, 0.109823077917099, 0.109823077917099, 0.0, 0.06948202848434448, 0.0, 0.0, 0.0, 0.0, 0.0, 0.0, 0.0, 0.0, 0.0, 0.109823077917099, 0.0, 0.10287747532129288, 0.0, 0.109823077917099, 0.0, 0.0, 0.109823077917099, 0.0, 0.0, 0.09883737564086914, 0.109823077917099]",0.002766415314753511
4,1.0116583717594376,"[0.9861188649300779, 1.0137397225312434, 0.9996979204941291, 0.9967886576387259, 1.00533877566651, 0.9987928054213702, 1.008309098279055, 1.0132681016947378, 0.9949372594950733, 0.9990741405656647, 1.0036701985310625, 0.9996028076045889, 1.0209540527136636, 1.0142588059001503, 0.9729369054140498, 0.9811127886243248, 1.0012503653900229, 0.9848369111719804, 1.020915524282001, 0.9954235465943282, 0.9819174083824882, 0.9857960190001274, 0.9924552793457366, 1.0052740724170106, 1.004708053255321, 0.9998997173321891, 0.9843742803133073, 1.002713209485796, 1.0217657188004907, 1.0104689474006248]","[1.0108055556408742, 1.0018866147963112, 1.0083819803365293, 0.9956643316656342, 0.9982535365068794, 0.9863391048633362, 1.0282546726500383, 0.9925907811951225, 1.002356293234257, 0.994373672768937, 1.0209481444625175, 0.9868546714548159, 0.9985824475366395, 1.0094195776169976, 0.9966219348976898, 1.0156237160217663, 0.9922063056910648, 0.9879973475946108, 1.0136525086629775, 0.9943720405369557, 1.0104956700071266, 0.9936812590587255, 1.0134460488959307, 1.0011774077293103, 0.9947302748885117, 1.0124924175288186, 1.0077448024026223, 1.0191098379146022, 0.9851939812950838, 0.9948164796063287]","[0.010805555640874154, 0.0018866147963112478, 0.00838198033652926, -0.0043356683343658275, -0.0017464634931205758, -0.013660895136663798, 0.028254672650038337, -0.007409218804877549, 0.002356293234256901, -0.005626327231063044, 0.02094814446251747, -0.013145328545184132, -0.0014175524633605052, 0.009419577616997632, -0.0033780651023102015, 0.015623716021766265, -0.007793694308935173, -0.012002652405389225, 0.013652508662977514, -0.005627959463044285, 0.01049567000712659, -0.006318740941274492, 0.013446048895930707, 0.001177407729310298, -0.005269725111488266, 0.012492417528818578, 0.0077448024026223194, 0.01910983791460219, -0.014806018704916157, -0.005183520393671315]","[0.0, 0.0, 0.11051669716835022, 0.0, 0.0, 0.0, 0.0, 0.0, 0.0, 0.0, 0.05715048685669899, 0.0, 0.11051669716835022, 0.0, 0.0, 0.11051669716835022, 0.0, 0.0, 0.0, 0.0, 0.11051669716835022, 0.0, 0.0, 0.09948930144309998, 0.06974326819181442, 0.11051669716835022, 0.0, 0.11051669716835022, 0.11051669716835022, 0.0]","[0.0, 0.0, 0.0, 3.3883436138365354e-22, 0.0, 3.3798119928589744e-22, 0.0, 0.0, 0.0, 3.3597858366754965e-22, 3.382166923606029e-22, 0.0, 3.3928906297262744e-22, 0.0, 0.0, 0.0, 0.0, 5.590732425516858e-22, 3.3655713238805706e-22, 0.0, 0.0, 0.0, 0.0, 0.0, 1.0, 0.0, 0.0, 3.3762166394751796e-22, 3.407086438526929e-22, 0.0]","[0.010397449350491483, 0.0, 0.0, 0.0, 0.0, 0.009554240549312634, 0.011303120847907305, 0.007539429653839259, 0.005761783857094749, 0.017854071496292714, 0.005184964466143452, 0.0, 0.010407758478369729, 0.003358068646930749, 0.0, 0.0, 0.018014195540171453, 0.0, 0.0, 0.00460417150368774, 0.0, 0.0, 0.0001286858541782008, 0.012926516216098726, 0.8592368748052043, 0.0, 0.0, 0.013117923615943248, 0.010610745118334168, 0.0]","[0.0, 0.0, 0.11051671206951141, 0.0, 0.0, 0.0, 0.0, 0.0, 0.0, 0.0, 0.05715049430727959, 0.0, 0.11051671206951141, 0.0, 0.0, 0.11051671206951141, 0.0, 0.0, 0.0, 0.0, 0.11051671206951141, 0.0, 0.0, 0.09948931634426117, 0.06974327564239502, 0.11051671206951141, 0.0, 0.11051671206951141, 0.11051671206951141, 0.0]",0.006275176502737465
5,1.0103830352310617,"[1.0108055556408742, 1.0018866147963112, 1.0083819803365293, 0.9956643316656342, 0.9982535365068794, 0.9863391048633362, 1.0282546726500383, 0.9925907811951225, 1.002356293234257, 0.994373672768937, 1.0209481444625175, 0.9868546714548159, 0.9985824475366395, 1.0094195776169976, 0.9966219348976898, 1.0156237160217663, 0.9922063056910648, 0.9879973475946108, 1.0136525086629775, 0.9943720405369557, 1.0104956700071266, 0.9936812590587255, 1.0134460488959307, 1.0011774077293103, 0.9947302748885117, 1.0124924175288186, 1.0077448024026223, 1.0191098379146022, 0.9851939812950838, 0.9948164796063287]","[0.9742101267820279, 0.9973796601204394, 1.0092261895387007, 0.9928163782883115, 1.0079517714699495, 1.0123989351913698, 0.9971798382709199, 0.9987939967652405, 0.9874908652939316, 0.9834097331098597, 1.0089766629270593, 0.9847291728610029, 1.001414780520095, 0.9962810810170349, 1.0211293526248022, 0.9837350707929957, 1.0100098442445655, 0.999490720707457, 1.0087867051402175, 1.005676123847985, 1.0103848924268135, 1.024626743357446, 1.0396979857472997, 0.9845353721731975, 0.9963269654930526, 1.0001644670850698, 1.0258869562359985, 1.0055989903497815, 0.994919802000093, 0.9923568509965461]","[-0.025789873217972104, -0.0026203398795605626, 0.009226189538700691, -0.007183621711688515, 0.00795177146994952, 0.012398935191369809, -0.002820161729080062, -0.0012060032347595007, -0.012509134706068403, -0.016590266890140315, 0.008976662927059342, -0.015270827138997078, 0.001414780520095027, -0.003718918982965058, 0.0211293526248022, -0.016264929207004286, 0.010009844244565524, -0.0005092792925429634, 0.00878670514021751, 0.005676123847984993, 0.010384892426813508, 0.02462674335744608, 0.03969798574729966, -0.015464627826802468, -0.003673034506947448, 0.00016446708506978602, 0.02588695623599846, 0.0055989903497815074, -0.005080197999906999, -0.007643149003453864]","[0.0, 0.0, 0.1164492592215538, 0.08914590626955032, 0.10935607552528381, 0.0, 0.1164492592215538, 0.0, 0.0, 0.1164492592215538, 0.0, 0.0, 0.1164492592215538, 0.05470593646168709, 0.0, 0.0, 0.0, 0.0, 0.0, 0.0, 0.0, 0.0, 0.0, 0.1164492592215538, 0.09214900434017181, 0.0, 0.07239674031734467, 0.0, 0.0, 0.0]","[0.0, 0.0, 7.982092150966717e-25, 0.0, -1.0906200242791867e-22, 0.0, 1.0, -1.0884107739854281e-22, 0.0, -1.0894589154126761e-22, 1.3617267025820945e-25, 0.0, 0.0, 1.679931450649258e-22, 0.0, 0.0, -1.0947010507569331e-22, 0.0, 0.0, 0.0, 0.0, 0.0, 0.0, 0.0, -1.0854134776859266e-22, 3.63531974551362e-23, 0.0, 0.0, 0.0, 0.0]","[0.014837624116188209, 0.0, 0.008364688773105146, 0.004461644584080401, 0.0, 0.011924715964852027, 0.8915137146111691, 0.0, 0.010676289409754697, 0.0, 0.0, 0.0, 0.0, 0.0025779245008357974, 0.0, 0.0, 0.0, 0.009332579960231499, 0.007486521450266478, 0.0, 0.01351366534162927, 0.0, 0.0, 0.0, 0.0, 0.00785817564681668, 0.0, 0.0, 0.0, 0.017452455641070733]","[0.0, 0.0, 0.1164492592215538, 0.08914590626955032, 0.10935607552528381, 0.0, 0.1164492592215538, 0.0, 0.0, 0.1164492592215538, 0.0, 0.0, 0.1164492592215538, 0.05470593646168709, 0.0, 0.0, 0.0, 0.0, 0.0, 0.0, 0.0, 0.0, 0.0, 0.1164492592215538, 0.09214900434017181, 0.0, 0.07239674031734467, 0.0, 0.0, 0.0]",-0.0012991662496170688
6,1.02219159883481,"[0.9742101267820279, 0.9973796601204394, 1.0092261895387007, 0.9928163782883115, 1.0079517714699495, 1.0123989351913698, 0.9971798382709199, 0.9987939967652405, 0.9874908652939316, 0.9834097331098597, 1.0089766629270593, 0.9847291728610029, 1.001414780520095, 0.9962810810170349, 1.0211293526248022, 0.9837350707929957, 1.0100098442445655, 0.999490720707457, 1.0087867051402175, 1.005676123847985, 1.0103848924268135, 1.024626743357446, 1.0396979857472997, 0.9845353721731975, 0.9963269654930526, 1.0001644670850698, 1.0258869562359985, 1.0055989903497815, 0.994919802000093, 0.9923568509965461]","[1.0252445230584821, 0.9804656630667125, 0.9956864707437325, 1.005937692647016, 1.0008518053524005, 0.9908724578841877, 1.01543411196817, 0.9907267914695268, 1.0075829579677547, 1.011865847058759, 1.0277013549730625, 1.0124706940568042, 1.0036545993616932, 1.0151391899686704, 1.0157650013781188, 1.011467266988321, 1.0090758419878603, 1.0053830494946072, 1.0005269069395335, 1.0062687396054255, 0.9857894399363997, 0.9808343393430031, 1.0049782186003096, 1.0167489909997105, 1.0247593044324523, 1.0202037810086306, 1.0176188085966575, 1.0105131164617926, 1.0168839090942219, 1.0146505413547782]","[0.025244523058482127, -0.019534336933287544, -0.00431352925626749, 0.005937692647016046, 0.0008518053524004809, -0.009127542115812348, 0.015434111968170017, -0.009273208530473198, 0.0075829579677546555, 0.011865847058758927, 0.027701354973062475, 0.012470694056804232, 0.0036545993616932115, 0.015139189968670363, 0.01576500137811876, 0.011467266988320901, 0.009075841987860267, 0.005383049494607217, 0.0005269069395335002, 0.006268739605425511, -0.01421056006360033, -0.019165660656996875, 0.0049782186003095585, 0.0167489909997105, 0.024759304432452334, 0.020203781008630628, 0.017618808596657543, 0.010513116461792649, 0.016883909094221883, 0.014650541354778168]","[0.10000000894069672, 0.0, 0.0, 0.0, 0.0, 0.10000000894069672, 0.0, 0.10000000894069672, 0.0, 0.0, 0.0, 0.0, 0.0, 0.0, 0.0, 0.0, 0.0, 0.0, 0.0, 0.10000000894069672, 0.0, 0.0, 0.0, 0.10000000894069672, 0.10000000894069672, 0.10000000894069672, 0.0, 0.10000000894069672, 0.10000000894069672, 0.10000000894069672]","[0.0, -3.282317205170189e-22, -3.2889944626199457e-22, 0.0, 0.0, 1.179785686192177e-22, 0.0, 0.0, 0.0, 0.0, 0.0, 0.0, -1.0372633216660432e-22, 0.0, 0.0, 0.0, -3.275282131414736e-22, 0.0, -2.436829743862212e-22, -2.181110591861594e-22, 0.0, 0.0, 0.0, 0.0, -2.206134438259441e-22, 1.0, -3.2767071628182924e-22, 0.0, 0.0, 0.0]","[0.0, 0.0, 0.00396415912222033, 0.010546095870192606, 0.0, 0.0, 0.0, 0.004998279834515841, 0.0, 0.014233527948491512, 0.0, 0.016994608928354447, 0.004571248753445878, 0.0018073843252795565, 0.0, 0.014950782538202426, 0.0031475125115933414, 0.005301641603741903, 0.004591010197959473, 0.004836537581650368, 0.0011045003812212872, 0.0128719406926156, 0.0, 0.0, 0.0, 0.8762187655331242, 0.01856086876444347, 0.0, 0.0, 0.001301135412947885]","[0.09999999403953552, 0.0, 0.0, 0.0, 0.0, 0.09999999403953552, 0.0, 0.09999999403953552, 0.0, 0.0, 0.0, 0.0, 0.0, 0.0, 0.0, 0.0, 0.0, 0.0, 0.0, 0.09999999403953552, 0.0, 0.0, 0.0, 0.09999999403953552, 0.09999999403953552, 0.09999999403953552, 0.0, 0.09999999403953552, 0.09999999403953552, 0.09999999403953552]",0.011226467969705825
7,1.0275124036483327,"[1.0252445230584821, 0.9804656630667125, 0.9956864707437325, 1.005937692647016, 1.0008518053524005, 0.9908724578841877, 1.01543411196817, 0.9907267914695268, 1.0075829579677547, 1.011865847058759, 1.0277013549730625, 1.0124706940568042, 1.0036545993616932, 1.0151391899686704, 1.0157650013781188, 1.011467266988321, 1.0090758419878603, 1.0053830494946072, 1.0005269069395335, 1.0062687396054255, 0.9857894399363997, 0.9808343393430031, 1.0049782186003096, 1.0167489909997105, 1.0247593044324523, 1.0202037810086306, 1.0176188085966575, 1.0105131164617926, 1.0168839090942219, 1.0146505413547782]","[1.0113187182220975, 0.9951125273528468, 1.0159790993880509, 1.0133688249640993, 0.9964764994279135, 0.9912461486443943, 0.9965655044214545, 1.0045138178507271, 1.0105772881949322, 0.9850146755080837, 1.0066104344255804, 1.0199456785963559, 0.9965223539029742, 1.0006784745842043, 1.0032830356814972, 1.0034023414134638, 0.9970077288613791, 1.0089112662123714, 0.9790489062788897, 1.0110783044448473, 0.9930800105164458, 1.0324163477743, 0.9903739651887465, 1.0129530726256954, 0.9868821518142168, 0.9839231654406073, 0.9952303739774956, 1.0142304876783912, 0.9818636706759163, 0.998486776468352]","[0.011318718222097512, -0.004887472647153168, 0.015979099388050866, 0.013368824964099302, -0.003523500572086502, -0.00875385135560569, -0.003434495578545471, 0.004513817850727131, 0.0105772881949322, -0.014985324491916252, 0.006610434425580403, 0.019945678596355876, -0.0034776460970258327, 0.000678474584204336, 0.0032830356814972372, 0.0034023414134638497, -0.0029922711386208833, 0.008911266212371372, -0.02095109372111026, 0.011078304444847253, -0.006919989483554212, 0.032416347774300025, -0.009626034811253459, 0.01295307262569545, -0.01311784818578321, -0.016076834559392683, -0.004769626022504414, 0.01423048767839119, -0.01813632932408371, -0.0015132235316479559]","[0.0, 0.0, 0.10106414556503296, 0.11276773363351822, 0.0, 0.0, 0.0, 0.0, 0.0, 0.0, 0.11276773363351822, 0.0, 0.09306596964597702, 0.11276773363351822, 0.0, 0.0, 0.0, 0.05061415955424309, 0.0, 0.0, 0.0, 0.0, 0.0, 0.11276773363351822, 0.0, 0.11276773363351822, 0.0, 0.11276773363351822, 0.0, 0.0786493718624115]","[0.0, 0.0, 0.0, 5.567529661005818e-22, 4.457100139126176e-22, 0.0, 0.0, 0.0, 5.561186376571712e-22, 4.444723755820131e-22, 5.011573568276834e-22, 5.5656836194058955e-22, 4.470250788455434e-22, 0.0, 0.0, 0.0, 0.0, 0.0, 5.577571237899538e-22, 0.0, 0.0, 4.455929641643928e-22, 0.0, 0.0, 0.0, 1.0, 0.0, 0.0, 0.0, 0.0]","[0.0, 0.009827249794108664, 0.0, 0.0, 0.0, 0.002243429319693833, 0.0, 0.0031065914204460253, 0.011112933019812957, 0.0, 0.0, 0.0, 0.0, 0.0, 0.0, 0.0, 0.005356416145770813, 0.0, 0.0, 0.007120889098053428, 0.01196490350284536, 0.004066087690600078, 0.0, 0.007289566139942264, 0.00458677462721659, 0.9272770634319923, 0.0, 0.006048095809517632, 0.0, 0.0]","[0.0, 0.0, 0.10106413066387177, 0.11276771873235703, 0.0, 0.0, 0.0, 0.0, 0.0, 0.0, 0.11276771873235703, 0.0, 0.09306596219539642, 0.11276771873235703, 0.0, 0.0, 0.0, 0.05061415210366249, 0.0, 0.0, 0.0, 0.0, 0.0, 0.11276771873235703, 0.0, 0.11276771873235703, 0.0, 0.11276771873235703, 0.0, 0.0786493644118309]",0.004725607992397685
8,1.0196756993785063,"[1.0113187182220975, 0.9951125273528468, 1.0159790993880509, 1.0133688249640993, 0.9964764994279135, 0.9912461486443943, 0.9965655044214545, 1.0045138178507271, 1.0105772881949322, 0.9850146755080837, 1.0066104344255804, 1.0199456785963559, 0.9965223539029742, 1.0006784745842043, 1.0032830356814972, 1.0034023414134638, 0.9970077288613791, 1.0089112662123714, 0.9790489062788897, 1.0110783044448473, 0.9930800105164458, 1.0324163477743, 0.9903739651887465, 1.0129530726256954, 0.9868821518142168, 0.9839231654406073, 0.9952303739774956, 1.0142304876783912, 0.9818636706759163, 0.998486776468352]","[1.0140606476195668, 0.9943415420466208, 0.998718965684699, 1.0005065389392234, 0.9486576079611891, 0.9949527430261969, 1.0046112943127685, 1.012521721829359, 1.0057692916374212, 0.9941211232630259, 0.9649177085270242, 0.9880648125447095, 0.9910205289949688, 1.0124340314182936, 1.0052832772483018, 0.9867985432890322, 0.9886793584909992, 1.0049061380284814, 1.00034069274407, 1.0060066671442944, 1.0203019014055175, 1.0031745005674957, 0.9926559784635125, 0.9994819857445297, 0.9970179212846003, 0.989578919516106, 1.0148488208913784, 0.988505214685358, 1.0113224757341257, 0.9935912250481458]","[0.014060647619566824, -0.005658457953379159, -0.0012810343153010217, 0.0005065389392233666, -0.05134239203881086, -0.005047256973803149, 0.004611294312768521, 0.012521721829358956, 0.005769291637421237, -0.00587887673697407, -0.03508229147297581, -0.011935187455290541, -0.008979471005031159, 0.012434031418293578, 0.005283277248301799, -0.01320145671096784, -0.011320641509000806, 0.004906138028481388, 0.0003406927440698926, 0.006006667144294431, 0.020301901405517464, 0.003174500567495686, -0.0073440215364874994, -0.0005180142554702671, -0.002982078715399683, -0.010421080483894007, 0.0148488208913784, -0.011494785314641986, 0.011322475734125703, -0.0064087749518542125]","[0.0, 0.08481816202402115, 0.10565032064914703, 0.10565032064914703, 0.0, 0.0, 0.0, 0.0, 0.0, 0.10565032064914703, 0.10565032064914703, 0.0, 0.0, 0.0, 0.10565032064914703, 0.0, 0.0982966497540474, 0.0, 0.0, 0.0, 0.0, 0.0, 0.0, 0.09440477192401886, 0.0, 0.09181130677461624, 0.0, 0.10241750627756119, 0.0, 0.0]","[0.0, -3.306968885574325e-22, 0.0, -1.1056841457751347e-22, 0.0, -3.3034772290042275e-22, 0.0, 0.0, -3.3207203367616033e-22, 0.0, 0.0, -5.511449203833697e-22, 0.0, 0.0, -3.581113029559511e-22, 0.0, 0.0, 0.0, 0.0, 0.0, 0.0, 0.0, -4.971526905478999e-22, 0.0, 0.0, -4.834629580721537e-22, 0.0, 1.0, -5.5217550857387425e-22, 0.0]","[0.0013826582417149197, 0.0004432536801626702, 0.0, 0.0, 0.008938643393606433, 0.0, 0.015522706392680887, 0.0, 0.004187615933884526, 0.0, 0.0, 0.012501989200370954, 0.01532822930396938, 0.0015878685610448118, 0.0, 0.006580899632393312, 0.0, 0.004554336495185495, 0.010646849002849656, 0.005098648675303326, 0.0, 0.0, 0.0, 0.0011212410186917903, 0.0, 0.014057916239830161, 0.0, 0.8980471442283117, 0.0, 0.0]","[0.0, 0.08481816202402115, 0.10565032064914703, 0.10565032064914703, 0.0, 0.0, 0.0, 0.0, 0.0, 0.10565032064914703, 0.10565032064914703, 0.0, 0.0, 0.0, 0.10565032064914703, 0.0, 0.0982966497540474, 0.0, 0.0, 0.0, 0.0, 0.0, 0.0, 0.09440477192401886, 0.0, 0.09181130677461624, 0.0, 0.10241750627756119, 0.0, 0.0]",-0.007983454892630972
9,1.023196117917631,"[1.0140606476195668, 0.9943415420466208, 0.998718965684699, 1.0005065389392234, 0.9486576079611891, 0.9949527430261969, 1.0046112943127685, 1.012521721829359, 1.0057692916374212, 0.9941211232630259, 0.9649177085270242, 0.9880648125447095, 0.9910205289949688, 1.0124340314182936, 1.0052832772483018, 0.9867985432890322, 0.9886793584909992, 1.0049061380284814, 1.00034069274407, 1.0060066671442944, 1.0203019014055175, 1.0031745005674957, 0.9926559784635125, 0.9994819857445297, 0.9970179212846003, 0.989578919516106, 1.0148488208913784, 0.988505214685358, 1.0113224757341257, 0.9935912250481458]","[1.0065193169735658, 0.9899979711625904, 0.9935768022747304, 0.9860790134316545, 0.9999487014827838, 1.0111761161874162, 0.9785641984980584, 0.9990064861530696, 0.9918566834901368, 1.0148765783097764, 1.0194296146835276, 0.9983774746286151, 0.9942637321838729, 1.025314689894349, 1.0125681091757373, 1.0012006409510845, 1.0208098789864115, 0.9882299749293999, 0.9961072876614054, 0.9765518357975629, 0.9947374943732147, 0.975990201649882, 0.9907821279596333, 1.0034529032572208, 1.0007738690118129, 0.9962857835698374, 1.004117136646475, 0.9868316990440384, 1.0020593924363947, 0.9959636758629528]","[0.006519316973565781, -0.010002028837409638, -0.006423197725269558, -0.013920986568345506, -5.129851721619172e-05, 0.011176116187416207, -0.021435801501941576, -0.0009935138469303606, -0.008143316509863219, 0.0148765783097764, 0.019429614683527552, -0.001622525371384853, -0.0057362678161271274, 0.02531468989434904, 0.012568109175737252, 0.0012006409510845195, 0.020809878986411512, -0.011770025070600099, -0.0038927123385945617, -0.023448164202437116, -0.005262505626785319, -0.02400979835011796, -0.009217872040366726, 0.0034529032572208074, 0.0007738690118128666, -0.0037142164301625646, 0.00411713664647495, -0.013168300955961554, 0.002059392436394747, -0.0040363241370472425]","[0.10041261464357376, 0.10041261464357376, 0.0, 0.0, 0.10041261464357376, 0.10041261464357376, 0.0, 0.09628653526306152, 0.0, 0.0, 0.0, 0.10041261464357376, 0.0, 0.0, 0.10041261464357376, 0.10041261464357376, 0.10041261464357376, 0.0, 0.0, 0.0, 0.10041261464357376, 0.0, 0.0, 0.0, 0.0, 0.0, 0.0, 0.0, 0.0, 0.0]","[3.3437527491637235e-22, 4.468258342807226e-22, 0.0, 4.479651062262926e-22, 0.0, 0.0, 1.0, 0.0, 0.0, 0.0, 0.0, 0.0, 4.469576564046589e-22, 4.599125434260804e-22, 3.0265270068773343e-22, 4.449017846386883e-22, 0.0, 0.0, 0.0, 0.0, 0.0, 0.0, 4.473291922988036e-22, 0.0, 2.7947695099880743e-22, 0.0, 0.0, 0.0, 0.0, 0.0]","[0.000328496968538784, 0.0, 0.012450443557512654, 0.029941980723747298, 0.009539375928750265, 0.0, 0.9050053707499071, 0.0, 0.00677776308574008, 0.0, 0.009403143837756787, 0.0, 0.0, 0.004058100896560642, 0.0, 0.0, 0.0, 0.0025351977663092334, 0.0, 0.0, 0.007819572123593828, 0.0, 0.005682550968824592, 0.0016838127699928577, 0.0038947490824192492, 0.0, 0.0, 0.0008794415403467143, 0.0, 0.0]","[0.10041261464357376, 0.10041261464357376, 0.0, 0.0, 0.10041261464357376, 0.10041261464357376, 0.0, 0.09628653526306152, 0.0, 0.0, 0.0, 0.10041261464357376, 0.0, 0.0, 0.10041261464357376, 0.10041261464357376, 0.10041261464357376, 0.0, 0.0, 0.0, 0.10041261464357376, 0.0, 0.0, 0.0, 0.0, 0.0, 0.0, 0.0, 0.0, 0.0]",0.003182830042730415
10,1.0202201997126343,"[1.0065193169735658, 0.9899979711625904, 0.9935768022747304, 0.9860790134316545, 0.9999487014827838, 1.0111761161874162, 0.9785641984980584, 0.9990064861530696, 0.9918566834901368, 1.0148765783097764, 1.0194296146835276, 0.9983774746286151, 0.9942637321838729, 1.025314689894349, 1.0125681091757373, 1.0012006409510845, 1.0208098789864115, 0.9882299749293999, 0.9961072876614054, 0.9765518357975629, 0.9947374943732147, 0.975990201649882, 0.9907821279596333, 1.0034529032572208, 1.0007738690118129, 0.9962857835698374, 1.004117136646475, 0.9868316990440384, 1.0020593924363947, 0.9959636758629528]","[0.9963338566661902, 1.0003055951065078, 1.0067825085812325, 0.9732496904615737, 1.0024646875316165, 1.0089121387046343, 1.0111208669580876, 1.0077400428649272, 1.0130593483627448, 0.9858714269310486, 1.0047587877762325, 0.9786604250472625, 1.0048275478545479, 0.9979413995502496, 0.9891734131599219, 0.9902546155641943, 1.008551245283789, 0.9738070525309153, 1.018147942676638, 1.0052962973295847, 0.9975386176374618, 0.9960258302012137, 1.0168853863729583, 1.0041863229925319, 0.9807707432423178, 1.0133622291302016, 1.0080103566231013, 0.9941199143847326, 1.0003088907270625, 0.9989748162699524]","[-0.003666143333809768, 0.00030559510650784993, 0.006782508581232527, -0.026750309538426276, 0.0024646875316165495, 0.008912138704634254, 0.01112086695808756, 0.0077400428649272435, 0.013059348362744805, -0.014128573068951433, 0.004758787776232509, -0.021339574952737528, 0.0048275478545478645, -0.0020586004497503696, -0.01082658684007809, -0.009745384435805748, 0.008551245283789033, -0.026192947469084737, 0.018147942676637996, 0.005296297329584698, -0.0024613823625382336, -0.003974169798786287, 0.016885386372958333, 0.004186322992531855, -0.019229256757682167, 0.013362229130201575, 0.008010356623101345, -0.0058800856152674275, 0.0003088907270625274, -0.001025183730047563]","[0.10213050246238708, 0.0, 0.0, 0.10213050246238708, 0.0, 0.0, 0.10213050246238708, 0.10213050246238708, 0.0, 0.0, 0.0, 0.0, 0.0, 0.0, 0.0, 0.0, 0.0, 0.10213050246238708, 0.0, 0.10213050246238708, 0.0, 0.0, 0.10213050246238708, 0.09840472042560577, 0.08455133438110352, 0.0, 0.0, 0.0, 0.0, 0.10213050246238708]","[0.0, 0.0, -2.1750568528138486e-22, 0.0, 0.0, 0.0, 0.0, 0.0, 0.0, 0.0, -5.348220717225335e-23, 0.0, 0.0, 1.0, 0.0, 2.5169716978947524e-24, 0.0, 3.352474330774675e-24, -1.085985733379496e-22, -2.166279478306633e-22, 0.0, -2.1484612503353403e-22, 0.0, -1.0876099563216294e-22, 0.0, 0.0, 0.0, -1.0674182329944728e-22, 0.0, 0.0]","[0.0, 0.0, 0.0, 0.008756043856256173, 0.0, 0.0, 0.0017180239487525914, 0.0, 0.0, 0.012718653050973848, 0.010403377023351444, 0.013021965582695003, 0.005738109806821903, 0.8996546194369768, 0.0, 0.0, 0.0, 0.003160674177057613, 0.0, 0.0, 0.0, 0.019046592212083453, 0.0, 0.005108034549209108, 0.00744453386516088, 0.0, 0.00026062302642284826, 0.0, 0.012968749464238438, 0.0]","[0.10213048756122589, 0.0, 0.0, 0.10213048756122589, 0.0, 0.0, 0.10213048756122589, 0.10213048756122589, 0.0, 0.0, 0.0, 0.0, 0.0, 0.0, 0.0, 0.0, 0.0, 0.10213048756122589, 0.0, 0.10213048756122589, 0.0, 0.0, 0.10213048756122589, 0.09840470552444458, 0.08455132693052292, 0.0, 0.0, 0.0, 0.0, 0.10213048756122589]",-0.0033810250464222347
11,1.018361373968539,"[0.9963338566661902, 1.0003055951065078, 1.0067825085812325, 0.9732496904615737, 1.0024646875316165, 1.0089121387046343, 1.0111208669580876, 1.0077400428649272, 1.0130593483627448, 0.9858714269310486, 1.0047587877762325, 0.9786604250472625, 1.0048275478545479, 0.9979413995502496, 0.9891734131599219, 0.9902546155641943, 1.008551245283789, 0.9738070525309153, 1.018147942676638, 1.0052962973295847, 0.9975386176374618, 0.9960258302012137, 1.0168853863729583, 1.0041863229925319, 0.9807707432423178, 1.0133622291302016, 1.0080103566231013, 0.9941199143847326, 1.0003088907270625, 0.9989748162699524]","[1.0130555031013473, 0.9912490734461256, 0.9988203649703964, 1.00207469283877, 1.0229319329018767, 1.0078057275967083, 0.9916677655312203, 0.9853524956692914, 0.9955561929244712, 1.020276534300372, 1.003713538901389, 0.9872986399026678, 1.0002266231851915, 0.9997121282252716, 1.0028747936514195, 0.9933865093448322, 1.016880109319026, 0.9781301130604809, 1.0103519180940361, 1.006626881408734, 1.0136602347307713, 0.996291042176651, 1.0017554585145931, 1.0108289401356259, 1.0122356748481898, 0.989332476824787, 1.0223372231717462, 0.9987859783266612, 0.9747963316797698, 1.0042781783475745]","[0.013055503101347288, -0.008750926553874439, -0.0011796350296036096, 0.0020746928387700425, 0.022931932901876673, 0.007805727596708278, -0.008332234468779731, -0.014647504330708605, -0.004443807075528827, 0.020276534300371907, 0.003713538901388924, -0.012701360097332248, 0.00022662318519151015, -0.00028787177472844316, 0.002874793651419516, -0.0066134906551678085, 0.01688010931902606, -0.02186988693951908, 0.010351918094036128, 0.00662688140873402, 0.01366023473077127, -0.003708957823349013, 0.0017554585145931334, 0.010828940135625853, 0.01223567484818977, -0.010667523175213023, 0.022337223171746245, -0.0012140216733388387, -0.025203668320230244, 0.0042781783475744906]","[0.0, 0.0, 0.10542234033346176, 0.0, 0.0, 0.0, 0.08470597118139267, 0.0, 0.11057838797569275, 0.11057838797569275, 0.11057838797569275, 0.07376621663570404, 0.11057838797569275, 0.11057838797569275, 0.07263518124818802, 0.0, 0.0, 0.11057838797569275, 0.0, 0.0, 0.0, 0.0, 0.0, 0.0, 0.0, 0.0, 0.0, 0.0, 0.0, 0.0]","[0.0, 0.0, 0.0, 1.133059921211848e-22, 0.0, 0.0, 1.1494459804680994e-22, 0.0, 3.1274461646598226e-24, 1.1108855825526964e-22, 5.776208821246621e-23, 0.0, 0.0, 1.0, 0.0, 0.0, 0.0, 0.0, 0.0, 5.296384621537241e-24, 0.0, 6.491977710517856e-24, 0.0, 0.0, 0.0, 1.1409308574686652e-22, 3.343041831567798e-24, 0.0, 0.0, 0.0]","[0.006736904051546832, 0.0, 0.005309448962987022, 0.002318332568460532, 0.0, 0.0, 0.0, 0.00988682058555998, 0.0, 0.0, 0.0, 0.006272746698054244, 0.0, 0.9127960153378297, 0.0, 0.0, 0.0, 0.0, 0.013025093292866908, 0.0037285013165969964, 0.006954879562422364, 0.0, 0.002541377636079409, 0.0003588653282139042, 0.0, 0.015262425315878965, 0.0, 0.0, 0.014808589343503174, 0.0]","[0.0, 0.0, 0.10542232543230057, 0.0, 0.0, 0.0, 0.08470596373081207, 0.0, 0.11057837307453156, 0.11057837307453156, 0.11057837307453156, 0.07376620918512344, 0.11057837307453156, 0.11057837307453156, 0.07263517379760742, 0.0, 0.0, 0.11057837307453156, 0.0, 0.0, 0.0, 0.0, 0.0, 0.0, 0.0, 0.0, 0.0, 0.0, 0.0, 0.0]",-0.0022119512997176684
12,1.0120456189046871,"[1.0130555031013473, 0.9912490734461256, 0.9988203649703964, 1.00207469283877, 1.0229319329018767, 1.0078057275967083, 0.9916677655312203, 0.9853524956692914, 0.9955561929244712, 1.020276534300372, 1.003713538901389, 0.9872986399026678, 1.0002266231851915, 0.9997121282252716, 1.0028747936514195, 0.9933865093448322, 1.016880109319026, 0.9781301130604809, 1.0103519180940361, 1.006626881408734, 1.0136602347307713, 0.996291042176651, 1.0017554585145931, 1.0108289401356259, 1.0122356748481898, 0.989332476824787, 1.0223372231717462, 0.9987859783266612, 0.9747963316797698, 1.0042781783475745]","[1.000242191852669, 0.9854440128493925, 1.0012039544452218, 0.9985977131341529, 1.0032714045489153, 0.9886623317366587, 1.006660038091116, 0.9920766742455224, 0.97437542838531, 0.9862652006615555, 1.0273208293955125, 1.0012100472635337, 1.0110097658318427, 1.0006555503943233, 1.0070040389611636, 0.9941715689791523, 1.0143308652886125, 0.9829064907317577, 1.0312052852026943, 0.9922438289379825, 1.0073154168804868, 1.0065645362088955, 0.997588669133567, 0.9909778224494659, 1.0034534793284895, 0.979676702796729, 0.9943872597751278, 0.9968910436619344, 0.9982149458816876, 0.9945336884569355]","[0.00024219185266893817, -0.014555987150607463, 0.001203954445221811, -0.001402286865847091, 0.00327140454891528, -0.01133766826334126, 0.006660038091115927, -0.007923325754477628, -0.025624571614690006, -0.013734799338444459, 0.027320829395512503, 0.0012100472635336867, 0.011009765831842655, 0.000655550394323301, 0.007004038961163639, -0.005828431020847735, 0.014330865288612493, -0.01709350926824227, 0.031205285202694277, -0.007756171062017536, 0.007315416880486758, 0.006564536208895522, -0.0024113308664329702, -0.009022177550534138, 0.003453479328489495, -0.020323297203270974, -0.005612740224872237, -0.003108956338065627, -0.0017850541183124236, -0.005466311543064539]","[0.0, 0.0, 0.1042453721165657, 0.1042453721165657, 0.0, 0.0, 0.0, 0.0, 0.1042453721165657, 0.1042453721165657, 0.0, 0.07827968150377274, 0.0, 0.0, 0.0, 0.09715460985898972, 0.0, 0.0, 0.0, 0.0, 0.0, 0.1042453721165657, 0.0, 0.0, 0.1042453721165657, 0.1042453721165657, 0.09484810382127762, 0.0, 0.0, 0.0]","[3.3443570923292803e-22, 0.0, 0.0, 0.0, 0.0, 0.0, 6.142341905350838e-22, 0.0, 0.0, 0.0, 0.0, 0.0, 0.0, 1.0, 0.0, 0.0, 0.0, 6.684607913984735e-22, 0.0, 2.2752943178625757e-22, 0.0, 2.2839716253331492e-22, 3.3863687188951686e-22, 0.0, 0.0, 3.9130333264599318e-22, 3.370396103796385e-22, 0.0, 0.0, 3.3536680921964262e-22]","[0.006607978720737718, 0.009811201285520217, 0.0, 0.0032527831477205853, 0.008883545910442155, 0.0, 0.0001524187382328442, 0.0, 0.015518882983148985, 0.0, 0.0, 0.0, 0.008562039584949489, 0.8740284999752257, 0.0, 0.006031529300657564, 0.014918816196293913, 0.0, 0.0, 0.0021641244709570038, 0.004439064609554268, 0.0025703774217102245, 0.0, 0.0, 0.0, 0.0, 0.012934106843194286, 0.0, 0.009830783966423819, 0.020293846845231396]","[0.0, 0.0, 0.1042453721165657, 0.1042453721165657, 0.0, 0.0, 0.0, 0.0, 0.1042453721165657, 0.1042453721165657, 0.0, 0.07827968150377274, 0.0, 0.0, 0.0, 0.09715460985898972, 0.0, 0.0, 0.0, 0.0, 0.0, 0.1042453721165657, 0.0, 0.0, 0.1042453721165657, 0.1042453721165657, 0.09484810382127762, 0.0, 0.0, 0.0]",-0.006652036878710845
13,1.0160871057580836,"[1.000242191852669, 0.9854440128493925, 1.0012039544452218, 0.9985977131341529, 1.0032714045489153, 0.9886623317366587, 1.006660038091116, 0.9920766742455224, 0.97437542838531, 0.9862652006615555, 1.0273208293955125, 1.0012100472635337, 1.0110097658318427, 1.0006555503943233, 1.0070040389611636, 0.9941715689791523, 1.0143308652886125, 0.9829064907317577, 1.0312052852026943, 0.9922438289379825, 1.0073154168804868, 1.0065645362088955, 0.997588669133567, 0.9909778224494659, 1.0034534793284895, 0.979676702796729, 0.9943872597751278, 0.9968910436619344, 0.9982149458816876, 0.9945336884569355]","[1.0111925479903805, 0.99874132674222, 1.0108482229546754, 0.9851487722909517, 1.0068383301232162, 0.9896177526920094, 1.0075283014110497, 1.0052006996239586, 1.017078294419839, 0.9940448313783222, 1.0080326599870295, 1.0073657841322001, 1.0051973640607814, 1.011826923106363, 1.0045542006025785, 0.9837752471277873, 0.9863291676450054, 1.013527036396129, 0.9787527823504092, 1.0037912051391022, 1.0140849700111805, 1.0041544980104218, 0.992497330082699, 1.0086943816934775, 1.007459768307641, 1.009637503863175, 1.0178216399845177, 0.999611901452021, 0.9988409340055114, 1.0125146438717918]","[0.011192547990380497, -0.001258673257779952, 0.010848222954675357, -0.014851227709048342, 0.006838330123216219, -0.010382247307990644, 0.007528301411049654, 0.005200699623958638, 0.017078294419839102, -0.0059551686216777755, 0.008032659987029511, 0.007365784132200126, 0.0051973640607814175, 0.011826923106363019, 0.004554200602578495, -0.0162247528722127, -0.013670832354994555, 0.013527036396129066, -0.02124721764959081, 0.0037912051391022494, 0.014084970011180475, 0.004154498010421781, -0.007502669917300975, 0.008694381693477471, 0.007459768307640946, 0.009637503863175079, 0.01782163998451769, -0.0003880985479790544, -0.0011590659944885617, 0.012514643871791797]","[0.0, 0.0, 0.0, 0.0, 0.0, 0.0, 0.0, 0.0955779105424881, 0.0, 0.10399335622787476, 0.0, 0.10399335622787476, 0.0, 0.0, 0.0, 0.0, 0.10399335622787476, 0.0, 0.0, 0.0, 0.10399335622787476, 0.0, 0.0, 0.09182769805192947, 0.0, 0.08464094996452332, 0.10399335622787476, 0.10399335622787476, 0.10399335622787476, 0.0]","[0.0, 0.0, 0.0, 0.0, 1.1459873529802508e-22, 0.0, 2.2480163634892264e-22, 0.0, 0.0, 0.0, 1.963928111798579e-22, 0.0, 0.0, 1.0, 0.0, 3.3480446024161757e-22, 0.0, 0.0, 0.0, 2.260185189017016e-22, 0.0, 0.0, 2.261176916659001e-22, 2.2389012580610373e-22, 2.23623471714914e-22, 0.0, 0.0, 0.0, 0.0, 2.2371413671902025e-22]","[0.0, 0.027662296346250333, 0.0032226773317626605, 0.0026437691386669558, 0.0, 0.005985387906196101, 0.0005876521669365832, 0.007990113974621384, 0.0, 0.004543962327714847, 0.0, 0.0117263050117255, 0.010619146531127983, 0.8661639408742063, 0.0, 0.0044755480557050475, 0.0002515114096384999, 0.0, 0.0, 0.0, 0.013267118145196224, 0.0, 0.008607760150206768, 0.003980732980539186, 0.009399904099009836, 0.0, 0.0036171832942805387, 0.0, 0.015254990256214964, 0.0]","[0.0, 0.0, 0.0, 0.0, 0.0, 0.0, 0.0, 0.0955779105424881, 0.0, 0.10399335622787476, 0.0, 0.10399335622787476, 0.0, 0.0, 0.0, 0.0, 0.10399335622787476, 0.0, 0.0, 0.0, 0.10399335622787476, 0.0, 0.0, 0.09182769805192947, 0.0, 0.08464094996452332, 0.10399335622787476, 0.10399335622787476, 0.10399335622787476, 0.0]",0.00369661058081534
14,1.0194972069842927,"[1.0111925479903805, 0.99874132674222, 1.0108482229546754, 0.9851487722909517, 1.0068383301232162, 0.9896177526920094, 1.0075283014110497, 1.0052006996239586, 1.017078294419839, 0.9940448313783222, 1.0080326599870295, 1.0073657841322001, 1.0051973640607814, 1.011826923106363, 1.0045542006025785, 0.9837752471277873, 0.9863291676450054, 1.013527036396129, 0.9787527823504092, 1.0037912051391022, 1.0140849700111805, 1.0041544980104218, 0.992497330082699, 1.0086943816934775, 1.007459768307641, 1.009637503863175, 1.0178216399845177, 0.999611901452021, 0.9988409340055114, 1.0125146438717918]","[1.012119144529545, 0.9700474782604973, 0.99549930654517, 0.9889656159818397, 1.0246199082295375, 0.9882015264283913, 0.9766560732487394, 0.9847685554120548, 0.9863476287131316, 0.9926351969329154, 0.9987411049135966, 1.0095719053809376, 1.008129216706758, 0.9847682459938147, 1.0157140140450558, 1.0107901372711188, 0.989351033351208, 0.9706028985897954, 0.9948203282910271, 0.9961267597795013, 0.9862248346085561, 0.9911014074959339, 1.0189115551242929, 1.0018362895975317, 1.0060033909509551, 0.9754305723639636, 0.9965321023255054, 1.0069940165093043, 1.0079227843497858, 1.0278527606749115]","[0.01211914452954499, -0.02995252173950269, -0.0045006934548299515, -0.01103438401816026, 0.024619908229537524, -0.01179847357160868, -0.023343926751260624, -0.015231444587945231, -0.013652371286868359, -0.0073648030670846465, -0.001258895086403422, 0.009571905380937551, 0.008129216706757925, -0.01523175400618526, 0.01571401404505579, 0.010790137271118772, -0.010648966648792002, -0.029397101410204574, -0.005179671708972933, -0.0038732402204987304, -0.013775165391443855, -0.008898592504066105, 0.018911555124292878, 0.0018362895975316817, 0.006003390950955145, -0.024569427636036423, -0.0034678976744946244, 0.006994016509304313, 0.007922784349785772, 0.027852760674911492]","[0.10601241886615753, 0.0, 0.0, 0.10601241886615753, 0.0, 0.0, 0.0, 0.0, 0.0, 0.0, 0.0, 0.10601241886615753, 0.10601241886615753, 0.0, 0.07494890689849854, 0.0, 0.0, 0.0, 0.0, 0.0, 0.10601241886615753, 0.0, 0.0, 0.0, 0.10575460642576218, 0.0, 0.10601241886615753, 0.07720964401960373, 0.10601241886615753, 0.0]","[0.0, 1.127323319285662e-22, 0.0, 0.0, -1.0798227268658372e-22, 0.0, 0.0, 0.0, 0.0, 0.0, 0.0, 0.0, 0.0, 1.0, -5.339820058867694e-23, 0.0, 0.0, 1.1236419088808275e-22, 0.0, -1.0772023331767446e-22, 0.0, 3.9412193527344964e-24, -1.0753777142656692e-22, 0.0, 0.0, 0.0, -5.31793479462029e-23, 2.4569797843954348e-24, 0.0, 0.0]","[0.001156052662353004, 0.015489564637514065, 0.008155986077913022, 0.0, 0.0, 0.0021468105034406805, 7.669620151335937e-05, 0.0, 0.013420374929671732, 0.0, 0.00020780113161728012, 0.0, 0.010053527402705523, 0.892130587910721, 0.0, 0.0034843008295720916, 0.0, 0.009473348735449706, 0.01500081869771415, 0.01354830408784006, 0.0037398446225118138, 0.0017318840299384978, 0.0, 0.004287501088152037, 0.00024446776268774353, 0.0, 0.0056521286886843086, 0.0, 0.0, 0.0]","[0.10601240396499634, 0.0, 0.0, 0.10601240396499634, 0.0, 0.0, 0.0, 0.0, 0.0, 0.0, 0.0, 0.10601240396499634, 0.10601240396499634, 0.0, 0.07494889944791794, 0.0, 0.0, 0.0, 0.0, 0.0, 0.10601240396499634, 0.0, 0.0, 0.0, 0.10575459152460098, 0.0, 0.10601240396499634, 0.07720963656902313, 0.10601240396499634, 0.0]",0.0029176266985239652
15,1.0224065542424388,"[1.012119144529545, 0.9700474782604973, 0.99549930654517, 0.9889656159818397, 1.0246199082295375, 0.9882015264283913, 0.9766560732487394, 0.9847685554120548, 0.9863476287131316, 0.9926351969329154, 0.9987411049135966, 1.0095719053809376, 1.008129216706758, 0.9847682459938147, 1.0157140140450558, 1.0107901372711188, 0.989351033351208, 0.9706028985897954, 0.9948203282910271, 0.9961267597795013, 0.9862248346085561, 0.9911014074959339, 1.0189115551242929, 1.0018362895975317, 1.0060033909509551, 0.9754305723639636, 0.9965321023255054, 1.0069940165093043, 1.0079227843497858, 1.0278527606749115]","[1.0251846874904438, 0.998948695147132, 0.9910688095637156, 0.9809745531264623, 1.0179181034506164, 0.9885370224242926, 0.9863580385574086, 1.0029154097475956, 1.0027215201239172, 0.9934889510787127, 0.9878494740534142, 0.9967297515626126, 1.0180221779427878, 0.9954132100575279, 0.9789888111184031, 1.0134484145771487, 0.9761156100290019, 0.9938017329938201, 1.0074929261416703, 1.0106453675082805, 0.981054189500622, 1.0088846323959397, 1.0155926604330328, 0.9961779798958822, 0.9991290027571872, 0.993912590404801, 1.0182165163934687, 0.9996642042573833, 0.9824774817389126, 0.9864714350852882]","[0.02518468749044378, -0.0010513048528679736, -0.00893119043628443, -0.019025446873537688, 0.017918103450616396, -0.011462977575707356, -0.013641961442591444, 0.002915409747595632, 0.0027215201239172426, -0.006511048921287288, -0.012150525946585833, -0.003270248437387435, 0.01802217794278782, -0.00458678994247208, -0.02101118888159692, 0.013448414577148737, -0.023884389970998066, -0.0061982670061798695, 0.0074929261416702975, 0.01064536750828049, -0.018945810499378046, 0.008884632395939729, 0.015592660433032757, -0.003822020104117807, -0.0008709972428128099, -0.006087409595199045, 0.018216516393468662, -0.00033579574261666245, -0.017522518261087416, -0.013528564914711771]","[0.09999999403953552, 0.09999999403953552, 0.09999999403953552, 0.0, 0.0, 0.09999999403953552, 0.0, 0.0, 0.09999999403953552, 0.09999999403953552, 0.0, 0.0, 0.09999999403953552, 0.0, 0.0, 0.09999999403953552, 0.0, 0.0, 0.0, 0.09999999403953552, 0.0, 0.0, 0.0, 0.0, 0.0, 0.0, 0.0, 0.0, 0.0, 0.09999999403953552]","[0.0, 3.413306316704141e-22, 2.282431278550617e-22, 0.0, 0.0, 0.0, 0.0, 0.0, 0.0, 0.0, 0.0, 0.0, 0.0, 3.1185019091857434e-22, 1.0, 0.0, 0.0, 0.0, 2.8546404092354877e-22, 0.0, 2.272419511662799e-22, 0.0, 2.8207684104049685e-22, 3.3901530699165675e-22, 2.2563082579268933e-22, 0.0, 0.0, 0.0, 2.2894795666814936e-22, 0.0]","[0.007544930094526964, 0.009152144094644396, 0.0, 0.021017948556407907, 0.00964427992070514, 0.0, 0.018058525454751572, 0.0, 0.0, 0.0, 0.0, 0.0, 0.0, 0.0078858805023186, 0.8705711768080678, 0.012066666893715898, 0.004390526313689338, 0.008257886991718727, 0.0031877410779067193, 0.0, 0.0, 0.0, 0.011134065478664272, 0.003583586396095145, 0.0018985611934739925, 0.007946499695730299, 0.0, 0.00010666262226361028, 0.0013179897077603628, 0.002234928197559641]","[0.09999999403953552, 0.09999999403953552, 0.09999999403953552, 0.0, 0.0, 0.09999999403953552, 0.0, 0.0, 0.09999999403953552, 0.09999999403953552, 0.0, 0.0, 0.09999999403953552, 0.0, 0.0, 0.09999999403953552, 0.0, 0.0, 0.0, 0.09999999403953552, 0.0, 0.0, 0.0, 0.0, 0.0, 0.0, 0.0, 0.0, 0.0, 0.09999999403953552]",0.002536999410364361
16,1.0209319698561428,"[1.0251846874904438, 0.998948695147132, 0.9910688095637156, 0.9809745531264623, 1.0179181034506164, 0.9885370224242926, 0.9863580385574086, 1.0029154097475956, 1.0027215201239172, 0.9934889510787127, 0.9878494740534142, 0.9967297515626126, 1.0180221779427878, 0.9954132100575279, 0.9789888111184031, 1.0134484145771487, 0.9761156100290019, 0.9938017329938201, 1.0074929261416703, 1.0106453675082805, 0.981054189500622, 1.0088846323959397, 1.0155926604330328, 0.9961779798958822, 0.9991290027571872, 0.993912590404801, 1.0182165163934687, 0.9996642042573833, 0.9824774817389126, 0.9864714350852882]","[0.9947443158480805, 1.0132695047682814, 0.9977660294918725, 0.999901422844168, 0.9820874925135893, 1.0151525423771208, 0.9969656193364407, 1.0205693418610626, 1.0029965326719485, 0.9942297018743436, 1.014361284524255, 0.97906486983629, 1.0092374288489452, 0.9941702334244759, 1.0117588045398882, 0.988206630711753, 0.9941224689217185, 0.9984847005047542, 1.0073057338552627, 1.0011823857519304, 1.009717431570831, 1.0013557412986642, 0.9921541794339972, 1.001071745588819, 1.0096763588534226, 0.9967143906140523, 0.9981074758245053, 0.9811728571155723, 0.9799215383878505, 0.9993328394482844]","[-0.00525568415191946, 0.01326950476828137, -0.0022339705081274586, -9.857715583194704e-05, -0.01791250748641071, 0.015152542377120826, -0.003034380663559322, 0.02056934186106263, 0.0029965326719485486, -0.005770298125656437, 0.014361284524254891, -0.02093513016370996, 0.009237428848945184, -0.005829766575524142, 0.011758804539888201, -0.011793369288247035, -0.005877531078281484, -0.0015152994952457588, 0.007305733855262675, 0.0011823857519304148, 0.009717431570831048, 0.0013557412986642259, -0.007845820566002804, 0.0010717455888189509, 0.00967635885342255, -0.0032856093859476854, -0.0018925241754946809, -0.01882714288442766, -0.020078461612149545, -0.0006671605517155621]","[0.0, 0.10566183179616928, 0.10445823520421982, 0.0, 0.0, 0.0, 0.0, 0.0, 0.08401818573474884, 0.0, 0.0, 0.0, 0.0, 0.10566183179616928, 0.10250638425350189, 0.0750461220741272, 0.0, 0.10566183179616928, 0.0, 0.0, 0.0, 0.0, 0.0, 0.0, 0.0, 0.10566183179616928, 0.0, 0.10566183179616928, 0.0, 0.10566183179616928]","[-1.1154073954150345e-23, 0.0, 0.0, 0.0, 3.989179599766726e-24, 1.1355274697109173e-22, 0.0, 4.084401896463282e-24, 0.0, 0.0, 0.0, 0.0, 0.0, 0.0, 0.0, 0.0, 0.0, 1.13746743438444e-22, 5.990571170689421e-23, 0.0, 2.3886936887310103e-24, 0.0, 1.408936430492214e-22, 0.0, 0.0, 0.0, 1.0, 0.0, 4.804217338035444e-24, 0.0]","[0.000290558453639264, 0.004920182558818204, 0.0, 0.0, 0.010082572988302953, 0.0013984554026433068, 0.006414861014952461, 0.012279368920865273, 0.006823514317743465, 0.0, 0.0, 0.0, 0.0, 0.0015491108712973175, 0.0, 0.0, 0.0, 0.0, 0.016696191849022646, 0.0007526486182267176, 0.009845339037299717, 0.002501358869715712, 0.0, 0.002926344582785113, 0.0, 0.004721022062161331, 0.9132127655585719, 0.0, 0.005585704893954679, 0.0]","[0.0, 0.10566185414791107, 0.10445825755596161, 0.0, 0.0, 0.0, 0.0, 0.0, 0.08401820063591003, 0.0, 0.0, 0.0, 0.0, 0.10566185414791107, 0.10250639915466309, 0.07504613697528839, 0.0, 0.10566185414791107, 0.0, 0.0, 0.0, 0.0, 0.0, 0.0, 0.0, 0.10566185414791107, 0.0, 0.10566185414791107, 0.0, 0.10566185414791107]",-0.0019789627191171303
17,1.0194321856305604,"[0.9947443158480805, 1.0132695047682814, 0.9977660294918725, 0.999901422844168, 0.9820874925135893, 1.0151525423771208, 0.9969656193364407, 1.0205693418610626, 1.0029965326719485, 0.9942297018743436, 1.014361284524255, 0.97906486983629, 1.0092374288489452, 0.9941702334244759, 1.0117588045398882, 0.988206630711753, 0.9941224689217185, 0.9984847005047542, 1.0073057338552627, 1.0011823857519304, 1.009717431570831, 1.0013557412986642, 0.9921541794339972, 1.001071745588819, 1.0096763588534226, 0.9967143906140523, 0.9981074758245053, 0.9811728571155723, 0.9799215383878505, 0.9993328394482844]","[1.0044134990852653, 1.0078305841554964, 1.0215555106053371, 0.9926209396926119, 1.0032417612614135, 0.9794884395455963, 1.029207792858214, 1.0088138260924513, 1.0233349887997925, 1.009461098577259, 0.9867892804708417, 1.0014231554781754, 1.017276281198583, 0.9736746443287334, 0.9910915239950797, 1.011559238492962, 0.9810881909730158, 1.004300768941702, 1.0050340384825824, 1.026548776821702, 0.992212080526168, 1.0153799503692829, 0.9767847438959183, 1.015359518252763, 0.9847026725542884, 0.9846564222331111, 0.9977353716810308, 0.9900566212575388, 1.0019350717451403, 1.009334131992838]","[0.004413499085265338, 0.007830584155496423, 0.021555510605337114, -0.007379060307388108, 0.0032417612614135116, -0.02051156045440372, 0.029207792858213955, 0.008813826092451293, 0.023334988799792455, 0.009461098577258964, -0.01321071952915831, 0.0014231554781753974, 0.017276281198582932, -0.026325355671266593, -0.008908476004920285, 0.01155923849296192, -0.018911809026984194, 0.00430076894170206, 0.005034038482582437, 0.02654877682170209, -0.00778791947383195, 0.015379950369282858, -0.023215256104081705, 0.01535951825276305, -0.01529732744571155, -0.015343577766888883, -0.0022646283189692307, -0.009943378742461206, 0.0019350717451402932, 0.009334131992837946]","[0.0, 0.09999999403953552, 0.0, 0.09999999403953552, 0.0, 0.0, 0.09999999403953552, 0.0, 0.0, 0.09999999403953552, 0.09999999403953552, 0.0, 0.0, 0.09999999403953552, 0.0, 0.0, 0.0, 0.0, 0.0, 0.09999999403953552, 0.0, 0.0, 0.09999999403953552, 0.0, 0.0, 0.09999999403953552, 0.09999999403953552, 0.0, 0.0, 0.0]","[0.0, 1.1007071326373904e-21, 0.0, 0.0, 1.9166335030929257e-21, 3.8674871442513276e-22, 7.510459305619155e-22, 0.0, 0.0, 0.0, 0.3855310744824071, 0.0, 2.1297763160145064e-21, 6.84431028756474e-22, 0.614468925517593, 0.0, 4.517357500807207e-22, 0.0, 1.6758677332835386e-21, 0.0, 0.0, 0.0, 0.0, 0.0, 0.0, 0.0, 0.0, 0.0, 0.0, 0.0]","[0.0, 0.007653981586594097, 0.002702180978706235, 0.0029819310662336234, 0.0, 0.0, 0.02232084638463512, 0.0, 0.0, 0.0, 0.3300785147139752, 0.0, 0.0, 0.011233345644788256, 0.5319482409636442, 0.017267047455549252, 0.009635029740647647, 0.0, 0.009238977545297173, 0.0, 0.015284371169478103, 0.0, 0.005664628662609275, 0.0, 0.012418302792571579, 0.0, 0.0018711290301566968, 0.0, 0.019701472265113474, 0.0]","[0.0, 0.09999999403953552, 0.0, 0.09999999403953552, 0.0, 0.0, 0.09999999403953552, 0.0, 0.0, 0.09999999403953552, 0.09999999403953552, 0.0, 0.0, 0.09999999403953552, 0.0, 0.0, 0.0, 0.0, 0.0, 0.09999999403953552, 0.0, 0.0, 0.09999999403953552, 0.0, 0.0, 0.09999999403953552, 0.09999999403953552, 0.0, 0.0, 0.0]",-0.0019405661005741925
18,1.0191769574686822,"[1.0044134990852653, 1.0078305841554964, 1.0215555106053371, 0.9926209396926119, 1.0032417612614135, 0.9794884395455963, 1.029207792858214, 1.0088138260924513, 1.0233349887997925, 1.009461098577259, 0.9867892804708417, 1.0014231554781754, 1.017276281198583, 0.9736746443287334, 0.9910915239950797, 1.011559238492962, 0.9810881909730158, 1.004300768941702, 1.0050340384825824, 1.026548776821702, 0.992212080526168, 1.0153799503692829, 0.9767847438959183, 1.015359518252763, 0.9847026725542884, 0.9846564222331111, 0.9977353716810308, 0.9900566212575388, 1.0019350717451403, 1.009334131992838]","[0.9987497149626497, 1.0070419258733283, 1.0006933747848328, 1.007406386726534, 0.989974088822594, 1.0110457407886526, 1.0436669952397806, 1.004333729220253, 1.0073161989394066, 0.9921612444846618, 1.0032437425622232, 1.004836471612506, 0.9987176461834402, 1.0070300719843917, 0.9853814893760008, 1.0174020513716928, 1.007705970827411, 1.0078152419304878, 0.9970584377243903, 1.005764770545588, 1.0173107179464191, 1.0116710198538075, 0.9965769041160945, 1.0062375864426576, 0.9767892949774504, 0.9758310007212013, 1.0137205035715717, 1.020411601479493, 1.001434639811628, 1.0109231901825906]","[-0.0012502850373502516, 0.007041925873328303, 0.0006933747848327787, 0.007406386726533931, -0.010025911177406033, 0.011045740788652614, 0.04366699523978057, 0.004333729220252991, 0.007316198939406604, -0.007838755515338192, 0.003243742562223151, 0.004836471612505999, -0.0012823538165598336, 0.00703007198439165, -0.014618510623999215, 0.017402051371692817, 0.0077059708274109795, 0.00781524193048777, -0.0029415622756097104, 0.005764770545588105, 0.01731071794641914, 0.011671019853807474, -0.003423095883905547, 0.006237586442657594, -0.023210705022549627, -0.024168999278798675, 0.01372050357157173, 0.020411601479493058, 0.0014346398116280579, 0.01092319018259058]","[0.0, 0.0, 0.0, 0.10544735193252563, 0.0, 0.0, 0.0, 0.09884505718946457, 0.10544735193252563, 0.08756531774997711, 0.0, 0.10544735193252563, 0.0, 0.0, 0.0, 0.0, 0.10501469671726227, 0.0, 0.0, 0.09190007299184799, 0.0, 0.10544735193252563, 0.0, 0.0, 0.08943815529346466, 0.10544735193252563, 0.0, 0.0, 0.0, 0.0]","[-1.0130490725224615e-23, 0.0, 6.1218233768262455e-24, 0.0, -5.0209280222387964e-23, 0.0, 0.0, 0.0, 4.562730239327105e-24, 5.3920840250070604e-24, 6.128097179901749e-23, 0.0, 0.0, 0.0, 0.0, 0.0, 0.0, 0.0, -7.611606609709966e-24, 0.0, 0.0, -5.0213297696844516e-23, 0.0, 0.0, 0.0, 0.0, 1.0, 0.0, 0.0, -4.8588714729070926e-23]","[0.0, 0.0, 0.005228550665446203, 0.0057883990000125625, 0.0, 0.0, 0.0, 0.0, 0.002655405137069271, 0.0, 0.0, 0.0, 0.0, 0.009113396422379827, 0.0, 0.006541672952818514, 0.0, 0.009548602808382281, 0.0035383653347839856, 0.00898803899062062, 0.0, 0.0043476998913725105, 0.0, 0.0, 0.006430692651342715, 0.0, 0.9247364967643268, 0.005541278298510145, 0.007541401082934442, 0.0]","[0.0, 0.0, 0.0, 0.10544735193252563, 0.0, 0.0, 0.0, 0.09884505718946457, 0.10544735193252563, 0.08756531774997711, 0.0, 0.10544735193252563, 0.0, 0.0, 0.0, 0.0, 0.10501469671726227, 0.0, 0.0, 0.09190007299184799, 0.0, 0.10544735193252563, 0.0, 0.0, 0.08943815529346466, 0.10544735193252563, 0.0, 0.0, 0.0, 0.0]",-0.0006460529043848954
19,1.0162217791302113,"[0.9987497149626497, 1.0070419258733283, 1.0006933747848328, 1.007406386726534, 0.989974088822594, 1.0110457407886526, 1.0436669952397806, 1.004333729220253, 1.0073161989394066, 0.9921612444846618, 1.0032437425622232, 1.004836471612506, 0.9987176461834402, 1.0070300719843917, 0.9853814893760008, 1.0174020513716928, 1.007705970827411, 1.0078152419304878, 0.9970584377243903, 1.005764770545588, 1.0173107179464191, 1.0116710198538075, 0.9965769041160945, 1.0062375864426576, 0.9767892949774504, 0.9758310007212013, 1.0137205035715717, 1.020411601479493, 1.001434639811628, 1.0109231901825906]","[0.9801680364121741, 1.0020228473741417, 1.006942741462442, 0.9906132715644708, 1.0068524254320146, 0.9882121170515225, 0.9968475762641716, 0.9898921825597438, 1.0047353057434223, 0.9991892577574915, 1.0148816587482827, 1.0000397757179453, 0.9939619707849172, 1.0090203319825675, 0.9877283811470228, 0.9906901576082313, 0.9860398010026419, 1.00775931167758, 1.0214962798778018, 0.9819967823871028, 1.0066676845904912, 1.0041248175248205, 1.0084108037248936, 0.9985431844854734, 0.9914894296770334, 1.0015830562871004, 1.0078738444249233, 1.0258098966800278, 0.98199725372102, 1.0040750090046824]","[-0.019831963587825907, 0.002022847374141712, 0.006942741462441893, -0.009386728435529235, 0.006852425432014586, -0.011787882948477546, -0.003152423735828358, -0.01010781744025624, 0.004735305743422291, -0.0008107422425085442, 0.014881658748282733, 3.9775717945333966e-05, -0.006038029215082785, 0.009020331982567464, -0.012271618852977229, -0.009309842391768686, -0.01396019899735812, 0.007759311677580039, 0.021496279877801783, -0.01800321761289725, 0.006667684590491163, 0.004124817524820523, 0.008410803724893556, -0.0014568155145265882, -0.008510570322966649, 0.0015830562871004261, 0.007873844424923337, 0.025809896680027755, -0.01800274627898002, 0.004075009004682384]","[0.10018931329250336, 0.0, 0.0, 0.09890995174646378, 0.10018931329250336, 0.0, 0.0, 0.0, 0.0, 0.0, 0.09957554191350937, 0.0, 0.10018931329250336, 0.0, 0.10018931329250336, 0.0, 0.0, 0.0, 0.0, 0.10018931329250336, 0.0, 0.0, 0.10018931329250336, 0.10018931329250336, 0.0, 0.0, 0.10018931329250336, 0.0, 0.0, 0.0]","[0.0, 2.26924202270762e-22, 0.0, 0.0, 0.0, 2.247873070788467e-22, 2.824932765831691e-22, 0.0, 0.0, 2.264385804805026e-22, 0.0, 2.276159023768714e-22, 6.002129966504676e-23, 0.0, 0.0, 0.0, 0.0, 4.473460819987549e-22, 0.0, 0.0, 0.0, 0.0, 1.1304172021428398e-22, 1.7195662454090606e-22, 0.0, 0.0, 1.0, 0.0, 0.0, 0.0]","[0.004682714650336073, 0.0, 0.0, 0.0, 0.0, 0.011959098013440818, 0.0, 0.0, 0.0, 0.013911352561459535, 0.0007427752757463337, 0.0009156723873359129, 0.0, 0.013733191406575609, 0.007377189475320276, 0.004361721166624429, 0.0, 0.0, 0.0, 0.02300688759996382, 0.005947412974461852, 0.0, 0.0, 0.0, 0.0, 0.0, 0.9133619844887354, 0.0, 0.0, 0.0]","[0.10018931329250336, 0.0, 0.0, 0.09890995174646378, 0.10018931329250336, 0.0, 0.0, 0.0, 0.0, 0.0, 0.09957554191350937, 0.0, 0.10018931329250336, 0.0, 0.10018931329250336, 0.0, 0.0, 0.0, 0.0, 0.10018931329250336, 0.0, 0.0, 0.10018931329250336, 0.10018931329250336, 0.0, 0.0, 0.10018931329250336, 0.0, 0.0, 0.0]",-0.0033253651084794575
20,1.0218750645297539,"[0.9801680364121741, 1.0020228473741417, 1.006942741462442, 0.9906132715644708, 1.0068524254320146, 0.9882121170515225, 0.9968475762641716, 0.9898921825597438, 1.0047353057434223, 0.9991892577574915, 1.0148816587482827, 1.0000397757179453, 0.9939619707849172, 1.0090203319825675, 0.9877283811470228, 0.9906901576082313, 0.9860398010026419, 1.00775931167758, 1.0214962798778018, 0.9819967823871028, 1.0066676845904912, 1.0041248175248205, 1.0084108037248936, 0.9985431844854734, 0.9914894296770334, 1.0015830562871004, 1.0078738444249233, 1.0258098966800278, 0.98199725372102, 1.0040750090046824]","[1.002599363414168, 0.9984370925235282, 1.0153950355387924, 1.0137723891385266, 1.0022594991009415, 1.006461288477142, 1.0111738366031662, 0.997781828627747, 0.9944781771659557, 1.0095631914952303, 0.9943121445054564, 1.00593369260524, 0.9852718026604931, 0.9843353550619369, 0.9909759841958853, 1.0087228484286215, 0.9842649704943003, 1.0267146655034083, 1.001686735382665, 1.016472515856321, 1.0244503818236643, 0.998563046910294, 0.9984169618227289, 0.9961219522611451, 1.0005751729813304, 0.9944223086621363, 1.0058504627488642, 1.003684548330245, 1.009551708504193, 1.0044244405137066]","[0.00259936341416811, -0.0015629074764718087, 0.015395035538792401, 0.01377238913852663, 0.0022594991009414755, 0.006461288477142002, 0.011173836603166176, -0.002218171372252997, -0.005521822834044343, 0.009563191495230328, -0.005687855494543648, 0.005933692605240015, -0.014728197339506921, -0.015664644938063077, -0.009024015804114716, 0.008722848428621477, -0.015735029505699716, 0.026714665503408286, 0.001686735382665061, 0.016472515856321035, 0.024450381823664324, -0.001436953089706039, -0.0015830381772711233, -0.0038780477388549173, 0.000575172981330363, -0.005577691337863677, 0.005850462748864249, 0.0036845483302450077, 0.009551708504192957, 0.004424440513706607]","[0.0, 0.0, 0.0, 0.10171963274478912, 0.0, 0.10171963274478912, 0.0, 0.10171963274478912, 0.0, 0.0, 0.0, 0.10171963274478912, 0.0, 0.0, 0.10171963274478912, 0.09484044462442398, 0.10171963274478912, 0.10171963274478912, 0.0, 0.09140241891145706, 0.0, 0.0, 0.0, 0.0, 0.0, 0.0, 0.10171963274478912, 0.0, 0.0, 0.0]","[0.0, 4.525871693567068e-22, 5.63609878856153e-22, 0.0, 0.0, 0.0, 0.0, 0.0, 0.0, 0.0, 0.0, 4.537556593974923e-22, 4.5218486344683445e-22, 8.951269550299773e-22, 0.0, 4.524266715934423e-22, 0.0, 0.0, 7.997165072051985e-22, 0.0, 0.0, 5.067618026336213e-22, 0.0, 0.0, 0.0, 0.0, 1.0, 0.0, 6.751893984207341e-22, 0.0]","[0.00032519833697671103, 0.005335868371818772, 0.0026616522716446747, 0.01139244480423819, 0.0, 0.0, 0.0, 0.0, 0.0, 0.0, 0.005835008524679734, 0.0, 0.0, 0.0015942618405764154, 0.00675519739824064, 0.020929652929305972, 0.0007215077264205904, 0.0, 0.0, 0.0, 0.003278233790862792, 0.0, 0.00426967869276109, 0.0, 0.005772127214401322, 0.014627274913603014, 0.9165018931844701, 0.0, 0.0, 0.0]","[0.0, 0.0, 0.0, 0.10171964764595032, 0.0, 0.10171964764595032, 0.0, 0.10171964764595032, 0.0, 0.0, 0.0, 0.10171964764595032, 0.0, 0.0, 0.10171964764595032, 0.09484045952558517, 0.10171964764595032, 0.10171964764595032, 0.0, 0.09140242636203766, 0.0, 0.0, 0.0, 0.0, 0.0, 0.0, 0.10171964764595032, 0.0, 0.0, 0.0]",0.005141244829155139
21,1.0225649719311938,"[1.002599363414168, 0.9984370925235282, 1.0153950355387924, 1.0137723891385266, 1.0022594991009415, 1.006461288477142, 1.0111738366031662, 0.997781828627747, 0.9944781771659557, 1.0095631914952303, 0.9943121445054564, 1.00593369260524, 0.9852718026604931, 0.9843353550619369, 0.9909759841958853, 1.0087228484286215, 0.9842649704943003, 1.0267146655034083, 1.001686735382665, 1.016472515856321, 1.0244503818236643, 0.998563046910294, 0.9984169618227289, 0.9961219522611451, 1.0005751729813304, 0.9944223086621363, 1.0058504627488642, 1.003684548330245, 1.009551708504193, 1.0044244405137066]","[1.0044688855975041, 0.979476063745817, 0.9929023158177616, 0.996242467852698, 1.0055609523984952, 0.9788137585073513, 1.0023289888904472, 1.0071191175663772, 1.0051340082077274, 1.005654098800981, 0.9964938649945213, 0.9896900360004542, 1.007636921571181, 0.9928729918195117, 1.0005854424671572, 1.0047067495368005, 1.0109716806867162, 0.9951042113036905, 0.9903471143197677, 1.0062532389730112, 1.0138945035335234, 1.0132557258518131, 0.9957116029462331, 0.9920588526660276, 1.01421264873305, 1.0113377274886204, 1.0169735024326223, 0.9962144437639581, 0.9849641221489793, 0.9914687608404286]","[0.004468885597504135, -0.02052393625418303, -0.0070976841822384396, -0.003757532147302012, 0.005560952398495189, -0.021186241492648694, 0.0023289888904471923, 0.0071191175663771755, 0.0051340082077273586, 0.005654098800981, -0.0035061350054786944, -0.010309963999545757, 0.007636921571180899, -0.007127008180488281, 0.0005854424671571934, 0.004706749536800503, 0.010971680686716168, -0.0048957886963094666, -0.00965288568023226, 0.0062532389730112214, 0.013894503533523395, 0.013255725851813116, -0.004288397053766935, -0.007941147333972443, 0.01421264873305006, 0.011337727488620386, 0.0169735024326223, -0.0037855562360419315, -0.015035877851020674, -0.008531239159571435]","[0.0, 0.0, 0.0, 0.0, 0.09215350449085236, 0.10901378095149994, 0.10901378095149994, 0.0, 0.0, 0.10901378095149994, 0.0, 0.08468317985534668, 0.10901378095149994, 0.08273031562566757, 0.0, 0.0, 0.0, 0.0, 0.0, 0.0, 0.08635030686855316, 0.10901378095149994, 0.0, 0.0, 0.0, 0.0, 0.0, 0.10901378095149994, 0.0, 0.0]","[0.0, 0.0, 0.0, 0.0, -2.130905541930462e-22, 0.0, -1.4278029408996412e-22, -2.1178142206112144e-22, 0.0, 0.0, 0.0, 0.0, -2.12482738252243e-22, 0.0, 0.0, 0.0, 0.0, -1.045544887295196e-22, -1.562311048950512e-22, -2.1345692531315524e-22, 0.0, 0.0, 0.0, 0.0, 0.0, -1.0214739466604056e-22, 1.0, 8.395126794098648e-24, 0.0, 0.0]","[0.0, 0.0, 0.0, 0.0, 0.0005445580785872089, 0.0, 0.011373301777045654, 0.0, 0.0, 0.0, 0.0013028081899835984, 0.010888289766789232, 0.0, 0.0, 0.009896658426553654, 0.0, 0.01242379673493559, 0.0, 0.0, 0.0, 0.0, 0.0, 0.0, 0.0, 0.018236920841080903, 0.014234583526089986, 0.8906373701544461, 0.024169655843228506, 0.006292056661259571, 0.0]","[0.0, 0.0, 0.0, 0.0, 0.09215350449085236, 0.10901378095149994, 0.10901378095149994, 0.0, 0.0, 0.10901378095149994, 0.0, 0.08468317985534668, 0.10901378095149994, 0.08273031562566757, 0.0, 0.0, 0.0, 0.0, 0.0, 0.0, 0.08635030686855316, 0.10901378095149994, 0.0, 0.0, 0.0, 0.0, 0.0, 0.10901378095149994, 0.0, 0.0]",0.00033542636738785353
22,1.0230493407128196,"[1.0044688855975041, 0.979476063745817, 0.9929023158177616, 0.996242467852698, 1.0055609523984952, 0.9788137585073513, 1.0023289888904472, 1.0071191175663772, 1.0051340082077274, 1.005654098800981, 0.9964938649945213, 0.9896900360004542, 1.007636921571181, 0.9928729918195117, 1.0005854424671572, 1.0047067495368005, 1.0109716806867162, 0.9951042113036905, 0.9903471143197677, 1.0062532389730112, 1.0138945035335234, 1.0132557258518131, 0.9957116029462331, 0.9920588526660276, 1.01421264873305, 1.0113377274886204, 1.0169735024326223, 0.9962144437639581, 0.9849641221489793, 0.9914687608404286]","[0.9834790367486604, 0.9955363107458659, 1.003245690686874, 1.0091298685716774, 0.9925953863803927, 0.9861442411216741, 1.0024703606455923, 1.0157732487148285, 1.0116292330592909, 1.0081921864123204, 0.9993881379200978, 1.0057561248946432, 0.9943010455613374, 1.0145344474420992, 0.9937863742474824, 0.9735575149086051, 0.9773743272063248, 1.0017751889744289, 1.0086523908501202, 1.0179604364920807, 1.011355463209098, 1.012443384324696, 1.0039010399527213, 1.0038070407964246, 0.9832887229614655, 0.9968885548756855, 1.0093868020612018, 1.0016218408522286, 0.9914290366769093, 1.0029035542147124]","[-0.01652096325133956, -0.0044636892541340956, 0.003245690686874081, 0.009129868571677413, -0.007404613619607314, -0.013855758878325908, 0.002470360645592251, 0.015773248714828547, 0.011629233059290867, 0.008192186412320446, -0.000611862079902159, 0.0057561248946431665, -0.00569895443866264, 0.014534447442099196, -0.006213625752517604, -0.026442485091394907, -0.022625672793675222, 0.001775188974428854, 0.00865239085012015, 0.017960436492080678, 0.011355463209097971, 0.01244338432469605, 0.003901039952721286, 0.0038070407964245767, -0.016711277038534478, -0.0031114451243144936, 0.009386802061201793, 0.0016218408522286065, -0.008570963323090708, 0.002903554214712445]","[0.12023134529590607, 0.0, 0.0, 0.12023134529590607, 0.0, 0.0, 0.0, 0.0, 0.12023134529590607, 0.05758785456418991, 0.0, 0.0, 0.12023134529590607, 0.12023134529590607, 0.12023134529590607, 0.0, 0.07112911343574524, 0.0, 0.0, 0.0780663788318634, 0.0, 0.0, 0.0, 0.0, 0.0, 0.0, 0.0, 0.0, 0.07182858139276505, 0.0]","[0.0, 2.2677112995042777e-22, 0.0, 0.0, 0.0, 0.0, -3.283838899367433e-22, 0.0, 0.0, 0.0, -1.621409679317842e-22, 0.0, 0.0, 0.0, -3.2883660255161164e-22, 0.0, -2.183401933239821e-22, -2.1894747014614936e-22, 0.0, 0.0, 0.0, 0.0, -2.200329700660423e-22, 0.0, -2.176045448801299e-22, 0.0, 1.0, -2.1806795209461626e-22, 0.0, 0.0]","[0.0, 0.0, 0.003320317619181577, 0.0077118347520234885, 0.015154843354052233, 0.008913677841280405, 0.010110729095696972, 0.01275638740129599, 0.0, 0.010029038071250112, 0.0020024038740521894, 0.0, 0.005530476124775312, 0.0, 0.00013976801698244742, 0.0062964081242581245, 0.0, 0.006615466845809296, 0.003008741699224991, 0.004344097451446843, 0.0, 0.001284715204862566, 0.0, 0.003665625801027843, 0.003754873601579594, 0.007293808569768608, 0.8880667865514316, 0.0, 0.0, 0.0]","[0.12023134529590607, 0.0, 0.0, 0.12023134529590607, 0.0, 0.0, 0.0, 0.0, 0.12023134529590607, 0.05758785456418991, 0.0, 0.0, 0.12023134529590607, 0.12023134529590607, 0.12023134529590607, 0.0, 0.07112911343574524, 0.0, 0.0, 0.0780663788318634, 0.0, 0.0, 0.0, 0.0, 0.0, 0.0, 0.0, 0.0, 0.07182858139276505, 0.0]",0.00010099886593846642
23,1.0214258219715384,"[0.9834790367486604, 0.9955363107458659, 1.003245690686874, 1.0091298685716774, 0.9925953863803927, 0.9861442411216741, 1.0024703606455923, 1.0157732487148285, 1.0116292330592909, 1.0081921864123204, 0.9993881379200978, 1.0057561248946432, 0.9943010455613374, 1.0145344474420992, 0.9937863742474824, 0.9735575149086051, 0.9773743272063248, 1.0017751889744289, 1.0086523908501202, 1.0179604364920807, 1.011355463209098, 1.012443384324696, 1.0039010399527213, 1.0038070407964246, 0.9832887229614655, 0.9968885548756855, 1.0093868020612018, 1.0016218408522286, 0.9914290366769093, 1.0029035542147124]","[0.9973601001147989, 1.009452754195383, 0.9950962871892308, 1.0138410335991732, 1.006812370894953, 0.9815021222596988, 0.9996877019037018, 0.9916592104669923, 0.9964995763327641, 0.9876610402230088, 1.0098558643727844, 1.0113100835374287, 0.9847458816985775, 1.0077190891799288, 1.014960457829176, 1.0093180952327223, 0.9724350964110753, 0.9865728535312531, 1.0127382399197211, 0.9770830853625107, 0.9864552711442169, 1.0089382366927486, 0.9798182866527395, 1.0123622266109908, 1.0133124501961583, 0.9986075727628251, 1.0000360684780094, 0.9945188129487618, 0.9930842693852977, 1.0058255424008442]","[-0.00263989988520108, 0.00945275419538305, -0.0049037128107691785, 0.013841033599173214, 0.006812370894953013, -0.018497877740301205, -0.0003122980962981803, -0.008340789533007653, -0.003500423667235908, -0.012338959776991176, 0.009855864372784406, 0.011310083537428683, -0.015254118301422537, 0.007719089179928806, 0.014960457829175988, 0.009318095232722312, -0.027564903588924716, -0.013427146468746876, 0.012738239919721117, -0.02291691463748935, -0.013544728855783061, 0.008938236692748625, -0.020181713347260488, 0.012362226610990845, 0.013312450196158343, -0.0013924272371749202, 3.606847800941004e-05, -0.005481187051238234, -0.006915730614702298, 0.005825542400844208]","[0.1003023311495781, 0.0, 0.1003023311495781, 0.1003023311495781, 0.0, 0.1003023311495781, 0.0, 0.0, 0.1003023311495781, 0.0, 0.1003023311495781, 0.0, 0.0, 0.0, 0.0, 0.1003023311495781, 0.0, 0.0, 0.0, 0.1003023311495781, 0.0, 0.1003023311495781, 0.0, 0.0, 0.0, 0.0, 0.0, 0.09727906435728073, 0.0, 0.0]","[0.0, 0.0, 0.0, 6.244561363764039e-24, 0.0, 0.0, -2.052853961937719e-23, 0.0, 0.0, 6.21712643623946e-24, -1.0404641692856629e-22, 0.0, -1.0434132178969398e-22, 0.0, -1.0417125111614448e-22, 0.0, 6.163502161744768e-24, 0.0, 0.0, 6.147994479230884e-23, 0.0, 0.0, 0.0, -1.0279874699587525e-22, 0.0, 0.0, 1.0, 0.0, 0.0, 0.0]","[0.0010098806466006757, 0.0031924955722339846, 0.0034427419013466744, 0.0, 0.0, 0.0, 0.0017188802767120952, 0.01197991568194174, 0.0, 0.006794872542787596, 0.007929286392100082, 0.0, 0.005223004527664088, 0.0, 0.0, 0.0031471871089971248, 0.0, 0.011377323782864567, 0.0016226986993766656, 0.0, 0.0, 0.003681372038380687, 0.0, 0.016000122503210666, 0.0, 0.010155082822588255, 0.8805043611326968, 0.011788363086645225, 0.006461221963707936, 0.01397118932014511]","[0.1003023311495781, 0.0, 0.1003023311495781, 0.1003023311495781, 0.0, 0.1003023311495781, 0.0, 0.0, 0.1003023311495781, 0.0, 0.1003023311495781, 0.0, 0.0, 0.0, 0.0, 0.1003023311495781, 0.0, 0.0, 0.0, 0.1003023311495781, 0.0, 0.1003023311495781, 0.0, 0.0, 0.0, 0.0, 0.0, 0.09727906435728073, 0.0, 0.0]",-0.002008484059185107
24,1.0182593216272595,"[0.9973601001147989, 1.009452754195383, 0.9950962871892308, 1.0138410335991732, 1.006812370894953, 0.9815021222596988, 0.9996877019037018, 0.9916592104669923, 0.9964995763327641, 0.9876610402230088, 1.0098558643727844, 1.0113100835374287, 0.9847458816985775, 1.0077190891799288, 1.014960457829176, 1.0093180952327223, 0.9724350964110753, 0.9865728535312531, 1.0127382399197211, 0.9770830853625107, 0.9864552711442169, 1.0089382366927486, 0.9798182866527395, 1.0123622266109908, 1.0133124501961583, 0.9986075727628251, 1.0000360684780094, 0.9945188129487618, 0.9930842693852977, 1.0058255424008442]","[1.001375442162673, 0.9956740578464822, 0.9947793871109674, 1.022659506100254, 0.9941172616714656, 1.0120614427256776, 1.017029101744217, 0.9748659863840841, 0.9940253110951321, 1.0146420288670561, 1.013379156255634, 1.0128597023687254, 1.0047403467004878, 0.9916897395293268, 0.9961859341491455, 1.003280187114362, 1.0047169786948174, 0.9817597585959627, 1.0035990975255462, 0.9820935570302044, 0.9834036326695152, 0.9833720762237264, 0.9910694379417789, 1.003336324123987, 1.0142842704215576, 0.9921138341704517, 1.0014068929509925, 1.0081318358422233, 0.9887709973236618, 0.9980361995767414]","[0.0013754421626730462, -0.004325942153517781, -0.005220612889032639, 0.022659506100253912, -0.005882738328534365, 0.012061442725677551, 0.017029101744217012, -0.02513401361591594, -0.005974688904867853, 0.014642028867056123, 0.013379156255634017, 0.012859702368725356, 0.004740346700487841, -0.00831026047067318, -0.003814065850854531, 0.0032801871143619543, 0.004716978694817353, -0.01824024140403735, 0.003599097525546213, -0.0179064429697956, -0.01659636733048475, -0.016627923776273645, -0.00893056205822107, 0.003336324123986989, 0.014284270421557554, -0.007886165829548264, 0.0014068929509924999, 0.008131835842223323, -0.011229002676338196, -0.0019638004232586104]","[0.1344120055437088, 0.0, 0.0, 0.0, 0.0, 0.0, 0.031532857567071915, 0.0, 0.13747484982013702, 0.0, 0.0, 0.0, 0.0, 0.11977572739124298, 0.0, 0.0, 0.10060112923383713, 0.0, 0.0, 0.05835441127419472, 0.0, 0.06864272803068161, 0.0, 0.0, 0.07425662130117416, 0.13747484982013702, 0.0, 0.0, 0.0, 0.13747484982013702]","[0.0, 3.398581971066172e-22, 0.0, 5.607781596103954e-22, 0.0, 3.372025935662813e-22, 3.9490605407692425e-22, 0.0, 0.0, 0.0, 0.0, 3.404283601432575e-22, 0.0, 2.2738152234176233e-22, 0.0, 0.0, 3.382043621133647e-22, 0.0, 0.0, 0.0, 0.0, 0.0, 0.0, 2.2932453526626735e-22, 0.0, 0.0, 1.0, 2.274716985263598e-22, 0.0, 0.0]","[0.006088837450355632, 0.0, 0.0, 0.0, 0.0, 0.0, 0.0, 0.021189079730429716, 0.0013234300552688151, 0.0, 0.0, 0.0, 0.019379084132224472, 0.0, 0.0, 0.0, 0.0038116778544464826, 0.006917863820909443, 0.0, 0.0015561434215972804, 0.0, 0.0, 0.0015112003519634298, 0.004372288981349458, 0.004311908743186173, 0.006682465332549108, 0.9154261752978344, 0.0, 0.007429844827885581, 0.0]","[0.13441202044487, 0.0, 0.0, 0.0, 0.0, 0.0, 0.03153286129236221, 0.0, 0.13747486472129822, 0.0, 0.0, 0.0, 0.0, 0.11977573484182358, 0.0, 0.0, 0.10060113668441772, 0.0, 0.0, 0.058354414999485016, 0.0, 0.06864273548126221, 0.0, 0.0, 0.07425662875175476, 0.13747486472129822, 0.0, 0.0, 0.0, 0.13747486472129822]",-0.00354520053013884
25,1.0142062439929291,"[1.001375442162673, 0.9956740578464822, 0.9947793871109674, 1.022659506100254, 0.9941172616714656, 1.0120614427256776, 1.017029101744217, 0.9748659863840841, 0.9940253110951321, 1.0146420288670561, 1.013379156255634, 1.0128597023687254, 1.0047403467004878, 0.9916897395293268, 0.9961859341491455, 1.003280187114362, 1.0047169786948174, 0.9817597585959627, 1.0035990975255462, 0.9820935570302044, 0.9834036326695152, 0.9833720762237264, 0.9910694379417789, 1.003336324123987, 1.0142842704215576, 0.9921138341704517, 1.0014068929509925, 1.0081318358422233, 0.9887709973236618, 0.9980361995767414]","[0.9797706167681334, 0.9779943105679861, 1.0038989317515525, 0.9996964323599663, 1.01703521375165, 0.9793311013116339, 0.9748269900937535, 1.0058826590582917, 0.9947937507194522, 0.9935064190876502, 0.9995677760281455, 0.9873476281247983, 1.0093978126816046, 1.0071918206461847, 1.0008380323248192, 0.9945935223973797, 0.9906726177830504, 0.9941999375659286, 0.9927946133516596, 0.9920913753203897, 0.9941250056105627, 0.9921689143356861, 1.0037641426354067, 1.0158243434699097, 0.9938841185208359, 0.97379122824899, 0.9886084631426149, 0.9851895033648874, 0.9989415578376935, 0.994207292480015]","[-0.020229383231866627, -0.022005689432013864, 0.003898931751552537, -0.0003035676400336973, 0.01703521375165007, -0.020668898688366077, -0.02517300990624649, 0.005882659058291662, -0.005206249280547803, -0.00649358091234975, -0.0004322239718544951, -0.01265237187520174, 0.009397812681604556, 0.007191820646184732, 0.0008380323248191601, -0.005406477602620252, -0.00932738221694962, -0.005800062434071385, -0.007205386648340362, -0.007908624679610288, -0.0058749943894372825, -0.007831085664313897, 0.0037641426354066976, 0.015824343469909685, -0.006115881479164087, -0.026208771751009996, -0.011391536857385143, -0.01481049663511258, -0.0010584421623065499, -0.005792707519984952]","[0.0, 0.09511842578649521, 0.0, 0.0, 0.0, 0.0, 0.0, 0.0, 0.10300871729850769, 0.0, 0.0, 0.0, 0.11157261580228806, 0.0, 0.0, 0.0, 0.11157261580228806, 0.11157261580228806, 0.0, 0.0, 0.08367037773132324, 0.11157261580228806, 0.0, 0.10270670056343079, 0.0, 0.0, 0.0, 0.05763261020183563, 0.11157261580228806, 0.0]","[8.934780861225828e-22, 0.0, 8.96066744529104e-22, 0.0, 0.0, 0.0, 0.0, 0.0, 0.0, 0.0, 8.681172024004688e-22, 6.753659209164564e-22, 8.952414579007103e-22, 0.0, 0.0, 0.0, 8.94607912457215e-22, 0.0, 0.0, 7.830844399869985e-22, 0.0, 0.0, 0.0, 7.861233876030353e-22, 7.852877151709271e-22, 0.0, 1.0, 0.0, 0.0, 0.0]","[0.005747195575995973, 0.003503959651559278, 0.00022887563090690308, 0.010517830059603075, 0.0, 0.0, 0.0, 0.0, 0.0, 0.00041438536452733255, 0.006057163673430756, 0.00842190096637408, 0.0, 0.0, 0.01670723113777632, 0.0, 0.0, 0.002794348373797828, 0.015718943455204977, 0.00511805806771137, 0.010960577428746432, 0.0, 0.005023734038537551, 0.0, 0.0017573769502407233, 0.01542510612895597, 0.8916033134966314, 0.0, 0.0, 0.0]","[0.0, 0.0951184332370758, 0.0, 0.0, 0.0, 0.0, 0.0, 0.0, 0.10300872474908829, 0.0, 0.0, 0.0, 0.11157262325286865, 0.0, 0.0, 0.0, 0.11157262325286865, 0.11157262325286865, 0.0, 0.0, 0.08367038518190384, 0.11157262325286865, 0.0, 0.10270670801401138, 0.0, 0.0, 0.0, 0.05763261392712593, 0.11157262325286865, 0.0]",-0.004368596830721814
26,1.0155529792570919,"[0.9797706167681334, 0.9779943105679861, 1.0038989317515525, 0.9996964323599663, 1.01703521375165, 0.9793311013116339, 0.9748269900937535, 1.0058826590582917, 0.9947937507194522, 0.9935064190876502, 0.9995677760281455, 0.9873476281247983, 1.0093978126816046, 1.0071918206461847, 1.0008380323248192, 0.9945935223973797, 0.9906726177830504, 0.9941999375659286, 0.9927946133516596, 0.9920913753203897, 0.9941250056105627, 0.9921689143356861, 1.0037641426354067, 1.0158243434699097, 0.9938841185208359, 0.97379122824899, 0.9886084631426149, 0.9851895033648874, 0.9989415578376935, 0.994207292480015]","[0.9964109950587196, 0.9886499205036143, 0.9954258263633599, 0.9992592729335824, 1.0081524768073793, 0.9906967247295653, 1.0051369751715598, 1.015267995601068, 1.0081090975341422, 1.00646252184876, 1.0046523022872555, 0.988956510605937, 1.0036217348418761, 1.0061075361060996, 1.0193688011603155, 1.022407282743797, 0.9980856429261171, 0.9824809459783707, 1.008624223905288, 0.9871158113161596, 1.0123421735380396, 0.992205862879632, 0.9932810529110747, 1.0088644538819125, 0.9893512473432893, 0.992085474946816, 0.9984785772602616, 1.0028257924328916, 1.0214377704195472, 1.0104960843040542]","[-0.0035890049412804492, -0.011350079496385668, -0.004574173636640144, -0.0007407270664175902, 0.008152476807379294, -0.00930327527043473, 0.0051369751715597545, 0.015267995601067952, 0.00810909753414224, 0.00646252184875995, 0.00465230228725555, -0.011043489394062966, 0.003621734841876112, 0.006107536106099598, 0.019368801160315474, 0.022407282743797108, -0.0019143570738828775, -0.017519054021629343, 0.008624223905288053, -0.012884188683840447, 0.01234217353803957, -0.007794137120368028, -0.006718947088925287, 0.008864453881912482, -0.010648752656710725, -0.007914525053184018, -0.0015214227397384317, 0.002825792432891605, 0.021437770419547197, 0.010496084304054243]","[0.0, 0.10105084627866745, 0.0, 0.0, 0.0, 0.0, 0.10105084627866745, 0.0, 0.10105084627866745, 0.0, 0.10105084627866745, 0.0, 0.0905424952507019, 0.0, 0.0, 0.0, 0.0, 0.10105084627866745, 0.0, 0.0, 0.0, 0.0, 0.0, 0.10105084627866745, 0.0, 0.10105084627866745, 0.10105084627866745, 0.0, 0.10105084627866745, 0.0]","[0.0, 0.0, 1.1939837633377126e-22, 0.0, 0.0, 2.273113888571174e-22, 1.738055833330482e-22, 1.1884158990364874e-22, 0.0, 0.0, 0.0, 0.0, 1.1881014011168787e-22, 0.0, 0.0, 0.0, 0.0, 2.2743413615631166e-22, 1.1937070278198583e-22, 0.0, 0.0, 0.0, 0.0, 0.0, 0.0, 0.0, 1.0, 1.176362881432702e-22, 0.0, 1.2001623232610088e-22]","[0.00019093951428012925, 0.006362312272784594, 0.0, 0.0, 0.01482748255929768, 0.0, 0.0, 0.010938246219506917, 0.020490117885043912, 0.0, 0.0, 0.0009786986357359377, 0.009184191060890254, 0.0, 0.005534306591422226, 0.010499244484865205, 0.0, 0.004878027456122722, 0.0, 0.0, 0.010071109899768886, 0.0, 0.0, 0.00797885759029541, 0.000254098363301226, 0.0010228919613581447, 0.8967894755053268, 0.0, 0.0, 0.0]","[0.0, 0.10105083137750626, 0.0, 0.0, 0.0, 0.0, 0.10105083137750626, 0.0, 0.10105083137750626, 0.0, 0.10105083137750626, 0.0, 0.09054248780012131, 0.0, 0.0, 0.0, 0.0, 0.10105083137750626, 0.0, 0.0, 0.0, 0.0, 0.0, 0.10105083137750626, 0.0, 0.10105083137750626, 0.10105083137750626, 0.0, 0.10105083137750626, 0.0]",0.0008372037670563244
27,1.022539641414183,"[0.9964109950587196, 0.9886499205036143, 0.9954258263633599, 0.9992592729335824, 1.0081524768073793, 0.9906967247295653, 1.0051369751715598, 1.015267995601068, 1.0081090975341422, 1.00646252184876, 1.0046523022872555, 0.988956510605937, 1.0036217348418761, 1.0061075361060996, 1.0193688011603155, 1.022407282743797, 0.9980856429261171, 0.9824809459783707, 1.008624223905288, 0.9871158113161596, 1.0123421735380396, 0.992205862879632, 0.9932810529110747, 1.0088644538819125, 0.9893512473432893, 0.992085474946816, 0.9984785772602616, 1.0028257924328916, 1.0214377704195472, 1.0104960843040542]","[0.9761099744511033, 0.9933985253870994, 0.994009035728964, 0.990620216262158, 0.978417367037938, 0.9907583244855781, 0.9983014220925478, 0.9922771086433825, 0.9914172029521694, 1.006190814881483, 0.9906612731449682, 1.009801698491619, 1.0121767809120572, 1.0156500285551568, 0.9884968000899804, 1.010932880977229, 1.0040027843244463, 0.9780421966272249, 1.0017249879741525, 1.01912033767875, 1.0082811295669463, 1.0176246766458743, 1.0335029982701425, 0.9999840969533609, 1.000387330777119, 1.0110170170744297, 1.0216105184357411, 0.9949915414946878, 0.9980661312674534, 1.0079633888368351]","[-0.023890025548896743, -0.006601474612900615, -0.005990964271035959, -0.009379783737841985, -0.021582632962061976, -0.009241675514421899, -0.0016985779074522034, -0.007722891356617523, -0.008582797047830604, 0.006190814881483098, -0.009338726855031787, 0.009801698491618938, 0.012176780912057206, 0.015650028555156847, -0.01150319991001958, 0.010932880977229109, 0.00400278432444634, -0.021957803372775087, 0.0017249879741525476, 0.0191203376787501, 0.008281129566946266, 0.017624676645874304, 0.03350299827014247, -1.5903046639120788e-05, 0.0003873307771189438, 0.011017017074429702, 0.021610518435741133, -0.005008458505312174, -0.0019338687325466397, 0.007963388836835117]","[0.0, 0.0776074081659317, 0.0, 0.0, 0.0, 0.13077101111412048, 0.0, 0.0, 0.13077101111412048, 0.0, 0.0, 0.05533318966627121, 0.0, 0.13077101111412048, 0.0, 0.0, 0.0, 0.0, 0.0, 0.0, 0.0, 0.08423430472612381, 0.13077101111412048, 0.13077101111412048, 0.0, 0.07964256405830383, 0.0, 0.0, 0.0, 0.04932750016450882]","[0.0, 0.0, 1.1689859027884554e-22, 0.0, 0.0, 0.0, 0.0, 0.0, 0.0, 0.0, 0.0, 1.1748675036044414e-22, 2.275784347625765e-22, 0.0, 0.0, 1.1714318360364985e-22, 3.3786245127421807e-22, 3.368158295320372e-22, 2.1412794229367957e-22, 0.0, 0.0, 0.0, 0.0, 2.2906846799349297e-22, 0.0, 0.0, 1.0, 0.0, 3.3984254133303285e-22, 0.0]","[0.009150615443413416, 0.005289371071970172, 0.00031221882663599957, 0.012390991237252439, 0.0, 0.0, 0.010103357617692477, 0.0, 0.0011771727034384702, 0.0036683742472463166, 0.0028916552472784455, 0.0, 0.0, 0.0, 0.0, 0.0, 0.0, 0.0, 0.0, 0.0, 0.010143709482469756, 0.0, 0.0, 0.0023857141554670925, 0.0019388476602577617, 0.0, 0.9396686119227254, 0.0, 0.0008793603841522592, 0.0]","[0.0, 0.0776074081659317, 0.0, 0.0, 0.0, 0.13077101111412048, 0.0, 0.0, 0.13077101111412048, 0.0, 0.0, 0.05533318966627121, 0.0, 0.13077101111412048, 0.0, 0.0, 0.0, 0.0, 0.0, 0.0, 0.0, 0.08423430472612381, 0.13077101111412048, 0.13077101111412048, 0.0, 0.07964256405830383, 0.0, 0.0, 0.0, 0.04932750016450882]",0.006497027566148715
28,1.0225826898367787,"[0.9761099744511033, 0.9933985253870994, 0.994009035728964, 0.990620216262158, 0.978417367037938, 0.9907583244855781, 0.9983014220925478, 0.9922771086433825, 0.9914172029521694, 1.006190814881483, 0.9906612731449682, 1.009801698491619, 1.0121767809120572, 1.0156500285551568, 0.9884968000899804, 1.010932880977229, 1.0040027843244463, 0.9780421966272249, 1.0017249879741525, 1.01912033767875, 1.0082811295669463, 1.0176246766458743, 1.0335029982701425, 0.9999840969533609, 1.000387330777119, 1.0110170170744297, 1.0216105184357411, 0.9949915414946878, 0.9980661312674534, 1.0079633888368351]","[1.0000317607700848, 0.9773999943279142, 0.9949484254988584, 0.9939046104123357, 1.008555869394107, 0.9915399855585375, 1.0221376711309158, 1.027674418076193, 1.0036855207626834, 0.9702494324817429, 0.9981709643778989, 1.0116771988705626, 1.002070767822957, 0.9894624257707463, 1.0135183527245568, 1.0068511252210763, 1.0036150983763361, 1.0231237747161728, 0.9903666762531661, 1.0214254363434574, 0.9879841359975272, 1.0051717190977878, 0.9751615491669945, 0.9782611675289219, 1.012564217624609, 1.0132312904261422, 1.0193879071767964, 1.0222401785303823, 0.9944850926785184, 1.0051376795920342]","[3.176077008482103e-05, -0.022600005672085755, -0.005051574501141576, -0.006095389587664313, 0.008555869394107019, -0.008460014441462493, 0.022137671130915804, 0.027674418076192975, 0.0036855207626833586, -0.02975056751825711, -0.0018290356221011272, 0.011677198870562622, 0.0020707678229570092, -0.010537574229253721, 0.013518352724556815, 0.006851125221076337, 0.003615098376336112, 0.023123774716172774, -0.0096333237468339, 0.021425436343457394, -0.012015864002472787, 0.005171719097787797, -0.02483845083300551, -0.021738832471078107, 0.01256421762460902, 0.01323129042614224, 0.019387907176796393, 0.022240178530382293, -0.005514907321481632, 0.00513767959203415]","[0.0, 0.09734825789928436, 0.0, 0.0, 0.0, 0.0, 0.0, 0.0, 0.10357224941253662, 0.09827205538749695, 0.08372411131858826, 0.10357224941253662, 0.0, 0.0, 0.10357224941253662, 0.0, 0.09922219812870026, 0.0, 0.0, 0.0, 0.0, 0.0, 0.0, 0.0, 0.0, 0.0, 0.10357224941253662, 0.0, 0.10357224941253662, 0.10357224941253662]","[0.0, 0.0, 1.1546278565150694e-22, 0.0, 0.0, 0.0, 0.0, 0.0, 0.0, 3.657173618027375e-24, 4.4675916943904815e-24, 0.0, 3.776936573217012e-24, 0.0, 0.0, 0.0, 0.0, 0.0, 8.759236877691497e-23, 0.0, 0.0, 0.0, 0.0, 0.0, 4.2131090274705356e-24, 0.0, 1.0, 1.147667200815927e-22, 1.1590859711704267e-22, 4.676212915694393e-24]","[0.0, 0.00020057423192014741, 0.004496897072919899, 0.004595713937862215, 0.0, 0.004147614951539474, 0.010648140961460724, 0.009671074572794808, 0.0, 0.004166260091677447, 0.006179766678521133, 0.0, 0.0, 0.004183502944403678, 0.018249257746089927, 0.0016437352315163039, 0.0027313143796632764, 0.0030904426863132056, 0.0, 0.0, 0.00020989296814538264, 0.0, 0.010834031589678607, 0.0, 0.005955445629214098, 0.0, 0.888813793468043, 0.01578112384537268, 0.004401417012863791, 0.0]","[0.0, 0.09734824299812317, 0.0, 0.0, 0.0, 0.0, 0.0, 0.0, 0.10357223451137543, 0.09827204048633575, 0.08372410386800766, 0.10357223451137543, 0.0, 0.0, 0.10357223451137543, 0.0, 0.09922218322753906, 0.0, 0.0, 0.0, 0.0, 0.0, 0.0, 0.0, 0.0, 0.0, 0.10357223451137543, 0.0, 0.10357223451137543, 0.10357223451137543]",-0.00032770998421459223
29,1.0228567192429063,"[1.0000317607700848, 0.9773999943279142, 0.9949484254988584, 0.9939046104123357, 1.008555869394107, 0.9915399855585375, 1.0221376711309158, 1.027674418076193, 1.0036855207626834, 0.9702494324817429, 0.9981709643778989, 1.0116771988705626, 1.002070767822957, 0.9894624257707463, 1.0135183527245568, 1.0068511252210763, 1.0036150983763361, 1.0231237747161728, 0.9903666762531661, 1.0214254363434574, 0.9879841359975272, 1.0051717190977878, 0.9751615491669945, 0.9782611675289219, 1.012564217624609, 1.0132312904261422, 1.0193879071767964, 1.0222401785303823, 0.9944850926785184, 1.0051376795920342]","[1.0123280473068508, 0.972238348785696, 0.997821052002704, 1.0085426503369443, 1.0017556313125706, 0.980451287150787, 0.9813044618152792, 0.9875177271095981, 1.0246809745532863, 1.0142939312780794, 1.0251338708609083, 1.014770056821101, 1.0005647258283206, 0.9970873890728656, 1.0175063768793975, 0.9954900267610008, 0.9877376111715644, 1.0313817207866642, 1.0036840459265093, 0.9939516856702769, 0.9931039584278921, 1.0118833171703896, 1.003137558679326, 1.0301451602531548, 1.0072606426856443, 1.0132496933773394, 0.9896900038364965, 0.9939582001523117, 0.9784732320001789, 1.0151402527005569]","[0.012328047306850776, -0.027761651214303962, -0.00217894799729601, 0.008542650336944346, 0.0017556313125706158, -0.019548712849213, -0.018695538184720806, -0.012482272890401935, 0.024680974553286328, 0.01429393127807943, 0.025133870860908347, 0.014770056821101107, 0.000564725828320567, -0.0029126109271343514, 0.01750637687939749, -0.004509973238999154, -0.012262388828435555, 0.031381720786664236, 0.003684045926509283, -0.006048314329723081, -0.0068960415721078805, 0.011883317170389596, 0.00313755867932608, 0.030145160253154835, 0.007260642685644303, 0.013249693377339389, -0.010309996163503476, -0.006041799847688267, -0.021526767999821117, 0.015140252700556855]","[0.11700336635112762, 0.11700336635112762, 0.11700336635112762, 0.0, 0.07921535521745682, 0.0, 0.09297437220811844, 0.11700336635112762, 0.0, 0.0, 0.10789952427148819, 0.11700336635112762, 0.0, 0.051915593445301056, 0.0, 0.0, 0.0, 0.0, 0.0, 0.0, 0.0, 0.0, 0.0, 0.0, 0.0, 0.08297832310199738, 0.0, 0.0, 0.0, 0.0]","[0.0, 8.512832430862348e-24, 0.0, 8.062252818844522e-24, 0.0, 2.277375221319056e-22, 0.0, 0.0, 0.0, 0.0, 0.0, 8.074620407553254e-24, 0.0, 0.0, 8.262648904882949e-24, 0.0, 0.0, 0.0, 2.8629375879010676e-22, 0.0, 1.1570232659646573e-22, 0.0, 0.0, 6.587195334446142e-23, 0.0, 0.0, 1.0, 0.0, 9.211491337861678e-24, 0.0]","[0.0, 0.01147360763938563, 0.014525030476045591, 0.0028946683631723884, 0.0, 0.0, 0.0, 0.0, 0.009794121286505255, 0.0, 0.0, 0.014273804983181006, 0.0, 0.0, 0.0, 0.0, 0.010295869865224124, 0.0, 0.004913184208255705, 0.0, 0.0017894808745306202, 0.0, 0.0, 0.010250385146760809, 0.0, 0.006889744417039093, 0.9088882558800953, 0.0, 0.0, 0.004011846859804545]","[0.11700337380170822, 0.11700337380170822, 0.11700337380170822, 0.0, 0.07921536266803741, 0.0, 0.09297437965869904, 0.11700337380170822, 0.0, 0.0, 0.10789953172206879, 0.11700337380170822, 0.0, 0.051915597170591354, 0.0, 0.0, 0.0, 0.0, 0.0, 0.0, 0.0, 0.0, 0.0, 0.0, 0.0, 0.08297833055257797, 0.0, 0.0, 0.0, 0.0]",-0.00013344696242607038
30,1.019561667831851,"[1.0123280473068508, 0.972238348785696, 0.997821052002704, 1.0085426503369443, 1.0017556313125706, 0.980451287150787, 0.9813044618152792, 0.9875177271095981, 1.0246809745532863, 1.0142939312780794, 1.0251338708609083, 1.014770056821101, 1.0005647258283206, 0.9970873890728656, 1.0175063768793975, 0.9954900267610008, 0.9877376111715644, 1.0313817207866642, 1.0036840459265093, 0.9939516856702769, 0.9931039584278921, 1.0118833171703896, 1.003137558679326, 1.0301451602531548, 1.0072606426856443, 1.0132496933773394, 0.9896900038364965, 0.9939582001523117, 0.9784732320001789, 1.0151402527005569]","[1.0019365551777895, 0.9994367098488424, 0.969708873098874, 1.0081989508298912, 0.9918662127065054, 1.0103078326947472, 1.0080575251582242, 0.9959801586461732, 0.9851713496623271, 1.0046359779222542, 1.0252451070534108, 1.0118693271324475, 0.9975214678072043, 1.0106852522208536, 0.9903406105569487, 0.9962039244605866, 1.0066372668643386, 0.9985377840893175, 1.0056993989573921, 0.9867070737728662, 0.9907855303682128, 0.9979934831436957, 0.9977152388403207, 0.997445334817616, 0.9975961156301495, 1.0076042142375732, 1.0125042399471118, 0.991571148639827, 1.0010359887307183, 1.0073280970856415]","[0.0019365551777894563, -0.000563290151157636, -0.03029112690112601, 0.008198950829891194, -0.008133787293494565, 0.010307832694747221, 0.008057525158224221, -0.004019841353826825, -0.014828650337672888, 0.004635977922254231, 0.025245107053410765, 0.011869327132447482, -0.0024785321927957016, 0.010685252220853592, -0.009659389443051336, -0.0037960755394134127, 0.006637266864338631, -0.0014622159106825183, 0.005699398957392132, -0.01329292622713385, -0.009214469631787181, -0.0020065168563042635, -0.0022847611596793493, -0.0025546651823840083, -0.0024038843698505064, 0.007604214237573181, 0.012504239947111806, -0.008428851360173018, 0.0010359887307183069, 0.007328097085641527]","[0.012008480727672577, 0.0, 0.0, 0.0, 0.0, 0.0, 0.0, 0.0, 0.0, 0.0, 0.0, 0.0, 0.0, 0.0, 0.0, 0.0, 0.05313314497470856, 0.15817563235759735, 0.0, 0.16529375314712524, 0.035228561609983444, 0.16529375314712524, 0.16529375314712524, 0.1084165871143341, 0.0, 0.0, 0.0, 0.0, 0.13715629279613495, 0.0]","[0.0, 0.0, 2.2672598163815154e-22, 0.0, 0.0, 0.0, 0.0, 2.259571822299593e-22, 2.261002215153151e-22, 0.0, 2.2721017782116975e-22, 2.2685650142360758e-22, 3.3711429814317846e-22, 2.814434807204691e-22, 0.0, 0.0, 0.0, 0.0, 4.48862878870462e-22, 0.0, 0.0, 0.0, 0.0, 2.559940088832044e-22, 0.0, 0.0, 1.0, 0.0, 0.0, 0.0]","[0.007148523584095237, 0.0, 0.014078806899006438, 0.0, 0.017593708757298994, 0.0, 0.0052945613509457114, 0.0029656468431692373, 0.0, 0.0021455861136310435, 0.009103560424914392, 0.0, 0.0, 0.005072038499722645, 0.0, 0.002750118501468845, 0.0, 0.0, 0.0, 0.007834275805854747, 0.007318712059245026, 0.0, 0.012163891460919297, 0.0, 0.0, 0.012206774778381379, 0.8884807291972324, 0.0, 0.005843065724114744, 0.0]","[0.012008480727672577, 0.0, 0.0, 0.0, 0.0, 0.0, 0.0, 0.0, 0.0, 0.0, 0.0, 0.0, 0.0, 0.0, 0.0, 0.0, 0.05313314497470856, 0.15817563235759735, 0.0, 0.16529375314712524, 0.035228561609983444, 0.16529375314712524, 0.16529375314712524, 0.1084165871143341, 0.0, 0.0, 0.0, 0.0, 0.13715629279613495, 0.0]",-0.0037543262144982925
31,1.0205621476145776,"[1.0019365551777895, 0.9994367098488424, 0.969708873098874, 1.0081989508298912, 0.9918662127065054, 1.0103078326947472, 1.0080575251582242, 0.9959801586461732, 0.9851713496623271, 1.0046359779222542, 1.0252451070534108, 1.0118693271324475, 0.9975214678072043, 1.0106852522208536, 0.9903406105569487, 0.9962039244605866, 1.0066372668643386, 0.9985377840893175, 1.0056993989573921, 0.9867070737728662, 0.9907855303682128, 0.9979934831436957, 0.9977152388403207, 0.997445334817616, 0.9975961156301495, 1.0076042142375732, 1.0125042399471118, 0.991571148639827, 1.0010359887307183, 1.0073280970856415]","[1.0253065017174678, 1.0106332314332844, 1.0086886013040461, 1.0005145387848613, 0.9818261086778606, 1.0041437062251217, 0.9903776288070308, 0.9894942644155327, 0.9920938623494502, 1.0124895469663904, 0.9935188806305318, 1.0050938106260858, 0.9916371057798375, 1.0231812936872036, 1.0049787898356188, 0.9943202707881895, 1.0006148676581037, 1.008058748875405, 1.0039798374097215, 1.0045453326007998, 0.9991960824354167, 0.9948955168160492, 0.9833654095747604, 1.015763781897804, 1.0087802426240497, 1.0100906489933932, 0.994613528665791, 0.995316097911453, 1.0092349979838275, 0.9967251622119225]","[0.025306501717467844, 0.010633231433284429, 0.00868860130404614, 0.0005145387848612959, -0.018173891322139424, 0.004143706225121724, -0.009622371192969159, -0.010505735584467324, -0.007906137650549816, 0.012489546966390375, -0.006481119369468158, 0.005093810626085826, -0.008362894220162453, 0.023181293687203564, 0.004978789835618835, -0.00567972921181048, 0.0006148676581037016, 0.00805874887540492, 0.0039798374097215206, 0.004545332600799812, -0.0008039175645833119, -0.0051044831839508475, -0.016634590425239626, 0.01576378189780403, 0.00878024262404975, 0.010090648993393181, -0.005386471334208998, -0.004683902088546965, 0.009234997983827542, -0.003274837788077467]","[0.0, 0.0, 0.0, 0.0, 0.0, 0.0, 0.10148757696151733, 0.10148757696151733, 0.0, 0.10148757696151733, 0.0, 0.10148757696151733, 0.10148757696151733, 0.0, 0.10148757696151733, 0.0, 0.0, 0.10148757696151733, 0.0, 0.10148757696151733, 0.0, 0.09706544131040573, 0.0, 0.0, 0.09103398025035858, 0.0, 0.0, 0.0, 0.0, 0.0]","[0.0, 0.0, 1.2413623873229015e-23, 0.0, 1.212709018832337e-23, 1.1835416288224493e-22, 0.0, 0.0, 0.0, 0.0, 0.0, 0.0, 0.0, 0.0, 0.0, 1.0847749659655204e-23, 0.0, 1.2021359574732275e-22, 1.222741937022361e-23, 0.0, 0.0, 0.0, 0.0, 1.8218111972798992e-22, 1.1155656745008397e-23, 0.0, 1.0, 1.1989702772727626e-22, 0.0, 0.0]","[0.010755776496704669, 0.001375025589211378, 0.0, 0.0, 0.00267250500645712, 0.007556511142713597, 0.0, 0.0, 0.004352186053715671, 0.0, 0.0, 0.020009422400817236, 0.0, 0.0, 0.0002499483868760497, 0.00503780598810658, 0.00537571848342102, 0.010259156469016128, 0.00015389579665292554, 0.0, 0.001279836341713846, 0.0, 0.0, 0.01244582240582507, 0.0034870678508812595, 0.0, 0.8976866818176577, 0.0015590393913772862, 0.015002594624122812, 0.0007410057547296463]","[0.0, 0.0, 0.0, 0.0, 0.0, 0.0, 0.10148757696151733, 0.10148757696151733, 0.0, 0.10148757696151733, 0.0, 0.10148757696151733, 0.10148757696151733, 0.0, 0.10148757696151733, 0.0, 0.0, 0.10148757696151733, 0.0, 0.10148757696151733, 0.0, 0.09706544131040573, 0.0, 0.0, 0.09103398025035858, 0.0, 0.0, 0.0, 0.0, 0.0]",0.0005289195592701098
32,1.0171056981467632,"[1.0253065017174678, 1.0106332314332844, 1.0086886013040461, 1.0005145387848613, 0.9818261086778606, 1.0041437062251217, 0.9903776288070308, 0.9894942644155327, 0.9920938623494502, 1.0124895469663904, 0.9935188806305318, 1.0050938106260858, 0.9916371057798375, 1.0231812936872036, 1.0049787898356188, 0.9943202707881895, 1.0006148676581037, 1.008058748875405, 1.0039798374097215, 1.0045453326007998, 0.9991960824354167, 0.9948955168160492, 0.9833654095747604, 1.015763781897804, 1.0087802426240497, 1.0100906489933932, 0.994613528665791, 0.995316097911453, 1.0092349979838275, 0.9967251622119225]","[0.9986359161549873, 1.0154312361159974, 1.0047373863555098, 1.0152668940911436, 1.0038684826309314, 0.9827161226131982, 0.9979505099970335, 0.9957012132877251, 0.9948480326338326, 1.0051179874469158, 1.0238660624125322, 0.9924827279943909, 0.9998406125420036, 0.9936507658211244, 0.9981565405074232, 0.9773175141634172, 1.0182014136026967, 0.9746437457922912, 1.0091784931446255, 0.9845438202308182, 0.9701375622832515, 0.9929300767287276, 1.0068571141234994, 0.9943944408572707, 1.0133088953601785, 0.9998750515306526, 0.9707560237264027, 0.9993406098337373, 0.980897204402509, 0.992475290886887]","[-0.0013640838450127424, 0.015431236115997393, 0.004737386355509798, 0.015266894091143568, 0.0038684826309314246, -0.017283877386801816, -0.002049490002966503, -0.004298786712274905, -0.005151967366167409, 0.005117987446915828, 0.023866062412532196, -0.0075172720056091435, -0.00015938745799637388, -0.006349234178875562, -0.0018434594925768044, -0.022682485836582833, 0.01820141360269667, -0.025356254207708817, 0.009178493144625488, -0.015456179769181788, -0.029862437716748458, -0.007069923271272427, 0.00685711412349943, -0.0056055591427293106, 0.013308895360178541, -0.0001249484693474079, -0.029243976273597316, -0.0006593901662627077, -0.01910279559749095, -0.007524709113112982]","[0.0, 0.0, 0.10422822088003159, 0.10422822088003159, 0.0, 0.0, 0.0, 0.0, 0.0, 0.10422822088003159, 0.0, 0.10422822088003159, 0.0, 0.0, 0.0, 0.09029466658830643, 0.0, 0.0, 0.0, 0.0, 0.0, 0.09284117817878723, 0.10422822088003159, 0.10422822088003159, 0.0, 0.0, 0.0, 0.0, 0.10422822088003159, 0.08726666122674942]","[0.0, 1.1876290062159654e-22, 0.0, 1.1908159797135996e-22, 0.0, 0.0, 0.0, 0.0, 0.0, 0.0, 0.0, 0.0, 0.0, 6.264350721653139e-23, 8.645621652046161e-24, 7.373070359232657e-24, 0.0, 1.1773712108373265e-22, 0.0, 0.0, 0.0, 0.0, 0.0, 0.0, 1.1886249363603484e-22, 0.0, 1.0, 0.0, 3.4148953818721756e-22, 6.39913356413443e-23]","[0.002428018736897755, 0.005551413044946613, 0.009666648227206765, 0.0008156920967015791, 0.0, 0.00045781419822840994, 0.0, 0.00825525919634263, 0.0, 0.0046623215928522435, 0.015082978892503448, 0.0027012750276662134, 0.0014230060371963114, 0.0, 0.019402501881923554, 0.020821199966363425, 0.0012840910624022015, 0.008211930264283396, 0.005550927620927165, 0.011437058958647061, 0.004376897505539654, 0.012711773071271595, 0.0028598552166289428, 0.0, 0.009023868918166289, 0.0, 0.8323639218610908, 0.0, 0.0, 0.020911546622213954]","[0.0, 0.0, 0.10422822088003159, 0.10422822088003159, 0.0, 0.0, 0.0, 0.0, 0.0, 0.10422822088003159, 0.0, 0.10422822088003159, 0.0, 0.0, 0.0, 0.09029466658830643, 0.0, 0.0, 0.0, 0.0, 0.0, 0.09284117817878723, 0.10422822088003159, 0.10422822088003159, 0.0, 0.0, 0.0, 0.0, 0.10422822088003159, 0.08726666122674942]",-0.0037922294874486863
33,1.0211186970708357,"[0.9986359161549873, 1.0154312361159974, 1.0047373863555098, 1.0152668940911436, 1.0038684826309314, 0.9827161226131982, 0.9979505099970335, 0.9957012132877251, 0.9948480326338326, 1.0051179874469158, 1.0238660624125322, 0.9924827279943909, 0.9998406125420036, 0.9936507658211244, 0.9981565405074232, 0.9773175141634172, 1.0182014136026967, 0.9746437457922912, 1.0091784931446255, 0.9845438202308182, 0.9701375622832515, 0.9929300767287276, 1.0068571141234994, 0.9943944408572707, 1.0133088953601785, 0.9998750515306526, 0.9707560237264027, 0.9993406098337373, 0.980897204402509, 0.992475290886887]","[1.0158415032904693, 0.9834226344345874, 1.002214647336451, 1.0135987255598777, 1.0040898702186016, 1.0100852599593269, 1.0299412124669671, 1.0073168183011179, 1.0027977779202484, 0.9775589057105556, 0.9800886873471617, 1.0011236224577127, 1.0096324989035546, 0.9940001957496908, 0.994483732944369, 1.0239509788044499, 0.9932076341332485, 1.0073170956235953, 0.9894191751845994, 0.9874345997349949, 0.9924514863209956, 0.9923328395008326, 1.012399779982019, 0.9938405686089089, 1.026876428676563, 1.0075165130608215, 0.9886415404858104, 0.991988658004393, 1.011811084989219, 1.0042185867092743]","[0.015841503290469294, -0.01657736556541256, 0.0022146473364510477, 0.013598725559877733, 0.004089870218601632, 0.010085259959326853, 0.029941212466967126, 0.007316818301117856, 0.002797777920248379, -0.022441094289444408, -0.019911312652838298, 0.0011236224577126919, 0.009632498903554554, -0.005999804250309215, -0.005516267055631019, 0.02395097880444985, -0.006792365866751471, 0.007317095623595282, -0.010580824815400569, -0.012565400265005078, -0.007548513679004443, -0.00766716049916738, 0.012399779982019021, -0.006159431391091097, 0.026876428676563036, 0.007516513060821461, -0.011358459514189567, -0.008011341995607046, 0.011811084989219012, 0.00421858670927433]","[0.0, 0.0, 0.0, 0.10294631123542786, 0.10294631123542786, 0.0, 0.0, 0.10294631123542786, 0.0, 0.0, 0.0, 0.0, 0.10294631123542786, 0.0, 0.10294631123542786, 0.0, 0.0, 0.10098766535520554, 0.0, 0.0, 0.08689610660076141, 0.0, 0.0, 0.0, 0.10294631123542786, 0.0, 0.10294631123542786, 0.09149213135242462, 0.0, 0.0]","[0.0, 0.0, 0.0, 0.0, 2.2641026266046927e-22, 0.0, 1.736066344339109e-22, 2.301525985617881e-22, 0.0, 0.0, 1.0, 0.0, 0.0, 0.0, 2.2761901643302822e-22, 0.0, 0.0, 0.0, 0.0, 1.21387662464633e-22, 0.0, 1.1899854378633375e-22, 0.0, 0.0, 2.275937403219784e-22, 0.0, 3.4088905826764704e-22, 0.0, 3.4068124479985073e-22, 0.0]","[0.00522222669255482, 0.0012089224944647724, 0.00015679401443943942, 0.016714960852596376, 0.0, 0.0, 0.007935890575839537, 0.0, 0.0, 0.0023498795481781314, 0.8992552178946992, 0.0, 0.0032095315575263106, 0.002634884167348468, 0.0, 0.0, 0.0004858429933511732, 0.0, 0.013516051458758943, 0.004229215961372185, 0.0, 0.0044380276016131705, 0.0, 0.0072895136762771194, 0.0, 0.0, 0.018026256886143326, 0.008974973685632373, 0.0, 0.004351809939204843]","[0.0, 0.0, 0.0, 0.10294629633426666, 0.10294629633426666, 0.0, 0.0, 0.10294629633426666, 0.0, 0.0, 0.0, 0.0, 0.10294629633426666, 0.0, 0.10294629633426666, 0.0, 0.0, 0.10098765045404434, 0.0, 0.0, 0.08689609915018082, 0.0, 0.0, 0.0, 0.10294629633426666, 0.0, 0.10294629633426666, 0.09149212390184402, 0.0, 0.0]",0.003549476787252052
34,1.0232608438203201,"[1.0158415032904693, 0.9834226344345874, 1.002214647336451, 1.0135987255598777, 1.0040898702186016, 1.0100852599593269, 1.0299412124669671, 1.0073168183011179, 1.0027977779202484, 0.9775589057105556, 0.9800886873471617, 1.0011236224577127, 1.0096324989035546, 0.9940001957496908, 0.994483732944369, 1.0239509788044499, 0.9932076341332485, 1.0073170956235953, 0.9894191751845994, 0.9874345997349949, 0.9924514863209956, 0.9923328395008326, 1.012399779982019, 0.9938405686089089, 1.026876428676563, 1.0075165130608215, 0.9886415404858104, 0.991988658004393, 1.011811084989219, 1.0042185867092743]","[0.99342905309596, 1.0057313526911842, 0.9881949359960043, 0.9933760107521418, 1.0109729942061156, 1.0220549799645167, 0.9994156278041049, 1.0083253125258502, 0.9971437109819191, 1.0022840288873252, 0.9994744852346907, 1.0003978312218333, 1.0151617563763518, 0.988399173713124, 1.0020741850229558, 0.9897021845706825, 1.0143619855140014, 1.0236424410705456, 1.0032860651944744, 0.9581706964678155, 1.011766803632691, 1.012894096292366, 0.9922090236734462, 0.9979585262143397, 1.0032787616539984, 0.9994069749836294, 0.9871530328546914, 0.9841847890119515, 1.0160068087892906, 0.9904018374701136]","[-0.0065709469040400315, 0.005731352691184188, -0.011805064003995724, -0.006623989247858231, 0.010972994206115638, 0.022054979964516663, -0.0005843721958951331, 0.008325312525850226, -0.002856289018080882, 0.0022840288873251513, -0.0005255147653092651, 0.00039783122183334463, 0.015161756376351754, -0.011600826286875976, 0.0020741850229557546, -0.010297815429317514, 0.014361985514001363, 0.023642441070545583, 0.0032860651944743857, -0.0418293035321845, 0.011766803632691003, 0.012894096292366042, -0.007790976326553789, -0.0020414737856603304, 0.00327876165399843, -0.0005930250163705963, -0.012846967145308641, -0.0158152109880485, 0.016006808789290616, -0.009598162529886434]","[0.10000001639127731, 0.0, 0.0, 0.0, 0.0, 0.0, 0.10000001639127731, 0.0, 0.0, 0.10000001639127731, 0.10000001639127731, 0.0, 0.0, 0.10000001639127731, 0.0, 0.0, 0.0, 0.10000001639127731, 0.0, 0.0, 0.10000001639127731, 0.0, 0.0, 0.0, 0.0, 0.10000001639127731, 0.10000001639127731, 0.0, 0.10000001639127731, 0.0]","[0.0, 5.630156213727954e-22, 0.0, 0.0, 0.0, 0.0, 0.0, 2.3238047830502457e-22, 0.0, 0.0, 1.0, 0.0, 2.302367603907255e-22, 0.0, 0.0, 2.318851803253313e-22, 0.0, 0.0, 3.1142324457779336e-22, 0.0, 0.0, 0.0, 2.2988334421249144e-22, 4.1023173437449794e-22, 0.0, 0.0, 2.868066156395035e-22, 0.0, 0.0, 4.240957737407512e-22]","[0.0, 0.0021077610283388878, 0.008678250430029493, 0.0, 0.0, 0.0, 0.0, 0.0, 0.009627249364193353, 0.01662843300559707, 0.926452286178767, 0.02131315936976854, 0.0033434106563834933, 0.0007467005186951431, 0.0, 0.0, 0.0024300052201657882, 0.0, 0.005821826625413694, 0.0, 0.0, 0.002630150573127947, 0.0, 0.00022076702951957396, 0.0, 0.0, 0.0, 0.0, 0.0, 0.0]","[0.10000000149011612, 0.0, 0.0, 0.0, 0.0, 0.0, 0.10000000149011612, 0.0, 0.0, 0.10000000149011612, 0.10000000149011612, 0.0, 0.0, 0.10000000149011612, 0.0, 0.0, 0.0, 0.10000000149011612, 0.0, 0.0, 0.10000000149011612, 0.0, 0.0, 0.0, 0.0, 0.10000000149011612, 0.10000000149011612, 0.0, 0.10000000149011612, 0.0]",0.00158192076397829
35,1.022875316127414,"[0.99342905309596, 1.0057313526911842, 0.9881949359960043, 0.9933760107521418, 1.0109729942061156, 1.0220549799645167, 0.9994156278041049, 1.0083253125258502, 0.9971437109819191, 1.0022840288873252, 0.9994744852346907, 1.0003978312218333, 1.0151617563763518, 0.988399173713124, 1.0020741850229558, 0.9897021845706825, 1.0143619855140014, 1.0236424410705456, 1.0032860651944744, 0.9581706964678155, 1.011766803632691, 1.012894096292366, 0.9922090236734462, 0.9979585262143397, 1.0032787616539984, 0.9994069749836294, 0.9871530328546914, 0.9841847890119515, 1.0160068087892906, 0.9904018374701136]","[1.0047817643507744, 0.9943928560106502, 0.9882242486181496, 1.0069808244262841, 1.0203269252466, 1.0104454436809467, 0.9955377888016398, 0.9958309013952538, 1.0029346747964794, 1.0192259174018599, 0.9939962900368532, 1.024263517183789, 1.0039904359220602, 1.0168641152605065, 1.0075846607762788, 0.969033557891597, 0.9804936295041135, 1.0206616616004107, 1.0229455773596028, 1.0108914083571023, 0.9985437217370381, 1.0232407686398621, 0.9922262805497674, 1.0039927150723014, 0.9922427929013397, 1.0232417244113505, 1.0039807729520696, 1.0048276615445573, 0.9954105317283509, 0.9974219463880217]","[0.004781764350774376, -0.005607143989349805, -0.011775751381850386, 0.006980824426284116, 0.02032692524660007, 0.010445443680946687, -0.004462211198360211, -0.004169098604746235, 0.002934674796479353, 0.01922591740185986, -0.006003709963146808, 0.024263517183789052, 0.003990435922060165, 0.016864115260506463, 0.00758466077627884, -0.030966442108403047, -0.01950637049588655, 0.02066166160041072, 0.022945577359602787, 0.010891408357102339, -0.0014562782629619075, 0.02324076863986213, -0.007773719450232641, 0.003992715072301367, -0.007757207098660346, 0.02324172441135053, 0.003980772952069556, 0.004827661544557271, -0.0045894682716490776, -0.0025780536119782704]","[0.0, 0.08347033709287643, 0.1068539246916771, 0.0, 0.0, 0.0, 0.0, 0.1068539246916771, 0.1068539246916771, 0.0, 0.0, 0.0, 0.1068539246916771, 0.0, 0.0, 0.10195426642894745, 0.0, 0.0, 0.0, 0.08850748091936111, 0.0, 0.0, 0.0, 0.1068539246916771, 0.0, 0.1068539246916771, 0.08494429290294647, 0.0, 0.0, 0.0]","[0.0, 1.2030802839733472e-22, 1.0896640679355425e-23, 0.0, 0.0, 0.0, 0.0, 1.2096257636880008e-23, 1.070958975633211e-23, 1.1921605786127412e-22, 1.0, 0.0, 9.631269712516295e-24, 0.0, 0.0, 0.0, 0.0, 3.441145693800309e-22, 0.0, 0.0, 0.0, 0.0, 0.0, 0.0, 0.0, 0.0, 6.621041225462783e-23, 8.216178088869539e-24, 0.0, 0.0]","[0.004387113174445907, 0.0, 0.010919252426958317, 0.0, 0.009336193939515222, 0.006406126933655797, 0.0020122790513052683, 0.017288268276257138, 0.0, 0.0, 0.893803716054645, 0.005291347827075767, 0.0001939606343356507, 0.007455320997066397, 0.0, 0.0034387766014633524, 0.0, 0.010699198911014469, 0.012546929503304485, 0.006888812811513221, 0.0, 0.0, 0.0, 0.0, 0.0, 0.007472229032092654, 0.0, 0.0, 0.0018604738253514492, 0.0]","[0.0, 0.08347034454345703, 0.10685393214225769, 0.0, 0.0, 0.0, 0.0, 0.10685393214225769, 0.10685393214225769, 0.0, 0.0, 0.0, 0.10685393214225769, 0.0, 0.0, 0.10195427387952805, 0.0, 0.0, 0.0, 0.08850748836994171, 0.0, 0.0, 0.0, 0.10685393214225769, 0.0, 0.10685393214225769, 0.08494430035352707, 0.0, 0.0, 0.0]",-0.0008125904719479563
36,1.017631013430737,"[1.0047817643507744, 0.9943928560106502, 0.9882242486181496, 1.0069808244262841, 1.0203269252466, 1.0104454436809467, 0.9955377888016398, 0.9958309013952538, 1.0029346747964794, 1.0192259174018599, 0.9939962900368532, 1.024263517183789, 1.0039904359220602, 1.0168641152605065, 1.0075846607762788, 0.969033557891597, 0.9804936295041135, 1.0206616616004107, 1.0229455773596028, 1.0108914083571023, 0.9985437217370381, 1.0232407686398621, 0.9922262805497674, 1.0039927150723014, 0.9922427929013397, 1.0232417244113505, 1.0039807729520696, 1.0048276615445573, 0.9954105317283509, 0.9974219463880217]","[1.001680457446791, 1.0092682941856612, 0.9928020573829344, 1.009142298634642, 1.0090443015708435, 0.9905849450854611, 1.004056925996223, 0.9928140165543202, 0.9926834213216258, 1.0049428655625938, 1.0051471933428744, 0.992140434981017, 0.9870858356669036, 1.0065614991232754, 0.9738886128091759, 1.0018219214605446, 0.9960437215957915, 0.9868687359190038, 1.0243448523018912, 0.9961809237841015, 0.9886714083822504, 0.9922343931972061, 1.0157106344324172, 0.9938726845088381, 0.9707577284645023, 1.003821176717572, 1.0052943296926449, 0.9936643716489305, 1.004642646672235, 1.0033539351119591]","[0.0016804574467910172, 0.009268294185661219, -0.0071979426170656335, 0.00914229863464211, 0.00904430157084346, -0.009415054914538867, 0.004056925996223093, -0.007185983445679778, -0.007316578678374208, 0.004942865562593823, 0.00514719334287439, -0.007859565018982995, -0.012914164333096445, 0.006561499123275416, -0.026111387190824065, 0.0018219214605446066, -0.003956278404208535, -0.013131264080996186, 0.024344852301891207, -0.003819076215898498, -0.011328591617749573, -0.007765606802793923, 0.01571063443241716, -0.0061273154911618555, -0.029242271535497744, 0.0038211767175719835, 0.005294329692644872, -0.006335628351069489, 0.004642646672234907, 0.0033539351119591387]","[0.0, 0.0, 0.0, 0.0, 0.0, 0.10947468876838684, 0.0, 0.0, 0.0911615788936615, 0.0, 0.0, 0.0, 0.09641645103693008, 0.10947468876838684, 0.10947468876838684, 0.0713358074426651, 0.0, 0.0, 0.0, 0.08423808962106705, 0.0, 0.10947468876838684, 0.0, 0.0, 0.0, 0.10947468876838684, 0.10947468876838684, 0.0, 0.0, 0.0]","[3.3939455637389554e-22, 0.0, 0.0, 0.0, 0.0, 0.0, 3.660542358358786e-22, 3.3864621369745303e-22, 0.0, 0.0, 0.0, 3.3854664171108823e-22, 0.0, 6.703515782921124e-22, 0.0, 3.3960111279492087e-22, 0.0, 0.0, 1.0, 0.0, 0.0, 0.0, 0.0, 0.0, 8.381557798334436e-22, 0.0, 0.0, 0.0, 3.382081762188637e-22, 3.387278251360023e-22]","[0.0, 0.0, 0.0, 0.0, 0.0, 0.01016176442000444, 0.001114394035936716, 0.0, 0.009198747505627406, 0.013930368837126717, 0.0, 0.0, 0.0, 0.0033439614114570376, 0.0, 0.02248945032623206, 0.0, 0.0006697048845483558, 0.8902373294264417, 0.009276386137916507, 0.005127957446672531, 0.003106682241519651, 0.009721200715395877, 0.0002961040215825934, 0.003007323687364844, 0.0068495168392791895, 0.011469108062894327, 0.0, 0.0, 0.0]","[0.0, 0.0, 0.0, 0.0, 0.0, 0.10947468876838684, 0.0, 0.0, 0.0911615788936615, 0.0, 0.0, 0.0, 0.09641645103693008, 0.10947468876838684, 0.10947468876838684, 0.0713358074426651, 0.0, 0.0, 0.0, 0.08423808962106705, 0.0, 0.10947468876838684, 0.0, 0.0, 0.0, 0.10947468876838684, 0.10947468876838684, 0.0, 0.0, 0.0]",-0.005566268199494169
37,1.0179871826755662,"[1.001680457446791, 1.0092682941856612, 0.9928020573829344, 1.009142298634642, 1.0090443015708435, 0.9905849450854611, 1.004056925996223, 0.9928140165543202, 0.9926834213216258, 1.0049428655625938, 1.0051471933428744, 0.992140434981017, 0.9870858356669036, 1.0065614991232754, 0.9738886128091759, 1.0018219214605446, 0.9960437215957915, 0.9868687359190038, 1.0243448523018912, 0.9961809237841015, 0.9886714083822504, 0.9922343931972061, 1.0157106344324172, 0.9938726845088381, 0.9707577284645023, 1.003821176717572, 1.0052943296926449, 0.9936643716489305, 1.004642646672235, 1.0033539351119591]","[1.004365021048127, 0.995581045106024, 1.0048107851609402, 0.9989152001911398, 1.0146715683778142, 0.9853241821831852, 1.0027090922140867, 0.9867702526447718, 0.9830618716512058, 1.0094842955405023, 1.0189169080406606, 1.0013541330287143, 1.0317527030056302, 0.9792365395484217, 0.9843648310695846, 0.9837995111578061, 0.9859236785068709, 1.0182536070505017, 0.9915889346156374, 1.001827471835923, 1.0016763205027337, 1.0085075339101224, 0.9993907068018978, 1.0037798748138063, 0.9848913475872586, 0.9998320203848794, 1.005113819626522, 1.015928792114701, 1.005777013548397, 0.9702469882138223]","[0.004365021048126971, -0.004418954893976035, 0.004810785160940245, -0.0010847998088602262, 0.014671568377814248, -0.014675817816814818, 0.0027090922140866613, -0.013229747355228194, -0.016938128348794157, 0.009484295540502341, 0.018916908040660596, 0.0013541330287143438, 0.031752703005630156, -0.020763460451578286, -0.01563516893041539, -0.01620048884219394, -0.014076321493129096, 0.01825360705050172, -0.008411065384362648, 0.0018274718359230224, 0.001676320502733697, 0.008507533910122378, -0.000609293198102212, 0.003779874813806261, -0.015108652412741397, -0.00016797961512060589, 0.005113819626521909, 0.015928792114701107, 0.005777013548396992, -0.02975301178617773]","[0.11680258065462112, 0.0, 0.08844919502735138, 0.04033077880740166, 0.0, 0.0, 0.0, 0.12261311709880829, 0.12261311709880829, 0.0, 0.0, 0.0, 0.11984644830226898, 0.0, 0.1086152046918869, 0.0, 0.0, 0.06269453465938568, 0.09542191028594971, 0.0, 0.0, 0.0, 0.0, 0.0, 0.0, 0.0, 0.0, 0.0, 0.12261311709880829, 0.0]","[0.0, 7.838889225414069e-22, 0.0, 0.0, 0.0, 0.0, 6.496741588368819e-22, 3.4605885478031684e-22, 0.0, 0.0, 4.519390364175302e-22, 3.4559794781424724e-22, 0.0, 0.0, 3.469489956235552e-22, 0.0, 0.0, 0.0, 1.0, 3.456738967968929e-22, 0.0, 0.0, 0.0, 4.001290193061606e-22, 0.0, 0.0, 0.0, 0.0, 0.0, 3.4556220703804433e-22]","[0.0, 0.01611831868511369, 0.0, 0.0, 0.0, 0.0023286821361196744, 0.0, 0.0, 0.01451261554119156, 0.0016629826234826944, 0.003927207305535615, 0.01301153830884547, 0.005027035515006549, 0.0, 0.010352166825823328, 0.0019518846057054824, 0.001110753334121979, 0.005287618928472026, 0.8954550134802032, 0.0, 0.0, 0.01157775304069798, 0.0, 0.004551137523713936, 0.0, 0.003877028346429403, 0.004356558556267841, 0.0, 0.0, 0.004891705243269554]","[0.11680258065462112, 0.0, 0.08844919502735138, 0.04033077880740166, 0.0, 0.0, 0.0, 0.12261311709880829, 0.12261311709880829, 0.0, 0.0, 0.0, 0.11984644830226898, 0.0, 0.1086152046918869, 0.0, 0.0, 0.06269453465938568, 0.09542191028594971, 0.0, 0.0, 0.0, 0.0, 0.0, 0.0, 0.0, 0.0, 0.0, 0.12261311709880829, 0.0]",-3.6054434202418206e-05
38,1.0178215413780056,"[1.004365021048127, 0.995581045106024, 1.0048107851609402, 0.9989152001911398, 1.0146715683778142, 0.9853241821831852, 1.0027090922140867, 0.9867702526447718, 0.9830618716512058, 1.0094842955405023, 1.0189169080406606, 1.0013541330287143, 1.0317527030056302, 0.9792365395484217, 0.9843648310695846, 0.9837995111578061, 0.9859236785068709, 1.0182536070505017, 0.9915889346156374, 1.001827471835923, 1.0016763205027337, 1.0085075339101224, 0.9993907068018978, 1.0037798748138063, 0.9848913475872586, 0.9998320203848794, 1.005113819626522, 1.015928792114701, 1.005777013548397, 0.9702469882138223]","[0.990361613626009, 1.0154400411250715, 1.0065854501918599, 0.9997688327468801, 0.9923527454399421, 0.9966128218468991, 0.9902979807861492, 1.0098193181766757, 1.0010314407476935, 0.9934089829931717, 1.0053841381516722, 0.9994931717826223, 0.9967951547510568, 0.9976324263093117, 1.009169662106479, 0.9978156475636961, 0.9840397719864044, 0.9934769651682848, 1.0203038174395076, 1.0069915678867565, 1.0036664797756967, 0.9867357861615311, 1.0015106900552784, 1.0095171977661292, 1.023260424741596, 1.001593393530326, 1.0050878746276135, 1.0048680303359943, 0.9856914525800343, 1.0222709452847065]","[-0.009638386373990948, 0.015440041125071469, 0.006585450191859854, -0.0002311672531198905, -0.007647254560057881, -0.003387178153100856, -0.009702019213850832, 0.009819318176675695, 0.0010314407476934573, -0.0065910170068282925, 0.005384138151672158, -0.0005068282173776861, -0.0032048452489431556, -0.002367573690688296, 0.00916966210647896, -0.0021843524363038824, -0.015960228013595645, -0.006523034831715235, 0.0203038174395076, 0.006991567886756478, 0.003666479775696674, -0.013264213838468875, 0.0015106900552783742, 0.009517197766129248, 0.023260424741595953, 0.0015933935303260593, 0.005087874627613509, 0.004868030335994256, -0.014308547419965678, 0.022270945284706523]","[0.0, 0.0, 0.10341311246156693, 0.10341311246156693, 0.0, 0.0, 0.08598094433546066, 0.0, 0.0, 0.10341311246156693, 0.0, 0.0, 0.08671411126852036, 0.0, 0.10341311246156693, 0.0, 0.0, 0.10341311246156693, 0.0, 0.0, 0.10341311246156693, 0.0, 0.10341311246156693, 0.0, 0.0, 0.10341311246156693, 0.0, 0.0, 0.0, 0.0]","[0.0, 0.0, 0.0, 0.0, 0.0, 0.0, 3.4397915918697843e-22, 1.2304951956623848e-22, 0.0, 0.0, 1.0, 0.0, 0.0, 2.3086438708788616e-22, 2.306510862173515e-22, 1.2199773021505315e-22, 0.0, 0.0, 0.0, 0.0, 1.226356400900549e-22, 2.3338915499333663e-22, 0.0, 0.0, 0.0, 0.0, 3.4354152793169593e-22, 0.0, 0.0, 1.2049885136662842e-22]","[0.0018764679720207288, 0.011221092150367923, 0.013362824215435542, 0.0, 0.0037712960375604508, 0.008444721405148226, 0.0, 0.00588079469469889, 0.0, 0.0020423139668454596, 0.9001031326497897, 0.0, 0.0, 0.011661792917647943, 0.0, 0.0, 0.0, 0.0, 0.0021190283721681906, 0.0, 0.009232707163001033, 0.008663132323938507, 0.0, 0.0, 0.0, 0.0, 0.0, 0.02162069613137744, 0.0, 0.0]","[0.0, 0.0, 0.10341311991214752, 0.10341311991214752, 0.0, 0.0, 0.08598095178604126, 0.0, 0.0, 0.10341311991214752, 0.0, 0.0, 0.08671411871910095, 0.0, 0.10341311991214752, 0.0, 0.0, 0.10341311991214752, 0.0, 0.0, 0.10341311991214752, 0.0, 0.10341311991214752, 0.0, 0.0, 0.10341311991214752, 0.0, 0.0, 0.0, 0.0]",-0.0005552824658804664
39,1.0184581185990245,"[0.990361613626009, 1.0154400411250715, 1.0065854501918599, 0.9997688327468801, 0.9923527454399421, 0.9966128218468991, 0.9902979807861492, 1.0098193181766757, 1.0010314407476935, 0.9934089829931717, 1.0053841381516722, 0.9994931717826223, 0.9967951547510568, 0.9976324263093117, 1.009169662106479, 0.9978156475636961, 0.9840397719864044, 0.9934769651682848, 1.0203038174395076, 1.0069915678867565, 1.0036664797756967, 0.9867357861615311, 1.0015106900552784, 1.0095171977661292, 1.023260424741596, 1.001593393530326, 1.0050878746276135, 1.0048680303359943, 0.9856914525800343, 1.0222709452847065]","[0.988009915044285, 1.0077300489530967, 1.0093851393760922, 1.0009148123118363, 1.0049837700970088, 0.9942050158146515, 1.0167518960284503, 0.9903236071988982, 1.0045983063045625, 0.9764506957372405, 1.0038506058422767, 0.9962713704544549, 0.9910185009709864, 0.9921427574849655, 1.0186628718468358, 1.0011948325475957, 0.977191741395661, 1.007811670715228, 1.0100807530046387, 0.9891570476424103, 1.0046808337706004, 1.0034337971841631, 1.0048688328806408, 0.9652547734588411, 0.9863968165424524, 1.0044672848203169, 0.9914500428289416, 1.0120853736023472, 0.9956359072686602, 1.0053960401035729]","[-0.011990084955714964, 0.007730048953096702, 0.0093851393760922, 0.0009148123118363216, 0.004983770097008788, -0.005794984185348517, 0.016751896028450286, -0.009676392801101774, 0.004598306304562483, -0.023549304262759474, 0.0038506058422766998, -0.0037286295455450924, -0.008981499029013573, -0.007857242515034502, 0.018662871846835793, 0.00119483254759567, -0.022808258604338993, 0.007811670715228036, 0.010080753004638732, -0.010842952357589697, 0.004680833770600357, 0.0034337971841631454, 0.004868832880640772, -0.03474522654115886, -0.01360318345754763, 0.004467284820316886, -0.008549957171058442, 0.012085373602347182, -0.004364092731339753, 0.005396040103572863]","[0.0, 0.10144252330064774, 0.10144252330064774, 0.0, 0.0, 0.10144252330064774, 0.09149545431137085, 0.0, 0.0, 0.0, 0.0, 0.10144252330064774, 0.0, 0.10144252330064774, 0.09696438163518906, 0.0, 0.0, 0.0, 0.0, 0.0, 0.0, 0.0, 0.0, 0.0, 0.10144252330064774, 0.0, 0.10144252330064774, 0.0, 0.10144252330064774, 0.0]","[0.0, 0.0, 0.0, 0.0, 1.1927265949404032e-22, 0.0, 6.511407197149418e-23, 0.0, 0.0, 0.0, 0.0, 0.0, 0.0, 0.0, 0.0, 1.1258380042718791e-23, 2.306198702856711e-22, 1.306275315605494e-23, 1.0, 0.0, 2.313725464585629e-22, 0.0, 0.0, 1.2029547426767378e-22, 1.0227141843154265e-23, 0.0, 0.0, 1.2057297168649559e-22, 0.0, 0.0]","[0.0, 0.0, 0.010585025774789867, 0.0, 0.0024359129837864743, 0.019301995077289403, 0.006537953577878141, 0.0, 0.0, 0.015353829184948382, 0.004004554884270132, 0.0, 0.0, 0.0, 0.00807394576688875, 0.0006283500634627852, 0.006469897510119592, 0.006041664619484666, 0.9085005844357298, 0.0, 0.001682161228912038, 0.0, 0.0, 0.0, 0.006629767024144802, 0.0, 0.0, 0.0, 0.003754357868295071, 0.0]","[0.0, 0.10144250839948654, 0.10144250839948654, 0.0, 0.0, 0.10144250839948654, 0.09149544686079025, 0.0, 0.0, 0.0, 0.0, 0.10144250839948654, 0.0, 0.10144250839948654, 0.09696436673402786, 0.0, 0.0, 0.0, 0.0, 0.0, 0.0, 0.0, 0.0, 0.0, 0.10144250839948654, 0.0, 0.10144250839948654, 0.0, 0.10144250839948654, 0.0]",0.00023875580177091274
40,1.0153347036153628,"[0.988009915044285, 1.0077300489530967, 1.0093851393760922, 1.0009148123118363, 1.0049837700970088, 0.9942050158146515, 1.0167518960284503, 0.9903236071988982, 1.0045983063045625, 0.9764506957372405, 1.0038506058422767, 0.9962713704544549, 0.9910185009709864, 0.9921427574849655, 1.0186628718468358, 1.0011948325475957, 0.977191741395661, 1.007811670715228, 1.0100807530046387, 0.9891570476424103, 1.0046808337706004, 1.0034337971841631, 1.0048688328806408, 0.9652547734588411, 0.9863968165424524, 1.0044672848203169, 0.9914500428289416, 1.0120853736023472, 0.9956359072686602, 1.0053960401035729]","[0.9957534185626014, 1.0049874002749593, 1.0058481276075002, 0.9979590423007609, 1.0136551642348, 0.998543794973215, 1.0021289019987685, 1.008933371532152, 1.0188607955569338, 0.9964065785401558, 1.0158192460603466, 1.0061832238346902, 0.9944488315329426, 1.001905876176289, 0.9983752992201106, 1.0003209194089135, 0.9761969645597842, 0.9794069039155183, 1.003996250350385, 0.9997068076918519, 1.0274973007777524, 0.9958556354552605, 1.0270351108073166, 0.9955876470430598, 1.0215007460696135, 0.9973841067759835, 1.0042373060411782, 1.0035945859995068, 0.9937985533094731, 0.9931342586096162]","[-0.004246581437398644, 0.004987400274959253, 0.0058481276075001976, -0.0020409576992390654, 0.013655164234799955, -0.0014562050267850069, 0.002128901998768473, 0.008933371532152012, 0.018860795556933763, -0.003593421459844204, 0.01581924606034657, 0.006183223834690166, -0.005551168467057388, 0.001905876176288901, -0.0016247007798894098, 0.00032091940891354476, -0.02380303544021578, -0.020593096084481677, 0.003996250350384978, -0.0002931923081480603, 0.027497300777752365, -0.004144364544739543, 0.027035110807316576, -0.004412352956940202, 0.021500746069613497, -0.0026158932240164523, 0.004237306041178224, 0.003594585999506794, -0.006201446690526913, -0.006865741390383762]","[0.0, 0.0, 0.0, 0.10266310721635818, 0.0, 0.0, 0.0, 0.0, 0.0, 0.0, 0.11617995798587799, 0.0, 0.08443288505077362, 0.0, 0.0, 0.07579034566879272, 0.11617995798587799, 0.0, 0.0, 0.0, 0.0, 0.0, 0.0, 0.09420909732580185, 0.0, 0.10743381083011627, 0.0, 0.11617995798587799, 0.11617995798587799, 0.07075084745883942]","[-1.006642312179913e-22, 0.0, 0.0, 7.91853648745384e-24, 0.0, 7.207285030802322e-24, 0.0, 0.0, -1.0157865263598006e-22, 0.0, -3.553119579146313e-23, 0.0, 0.0, 0.0, 0.0, 0.0, 7.772896463278992e-24, 1.1488121403141818e-23, 1.0, 0.0, 0.0, 0.0, 0.0, -1.0245551156682416e-22, 0.0, 0.0, 0.0, 8.374862414987304e-24, 0.0, 0.0]","[0.0, 0.0020761671859688365, 0.0, 0.004500715189598999, 0.0014315602831333743, 0.0, 0.0, 0.002968037855043294, 0.019705802903500304, 0.005003049846879869, 0.0, 0.01616649855833882, 0.017555029783933883, 0.003619120792309456, 0.00045966932785656834, 0.0, 0.014818706432449747, 0.0, 0.8772076192068654, 0.0, 0.0, 0.0, 0.012680751473985686, 0.005473351320224023, 0.0031924328220714246, 0.0065788505511166, 0.0, 0.0, 0.00048548678693836764, 0.006077149679785309]","[0.0, 0.0, 0.0, 0.10266312211751938, 0.0, 0.0, 0.0, 0.0, 0.0, 0.0, 0.11617997288703918, 0.0, 0.08443289250135422, 0.0, 0.0, 0.07579035311937332, 0.11617997288703918, 0.0, 0.0, 0.0, 0.0, 0.0, 0.0, 0.09420911222696304, 0.0, 0.10743382573127747, 0.0, 0.11617997288703918, 0.11617997288703918, 0.07075085490942001]",-0.003469517251775919
41,1.0136904091160202,"[0.9957534185626014, 1.0049874002749593, 1.0058481276075002, 0.9979590423007609, 1.0136551642348, 0.998543794973215, 1.0021289019987685, 1.008933371532152, 1.0188607955569338, 0.9964065785401558, 1.0158192460603466, 1.0061832238346902, 0.9944488315329426, 1.001905876176289, 0.9983752992201106, 1.0003209194089135, 0.9761969645597842, 0.9794069039155183, 1.003996250350385, 0.9997068076918519, 1.0274973007777524, 0.9958556354552605, 1.0270351108073166, 0.9955876470430598, 1.0215007460696135, 0.9973841067759835, 1.0042373060411782, 1.0035945859995068, 0.9937985533094731, 0.9931342586096162]","[1.00865897348691, 1.0069024691629007, 1.0080715377787013, 0.9901242891223329, 0.9852928141129429, 0.9969651510590367, 1.0143315693723904, 0.9960818886056078, 0.9965292648335876, 1.0180599710312583, 0.9910551581453168, 1.0055315035006462, 0.9863353767770519, 0.9985425422385469, 0.9995874560949275, 1.022764173544687, 0.9880004251162744, 1.000566776891688, 0.9956444574011596, 0.9787297221250919, 0.9927039600790736, 0.9754258680304769, 1.007684883169507, 0.9846850958957319, 0.9878841510758135, 0.9856515207259685, 1.007163021053669, 1.0096453138382933, 1.0030155683522666, 1.006846315371442]","[0.008658973486910027, 0.006902469162900715, 0.008071537778701288, -0.009875710877667143, -0.014707185887057106, -0.003034848940963286, 0.01433156937239044, -0.003918111394392243, -0.0034707351664123864, 0.018059971031258337, -0.00894484185468325, 0.00553150350064624, -0.013664623222948147, -0.0014574577614531181, -0.0004125439050725044, 0.022764173544687072, -0.011999574883725606, 0.0005667768916879368, -0.004355542598840412, -0.021270277874908095, -0.007296039920926423, -0.024574131969523072, 0.007684883169507106, -0.015314904104268057, -0.01211584892418649, -0.01434847927403149, 0.007163021053669061, 0.009645313838293257, 0.0030155683522665733, 0.00684631537144198]","[0.0, 0.0, 0.0, 0.10701335966587067, 0.0, 0.0, 0.10701335966587067, 0.10701335966587067, 0.0, 0.0, 0.0, 0.0, 0.0, 0.0, 0.0, 0.10701335966587067, 0.0, 0.10701335966587067, 0.08520328253507614, 0.10701335966587067, 0.0, 0.0, 0.0, 0.08918997645378113, 0.07651322335004807, 0.0, 0.10701335966587067, 0.0, 0.0, 0.0]","[1.1943726700999833e-22, 0.0, 1.1774417314893572e-22, 0.0, 0.0, 0.0, 2.28941241902613e-22, 0.0, 0.0, 0.0, 0.0, 1.184463973405296e-22, 0.0, 0.0, 0.0, 0.0, 0.0, 2.3137938356841373e-22, 1.0, 2.294553319573086e-22, 0.0, 1.1841807364409874e-22, 0.0, 0.0, 0.0, 0.0, 1.1825781993159533e-22, 0.0, 2.28948529384248e-22, 0.0]","[0.0, 0.004138607809787029, 0.015591492512801832, 0.0, 0.0, 0.0, 0.0, 0.009716679601574811, 0.0, 0.0, 0.0013577874115844818, 0.0, 0.0, 0.025477423493289145, 0.0, 0.0, 0.0, 0.0, 0.9142462414906806, 0.004552771627851982, 0.015267711912857595, 0.0, 0.0, 0.0037987277474969567, 0.0021655191033982187, 0.002625975400758772, 0.0010610618879186658, 0.0, 0.0, 0.0]","[0.0, 0.0, 0.0, 0.10701335966587067, 0.0, 0.0, 0.10701335966587067, 0.10701335966587067, 0.0, 0.0, 0.0, 0.0, 0.0, 0.0, 0.0, 0.10701335966587067, 0.0, 0.10701335966587067, 0.08520328253507614, 0.10701335966587067, 0.0, 0.0, 0.0, 0.08918997645378113, 0.07651322335004807, 0.0, 0.10701335966587067, 0.0, 0.0, 0.0]",-0.0020564654414530004
42,1.0163594217613807,"[1.00865897348691, 1.0069024691629007, 1.0080715377787013, 0.9901242891223329, 0.9852928141129429, 0.9969651510590367, 1.0143315693723904, 0.9960818886056078, 0.9965292648335876, 1.0180599710312583, 0.9910551581453168, 1.0055315035006462, 0.9863353767770519, 0.9985425422385469, 0.9995874560949275, 1.022764173544687, 0.9880004251162744, 1.000566776891688, 0.9956444574011596, 0.9787297221250919, 0.9927039600790736, 0.9754258680304769, 1.007684883169507, 0.9846850958957319, 0.9878841510758135, 0.9856515207259685, 1.007163021053669, 1.0096453138382933, 1.0030155683522666, 1.006846315371442]","[1.0079711098592157, 1.0154535935984392, 0.9883228917399666, 0.9935979386756518, 1.0090958241977217, 1.0030057630289118, 0.9885979218562636, 0.9783054966545935, 0.9913938970593914, 1.0191552111715547, 1.0062979424048444, 1.0100819842600053, 1.017581198474978, 1.0041352014490987, 1.032181395059537, 0.9930664186303112, 0.9904480559389229, 1.0113123230919785, 0.977522375011107, 0.991492837616267, 1.0124106809407631, 0.9858162924993599, 1.0201713972194624, 1.0195088566367652, 0.9975685310298057, 1.014136342909414, 0.9961879979433779, 1.0124349801493113, 0.997014664809732, 1.0044262940489517]","[0.007971109859215675, 0.01545359359843923, -0.01167710826003343, -0.006402061324348174, 0.009095824197721702, 0.0030057630289117565, -0.011402078143736394, -0.021694503345406457, -0.008606102940608595, 0.01915521117155472, 0.006297942404844381, 0.010081984260005283, 0.017581198474978077, 0.0041352014490987354, 0.0321813950595371, -0.0069335813696888016, -0.009551944061077067, 0.011312323091978493, -0.022477624988893052, -0.008507162383732947, 0.012410680940763141, -0.01418370750064013, 0.020171397219462373, 0.01950885663676516, -0.002431468970194306, 0.014136342909413901, -0.0038120020566221324, 0.012434980149311325, -0.0029853351902680014, 0.004426294048951673]","[0.0, 0.0, 0.10985200852155685, 0.0, 0.0, 0.0, 0.0, 0.09832847863435745, 0.0, 0.0, 0.10439525544643402, 0.10463778674602509, 0.0, 0.0, 0.09707319736480713, 0.0, 0.10985200852155685, 0.10985200852155685, 0.0, 0.08851221948862076, 0.0, 0.0, 0.0, 0.0, 0.0, 0.10159345716238022, 0.0, 0.0, 0.0, 0.07590357214212418]","[0.0, 0.0, 1.1994794196257571e-23, 0.0, 0.0, 0.0, 9.529497440245035e-23, 0.0, 1.342912248890098e-23, 0.0, 3.416455262268207e-22, 1.3036064262916595e-23, 0.0, 1.2058413866896592e-22, 0.0, 0.0, 0.0, 1.6214954302855032e-23, 1.0, 1.2532649733428851e-23, 1.168224376776417e-23, 0.0, 0.0, 0.0, 0.0, 0.0, 0.0, 0.0, 0.0, 0.0]","[0.015728871395281712, 0.0, 0.0, 0.0, 0.0, 0.001526120189957433, 0.004427342612583224, 0.008055626903539144, 0.005018521503622394, 0.0, 0.0, 0.009482720590149181, 0.007308682639276522, 0.0, 0.004062877043782551, 0.007455174962978571, 0.0, 0.005212222299916902, 0.8589567471683182, 0.0, 0.0, 0.01178232983872514, 0.020488783290508853, 0.006926540140908234, 0.005878585899770382, 0.01598538622473779, 0.0, 0.008671996196703547, 0.0, 0.0030314710992404344]","[0.0, 0.0, 0.10985200852155685, 0.0, 0.0, 0.0, 0.0, 0.09832847863435745, 0.0, 0.0, 0.10439525544643402, 0.10463778674602509, 0.0, 0.0, 0.09707319736480713, 0.0, 0.10985200852155685, 0.10985200852155685, 0.0, 0.08851221948862076, 0.0, 0.0, 0.0, 0.0, 0.0, 0.10159345716238022, 0.0, 0.0, 0.0, 0.07590357214212418]",0.002209529959773366
43,1.0178930490158016,"[1.0079711098592157, 1.0154535935984392, 0.9883228917399666, 0.9935979386756518, 1.0090958241977217, 1.0030057630289118, 0.9885979218562636, 0.9783054966545935, 0.9913938970593914, 1.0191552111715547, 1.0062979424048444, 1.0100819842600053, 1.017581198474978, 1.0041352014490987, 1.032181395059537, 0.9930664186303112, 0.9904480559389229, 1.0113123230919785, 0.977522375011107, 0.991492837616267, 1.0124106809407631, 0.9858162924993599, 1.0201713972194624, 1.0195088566367652, 0.9975685310298057, 1.014136342909414, 0.9961879979433779, 1.0124349801493113, 0.997014664809732, 1.0044262940489517]","[0.9804315253824887, 0.9974394672295656, 0.9980761535868562, 1.002146279534837, 1.0338928011614792, 0.9982849529141217, 0.9841250078253286, 0.998346099847303, 0.9944984425416887, 1.0078714199772796, 0.9976759577572062, 0.9904434759046649, 0.9831284669983525, 0.9907500911026116, 0.9900987775208057, 1.0045448749435921, 1.001619275597006, 1.0014958990406337, 0.9865881927436726, 1.020627455516809, 1.0017499085394084, 1.0061316008616004, 1.0164282640326145, 0.9984820482594102, 1.0060014602986045, 0.9795899281386717, 0.9928706912182513, 0.9984913865887728, 0.9813143843958556, 1.0226702300912367]","[-0.019568474617511322, -0.0025605327704344427, -0.0019238464131438038, 0.0021462795348370367, 0.03389280116147919, -0.0017150470858783295, -0.015874992174671365, -0.0016539001526969521, -0.005501557458311268, 0.007871419977279581, -0.0023240422427938112, -0.00955652409533514, -0.016871533001647454, -0.009249908897388415, -0.009901222479194338, 0.004544874943592125, 0.0016192755970059203, 0.0014958990406337414, -0.013411807256327402, 0.02062745551680889, 0.0017499085394083735, 0.0061316008616003614, 0.016428264032614548, -0.0015179517405897736, 0.0060014602986044885, -0.02041007186132826, -0.007129308781748667, -0.001508613411227211, -0.01868561560414439, 0.0226702300912367]","[0.0, 0.0, 0.10030640661716461, 0.0, 0.0, 0.0, 0.10030640661716461, 0.0, 0.0, 0.0, 0.10030640661716461, 0.0, 0.10030640661716461, 0.0, 0.0, 0.10030640661716461, 0.0, 0.0, 0.0, 0.10030640661716461, 0.0, 0.0972423180937767, 0.10030640661716461, 0.0, 0.10030640661716461, 0.0, 0.0, 0.10030640661716461, 0.0, 0.0]","[1.2220322846853727e-22, 0.0, 1.2249014739798006e-22, 0.0, 0.0, 0.0, 0.0, 0.0, 0.0, 1.2052777510271126e-22, 1.0, 1.2126777736850702e-22, 3.428465647979782e-22, 0.0, 2.870046642511328e-22, 0.0, 0.0, 0.0, 0.0, 0.0, 1.2315919277782768e-22, 0.0, 2.315308188883546e-22, 0.0, 0.0, 0.0, 1.2253371857701004e-22, 0.0, 0.0, 0.0]","[0.005117453128933227, 0.0, 0.004840062220614264, 0.00402543961905009, 0.003830431656993353, 0.0, 0.0, 0.01311659034913949, 0.0010661257946102517, 0.006310086643674364, 0.8954263878649812, 0.00565974607354717, 0.0019421640538683838, 0.0013603345853089434, 0.004007895008511907, 0.0017259713897916818, 0.0, 0.0, 0.0, 0.009012420728410376, 0.0, 0.012070011878347638, 0.005171611693445144, 0.0, 0.0, 0.004476644226833895, 0.0, 0.0, 0.019681855779770524, 0.0011587673041680436]","[0.0, 0.0, 0.10030640661716461, 0.0, 0.0, 0.0, 0.10030640661716461, 0.0, 0.0, 0.0, 0.10030640661716461, 0.0, 0.10030640661716461, 0.0, 0.0, 0.10030640661716461, 0.0, 0.0, 0.0, 0.10030640661716461, 0.0, 0.0972423180937767, 0.10030640661716461, 0.0, 0.10030640661716461, 0.0, 0.0, 0.10030640661716461, 0.0, 0.0]",0.0010840386219329202
44,1.0152347250621945,"[0.9804315253824887, 0.9974394672295656, 0.9980761535868562, 1.002146279534837, 1.0338928011614792, 0.9982849529141217, 0.9841250078253286, 0.998346099847303, 0.9944984425416887, 1.0078714199772796, 0.9976759577572062, 0.9904434759046649, 0.9831284669983525, 0.9907500911026116, 0.9900987775208057, 1.0045448749435921, 1.001619275597006, 1.0014958990406337, 0.9865881927436726, 1.020627455516809, 1.0017499085394084, 1.0061316008616004, 1.0164282640326145, 0.9984820482594102, 1.0060014602986045, 0.9795899281386717, 0.9928706912182513, 0.9984913865887728, 0.9813143843958556, 1.0226702300912367]","[0.9988970690682781, 1.0112559642935193, 0.9926194346365671, 0.998269682933961, 0.9987064797723549, 1.010863553927507, 1.0057780885410719, 1.0209766350091976, 0.9826501747310805, 1.012645237251627, 0.9806776339139885, 0.9857700718495699, 1.0027964823082316, 1.0002709540257877, 1.0081766015268494, 0.9819938952919324, 0.9924794632085318, 0.9936522909116227, 0.9978463261145651, 1.0066251829830917, 0.9986980734097222, 0.9958073007537789, 1.0062111896274277, 0.99553082560641, 0.9984530631915286, 0.9952564527503912, 1.0014829860954448, 0.9934344932363038, 0.9922780401828574, 1.0033048911056095]","[-0.0011029309317218683, 0.011255964293519272, -0.0073805653634329005, -0.0017303170660389888, -0.001293520227645062, 0.010863553927507041, 0.0057780885410718685, 0.020976635009197553, -0.017349825268919483, 0.012645237251627028, -0.019322366086011455, -0.014229928150430116, 0.002796482308231596, 0.00027095402578769523, 0.008176601526849403, -0.018006104708067627, -0.007520536791468246, -0.00634770908837734, -0.002153673885434859, 0.006625182983091671, -0.0013019265902778354, -0.004192699246221121, 0.006211189627427727, -0.004469174393589959, -0.0015469368084713997, -0.004743547249608793, 0.0014829860954448382, -0.006565506763696161, -0.007721959817142632, 0.0033048911056094976]","[0.0, 0.0, 0.06537177413702011, 0.11891989409923553, 0.0, 0.0, 0.0, 0.10707226395606995, 0.11891989409923553, 0.0, 0.11189379543066025, 0.0, 0.0, 0.0, 0.0, 0.0, 0.0, 0.0, 0.0, 0.11891989409923553, 0.0, 0.0, 0.0, 0.0, 0.0, 0.11891989409923553, 0.08300155401229858, 0.0, 0.07343240082263947, 0.08354869484901428]","[0.0, -9.985359264884223e-23, -9.83656379493145e-23, 0.0, 0.0, 0.0, 0.0, 0.0, 0.0, 0.0, 1.0, 0.0, 0.0, 1.0600688093849052e-23, 1.2135114218600364e-22, 1.2473414013981413e-22, 0.0, 0.0, 0.0, -9.476418996791446e-23, 0.0, -9.768697157872598e-23, 0.0, -4.481390984907208e-23, 0.0, 0.0, 6.812574627480292e-23, 0.0, 0.0, 0.0]","[0.0, 0.0, 0.0, 0.01403390178690967, 0.0, 0.008376090316009924, 0.00025897604420693207, 0.017423996165197072, 0.00816769659447378, 0.0, 0.8567858494316577, 0.005186550183379524, 0.004312396100902361, 0.0024226518803952975, 0.00990710916653513, 0.004754937265044717, 0.0, 0.0004942198745124514, 0.0, 0.0, 0.0, 0.012395165070829864, 0.010809924210730435, 0.002918893064859384, 0.0, 0.016069307546914314, 0.0, 0.01577333284580046, 0.0, 0.00990900245164094]","[0.0, 0.0, 0.06537176668643951, 0.11891987919807434, 0.0, 0.0, 0.0, 0.10707224905490875, 0.11891987919807434, 0.0, 0.11189378052949905, 0.0, 0.0, 0.0, 0.0, 0.0, 0.0, 0.0, 0.0, 0.11891987919807434, 0.0, 0.0, 0.0, 0.0, 0.0, 0.11891987919807434, 0.08300154656171799, 0.0, 0.07343239337205887, 0.08354868739843369]",-0.003012544840341418
45,1.011936496684406,"[0.9988970690682781, 1.0112559642935193, 0.9926194346365671, 0.998269682933961, 0.9987064797723549, 1.010863553927507, 1.0057780885410719, 1.0209766350091976, 0.9826501747310805, 1.012645237251627, 0.9806776339139885, 0.9857700718495699, 1.0027964823082316, 1.0002709540257877, 1.0081766015268494, 0.9819938952919324, 0.9924794632085318, 0.9936522909116227, 0.9978463261145651, 1.0066251829830917, 0.9986980734097222, 0.9958073007537789, 1.0062111896274277, 0.99553082560641, 0.9984530631915286, 0.9952564527503912, 1.0014829860954448, 0.9934344932363038, 0.9922780401828574, 1.0033048911056095]","[0.9764792934677939, 1.0001408684611137, 0.9857462015100236, 0.9833431206355968, 0.9994304245105757, 1.0076680973498524, 1.0074449080064791, 1.017441079745657, 0.9799545272590516, 0.9792992408607543, 0.9832000933846285, 1.0184153795178008, 0.9966268419522134, 1.0081738542389675, 0.9966898362870914, 0.9954098531479482, 0.9979417557691502, 0.9941633552800403, 1.0136471904341746, 0.9999020580721766, 1.0064992062499514, 1.0004013167906485, 0.9956061701483675, 1.014982636118095, 1.025894533502033, 1.0060792957886402, 0.9964972205235039, 0.9953670044865343, 0.986097265780313, 1.0153282017865446]","[-0.02352070653220606, 0.00014086846111371898, -0.014253798489976433, -0.016656879364403188, -0.0005695754894242677, 0.00766809734985241, 0.007444908006479123, 0.017441079745657007, -0.020045472740948367, -0.02070075913924574, -0.01679990661537145, 0.01841537951780081, -0.0033731580477865952, 0.008173854238967548, -0.003310163712908598, -0.004590146852051835, -0.0020582442308497706, -0.005836644719959705, 0.013647190434174616, -9.794192782341948e-05, 0.0064992062499513725, 0.00040131679064847603, -0.0043938298516325025, 0.014982636118094916, 0.02589453350203308, 0.006079295788640193, -0.0035027794764961317, -0.004632995513465743, -0.013902734219687019, 0.015328201786544593]","[0.0, 0.09653806686401367, 0.1010245680809021, 0.0, 0.0, 0.0, 0.0, 0.0, 0.0, 0.0, 0.1010245680809021, 0.1010245680809021, 0.1010245680809021, 0.0, 0.1010245680809021, 0.1010245680809021, 0.0, 0.0, 0.0, 0.0, 0.0, 0.10090534389019012, 0.09538464993238449, 0.0, 0.0, 0.0, 0.0, 0.1010245680809021, 0.0, 0.0]","[0.0, 0.0, 8.026292955014112e-24, 0.0, 2.8310830152319184e-22, 0.0, 0.0, 0.0, 0.0, 0.0, 1.0, 0.0, 0.0, 0.0, 0.0, 8.517765729689035e-24, 0.0, 8.68600730597027e-24, 3.528219211112179e-22, 0.0, 8.704871031729517e-24, 8.55111963774137e-24, 0.0, 0.0, 0.0, 0.0, 0.0, 0.0, 8.749674781271996e-24, 3.5545862493709727e-23]","[0.0, 0.0, 0.0, 0.00708546687039545, 0.0, 0.0, 0.0, 0.0, 0.0, 0.00209203092264153, 0.8833954926664593, 0.004182953016891756, 0.0, 0.012218666569785727, 0.021163669171632222, 0.008438905212246469, 0.0011842670817796789, 0.011291656365247562, 0.016622601246808085, 0.003440309138598812, 0.0, 0.0, 0.0, 0.006275213089869953, 0.0, 0.010205453988395657, 0.006871192883309101, 0.0, 0.0, 0.0055321217759385114]","[0.0, 0.09653806686401367, 0.1010245680809021, 0.0, 0.0, 0.0, 0.0, 0.0, 0.0, 0.0, 0.1010245680809021, 0.1010245680809021, 0.1010245680809021, 0.0, 0.1010245680809021, 0.1010245680809021, 0.0, 0.0, 0.0, 0.0, 0.0, 0.10090534389019012, 0.09538464993238449, 0.0, 0.0, 0.0, 0.0, 0.1010245680809021, 0.0, 0.0]",-0.003613194159416672
46,1.0052052237228122,"[0.9764792934677939, 1.0001408684611137, 0.9857462015100236, 0.9833431206355968, 0.9994304245105757, 1.0076680973498524, 1.0074449080064791, 1.017441079745657, 0.9799545272590516, 0.9792992408607543, 0.9832000933846285, 1.0184153795178008, 0.9966268419522134, 1.0081738542389675, 0.9966898362870914, 0.9954098531479482, 0.9979417557691502, 0.9941633552800403, 1.0136471904341746, 0.9999020580721766, 1.0064992062499514, 1.0004013167906485, 0.9956061701483675, 1.014982636118095, 1.025894533502033, 1.0060792957886402, 0.9964972205235039, 0.9953670044865343, 0.986097265780313, 1.0153282017865446]","[0.9974584048524874, 1.0157297175420008, 0.9844665181444072, 0.9917281427994254, 0.9864408475545529, 1.0068576175845927, 0.9957782408185909, 0.9980991484686726, 1.0043714676855364, 1.0011616564393306, 0.9816316608044683, 1.005607713015326, 1.0203593884326045, 0.9933743003831906, 1.0055417235955693, 0.9859522472208881, 0.9922468792505276, 1.01069552259727, 0.9948712043997652, 0.9966533742383993, 0.9667069462759941, 0.9979156019789546, 0.9921073167242171, 1.0080484237266056, 0.9862139492655451, 0.9845862117082907, 0.9880192298761792, 0.9964368233289064, 1.0208822824646602, 1.0232067168190102]","[-0.002541595147512621, 0.01572971754200081, -0.015533481855592779, -0.00827185720057455, -0.013559152445447142, 0.00685761758459269, -0.0042217591814091016, -0.0019008515313273522, 0.004371467685536423, 0.0011616564393306383, -0.018368339195531713, 0.005607713015326032, 0.02035938843260454, -0.006625699616809366, 0.005541723595569259, -0.014047752779111855, -0.007753120749472431, 0.010695522597270024, -0.005128795600234826, -0.003346625761600719, -0.03329305372400593, -0.0020843980210454305, -0.007892683275782852, 0.008048423726605636, -0.013786050734454935, -0.015413788291709252, -0.011980770123820816, -0.0035631766710936263, 0.020882282464660173, 0.02320671681901021]","[0.0, 0.0, 0.11926323920488358, 0.11926323920488358, 0.0, 0.0, 0.10874571651220322, 0.0, 0.0, 0.10826093703508377, 0.11926323920488358, 0.05854218825697899, 0.0, 0.0, 0.07624972611665726, 0.0, 0.11926323920488358, 0.0, 0.0, 0.05188528820872307, 0.0, 0.0, 0.11926323920488358, 0.0, 0.0, 0.0, 0.0, 0.0, 0.0, 0.0]","[-2.066095041443216e-22, 0.0, 0.0, 0.0, -9.856824085524633e-23, 0.0, -1.9675723005103425e-22, 0.0, 0.0, 0.0, -1.984065102138053e-22, 0.0, 0.0, 0.0, -4.04394507372698e-23, -2.0728998751117537e-22, 0.0, -2.0477242364991173e-22, 1.0, 0.0, 0.0, 0.0, 0.0, 0.0, 0.0, 0.0, 0.0, -9.778856646637821e-23, 2.3466903781765477e-22, 0.0]","[0.0, 0.0, 0.0, 0.0, 0.0, 0.007367723307471225, 0.01172470286335459, 0.0, 0.014702618201503212, 0.009080336427952085, 0.0, 0.0, 0.0, 0.004982247246742932, 0.0013081665044857268, 0.015734725408260018, 0.0, 0.0, 0.908466098720682, 0.0, 0.002478764106246079, 0.0, 0.00017821361750314322, 0.0, 0.011379487675805242, 0.0, 0.0, 0.0, 0.012596915919993904, 0.0]","[0.0, 0.0, 0.11926323920488358, 0.11926323920488358, 0.0, 0.0, 0.10874571651220322, 0.0, 0.0, 0.10826093703508377, 0.11926323920488358, 0.05854218825697899, 0.0, 0.0, 0.07624972611665726, 0.0, 0.11926323920488358, 0.0, 0.0, 0.05188528820872307, 0.0, 0.0, 0.11926323920488358, 0.0, 0.0, 0.0, 0.0, 0.0, 0.0, 0.0]",-0.007052053098527564
47,1.0040218879933456,"[0.9974584048524874, 1.0157297175420008, 0.9844665181444072, 0.9917281427994254, 0.9864408475545529, 1.0068576175845927, 0.9957782408185909, 0.9980991484686726, 1.0043714676855364, 1.0011616564393306, 0.9816316608044683, 1.005607713015326, 1.0203593884326045, 0.9933743003831906, 1.0055417235955693, 0.9859522472208881, 0.9922468792505276, 1.01069552259727, 0.9948712043997652, 0.9966533742383993, 0.9667069462759941, 0.9979156019789546, 0.9921073167242171, 1.0080484237266056, 0.9862139492655451, 0.9845862117082907, 0.9880192298761792, 0.9964368233289064, 1.0208822824646602, 1.0232067168190102]","[1.0195044856561815, 1.014502633099333, 1.0196108110263984, 0.987651386299738, 1.0195764515519257, 1.001466411067993, 0.9972780107452033, 1.0016191946308586, 0.9919168494693168, 1.0007045433852173, 0.9987715161440286, 0.9773470787523274, 1.0111815542625844, 1.0042167170385856, 0.988641015730052, 1.0036309909098078, 1.0068453512354227, 0.9970872643341646, 0.9941419816985579, 1.019499992600294, 1.0031279738692842, 0.983592167270076, 0.9873475571573096, 0.9862160927309293, 0.9839848875240809, 1.0159806967366332, 1.0006991078312812, 0.9849685335835752, 0.9990568683079107, 1.006227484349079]","[0.01950448565618146, 0.014502633099332973, 0.01961081102639839, -0.012348613700261968, 0.019576451551925667, 0.0014664110679929454, -0.0027219892547967195, 0.001619194630858578, -0.008083150530683203, 0.0007045433852173044, -0.0012284838559714073, -0.022652921247672597, 0.011181554262584381, 0.004216717038585616, -0.01135898426994797, 0.0036309909098077853, 0.006845351235422736, -0.0029127356658353865, -0.005858018301442058, 0.01949999260029389, 0.0031279738692842063, -0.016407832729923966, -0.012652442842690403, -0.01378390726907075, -0.016015112475919135, 0.01598069673663316, 0.0006991078312812427, -0.015031466416424832, -0.0009431316920892607, 0.006227484349079049]","[0.0, 0.09848705679178238, 0.0, 0.09014536440372467, 0.0, 0.10928891599178314, 0.0, 0.0, 0.0, 0.0, 0.09543418139219284, 0.0, 0.07903759181499481, 0.0, 0.10928891599178314, 0.0, 0.0, 0.10928891599178314, 0.0, 0.10928891599178314, 0.0, 0.09045129269361496, 0.0, 0.10928891599178314, 0.0, 0.0, 0.0, 0.0, 0.0, 0.0]","[0.0, 0.0, 0.0, 0.0, 6.249613147341644e-23, 0.0, 0.0, 0.0, 0.0, 0.0, 8.691803406004594e-24, 0.0, 0.0, 2.29019219672188e-22, 0.0, 1.1641519148937258e-22, 1.1939847083376103e-22, 0.0, 7.992609279992231e-23, 0.0, 0.0, 0.0, 1.1851491232603453e-22, 0.0, 0.0, 8.17421866360249e-24, 0.0, 0.0, 1.1721839864983082e-22, 1.0]","[0.00489573311607254, 0.0, 0.0, 0.009641761367694937, 0.025268416829653407, 0.0, 0.0, 0.0, 0.0, 0.0, 0.011646493959468903, 0.0, 0.012782114180826526, 0.0, 0.014499280736579927, 0.009221310746136411, 0.0005416967630895311, 0.0, 0.0060248044818910105, 0.005423727165109935, 0.0, 0.020312399329033823, 0.0020328374968392494, 0.0, 0.0, 0.006357551592203259, 0.007124718506103487, 0.008383422781823528, 0.0, 0.8558437309474736]","[0.0, 0.09848705679178238, 0.0, 0.09014536440372467, 0.0, 0.10928891599178314, 0.0, 0.0, 0.0, 0.0, 0.09543418139219284, 0.0, 0.07903759181499481, 0.0, 0.10928891599178314, 0.0, 0.0, 0.10928891599178314, 0.0, 0.10928891599178314, 0.0, 0.09045129269361496, 0.0, 0.10928891599178314, 0.0, 0.0, 0.0, 0.0, 0.0, 0.0]",-0.0015774560228862626
48,1.0058274460889227,"[1.0195044856561815, 1.014502633099333, 1.0196108110263984, 0.987651386299738, 1.0195764515519257, 1.001466411067993, 0.9972780107452033, 1.0016191946308586, 0.9919168494693168, 1.0007045433852173, 0.9987715161440286, 0.9773470787523274, 1.0111815542625844, 1.0042167170385856, 0.988641015730052, 1.0036309909098078, 1.0068453512354227, 0.9970872643341646, 0.9941419816985579, 1.019499992600294, 1.0031279738692842, 0.983592167270076, 0.9873475571573096, 0.9862160927309293, 0.9839848875240809, 1.0159806967366332, 1.0006991078312812, 0.9849685335835752, 0.9990568683079107, 1.006227484349079]","[1.0029189642452123, 0.9936266636390809, 1.0016341552912378, 0.9755888005207651, 1.0226205335523775, 1.0045072552840333, 1.0245590130388704, 1.0025367962763474, 1.0021443967468708, 0.9932159978342964, 0.9915618295507753, 1.0060586621368506, 1.0115774790852217, 0.9833099550021923, 1.0040447649262783, 1.015110731139047, 0.990957590469074, 1.0164431559740945, 0.9965532280498588, 0.9897755697927908, 1.0044679531672724, 1.0069662593966968, 0.9994056847874904, 1.007158281775707, 1.0112336721618989, 0.9888727014368914, 1.0135499557852587, 1.0004518813418006, 1.0076445595277597, 0.9829619604687456]","[0.002918964245212319, -0.00637333636091908, 0.0016341552912377821, -0.02441119947923487, 0.022620533552377475, 0.004507255284033285, 0.024559013038870425, 0.0025367962763473972, 0.002144396746870836, -0.006784002165703629, -0.00843817044922468, 0.006058662136850579, 0.011577479085221665, -0.016690044997807685, 0.004044764926278255, 0.01511073113904704, -0.009042409530926054, 0.016443155974094514, -0.003446771950141203, -0.0102244302072092, 0.004467953167272443, 0.006966259396696817, -0.0005943152125096329, 0.007158281775706987, 0.011233672161898856, -0.011127298563108567, 0.01354995578525875, 0.00045188134180063066, 0.0076445595277596645, -0.01703803953125438]","[0.10266835987567902, 0.0, 0.0, 0.07598473876714706, 0.0, 0.0, 0.10266835987567902, 0.0, 0.0, 0.0, 0.0, 0.10266835987567902, 0.0, 0.0, 0.0, 0.0, 0.10266835987567902, 0.0, 0.0, 0.0, 0.0, 0.10266835987567902, 0.0, 0.10266835987567902, 0.0, 0.0, 0.10266835987567902, 0.10266835987567902, 0.0, 0.10266835987567902]","[2.2962928369400777e-22, 0.0, 0.0, 0.0, 4.503027082692205e-22, 4.507725221220225e-22, 0.0, 0.0, 0.0, 0.0, 0.0, 0.0, 2.301844540994251e-22, 0.0, 0.0, 4.489410832033542e-22, 0.0, 0.0, 0.0, 0.0, 2.3053154344371745e-22, 2.299674523896427e-22, 0.0, 0.0, 0.0, 3.4047108042178613e-22, 7.293351190487593e-22, 0.0, 0.0, 1.0]","[0.0004510211525973037, 0.0, 0.0, 0.0, 0.005862538105250092, 0.0, 0.0, 0.0, 0.015321770557797805, 0.009970538259618014, 0.00615189199252122, 0.0, 0.0, 0.0, 0.0007139012577396805, 0.0, 0.0035203604395471154, 0.0, 0.0, 0.012230211634364949, 0.0, 0.008702859499110793, 0.008809303258032902, 0.0, 0.002944432971040765, 0.013493566535431881, 0.0035461919821203427, 0.00854124209044178, 0.013588578113076724, 0.8861515921513088]","[0.10266836732625961, 0.0, 0.0, 0.07598474621772766, 0.0, 0.0, 0.10266836732625961, 0.0, 0.0, 0.0, 0.0, 0.10266836732625961, 0.0, 0.0, 0.0, 0.0, 0.10266836732625961, 0.0, 0.0, 0.0, 0.0, 0.10266836732625961, 0.0, 0.10266836732625961, 0.0, 0.0, 0.10266836732625961, 0.10266836732625961, 0.0, 0.10266836732625961]",0.001385266382639672
49,1.0027807888372442,"[1.0029189642452123, 0.9936266636390809, 1.0016341552912378, 0.9755888005207651, 1.0226205335523775, 1.0045072552840333, 1.0245590130388704, 1.0025367962763474, 1.0021443967468708, 0.9932159978342964, 0.9915618295507753, 1.0060586621368506, 1.0115774790852217, 0.9833099550021923, 1.0040447649262783, 1.015110731139047, 0.990957590469074, 1.0164431559740945, 0.9965532280498588, 0.9897755697927908, 1.0044679531672724, 1.0069662593966968, 0.9994056847874904, 1.007158281775707, 1.0112336721618989, 0.9888727014368914, 1.0135499557852587, 1.0004518813418006, 1.0076445595277597, 0.9829619604687456]","[1.0086538383001693, 1.0030170881103633, 0.9881097612626234, 0.9978631504771585, 1.0303185798218168, 0.9874776295789333, 1.0077626119828684, 0.9833908238155605, 0.9886495119858526, 0.9740037388764997, 1.013498753010849, 1.022229419452317, 0.9836905515281447, 0.9999041937408675, 0.9807939597922971, 0.9934983903746014, 0.991661206903592, 1.003804575829817, 1.002043386905363, 0.9804845598329192, 1.0119902799279625, 1.0247807943315976, 0.9829345211294617, 1.008143833831314, 1.0045025206914966, 0.9903891726770219, 1.006392707426959, 0.9812678357295105, 1.010787716297471, 0.9772165029249342]","[0.008653838300169303, 0.003017088110363275, -0.011890238737376602, -0.002136849522841544, 0.03031857982181685, -0.012522370421066742, 0.007762611982868428, -0.016609176184439467, -0.011350488014147397, -0.025996261123500286, 0.013498753010849018, 0.022229419452316934, -0.016309448471855337, -9.580625913252483e-05, -0.01920604020770289, -0.0065016096253985856, -0.008338793096407948, 0.0038045758298170806, 0.002043386905363098, -0.019515440167080844, 0.011990279927962533, 0.024780794331597633, -0.01706547887053833, 0.008143833831314007, 0.004502520691496592, -0.009610827322978133, 0.006392707426958966, -0.018732164270489515, 0.010787716297470995, -0.022783497075065773]","[0.10153764486312866, 0.0, 0.0, 0.0, 0.0, 0.0, 0.0, 0.0, 0.10153764486312866, 0.0, 0.0, 0.10153764486312866, 0.0, 0.10153764486312866, 0.0, 0.10153764486312866, 0.10153764486312866, 0.0, 0.0, 0.0, 0.0, 0.0, 0.10153764486312866, 0.10153764486312866, 0.0, 0.10153764486312866, 0.0, 0.08616122603416443, 0.0, 0.0]","[0.0, 0.0, 1.210680676746563e-22, 0.0, 3.8889655164627856e-22, 2.3280405183094593e-22, 1.0, 0.0, 2.3212495681306304e-22, 0.0, 0.0, 1.2217447281529403e-22, 2.337670369067667e-22, 0.0, 3.47029573195177e-22, 0.0, 2.3351424503685607e-22, 0.0, 2.6072766532497734e-22, 0.0, 0.0, 0.0, 0.0, 0.0, 0.0, 0.0, 0.0, 0.0, 0.0, 0.0]","[0.0, 0.0, 0.01172017727927522, 0.0046119253358471515, 0.0019203336490299235, 0.0, 0.9209071701987229, 0.0, 0.011828568918956534, 0.0, 0.006938021892955206, 0.004190927869646679, 0.016148960504660737, 0.0, 0.0, 0.0, 0.0, 0.0, 0.009397661015486967, 0.0022394624861298827, 0.0, 0.0, 0.0, 0.0, 0.0, 0.0, 0.005296394526545112, 0.0, 0.0, 0.004800396322743648]","[0.10153764486312866, 0.0, 0.0, 0.0, 0.0, 0.0, 0.0, 0.0, 0.10153764486312866, 0.0, 0.0, 0.10153764486312866, 0.0, 0.10153764486312866, 0.0, 0.10153764486312866, 0.10153764486312866, 0.0, 0.0, 0.0, 0.0, 0.0, 0.10153764486312866, 0.10153764486312866, 0.0, 0.10153764486312866, 0.0, 0.08616122603416443, 0.0, 0.0]",-0.003450330031312434
50,0.9997735786499146,"[1.0086538383001693, 1.0030170881103633, 0.9881097612626234, 0.9978631504771585, 1.0303185798218168, 0.9874776295789333, 1.0077626119828684, 0.9833908238155605, 0.9886495119858526, 0.9740037388764997, 1.013498753010849, 1.022229419452317, 0.9836905515281447, 0.9999041937408675, 0.9807939597922971, 0.9934983903746014, 0.991661206903592, 1.003804575829817, 1.002043386905363, 0.9804845598329192, 1.0119902799279625, 1.0247807943315976, 0.9829345211294617, 1.008143833831314, 1.0045025206914966, 0.9903891726770219, 1.006392707426959, 0.9812678357295105, 1.010787716297471, 0.9772165029249342]","[1.0028329704992143, 0.9846094024215439, 0.9743387031480463, 1.0072335671264283, 0.974553523176952, 0.9980682894208277, 0.9943972614092926, 0.9916481326136348, 1.0042061142813705, 0.996115386270271, 0.9978730328424974, 0.9839043024636215, 0.9977191645776831, 1.0129205062123823, 1.0103105912792718, 0.9994134641896519, 1.000508846782454, 0.997416617941502, 0.977613442500447, 0.9976158463895398, 1.012429664418596, 0.9798114774907802, 0.9956465536268929, 0.9586558812136214, 0.9968455937585147, 0.9953221718673384, 0.9788454748400427, 1.0062636694852267, 0.9876325902942734, 1.0041124296889195]","[0.0028329704992142712, -0.015390597578456067, -0.02566129685195373, 0.007233567126428309, -0.025446476823048014, -0.0019317105791722966, -0.005602738590707368, -0.008351867386365175, 0.004206114281370521, -0.003884613729729036, -0.0021269671575026017, -0.016095697536378517, -0.0022808354223169403, 0.012920506212382277, 0.010310591279271808, -0.0005865358103480656, 0.0005088467824541087, -0.0025833820584979517, -0.022386557499552984, -0.0023841536104601824, 0.012429664418595943, -0.020188522509219764, -0.004353446373107084, -0.04134411878637856, -0.0031544062414853302, -0.004677828132661599, -0.021154525159957305, 0.006263669485226719, -0.012367409705726584, 0.00411242968891945]","[0.11382801085710526, 0.0, 0.0, 0.0, 0.0, 0.09558466821908951, 0.11089400202035904, 0.10172997415065765, 0.10398208349943161, 0.0, 0.0, 0.0, 0.0, 0.0, 0.0, 0.11382801085710526, 0.09190043061971664, 0.08690856397151947, 0.0, 0.0, 0.0, 0.06751620769500732, 0.11382801085710526, 0.0, 0.0, 0.0, 0.0, 0.0, 0.0, 0.0]","[0.0, 0.0, 0.0, 2.3244247597133117e-22, 1.0, 0.0, 0.0, 2.329635900589343e-22, 2.325752957269787e-22, 0.0, 0.0, 3.425847087406219e-22, 0.0, 0.0, 2.879601730148209e-22, 0.0, 0.0, 0.0, 3.151253228024626e-22, 0.0, 0.0, 0.0, 0.0, 4.539756950293386e-22, 3.9765752229017137e-22, 0.0, 2.323073159642822e-22, 0.0, 0.0, 0.0]","[0.006126574276478013, 0.0, 0.0, 0.015177838067985745, 0.9225373878425889, 0.0, 0.0020613206690546153, 0.0, 0.0020923002302413495, 0.0, 0.0, 0.0, 8.356705162435198e-05, 0.0, 0.0, 0.0, 0.004178548904137487, 0.006738560538322217, 0.005723477936738625, 0.011783500467647522, 0.005491376637603012, 0.0, 0.0, 0.01391790239855916, 0.004087644979018878, 0.0, 0.0, 0.0, 0.0, 0.0]","[0.11382801085710526, 0.0, 0.0, 0.0, 0.0, 0.09558466821908951, 0.11089400202035904, 0.10172997415065765, 0.10398208349943161, 0.0, 0.0, 0.0, 0.0, 0.0, 0.0, 0.11382801085710526, 0.09190043061971664, 0.08690856397151947, 0.0, 0.0, 0.0, 0.06751620769500732, 0.11382801085710526, 0.0, 0.0, 0.0, 0.0, 0.0, 0.0, 0.0]",-0.003416956452893253
51,0.9955814393147906,"[1.0028329704992143, 0.9846094024215439, 0.9743387031480463, 1.0072335671264283, 0.974553523176952, 0.9980682894208277, 0.9943972614092926, 0.9916481326136348, 1.0042061142813705, 0.996115386270271, 0.9978730328424974, 0.9839043024636215, 0.9977191645776831, 1.0129205062123823, 1.0103105912792718, 0.9994134641896519, 1.000508846782454, 0.997416617941502, 0.977613442500447, 0.9976158463895398, 1.012429664418596, 0.9798114774907802, 0.9956465536268929, 0.9586558812136214, 0.9968455937585147, 0.9953221718673384, 0.9788454748400427, 1.0062636694852267, 0.9876325902942734, 1.0041124296889195]","[1.000001489761135, 1.0133280788335386, 0.9897747459534542, 1.0057160613239613, 0.983652577947533, 0.9783956621847416, 0.9990744372423495, 0.988101464126692, 1.033284118991992, 0.9932712181263827, 0.9739241439526701, 0.9835164971884417, 1.0286137144663465, 0.9961870944030711, 1.0118432550829477, 0.9892805492179693, 1.0068805408965567, 1.0001794830758697, 0.9978895563556396, 0.9849337202271304, 1.001466426144888, 1.0007035924155212, 1.0063892154864973, 1.0213686717135406, 1.0019006374670933, 1.0044410831319472, 0.9925011577014827, 1.006664957916574, 0.9906187634235049, 0.9700929219837799]","[1.4897611348985151e-06, 0.013328078833538592, -0.01022525404654584, 0.005716061323961297, -0.016347422052466976, -0.02160433781525839, -0.0009255627576505443, -0.011898535873308025, 0.03328411899199191, -0.006728781873617251, -0.02607585604732987, -0.016483502811558304, 0.02861371446634653, -0.0038129055969289283, 0.011843255082947701, -0.010719450782030737, 0.006880540896556653, 0.0001794830758696797, -0.0021104436443604158, -0.015066279772869562, 0.0014664261448880112, 0.0007035924155212037, 0.0063892154864972905, 0.02136867171354062, 0.0019006374670933468, 0.004441083131947243, -0.007498842298517272, 0.006664957916574066, -0.009381236576495144, -0.029907078016220057]","[0.0, 0.0, 0.10366180539131165, 0.0, 0.0, 0.0, 0.10366180539131165, 0.0, 0.0, 0.0, 0.10366180539131165, 0.0, 0.0, 0.10366180539131165, 0.10366180539131165, 0.0, 0.0, 0.0, 0.0, 0.10366180539131165, 0.0, 0.0713796615600586, 0.0, 0.0, 0.0, 0.10366180539131165, 0.10366180539131165, 0.09932594746351242, 0.0, 0.0]","[7.695932339907826e-24, 1.1793378363285515e-22, 0.0, 1.1863005330820267e-22, 0.0, 0.0, 1.0, 0.0, 0.0, 0.0, 6.44013862825168e-23, 0.0, 0.0, 0.0, -4.576896427510105e-23, 0.0, 0.0, 0.0, 6.284891229506558e-23, 0.0, 0.0, 0.0, 0.0, 0.0, 0.0, 7.719242945464026e-24, 0.0, 6.417750124056486e-24, 0.0, 1.473875027199327e-22]","[0.0028764574462620328, 0.0, 0.0, 0.0, 0.0, 0.003553833188876736, 0.8918421336292885, 0.0035183210745844654, 0.0005803604939550872, 0.0, 0.0, 0.011532703926356538, 0.012547778594286742, 0.0, 0.0, 0.0, 0.0, 0.0024592591169072245, 0.00029479013553585626, 0.008395084019745834, 0.0, 0.0, 0.014708405208987311, 0.0, 0.0053669450340721805, 0.01686297380029911, 0.008917207439464536, 0.01029318268703808, 0.0, 0.006250564204339551]","[0.0, 0.0, 0.10366180539131165, 0.0, 0.0, 0.0, 0.10366180539131165, 0.0, 0.0, 0.0, 0.10366180539131165, 0.0, 0.0, 0.10366180539131165, 0.10366180539131165, 0.0, 0.0, 0.0, 0.0, 0.10366180539131165, 0.0, 0.0713796615600586, 0.0, 0.0, 0.0, 0.10366180539131165, 0.10366180539131165, 0.09932594746351242, 0.0, 0.0]",-0.0046811405237760515
52,1.0006351644753848,"[1.000001489761135, 1.0133280788335386, 0.9897747459534542, 1.0057160613239613, 0.983652577947533, 0.9783956621847416, 0.9990744372423495, 0.988101464126692, 1.033284118991992, 0.9932712181263827, 0.9739241439526701, 0.9835164971884417, 1.0286137144663465, 0.9961870944030711, 1.0118432550829477, 0.9892805492179693, 1.0068805408965567, 1.0001794830758697, 0.9978895563556396, 0.9849337202271304, 1.001466426144888, 1.0007035924155212, 1.0063892154864973, 1.0213686717135406, 1.0019006374670933, 1.0044410831319472, 0.9925011577014827, 1.006664957916574, 0.9906187634235049, 0.9700929219837799]","[1.0055205869145483, 1.001942141412817, 0.9941661391849681, 1.01594604571715, 1.0021627073460448, 0.9856687241199105, 1.0187380081245812, 1.040786624922668, 1.0099870822063728, 1.0145098009064388, 1.031692451577266, 0.9952578754716637, 0.9911482765637188, 0.9922879572958136, 0.9929101416568584, 0.9862553093561256, 0.9964980114204272, 1.0023218675880363, 1.0203395798302501, 0.9903479222301154, 0.9965941640577364, 0.9955542667765143, 1.0061096268883682, 0.9951312929247138, 0.990803510803097, 0.9988045412549844, 0.9985468706489, 0.9993704602528946, 1.0028839985822053, 0.9970640187219282]","[0.0055205869145482644, 0.0019421414128169001, -0.005833860815031899, 0.01594604571715008, 0.0021627073460448454, -0.014331275880089533, 0.01873800812458115, 0.04078662492266805, 0.009987082206372788, 0.01450980090643883, 0.03169245157726608, -0.004742124528336333, -0.008851723436281156, -0.00771204270418635, -0.007089858343141575, -0.013744690643874402, -0.0035019885795728456, 0.0023218675880363193, 0.020339579830250143, -0.009652077769884637, -0.003405835942263624, -0.004445733223485737, 0.006109626888368247, -0.004868707075286194, -0.009196489196902968, -0.0011954587450155874, -0.0014531293510999799, -0.0006295397471054454, 0.0028839985822053382, -0.0029359812780718197]","[0.0, 0.0, 0.0, 0.0, 0.0, 0.0, 0.08707557618618011, 0.0, 0.11113952100276947, 0.11113952100276947, 0.11113952100276947, 0.11113952100276947, 0.11113952100276947, 0.10411246120929718, 0.0, 0.0, 0.0, 0.0, 0.0, 0.0, 0.0, 0.07701282948255539, 0.0649620071053505, 0.11113952100276947, 0.0, 0.0, 0.0, 0.0, 0.0, 0.0]","[0.0, 0.0, 0.0, 0.0, 0.0, 0.0, 1.0, 0.0, 0.0, -1.0050390000914844e-22, 0.0, 0.0, 1.749970020412894e-22, 0.0, 0.0, 0.0, 0.0, 0.0, 0.0, 7.996639491779067e-24, 0.0, -1.0317839704549828e-22, 9.81333375580113e-24, -1.0112355381548106e-22, -4.6680576315968773e-23, -1.0294445581426776e-22, -1.0381834406442463e-22, 0.0, 0.0, 0.0]","[0.0, 0.006728382844794054, 0.0, 0.0, 0.0015546667578708044, 0.01765482566567655, 0.8984299080831648, 0.0, 0.0, 0.006320695917080632, 0.013816382474576581, 0.0, 0.0, 0.0012340190454389382, 0.014110828949495224, 0.002977082046736404, 0.0, 0.00558184930872, 0.0, 0.0023421392038463986, 0.0, 0.0, 0.0024836673958291908, 0.002150015761426668, 0.008275678093864812, 0.009654245744451697, 0.004520084015771077, 0.0, 9.574557885809932e-05, 0.0020697831123979824]","[0.0, 0.0, 0.0, 0.0, 0.0, 0.0, 0.08707557618618011, 0.0, 0.11113952100276947, 0.11113952100276947, 0.11113952100276947, 0.11113952100276947, 0.11113952100276947, 0.10411246120929718, 0.0, 0.0, 0.0, 0.0, 0.0, 0.0, 0.0, 0.07701282948255539, 0.0649620071053505, 0.11113952100276947, 0.0, 0.0, 0.0, 0.0, 0.0, 0.0]",0.004651759108593133
53,0.9973733212489014,"[1.0055205869145483, 1.001942141412817, 0.9941661391849681, 1.01594604571715, 1.0021627073460448, 0.9856687241199105, 1.0187380081245812, 1.040786624922668, 1.0099870822063728, 1.0145098009064388, 1.031692451577266, 0.9952578754716637, 0.9911482765637188, 0.9922879572958136, 0.9929101416568584, 0.9862553093561256, 0.9964980114204272, 1.0023218675880363, 1.0203395798302501, 0.9903479222301154, 0.9965941640577364, 0.9955542667765143, 1.0061096268883682, 0.9951312929247138, 0.990803510803097, 0.9988045412549844, 0.9985468706489, 0.9993704602528946, 1.0028839985822053, 0.9970640187219282]","[0.9919906539107197, 0.9878981210261453, 1.0172471370901026, 1.0074662740137328, 0.9965324005677091, 1.0090991696970733, 0.980774483792383, 1.005999341951554, 1.0076596581174442, 0.9996836210662159, 1.0075549305146319, 1.0213592970505554, 1.0082986024054226, 0.9994815689267652, 0.9845607266616829, 0.9925100644041895, 0.992548894393808, 0.9963471588806047, 0.994913773778597, 0.9933773772478914, 0.9919536095984702, 1.0025702759578712, 0.9920837879704955, 1.0056354780339272, 1.0009643935044845, 0.9839902968714743, 0.9821053788581814, 0.9915550355061905, 1.0282324079246319, 1.0126008677250102]","[-0.008009346089280278, -0.01210187897385473, 0.017247137090102616, 0.007466274013732788, -0.003467599432290913, 0.00909916969707325, -0.019225516207617033, 0.005999341951554049, 0.007659658117444179, -0.00031637893378411164, 0.007554930514631852, 0.021359297050555393, 0.008298602405422573, -0.000518431073234793, -0.015439273338317072, -0.00748993559581046, -0.007451105606191999, -0.0036528411193953447, -0.0050862262214029785, -0.0066226227521085645, -0.008046390401529768, 0.002570275957871182, -0.007916212029504544, 0.005635478033927166, 0.0009643935044845175, -0.016009703128525676, -0.017894621141818612, -0.008444964493809493, 0.028232407924631886, 0.012600867725010234]","[0.10377635806798935, 0.0, 0.0, 0.0, 0.0, 0.10377635806798935, 0.10377635806798935, 0.0, 0.0, 0.0, 0.0, 0.10377635806798935, 0.0, 0.0, 0.0, 0.0, 0.10377635806798935, 0.10157133638858795, 0.0, 0.0, 0.0913546085357666, 0.0, 0.08063962310552597, 0.10377635806798935, 0.0, 0.10377635806798935, 0.0, 0.0, 0.0, 0.0]","[0.0, 1.1931272092305092e-22, 1.1927139310111653e-22, 0.0, 0.0, 5.640825967031626e-22, 1.0, 0.0, 0.0, 0.0, 0.0, 0.0, 9.852522186960558e-24, 1.1075233774716631e-23, 0.0, 1.1755471068428815e-22, 0.0, 0.0, 0.0, 0.0, 0.0, 0.0, 0.0, 6.688225006649446e-23, 1.212614956321409e-22, 0.0, 0.0, 0.0, 1.1849097031744244e-22, 0.0]","[0.0, 0.0, 0.0037167323202378284, 0.014986075109382848, 0.0011977982207859422, 0.004320487274462086, 0.8959287893970432, 0.009666047117292301, 0.0, 0.004349069343253609, 0.0, 0.0010244832362895726, 0.0, 0.02114492286224988, 0.012656517295469964, 0.0, 0.011620630398383711, 0.0, 0.012632155754760416, 0.0, 0.0, 0.0, 0.0, 0.004208028385311857, 0.0, 0.0, 0.0017335959894737704, 0.0, 0.0, 0.0008146672956032214]","[0.10377634316682816, 0.0, 0.0, 0.0, 0.0, 0.10377634316682816, 0.10377634316682816, 0.0, 0.0, 0.0, 0.0, 0.10377634316682816, 0.0, 0.0, 0.0, 0.0, 0.10377634316682816, 0.10157132148742676, 0.0, 0.0, 0.091354601085186, 0.0, 0.08063961565494537, 0.10377634316682816, 0.0, 0.10377634316682816, 0.0, 0.0, 0.0, 0.0]",-0.0036882751749582263
54,0.9873382666077171,"[0.9919906539107197, 0.9878981210261453, 1.0172471370901026, 1.0074662740137328, 0.9965324005677091, 1.0090991696970733, 0.980774483792383, 1.005999341951554, 1.0076596581174442, 0.9996836210662159, 1.0075549305146319, 1.0213592970505554, 1.0082986024054226, 0.9994815689267652, 0.9845607266616829, 0.9925100644041895, 0.992548894393808, 0.9963471588806047, 0.994913773778597, 0.9933773772478914, 0.9919536095984702, 1.0025702759578712, 0.9920837879704955, 1.0056354780339272, 1.0009643935044845, 0.9839902968714743, 0.9821053788581814, 0.9915550355061905, 1.0282324079246319, 1.0126008677250102]","[0.9974601717824216, 0.9930531087677861, 1.0041050965674967, 1.0035632813470001, 0.9858430716194514, 1.0153436553270192, 0.9920362108566869, 0.9964046767400937, 0.9944873813447864, 0.9895316399109227, 0.9848997581346378, 1.002189017843512, 0.9995730195391993, 0.985759833519396, 1.0093863351635597, 0.9914201379643535, 0.9855643718705798, 1.0188788266903548, 1.0032610396088613, 0.9967699356976863, 1.0015473109416948, 1.001538838903316, 1.0148872511654976, 0.9606545972359176, 0.9989941569104803, 0.9900615277425948, 1.0057286673233001, 0.9836269456648465, 1.011050769008878, 1.010428886739974]","[-0.002539828217578366, -0.006946891232213925, 0.004105096567496691, 0.0035632813470001246, -0.014156928380548606, 0.015343655327019201, -0.007963789143313083, -0.0035953232599063023, -0.005512618655213575, -0.010468360089077255, -0.015100241865362185, 0.002189017843511998, -0.0004269804608006966, -0.014240166480604, 0.00938633516355969, -0.008579862035646535, -0.01443562812942023, 0.01887882669035479, 0.0032610396088612603, -0.003230064302313651, 0.0015473109416948017, 0.0015388389033159644, 0.014887251165497606, -0.03934540276408238, -0.0010058430895196757, -0.009938472257405184, 0.0057286673233001295, -0.01637305433515346, 0.011050769008877914, 0.010428886739973997]","[0.10095559805631638, 0.0, 0.0, 0.0, 0.0, 0.0, 0.10095559805631638, 0.10095559805631638, 0.0, 0.10095559805631638, 0.10095559805631638, 0.091399647295475, 0.0, 0.10095559805631638, 0.0, 0.0, 0.0, 0.0, 0.0, 0.0, 0.10095559805631638, 0.0, 0.0, 0.10095559805631638, 0.0, 0.10095559805631638, 0.0, 0.0, 0.0, 0.0]","[0.0, 4.501885215868808e-22, 3.3961499683929744e-22, 0.0, 0.0, 0.0, 1.0, 0.0, 0.0, 3.41885319662736e-22, 0.0, 3.4021348488200093e-22, 0.0, 3.413339370407478e-22, 0.0, 0.0, 0.0, 4.505483315751963e-22, 4.920563243945468e-22, 0.0, 0.0, 3.3995278194207273e-22, 3.9676854427721103e-22, 0.0, 0.0, 0.0, 0.0, 0.0, 0.0, 0.0]","[0.0, 0.011137188241720827, 0.008643452694151748, 0.0, 0.0, 0.0, 0.90751455360837, 0.0, 0.0, 0.0006643253328181634, 0.0028077294021898037, 0.007462023842904913, 0.0012349989359266857, 0.0, 0.007651431621670269, 0.0, 0.01065040176365494, 0.00045277538490410386, 0.0, 0.0005937820753009064, 0.01260111584018153, 0.010393325418991087, 0.01400929070144814, 0.0, 0.0, 0.004183605135766723, 0.0, 0.0, 0.0, 0.0]","[0.10095559805631638, 0.0, 0.0, 0.0, 0.0, 0.0, 0.10095559805631638, 0.10095559805631638, 0.0, 0.10095559805631638, 0.10095559805631638, 0.091399647295475, 0.0, 0.10095559805631638, 0.0, 0.0, 0.0, 0.0, 0.0, 0.0, 0.10095559805631638, 0.0, 0.0, 0.10095559805631638, 0.0, 0.10095559805631638, 0.0, 0.0, 0.0, 0.0]",-0.010547613872476783
55,0.9851575549419656,"[0.9974601717824216, 0.9930531087677861, 1.0041050965674967, 1.0035632813470001, 0.9858430716194514, 1.0153436553270192, 0.9920362108566869, 0.9964046767400937, 0.9944873813447864, 0.9895316399109227, 0.9848997581346378, 1.002189017843512, 0.9995730195391993, 0.985759833519396, 1.0093863351635597, 0.9914201379643535, 0.9855643718705798, 1.0188788266903548, 1.0032610396088613, 0.9967699356976863, 1.0015473109416948, 1.001538838903316, 1.0148872511654976, 0.9606545972359176, 0.9989941569104803, 0.9900615277425948, 1.0057286673233001, 0.9836269456648465, 1.011050769008878, 1.010428886739974]","[1.013678073117908, 0.9958004778083479, 1.015499818382885, 1.0037672396046182, 1.0054118230173381, 0.9853804876143982, 0.9748339553262516, 0.9990353178141781, 0.9933415588566799, 1.0144559254861822, 1.0006578182684043, 0.9969259924441934, 0.9963937833052308, 0.9965693308510016, 0.990538537164933, 1.0137089518579312, 0.9938675416840925, 1.0146606960252822, 0.973290518159078, 1.0175093876498766, 0.9910003999506427, 0.9943362506349486, 1.0037713213440491, 0.9820997525309504, 0.9972687967863259, 0.983389761809171, 0.9686164477712574, 1.021458683261431, 0.984838565565966, 0.9878706156107177]","[0.01367807311790803, -0.004199522191652094, 0.015499818382884945, 0.003767239604618222, 0.005411823017338113, -0.014619512385601774, -0.02516604467374839, -0.0009646821858219079, -0.0066584411433201485, 0.014455925486182242, 0.0006578182684042755, -0.003074007555806557, -0.0036062166947692376, -0.0034306691489983665, -0.009461462835066992, 0.013708951857931195, -0.006132458315907474, 0.014660696025282194, -0.026709481840922034, 0.01750938764987664, -0.008999600049357293, -0.005663749365051429, 0.0037713213440491167, -0.017900247469049613, -0.0027312032136741493, -0.016610238190828963, -0.03138355222874256, 0.021458683261430966, -0.015161434434033949, -0.01212938438928235]","[0.08212190866470337, 0.11835502088069916, 0.10788055509328842, 0.0, 0.0, 0.11835502088069916, 0.0, 0.0, 0.11835502088069916, 0.0, 0.0, 0.0, 0.08367163687944412, 0.0, 0.0, 0.0, 0.0, 0.0, 0.0, 0.11835502088069916, 0.0, 0.0, 0.0, 0.0, 0.0, 0.10028029978275299, 0.0, 0.0, 0.0799262598156929, 0.07269935309886932]","[0.0, 0.0, 1.171045554362965e-22, 1.1738809964035717e-22, 0.0, 3.3962749871924933e-22, 1.0, 0.0, 0.0, 0.0, 0.0, 0.0, 0.0, 0.0, 0.0, 0.0, 0.0, 0.0, 0.0, 1.174151353056561e-22, 0.0, 1.17388872412814e-22, 3.4070920733049097e-22, 1.742203982780874e-22, 2.846502567684586e-22, 0.0, 0.0, 0.0, 1.1681163216602932e-22, 0.0]","[0.0, 0.006846517096612716, 0.0, 0.0, 0.015173182599515255, 0.0, 0.8949034513618068, 0.010254348767252421, 0.0, 0.0, 0.016690316280613026, 0.0059235606837745695, 0.005804730404757272, 0.0, 0.0, 0.0, 0.0012918772696669607, 0.009669815634953522, 0.0, 0.007662842127470586, 0.0, 0.0, 0.0, 0.005500775372231955, 0.0019708644706132356, 0.0, 0.0, 0.0063103394938522515, 0.011997378436879525, 0.0]","[0.08212190121412277, 0.11835500597953796, 0.10788054019212723, 0.0, 0.0, 0.11835500597953796, 0.0, 0.0, 0.11835500597953796, 0.0, 0.0, 0.0, 0.08367162942886353, 0.0, 0.0, 0.0, 0.0, 0.0, 0.0, 0.11835500597953796, 0.0, 0.0, 0.0, 0.0, 0.0, 0.1002802848815918, 0.0, 0.0, 0.0799262523651123, 0.07269934564828873]",-0.00261738128441698
56,0.9863944162317199,"[1.013678073117908, 0.9958004778083479, 1.015499818382885, 1.0037672396046182, 1.0054118230173381, 0.9853804876143982, 0.9748339553262516, 0.9990353178141781, 0.9933415588566799, 1.0144559254861822, 1.0006578182684043, 0.9969259924441934, 0.9963937833052308, 0.9965693308510016, 0.990538537164933, 1.0137089518579312, 0.9938675416840925, 1.0146606960252822, 0.973290518159078, 1.0175093876498766, 0.9910003999506427, 0.9943362506349486, 1.0037713213440491, 0.9820997525309504, 0.9972687967863259, 0.983389761809171, 0.9686164477712574, 1.021458683261431, 0.984838565565966, 0.9878706156107177]","[0.9914347180019973, 1.005335880808668, 1.0030181115189798, 0.999808426540083, 1.0054988482898246, 0.9939402208156926, 1.0171423866485725, 1.0234777672276416, 0.9731118808810779, 1.0184723015713633, 0.9929155703338578, 1.007656506285815, 0.9772702957893936, 0.9912470920851885, 1.0111015031263975, 1.0056177574226242, 0.9970156053169875, 1.0078335709136212, 0.9962888173241139, 1.0205870344016148, 0.9924085175844486, 1.004208027439899, 1.0039977917527816, 0.9955907407520938, 1.0059445863284435, 1.021948871403676, 1.0169408232435604, 1.0037933743443923, 1.0049662609523253, 0.9892783698103796]","[-0.00856528199800266, 0.005335880808668092, 0.0030181115189797936, -0.00019157345991704933, 0.005498848289824609, -0.0060597791843074456, 0.017142386648572483, 0.02347776722764161, -0.026888119118922083, 0.01847230157136326, -0.0070844296661422, 0.007656506285814935, -0.022729704210606383, -0.008752907914811536, 0.01110150312639746, 0.005617757422624159, -0.0029843946830124812, 0.007833570913621246, -0.0037111826758861044, 0.0205870344016148, -0.007591482415551409, 0.004208027439899009, 0.003997791752781588, -0.00440925924790625, 0.005944586328443524, 0.021948871403675962, 0.016940823243560388, 0.0037933743443923085, 0.00496626095232533, -0.010721630189620357]","[0.0, 0.11676538735628128, 0.0, 0.0, 0.0, 0.0, 0.0, 0.07049328833818436, 0.11676538735628128, 0.052183497697114944, 0.0, 0.09753485769033432, 0.0, 0.0, 0.11676538735628128, 0.0, 0.11676538735628128, 0.0, 0.0, 0.0, 0.11676538735628128, 0.0, 0.0, 0.07919608056545258, 0.11676538735628128, 0.0, 0.0, 0.0, 0.0, 0.0]","[0.0, 7.071723077058674e-22, 0.0, 0.0, 0.0, 6.431220730253633e-22, 0.14616822963402556, 9.778551876051105e-22, 0.0, 0.0, 0.8538317703659745, 0.0, 0.0, 0.0, 0.0, 1.043158771850423e-21, 0.0, 6.002214291482995e-22, 0.0, 9.808945681856063e-22, 0.0, 0.0, 0.0, 0.0, 0.0, 0.0, 8.34233477929129e-22, 0.0, 9.895589549927764e-22, 0.0]","[0.004539133524389782, 0.005928623846572565, 0.013097507428857218, 0.007226336712484527, 0.00981821838842346, 0.0, 0.12324844243134088, 0.0069548356933775615, 0.003171179401288016, 0.00569791175697672, 0.7274568561113314, 0.0018095520114733855, 0.005542244839808906, 0.004912800298750694, 0.0032327049327183764, 0.010617435999816347, 0.0, 0.0, 0.0, 0.0058328815902875635, 0.016612176740243494, 0.009895682471889239, 0.0, 0.022139124218456766, 0.002527158111966259, 0.0, 0.0, 0.0, 0.009739193489546912, 0.0]","[0.0, 0.11676538735628128, 0.0, 0.0, 0.0, 0.0, 0.0, 0.07049328833818436, 0.11676538735628128, 0.052183497697114944, 0.0, 0.09753485769033432, 0.0, 0.0, 0.11676538735628128, 0.0, 0.11676538735628128, 0.0, 0.0, 0.0, 0.11676538735628128, 0.0, 0.0, 0.07919608056545258, 0.11676538735628128, 0.0, 0.0, 0.0, 0.0, 0.0]",0.0008517926646989448
57,0.9907364791364962,"[0.9914347180019973, 1.005335880808668, 1.0030181115189798, 0.999808426540083, 1.0054988482898246, 0.9939402208156926, 1.0171423866485725, 1.0234777672276416, 0.9731118808810779, 1.0184723015713633, 0.9929155703338578, 1.007656506285815, 0.9772702957893936, 0.9912470920851885, 1.0111015031263975, 1.0056177574226242, 0.9970156053169875, 1.0078335709136212, 0.9962888173241139, 1.0205870344016148, 0.9924085175844486, 1.004208027439899, 1.0039977917527816, 0.9955907407520938, 1.0059445863284435, 1.021948871403676, 1.0169408232435604, 1.0037933743443923, 1.0049662609523253, 0.9892783698103796]","[1.0093597750383727, 1.0053286903249898, 1.0010054163516569, 0.9872107989742497, 0.9895349484320749, 1.0170654143718958, 0.9954523511219888, 0.9800596916706752, 0.969551445175395, 1.003233201169735, 1.006412429158782, 1.0144192427604835, 0.9870410448921736, 0.992581379470167, 1.018936086087077, 0.9960501262048136, 1.013465164585284, 0.988633947070566, 1.003493661501646, 1.0128125759624997, 1.0298706164029456, 0.9966176315243117, 1.0017916811354661, 0.9965162575459375, 1.0073381636000527, 0.9921987782939319, 1.0087930934358662, 1.0071566716641642, 1.0113474986252218, 1.0024487575409065]","[0.009359775038372709, 0.005328690324989838, 0.0010054163516568515, -0.012789201025750319, -0.010465051567925099, 0.017065414371895793, -0.004547648878011179, -0.019940308329324807, -0.030448554824604956, 0.0032332011697349117, 0.006412429158781929, 0.014419242760483453, -0.012958955107826409, -0.007418620529832998, 0.018936086087077086, -0.003949873795186409, 0.013465164585283906, -0.011366052929434045, 0.003493661501646095, 0.01281257596249974, 0.029870616402945638, -0.003382368475688291, 0.0017916811354661277, -0.003483742454062466, 0.007338163600052683, -0.007801221706068118, 0.008793093435866206, 0.007156671664164227, 0.011347498625221775, 0.0024487575409064544]","[0.12479027360677719, 0.0, 0.1068485900759697, 0.0, 0.0, 0.0, 0.11839490383863449, 0.0, 0.07784109562635422, 0.03826786205172539, 0.0, 0.10469894111156464, 0.0, 0.0, 0.12479027360677719, 0.0, 0.0, 0.11498309671878815, 0.0, 0.0, 0.06459477543830872, 0.0, 0.0, 0.0, 0.0, 0.0, 0.0, 0.0, 0.12479027360677719, 0.0]","[1.165923781874883e-22, 2.2681821927345036e-22, 0.0, 0.0, 4.643770959691223e-22, 0.0, 1.0, 0.0, 0.0, 1.1787649279450277e-22, 0.0, 0.0, 0.0, 1.1739500946715977e-22, 1.452248598229762e-22, 0.0, 0.0, 1.1638291360608396e-22, 0.0, 1.1659284560298207e-22, 0.0, 0.0, 1.1746873105173573e-22, 0.0, 0.0, 0.0, 0.0, 0.0, 0.0, 0.0]","[0.0, 0.0, 0.0, 0.006887927844849617, 0.0, 0.0, 0.9198321258955195, 0.0, 0.0012057711001217503, 0.0, 0.0011012037111834956, 0.008093301674536158, 0.0, 0.0, 0.008387772979422408, 0.014155506971062546, 0.007975537460169579, 0.0, 0.0, 0.008468956126483839, 0.017241880494801673, 0.0, 0.0, 0.0, 0.0, 0.0, 0.0, 0.0024837404549096637, 0.001608672515545103, 0.002557602771394682]","[0.124790258705616, 0.0, 0.1068485751748085, 0.0, 0.0, 0.0, 0.1183948889374733, 0.0, 0.07784108817577362, 0.03826785832643509, 0.0, 0.10469892621040344, 0.0, 0.0, 0.124790258705616, 0.0, 0.0, 0.11498308181762695, 0.0, 0.0, 0.06459476798772812, 0.0, 0.0, 0.0, 0.0, 0.0, 0.0, 0.0, 0.124790258705616, 0.0]",0.0039045606712132205
58,0.9899972276618549,"[1.0093597750383727, 1.0053286903249898, 1.0010054163516569, 0.9872107989742497, 0.9895349484320749, 1.0170654143718958, 0.9954523511219888, 0.9800596916706752, 0.969551445175395, 1.003233201169735, 1.006412429158782, 1.0144192427604835, 0.9870410448921736, 0.992581379470167, 1.018936086087077, 0.9960501262048136, 1.013465164585284, 0.988633947070566, 1.003493661501646, 1.0128125759624997, 1.0298706164029456, 0.9966176315243117, 1.0017916811354661, 0.9965162575459375, 1.0073381636000527, 0.9921987782939319, 1.0087930934358662, 1.0071566716641642, 1.0113474986252218, 1.0024487575409065]","[1.0216224564740697, 1.0037075716545998, 1.0149090734984567, 1.0024718703538558, 1.0161660906612047, 0.9940937855740899, 1.0095455755790188, 1.0165025381779955, 1.0104562923214895, 0.9896944223100734, 0.997517416951495, 1.0117128476430235, 0.9908564156594604, 0.9982284739952647, 0.9974906933600544, 0.9926608751520581, 0.9902741560283451, 0.9964972907947366, 1.0028706634672482, 0.9913709816958471, 0.9808426526711569, 0.9899297217613356, 0.9954089335223657, 0.9990276787136931, 0.9985719564687536, 0.9983399620833595, 1.008183948683938, 0.9998934766384295, 1.0051270952482647, 1.0038660782616788]","[0.021622456474069685, 0.003707571654599784, 0.014909073498456715, 0.002471870353855765, 0.01616609066120467, -0.005906214425910106, 0.009545575579018806, 0.016502538177995518, 0.01045629232148948, -0.01030557768992657, -0.002482583048505016, 0.011712847643023494, -0.009143584340539634, -0.001771526004735291, -0.002509306639945641, -0.007339124847941858, -0.00972584397165488, -0.00350270920526341, 0.00287066346724818, -0.008629018304152858, -0.01915734732884311, -0.010070278238664354, -0.004591066477634298, -0.0009723212863068653, -0.0014280435312463702, -0.0016600379166404888, 0.008183948683937903, -0.00010652336157046527, 0.0051270952482647125, 0.0038660782616788403]","[0.0, 0.0, 0.0, 0.10535915940999985, 0.0, 0.0, 0.0, 0.0, 0.0, 0.0, 0.07119012624025345, 0.10535915940999985, 0.0, 0.0, 0.10535915940999985, 0.10535915940999985, 0.10535915940999985, 0.0, 0.0, 0.0, 0.0, 0.0, 0.0, 0.08593657612800598, 0.10535915940999985, 0.10535915940999985, 0.0, 0.0, 0.0, 0.10535915940999985]","[0.0, 0.0, 0.0, 0.0, 0.0, 0.0, 1.0, 0.0, 0.0, 2.293933228740894e-22, 3.8806857808060436e-22, 0.0, 0.0, 1.1780673334394194e-22, 0.0, 3.3750933152895824e-22, 3.3899485200711066e-22, 3.387620600075521e-22, 0.0, 0.0, 0.0, 0.0, 0.0, 0.0, 0.0, 2.273633503545724e-22, 0.0, 1.7172397835735551e-22, 0.0, 1.4529683496195262e-22]","[0.0, 0.008274285585628923, 0.01107841389815319, 0.0, 0.0, 0.0, 0.9007044636223127, 0.008556974091945732, 0.0, 0.0, 0.0, 0.0, 0.0, 0.0, 0.0, 0.009442212552432836, 0.0, 0.010393574034949287, 0.011012006724392558, 0.0030305867561926485, 0.0, 0.006100617854348439, 0.0, 0.017085296515302956, 0.0039557545065875945, 0.010365813857753162, 0.0, 0.0, 0.0, 0.0]","[0.0, 0.0, 0.0, 0.10535916686058044, 0.0, 0.0, 0.0, 0.0, 0.0, 0.0, 0.07119013369083405, 0.10535916686058044, 0.0, 0.0, 0.10535916686058044, 0.10535916686058044, 0.10535916686058044, 0.0, 0.0, 0.0, 0.0, 0.0, 0.0, 0.08593658357858658, 0.10535916686058044, 0.10535916686058044, 0.0, 0.0, 0.0, 0.10535916686058044]",-0.0012307277690675716
59,0.9929616683108279,"[1.0216224564740697, 1.0037075716545998, 1.0149090734984567, 1.0024718703538558, 1.0161660906612047, 0.9940937855740899, 1.0095455755790188, 1.0165025381779955, 1.0104562923214895, 0.9896944223100734, 0.997517416951495, 1.0117128476430235, 0.9908564156594604, 0.9982284739952647, 0.9974906933600544, 0.9926608751520581, 0.9902741560283451, 0.9964972907947366, 1.0028706634672482, 0.9913709816958471, 0.9808426526711569, 0.9899297217613356, 0.9954089335223657, 0.9990276787136931, 0.9985719564687536, 0.9983399620833595, 1.008183948683938, 0.9998934766384295, 1.0051270952482647, 1.0038660782616788]","[0.9985173205198393, 1.0355243538568868, 0.99105951516166, 0.9984744733976026, 0.9957191198360441, 0.9887070412739656, 1.0000060788764729, 1.0110935809797255, 0.9677788467487451, 1.0045898387061896, 1.024284677154553, 1.0013690450653172, 0.987945485251413, 1.0117078735011407, 1.001074636261894, 0.992655657879409, 0.9931761619448023, 1.0022141819820873, 0.9780492158627445, 1.0121187032762522, 0.9927128631524129, 1.0006567971581968, 1.0296494035326846, 1.0059170175298566, 1.0080824329254736, 0.9869896716886043, 1.0067126848062853, 1.0061655375196132, 1.0178244717459553, 1.0084846388688549]","[-0.0014826794801606757, 0.03552435385688679, -0.00894048483833998, -0.0015255266023973535, -0.004280880163955891, -0.011292958726034419, 6.078876472859207e-06, 0.01109358097972546, -0.03222115325125485, 0.004589838706189564, 0.02428467715455307, 0.0013690450653172093, -0.012054514748586986, 0.011707873501140664, 0.0010746362618940797, -0.007344342120590985, -0.006823838055197706, 0.0022141819820873376, -0.021950784137255486, 0.012118703276252196, -0.0072871368475870835, 0.0006567971581967758, 0.029649403532684637, 0.005917017529856627, 0.008082432925473615, -0.013010328311395702, 0.006712684806285285, 0.00616553751961324, 0.01782447174595525, 0.008484638868854866]","[0.0, 0.07905765622854233, 0.0, 0.10526838898658752, 0.0, 0.0, 0.0, 0.0, 0.0, 0.10060161352157593, 0.0, 0.0, 0.11368224024772644, 0.10354653000831604, 0.0, 0.0, 0.0, 0.0, 0.09552992880344391, 0.0, 0.11368224024772644, 0.0, 0.0, 0.0, 0.09374573826789856, 0.0, 0.11368224024772644, 0.0, 0.0812034010887146, 0.0]","[0.0, 0.0, 0.0, 0.0, 3.14445885748666e-22, 0.0, 1.0, 1.7276705433924925e-22, 0.0, 1.2097156754038984e-22, 0.0, 0.0, 0.0, 0.0, 0.0, 2.2813128379070595e-22, 0.0, 0.0, 0.0, 1.1918223092325703e-22, 0.0, 0.0, 1.2042040678861272e-22, 1.2003203850711022e-22, 1.7516390410710166e-22, 0.0, 0.0, 0.0, 2.2904429835538894e-22, 0.0]","[0.013509235270428964, 0.007015023330489364, 0.0, 0.00477743467373764, 0.0, 0.005499438094356162, 0.9165050005157274, 0.005387879909791346, 0.0, 0.0010065114553319127, 0.0, 0.0013053986460257623, 0.0004979618432789682, 0.0, 0.017466799505613428, 0.007998664675061792, 0.004519084214137015, 0.007947288628385089, 0.0, 0.0, 0.0, 0.0, 0.0, 0.0, 0.0, 0.0, 0.0, 0.0042483926583883665, 0.002315886579247046, 0.0]","[0.0, 0.07905766367912292, 0.0, 0.10526839643716812, 0.0, 0.0, 0.0, 0.0, 0.0, 0.10060162097215652, 0.0, 0.0, 0.11368224769830704, 0.10354653745889664, 0.0, 0.0, 0.0, 0.0, 0.0955299362540245, 0.0, 0.11368224769830704, 0.0, 0.0, 0.0, 0.09374574571847916, 0.0, 0.11368224769830704, 0.0, 0.0812034085392952, 0.0]",0.002649706135821937
60,0.9950522350051934,"[0.9985173205198393, 1.0355243538568868, 0.99105951516166, 0.9984744733976026, 0.9957191198360441, 0.9887070412739656, 1.0000060788764729, 1.0110935809797255, 0.9677788467487451, 1.0045898387061896, 1.024284677154553, 1.0013690450653172, 0.987945485251413, 1.0117078735011407, 1.001074636261894, 0.992655657879409, 0.9931761619448023, 1.0022141819820873, 0.9780492158627445, 1.0121187032762522, 0.9927128631524129, 1.0006567971581968, 1.0296494035326846, 1.0059170175298566, 1.0080824329254736, 0.9869896716886043, 1.0067126848062853, 1.0061655375196132, 1.0178244717459553, 1.0084846388688549]","[0.9877794994624653, 0.9930288858927361, 1.0077827110053834, 1.0315500351951201, 0.9853121864449955, 0.984030969682109, 1.0209349955300842, 0.9925915900955047, 1.0004454926445163, 0.9940739748427356, 0.9879801102668906, 0.9886396707138295, 1.0099451501357477, 1.0056503869454667, 1.0132684617517145, 0.9787893222369457, 1.0204706906723484, 0.9945785594163377, 1.00948590190625, 1.009544942919254, 1.0020949448870908, 1.0103207522906308, 0.9721407800235833, 1.007268577227817, 0.9860245656648746, 0.9985047995688738, 1.024322217787474, 1.004489668016466, 0.9940860283631454, 1.0004742782272316]","[-0.012220500537534651, -0.0069711141072639204, 0.007782711005383414, 0.03155003519512012, -0.01468781355500448, -0.015969030317890986, 0.020934995530084155, -0.007408409904495317, 0.000445492644516321, -0.00592602515726437, -0.012019889733109412, -0.011360329286170479, 0.009945150135747705, 0.005650386945466712, 0.013268461751714478, -0.021210677763054298, 0.020470690672348413, -0.00542144058366234, 0.009485901906250094, 0.009544942919254007, 0.0020949448870908327, 0.010320752290630786, -0.027859219976416716, 0.00726857722781693, -0.01397543433512538, -0.0014952004311261646, 0.02432221778747401, 0.0044896680164661085, -0.005913971636854587, 0.00047427822723156154]","[0.0, 0.0, 0.10751629620790482, 0.11755349487066269, 0.0, 0.11011524498462677, 0.07500534504652023, 0.0, 0.0, 0.11755349487066269, 0.0, 0.0, 0.0, 0.0, 0.0, 0.0, 0.0770077034831047, 0.0, 0.0, 0.0, 0.0, 0.11755349487066269, 0.09142276644706726, 0.0, 0.08639177680015564, 0.0, 0.0, 0.0, 0.0998803898692131, 0.0]","[0.0, 0.0, 0.0, 0.0, 0.0, 0.0, 0.37523790570443355, 4.7117558381558965e-22, 2.9061669254438647e-22, 0.0, 0.6247620942955664, 0.0, 2.172506706186883e-22, 0.0, 0.0, 4.1463220903735215e-22, 0.0, 2.741738855928418e-22, 0.0, 4.4675987188116585e-22, 0.0, 2.9686152686480893e-22, 0.0, 0.0, 0.0, 0.0, 3.8655370877357103e-22, 0.0, 0.0, 0.0]","[0.0, 0.0, 0.015293386197964987, 0.020548434377315423, 0.0, 0.005005228246501612, 0.31110653317258674, 0.01340313132979425, 0.012218657936818802, 0.007993880394753539, 0.5378874137958656, 0.007721913108612742, 0.0078018707872374565, 0.0018099613283114153, 0.008395627985253272, 0.0, 0.0, 0.0, 0.0, 0.01080860926633785, 0.0, 0.0029530785084275696, 0.0003879494282132249, 0.0061378740403934305, 0.0, 0.010030854928117056, 0.01610356461115732, 0.0, 0.0, 0.004392030556337556]","[0.0, 0.0, 0.10751629620790482, 0.11755349487066269, 0.0, 0.11011524498462677, 0.07500534504652023, 0.0, 0.0, 0.11755349487066269, 0.0, 0.0, 0.0, 0.0, 0.0, 0.0, 0.0770077034831047, 0.0, 0.0, 0.0, 0.0, 0.11755349487066269, 0.09142276644706726, 0.0, 0.08639177680015564, 0.0, 0.0, 0.0, 0.0998803898692131, 0.0]",0.0017762290135091168
61,0.9923112718037215,"[0.9877794994624653, 0.9930288858927361, 1.0077827110053834, 1.0315500351951201, 0.9853121864449955, 0.984030969682109, 1.0209349955300842, 0.9925915900955047, 1.0004454926445163, 0.9940739748427356, 0.9879801102668906, 0.9886396707138295, 1.0099451501357477, 1.0056503869454667, 1.0132684617517145, 0.9787893222369457, 1.0204706906723484, 0.9945785594163377, 1.00948590190625, 1.009544942919254, 1.0020949448870908, 1.0103207522906308, 0.9721407800235833, 1.007268577227817, 0.9860245656648746, 0.9985047995688738, 1.024322217787474, 1.004489668016466, 0.9940860283631454, 1.0004742782272316]","[0.9943729629206837, 1.0056645124304755, 1.0124757451649458, 0.9789319281791115, 0.9917802088916309, 1.0098629532953378, 1.016750558186554, 1.005467985576702, 1.0004466701502888, 1.0034102782275067, 0.995503370757543, 0.985930206461526, 0.9875497690524758, 0.9928110223664469, 0.982862223422397, 1.0119042509297114, 1.0012559866788149, 0.99811136483394, 1.0083380263424955, 0.9939130819008011, 1.0158205559489666, 0.9931039876964289, 0.9908659703570302, 0.9944435553202519, 0.985601327757289, 0.9970904816191201, 0.9896632439395396, 1.007808542086831, 1.0052895047821064, 0.9878766819351734]","[-0.005627037079316333, 0.005664512430475499, 0.012475745164945762, -0.021068071820888545, -0.008219791108369123, 0.009862953295337817, 0.01675055818655391, 0.005467985576701917, 0.0004466701502887638, 0.0034102782275067245, -0.004496629242456973, -0.01406979353847404, -0.012450230947524177, -0.007188977633553084, -0.01713777657760296, 0.011904250929711369, 0.00125598667881488, -0.001888635166059971, 0.008338026342495475, -0.006086918099198924, 0.015820555948966586, -0.006896012303571064, -0.009134029642969832, -0.00555644467974814, -0.014398672242710964, -0.0029095183808799385, -0.010336756060460361, 0.007808542086831016, 0.005289504782106436, -0.012123318064826583]","[0.11211953312158585, 0.08977644890546799, 0.0, 0.11454139649868011, 0.0, 0.0, 0.0, 0.0, 0.13519683480262756, 0.0, 0.07131417840719223, 0.0, 0.0, 0.0, 0.055911511182785034, 0.0, 0.0, 0.0, 0.05037428066134453, 0.03851700574159622, 0.0, 0.0, 0.0, 0.0, 0.0, 0.1661243736743927, 0.0, 0.1661243736743927, 0.0, 0.0]","[1.2280813465275076e-22, 0.0, 0.0, 0.0, 0.0, 1.182613047153997e-23, 1.0, 0.0, 0.0, 1.4354221925021327e-23, 1.282199299883374e-23, 1.1789761302914799e-23, 0.0, 1.3145954522188293e-23, 0.0, 0.0, 0.0, 0.0, 0.0, 0.0, 0.0, 0.0, 0.0, 1.2802362987149709e-23, 0.0, 2.322476757194277e-22, 0.0, 0.0, 0.0, 6.819368239047785e-23]","[0.0004640276942110868, 0.0005814060984091394, 0.005147217264083524, 0.005101697638940621, 0.0, 0.0013042813318469757, 0.9162487642996209, 0.0, 0.0013744166500984584, 0.01816688489764521, 0.0, 0.0011321698360843922, 0.0, 0.011867321093620665, 0.0011601661630487514, 0.0, 0.0009459417983323348, 0.01554337016312136, 0.0, 0.0, 0.004388843434239277, 0.0, 0.0, 0.0, 0.0, 0.0, 0.0, 0.008565659244068793, 0.008007832392628414, 0.0]","[0.11211954802274704, 0.08977645635604858, 0.0, 0.11454141139984131, 0.0, 0.0, 0.0, 0.0, 0.13519684970378876, 0.0, 0.07131418585777283, 0.0, 0.0, 0.0, 0.05591151863336563, 0.0, 0.0, 0.0, 0.050374288111925125, 0.03851700946688652, 0.0, 0.0, 0.0, 0.0, 0.0, 0.1661243885755539, 0.0, 0.1661243885755539, 0.0, 0.0]",-0.0032152911888712514
62,0.9892545606304783,"[0.9943729629206837, 1.0056645124304755, 1.0124757451649458, 0.9789319281791115, 0.9917802088916309, 1.0098629532953378, 1.016750558186554, 1.005467985576702, 1.0004466701502888, 1.0034102782275067, 0.995503370757543, 0.985930206461526, 0.9875497690524758, 0.9928110223664469, 0.982862223422397, 1.0119042509297114, 1.0012559866788149, 0.99811136483394, 1.0083380263424955, 0.9939130819008011, 1.0158205559489666, 0.9931039876964289, 0.9908659703570302, 0.9944435553202519, 0.985601327757289, 0.9970904816191201, 0.9896632439395396, 1.007808542086831, 1.0052895047821064, 0.9878766819351734]","[0.9955570712301604, 0.9998816541775101, 1.0113883051177903, 0.9939138687523784, 0.9858183711048236, 0.9973839789242188, 0.9972147400222149, 0.9878752401575092, 1.0076798501563813, 0.9907244507685291, 0.99487484194325, 1.0077276684274457, 1.0293863440797362, 1.002257776668019, 1.0133521164311883, 1.0133901984889884, 1.0047951548336789, 1.0132137783792126, 1.0008524861354497, 0.9982241357914208, 0.9930293575843451, 1.002706211244848, 1.0038865431237587, 0.9799741038554236, 1.0132434086246662, 1.0107169630143529, 0.9847117085358004, 1.0123244887243377, 0.9635726198298592, 1.0032599749815339]","[-0.004442928769839649, -0.0001183458224899292, 0.01138830511779032, -0.0060861312476215845, -0.01418162889517638, -0.002616021075781183, -0.002785259977785115, -0.01212475984249084, 0.007679850156381285, -0.009275549231470892, -0.005125158056749957, 0.007727668427445655, 0.02938634407973617, 0.0022577766680189626, 0.013352116431188277, 0.01339019848898837, 0.004795154833678872, 0.01321377837921256, 0.0008524861354497482, -0.0017758642085792253, -0.006970642415654926, 0.0027062112448479336, 0.00388654312375869, -0.020025896144576394, 0.01324340862466622, 0.010716963014352876, -0.015288291464199633, 0.012324488724337668, -0.0364273801701408, 0.003259974981533853]","[0.0, 0.0, 0.0, 0.0, 0.0, 0.0, 0.10249874740839005, 0.0, 0.0, 0.0, 0.10249874740839005, 0.07751141488552094, 0.0, 0.0, 0.0, 0.10249874740839005, 0.0, 0.0, 0.0, 0.0, 0.10249874740839005, 0.10249874740839005, 0.10249874740839005, 0.0, 0.0, 0.10249874740839005, 0.10249874740839005, 0.0, 0.10249874740839005, 0.0]","[0.0, 2.3199404462169195e-22, 0.0, 0.0, 1.240564521354744e-22, 0.0, 1.0, 0.0, 0.0, 1.248319989729748e-22, 0.0, 1.227249008385497e-22, 2.3394628541611764e-22, 0.0, 1.243055981121482e-22, 0.0, 0.0, 0.0, 0.0, 0.0, 0.0, 0.0, 1.2479724494774926e-22, 0.0, 0.0, 2.320752653399001e-22, 2.582877422664227e-22, 0.0, 0.0, 0.0]","[0.0, 0.0015133350898916226, 0.01757158373336959, 0.009559484636350778, 0.0, 0.0, 0.8652151389895056, 0.01990049904346571, 0.008527867732608631, 0.0, 0.0013347741343487322, 0.00014150146235064747, 0.0, 0.0, 0.01007513605494885, 0.0, 0.0, 0.0, 0.0, 0.015528797114263995, 0.010344273505168013, 0.01481574304964129, 0.0009129210005636199, 0.0, 0.0014277135542308274, 0.014083120137672388, 0.0, 0.004939328547342928, 0.0030699142834585548, 0.0010388679308182447]","[0.0, 0.0, 0.0, 0.0, 0.0, 0.0, 0.10249872505664825, 0.0, 0.0, 0.0, 0.10249872505664825, 0.07751139998435974, 0.0, 0.0, 0.0, 0.10249872505664825, 0.0, 0.0, 0.0, 0.0, 0.10249872505664825, 0.10249872505664825, 0.10249872505664825, 0.0, 0.0, 0.10249872505664825, 0.10249872505664825, 0.0, 0.10249872505664825, 0.0]",-0.003549489709723076
63,0.9940959368488519,"[0.9955570712301604, 0.9998816541775101, 1.0113883051177903, 0.9939138687523784, 0.9858183711048236, 0.9973839789242188, 0.9972147400222149, 0.9878752401575092, 1.0076798501563813, 0.9907244507685291, 0.99487484194325, 1.0077276684274457, 1.0293863440797362, 1.002257776668019, 1.0133521164311883, 1.0133901984889884, 1.0047951548336789, 1.0132137783792126, 1.0008524861354497, 0.9982241357914208, 0.9930293575843451, 1.002706211244848, 1.0038865431237587, 0.9799741038554236, 1.0132434086246662, 1.0107169630143529, 0.9847117085358004, 1.0123244887243377, 0.9635726198298592, 1.0032599749815339]","[1.0074633188141342, 0.979004292059957, 1.0181209416312569, 1.0162977613456676, 1.0137987246721165, 0.9880617351271586, 0.9722647890814182, 1.0089643516509084, 1.0281358889695964, 0.9959472428895197, 0.9934430596328754, 1.0029874435659842, 1.0109825222399316, 1.0157845259385392, 1.012263593758074, 1.0177897895355803, 0.9844063857478221, 0.976499638436575, 0.9870650192709185, 1.010031790602888, 1.0192264597567224, 0.997964533946439, 0.9921441367272967, 0.9871076742386566, 1.003163533219089, 0.999197072663821, 0.9986544177864966, 0.9967421002482711, 1.0209186400352352, 1.0100965695696908]","[0.007463318814134201, -0.020995707940043018, 0.01812094163125688, 0.016297761345667627, 0.013798724672116514, -0.011938264872841442, -0.027735210918581776, 0.008964351650908364, 0.0281358889695964, -0.004052757110480254, -0.00655694036712462, 0.002987443565984238, 0.01098252223993157, 0.015784525938539185, 0.012263593758073954, 0.017789789535580303, -0.015593614252177868, -0.023500361563425054, -0.012934980729081502, 0.010031790602887947, 0.019226459756722436, -0.0020354660535609748, -0.007855863272703267, -0.01289232576134336, 0.00316353321908891, -0.0008029273361790379, -0.001345582213503449, -0.0032578997517288544, 0.020918640035235248, 0.01009656956969085]","[0.10451219975948334, 0.0, 0.10451219975948334, 0.0, 0.0, 0.09223509579896927, 0.0, 0.0, 0.0, 0.10451219975948334, 0.10199405997991562, 0.0, 0.10451219975948334, 0.0, 0.0, 0.0, 0.0, 0.0, 0.0, 0.0, 0.09757895022630692, 0.0, 0.0, 0.0, 0.0, 0.0, 0.09670253843069077, 0.10451219975948334, 0.08892840892076492, 0.0]","[6.993703680156487e-24, 0.0, 0.0, 0.0, 7.943725266054784e-24, 1.1778954624651062e-22, 1.0, 0.0, 0.0, -1.0253503524184697e-22, 0.0, 0.0, 0.0, -1.0316852975759163e-22, 0.0, 0.0, 0.0, 0.0, 0.0, 0.0, 0.0, 6.6169446701656725e-24, -4.709454557130263e-23, 0.0, 0.0, 0.0, 0.0, 1.169942126543621e-22, 0.0, -1.0337540728814621e-22]","[0.0, 0.0023602566913001, 0.0, 0.0, 0.0, 0.0034774167101163348, 0.9078531922594167, 0.002395626108439095, 0.012330459505291174, 0.0, 0.0, 0.0050250254260471245, 0.005763230402187855, 0.0, 0.0, 0.004514540553725904, 0.0, 0.0, 0.012089688665613706, 0.005812080608321011, 0.002780475626672139, 0.007666042826405317, 0.0, 0.001004819716459455, 0.0, 0.013212967767208062, 0.0011066411485559442, 0.004431136796708558, 0.0038440182782888094, 0.004332380909243017]","[0.10451219975948334, 0.0, 0.10451219975948334, 0.0, 0.0, 0.09223509579896927, 0.0, 0.0, 0.0, 0.10451219975948334, 0.10199405997991562, 0.0, 0.10451219975948334, 0.0, 0.0, 0.0, 0.0, 0.0, 0.0, 0.0, 0.09757895022630692, 0.0, 0.0, 0.0, 0.0, 0.0, 0.09670253843069077, 0.10451219975948334, 0.08892840892076492, 0.0]",0.004503772639941225
64,1.0031121553705236,"[1.0074633188141342, 0.979004292059957, 1.0181209416312569, 1.0162977613456676, 1.0137987246721165, 0.9880617351271586, 0.9722647890814182, 1.0089643516509084, 1.0281358889695964, 0.9959472428895197, 0.9934430596328754, 1.0029874435659842, 1.0109825222399316, 1.0157845259385392, 1.012263593758074, 1.0177897895355803, 0.9844063857478221, 0.976499638436575, 0.9870650192709185, 1.010031790602888, 1.0192264597567224, 0.997964533946439, 0.9921441367272967, 0.9871076742386566, 1.003163533219089, 0.999197072663821, 0.9986544177864966, 0.9967421002482711, 1.0209186400352352, 1.0100965695696908]","[1.0063257635402862, 1.0093171370227139, 0.9986312854106776, 1.0062515281634212, 1.0194972771184394, 1.0023863435873395, 1.0107738629018568, 1.0050954797659983, 0.9882463125539815, 1.0294424959028083, 1.010434056482039, 1.018098768552206, 1.0158433233163835, 0.9950040886033332, 1.0004934240043928, 1.0066351704683347, 1.0025281656314144, 0.9867634244632448, 0.979710814806277, 1.0054928329684878, 0.9990413113485527, 0.9891103154636227, 1.0101218143122224, 0.9973940101800594, 1.0206737520643643, 1.0044497968183215, 1.0010463512781271, 1.0041715823811432, 0.9735097399399365, 0.9929157049945526]","[0.0063257635402862444, 0.009317137022713862, -0.0013687145893224173, 0.006251528163421227, 0.019497277118439404, 0.002386343587339468, 0.010773862901856779, 0.005095479765998334, -0.011753687446018457, 0.02944249590280834, 0.0104340564820391, 0.018098768552206046, 0.015843323316383495, -0.0049959113966667745, 0.000493424004392784, 0.006635170468334728, 0.0025281656314144474, -0.013236575536755169, -0.020289185193723025, 0.005492832968487793, -0.0009586886514473258, -0.010889684536377287, 0.010121814312222366, -0.002605989819940646, 0.02067375206436428, 0.004449796818321472, 0.0010463512781271334, 0.004171582381143235, -0.026490260060063497, -0.007084295005447383]","[0.0, 0.0, 0.0, 0.0986669510602951, 0.0, 0.11217781156301498, 0.11217781156301498, 0.08620911091566086, 0.0, 0.09362510591745377, 0.09491696208715439, 0.11217781156301498, 0.0, 0.0, 0.0, 0.0, 0.10119795799255371, 0.0, 0.0, 0.0, 0.0, 0.0, 0.10706715285778046, 0.0, 0.0, 0.0, 0.0, 0.0, 0.0, 0.08178332448005676]","[0.0, 0.0, 0.0, 0.0, 1.0565920688803008e-23, 0.0, 1.0, 0.0, 0.0, 1.0786361628754e-23, -7.712476144998402e-23, 0.0, 0.0, -1.0041958803471264e-22, -7.254497246336006e-23, 0.0, 0.0, 0.0, 0.0, 0.0, 0.0, 0.0, -1.0037610246557981e-22, -1.013498218275014e-22, -4.529126310130879e-23, 0.0, 0.0, 0.0, 1.1938458686950326e-22, 0.0]","[0.0, 0.01772928349957671, 0.012138760651963426, 0.0, 0.0, 0.007451577271117736, 0.8794367263645565, 0.007917029144640299, 0.0, 0.011384735965644049, 0.013316254728316969, 0.006091012329861385, 0.0, 0.0, 0.005170295455491636, 0.0013598375383133835, 0.003962488786734979, 0.0, 0.004960633083194316, 0.0005631200335597976, 0.0, 0.003984464748777045, 0.002854746673673449, 0.004539444125206082, 0.008701771312110994, 0.008437818287261159, 0.0, 0.0, 0.0, 0.0]","[0.0, 0.0, 0.0, 0.0986669510602951, 0.0, 0.11217781156301498, 0.11217781156301498, 0.08620911091566086, 0.0, 0.09362510591745377, 0.09491696208715439, 0.11217781156301498, 0.0, 0.0, 0.0, 0.0, 0.10119795799255371, 0.0, 0.0, 0.0, 0.0, 0.0, 0.10706715285778046, 0.0, 0.0, 0.0, 0.0, 0.0, 0.0, 0.08178332448005676]",0.00864291778555112
65,1.0045899768670272,"[1.0063257635402862, 1.0093171370227139, 0.9986312854106776, 1.0062515281634212, 1.0194972771184394, 1.0023863435873395, 1.0107738629018568, 1.0050954797659983, 0.9882463125539815, 1.0294424959028083, 1.010434056482039, 1.018098768552206, 1.0158433233163835, 0.9950040886033332, 1.0004934240043928, 1.0066351704683347, 1.0025281656314144, 0.9867634244632448, 0.979710814806277, 1.0054928329684878, 0.9990413113485527, 0.9891103154636227, 1.0101218143122224, 0.9973940101800594, 1.0206737520643643, 1.0044497968183215, 1.0010463512781271, 1.0041715823811432, 0.9735097399399365, 0.9929157049945526]","[1.0061438874765765, 1.0139791231821487, 0.9975556518275717, 0.9949815174828228, 0.9936367484034345, 0.9766892935950127, 0.9794595484082868, 1.001252966278422, 1.005116767693721, 1.0056820484233913, 0.9947121984860176, 1.0133057817002373, 1.0246432467088489, 1.0299217619686274, 1.023051819382316, 1.006872337125636, 1.0122728219322896, 0.9761999070732553, 0.9868523902025426, 1.0013401018763382, 1.0138755487279305, 0.9955778374215491, 0.999612910066497, 0.997770350813357, 0.9850970757594533, 0.9988312804181966, 1.0012598376485053, 1.0149687440246862, 0.9862262433694498, 0.9916439765741784]","[0.0061438874765764595, 0.013979123182148667, -0.0024443481724283345, -0.005018482517177181, -0.006363251596565478, -0.023310706404987336, -0.02054045159171325, 0.0012529662784219742, 0.005116767693720936, 0.005682048423391262, -0.005287801513982449, 0.013305781700237329, 0.024643246708848876, 0.02992176196862739, 0.02305181938231593, 0.006872337125636063, 0.012272821932289624, -0.023800092926744676, -0.013147609797457438, 0.0013401018763381511, 0.013875548727930509, -0.00442216257845085, -0.00038708993350300425, -0.0022296491866430346, -0.014902924240546733, -0.0011687195818034235, 0.0012598376485053464, 0.014968744024686176, -0.013773756630550249, -0.008356023425821646]","[0.0, 0.0, 0.0, 0.0, 0.0, 0.1078515276312828, 0.0, 0.0758701041340828, 0.1078515276312828, 0.07118652760982513, 0.09798267483711243, 0.1078515276312828, 0.1078515276312828, 0.0, 0.0, 0.0, 0.1078515276312828, 0.0, 0.0, 0.0, 0.0, 0.1078515276312828, 0.0, 0.0, 0.0, 0.0, 0.0, 0.0, 0.1078515276312828, 0.0]","[0.0, 5.742223626330436e-24, 0.0, 0.0, 0.0, 1.1626331184968988e-22, 0.0, 0.0, 6.086159369731656e-24, 0.0, 0.0, 0.0, 0.0, 0.0, 2.8991078650013253e-22, 0.0, 1.1606054637986328e-22, 0.0, 0.0, 3.701412352109467e-24, 0.0, 0.0, 6.031278044768197e-23, 0.0, 0.0, 0.0, 1.0, -5.023332864092065e-23, 1.160380407945349e-22, 0.0]","[0.0, 0.0, 0.0, 0.0, 0.0029304122178641138, 0.007832611989933453, 0.007706843608664055, 0.00620042114112083, 0.00938413253171955, 0.01101479400254529, 0.0, 0.0, 0.0, 0.0, 0.0, 0.0, 0.006822808229866271, 0.014583333008772407, 0.0, 0.010993680148106207, 0.016803668476993255, 0.0, 0.006420848109696105, 0.0067447771038768095, 0.0010222422211260236, 0.005775570772364146, 0.8857638564373514, 0.0, 0.0, 0.0]","[0.0, 0.0, 0.0, 0.0, 0.0, 0.1078515276312828, 0.0, 0.0758701041340828, 0.1078515276312828, 0.07118652760982513, 0.09798267483711243, 0.1078515276312828, 0.1078515276312828, 0.0, 0.0, 0.0, 0.1078515276312828, 0.0, 0.0, 0.0, 0.0, 0.1078515276312828, 0.0, 0.0, 0.0, 0.0, 0.0, 0.0, 0.1078515276312828, 0.0]",0.0011233399275424303
66,0.9985169316477858,"[1.0061438874765765, 1.0139791231821487, 0.9975556518275717, 0.9949815174828228, 0.9936367484034345, 0.9766892935950127, 0.9794595484082868, 1.001252966278422, 1.005116767693721, 1.0056820484233913, 0.9947121984860176, 1.0133057817002373, 1.0246432467088489, 1.0299217619686274, 1.023051819382316, 1.006872337125636, 1.0122728219322896, 0.9761999070732553, 0.9868523902025426, 1.0013401018763382, 1.0138755487279305, 0.9955778374215491, 0.999612910066497, 0.997770350813357, 0.9850970757594533, 0.9988312804181966, 1.0012598376485053, 1.0149687440246862, 0.9862262433694498, 0.9916439765741784]","[0.9844806910504772, 1.0124921433057816, 0.9833755866010577, 1.0003882991253494, 0.9971828111629026, 1.0242175976871073, 0.9991226996413713, 0.9900621277832483, 1.0240346802596134, 1.007667845737404, 0.9882138627105349, 0.974078074302035, 1.0235105555245883, 1.0220849130121623, 0.9770814699128052, 1.0108526525964752, 1.0039861672039587, 1.0047177432991976, 1.0065540093086334, 0.9878384167377944, 1.0242006354282505, 0.9946546664373332, 0.9638636551354207, 0.981000503350283, 1.0032502577773894, 0.9968348101139191, 1.0087040431560403, 1.0010801383550783, 1.0000759460658932, 1.0191249344061906]","[-0.015519308949522803, 0.012492143305781633, -0.016624413398942273, 0.0003882991253494339, -0.002817188837097362, 0.024217597687107295, -0.0008773003586286521, -0.009937872216751686, 0.024034680259613417, 0.007667845737403978, -0.011786137289465093, -0.02592192569796503, 0.02351055552458825, 0.02208491301216231, -0.0229185300871948, 0.010852652596475165, 0.003986167203958724, 0.004717743299197608, 0.006554009308633368, -0.012161583262205622, 0.02420063542825046, -0.005345333562666754, -0.036136344864579284, -0.018999496649717007, 0.0032502577773894092, -0.0031651898860809435, 0.008704043156040342, 0.0010801383550782528, 7.594606589322872e-05, 0.019124934406190564]","[0.10612395405769348, 0.0, 0.0, 0.0, 0.0, 0.0, 0.055828265845775604, 0.10612395405769348, 0.0, 0.10612395405769348, 0.0, 0.10612395405769348, 0.0, 0.0, 0.0, 0.0, 0.09518001973628998, 0.10612395405769348, 0.0, 0.0, 0.0, 0.0, 0.0, 0.10612395405769348, 0.0, 0.10612395405769348, 0.0, 0.10612395405769348, 0.0, 0.0]","[0.0, 0.0, 0.0, 2.2758691773826156e-22, 2.5479355356683443e-22, 2.2756694168781108e-22, 0.0, 2.278618408543491e-22, 0.0, 0.0, 2.5587932876528694e-22, 0.0, 1.0, 2.274568161969967e-22, 0.0, 0.0, 0.0, 0.0, 2.833733650828259e-22, 3.384023322795564e-22, 4.49732445789884e-22, 0.0, 0.0, 0.0, 0.0, 0.0, 0.0, 0.0, 0.0, 0.0]","[0.0035929026369116886, 0.0, 0.013691212079279919, 0.007629910233812518, 0.0023602854897788014, 0.0, 0.0, 0.0, 0.01000072420323926, 0.015316789653823553, 0.0, 0.004026184407245184, 0.9104657572245006, 0.0, 0.0, 0.0, 0.0, 0.0, 0.015204863302440225, 0.00044122855935975063, 0.003724482848884671, 0.0, 0.0, 0.0, 0.006761676162716681, 0.0017998474730238489, 0.004984135724983338, 0.0, 0.0, 0.0]","[0.10612396895885468, 0.0, 0.0, 0.0, 0.0, 0.0, 0.0558282732963562, 0.10612396895885468, 0.0, 0.10612396895885468, 0.0, 0.10612396895885468, 0.0, 0.0, 0.0, 0.0, 0.09518003463745117, 0.10612396895885468, 0.0, 0.0, 0.0, 0.0, 0.0, 0.10612396895885468, 0.0, 0.10612396895885468, 0.0, 0.10612396895885468, 0.0, 0.0]",-0.006502854615682633
67,0.9964871062228631,"[0.9844806910504772, 1.0124921433057816, 0.9833755866010577, 1.0003882991253494, 0.9971828111629026, 1.0242175976871073, 0.9991226996413713, 0.9900621277832483, 1.0240346802596134, 1.007667845737404, 0.9882138627105349, 0.974078074302035, 1.0235105555245883, 1.0220849130121623, 0.9770814699128052, 1.0108526525964752, 1.0039861672039587, 1.0047177432991976, 1.0065540093086334, 0.9878384167377944, 1.0242006354282505, 0.9946546664373332, 0.9638636551354207, 0.981000503350283, 1.0032502577773894, 0.9968348101139191, 1.0087040431560403, 1.0010801383550783, 1.0000759460658932, 1.0191249344061906]","[1.0025280658173115, 0.9907243142324209, 0.9754935259036572, 1.0103545454001774, 0.9966234212144758, 1.0015014221072054, 0.977959941778576, 1.0018175922651524, 1.0032626761685737, 0.9973531278182446, 0.983108335531035, 1.005428205949946, 1.0083321738972257, 0.9982677763233444, 1.0183327476821338, 0.968379290003145, 0.9977000758142247, 0.9870880807215887, 1.0022651683995611, 1.0117201028137774, 0.9923413185777971, 0.9954239472400462, 1.0214528530467235, 1.0186452707636928, 0.9953632924703325, 1.0011567928802958, 1.0225574864967508, 1.0140307037575427, 1.009690687102132, 1.0018850683331122]","[0.0025280658173114645, -0.00927568576757909, -0.024506474096342767, 0.01035454540017744, -0.00337657878552422, 0.0015014221072053857, -0.022040058221423964, 0.0018175922651524345, 0.003262676168573675, -0.002646872181755411, -0.01689166446896495, 0.0054282059499459745, 0.008332173897225736, -0.0017322236766555976, 0.018332747682133776, -0.03162070999685496, -0.002299924185775293, -0.012911919278411288, 0.002265168399561146, 0.011720102813777444, -0.00765868142220294, -0.004576052759953764, 0.021452853046723508, 0.018645270763692823, -0.004636707529667494, 0.0011567928802957983, 0.022557486496750823, 0.014030703757542673, 0.009690687102132056, 0.0018850683331121942]","[0.0, 0.10065469890832901, 0.0, 0.10065469890832901, 0.0, 0.10065469890832901, 0.10065469890832901, 0.0, 0.0, 0.10065469890832901, 0.10065469890832901, 0.0, 0.0, 0.0, 0.0, 0.10065469890832901, 0.0, 0.0, 0.0, 0.10065469890832901, 0.0, 0.0, 0.09410770237445831, 0.10065469890832901, 0.0, 0.0, 0.0, 0.0, 0.0, 0.0]","[0.0, 0.0, 0.0, 0.0, -1.0139817694872047e-22, 9.977851711394494e-24, 0.0, 0.0, 6.4473325589951815e-24, 0.0, -1.5486230582642377e-22, 0.0, 1.0, 0.0, 0.0, 0.0, 0.0, 9.793441376991891e-24, -1.0002182117810365e-22, -1.0073625742646692e-22, 0.0, 0.0, -1.0076985632821562e-22, 0.0, 0.0, 0.0, 0.0, 0.0, 0.0, -4.474430083675109e-23]","[0.0006949019118165564, 0.0, 0.001739863176477943, 0.0, 0.0, 0.0, 0.0, 0.0, 0.004432449035815009, 0.0, 0.0, 0.0, 0.9277389776701951, 0.0, 0.0, 0.00017046824616286823, 0.0, 0.0, 0.0, 0.013254535986190485, 0.0, 0.0, 0.00928681842089036, 0.023738759902987617, 0.004093803968018339, 0.0017428785078566007, 0.0026394853951262273, 0.010467057778462753, 0.0, 0.0]","[0.0, 0.10065469890832901, 0.0, 0.10065469890832901, 0.0, 0.10065469890832901, 0.10065469890832901, 0.0, 0.0, 0.10065469890832901, 0.10065469890832901, 0.0, 0.0, 0.0, 0.0, 0.10065469890832901, 0.0, 0.0, 0.0, 0.10065469890832901, 0.0, 0.0, 0.09410770237445831, 0.10065469890832901, 0.0, 0.0, 0.0, 0.0, 0.0, 0.0]",-0.002425201358851244
68,0.9923123585444198,"[1.0025280658173115, 0.9907243142324209, 0.9754935259036572, 1.0103545454001774, 0.9966234212144758, 1.0015014221072054, 0.977959941778576, 1.0018175922651524, 1.0032626761685737, 0.9973531278182446, 0.983108335531035, 1.005428205949946, 1.0083321738972257, 0.9982677763233444, 1.0183327476821338, 0.968379290003145, 0.9977000758142247, 0.9870880807215887, 1.0022651683995611, 1.0117201028137774, 0.9923413185777971, 0.9954239472400462, 1.0214528530467235, 1.0186452707636928, 0.9953632924703325, 1.0011567928802958, 1.0225574864967508, 1.0140307037575427, 1.009690687102132, 1.0018850683331122]","[0.9971320861236789, 0.9917919416937122, 1.0101934217715236, 0.9882494225649198, 0.987659671301335, 0.9749553571725456, 0.9876215076604541, 1.0090674351848747, 0.9962377586070134, 0.9952844375472222, 1.0073555120628885, 1.0082648665544827, 0.9931079131811739, 0.99427192824691, 0.9944207556257944, 0.996669202223321, 1.0004714184452426, 0.966506984310824, 0.9959963767460797, 0.9773759724511308, 0.9855381440550736, 1.000767079170585, 1.0022457005681376, 0.9998006951660646, 1.001306188444227, 1.0040937242298162, 1.0020762619043921, 0.9781853321856734, 0.9968427650494185, 0.9929364507496075]","[-0.0028679138763211265, -0.008208058306287791, 0.010193421771523603, -0.011750577435080234, -0.01234032869866497, -0.025044642827454444, -0.01237849233954591, 0.00906743518487474, -0.0037622413929866427, -0.004715562452777822, 0.007355512062888536, 0.008264866554482664, -0.0068920868188261375, -0.0057280717530899805, -0.00557924437420565, -0.0033307977766789953, 0.00047141844524256626, -0.03349301568917595, -0.004003623253920341, -0.022624027548869163, -0.014461855944926438, 0.0007670791705849389, 0.002245700568137554, -0.00019930483393537646, 0.001306188444226919, 0.004093724229816242, 0.0020762619043921404, -0.021814667814326616, -0.003157234950581511, -0.007063549250392542]","[0.0, 0.0, 0.10136892646551132, 0.10136892646551132, 0.0, 0.0, 0.10136892646551132, 0.0, 0.09040708839893341, 0.10136892646551132, 0.0, 0.0, 0.0, 0.0, 0.0, 0.10136892646551132, 0.10136892646551132, 0.0, 0.0, 0.0, 0.09864144027233124, 0.10136892646551132, 0.0, 0.0, 0.0, 0.0, 0.0, 0.0, 0.10136892646551132, 0.0]","[0.0, 0.0, 0.0, 0.0, 1.1996756749069487e-22, 0.0, 0.0, 1.2143058104923466e-22, 0.0, 0.0, 0.0, 1.764808968435165e-22, 1.0, 0.0, 0.0, 0.0, 0.0, 2.3110017887894826e-22, 1.0253381572451725e-23, 0.0, 6.510205207631092e-23, 0.0, 0.0, 0.0, 0.0, 2.3059665187823325e-22, 0.0, 0.0, 9.996930173720308e-24, 1.209682798670412e-22]","[0.003991597055285934, 0.0, 0.0, 0.0, 0.0, 0.006256860774902566, 0.009784823237171987, 0.0, 0.0025787030597842304, 0.0013238331141083447, 0.0, 0.0019500619857873798, 0.8758794070613319, 0.0033439503266640552, 0.004664954379188679, 0.011612410743876748, 0.0, 0.020706908212599944, 0.008912505864143409, 0.0, 0.0017531249156133779, 0.012641128799829116, 0.0049055024772553186, 0.008044037529295393, 0.00751568581709689, 0.0, 0.0018558744449345514, 0.012000782025852827, 0.0, 0.00027784817527737473]","[0.0, 0.0, 0.10136893391609192, 0.10136893391609192, 0.0, 0.0, 0.10136893391609192, 0.0, 0.09040709584951401, 0.10136893391609192, 0.0, 0.0, 0.0, 0.0, 0.0, 0.10136893391609192, 0.10136893391609192, 0.0, 0.0, 0.0, 0.09864144772291183, 0.10136893391609192, 0.0, 0.0, 0.0, 0.0, 0.0, 0.0, 0.10136893391609192, 0.0]",-0.004587666561852344
69,0.9949072388983328,"[0.9971320861236789, 0.9917919416937122, 1.0101934217715236, 0.9882494225649198, 0.987659671301335, 0.9749553571725456, 0.9876215076604541, 1.0090674351848747, 0.9962377586070134, 0.9952844375472222, 1.0073555120628885, 1.0082648665544827, 0.9931079131811739, 0.99427192824691, 0.9944207556257944, 0.996669202223321, 1.0004714184452426, 0.966506984310824, 0.9959963767460797, 0.9773759724511308, 0.9855381440550736, 1.000767079170585, 1.0022457005681376, 0.9998006951660646, 1.001306188444227, 1.0040937242298162, 1.0020762619043921, 0.9781853321856734, 0.9968427650494185, 0.9929364507496075]","[0.9867955500102603, 0.9944197113963841, 1.0119468808110001, 1.0218798442504364, 0.9758141461216799, 1.010773454780778, 0.9999154222284184, 0.9961638235790048, 1.0012546444200667, 1.0270789005161525, 1.001453149980764, 1.0213812954178814, 0.9803796909191125, 0.9966523518215086, 1.0118585132007456, 0.9965974555281474, 1.02155046636132, 0.9997916369424007, 0.9890085470974409, 0.9970256641119615, 1.0033404475487309, 0.9961942733697426, 1.0065775061051305, 0.9888570566628763, 0.9972838115964897, 0.9944582147127782, 0.9888589263685966, 1.0038416815920352, 1.020273316961648, 1.0003979392080813]","[-0.013204449989739686, -0.005580288603615924, 0.011946880811000149, 0.02187984425043643, -0.024185853878320063, 0.010773454780778069, -8.4577771581551e-05, -0.0038361764209952076, 0.0012546444200667306, 0.02707890051615247, 0.001453149980763957, 0.021381295417881363, -0.01962030908088752, -0.0033476481784914247, 0.011858513200745602, -0.00340254447185262, 0.021550466361319964, -0.0002083630575993034, -0.010991452902559096, -0.0029743358880385262, 0.0033404475487308627, -0.0038057266302573556, 0.006577506105130526, -0.011142943337123734, -0.002716188403510289, -0.005541785287221823, -0.011141073631403375, 0.00384168159203524, 0.020273316961648025, 0.00039793920808128824]","[0.10703166574239731, 0.10703166574239731, 0.0, 0.0, 0.0, 0.10703166574239731, 0.0, 0.0, 0.0, 0.0, 0.0, 0.0, 0.0, 0.06977025419473648, 0.0, 0.0, 0.10703166574239731, 0.10556405782699585, 0.0, 0.0, 0.07544401288032532, 0.10703166574239731, 0.0, 0.0, 0.0, 0.10703166574239731, 0.0, 0.0, 0.10703166574239731, 0.0]","[0.0, 2.322689929967359e-22, 2.3229314137873643e-22, 0.0, 0.0, 3.429490490461824e-22, 2.334481296891876e-22, 2.3325192090456747e-22, 0.0, 0.0, 2.3414942963470487e-22, 0.0, 1.0, 0.0, 0.0, 0.0, 0.0, 3.4264181318901493e-22, 0.0, 0.0, 0.0, 0.0, 0.0, 0.0, 0.0, 3.424515133639239e-22, 0.0, 0.0, 3.43750094308678e-22, 0.0]","[0.002708069374317649, 0.004198687052296458, 0.0, 0.0, 0.0060919708834750955, 0.010536747846546835, 0.0, 0.0028846162250045293, 0.009755563921688049, 0.0, 0.0011648481229951835, 0.005359229031336129, 0.8892018870955295, 0.0, 0.0, 0.0, 0.0, 0.0, 0.0, 0.0, 0.004958481083985282, 0.005476594344068615, 0.0, 0.009859321727922076, 0.007311847694130444, 0.0, 0.0, 0.0, 0.020343530938174596, 0.02014860465852977]","[0.1070316731929779, 0.1070316731929779, 0.0, 0.0, 0.0, 0.1070316731929779, 0.0, 0.0, 0.0, 0.0, 0.0, 0.0, 0.0, 0.06977026164531708, 0.0, 0.0, 0.1070316731929779, 0.10556406527757645, 0.0, 0.0, 0.07544402033090591, 0.1070316731929779, 0.0, 0.0, 0.0, 0.1070316731929779, 0.0, 0.0, 0.1070316731929779, 0.0]",0.00220096678761063
70,0.9956245247744527,"[0.9867955500102603, 0.9944197113963841, 1.0119468808110001, 1.0218798442504364, 0.9758141461216799, 1.010773454780778, 0.9999154222284184, 0.9961638235790048, 1.0012546444200667, 1.0270789005161525, 1.001453149980764, 1.0213812954178814, 0.9803796909191125, 0.9966523518215086, 1.0118585132007456, 0.9965974555281474, 1.02155046636132, 0.9997916369424007, 0.9890085470974409, 0.9970256641119615, 1.0033404475487309, 0.9961942733697426, 1.0065775061051305, 0.9888570566628763, 0.9972838115964897, 0.9944582147127782, 0.9888589263685966, 1.0038416815920352, 1.020273316961648, 1.0003979392080813]","[1.011382038493927, 1.0045709998410322, 0.992700495441001, 1.0007499683323353, 0.9898925473148307, 0.9950316926205716, 1.004650624363714, 0.9936688131251116, 1.0247307640094547, 1.0145074554590925, 0.9819343904285159, 0.9807767053789758, 0.996175822956672, 1.0006035703276173, 0.9993057044453012, 0.9947183604318297, 1.0076130454196017, 1.0000388709380101, 1.002849496182065, 0.9926903619098191, 1.0083777179130535, 1.0170377838799032, 1.004845226408749, 1.0067158300545673, 0.9831450679931822, 1.007038255981038, 1.0155287044694106, 0.9938705892102321, 0.9980401594379299, 1.0113485168701897]","[0.011382038493926938, 0.004570999841032153, -0.0072995045589989704, 0.0007499683323353157, -0.010107452685169327, -0.004968307379428438, 0.0046506243637141065, -0.006331186874888428, 0.02473076400945473, 0.014507455459092489, -0.018065609571484065, -0.019223294621024234, -0.0038241770433280475, 0.0006035703276172644, -0.0006942955546987983, -0.005281639568170293, 0.007613045419601727, 3.887093801013819e-05, 0.002849496182065092, -0.0073096380901809255, 0.008377717913053528, 0.01703778387990318, 0.00484522640874907, 0.006715830054567329, -0.016854932006817758, 0.007038255981038022, 0.01552870446941057, -0.0061294107897679195, -0.001959840562070103, 0.011348516870189673]","[0.13315488398075104, 0.10712134838104248, 0.10900918394327164, 0.0, 0.0, 0.0, 0.0, 0.0, 0.0, 0.0, 0.058849141001701355, 0.09329014271497726, 0.0, 0.0, 0.0, 0.0, 0.0, 0.13315488398075104, 0.0, 0.04125287011265755, 0.0, 0.13315488398075104, 0.0, 0.0, 0.0, 0.0, 0.0, 0.0, 0.13315488398075104, 0.05785781890153885]","[0.0, 0.0, 0.0, 0.0, 4.271156495073353e-22, 3.4443839937315547e-22, 0.0, 1.235008008176462e-22, 2.2937601358333644e-22, 2.8916267021136247e-22, 0.0, 0.0, 1.0, 2.3269332274752403e-22, 2.318389694852085e-22, 0.0, 0.0, 0.0, 0.0, 0.0, 0.0, 0.0, 0.0, 0.0, 0.0, 0.0, 0.0, 0.0, 1.2357940973757518e-22, 2.89721722958747e-22]","[0.016849425897252822, 0.020069457827106167, 0.008986024425792109, 0.006957407068002179, 0.005140265730520317, 0.0, 0.0050490517541351984, 0.0, 0.009069205193238474, 0.008343946132596033, 0.0, 0.0, 0.8724812751111833, 0.0, 0.0, 0.002585231643511968, 0.005514102713112762, 0.0032765940539240877, 0.0, 0.0, 0.0, 0.0, 0.0, 0.0, 0.005244825162438965, 0.0, 0.009411027753728481, 0.0, 0.015825416328849293, 0.005196743204607816]","[0.13315486907958984, 0.10712133347988129, 0.10900916904211044, 0.0, 0.0, 0.0, 0.0, 0.0, 0.0, 0.0, 0.05884913355112076, 0.09329013526439667, 0.0, 0.0, 0.0, 0.0, 0.0, 0.13315486907958984, 0.0, 0.04125286638736725, 0.0, 0.13315486907958984, 0.0, 0.0, 0.0, 0.0, 0.0, 0.0, 0.13315486907958984, 0.05785781145095825]",0.00027887807161659214
71,0.9972914830984443,"[1.011382038493927, 1.0045709998410322, 0.992700495441001, 1.0007499683323353, 0.9898925473148307, 0.9950316926205716, 1.004650624363714, 0.9936688131251116, 1.0247307640094547, 1.0145074554590925, 0.9819343904285159, 0.9807767053789758, 0.996175822956672, 1.0006035703276173, 0.9993057044453012, 0.9947183604318297, 1.0076130454196017, 1.0000388709380101, 1.002849496182065, 0.9926903619098191, 1.0083777179130535, 1.0170377838799032, 1.004845226408749, 1.0067158300545673, 0.9831450679931822, 1.007038255981038, 1.0155287044694106, 0.9938705892102321, 0.9980401594379299, 1.0113485168701897]","[0.993135958197386, 0.9898250726884095, 1.0026921422177242, 0.997071161179341, 0.9868358217906209, 0.9942133776044092, 1.022586646338548, 1.013005827676067, 1.0140552708208204, 0.9793005689554979, 1.003696240458138, 0.9903446745371274, 1.0065247958882937, 1.0313143745768636, 0.9936484856858824, 1.0056009899010958, 0.9989582108198736, 1.024103023901726, 0.9875828248240512, 0.998857381605227, 1.0088696679845777, 0.9963305660065187, 0.9970067138527058, 0.9850871520768332, 0.9739972597777691, 0.9867739239904657, 0.9967379792427582, 0.9761546684800609, 0.9842233197930244, 1.014832590513298]","[-0.006864041802614018, -0.010174927311590531, 0.0026921422177241805, -0.0029288388206589744, -0.013164178209379096, -0.005786622395590801, 0.02258664633854801, 0.01300582767606695, 0.014055270820820365, -0.020699431044502115, 0.0036962404581379893, -0.009655325462872622, 0.0065247958882936885, 0.03131437457686359, -0.006351514314117623, 0.00560098990109581, -0.001041789180126429, 0.024103023901725917, -0.012417175175948758, -0.0011426183947730317, 0.008869667984577667, -0.003669433993481297, -0.0029932861472942163, -0.014912847923166828, -0.026002740222230925, -0.013226076009534293, -0.0032620207572418014, -0.02384533151993906, -0.015776680206975646, 0.014832590513297994]","[0.11208993941545486, 0.0, 0.0, 0.0, 0.0, 0.0, 0.0, 0.07722694426774979, 0.11208993941545486, 0.0, 0.0, 0.0, 0.0, 0.0, 0.11208993941545486, 0.08549594134092331, 0.0, 0.11208993941545486, 0.0, 0.0, 0.11208993941545486, 0.11208993941545486, 0.0, 0.0, 0.0, 0.06973350048065186, 0.0, 0.09500398486852646, 0.0, 0.0]","[0.0, 0.0, 7.93614440211876e-24, 0.0, 0.0, 0.0, 0.0, 8.336983231004074e-24, 0.0, 0.0, 8.876016931937302e-24, 0.0, 1.0, 0.0, 0.0, 0.0, 3.3951540729153304e-22, 0.0, 8.18399743576891e-24, 0.0, 7.77474526049948e-24, 0.0, 7.893708249101465e-24, 0.0, 0.0, 1.1818255528886646e-22, 0.0, 6.254958139116219e-23, 0.0, 0.0]","[0.007282099682507931, 0.0, 0.008579447317946194, 0.005711791551271956, 0.0009324056853591776, 0.0, 0.004293509550229702, 0.0, 0.0, 0.0, 0.0, 0.0, 0.8872906699471046, 0.0, 0.0, 0.0, 0.004655662359592639, 0.0005434487381974217, 0.013362465945736082, 0.0, 0.002079284136016644, 0.0, 0.020586699502157153, 0.004164225807406659, 0.016586313023504714, 0.006626276468014989, 0.00792723367313182, 0.009378466611822659, 0.0, 0.0]","[0.11208993941545486, 0.0, 0.0, 0.0, 0.0, 0.0, 0.0, 0.07722694426774979, 0.11208993941545486, 0.0, 0.0, 0.0, 0.0, 0.0, 0.11208993941545486, 0.08549594134092331, 0.0, 0.11208993941545486, 0.0, 0.0, 0.11208993941545486, 0.11208993941545486, 0.0, 0.0, 0.0, 0.06973350048065186, 0.0, 0.09500398486852646, 0.0, 0.0]",0.0012029335048242247
72,0.9895254496378746,"[0.993135958197386, 0.9898250726884095, 1.0026921422177242, 0.997071161179341, 0.9868358217906209, 0.9942133776044092, 1.022586646338548, 1.013005827676067, 1.0140552708208204, 0.9793005689554979, 1.003696240458138, 0.9903446745371274, 1.0065247958882937, 1.0313143745768636, 0.9936484856858824, 1.0056009899010958, 0.9989582108198736, 1.024103023901726, 0.9875828248240512, 0.998857381605227, 1.0088696679845777, 0.9963305660065187, 0.9970067138527058, 0.9850871520768332, 0.9739972597777691, 0.9867739239904657, 0.9967379792427582, 0.9761546684800609, 0.9842233197930244, 1.014832590513298]","[0.9987860037524138, 0.9925950378187226, 0.9884567435790804, 0.9844634541307264, 0.9903542293706414, 1.0082350353312866, 1.0073407749461782, 0.9878846492704152, 0.9979232436207853, 1.0144795451516815, 1.0088073669445328, 0.9894590897983221, 0.9893056777348299, 1.0135264368993457, 0.9623757835557747, 0.9808274300970228, 1.0098393053258468, 1.0137022259099069, 0.994205469868861, 1.0161964069242981, 0.9935651040937106, 1.0209574375653678, 0.9968898040490205, 1.017183502806885, 0.9826256107833848, 0.9938059585476654, 0.9926538098320385, 0.9914471329267527, 1.0090366283106127, 0.9900896147672096]","[-0.0012139962475862243, -0.007404962181277397, -0.011543256420919579, -0.015536545869273555, -0.009645770629358563, 0.008235035331286555, 0.007340774946178241, -0.012115350729584806, -0.0020767563792146726, 0.014479545151681483, 0.008807366944532768, -0.010540910201677911, -0.010694322265170086, 0.01352643689934574, -0.03762421644422531, -0.01917256990297722, 0.009839305325846759, 0.013702225909906884, -0.005794530131138953, 0.016196406924298135, -0.006434895906289428, 0.02095743756536783, -0.0031101959509794996, 0.017183502806884965, -0.01737438921661516, -0.006194041452334598, -0.007346190167961453, -0.008552867073247317, 0.009036628310612693, -0.00991038523279042]","[0.0, 0.0, 0.0, 0.0, 0.11768919974565506, 0.0, 0.12817445397377014, 0.05950671434402466, 0.0, 0.0, 0.0, 0.13086214661598206, 0.0, 0.0, 0.1277514547109604, 0.0, 0.13086214661598206, 0.0, 0.0, 0.0, 0.0, 0.0, 0.0, 0.0, 0.0, 0.05299636721611023, 0.0, 0.08212074637413025, 0.03917475417256355, 0.13086214661598206]","[0.0, 0.0, 0.0, 0.0, 0.0, 0.0, 0.0, 3.4185376617254396e-22, 0.0, 0.0, 0.0, 0.0, 1.0, 0.0, 0.0, 0.0, 6.729013516091442e-22, 0.0, 3.4175282873574496e-22, 3.4107456967931e-22, 0.0, 0.0, 3.4144441481034165e-22, 4.510131858409982e-22, 0.0, 6.737322331657156e-22, 0.0, 0.0, 4.53071845056222e-22, 5.91446358342957e-22]","[0.0, 0.0, 0.005025768975738186, 0.0, 0.013729915419423483, 0.0, 0.0, 0.006700600309197596, 0.0005181966508681641, 0.004472467409186853, 0.0011172378432683344, 0.0, 0.9546658778057985, 0.0, 0.0, 0.0, 0.0, 0.0, 0.006765986438399099, 0.0, 0.006387462517093891, 0.0006164866310259705, 0.0, 0.0, 0.0, 0.0, 0.0, 0.0, 0.0, 0.0]","[0.0, 0.0, 0.0, 0.0, 0.11768918484449387, 0.0, 0.12817443907260895, 0.05950670689344406, 0.0, 0.0, 0.0, 0.13086213171482086, 0.0, 0.0, 0.1277514398097992, 0.0, 0.13086213171482086, 0.0, 0.0, 0.0, 0.0, 0.0, 0.0, 0.0, 0.0, 0.05299635976552963, 0.0, 0.08212073892354965, 0.039174750447273254, 0.13086213171482086]",-0.008229522727376492
73,0.9885789196258506,"[0.9987860037524138, 0.9925950378187226, 0.9884567435790804, 0.9844634541307264, 0.9903542293706414, 1.0082350353312866, 1.0073407749461782, 0.9878846492704152, 0.9979232436207853, 1.0144795451516815, 1.0088073669445328, 0.9894590897983221, 0.9893056777348299, 1.0135264368993457, 0.9623757835557747, 0.9808274300970228, 1.0098393053258468, 1.0137022259099069, 0.994205469868861, 1.0161964069242981, 0.9935651040937106, 1.0209574375653678, 0.9968898040490205, 1.017183502806885, 0.9826256107833848, 0.9938059585476654, 0.9926538098320385, 0.9914471329267527, 1.0090366283106127, 0.9900896147672096]","[1.0194502694579046, 1.0121226358854434, 1.0015006328053757, 0.9864441485729356, 1.0161715399833817, 1.005521562218574, 0.9706395990479273, 1.0129706630017388, 0.9989269441557246, 0.9934920801296591, 1.013328630284154, 0.9963468443652777, 0.9854228101707753, 0.9851430900008048, 0.995825758428939, 1.0140263460805496, 1.0075780387246338, 0.9916523388277979, 1.0057391465272096, 1.002083646576223, 0.988834586066879, 1.0179764271408027, 1.0179880184641459, 1.003665224715673, 1.0060078212765773, 0.9801903945468478, 0.9843981467856653, 1.0044170385656626, 1.007678579739087, 0.9913644545779886]","[0.019450269457904623, 0.012122635885443378, 0.0015006328053757123, -0.013555851427064392, 0.016171539983381722, 0.005521562218574028, -0.029360400952072707, 0.01297066300173877, -0.0010730558442754168, -0.006507919870340939, 0.013328630284153986, -0.0036531556347223493, -0.014577189829224735, -0.0148569099991952, -0.004174241571061055, 0.014026346080549645, 0.007578038724633807, -0.008347661172202092, 0.005739146527209638, 0.002083646576223064, -0.011165413933120982, 0.01797642714080272, 0.017988018464145883, 0.003665224715672988, 0.006007821276577285, -0.019809605453152246, -0.015601853214334716, 0.004417038565662557, 0.0076785797390870325, -0.008635545422011393]","[0.0, 0.1036643534898758, 0.0, 0.0, 0.0, 0.0, 0.0, 0.0, 0.0, 0.0, 0.0, 0.0, 0.0, 0.10203626751899719, 0.1036643534898758, 0.0, 0.0, 0.0, 0.0, 0.0, 0.1036643534898758, 0.1036643534898758, 0.0, 0.0892193540930748, 0.1036643534898758, 0.0, 0.09242047369480133, 0.09433764219284058, 0.0, 0.1036643534898758]","[0.0, 0.0, 0.0, 0.0, 0.0, 0.0, 0.0, 5.754510470811436e-24, 0.0, 5.5641605037490955e-24, 0.0, 5.9523591986459e-24, 1.0, 0.0, 0.0, 0.0, 1.1569101060248453e-22, 0.0, 5.905376606038736e-24, 0.0, 5.436591048834125e-24, 0.0, 0.0, 0.0, 5.122901717816251e-24, 0.0, 0.0, 0.0, 1.1707256821435502e-22, 1.9499885235100113e-23]","[0.02270213852743177, 0.010471405344762673, 0.0, 0.0, 0.0, 0.006558023437903495, 0.004068696762152022, 0.0007011102938456546, 0.0, 0.0, 0.0, 0.0, 0.9011254633006784, 0.007836861377864988, 0.005653080761287629, 0.007654301786718979, 0.009917412797127276, 0.0, 0.0, 0.0, 0.0022829784409275048, 0.001100910367563519, 0.0, 0.0, 0.01315228882711792, 0.0, 0.004316537697411019, 0.0, 0.0, 0.0024587902772067174]","[0.0, 0.10366437584161758, 0.0, 0.0, 0.0, 0.0, 0.0, 0.0, 0.0, 0.0, 0.0, 0.0, 0.0, 0.10203628987073898, 0.10366437584161758, 0.0, 0.0, 0.0, 0.0, 0.0, 0.10366437584161758, 0.10366437584161758, 0.0, 0.08921937644481659, 0.10366437584161758, 0.0, 0.09242049604654312, 0.09433766454458237, 0.0, 0.10366437584161758]",-0.0013848452831667682
74,0.9856102016802512,"[1.0194502694579046, 1.0121226358854434, 1.0015006328053757, 0.9864441485729356, 1.0161715399833817, 1.005521562218574, 0.9706395990479273, 1.0129706630017388, 0.9989269441557246, 0.9934920801296591, 1.013328630284154, 0.9963468443652777, 0.9854228101707753, 0.9851430900008048, 0.995825758428939, 1.0140263460805496, 1.0075780387246338, 0.9916523388277979, 1.0057391465272096, 1.002083646576223, 0.988834586066879, 1.0179764271408027, 1.0179880184641459, 1.003665224715673, 1.0060078212765773, 0.9801903945468478, 0.9843981467856653, 1.0044170385656626, 1.007678579739087, 0.9913644545779886]","[1.035123922566077, 1.0030896925801105, 1.0199199928186222, 1.0057206815670638, 0.9974737622351845, 1.008619357472881, 0.9806345907661885, 1.0068326994825758, 0.9887332102242117, 0.9880316119630896, 1.0066129310701808, 0.9921250881332461, 0.9869287410079997, 0.9910673802219734, 0.9801412947533708, 1.0088419528047694, 1.003936972905078, 0.9922533189205778, 0.9892691777711085, 0.9928761219209515, 1.0135827330502671, 0.9740648854987954, 0.9801689728194163, 1.0024693241901153, 1.007059832416432, 0.9982899372832984, 1.0294113937115152, 1.0025409969481178, 1.0065372543621744, 0.9859573670625595]","[0.035123922566077104, 0.0030896925801104924, 0.019919992818622223, 0.0057206815670638456, -0.002526237764815531, 0.008619357472881006, -0.01936540923381147, 0.00683269948257581, -0.011266789775788322, -0.01196838803691036, 0.006612931070180794, -0.00787491186675393, -0.013071258992000345, -0.008932619778026618, -0.01985870524662925, 0.008841952804769404, 0.003936972905077996, -0.007746681079422224, -0.010730822228891546, -0.007123878079048462, 0.013582733050267137, -0.02593511450120456, -0.019831027180583716, 0.002469324190115252, 0.007059832416431933, -0.0017100627167015992, 0.029411393711515244, 0.002540996948117824, 0.0065372543621744494, -0.014042632937440458]","[0.0, 0.0, 0.09080301970243454, 0.11040264368057251, 0.0, 0.0, 0.10660918056964874, 0.0, 0.11040264368057251, 0.0, 0.0, 0.1076400950551033, 0.11040264368057251, 0.0, 0.0, 0.0, 0.0, 0.0, 0.0, 0.0, 0.056916192173957825, 0.0, 0.0, 0.0, 0.11040264368057251, 0.11040264368057251, 0.0, 0.0, 0.0, 0.08601834625005722]","[0.0, 0.0, 0.0, 1.7264579623379924e-22, 0.0, 0.0, 0.0, 1.72998905582119e-22, 0.0, 2.003619663867918e-22, 1.7372247948676285e-22, 0.0, 1.0, 0.0, 0.0, 2.276634566995012e-22, 0.0, 0.0, 0.0, 2.2808022323711603e-22, 0.0, 1.7233657768568004e-22, 0.0, 0.0, 0.0, 0.0, 0.0, 1.7208380967264884e-22, 0.0, 2.4898266085903306e-22]","[0.01001854664145702, 0.0, 0.0, 0.019898355241519144, 0.011941423773290858, 0.00457424189629474, 0.0, 0.0, 0.0023287136568739633, 0.008307198774545811, 0.007916461100259611, 0.012800887010940306, 0.8658984964795046, 0.0, 0.008414948406893333, 0.0, 0.0, 0.0022114302093849897, 0.0, 0.0113676862255737, 0.0, 0.002314337110875527, 0.01397490240974571, 0.0, 0.0022576209835571425, 0.0, 0.0, 0.004371239874316888, 0.004367611457199526, 0.007035898747767107]","[0.0, 0.0, 0.09080301970243454, 0.11040264368057251, 0.0, 0.0, 0.10660918056964874, 0.0, 0.11040264368057251, 0.0, 0.0, 0.1076400950551033, 0.11040264368057251, 0.0, 0.0, 0.0, 0.0, 0.0, 0.0, 0.0, 0.056916192173957825, 0.0, 0.0, 0.0, 0.11040264368057251, 0.11040264368057251, 0.0, 0.0, 0.0, 0.08601834625005722]",-0.0034328202162326967
75,0.9896452222952226,"[1.035123922566077, 1.0030896925801105, 1.0199199928186222, 1.0057206815670638, 0.9974737622351845, 1.008619357472881, 0.9806345907661885, 1.0068326994825758, 0.9887332102242117, 0.9880316119630896, 1.0066129310701808, 0.9921250881332461, 0.9869287410079997, 0.9910673802219734, 0.9801412947533708, 1.0088419528047694, 1.003936972905078, 0.9922533189205778, 0.9892691777711085, 0.9928761219209515, 1.0135827330502671, 0.9740648854987954, 0.9801689728194163, 1.0024693241901153, 1.007059832416432, 0.9982899372832984, 1.0294113937115152, 1.0025409969481178, 1.0065372543621744, 0.9859573670625595]","[1.002255719254482, 0.990111134995556, 0.9950278631885853, 0.9910790565774718, 1.0161933917858983, 0.991629128331661, 1.0159758447762384, 1.0326874329256932, 1.011707622934604, 0.9885583216918438, 0.9985872199307306, 0.999473770685678, 0.9888985746333305, 0.9835764898921757, 1.0254547874143152, 1.005164267967153, 0.9929253863757523, 0.9820039438613948, 1.0104151697280785, 0.9870426019038093, 1.013236386207395, 1.0164489957597966, 0.9947626836417842, 0.9809526169979805, 1.0074663630484297, 1.007636137837404, 0.9895307990241372, 0.9906859595547287, 0.9947656251084017, 0.9917445196731498]","[0.0022557192544820914, -0.00988886500444397, -0.004972136811414729, -0.008920943422528249, 0.016193391785898292, -0.008370871668339053, 0.015975844776238368, 0.032687432925693205, 0.011707622934604034, -0.011441678308156233, -0.0014127800692693704, -0.000526229314322002, -0.01110142536666947, -0.01642351010782428, 0.025454787414315172, 0.00516426796715308, -0.007074613624247661, -0.01799605613860522, 0.010415169728078544, -0.012957398096190675, 0.013236386207394979, 0.016448995759796636, -0.005237316358215782, -0.01904738300201947, 0.007466363048429736, 0.007636137837403911, -0.010469200975862791, -0.009314040445271288, -0.005234374891598281, -0.008255480326850195]","[0.0, 0.0, 0.0, 0.10238197445869446, 0.0, 0.0984196662902832, 0.09442214667797089, 0.10238197445869446, 0.0, 0.10238197445869446, 0.0, 0.0, 0.09048441797494888, 0.0, 0.0, 0.0, 0.0, 0.0, 0.10238197445869446, 0.0, 0.10238197445869446, 0.10238197445869446, 0.0, 0.0, 0.0, 0.0, 0.0, 0.10238197445869446, 0.0, 0.0]","[0.0, 0.0, 1.611457626273137e-22, 0.0, 0.0, 0.0, 3.4188286865033317e-23, 0.4098141376778865, 0.0, 0.0, 3.051895452771079e-23, 0.0, 0.5901858623221136, 0.0, 0.0, 0.0, 0.0, 0.0, 1.4149592667151853e-22, 1.5998366456158357e-22, 0.0, 0.0, 0.0, 0.0, 1.024042980943967e-22, 0.0, 6.434085448155028e-23, 0.0, 8.018796774371818e-23, 0.0]","[0.009245371912955347, 0.010175831921266096, 0.014455342124163587, 0.005555469182877082, 0.0, 0.0, 0.0, 0.3526567670017632, 0.0, 0.01928465779831825, 0.0, 0.00952400050185576, 0.5084194354093763, 0.008238874941209203, 0.006422529948381223, 0.007826434258272789, 0.0014942513829659923, 0.0, 0.007158651953087847, 0.012644656513251001, 0.009734578175756318, 0.0, 0.0, 0.004856283383383564, 0.0, 0.0, 0.005140645490311489, 0.007166218100804872, 0.0, 0.0]","[0.0, 0.0, 0.0, 0.10238197445869446, 0.0, 0.0984196662902832, 0.09442214667797089, 0.10238197445869446, 0.0, 0.10238197445869446, 0.0, 0.0, 0.09048441797494888, 0.0, 0.0, 0.0, 0.0, 0.0, 0.10238197445869446, 0.0, 0.10238197445869446, 0.10238197445869446, 0.0, 0.0, 0.0, 0.0, 0.0, 0.10238197445869446, 0.0, 0.0]",0.0037118175082758104
76,0.9891139285180965,"[1.002255719254482, 0.990111134995556, 0.9950278631885853, 0.9910790565774718, 1.0161933917858983, 0.991629128331661, 1.0159758447762384, 1.0326874329256932, 1.011707622934604, 0.9885583216918438, 0.9985872199307306, 0.999473770685678, 0.9888985746333305, 0.9835764898921757, 1.0254547874143152, 1.005164267967153, 0.9929253863757523, 0.9820039438613948, 1.0104151697280785, 0.9870426019038093, 1.013236386207395, 1.0164489957597966, 0.9947626836417842, 0.9809526169979805, 1.0074663630484297, 1.007636137837404, 0.9895307990241372, 0.9906859595547287, 0.9947656251084017, 0.9917445196731498]","[1.0059369479897842, 0.9974674065595637, 0.9754605451924143, 0.9901475505888352, 0.9942761735765642, 1.0108655395539643, 1.0164368190686337, 1.0142330405431594, 1.0005040514639771, 0.9811863763280875, 0.9900610505805808, 0.9833681007624914, 1.011314402292753, 1.0008729422701543, 0.9981312543819529, 1.0025805374897678, 0.9936097039160353, 1.0066705669820575, 1.0104357848822765, 1.0057856535411474, 0.9933443317877473, 1.0084101017324842, 1.0124995907723873, 1.012121559942452, 0.9752344725784581, 0.9879620583866595, 0.9731718961851711, 0.994585403114761, 1.0087502916383009, 1.0049679860046432]","[0.005936947989784169, -0.002532593440436326, -0.02453945480758568, -0.00985244941116481, -0.005723826423435829, 0.010865539553964298, 0.0164368190686337, 0.014233040543159436, 0.0005040514639771398, -0.018813623671912527, -0.009938949419419196, -0.01663189923750863, 0.011314402292752934, 0.000872942270154331, -0.001868745618047063, 0.0025805374897678313, -0.006390296083964686, 0.00667056698205748, 0.010435784882276478, 0.005785653541147351, -0.006655668212252719, 0.008410101732484243, 0.01249959077238727, 0.01212155994245201, -0.024765527421541922, -0.012037941613340486, -0.02682810381482892, -0.0054145968852390425, 0.008750291638300878, 0.00496798600464321]","[0.0, 0.0, 0.0, 0.10775737464427948, 0.0, 0.0, 0.0, 0.0, 0.0, 0.10775737464427948, 0.0, 0.0, 0.10775737464427948, 0.07389307022094727, 0.10775737464427948, 0.104948028922081, 0.10775737464427948, 0.06685729324817657, 0.0, 0.0, 0.0, 0.10775737464427948, 0.0, 0.0, 0.0, 0.0, 0.0, 0.0, 0.0, 0.10775737464427948]","[0.0, 7.8244816062894e-24, 0.0, 6.35018878263908e-23, 0.0, 0.0, 0.0, 1.0, 0.0, 0.0, 0.0, 0.0, 0.0, 8.283458214316484e-24, 0.0, 0.0, 0.0, 8.369135808668347e-24, 6.855802766647846e-24, 0.0, 1.603641157287299e-22, 7.307440524636462e-24, 0.0, 0.0, 0.0, 0.0, 7.246964398452758e-24, 8.641812033193675e-24, 0.0, 0.0]","[0.0014430701353247844, 0.0175666161957055, 0.006736058057662217, 0.00516565232600345, 0.009428700435806828, 0.004826058373437979, 0.0, 0.8611881362137419, 0.0034158459323579797, 0.009942385138579805, 0.0, 0.006552515763993652, 0.0, 0.006639657039825382, 0.0, 0.007741914011307853, 0.0, 0.0, 0.0, 0.0, 0.014568227393694927, 0.0, 0.005846665502183258, 0.016770594748265633, 0.007851123648419021, 0.0014470971720276671, 0.012869681911662288, 0.0, 0.0, 0.0]","[0.0, 0.0, 0.0, 0.10775737464427948, 0.0, 0.0, 0.0, 0.0, 0.0, 0.10775737464427948, 0.0, 0.0, 0.10775737464427948, 0.07389307022094727, 0.10775737464427948, 0.104948028922081, 0.10775737464427948, 0.06685729324817657, 0.0, 0.0, 0.0, 0.10775737464427948, 0.0, 0.0, 0.0, 0.0, 0.0, 0.0, 0.0, 0.10775737464427948]",-0.0009148187634267183
77,0.9883492029993001,"[1.0059369479897842, 0.9974674065595637, 0.9754605451924143, 0.9901475505888352, 0.9942761735765642, 1.0108655395539643, 1.0164368190686337, 1.0142330405431594, 1.0005040514639771, 0.9811863763280875, 0.9900610505805808, 0.9833681007624914, 1.011314402292753, 1.0008729422701543, 0.9981312543819529, 1.0025805374897678, 0.9936097039160353, 1.0066705669820575, 1.0104357848822765, 1.0057856535411474, 0.9933443317877473, 1.0084101017324842, 1.0124995907723873, 1.012121559942452, 0.9752344725784581, 0.9879620583866595, 0.9731718961851711, 0.994585403114761, 1.0087502916383009, 1.0049679860046432]","[1.0030986391250358, 1.0157639478851581, 0.9965670499933657, 0.987345419748988, 1.0105718690912409, 0.9847163864841528, 1.0018038603955837, 1.020579860053522, 1.0228780696573734, 0.9935819196971614, 0.9989803630386047, 0.9792942709330599, 1.0067090812392034, 1.0397838397279, 0.9907356451229816, 0.9986391408255711, 0.9929475267617005, 1.004732847794264, 1.0022924719823725, 0.9847431122062517, 1.003057854330399, 0.9985257508181686, 1.0115192997245956, 0.9767097941796941, 1.0002326820338148, 1.00119275281755, 1.0023816163967108, 0.9843600953864517, 0.9851469462252052, 1.0132197106911072]","[0.003098639125035829, 0.015763947885158114, -0.00343295000663435, -0.01265458025101196, 0.01057186909124086, -0.015283613515847172, 0.0018038603955836674, 0.02057986005352208, 0.02287806965737338, -0.006418080302838636, -0.0010196369613952871, -0.020705729066940126, 0.0067090812392034405, 0.039783839727900006, -0.009264354877018377, -0.0013608591744288523, -0.007052473238299495, 0.004732847794264083, 0.0022924719823724793, -0.015256887793748342, 0.003057854330398957, -0.0014742491818313663, 0.011519299724595644, -0.023290205820305943, 0.00023268203381476837, 0.0011927528175499358, 0.0023816163967107506, -0.01563990461354825, -0.014853053774794844, 0.013219710691107167]","[0.0, 0.09999999403953552, 0.09999999403953552, 0.09999999403953552, 0.09999999403953552, 0.09999999403953552, 0.0, 0.0, 0.0, 0.0, 0.0, 0.0, 0.0, 0.0, 0.0, 0.0, 0.0, 0.0, 0.0, 0.0, 0.09999999403953552, 0.0, 0.09999999403953552, 0.0, 0.0, 0.0, 0.0, 0.09999999403953552, 0.09999999403953552, 0.09999999403953552]","[0.0, 0.0, 0.0, 0.0, 0.0, 0.0, 0.28673193203675534, 0.7132680679632447, 0.0, 0.0, 0.0, 0.0, 5.601702320272855e-25, 0.0, 0.0, -1.6001374654114975e-22, 2.1174527456241077e-23, 1.6074874443051868e-22, -1.4768812383512074e-22, 0.0, 0.0, 0.0, 0.0, 0.0, 0.0, -6.03601728211738e-23, -1.731521658054231e-23, -1.46169016271185e-22, 0.0, 0.0]","[0.0, 0.0, 0.0, 0.0, 0.003952434747304887, 0.0, 0.25428805270711496, 0.6323085888660408, 0.0, 0.0, 0.011182048537961852, 0.0, 0.0117490045726214, 0.0, 0.0007099446089312673, 0.0, 0.014669847864786603, 0.0, 0.002158996750757997, 0.004541470204797817, 0.009305476805963286, 0.0, 0.0015371517636783164, 0.005419491674126796, 0.0024849073642279084, 0.0032373381704271257, 0.021839350225576003, 0.0, 0.015226533466779742, 0.005389361668903075]","[0.0, 0.09999999403953552, 0.09999999403953552, 0.09999999403953552, 0.09999999403953552, 0.09999999403953552, 0.0, 0.0, 0.0, 0.0, 0.0, 0.0, 0.0, 0.0, 0.0, 0.0, 0.0, 0.0, 0.0, 0.0, 0.09999999403953552, 0.0, 0.09999999403953552, 0.0, 0.0, 0.0, 0.0, 0.09999999403953552, 0.09999999403953552, 0.09999999403953552]",-0.0011428849834536046
78,0.9859234060059424,"[1.0030986391250358, 1.0157639478851581, 0.9965670499933657, 0.987345419748988, 1.0105718690912409, 0.9847163864841528, 1.0018038603955837, 1.020579860053522, 1.0228780696573734, 0.9935819196971614, 0.9989803630386047, 0.9792942709330599, 1.0067090812392034, 1.0397838397279, 0.9907356451229816, 0.9986391408255711, 0.9929475267617005, 1.004732847794264, 1.0022924719823725, 0.9847431122062517, 1.003057854330399, 0.9985257508181686, 1.0115192997245956, 0.9767097941796941, 1.0002326820338148, 1.00119275281755, 1.0023816163967108, 0.9843600953864517, 0.9851469462252052, 1.0132197106911072]","[1.0193832962524123, 0.9872638226516914, 1.01300893244775, 1.0135781845488325, 1.002695837603579, 1.0005538129907343, 1.0006848847691237, 0.9838464795163872, 1.0170501935493017, 1.000477759056882, 1.0028642465601953, 0.9931236274702165, 1.0072152945413253, 0.9883870409795991, 1.0111405638489706, 0.9833079524049684, 1.0211203475546202, 0.9867485570197262, 1.0287514810680645, 0.9772919654991614, 0.9925456298217675, 1.0069351419463384, 0.9894789368216349, 1.0234751735534535, 1.0009675779816256, 0.9930250194720823, 1.0171634539531613, 1.030458910716237, 1.0202649505287658, 0.9913039153232478]","[0.019383296252412308, -0.012736177348308564, 0.013008932447750032, 0.013578184548832528, 0.0026958376035790543, 0.0005538129907343148, 0.0006848847691236504, -0.01615352048361285, 0.017050193549301706, 0.00047775905688207665, 0.0028642465601953493, -0.006876372529783459, 0.007215294541325301, -0.011612959020400937, 0.011140563848970553, -0.016692047595031623, 0.021120347554620222, -0.013251442980273809, 0.028751481068064466, -0.02270803450083858, -0.007454370178232472, 0.0069351419463383746, -0.010521063178365098, 0.02347517355345352, 0.0009675779816256114, -0.0069749805279176735, 0.017163453953161323, 0.030458910716236964, 0.020264950528765757, -0.008696084676752203]","[0.0, 0.0, 0.0, 0.0, 0.0, 0.0, 0.10136666893959045, 0.10136666893959045, 0.0, 0.0, 0.0, 0.0, 0.0, 0.10136666893959045, 0.10136666893959045, 0.09402096271514893, 0.0, 0.09799724817276001, 0.0, 0.10136666893959045, 0.0, 0.0, 0.10136666893959045, 0.09841498732566833, 0.0, 0.0, 0.0, 0.10136666893959045, 0.0, 0.0]","[0.0, 0.0, 0.0, 0.0, -4.6524202301515926e-23, -9.846849268789173e-23, 0.0, 1.0, 0.0, 0.0, 0.0, 1.29180737487585e-23, 0.0, 0.0, 0.0, 0.0, 1.230375126225489e-22, 0.0, 0.0, 0.0, 3.964182880754666e-23, 0.0, 0.0, -9.77214371612756e-23, 1.0598985063332709e-23, 0.0, 1.1257180444126936e-23, -9.797058890649478e-23, 0.0, 0.0]","[0.017269710543176896, 0.0, 0.0, 0.0, 0.0, 0.0007376038222637414, 0.0, 0.9190887198414956, 0.0, 0.006394614589460733, 0.006422049823165941, 0.0013387860989618795, 0.0, 0.006906824673051641, 0.002127322277411996, 0.0, 0.00839395541017948, 0.0, 0.012444305785507008, 0.0, 0.012968117498872922, 0.0013544447655335708, 0.0, 0.0, 0.0, 0.0, 0.0006402381069163468, 0.0039133067640022955, 0.0, 0.0]","[0.0, 0.0, 0.0, 0.0, 0.0, 0.0, 0.10136668384075165, 0.10136668384075165, 0.0, 0.0, 0.0, 0.0, 0.0, 0.10136668384075165, 0.10136668384075165, 0.09402097761631012, 0.0, 0.0979972630739212, 0.0, 0.10136668384075165, 0.0, 0.0, 0.10136668384075165, 0.09841500222682953, 0.0, 0.0, 0.0, 0.10136668384075165, 0.0, 0.0]",-0.0028668067503919053
79,0.9838697725348933,"[1.0193832962524123, 0.9872638226516914, 1.01300893244775, 1.0135781845488325, 1.002695837603579, 1.0005538129907343, 1.0006848847691237, 0.9838464795163872, 1.0170501935493017, 1.000477759056882, 1.0028642465601953, 0.9931236274702165, 1.0072152945413253, 0.9883870409795991, 1.0111405638489706, 0.9833079524049684, 1.0211203475546202, 0.9867485570197262, 1.0287514810680645, 0.9772919654991614, 0.9925456298217675, 1.0069351419463384, 0.9894789368216349, 1.0234751735534535, 1.0009675779816256, 0.9930250194720823, 1.0171634539531613, 1.030458910716237, 1.0202649505287658, 0.9913039153232478]","[1.0128001364822596, 0.9977167883388877, 1.0045365591238715, 0.9962519822863323, 1.0023747930745828, 1.0141752451788986, 1.0017150765312557, 0.9800932221082117, 0.9963034589746436, 0.9889010441609045, 0.9894286212600433, 0.995391325250229, 0.9957323853949704, 1.0021183953164026, 0.9985111465004124, 1.00135737427611, 0.9868364932625896, 1.0038362288664104, 1.0066055235267037, 1.0105080306232497, 1.0087301046626929, 1.0090967256958152, 1.0138299929786871, 0.998881302282322, 0.9962953005552312, 1.0028018786576982, 0.9715052297599597, 0.9861053156068554, 1.0126685607230599, 0.9803685150437266]","[0.012800136482259639, -0.0022832116611123388, 0.00453655912387152, -0.0037480177136677284, 0.0023747930745827706, 0.014175245178898566, 0.0017150765312556882, -0.019906777891788296, -0.003696541025356437, -0.011098955839095481, -0.010571378739956727, -0.004608674749771002, -0.004267614605029557, 0.002118395316402566, -0.0014888534995876057, 0.001357374276109935, -0.013163506737410402, 0.0038362288664104405, 0.006605523526703738, 0.010508030623249676, 0.008730104662692861, 0.009096725695815211, 0.013829992978687145, -0.00111869771767803, -0.003704699444768811, 0.002801878657698209, -0.028494770240040324, -0.013894684393144563, 0.012668560723059885, -0.019631484956273426]","[0.0, 0.0, 0.0, 0.10078968852758408, 0.10078968852758408, 0.0, 0.0, 0.0, 0.0, 0.0, 0.0, 0.0, 0.10078968852758408, 0.10018087178468704, 0.09850715100765228, 0.0, 0.10078968852758408, 0.0, 0.0, 0.0, 0.0, 0.10078968852758408, 0.0, 0.0, 0.0, 0.10078968852758408, 0.09578413516283035, 0.0, 0.10078968852758408, 0.0]","[0.0, 0.0, 0.0, 0.0, 0.0, 3.442053418417836e-22, 0.0, 1.0, 0.0, 0.0, 3.987575838952028e-22, 0.0, 5.112299726185223e-22, 0.0, 0.0, 0.0, 3.4413388063644246e-22, 0.0, 3.984064587508453e-22, 0.0, 3.9891724847343995e-22, 0.0, 0.0, 5.673045445339191e-22, 0.0, 0.0, 0.0, 3.451347573947614e-22, 0.0, 6.197390938075186e-22]","[0.0, 0.007878551097718706, 0.002537115474276883, 0.007875067999513225, 0.0, 0.0, 0.0, 0.9000186875990521, 0.0, 0.00782959595589936, 0.007406357548127267, 0.0, 0.0, 0.0, 0.0077318895106822895, 0.0, 0.007807485838300968, 0.0, 0.007401875859151293, 0.011055688832800885, 0.002422818481582078, 0.011981303958915238, 0.0041152252657369395, 0.004533615702071554, 0.0, 0.0024683601291250715, 0.0, 0.0060635262387542955, 0.0, 0.0008728345082919066]","[0.0, 0.0, 0.0, 0.10078969597816467, 0.10078969597816467, 0.0, 0.0, 0.0, 0.0, 0.0, 0.0, 0.0, 0.10078969597816467, 0.10018087923526764, 0.09850715845823288, 0.0, 0.10078969597816467, 0.0, 0.0, 0.0, 0.0, 0.10078969597816467, 0.0, 0.0, 0.0, 0.10078969597816467, 0.09578414261341095, 0.0, 0.10078969597816467, 0.0]",-0.0024635978368630533
80,0.9835243245469092,"[1.0128001364822596, 0.9977167883388877, 1.0045365591238715, 0.9962519822863323, 1.0023747930745828, 1.0141752451788986, 1.0017150765312557, 0.9800932221082117, 0.9963034589746436, 0.9889010441609045, 0.9894286212600433, 0.995391325250229, 0.9957323853949704, 1.0021183953164026, 0.9985111465004124, 1.00135737427611, 0.9868364932625896, 1.0038362288664104, 1.0066055235267037, 1.0105080306232497, 1.0087301046626929, 1.0090967256958152, 1.0138299929786871, 0.998881302282322, 0.9962953005552312, 1.0028018786576982, 0.9715052297599597, 0.9861053156068554, 1.0126685607230599, 0.9803685150437266]","[1.0084877146451945, 1.0003783925428316, 1.0109065441300888, 0.998669881399166, 0.9765870263687642, 0.9959784301745012, 1.0251057916511654, 0.9845704494231546, 0.9946545411984636, 0.9968643684173896, 1.0013695122576771, 0.9996467082385422, 1.0109258882964292, 0.9955424488576596, 0.9868695780329879, 0.9988904889354001, 0.9677080898826075, 0.9886648163790844, 1.0052642525719984, 1.0051400241856279, 0.9883818594389707, 0.9967761360510069, 0.9982371631127044, 0.9608266356067301, 0.998386471574148, 0.9984896255474657, 1.0107436660942035, 0.9815938050502085, 1.003864836884171, 1.0196458390856749]","[0.008487714645194488, 0.00037839254283156265, 0.010906544130088847, -0.001330118600833985, -0.023412973631235845, -0.004021569825498839, 0.025105791651165443, -0.015429550576845363, -0.0053454588015363624, -0.003135631582610432, 0.001369512257677119, -0.00035329176145781904, 0.010925888296429154, -0.004457551142340366, -0.013130421967012085, -0.0011095110645998885, -0.03229191011739252, -0.011335183620915568, 0.005264252571998362, 0.005140024185627867, -0.011618140561029278, -0.0032238639489931, -0.0017628368872956157, -0.039173364393269905, -0.001613528425852051, -0.0015103744525343243, 0.010743666094203519, -0.018406194949791455, 0.0038648368841709413, 0.019645839085674854]","[0.10486942529678345, 0.0, 0.0, 0.09817773103713989, 0.09398076683282852, 0.0, 0.1025649830698967, 0.0, 0.10896226763725281, 0.0, 0.0, 0.0, 0.08706089109182358, 0.0, 0.0, 0.0, 0.0, 0.10896226763725281, 0.0, 0.0, 0.0, 0.09453330188989639, 0.0, 0.0, 0.10381438583135605, 0.09707391262054443, 0.0, 0.0, 0.0, 0.0]","[1.904760704069374e-22, 0.0, 0.0, 0.0, 0.0, 0.0, 2.2947226847122454e-22, 1.0, 0.0, 0.0, 0.0, 1.212956661190822e-22, 0.0, 0.0, 0.0, 2.302758837747566e-22, 0.0, 0.0, 0.0, 2.304325714322935e-22, 2.316504195045981e-22, 0.0, 0.0, 2.332457651517531e-22, 0.0, 2.3145489796881935e-22, 0.0, 1.2163053198352946e-22, 0.0, 0.0]","[0.0, 0.0, 0.0, 0.013943545389953687, 0.0, 0.009466734800723445, 0.016047127612289987, 0.8302819048576495, 0.0, 0.0, 0.010957531517839115, 0.0, 0.006360752780274057, 0.0023377573637766128, 0.0024818100353338323, 0.005493668157093457, 0.0, 0.0038988212301255543, 0.016981552822941306, 0.006102545215596069, 0.01372122128728932, 0.0, 0.01764356735479569, 0.0, 0.02089681500992906, 0.009026529505891388, 0.003278760807667806, 0.009140687351831425, 0.0019386668989987263, 0.0]","[0.10486944019794464, 0.0, 0.0, 0.09817774593830109, 0.09398078173398972, 0.0, 0.10256499797105789, 0.0, 0.108962282538414, 0.0, 0.0, 0.0, 0.08706089854240417, 0.0, 0.0, 0.0, 0.0, 0.108962282538414, 0.0, 0.0, 0.0, 0.09453331679105759, 0.0, 0.0, 0.10381440073251724, 0.09707392752170563, 0.0, 0.0, 0.0, 0.0]",-0.0007979231931140418
81,0.9862530640451668,"[1.0084877146451945, 1.0003783925428316, 1.0109065441300888, 0.998669881399166, 0.9765870263687642, 0.9959784301745012, 1.0251057916511654, 0.9845704494231546, 0.9946545411984636, 0.9968643684173896, 1.0013695122576771, 0.9996467082385422, 1.0109258882964292, 0.9955424488576596, 0.9868695780329879, 0.9988904889354001, 0.9677080898826075, 0.9886648163790844, 1.0052642525719984, 1.0051400241856279, 0.9883818594389707, 0.9967761360510069, 0.9982371631127044, 0.9608266356067301, 0.998386471574148, 0.9984896255474657, 1.0107436660942035, 0.9815938050502085, 1.003864836884171, 1.0196458390856749]","[1.0074872925833291, 0.9989029857362418, 0.9909051784579447, 1.0013897487235845, 0.9968194579640884, 1.0137166779829536, 0.9763446411954434, 0.9960805945262254, 0.9935933048534799, 1.0170158762532582, 1.0186257598248705, 1.0065584027270682, 0.9950987547246604, 1.008915389183714, 1.0111548011876843, 1.0010224251755602, 1.0058145467670043, 1.012923149722759, 1.0164421349093693, 1.0156042076424052, 1.0161112366805434, 0.9941501207713244, 1.008554381502065, 1.027810353685059, 0.9812401900864549, 0.9938900544018235, 1.0043896977215476, 1.0066283348145988, 1.023644409905587, 0.9995214520312387]","[0.0074872925833291415, -0.0010970142637581892, -0.00909482154205532, 0.0013897487235845496, -0.00318054203591156, 0.013716677982953618, -0.023655358804556603, -0.003919405473774562, -0.006406695146520147, 0.017015876253258178, 0.01862575982487047, 0.006558402727068202, -0.0049012452753396385, 0.008915389183713929, 0.011154801187684305, 0.001022425175560171, 0.005814546767004325, 0.012923149722759097, 0.0164421349093693, 0.015604207642405221, 0.016111236680543373, -0.005849879228675636, 0.008554381502065, 0.02781035368505891, -0.01875980991354509, -0.006109945598176458, 0.004389697721547625, 0.006628334814598791, 0.023644409905587027, -0.00047854796876134476]","[0.10323388874530792, 0.0951448380947113, 0.0, 0.0, 0.0, 0.0, 0.10323388874530792, 0.0, 0.10323388874530792, 0.0, 0.0, 0.0, 0.08352567255496979, 0.0, 0.10323388874530792, 0.10323388874530792, 0.0, 0.0, 0.0, 0.09869228303432465, 0.0, 0.0, 0.0, 0.10323388874530792, 0.0, 0.0, 0.0, 0.0, 0.0, 0.10323388874530792]","[0.07354907444547348, 3.9337843401202733e-22, 9.198776060742756e-22, 0.0, 6.268657874061665e-22, 5.075398705842934e-22, 0.0, 0.0, 0.0, 0.0, 1.1591504006360596e-21, 4.866251217833853e-22, 0.9264509255545265, 0.0, 0.0, 0.0, 0.0, 0.0, 0.0, 0.0, 0.0, 0.0, 0.0, 0.0, 0.0, 0.0, 3.394257523529417e-22, 0.0, 9.214997623425859e-22, 0.0]","[0.059638149853806624, 0.0, 0.0, 0.0, 0.0, 0.0, 0.0024037317234992693, 0.0, 0.00022203228435321254, 0.0, 0.0, 0.0, 0.8850404502977246, 0.0, 0.007702168119175368, 0.0, 0.0, 0.012023293881101417, 0.010994456926285754, 0.0, 0.005184025142291649, 0.0, 0.0, 0.008842858629644533, 0.0, 0.0, 0.0, 0.0, 0.007948833142117728, 0.0]","[0.10323388874530792, 0.0951448380947113, 0.0, 0.0, 0.0, 0.0, 0.10323388874530792, 0.0, 0.10323388874530792, 0.0, 0.0, 0.0, 0.08352567255496979, 0.0, 0.10323388874530792, 0.10323388874530792, 0.0, 0.0, 0.0, 0.09869228303432465, 0.0, 0.0, 0.0, 0.10323388874530792, 0.0, 0.0, 0.0, 0.0, 0.0, 0.10323388874530792]",0.0023653591458958983
82,0.9875021703824378,"[1.0074872925833291, 0.9989029857362418, 0.9909051784579447, 1.0013897487235845, 0.9968194579640884, 1.0137166779829536, 0.9763446411954434, 0.9960805945262254, 0.9935933048534799, 1.0170158762532582, 1.0186257598248705, 1.0065584027270682, 0.9950987547246604, 1.008915389183714, 1.0111548011876843, 1.0010224251755602, 1.0058145467670043, 1.012923149722759, 1.0164421349093693, 1.0156042076424052, 1.0161112366805434, 0.9941501207713244, 1.008554381502065, 1.027810353685059, 0.9812401900864549, 0.9938900544018235, 1.0043896977215476, 1.0066283348145988, 1.023644409905587, 0.9995214520312387]","[1.012798517571676, 1.0148095003049729, 0.9683205050070104, 1.0006764374416586, 1.0238563177989342, 1.005894120924998, 1.006378555864714, 1.0195840444879494, 0.989658061934133, 1.0172240528769216, 1.014920376335293, 1.0181605601041586, 0.9863168043511646, 0.9974935392055891, 0.9749924404066284, 0.9838933819243244, 1.0062927580408219, 0.9865817284634312, 0.99365341279736, 1.0071913878368999, 1.0048012570619498, 1.0071805287039828, 1.0263844177876817, 1.005642901143208, 0.9873939059152669, 0.9874716965250857, 0.9881302094498637, 0.9775515139337239, 1.0048281591727684, 0.983533056906833]","[0.012798517571676049, 0.014809500304972856, -0.03167949499298961, 0.0006764374416585728, 0.023856317798934157, 0.005894120924998081, 0.006378555864714031, 0.01958404448794937, -0.010341938065867029, 0.017224052876921636, 0.014920376335292973, 0.018160560104158563, -0.013683195648835356, -0.0025064607944108586, -0.025007559593371642, -0.016106618075675594, 0.006292758040821855, -0.013418271536568827, -0.0063465872026400305, 0.007191387836899876, 0.004801257061949782, 0.00718052870398278, 0.026384417787681747, 0.005642901143207979, -0.012606094084733122, -0.012528303474914293, -0.011869790550136261, -0.02244848606627614, 0.004828159172768354, -0.016466943093166986]","[0.0, 0.0, 0.0, 0.0, 0.0, 0.0, 0.11873939633369446, 0.0, 0.0, 0.0939166247844696, 0.0, 0.11873939633369446, 0.0, 0.0, 0.0, 0.07287465035915375, 0.0, 0.0, 0.0, 0.0, 0.11873939633369446, 0.06011667847633362, 0.0, 0.0, 0.11873939633369446, 0.06065564602613449, 0.11873939633369446, 0.0, 0.11873939633369446, 0.0]","[0.3563414273337324, 0.0, 3.6699235871997254e-22, 0.0, 3.3727178220972545e-22, 0.0, 0.0, 0.0, 0.0, 0.0, 0.0, 0.0, 0.0, 0.6436585726662676, 1.5492114627725391e-22, 2.870626557874806e-22, 2.1252015935147796e-22, 0.0, 0.0, 0.0, 0.0, 0.0, 0.0, 2.6572199619058925e-22, 0.0, 0.0, 0.0, 2.621417667494618e-22, 3.635121766632981e-22, 0.0]","[0.3259470706370589, 0.02141786564900358, 0.0, 0.0, 0.005013166659512585, 0.0011865189986935856, 0.015572728821549262, 0.0, 0.004445135425447458, 0.0, 0.0, 0.0, 0.0, 0.5856976994958161, 0.0, 0.016136174774161717, 0.0, 0.0, 0.0, 0.0, 0.00790071347675779, 0.0, 0.0, 0.0, 0.0, 0.0, 0.0, 0.0, 0.016682926061998973, 0.0]","[0.0, 0.0, 0.0, 0.0, 0.0, 0.0, 0.11873939633369446, 0.0, 0.0, 0.0939166247844696, 0.0, 0.11873939633369446, 0.0, 0.0, 0.0, 0.07287465035915375, 0.0, 0.0, 0.0, 0.0, 0.11873939633369446, 0.06011667847633362, 0.0, 0.0, 0.11873939633369446, 0.06065564602613449, 0.11873939633369446, 0.0, 0.11873939633369446, 0.0]",0.0008156814484130803
83,0.9797682962739135,"[1.012798517571676, 1.0148095003049729, 0.9683205050070104, 1.0006764374416586, 1.0238563177989342, 1.005894120924998, 1.006378555864714, 1.0195840444879494, 0.989658061934133, 1.0172240528769216, 1.014920376335293, 1.0181605601041586, 0.9863168043511646, 0.9974935392055891, 0.9749924404066284, 0.9838933819243244, 1.0062927580408219, 0.9865817284634312, 0.99365341279736, 1.0071913878368999, 1.0048012570619498, 1.0071805287039828, 1.0263844177876817, 1.005642901143208, 0.9873939059152669, 0.9874716965250857, 0.9881302094498637, 0.9775515139337239, 1.0048281591727684, 0.983533056906833]","[0.9975704620433646, 0.9952920460523849, 1.0068570621807484, 0.9788094740265301, 0.9989255686735831, 0.9898518745044169, 1.0047810225041314, 1.0135836008053078, 0.984640599642664, 1.0097557438947777, 0.9943242602310891, 0.9932386088546084, 1.0044342542702263, 1.0106992313378547, 1.005706066703371, 0.9789967911811087, 0.975867169748834, 1.0248864886390903, 0.984424235247521, 0.9999494148693394, 1.00214304399822, 1.0116723356265398, 0.9989100742453523, 0.9933023043134808, 0.9842446286641396, 0.9890202636905602, 0.9931197144199776, 0.9872748855177738, 0.9763791063015017, 1.0008803933136867]","[-0.0024295379566353636, -0.00470795394761514, 0.006857062180748441, -0.02119052597346993, -0.0010744313264169358, -0.010148125495583082, 0.004781022504131371, 0.01358360080530785, -0.015359400357335962, 0.009755743894777735, -0.005675739768910892, -0.006761391145391649, 0.004434254270226257, 0.010699231337854664, 0.005706066703371038, -0.021003208818891284, -0.02413283025116597, 0.024886488639090265, -0.015575764752479015, -5.058513066058534e-05, 0.0021430439982199623, 0.011672335626539798, -0.0010899257546477248, -0.006697695686519234, -0.015755371335860358, -0.010979736309439825, -0.006880285580022405, -0.01272511448222624, -0.02362089369849829, 0.0008803933136867226]","[0.0, 0.0, 0.0, 0.0, 0.0, 0.1196514442563057, 0.0, 0.0, 0.0, 0.06467215716838837, 0.07286003232002258, 0.1196514442563057, 0.1196514442563057, 0.0, 0.0, 0.0, 0.1196514442563057, 0.0, 0.0, 0.1196514442563057, 0.0, 0.0, 0.0, 0.11822912842035294, 0.07338257879018784, 0.0, 0.0, 0.0, 0.07259874790906906, 0.0]","[1.0, 0.0, 0.0, 0.0, 0.0, 3.4189037404554876e-22, 3.435284127894275e-22, 0.0, 0.0, 0.0, 0.0, 0.0, 1.7683820417369173e-22, 3.4350154184814637e-22, 1.2135653306421471e-22, 3.418181478639152e-22, 0.0, 0.0, 0.0, 0.0, 2.323332800575675e-22, 2.329427314487757e-22, 0.0, 0.0, 0.0, 0.0, 0.0, 0.0, 0.0, 1.2331569720084894e-22]","[0.8688843075668354, 0.0, 0.0030127341406983943, 0.0, 0.010540410917164808, 0.0024245944643359126, 0.008918675500657145, 0.006767822946875603, 0.0, 0.0014171753440709093, 0.0, 0.008159696606260938, 0.02398571457167695, 0.0, 0.0, 0.0, 0.007164146418814116, 0.0, 0.0, 0.005314740366549765, 0.006583262602446603, 0.008157443933942547, 0.0, 0.006345233634245002, 0.0, 0.006806043528143561, 0.018081883385701377, 0.0, 0.00743611407158096, 0.0]","[0.0, 0.0, 0.0, 0.0, 0.0, 0.11965145915746689, 0.0, 0.0, 0.0, 0.06467216461896896, 0.07286003977060318, 0.11965145915746689, 0.11965145915746689, 0.0, 0.0, 0.0, 0.11965145915746689, 0.0, 0.0, 0.11965145915746689, 0.0, 0.0, 0.0, 0.11822914332151413, 0.07338258624076843, 0.0, 0.0, 0.0, 0.07259875535964966, 0.0]",-0.008318008905353077
84,0.978563238661532,"[0.9975704620433646, 0.9952920460523849, 1.0068570621807484, 0.9788094740265301, 0.9989255686735831, 0.9898518745044169, 1.0047810225041314, 1.0135836008053078, 0.984640599642664, 1.0097557438947777, 0.9943242602310891, 0.9932386088546084, 1.0044342542702263, 1.0106992313378547, 1.005706066703371, 0.9789967911811087, 0.975867169748834, 1.0248864886390903, 0.984424235247521, 0.9999494148693394, 1.00214304399822, 1.0116723356265398, 0.9989100742453523, 0.9933023043134808, 0.9842446286641396, 0.9890202636905602, 0.9931197144199776, 0.9872748855177738, 0.9763791063015017, 1.0008803933136867]","[1.010106074552516, 0.9880482600429442, 1.0084411890962628, 0.9775800236721107, 1.0123882269195617, 1.0098913964076568, 1.0153766747013813, 1.0189315065252034, 0.9998229955265607, 1.0097494386370551, 0.9931894604168275, 1.011855659531512, 0.9958725929099574, 0.9978706506786619, 1.0128251028494402, 0.9990236008019585, 1.0145767729239898, 0.9789217594870626, 0.9997944776309715, 1.0026487789376064, 0.9967868362917234, 1.000257824841926, 1.0069089648042537, 1.0119810597751229, 1.001343104477274, 1.0080856917962389, 0.9979916437584597, 1.0009589431808308, 0.9911246982399198, 1.009944522227448]","[0.010106074552516109, -0.011951739957055785, 0.008441189096262791, -0.02241997632788928, 0.012388226919561651, 0.009891396407656794, 0.015376674701381265, 0.018931506525203368, -0.0001770044734392684, 0.00974943863705513, -0.006810539583172459, 0.01185565953151202, -0.004127407090042556, -0.0021293493213381254, 0.012825102849440162, -0.0009763991980414888, 0.014576772923989845, -0.021078240512937385, -0.00020552236902848797, 0.0026487789376063997, -0.003213163708276623, 0.0002578248419260465, 0.006908964804253737, 0.011981059775122871, 0.0013431044772740375, 0.008085691796238859, -0.0020083562415402767, 0.0009589431808307847, -0.008875301760080223, 0.009944522227447905]","[0.0, 0.0, 0.15174615383148193, 0.14024624228477478, 0.15174615383148193, 0.15174615383148193, 0.0, 0.0, 0.0, 0.0, 0.08818196505308151, 0.0, 0.0, 0.0, 0.0, 0.0, 0.0, 0.15174615383148193, 0.0, 0.0, 0.0, 0.012841029092669487, 0.15174615383148193, 0.0, 0.0, 0.0, 0.0, 0.0, 0.0, 0.0]","[1.0, 0.0, 0.0, 0.0, 0.0, 0.0, 0.0, 0.0, 3.422683785405679e-22, 0.0, 2.3003351526265367e-22, 3.4293691447342664e-22, 0.0, 0.0, 2.326067639123409e-22, 0.0, 3.426564521886853e-22, 2.313503299291266e-22, 0.0, 0.0, 0.0, 2.331858084504162e-22, 5.238374579344664e-22, 0.0, 0.0, 3.422644241749838e-22, 0.0, 0.0, 0.0, 0.0]","[0.8930737732929012, 0.0, 0.00808811085018659, 0.004400052065955032, 0.0029043149092872894, 0.0, 0.001912895903976374, 0.0, 0.002046853421961132, 0.0, 0.001820165640845305, 0.0, 0.0, 0.0005365865471405211, 0.005626161071987107, 0.006426647677320268, 0.003828661759608967, 0.0, 0.0, 0.007002766496874835, 0.002183300902691203, 0.0, 0.010677762310063612, 0.01787009562702703, 0.0057921122813057975, 0.0029923633897989996, 0.0, 0.012089517872898223, 0.010727857978170557, 0.0]","[0.0, 0.0, 0.15174615383148193, 0.14024624228477478, 0.15174615383148193, 0.15174615383148193, 0.0, 0.0, 0.0, 0.0, 0.08818196505308151, 0.0, 0.0, 0.0, 0.0, 0.0, 0.0, 0.15174615383148193, 0.0, 0.0, 0.0, 0.012841029092669487, 0.15174615383148193, 0.0, 0.0, 0.0, 0.0, 0.0, 0.0, 0.0]",-0.0016738271413503148
85,0.9767128165957715,"[1.010106074552516, 0.9880482600429442, 1.0084411890962628, 0.9775800236721107, 1.0123882269195617, 1.0098913964076568, 1.0153766747013813, 1.0189315065252034, 0.9998229955265607, 1.0097494386370551, 0.9931894604168275, 1.011855659531512, 0.9958725929099574, 0.9978706506786619, 1.0128251028494402, 0.9990236008019585, 1.0145767729239898, 0.9789217594870626, 0.9997944776309715, 1.0026487789376064, 0.9967868362917234, 1.000257824841926, 1.0069089648042537, 1.0119810597751229, 1.001343104477274, 1.0080856917962389, 0.9979916437584597, 1.0009589431808308, 0.9911246982399198, 1.009944522227448]","[1.015542704328198, 0.9975296259597553, 1.0286068525505156, 1.0008703434930792, 0.9831210278771748, 1.0177581539383391, 0.982877647121235, 0.9909437605699235, 1.019708585014696, 0.9919281620133561, 1.0038628246663446, 0.9750168932639731, 0.9946713809610467, 0.9901057028159002, 1.0099331196000527, 1.0062535351482462, 1.0020807957998425, 1.0051779795605498, 0.9899207265215795, 1.0002419195129515, 0.9855661743422909, 0.985921290715978, 0.9900471680728774, 0.9724679691675987, 0.9919940588229416, 0.9789073562973133, 0.9884954602008698, 0.9883599658618403, 0.9925369738050406, 1.0046712861936706]","[0.015542704328197932, -0.0024703740402447494, 0.02860685255051565, 0.0008703434930792397, -0.016878972122825187, 0.017758153938339127, -0.017122352878764957, -0.009056239430076496, 0.01970858501469608, -0.008071837986643904, 0.0038628246663445776, -0.024983106736026883, -0.0053286190389533195, -0.009894297184099843, 0.00993311960005272, 0.006253535148246225, 0.0020807957998425497, 0.0051779795605497725, -0.010079273478420525, 0.00024191951295149394, -0.01443382565770912, -0.014078709284021995, -0.009952831927122596, -0.0275320308324013, -0.00800594117705844, -0.02109264370268671, -0.011504539799130242, -0.011640034138159727, -0.007463026194959421, 0.004671286193670632]","[0.11865181475877762, 0.1072695255279541, 0.0, 0.04559367895126343, 0.0, 0.0, 0.0, 0.0, 0.0, 0.0, 0.0, 0.0, 0.0, 0.0, 0.08039654791355133, 0.11865181475877762, 0.0, 0.09003213793039322, 0.0, 0.11310518532991409, 0.11865181475877762, 0.0, 0.0, 0.08899570256471634, 0.0, 0.0, 0.0, 0.11865181475877762, 0.0, 0.0]","[3.2017447368930106e-23, 0.0, 4.612655408712192e-22, 0.0, 0.0, 0.0, 0.0, 1.0, 2.386882771871636e-22, 0.0, 1.2728228637268062e-22, 0.0, 0.0, 0.0, 0.0, 0.0, 0.0, 2.411806438296309e-22, 0.0, 0.0, 0.0, 0.0, 7.14565840583884e-23, 0.0, 2.3752846768549746e-22, 2.4001761731005244e-22, 0.0, 1.9825628745935753e-23, 0.0, 0.0]","[0.0, 0.0, 0.001112379552608684, 0.0, 0.0, 0.0, 0.0006518194210517487, 0.9430864694364987, 0.0, 0.0038819458825258275, 0.0012368947096359068, 0.0, 0.0, 0.0, 0.0, 0.007218467233690676, 0.0, 0.0, 0.0, 0.003805767332414516, 0.0, 0.015459898458103832, 0.0, 0.0, 0.0016063646316834428, 0.0, 0.0009958566495939713, 0.005819487696633533, 0.015124648995559297, 0.0]","[0.11865181475877762, 0.1072695255279541, 0.0, 0.04559367895126343, 0.0, 0.0, 0.0, 0.0, 0.0, 0.0, 0.0, 0.0, 0.0, 0.0, 0.08039654791355133, 0.11865181475877762, 0.0, 0.09003213793039322, 0.0, 0.11310518532991409, 0.11865181475877762, 0.0, 0.0, 0.08899570256471634, 0.0, 0.0, 0.0, 0.11865181475877762, 0.0, 0.0]",-0.0023249823977534046
86,0.9756503764775627,"[1.015542704328198, 0.9975296259597553, 1.0286068525505156, 1.0008703434930792, 0.9831210278771748, 1.0177581539383391, 0.982877647121235, 0.9909437605699235, 1.019708585014696, 0.9919281620133561, 1.0038628246663446, 0.9750168932639731, 0.9946713809610467, 0.9901057028159002, 1.0099331196000527, 1.0062535351482462, 1.0020807957998425, 1.0051779795605498, 0.9899207265215795, 1.0002419195129515, 0.9855661743422909, 0.985921290715978, 0.9900471680728774, 0.9724679691675987, 0.9919940588229416, 0.9789073562973133, 0.9884954602008698, 0.9883599658618403, 0.9925369738050406, 1.0046712861936706]","[0.9788773556750276, 1.0046223917747392, 1.0144349556893404, 0.9967920199511413, 1.0076065770909257, 0.9916517576948457, 0.9749140084420412, 1.0164315472707783, 0.969454242437345, 0.987719789172615, 1.0113127639537185, 0.9834753153270603, 1.010870166504599, 0.9981526605340323, 1.0150875790717162, 1.003433168871685, 1.0184034819676033, 0.999619723821092, 0.9664783889639905, 0.9781442760142176, 1.0252935605352842, 1.0002013640148653, 0.9989425893116572, 1.0016431290593626, 1.0078250238511963, 1.0112711491596638, 1.0203693034994339, 1.017155468830269, 1.01146562362824, 1.0072453316182786]","[-0.02112264432497235, 0.004622391774739221, 0.01443495568934039, -0.003207980048858694, 0.007606577090925715, -0.008348242305154296, -0.025085991557958764, 0.016431547270778335, -0.030545757562654985, -0.012280210827384952, 0.011312763953718497, -0.01652468467293966, 0.010870166504598933, -0.0018473394659677123, 0.015087579071716206, 0.0034331688716850994, 0.01840348196760333, -0.00038027617890801224, -0.03352161103600948, -0.021855723985782394, 0.0252935605352842, 0.00020136401486525735, -0.0010574106883427525, 0.0016431290593625913, 0.007825023851196322, 0.011271149159663763, 0.02036930349943389, 0.017155468830269083, 0.011465623628239996, 0.007245331618278561]","[0.10736429691314697, 0.0, 0.0, 0.09771773219108582, 0.0, 0.0, 0.0, 0.0, 0.0, 0.10736429691314697, 0.0, 0.0, 0.0, 0.0, 0.0, 0.0, 0.0, 0.07049896568059921, 0.0, 0.10736429691314697, 0.09602639079093933, 0.10736429691314697, 0.0, 0.10736429691314697, 0.09157109260559082, 0.0, 0.0, 0.10736429691314697, 0.0, 0.0]","[1.0, 0.0, 0.0, 1.1982123678798264e-22, 0.0, 0.0, 1.220370651894517e-22, 0.0, 0.0, 0.0, 0.0, 0.0, 1.0141064844828307e-23, -1.0071030668526875e-22, 0.0, 0.0, 1.2012494906849447e-22, 0.0, 0.0, 0.0, 1.0593503321287625e-23, 1.1090997298688778e-23, 0.0, 0.0, 1.2102304503470158e-22, 0.0, 0.0, 0.0, 0.0, -9.899782154155355e-23]","[0.913324699109662, 0.0038881635625756692, 0.006185924088189919, 0.008180920146376842, 0.0, 0.0, 0.0, 0.004842898841524372, 0.0, 0.013921914548689364, 0.003913858031535368, 0.0, 0.009724879092018458, 0.006535401855445565, 0.0, 0.019960532262637855, 0.006138880071690861, 0.002548251667999848, 0.0008336767216538481, 0.0, 0.0, 0.0, 0.0, 0.0, 0.0, 0.0, 0.0, 0.0, 0.0, 0.0]","[0.10736429691314697, 0.0, 0.0, 0.09771773219108582, 0.0, 0.0, 0.0, 0.0, 0.0, 0.10736429691314697, 0.0, 0.0, 0.0, 0.0, 0.0, 0.0, 0.0, 0.07049896568059921, 0.0, 0.10736429691314697, 0.09602639079093933, 0.10736429691314697, 0.0, 0.10736429691314697, 0.09157109260559082, 0.0, 0.0, 0.10736429691314697, 0.0, 0.0]",-0.0015342517834059971
87,0.9709918310298652,"[0.9788773556750276, 1.0046223917747392, 1.0144349556893404, 0.9967920199511413, 1.0076065770909257, 0.9916517576948457, 0.9749140084420412, 1.0164315472707783, 0.969454242437345, 0.987719789172615, 1.0113127639537185, 0.9834753153270603, 1.010870166504599, 0.9981526605340323, 1.0150875790717162, 1.003433168871685, 1.0184034819676033, 0.999619723821092, 0.9664783889639905, 0.9781442760142176, 1.0252935605352842, 1.0002013640148653, 0.9989425893116572, 1.0016431290593626, 1.0078250238511963, 1.0112711491596638, 1.0203693034994339, 1.017155468830269, 1.01146562362824, 1.0072453316182786]","[0.9859250611424158, 0.9825224451867834, 0.9985285829369074, 0.9991344491470437, 1.0085257530988136, 1.0016818247394441, 0.9966006483375153, 0.9935470812729241, 0.9996628265555233, 1.028304785455483, 0.9800674767521601, 1.0085073497838557, 0.9876158949481637, 0.995970916906825, 1.0026181056176984, 0.9945994400614422, 1.0046029593018526, 0.986649194791683, 0.9927626534860857, 0.9833976952678806, 0.9981528261730912, 0.9742985967077052, 0.987523125407818, 1.0154584968426124, 1.010503706833018, 1.013035595558391, 0.9964696752543982, 0.9711232171367759, 0.9810858420831194, 1.0003787277930565]","[-0.014074938857584152, -0.017477554813216556, -0.001471417063092617, -0.0008655508529562539, 0.008525753098813649, 0.0016818247394441155, -0.0033993516624847286, -0.006452918727075874, -0.0003371734444767016, 0.028304785455482984, -0.019932523247839895, 0.0085073497838557, -0.012384105051836292, -0.004029083093174957, 0.002618105617698374, -0.005400559938557814, 0.004602959301852616, -0.013350805208316996, -0.007237346513914278, -0.016602304732119433, -0.001847173826908799, -0.025701403292294756, -0.012476874592182052, 0.015458496842612357, 0.010503706833018045, 0.013035595558390956, -0.003530324745601776, -0.02887678286322415, -0.01891415791688056, 0.00037872779305647697]","[0.10291391611099243, 0.0, 0.0, 0.10834120213985443, 0.08196274191141129, 0.0, 0.10834120213985443, 0.0, 0.0, 0.0, 0.0, 0.0, 0.10656487941741943, 0.10834120213985443, 0.0, 0.0, 0.0, 0.0, 0.0, 0.0, 0.0, 0.0, 0.07334321737289429, 0.0, 0.10402511060237885, 0.0, 0.0, 0.0, 0.10690174251794815, 0.09926486015319824]","[1.0, 0.0, 0.0, 4.545239040823941e-22, 1.205772634534356e-22, 0.0, 0.0, 0.0, 0.0, 0.0, 0.0, 1.2257369206035565e-22, 1.2290746803334365e-23, 1.2307507780291403e-22, 0.0, 0.0, 0.0, 0.0, 0.0, 0.0, 1.2418879772408814e-22, 0.0, 0.0, 2.322955289001625e-22, 2.3427451024578986e-22, 0.0, 1.2206738386272655e-23, 0.0, 0.0, 0.0]","[0.8581852644441484, 0.0, 0.0, 0.0, 0.0002222419608160622, 0.0, 0.006876968917763355, 0.0022411363219736885, 0.0, 0.0, 0.008074233231886423, 0.01357312829835195, 0.014562952060543343, 0.002941439275550933, 0.012785359197294196, 0.008673628948423521, 0.0, 0.0, 0.00027483578624682635, 0.009193429888256902, 0.0, 0.0, 0.013320051098710553, 0.0036704020641414054, 0.0, 0.0037936847953586286, 0.0, 0.01768162369006655, 0.023507994068792563, 0.0004216259516745128]","[0.10291390120983124, 0.0, 0.0, 0.10834118723869324, 0.08196273446083069, 0.0, 0.10834118723869324, 0.0, 0.0, 0.0, 0.0, 0.0, 0.10656486451625824, 0.10834118723869324, 0.0, 0.0, 0.0, 0.0, 0.0, 0.0, 0.0, 0.0, 0.07334320992231369, 0.0, 0.10402509570121765, 0.0, 0.0, 0.0, 0.10690172761678696, 0.09926484525203705]",-0.0051225988622331554
88,0.9764722290975306,"[0.9859250611424158, 0.9825224451867834, 0.9985285829369074, 0.9991344491470437, 1.0085257530988136, 1.0016818247394441, 0.9966006483375153, 0.9935470812729241, 0.9996628265555233, 1.028304785455483, 0.9800674767521601, 1.0085073497838557, 0.9876158949481637, 0.995970916906825, 1.0026181056176984, 0.9945994400614422, 1.0046029593018526, 0.986649194791683, 0.9927626534860857, 0.9833976952678806, 0.9981528261730912, 0.9742985967077052, 0.987523125407818, 1.0154584968426124, 1.010503706833018, 1.013035595558391, 0.9964696752543982, 0.9711232171367759, 0.9810858420831194, 1.0003787277930565]","[0.9833494939143095, 1.013590261274074, 1.0039845668006706, 0.9881672849141491, 1.0115195684191993, 0.994720473974348, 1.0082303166915805, 1.0158769009375674, 0.989809734058432, 0.9991679824133416, 1.0045455051946144, 1.0217388246698302, 1.0136204093177161, 0.9895985946962271, 0.98553447133364, 1.0052410429007685, 1.0181154983658791, 0.982370323966547, 1.0093445378126755, 0.9809336425881957, 0.9751713679109687, 1.0332737798526346, 0.9919160369347153, 0.9905200622902954, 1.0107813196038895, 1.0286494224160987, 1.001303007101614, 0.9777805858557238, 1.002442504468448, 0.9970123332553773]","[-0.01665050608569052, 0.013590261274073923, 0.003984566800670608, -0.011832715085850931, 0.011519568419199322, -0.005279526025651959, 0.008230316691580475, 0.01587690093756744, -0.010190265941568022, -0.0008320175866584067, 0.004545505194614385, 0.021738824669830237, 0.013620409317716131, -0.01040140530377287, -0.014465528666359972, 0.005241042900768544, 0.018115498365879112, -0.017629676033453, 0.009344537812675524, -0.01906635741180429, -0.0248286320890313, 0.03327377985263458, -0.008083963065284694, -0.009479937709704567, 0.010781319603889505, 0.02864942241609869, 0.0013030071016140177, -0.022219414144276195, 0.002442504468447959, -0.0029876667446226968]","[0.0, 0.0, 0.0, 0.0, 0.0, 0.10882106423377991, 0.11842736601829529, 0.11842736601829529, 0.0, 0.09697450697422028, 0.0, 0.11842736601829529, 0.0, 0.11842736601829529, 0.0, 0.0, 0.0894894003868103, 0.0, 0.0, 0.0, 0.0, 0.0, 0.0, 0.0, 0.04335598275065422, 0.0, 0.0, 0.0, 0.10566360503435135, 0.0819859579205513]","[1.0, 0.0, 0.0, 0.0, 0.0, 0.0, 2.341761285858198e-22, 0.0, 0.0, 0.0, 0.0, 0.0, 0.0, 2.3344070595648317e-22, 2.3439470151855467e-22, 6.754173514488929e-22, 0.0, 2.334713260054387e-22, 0.0, 0.0, 3.4592900858962937e-22, 2.34115420402026e-22, 0.0, 6.764102644899733e-22, 0.0, 0.0, 2.333007854450421e-22, 0.0, 0.0, 0.0]","[0.9483805861554727, 0.0, 0.0, 0.008473730830054657, 0.007584354350307492, 0.006209950512356421, 0.0, 0.0, 0.0, 0.0, 0.00783029255754026, 0.0, 0.005788666856127585, 0.0, 0.0, 0.0, 0.008580491691399695, 0.0005113080227891281, 0.0, 0.0, 0.0, 0.0, 0.0, 0.0, 0.0040837226438405335, 0.002556896380111162, 0.0, 0.0, 0.0, 0.0]","[0.0, 0.0, 0.0, 0.0, 0.0, 0.10882106423377991, 0.11842736601829529, 0.11842736601829529, 0.0, 0.09697450697422028, 0.0, 0.11842736601829529, 0.0, 0.11842736601829529, 0.0, 0.0, 0.0894894003868103, 0.0, 0.0, 0.0, 0.0, 0.0, 0.0, 0.0, 0.04335598275065422, 0.0, 0.0, 0.0, 0.10566360503435135, 0.0819859579205513]",0.005206850785936391
89,0.9775801686132671,"[0.9833494939143095, 1.013590261274074, 1.0039845668006706, 0.9881672849141491, 1.0115195684191993, 0.994720473974348, 1.0082303166915805, 1.0158769009375674, 0.989809734058432, 0.9991679824133416, 1.0045455051946144, 1.0217388246698302, 1.0136204093177161, 0.9895985946962271, 0.98553447133364, 1.0052410429007685, 1.0181154983658791, 0.982370323966547, 1.0093445378126755, 0.9809336425881957, 0.9751713679109687, 1.0332737798526346, 0.9919160369347153, 0.9905200622902954, 1.0107813196038895, 1.0286494224160987, 1.001303007101614, 0.9777805858557238, 1.002442504468448, 0.9970123332553773]","[0.9938007664464145, 1.0178315129546722, 1.0038552778506706, 0.9978564651738275, 0.9928258443980887, 0.978109747083976, 1.0054975312414618, 1.012683214069595, 0.9996946551196764, 1.0063369715370007, 1.0016998952415126, 1.005736898626084, 0.9901037236021085, 0.9816651079766467, 0.9931231475541943, 1.0149970652770184, 0.9978977974569337, 0.9905528313076011, 1.0051900272852397, 0.9884476320857523, 0.9962671985202912, 1.00890302156424, 0.9880133893722843, 0.9922346291154243, 0.9955046565136605, 1.0180541295240826, 0.9940315163271308, 1.0193689088658593, 1.0102810294610671, 0.9881731538454369]","[-0.006199233553585537, 0.017831512954672224, 0.0038552778506706353, -0.0021435348261724663, -0.0071741556019112585, -0.021890252916023978, 0.005497531241461795, 0.01268321406959494, -0.0003053448803236325, 0.006336971537000746, 0.0016998952415125945, 0.005736898626083953, -0.00989627639789148, -0.018334892023353255, -0.0068768524458057145, 0.014997065277018384, -0.002102202543066256, -0.009447168692398922, 0.005190027285239651, -0.011552367914247741, -0.0037328014797087805, 0.008903021564240055, -0.011986610627715666, -0.00776537088457574, -0.004495343486339509, 0.018054129524082585, -0.005968483672869174, 0.01936890886585929, 0.010281029461067126, -0.011826846154563087]","[0.0, 0.0, 0.0, 0.1254504919052124, 0.06789614260196686, 0.0, 0.0, 0.0, 0.0, 0.1254504919052124, 0.08562885224819183, 0.0, 0.0, 0.0, 0.0, 0.0, 0.0, 0.12236134707927704, 0.0, 0.0, 0.0752740204334259, 0.11503970623016357, 0.0, 0.0, 0.0, 0.06340732425451279, 0.1254504919052124, 0.0, 0.09404107928276062, 0.0]","[1.0, 0.0, 0.0, 0.0, -4.509186417551391e-23, 0.0, 0.0, 6.790136359104229e-23, 0.0, 0.0, 0.0, 0.0, 1.170932190212949e-23, 0.0, 0.0, 0.0, 1.226002063964483e-22, 0.0, 0.0, 0.0, 1.1976293337270268e-23, -9.838760173203094e-23, 1.0175230108647614e-23, 1.2111136775670585e-22, 0.0, 0.0, 0.0, 0.0, 0.0, -9.74915354186513e-23]","[0.8880208113298474, 0.014185870995607242, 0.006829207089964289, 0.00583674750390314, 0.0, 0.0, 0.015273546986467343, 0.005700179955556153, 0.002400489934284539, 0.00035870202269571415, 0.015313898078936936, 0.0007629687153832228, 0.0, 0.010786692374714352, 0.0022331398608542883, 0.007868153170516734, 0.0038865984177606093, 0.0024530780867400813, 0.0, 0.0, 0.0, 0.0, 0.003533761441371214, 0.0, 0.0015392539987613355, 0.005700968488354072, 0.0, 0.0, 0.0028875090063016336, 0.004428422541979294]","[0.0, 0.0, 0.0, 0.1254504919052124, 0.06789614260196686, 0.0, 0.0, 0.0, 0.0, 0.1254504919052124, 0.08562885224819183, 0.0, 0.0, 0.0, 0.0, 0.0, 0.0, 0.12236134707927704, 0.0, 0.0, 0.0752740204334259, 0.11503970623016357, 0.0, 0.0, 0.0, 0.06340732425451279, 0.1254504919052124, 0.0, 0.09404107928276062, 0.0]",0.0006909443660838714
90,0.9792422290145323,"[0.9938007664464145, 1.0178315129546722, 1.0038552778506706, 0.9978564651738275, 0.9928258443980887, 0.978109747083976, 1.0054975312414618, 1.012683214069595, 0.9996946551196764, 1.0063369715370007, 1.0016998952415126, 1.005736898626084, 0.9901037236021085, 0.9816651079766467, 0.9931231475541943, 1.0149970652770184, 0.9978977974569337, 0.9905528313076011, 1.0051900272852397, 0.9884476320857523, 0.9962671985202912, 1.00890302156424, 0.9880133893722843, 0.9922346291154243, 0.9955046565136605, 1.0180541295240826, 0.9940315163271308, 1.0193689088658593, 1.0102810294610671, 0.9881731538454369]","[0.9966491476477801, 1.0020590235066622, 1.0033615747881381, 1.0035951884872412, 0.9805264453833479, 0.9893082137650988, 1.01810199037961, 0.9897726713991679, 0.9969507964485684, 1.0047903260909314, 1.0225685011374106, 0.993070732869312, 1.019621576966578, 0.9924245652275993, 0.9935539121983028, 1.0073028516502236, 0.999503380669906, 0.9951436574461153, 1.0156520074292594, 1.0080437237189894, 1.0019706314602574, 0.9971040290114204, 1.0006155979761846, 0.9973639660261433, 1.0057050304531345, 1.0114101472782304, 0.9900959821014063, 0.9896637642312375, 1.0174751100688044, 1.011498322142654]","[-0.0033508523522198796, 0.0020590235066622053, 0.003361574788138144, 0.0035951884872411632, -0.019473554616652122, -0.01069178623490119, 0.018101990379610022, -0.010227328600832086, -0.0030492035514315674, 0.0047903260909314405, 0.0225685011374106, -0.006929267130687977, 0.019621576966577958, -0.0075754347724007465, -0.006446087801697198, 0.007302851650223596, -0.0004966193300940391, -0.004856342553884674, 0.01565200742925943, 0.008043723718989426, 0.0019706314602574437, -0.0028959709885796325, 0.0006155979761846009, -0.0026360339738566996, 0.00570503045313453, 0.01141014727823042, -0.009904017898593742, -0.010336235768762525, 0.017475110068804423, 0.011498322142653894]","[0.10606539994478226, 0.0, 0.10606539994478226, 0.0, 0.0, 0.10606539994478226, 0.08946786820888519, 0.0, 0.0, 0.0, 0.0, 0.0, 0.09131643176078796, 0.0, 0.10372032225131989, 0.0, 0.0, 0.0, 0.0, 0.0, 0.0, 0.09794938564300537, 0.10606539994478226, 0.0, 0.0, 0.10606539994478226, 0.0, 0.0872189924120903, 0.0, 0.0]","[6.178718343760661e-22, 7.810402135490299e-22, 0.0, 0.0, 0.0, 0.0, 0.0, 1.0, 5.746208579811282e-22, 0.0, 0.0, 0.0, 0.0, 0.0, 0.0, 0.0, 0.0, 0.0, 0.0, 7.971098227630811e-22, 5.754157369151429e-22, 5.725668411784354e-22, 0.0, 1.0195799105103284e-21, 0.0, 0.0, 7.964263884709591e-22, 5.775249975299319e-22, 0.0, 0.0]","[0.0, 0.0, 0.0, 0.007748400216529206, 0.0, 0.0, 0.0021047791606559653, 0.8737655830704879, 0.0, 0.0, 0.0, 0.014431546652048965, 0.015293850361019533, 0.0, 0.004149668003760297, 0.0008555383401310245, 0.0052982875192039884, 0.008013362364462156, 0.005163749938726753, 0.0049811583108188805, 0.005057664836323023, 0.0, 0.0, 0.0005429198953477286, 0.015030576304677959, 0.0, 0.0, 0.0, 0.025802399025732815, 0.011760516000073985]","[0.10606539994478226, 0.0, 0.10606539994478226, 0.0, 0.0, 0.10606539994478226, 0.08946786820888519, 0.0, 0.0, 0.0, 0.0, 0.0, 0.09131643176078796, 0.0, 0.10372032225131989, 0.0, 0.0, 0.0, 0.0, 0.0, 0.0, 0.09794938564300537, 0.10606539994478226, 0.0, 0.0, 0.10606539994478226, 0.0, 0.0872189924120903, 0.0, 0.0]",0.0013295612483253804
91,0.9843161529005773,"[0.9966491476477801, 1.0020590235066622, 1.0033615747881381, 1.0035951884872412, 0.9805264453833479, 0.9893082137650988, 1.01810199037961, 0.9897726713991679, 0.9969507964485684, 1.0047903260909314, 1.0225685011374106, 0.993070732869312, 1.019621576966578, 0.9924245652275993, 0.9935539121983028, 1.0073028516502236, 0.999503380669906, 0.9951436574461153, 1.0156520074292594, 1.0080437237189894, 1.0019706314602574, 0.9971040290114204, 1.0006155979761846, 0.9973639660261433, 1.0057050304531345, 1.0114101472782304, 0.9900959821014063, 0.9896637642312375, 1.0174751100688044, 1.011498322142654]","[0.992959983298958, 0.9991638129001793, 0.9985340621902545, 1.0088527275301384, 0.9940055008631168, 0.9855812013581325, 1.0005250457636183, 0.9846765091751162, 1.040823141416354, 1.0154764951221602, 1.0024558287017324, 1.0144706125333112, 1.0243124363008853, 1.0060347668596732, 1.0093822670012926, 1.0180171626262937, 0.9800212663878591, 1.0171996754990524, 0.9940808866842237, 0.9885943129320378, 0.9977426117528778, 1.0064204067516018, 0.9755365044692651, 1.0152606123282764, 0.9945300720903553, 1.0061446156739302, 1.0040313991798688, 1.0024828356954556, 0.993831653418175, 1.009715084453476]","[-0.00704001670104204, -0.0008361870998206955, -0.0014659378097454656, 0.008852727530138438, -0.0059944991368832135, -0.014418798641867459, 0.000525045763618337, -0.015323490824883823, 0.040823141416354014, 0.015476495122160205, 0.002455828701732443, 0.014470612533311167, 0.02431243630088531, 0.006034766859673191, 0.009382267001292632, 0.018017162626293715, -0.019978733612140864, 0.017199675499052436, -0.005919113315776325, -0.011405687067962189, -0.002257388247122183, 0.006420406751601826, -0.024463495530734902, 0.015260612328276357, -0.005469927909644734, 0.006144615673930209, 0.004031399179868833, 0.0024828356954555986, -0.006168346581824968, 0.009715084453475908]","[0.0, 0.11090505868196487, 0.1105472594499588, 0.09218545258045197, 0.0, 0.0, 0.0, 0.0, 0.0, 0.0, 0.11090505868196487, 0.11090505868196487, 0.11090505868196487, 0.0, 0.0, 0.0, 0.10165033489465714, 0.0, 0.0, 0.0, 0.0, 0.0, 0.0, 0.11090505868196487, 0.06491739302873611, 0.0, 0.0, 0.0, 0.0, 0.07617419958114624]","[0.0, 0.0, 2.3827976855951967e-22, 0.0, 0.0, 0.0, 0.0, 1.0, 0.0, 1.8342899716191398e-22, 0.0, 0.0, 1.8558878436698616e-22, 0.0, 0.0, 3.47437232598649e-22, 0.0, 0.0, 0.0, 3.5002105947248184e-22, 0.0, 2.365804112137438e-22, 0.0, 3.501367702864759e-22, 0.0, 0.0, 5.709339887451112e-22, 0.0, 1.8381672390844828e-22, 0.0]","[0.0, 0.007677499333583844, 0.004482037321687257, 0.010086106869605885, 0.0, 0.0, 0.0, 0.8842922737741238, 0.008392486261644058, 0.0, 0.004842831935105662, 0.0, 0.0, 0.0026554007631909462, 0.0, 0.0, 0.0, 0.019272991678920347, 0.021584437976097187, 0.0, 0.0, 0.0015140763380395896, 0.017807578312631373, 0.0, 0.003716942140495055, 0.0, 0.0, 0.0, 0.0075434626513985565, 0.006131874643476397]","[0.0, 0.11090506613254547, 0.1105472669005394, 0.09218546003103256, 0.0, 0.0, 0.0, 0.0, 0.0, 0.0, 0.11090506613254547, 0.11090506613254547, 0.11090506613254547, 0.0, 0.0, 0.0, 0.10165034234523773, 0.0, 0.0, 0.0, 0.0, 0.0, 0.0, 0.11090506613254547, 0.06491740047931671, 0.0, 0.0, 0.0, 0.0, 0.07617420703172684]",0.00477010373337913
92,0.9881595558066874,"[0.992959983298958, 0.9991638129001793, 0.9985340621902545, 1.0088527275301384, 0.9940055008631168, 0.9855812013581325, 1.0005250457636183, 0.9846765091751162, 1.040823141416354, 1.0154764951221602, 1.0024558287017324, 1.0144706125333112, 1.0243124363008853, 1.0060347668596732, 1.0093822670012926, 1.0180171626262937, 0.9800212663878591, 1.0171996754990524, 0.9940808866842237, 0.9885943129320378, 0.9977426117528778, 1.0064204067516018, 0.9755365044692651, 1.0152606123282764, 0.9945300720903553, 1.0061446156739302, 1.0040313991798688, 1.0024828356954556, 0.993831653418175, 1.009715084453476]","[1.0173076353004202, 0.9839086511724462, 1.0026324324878055, 0.9741355151071618, 0.9936578766590602, 0.9930618215754059, 1.0065231288571652, 1.0127794361390172, 0.9917908228126282, 1.0104696165092688, 0.9968502496891904, 1.0105384329168232, 1.0025621390216046, 1.005268371505803, 0.9874628236092131, 0.9827823020163863, 1.0008908825314056, 0.997836398275077, 1.0014573954852464, 1.003304926230988, 1.0033824584901974, 1.015211446531178, 1.016524588569897, 1.015095159522731, 0.9761523450010073, 1.003303905896786, 1.0177005587275705, 0.9845517912839133, 1.0070396396776797, 0.9981688602143446]","[0.017307635300420232, -0.01609134882755381, 0.002632432487805536, -0.025864484892838213, -0.006342123340939754, -0.006938178424594099, 0.006523128857165217, 0.01277943613901722, -0.008209177187371797, 0.010469616509268809, -0.0031497503108095515, 0.010538432916823215, 0.002562139021604626, 0.00526837150580306, -0.012537176390786886, -0.017217697983613722, 0.0008908825314055679, -0.0021636017249230255, 0.001457395485246371, 0.0033049262309881033, 0.0033824584901973598, 0.015211446531177897, 0.016524588569897025, 0.015095159522731105, -0.023847654998992662, 0.0033039058967860857, 0.01770055872757048, -0.015448208716086653, 0.007039639677679732, -0.0018311397856554112]","[0.11940021067857742, 0.0, 0.0, 0.0, 0.0, 0.0, 0.11940021067857742, 0.0, 0.11940021067857742, 0.0, 0.0697973370552063, 0.06482993066310883, 0.0, 0.11940021067857742, 0.11940021067857742, 0.0, 0.0, 0.029571250081062317, 0.0, 0.0, 0.0, 0.0, 0.0, 0.0, 0.0, 0.11940021067857742, 0.11940021067857742, 0.0, 0.0, 0.0]","[0.0, 0.0, 0.0, 2.4565522098902623e-22, 0.0, 0.0, 0.0, 1.0, 2.3083994944353394e-23, 0.0, 0.0, 0.0, 0.0, 0.0, 2.187847340917555e-23, 4.637863653287972e-22, 0.0, 0.0, 0.0, 0.0, 2.2153477056868168e-23, 0.0, 0.0, 2.4428471165763025e-22, 0.0, 0.0, 2.428916033225184e-22, 2.435603363473439e-23, 1.3303651885322314e-22, 0.0]","[0.0, 0.0026365650632967598, 0.0, 0.0, 0.010718365161785289, 0.005332847856553879, 0.00643056719151577, 0.8762176015637225, 0.00012441357672231888, 0.012759048977841603, 0.0, 0.004983543968374373, 0.0, 0.011342134855078985, 0.014131240450180643, 0.0003047015879393154, 0.004538196957668743, 0.0, 0.0, 0.0, 0.0, 0.01303915584146723, 0.0, 0.009332409517915918, 0.0, 0.0, 0.006233592552782771, 0.014596243839315326, 0.0, 0.007279371037838487]","[0.11940021067857742, 0.0, 0.0, 0.0, 0.0, 0.0, 0.11940021067857742, 0.0, 0.11940021067857742, 0.0, 0.0697973370552063, 0.06482993066310883, 0.0, 0.11940021067857742, 0.11940021067857742, 0.0, 0.0, 0.029571250081062317, 0.0, 0.0, 0.0, 0.0, 0.0, 0.0, 0.0, 0.11940021067857742, 0.11940021067857742, 0.0, 0.0, 0.0]",0.003435635520749508
93,0.9862849329332051,"[1.0173076353004202, 0.9839086511724462, 1.0026324324878055, 0.9741355151071618, 0.9936578766590602, 0.9930618215754059, 1.0065231288571652, 1.0127794361390172, 0.9917908228126282, 1.0104696165092688, 0.9968502496891904, 1.0105384329168232, 1.0025621390216046, 1.005268371505803, 0.9874628236092131, 0.9827823020163863, 1.0008908825314056, 0.997836398275077, 1.0014573954852464, 1.003304926230988, 1.0033824584901974, 1.015211446531178, 1.016524588569897, 1.015095159522731, 0.9761523450010073, 1.003303905896786, 1.0177005587275705, 0.9845517912839133, 1.0070396396776797, 0.9981688602143446]","[1.0086392348434519, 1.001493213627141, 0.9918658596422274, 1.0088834925579588, 1.0072145770196073, 1.0078394169487832, 0.9985444564221635, 0.9713497590320944, 0.9983251915004782, 0.997941809264762, 0.9809862530037468, 0.9927695607464352, 1.000667102860269, 0.9950380121076754, 1.0149328605043644, 0.987292901181822, 1.0055928257680304, 1.0028540608275922, 0.9891055604353437, 1.0069204181906946, 1.0227904337369071, 0.9940303715467438, 0.993364961365902, 0.9953117167427552, 0.9950650559196134, 0.9886696346842028, 0.995128092996103, 0.9984431922751276, 0.982343165747651, 0.9902601675305437]","[0.00863923484345186, 0.0014932136271410545, -0.008134140357772601, 0.008883492557958839, 0.00721457701960726, 0.007839416948783207, -0.0014555435778365045, -0.028650240967905583, -0.0016748084995218404, -0.0020581907352380524, -0.019013746996253245, -0.007230439253564813, 0.0006671028602689422, -0.004961987892324604, 0.014932860504364376, -0.012707098818177998, 0.0055928257680304405, 0.0028540608275922086, -0.0108944395646563, 0.006920418190694555, 0.022790433736907145, -0.005969628453256215, -0.006635038634097978, -0.004688283257244796, -0.0049349440803866385, -0.01133036531579723, -0.004871907003896947, -0.0015568077248724332, -0.017656834252348985, -0.009739832469456311]","[0.10523442178964615, 0.0973736122250557, 0.0, 0.0, 0.0, 0.0, 0.10523442178964615, 0.10523442178964615, 0.0, 0.0, 0.0938648134469986, 0.0, 0.0, 0.0, 0.09282447397708893, 0.0, 0.0, 0.0, 0.0, 0.0, 0.08453056216239929, 0.10523442178964615, 0.0, 0.0, 0.10523442178964615, 0.0, 0.0, 0.10523442178964615, 0.0, 0.0]","[2.9612728923705593e-22, 0.0, 1.2893308646395635e-22, 0.0, 0.0, 0.0, 0.0, 1.0, 0.0, 7.453745234998181e-23, 0.0, 0.0, 7.78073653519882e-23, 0.0, 0.0, 0.0, 0.0, 2.1015426326527715e-23, 0.0, 0.0, 0.0, 1.275290701176997e-22, 1.2552057078029031e-22, 0.0, 2.3791924018392748e-22, 0.0, 0.0, 2.433678759000262e-22, 0.0, 0.0]","[0.0, 0.006859128050956551, 0.007366490886217155, 0.0040559361661162705, 0.016806919977065012, 0.0062072099555910785, 0.0006576458850731195, 0.9200185658275021, 0.0, 0.0, 0.0, 0.0031035732932524047, 0.007710100669056323, 0.0, 0.008992795171598575, 0.0, 0.0027451052126472473, 0.0, 0.0013868362543173825, 0.0, 0.0, 0.0018372972107026475, 0.0036882950362809894, 0.0, 0.0, 0.0, 0.0, 0.0, 0.008564100403623121, 0.0]","[0.10523442178964615, 0.0973736122250557, 0.0, 0.0, 0.0, 0.0, 0.10523442178964615, 0.10523442178964615, 0.0, 0.0, 0.0938648134469986, 0.0, 0.0, 0.0, 0.09282447397708893, 0.0, 0.0, 0.0, 0.0, 0.0, 0.08453056216239929, 0.10523442178964615, 0.0, 0.0, 0.10523442178964615, 0.0, 0.0, 0.10523442178964615, 0.0, 0.0]",-0.002294039305762213
94,0.991185951397104,"[1.0086392348434519, 1.001493213627141, 0.9918658596422274, 1.0088834925579588, 1.0072145770196073, 1.0078394169487832, 0.9985444564221635, 0.9713497590320944, 0.9983251915004782, 0.997941809264762, 0.9809862530037468, 0.9927695607464352, 1.000667102860269, 0.9950380121076754, 1.0149328605043644, 0.987292901181822, 1.0055928257680304, 1.0028540608275922, 0.9891055604353437, 1.0069204181906946, 1.0227904337369071, 0.9940303715467438, 0.993364961365902, 0.9953117167427552, 0.9950650559196134, 0.9886696346842028, 0.995128092996103, 0.9984431922751276, 0.982343165747651, 0.9902601675305437]","[1.0137503263195689, 0.9882030714532742, 1.0269717016512796, 0.9755357733140502, 0.9904783999695097, 0.9968427960911674, 1.018241871124289, 0.9902199155388168, 0.9986751905760357, 1.0315207812913227, 1.00057916588975, 1.0037329196525122, 1.0251681379806181, 0.9801857863596096, 1.0121329356181454, 0.9973336097933857, 0.9919800089457275, 0.9856309927723442, 0.991863706936238, 0.9984090890297254, 1.003109971225847, 0.9883075038595057, 1.0176152724260814, 0.9946047874454546, 0.9901747885649447, 1.0155869781405384, 1.0163713998412702, 0.9846458385442061, 0.9928370953914508, 0.9818924140084687]","[0.01375032631956885, -0.01179692854672576, 0.0269717016512796, -0.02446422668594983, -0.009521600030490296, -0.003157203908832562, 0.0182418711242891, -0.00978008446118317, -0.0013248094239642905, 0.03152078129132274, 0.000579165889750044, 0.003732919652512212, 0.02516813798061812, -0.019814213640390377, 0.012132935618145435, -0.0026663902066142997, -0.008019991054272535, -0.014369007227655772, -0.008136293063761957, -0.0015909109702746393, 0.003109971225847108, -0.01169249614049428, 0.017615272426081408, -0.005395212554545448, -0.009825211435055325, 0.015586978140538443, 0.01637139984127023, -0.015354161455793935, -0.007162904608549181, -0.018107585991531283]","[0.0, 0.0, 0.10710421949625015, 0.06757766008377075, 0.0, 0.0, 0.0, 0.0, 0.0, 0.10745298117399216, 0.10785307735204697, 0.0, 0.09168161451816559, 0.0, 0.0, 0.10785307735204697, 0.0, 0.09403860569000244, 0.0, 0.0, 0.0, 0.10785307735204697, 0.0, 0.0, 0.0, 0.0, 0.10073257982730865, 0.0, 0.10785307735204697, 0.0]","[0.0, 0.0, 0.0, 2.4143506611171376e-22, 3.8177080713974423e-22, 0.0, 0.0, 0.0, 0.0, 0.6991860977374101, 1.7366136949851584e-22, 0.0, 0.0, 0.0, 2.7573551001088174e-22, 4.650429382686273e-22, 0.0, 2.861611388365948e-22, 0.0, 0.0, 0.3008139022625899, 0.0, 0.0, 0.0, 2.688129954067875e-22, 0.0, 2.7675448216292717e-22, 0.0, 0.0, 0.0]","[0.0102179691374509, 0.0, 0.0, 0.0, 0.009539646621620062, 0.003776699517561161, 0.001832346293266419, 0.005189230687269561, 0.0, 0.6327625611835059, 0.0, 0.013767998352577152, 0.0, 0.004477262416299892, 0.0, 0.0, 0.021285994757059706, 0.0, 0.0, 0.005426493986138298, 0.2721543110117903, 0.0, 0.00150910869878784, 0.0, 0.0, 0.0026694082723478837, 0.015390969064325171, 0.0, 0.0, 0.0]","[0.0, 0.0, 0.10710422694683075, 0.06757766753435135, 0.0, 0.0, 0.0, 0.0, 0.0, 0.10745298862457275, 0.10785308480262756, 0.0, 0.09168162196874619, 0.0, 0.0, 0.10785308480262756, 0.0, 0.09403861314058304, 0.0, 0.0, 0.0, 0.10785308480262756, 0.0, 0.0, 0.0, 0.0, 0.10073258727788925, 0.0, 0.10785308480262756, 0.0]",0.004579007564425207
95,0.9948471920717854,"[1.0137503263195689, 0.9882030714532742, 1.0269717016512796, 0.9755357733140502, 0.9904783999695097, 0.9968427960911674, 1.018241871124289, 0.9902199155388168, 0.9986751905760357, 1.0315207812913227, 1.00057916588975, 1.0037329196525122, 1.0251681379806181, 0.9801857863596096, 1.0121329356181454, 0.9973336097933857, 0.9919800089457275, 0.9856309927723442, 0.991863706936238, 0.9984090890297254, 1.003109971225847, 0.9883075038595057, 1.0176152724260814, 0.9946047874454546, 0.9901747885649447, 1.0155869781405384, 1.0163713998412702, 0.9846458385442061, 0.9928370953914508, 0.9818924140084687]","[1.0029904599276862, 1.008518326919321, 1.0052930639403161, 1.0150637748025382, 1.0308858348460836, 1.0053809902620674, 0.9993453626686395, 1.0025701637597684, 0.9825504836960572, 1.0249078558411364, 0.9844532694190138, 1.0038525696894567, 0.9970232928674891, 1.0099703693583357, 0.9900347258350006, 0.9961371220702219, 1.0200605734379056, 0.9920570564919201, 1.0037667556443084, 0.9953188572391544, 1.0247812916490913, 1.0060385097740183, 1.0031802661480569, 0.9987573675672105, 1.0269909888495, 0.9937223235639899, 1.0069983698259757, 1.0305308740344308, 1.013065239431688, 0.993097976766754]","[0.0029904599276862065, 0.008518326919320973, 0.005293063940316145, 0.015063774802538177, 0.03088583484608365, 0.005380990262067398, -0.0006546373313605081, 0.0025701637597683735, -0.017449516303942758, 0.024907855841136417, -0.015546730580986212, 0.0038525696894566863, -0.0029767071325108585, 0.009970369358335729, -0.009965274164999371, -0.00386287792977813, 0.02006057343790557, -0.007942943508079892, 0.003766755644308395, -0.004681142760845636, 0.024781291649091264, 0.006038509774018319, 0.0031802661480568872, -0.0012426324327895477, 0.02699098884949991, -0.006277676436010071, 0.006998369825975681, 0.030530874034430777, 0.013065239431687914, -0.0069020232332459575]","[0.0, 0.07047601044178009, 0.0, 0.0, 0.0, 0.0, 0.0, 0.12827707827091217, 0.0, 0.0, 0.0, 0.12827707827091217, 0.0, 0.0, 0.12827707827091217, 0.12827707827091217, 0.0, 0.07855900377035141, 0.0, 0.12827707827091217, 0.0, 0.0, 0.0, 0.0, 0.07380379736423492, 0.0, 0.0, 0.08599159866571426, 0.04978421330451965, 0.0]","[0.0, 0.0, 0.0, 0.0, 1.784417951059616e-23, 0.0, 0.0, 1.2975644145240868e-22, 0.0, 1.0, 0.0, 0.0, 0.0, 0.0, 1.7712070016341712e-23, 1.889110713975601e-23, 0.0, 1.7409239411150987e-23, 2.0766241455313495e-23, 0.0, 0.0, 0.0, 0.0, 0.0, 1.9711487512461048e-23, 0.0, 0.0, 4.608150697029239e-22, 1.850111130570206e-23, 0.0]","[0.0, 0.0, 0.014508855887564048, 0.0, 0.0, 0.0, 0.0, 0.0, 0.0, 0.9096306857000586, 0.003099736117606171, 0.0008954797772434373, 0.0, 0.0, 0.0, 0.007887960516135403, 0.012588145846830245, 0.003443328432215082, 0.00407751492563535, 0.00604604809826184, 0.005409503375327234, 0.00467326333086446, 0.0, 0.004709487671950861, 0.0023246339220070462, 0.0, 0.0, 0.0020447005958584984, 0.0, 0.018660655802441663]","[0.0, 0.07047601044178009, 0.0, 0.0, 0.0, 0.0, 0.0, 0.12827707827091217, 0.0, 0.0, 0.0, 0.12827707827091217, 0.0, 0.0, 0.12827707827091217, 0.12827707827091217, 0.0, 0.07855900377035141, 0.0, 0.12827707827091217, 0.0, 0.0, 0.0, 0.0, 0.07380379736423492, 0.0, 0.0, 0.08599159866571426, 0.04978421330451965, 0.0]",0.003249985938213504
96,0.9963248053198223,"[1.0029904599276862, 1.008518326919321, 1.0052930639403161, 1.0150637748025382, 1.0308858348460836, 1.0053809902620674, 0.9993453626686395, 1.0025701637597684, 0.9825504836960572, 1.0249078558411364, 0.9844532694190138, 1.0038525696894567, 0.9970232928674891, 1.0099703693583357, 0.9900347258350006, 0.9961371220702219, 1.0200605734379056, 0.9920570564919201, 1.0037667556443084, 0.9953188572391544, 1.0247812916490913, 1.0060385097740183, 1.0031802661480569, 0.9987573675672105, 1.0269909888495, 0.9937223235639899, 1.0069983698259757, 1.0305308740344308, 1.013065239431688, 0.993097976766754]","[1.008334680491352, 0.9938384999303799, 1.0164125717831598, 0.9925504683447708, 0.991984917211236, 0.9804604080457956, 1.0095975918184585, 0.9940014931230403, 0.9661878776253805, 0.9923855952845896, 0.9869316843747038, 0.9988958343355284, 0.9926135861492769, 0.9895224856564, 0.9983147277367018, 1.0006298849077522, 0.9826225990634281, 1.0074880474478063, 0.9965990014619557, 0.98441674357401, 0.9916298963272503, 0.9784624422062205, 1.0246064138790736, 1.0238568778679162, 0.998289418426959, 1.0119771470512022, 1.0022363082863883, 1.0211352037934145, 1.017132529762922, 1.0039581042946633]","[0.008334680491351998, -0.006161500069620129, 0.0164125717831598, -0.0074495316552292135, -0.00801508278876395, -0.019539591954204405, 0.00959759181845854, -0.005998506876959686, -0.0338121223746195, -0.007614404715410417, -0.0130683156252962, -0.0011041656644715792, -0.007386413850723139, -0.010477514343600003, -0.0016852722632981765, 0.0006298849077521762, -0.01737740093657192, 0.00748804744780629, -0.0034009985380443197, -0.01558325642599001, -0.008370103672749707, -0.021537557793779527, 0.024606413879073585, 0.023856877867916237, -0.0017105815730410479, 0.01197714705120223, 0.002236308286388322, 0.021135203793414492, 0.0171325297629219, 0.003958104294663256]","[0.0, 0.06431989371776581, 0.10781199485063553, 0.0, 0.0, 0.0, 0.10781199485063553, 0.0, 0.0, 0.10007824748754501, 0.10781199485063553, 0.10781199485063553, 0.0, 0.0, 0.0, 0.0, 0.0, 0.10781199485063553, 0.0, 0.10781199485063553, 0.0, 0.0, 0.0, 0.0840897411108017, 0.0, 0.0, 0.10464010387659073, 0.0, 0.0, 0.0]","[4.916960337126061e-22, 4.6464747763146735e-22, 0.0, 3.5288908502451126e-22, 0.0, 0.0, 0.0, 0.0, 0.0, 1.0, 0.0, 0.0, 0.0, 0.0, 2.4374753082764453e-22, 5.769114922256726e-22, 0.0, 0.0, 0.0, 5.727693069088514e-22, 4.240933663067503e-22, 0.0, 0.0, 3.4981158177934645e-22, 5.773663652131671e-22, 0.0, 0.0, 0.0, 0.0, 0.0]","[0.0, 0.010088891851978855, 0.009663280871337918, 0.0060964302978050765, 0.0, 0.0055414352808084944, 0.0005176285977169642, 0.0072375074492080395, 0.0, 0.8948136165473783, 0.0072458891700848075, 0.007378631559241422, 0.0, 0.01481270577702785, 0.01056243553573319, 0.0, 0.0, 0.0, 0.000903177705429399, 0.008505514293669537, 0.0, 0.0, 0.0, 0.0, 0.0, 0.016632855062580148, 0.0, 0.0, 0.0, 0.0]","[0.0, 0.0643199011683464, 0.10781200230121613, 0.0, 0.0, 0.0, 0.10781200230121613, 0.0, 0.0, 0.10007825493812561, 0.10781200230121613, 0.10781200230121613, 0.0, 0.0, 0.0, 0.0, 0.0, 0.10781200230121613, 0.0, 0.10781200230121613, 0.0, 0.0, 0.0, 0.0840897485613823, 0.0, 0.0, 0.10464011132717133, 0.0, 0.0, 0.0]",0.0010367071895013929
97,0.9890338975595094,"[1.008334680491352, 0.9938384999303799, 1.0164125717831598, 0.9925504683447708, 0.991984917211236, 0.9804604080457956, 1.0095975918184585, 0.9940014931230403, 0.9661878776253805, 0.9923855952845896, 0.9869316843747038, 0.9988958343355284, 0.9926135861492769, 0.9895224856564, 0.9983147277367018, 1.0006298849077522, 0.9826225990634281, 1.0074880474478063, 0.9965990014619557, 0.98441674357401, 0.9916298963272503, 0.9784624422062205, 1.0246064138790736, 1.0238568778679162, 0.998289418426959, 1.0119771470512022, 1.0022363082863883, 1.0211352037934145, 1.017132529762922, 1.0039581042946633]","[1.0075717992118496, 0.9962360622126527, 1.0025872611293027, 1.0024205817371283, 0.9796282769972148, 0.9909707595213575, 0.9734853929095629, 1.0058862363021268, 1.000051059729342, 1.0037079189687987, 1.0166300237227717, 1.0273878835339656, 0.9849363970051279, 1.0134686076375334, 1.0198873480926411, 0.9716100346514951, 0.9995818048057263, 0.9904098363576307, 0.9859854300887436, 1.0059235167545635, 0.9743482188437071, 0.9846834520666626, 0.9754771580104412, 1.0012117334161983, 0.9881408449786127, 0.9829508346375316, 0.9937701360729873, 0.9692908091468702, 0.9957269255869625, 0.9949995516533161]","[0.007571799211849584, -0.0037639377873472935, 0.0025872611293027425, 0.0024205817371283356, -0.020371723002785225, -0.009029240478642508, -0.02651460709043707, 0.005886236302126813, 5.105972934194014e-05, 0.00370791896879874, 0.01663002372277167, 0.027387883533965596, -0.015063602994872083, 0.013468607637533436, 0.019887348092641144, -0.02838996534850491, -0.0004181951942736628, -0.00959016364236931, -0.01401456991125638, 0.005923516754563485, -0.025651781156292852, -0.015316547933337366, -0.024522841989558786, 0.0012117334161982907, -0.011859155021387346, -0.017049165362468366, -0.0062298639270127465, -0.030709190853129842, -0.004273074413037481, -0.0050004483466838945]","[0.0, 0.0, 0.0, 0.0, 0.0, 0.0, 0.0, 0.0, 0.12129469215869904, 0.0, 0.0, 0.0, 0.17095276713371277, 0.0, 0.09422735124826431, 0.0, 0.0, 0.0, 0.0, 0.16927674412727356, 0.17095276713371277, 0.0, 0.10234296321868896, 0.0, 0.0, 0.0, 0.0, 0.0, 0.17095276713371277, 0.0]","[6.065808818413254e-22, 5.2388740072762035e-22, 4.133543609010127e-22, 0.0, 0.0, 0.0, 4.68245648456637e-22, 0.0, 3.603281875374018e-22, 1.0, 0.0, 0.0, 6.074139738755164e-22, 5.810154243768118e-22, 0.0, 0.0, 0.0, 0.0, 0.0, 0.0, 0.0, 3.615020368649843e-22, 0.0, 0.0, 8.032850862893363e-22, 0.0, 0.0, 0.0, 0.0, 0.0]","[0.006493557966572642, 0.0, 0.0, 0.0031383913218643892, 0.0, 0.0, 0.0, 0.017656384215491278, 0.009136289880136799, 0.9024138794504627, 0.0038569806350527013, 0.0, 0.017018097392865594, 0.0, 0.0, 0.0, 0.012436627258968855, 0.0, 0.0, 0.012826664457481417, 0.00937545986552216, 0.0, 0.0, 0.0, 0.0, 0.0, 0.005476475960042357, 0.0, 0.0, 0.00017119159553891466]","[0.0, 0.0, 0.0, 0.0, 0.0, 0.0, 0.0, 0.0, 0.12129467725753784, 0.0, 0.0, 0.0, 0.17095275223255157, 0.0, 0.09422733634710312, 0.0, 0.0, 0.0, 0.0, 0.16927672922611237, 0.17095275223255157, 0.0, 0.10234294831752777, 0.0, 0.0, 0.0, 0.0, 0.0, 0.17095275223255157, 0.0]",-0.00781974463657783
98,0.9841282075050625,"[1.0075717992118496, 0.9962360622126527, 1.0025872611293027, 1.0024205817371283, 0.9796282769972148, 0.9909707595213575, 0.9734853929095629, 1.0058862363021268, 1.000051059729342, 1.0037079189687987, 1.0166300237227717, 1.0273878835339656, 0.9849363970051279, 1.0134686076375334, 1.0198873480926411, 0.9716100346514951, 0.9995818048057263, 0.9904098363576307, 0.9859854300887436, 1.0059235167545635, 0.9743482188437071, 0.9846834520666626, 0.9754771580104412, 1.0012117334161983, 0.9881408449786127, 0.9829508346375316, 0.9937701360729873, 0.9692908091468702, 0.9957269255869625, 0.9949995516533161]","[0.9970659682598162, 0.9855487580476294, 1.0047343341137407, 1.007383169932645, 1.008509021469664, 1.0046470720862097, 0.9971297482969924, 0.9964652865894945, 1.01262968980584, 1.0042975005437336, 1.0062199200513147, 1.0069016665478494, 1.015762114159293, 0.9765018482246949, 0.9976049256387175, 0.9968142859602347, 0.9770278895897584, 1.0028811580820016, 0.9994459989099979, 1.0133007424062683, 1.002209883605234, 0.991501967304242, 0.9830078361938012, 0.9952905444976855, 1.0177451148642562, 0.9973810921959538, 1.018136091165056, 0.9974558134219667, 0.9853387634867337, 1.013488156241125]","[-0.0029340317401838067, -0.014451241952370575, 0.00473433411374069, 0.007383169932644984, 0.008509021469663924, 0.004647072086209736, -0.002870251703007587, -0.0035347134105054856, 0.012629689805840005, 0.004297500543733568, 0.006219920051314665, 0.0069016665478494055, 0.01576211415929296, -0.02349815177530512, -0.002395074361282501, -0.0031857140397653083, -0.02297211041024161, 0.0028811580820016225, -0.000554001090002143, 0.013300742406268329, 0.0022098836052339976, -0.008498032695757995, -0.016992163806198834, -0.004709455502314497, 0.01774511486425623, -0.0026189078040461666, 0.0181360911650561, -0.0025441865780333472, -0.01466123651326634, 0.013488156241125093]","[0.0, 0.0, 0.0, 0.10391891002655029, 0.06705690175294876, 0.0, 0.06089700013399124, 0.11192623525857925, 0.0, 0.0, 0.0, 0.0, 0.0, 0.11192623525857925, 0.0, 0.11192623525857925, 0.0, 0.0, 0.0, 0.0, 0.11192623525857925, 0.11192623525857925, 0.0, 0.10246779769659042, 0.0, 0.0, 0.0, 0.0, 0.10602819919586182, 0.0]","[9.18605063344917e-23, 7.854879137921391e-23, 3.0110352377216897e-22, 0.0, 0.0, 0.0, 1.3427107522444896e-22, 7.99254746503659e-23, 0.0, 1.0, 0.0, 0.0, 0.0, 0.0, 0.0, 0.0, 0.0, 0.0, 2.856531520153743e-23, 0.0, 0.0, 0.0, 0.0, 2.414775023325238e-22, 2.467849101111646e-22, 2.4334842324337887e-22, 0.0, 0.0, 0.0, 0.0]","[0.00881314202545862, 0.0, 0.0, 0.0, 0.0, 0.015356184786920506, 0.006286696823298565, 0.0, 0.0, 0.8645821451365958, 0.0, 0.0, 0.015793722202234507, 0.008089235861670997, 0.007936078830920255, 0.00912195020475595, 0.0, 0.007987787469822429, 0.013460905170935573, 0.009044222989246248, 0.0, 0.0, 0.004290963995165327, 0.001773440301995846, 0.0, 0.01112497750650732, 0.0, 0.007367462000312233, 0.00897108469416001, 0.0]","[0.0, 0.0, 0.0, 0.10391891002655029, 0.06705690175294876, 0.0, 0.06089700013399124, 0.11192623525857925, 0.0, 0.0, 0.0, 0.0, 0.0, 0.11192623525857925, 0.0, 0.11192623525857925, 0.0, 0.0, 0.0, 0.0, 0.11192623525857925, 0.11192623525857925, 0.0, 0.10246779769659042, 0.0, 0.0, 0.0, 0.0, 0.10602819919586182, 0.0]",-0.005380308606200625
99,0.9815766471734662,"[0.9970659682598162, 0.9855487580476294, 1.0047343341137407, 1.007383169932645, 1.008509021469664, 1.0046470720862097, 0.9971297482969924, 0.9964652865894945, 1.01262968980584, 1.0042975005437336, 1.0062199200513147, 1.0069016665478494, 1.015762114159293, 0.9765018482246949, 0.9976049256387175, 0.9968142859602347, 0.9770278895897584, 1.0028811580820016, 0.9994459989099979, 1.0133007424062683, 1.002209883605234, 0.991501967304242, 0.9830078361938012, 0.9952905444976855, 1.0177451148642562, 0.9973810921959538, 1.018136091165056, 0.9974558134219667, 0.9853387634867337, 1.013488156241125]","[1.0081442983312714, 1.0170074628559753, 1.011339587265147, 0.9939504080106926, 0.9963022570227886, 1.0022580479691436, 1.0050568567672629, 0.9912554706653143, 1.010673076438933, 0.98131687270735, 1.0059125891523184, 0.9950517123824074, 1.026380344090206, 0.9926475230222809, 0.989531593092933, 1.0002177859693047, 1.0171118062680302, 0.9902791672534119, 0.9915147481199882, 1.0101943769527864, 1.0130901949571134, 1.003068357076735, 1.0175663101039207, 0.995679898277711, 0.9936902653762982, 0.9956758039431508, 0.9960420772879958, 1.0424177552130327, 0.9745363208380557, 0.9868125824099748]","[0.008144298331271393, 0.01700746285597532, 0.011339587265146944, -0.006049591989307435, -0.0036977429772113712, 0.0022580479691436395, 0.005056856767262863, -0.008744529334685724, 0.010673076438932894, -0.01868312729264998, 0.005912589152318404, -0.004948287617592584, 0.026380344090205954, -0.0073524769777191246, -0.010468406907066963, 0.00021778596930466243, 0.017111806268030216, -0.009720832746588082, -0.008485251880011813, 0.010194376952786355, 0.013090194957113388, 0.0030683570767349178, 0.017566310103920735, -0.004320101722289027, -0.006309734623701768, -0.004324196056849194, -0.003957922712004236, 0.042417755213032704, -0.025463679161944253, -0.013187417590025174]","[0.0, 0.0, 0.0, 0.0, 0.0, 0.0, 0.0, 0.09999999403953552, 0.09999999403953552, 0.09999999403953552, 0.09999999403953552, 0.09999999403953552, 0.0, 0.09999999403953552, 0.0, 0.0, 0.0, 0.09999999403953552, 0.0, 0.0, 0.0, 0.0, 0.09999999403953552, 0.09999999403953552, 0.09999999403953552, 0.0, 0.0, 0.0, 0.0, 0.0]","[0.0, 0.0, 0.0, 4.681694405365622e-22, 0.0, 0.0, 0.0, 4.1489496527128307e-22, 0.0, 1.0, 4.684265379106859e-22, 0.0, 0.0, 0.0, 3.5860040393403295e-22, 4.708758343685907e-22, 0.0, 4.712460484862293e-22, 4.745173645204965e-22, 0.0, 0.0, 0.0, 0.0, 4.647728591960691e-22, 4.702072990581926e-22, 0.0, 0.0, 0.0, 0.0, 0.0]","[0.0005694651821671387, 0.005947479355517457, 0.0, 0.007960343891184609, 0.004831932940269923, 0.0005122468865874763, 0.0, 0.015877477372100046, 0.009802793419683483, 0.9211444182470502, 0.0, 0.006762921319822875, 0.0, 0.0, 6.366572720486296e-05, 0.0, 0.0, 0.005647181974640267, 0.0, 0.0, 0.008007704378378368, 0.0002273664935420332, 0.0056703097451587785, 0.0, 0.0, 0.001236756229910229, 0.000368064187618794, 0.0, 0.0, 0.005369872649163321]","[0.0, 0.0, 0.0, 0.0, 0.0, 0.0, 0.0, 0.09999999403953552, 0.09999999403953552, 0.09999999403953552, 0.09999999403953552, 0.09999999403953552, 0.0, 0.09999999403953552, 0.0, 0.0, 0.0, 0.09999999403953552, 0.0, 0.0, 0.0, 0.0, 0.09999999403953552, 0.09999999403953552, 0.09999999403953552, 0.0, 0.0, 0.0, 0.0, 0.0]",-0.0029970574263277414
