step,portfolio_value,prev_prices,curr_prices,returns,action,expert_action,sub_expert_action,real_action,reward
1,0.9990600108122717,"[1.001266918384852, 0.9955714473706081, 1.0017796422201681, 1.016305710473658, 0.9978237246795796, 0.991803919464876, 1.0026108449812492, 0.9818757939707161, 1.011370177521837, 1.0112607038066448, 1.001347992838125, 1.0015886752566272, 1.0039112983232918, 0.9892515245408873, 1.0012967230087424, 1.0082304129709723, 0.9746895631224364, 0.9920603730715043, 0.9745716995887981, 1.0036730669784841, 1.002416387595252, 0.9691016089294427, 0.9965599661652307, 0.978038239691734, 1.0229750371610258, 0.998754498414713, 1.0117862772747441, 1.0146739124740511, 0.9827299453868205, 1.0250523582245665]","[1.010832337791948, 0.98540835336594, 0.9951533214402263, 0.9960799638317416, 0.9909196303913248, 0.9873218335671947, 1.003355462066754, 0.997406617051562, 0.995513696690743, 1.0052057714248739, 1.0103947996090157, 1.0092056295959122, 1.002928333511985, 1.0001236364151487, 1.0028924423419538, 0.9949292506422729, 1.0109506054273611, 0.9924216063271453, 0.9882111927537137, 1.0058312946401795, 0.9997354543861348, 0.9867789332755047, 1.0062507932458793, 1.009725412918698, 1.0239638020439863, 0.9896856539972783, 0.9813451859545547, 0.9916648109274872, 0.9911963431825294, 0.9952339309737094]","[0.010832337791947921, -0.014591646634059985, -0.0048466785597737205, -0.003920036168258423, -0.009080369608675198, -0.012678166432805282, 0.003355462066753967, -0.0025933829484380277, -0.004486303309257034, 0.005205771424873884, 0.010394799609015681, 0.009205629595912201, 0.0029283335119849596, 0.00012363641514867574, 0.002892442341953849, -0.005070749357727111, 0.010950605427361149, -0.007578393672854733, -0.011788807246286281, 0.005831294640179507, -0.00026454561386524134, -0.0132210667244953, 0.006250793245879294, 0.009725412918698106, 0.023963802043986293, -0.010314346002721742, -0.018654814045445334, -0.00833518907251285, -0.00880365681747064, -0.00476606902629062]","[0.0950721874833107, 0.0, 0.10888580232858658, 0.0828237533569336, 0.0, 0.1073203906416893, 0.0, 0.0, 0.0, 0.10888580232858658, 0.0, 0.0, 0.10888580232858658, 0.0, 0.10587278753519058, 0.0, 0.0, 0.10888580232858658, 0.0, 0.0, 0.0, 0.0, 0.0, 0.07317041605710983, 0.0, 0.0, 0.0, 0.10019729286432266, 0.0, 0.0]","[0.0, 0.1, 0.1, 0.1, 0.1, 0.1, 0.1, 0.1, 0.1, 0.0, 0.0, 0.0, 0.0, 0.0, 0.0, 0.0, 0.0, 0.0, 0.0, 0.0, 0.0, 0.0, 0.0, 0.0, 0.0, 0.0, 0.0, 0.0, 0.1, 0.1]","[0.015824756556105803, 0.09454979834049515, 0.08589436777548087, 0.08382018744488333, 0.09334090245924488, 0.07435330683097856, 0.07057169506566402, 0.11084079857323381, 0.0924965850306011, 0.01173252597119045, 0.015105682956835141, 0.0, 0.0027399154779075767, 0.0, 0.0009860979853986054, 0.0, 0.011510270036277312, 0.006045101861622305, 0.0026682873731981964, 0.0, 0.003252726150180028, 0.0, 0.0, 0.0035973598003979103, 0.0, 0.009209963960655957, 0.0, 0.0, 0.11192176552985875, 0.09953790481979037]","[0.0950721874833107, 0.0, 0.10888580232858658, 0.0828237533569336, 0.0, 0.1073203906416893, 0.0, 0.0, 0.0, 0.10888580232858658, 0.0, 0.0, 0.10888580232858658, 0.0, 0.10587278753519058, 0.0, 0.0, 0.10888580232858658, 0.0, 0.0, 0.0, 0.0, 0.0, 0.07317041605710983, 0.0, 0.0, 0.0, 0.10019729286432266, 0.0, 0.0]",-0.000940393966659484
2,0.9984209668259277,"[1.010832337791948, 0.98540835336594, 0.9951533214402263, 0.9960799638317416, 0.9909196303913248, 0.9873218335671947, 1.003355462066754, 0.997406617051562, 0.995513696690743, 1.0052057714248739, 1.0103947996090157, 1.0092056295959122, 1.002928333511985, 1.0001236364151487, 1.0028924423419538, 0.9949292506422729, 1.0109506054273611, 0.9924216063271453, 0.9882111927537137, 1.0058312946401795, 0.9997354543861348, 0.9867789332755047, 1.0062507932458793, 1.009725412918698, 1.0239638020439863, 0.9896856539972783, 0.9813451859545547, 0.9916648109274872, 0.9911963431825294, 0.9952339309737094]","[0.9828983454394704, 0.9866033620890546, 1.0048249466846746, 0.9977414162551109, 0.9836048854570697, 0.9740370347331371, 1.0021201695721191, 1.005245258703321, 0.9789021966196105, 1.008502802040198, 1.0060060607554253, 0.9784989341139123, 1.0038004035575603, 0.9972869925963519, 0.9977609508634132, 1.0017745564595841, 0.9805190635787155, 0.9933268532849743, 0.9944769466286068, 1.0038474396752384, 0.997278073109399, 1.003976672903367, 0.9819079974240557, 1.003762395157186, 1.0160888597575135, 1.0223343082218799, 1.0119099443482735, 0.9956573423132468, 1.001856114984068, 1.0293824342514328]","[-0.01710165456052959, -0.013396637910945364, 0.004824946684674591, -0.0022585837448890755, -0.0163951145429303, -0.025962965266862925, 0.002120169572119135, 0.005245258703320932, -0.021097803380389468, 0.008502802040198043, 0.006006060755425313, -0.02150106588608769, 0.0038004035575602835, -0.0027130074036481044, -0.0022390491365867904, 0.0017745564595841312, -0.019480936421284456, -0.006673146715025724, -0.0055230533713932495, 0.0038474396752383733, -0.002721926890601023, 0.003976672903367007, -0.018092002575944344, 0.003762395157185905, 0.016088859757513507, 0.022334308221879873, 0.011909944348273527, -0.004342657686753237, 0.0018561149840679025, 0.029382434251432832]","[0.0, 0.0, 0.10324746370315552, 0.0, 0.0, 0.0, 0.0, 0.0, 0.0, 0.0, 0.0, 0.09425888955593109, 0.0, 0.0, 0.0, 0.10324746370315552, 0.0, 0.10324746370315552, 0.0, 0.10324746370315552, 0.07976144552230835, 0.0, 0.10324746370315552, 0.0, 0.10324746370315552, 0.0, 0.10324746370315552, 0.0, 0.10324746370315552, 0.0]","[0.0, 0.1, 0.1, 0.1, 0.1, 0.1, 0.1, 0.1, 0.1, 0.0, 0.0, 0.0, 0.0, 0.0, 0.0, 0.0, 0.0, 0.0, 0.0, 0.0, 0.0, 0.0, 0.0, 0.0, 0.0, 0.0, 0.0, 0.0, 0.1, 0.1]","[0.0, 0.08423904504244085, 0.10016298551054574, 0.09283503774438993, 0.08017791798171389, 0.0928446682361712, 0.09474277215237825, 0.09058289331802158, 0.09670583643222898, 0.004452285960741979, 0.002115510778726588, 0.0, 0.012264595300773036, 0.0, 0.0, 0.015369638747865797, 0.0, 0.0, 0.006425500295724593, 0.02532603074064483, 0.0, 0.0, 0.0, 0.00678900429028921, 0.002625169870602128, 0.0021700529502647037, 0.008311626794211458, 0.0, 0.08521864487497918, 0.09664078297728602]","[0.0, 0.0, 0.10324746370315552, 0.0, 0.0, 0.0, 0.0, 0.0, 0.0, 0.0, 0.0, 0.09425888955593109, 0.0, 0.0, 0.0, 0.10324746370315552, 0.0, 0.10324746370315552, 0.0, 0.10324746370315552, 0.07976144552230835, 0.0, 0.10324746370315552, 0.0, 0.10324746370315552, 0.0, 0.10324746370315552, 0.0, 0.10324746370315552, 0.0]",-0.0006398051741621163
3,1.001688563141883,"[0.9828983454394704, 0.9866033620890546, 1.0048249466846746, 0.9977414162551109, 0.9836048854570697, 0.9740370347331371, 1.0021201695721191, 1.005245258703321, 0.9789021966196105, 1.008502802040198, 1.0060060607554253, 0.9784989341139123, 1.0038004035575603, 0.9972869925963519, 0.9977609508634132, 1.0017745564595841, 0.9805190635787155, 0.9933268532849743, 0.9944769466286068, 1.0038474396752384, 0.997278073109399, 1.003976672903367, 0.9819079974240557, 1.003762395157186, 1.0160888597575135, 1.0223343082218799, 1.0119099443482735, 0.9956573423132468, 1.001856114984068, 1.0293824342514328]","[0.9794829794617214, 0.9965744178248614, 1.0185289462802982, 1.0074027576410796, 1.0031429505891574, 1.0047992318731531, 0.9791742031799808, 1.0131846529346347, 1.0088962114813214, 1.0262499194814914, 1.003805754378683, 0.978797078796699, 1.0245186083559505, 1.0074104686293497, 1.0051585536055219, 1.0015682501512062, 1.0080875058436196, 1.0192102151016675, 1.0092625941472073, 0.9812750497312395, 0.983126503638999, 1.0143568520419153, 0.9993588152194448, 1.0114163494523816, 0.9996919353429782, 1.0093207528340884, 0.9996061894146256, 1.0155505929179565, 0.9978289748374918, 1.0151993584917278]","[-0.02051702053827864, -0.003425582175138553, 0.01852894628029822, 0.00740275764107956, 0.0031429505891573672, 0.00479923187315312, -0.02082579682001917, 0.013184652934634666, 0.008896211481321359, 0.026249919481491357, 0.003805754378682913, -0.02120292120330103, 0.024518608355950544, 0.007410468629349687, 0.005158553605521865, 0.0015682501512062075, 0.008087505843619613, 0.019210215101667538, 0.009262594147207315, -0.018724950268760532, -0.016873496361000995, 0.01435685204191528, -0.0006411847805551929, 0.011416349452381569, -0.0003080646570218226, 0.009320752834088397, -0.00039381058537435454, 0.015550592917956463, -0.002171025162508222, 0.015199358491727821]","[0.0, 0.10029768943786621, 0.0, 0.0, 0.0, 0.0, 0.0, 0.0, 0.0, 0.10029768943786621, 0.0, 0.10029768943786621, 0.0973208025097847, 0.0, 0.0, 0.0, 0.10029768943786621, 0.10029768943786621, 0.0, 0.0, 0.10029768943786621, 0.0, 0.10029768943786621, 0.0, 0.0, 0.0, 0.10029768943786621, 0.0, 0.10029768943786621, 0.0]","[0.0, 1.1143514617060458e-22, 7.863987594022515e-25, 1.114556962745195e-22, 0.0, 3.328416320248047e-22, 0.0, 0.0, 3.3269502143670847e-22, 1.1152777039705063e-22, 0.0, 0.0, 0.0, 1.112574651556057e-22, 0.0, 0.0, 0.0, 0.0, 0.0, 0.0, 0.0, 0.0, 0.0, 0.0, 1.0, 0.0, 1.1272945894645315e-22, 1.1155842821888497e-22, 0.0, 0.0]","[0.0, 0.003633865061141143, 0.0, 0.0, 0.0, 0.0037112839553087016, 0.0, 0.0, 0.0, 0.0, 0.0030020688230679472, 0.0, 0.0, 0.0074413085356566724, 0.0, 0.0, 0.0046315851327947515, 0.0, 0.0, 0.0, 0.005437734292298768, 0.0, 0.009605122144578744, 0.004146523698158484, 0.9464512980497286, 0.008646205194546914, 0.0, 0.0, 0.003293005112719212, 0.0]","[0.0, 0.10029768943786621, 0.0, 0.0, 0.0, 0.0, 0.0, 0.0, 0.0, 0.10029768943786621, 0.0, 0.10029768943786621, 0.0973208025097847, 0.0, 0.0, 0.0, 0.10029768943786621, 0.10029768943786621, 0.0, 0.0, 0.10029768943786621, 0.0, 0.10029768943786621, 0.0, 0.0, 0.0, 0.10029768943786621, 0.0, 0.10029768943786621, 0.0]",0.003063744207862045
4,0.9971558665704955,"[0.9794829794617214, 0.9965744178248614, 1.0185289462802982, 1.0074027576410796, 1.0031429505891574, 1.0047992318731531, 0.9791742031799808, 1.0131846529346347, 1.0088962114813214, 1.0262499194814914, 1.003805754378683, 0.978797078796699, 1.0245186083559505, 1.0074104686293497, 1.0051585536055219, 1.0015682501512062, 1.0080875058436196, 1.0192102151016675, 1.0092625941472073, 0.9812750497312395, 0.983126503638999, 1.0143568520419153, 0.9993588152194448, 1.0114163494523816, 0.9996919353429782, 1.0093207528340884, 0.9996061894146256, 1.0155505929179565, 0.9978289748374918, 1.0151993584917278]","[0.985289512447954, 1.0194729571680026, 1.0053134023797776, 1.0079803516572303, 0.9950919595179705, 0.9847128683712029, 1.0151629376174907, 1.003236355756452, 1.0093213643789163, 1.0152198821707692, 0.9972756784618945, 0.9827882735603829, 1.0078371047105832, 0.9976389702762047, 0.9833220062185554, 1.0069413944327186, 0.9899813331826689, 1.0292548088694333, 0.9817111883188654, 0.9759949369783836, 0.9960697123915092, 1.0081036691903493, 0.9857406009025194, 1.009849940263391, 1.0148518074901416, 0.9982330683662245, 0.993004170346298, 1.0000013999243615, 1.0130669219479926, 0.9822356040544359]","[-0.014710487552045959, 0.01947295716800257, 0.005313402379777621, 0.007980351657230322, -0.00490804048202953, -0.015287131628797135, 0.015162937617490657, 0.0032363557564520917, 0.009321364378916286, 0.015219882170769194, -0.002724321538105534, -0.017211726439617103, 0.007837104710583187, -0.0023610297237952604, -0.016677993781444633, 0.006941394432718573, -0.010018666817331101, 0.029254808869433324, -0.01828881168113461, -0.024005063021616424, -0.00393028760849079, 0.008103669190349327, -0.01425939909748064, 0.009849940263390922, 0.014851807490141589, -0.0017669316337755037, -0.006995829653702046, 1.399924361544791e-06, 0.013066921947992638, -0.017764395945564115]","[0.0, 0.16017484664916992, 0.10009642690420151, 0.0, 0.0, 0.16017484664916992, 0.0, 0.0, 0.0, 0.0, 0.0206926092505455, 0.0, 0.0, 0.0, 0.0, 0.0, 0.0, 0.0, 0.03664112091064453, 0.0, 0.0, 0.0, 0.16017484664916992, 0.0, 0.0, 0.06955059617757797, 0.1565088927745819, 0.05159513279795647, 0.0, 0.0843907818198204]","[0.0, 0.0, 6.6611751997862e-22, 0.0, 7.775654265167085e-22, 0.0, 0.0, 6.666039784883734e-22, 0.0, 1.0, 0.0, 1.0020751884167524e-21, 8.325964085689616e-22, 0.0, 0.0, 0.0, 0.0, 0.0, 7.772312370080429e-22, 0.0, 0.0, 0.0, 0.0, 7.228071732899794e-22, 7.102458558612983e-22, 0.0, 0.0, 0.0, 1.000357905864746e-21, 0.0]","[0.00894940532355218, 0.005786830706116768, 0.0035040534293366062, 0.0, 0.0, 0.0, 0.0, 0.0, 0.0033344185921149387, 0.876818614925693, 0.007641352448456699, 0.01555585772083405, 0.009327429907422002, 0.015118624849958403, 0.0, 0.003062184895454302, 0.0, 0.0, 0.015406353571005218, 0.005615287819558463, 0.0003790631200622062, 0.0068560654151074065, 0.0, 0.0, 0.0, 0.0, 0.0019155936314328205, 0.0, 0.009988893985711646, 0.010739969658183102]","[0.0, 0.16017483174800873, 0.10009641200304031, 0.0, 0.0, 0.16017483174800873, 0.0, 0.0, 0.0, 0.0, 0.020692607387900352, 0.0, 0.0, 0.0, 0.0, 0.0, 0.0, 0.0, 0.03664111718535423, 0.0, 0.0, 0.0, 0.16017483174800873, 0.0, 0.0, 0.06955058872699738, 0.15650887787342072, 0.05159512534737587, 0.0, 0.08439077436923981]",-0.00509522946696812
5,1.0011181081342575,"[0.985289512447954, 1.0194729571680026, 1.0053134023797776, 1.0079803516572303, 0.9950919595179705, 0.9847128683712029, 1.0151629376174907, 1.003236355756452, 1.0093213643789163, 1.0152198821707692, 0.9972756784618945, 0.9827882735603829, 1.0078371047105832, 0.9976389702762047, 0.9833220062185554, 1.0069413944327186, 0.9899813331826689, 1.0292548088694333, 0.9817111883188654, 0.9759949369783836, 0.9960697123915092, 1.0081036691903493, 0.9857406009025194, 1.009849940263391, 1.0148518074901416, 0.9982330683662245, 0.993004170346298, 1.0000013999243615, 1.0130669219479926, 0.9822356040544359]","[1.025501772904396, 1.0087864574807588, 1.0089571085473208, 1.001526085842598, 0.993644900648429, 1.0038928676138397, 1.0088692732382765, 0.9992844500379143, 1.020085010181813, 1.0128509568838593, 1.0083505082413051, 1.0101043936819347, 1.01486226812492, 0.9809272030431402, 1.0131311197596677, 1.0042811620736543, 0.9956743766569556, 0.9575800890530597, 1.0205610775311886, 0.9927303306874978, 1.0220353476894075, 1.0253387503389249, 1.0038966893149859, 1.0340539612583448, 0.9877236566527606, 1.0110271529642552, 0.9945437549105236, 1.0043170239018826, 1.00333025175494, 1.0175794318257876]","[0.025501772904396036, 0.008786457480758791, 0.008957108547320791, 0.0015260858425980572, -0.00635509935157097, 0.003892867613839668, 0.008869273238276465, -0.0007155499620856709, 0.02008501018181308, 0.012850956883859288, 0.008350508241305121, 0.01010439368193472, 0.014862268124919975, -0.019072796956859817, 0.013131119759667742, 0.004281162073654254, -0.004325623343044427, -0.04241991094694031, 0.020561077531188632, -0.007269669312502169, 0.022035347689407514, 0.025338750338924854, 0.0038966893149858794, 0.03405396125834481, -0.012276343347239371, 0.01102715296425516, -0.005456245089476397, 0.0043170239018825995, 0.003330251754940061, 0.017579431825787584]","[0.0, 0.0, 0.08971037715673447, 0.0, 0.0, 0.0, 0.0, 0.0, 0.11268806457519531, 0.10526598989963531, 0.0, 0.0, 0.0, 0.1035064160823822, 0.0, 0.10582724958658218, 0.0, 0.0, 0.0, 0.11268806457519531, 0.0, 0.10468314588069916, 0.08377552777528763, 0.0, 0.11268806457519531, 0.0, 0.0, 0.06916707754135132, 0.0, 0.0]","[2.252061905986565e-22, 0.0, 0.0, 0.0, 0.0, 4.440505302377126e-22, 2.250085478159036e-22, 0.0, 0.0, 1.0, 3.3503490931504317e-22, 0.0, 0.0, 0.0, 0.0, 3.3414526868665593e-22, 0.0, 4.433418976636809e-22, 0.0, 4.475433916880723e-22, 0.0, 0.0, 0.0, 0.0, 5.095723341663117e-22, 0.0, 0.0, 0.0, 0.0, 3.342701506804376e-22]","[0.005046446856117402, 0.0, 0.0, 0.004882153211418926, 0.008204983861049914, 0.005197198384329692, 0.0, 0.0, 0.0067943356172802845, 0.8720952598384724, 0.0, 0.010925572197626434, 0.008632749793588983, 0.013892310480261802, 0.0016816434031846096, 0.0, 0.0, 0.0, 0.005660474995516446, 0.0, 0.0, 0.03351071776538372, 0.0031054762724326288, 0.0, 0.0, 0.0, 0.008970871861101093, 0.01139980546223577, 0.0, 0.0]","[0.0, 0.0, 0.08971037715673447, 0.0, 0.0, 0.0, 0.0, 0.0, 0.11268806457519531, 0.10526598989963531, 0.0, 0.0, 0.0, 0.1035064160823822, 0.0, 0.10582724958658218, 0.0, 0.0, 0.0, 0.11268806457519531, 0.0, 0.10468314588069916, 0.08377552777528763, 0.0, 0.11268806457519531, 0.0, 0.0, 0.06916707754135132, 0.0, 0.0]",0.0037015970713979596
6,1.0025539646477075,"[1.025501772904396, 1.0087864574807588, 1.0089571085473208, 1.001526085842598, 0.993644900648429, 1.0038928676138397, 1.0088692732382765, 0.9992844500379143, 1.020085010181813, 1.0128509568838593, 1.0083505082413051, 1.0101043936819347, 1.01486226812492, 0.9809272030431402, 1.0131311197596677, 1.0042811620736543, 0.9956743766569556, 0.9575800890530597, 1.0205610775311886, 0.9927303306874978, 1.0220353476894075, 1.0253387503389249, 1.0038966893149859, 1.0340539612583448, 0.9877236566527606, 1.0110271529642552, 0.9945437549105236, 1.0043170239018826, 1.00333025175494, 1.0175794318257876]","[0.9848135127106046, 0.9961999206675138, 0.9828859326329471, 0.9773830832105699, 0.9867540047645917, 0.9929236351040112, 1.0220300603760155, 1.0224675086112414, 1.0075762081970698, 0.9928782456650541, 1.0063416185970768, 0.9989681826942486, 1.014685371422152, 0.992425755828297, 1.0050862494686503, 1.004922745792541, 1.0042652607937306, 0.9911811343693605, 1.0007032713179551, 1.0167059669767302, 0.9935281108917728, 1.0025125307808127, 0.9995471598432826, 1.007963586582957, 1.009687403093233, 0.9899114111505476, 1.0009720867054055, 0.9957327005720856, 0.9884027559507481, 1.0199843700419176]","[-0.015186487289395423, -0.0038000793324861615, -0.0171140673670529, -0.02261691678943012, -0.013245995235408259, -0.00707636489598884, 0.022030060376015514, 0.02246750861124136, 0.007576208197069834, -0.0071217543349458845, 0.006341618597076826, -0.0010318173057514146, 0.014685371422151983, -0.007574244171703048, 0.005086249468650328, 0.004922745792540928, 0.004265260793730574, -0.008818865630639494, 0.000703271317955112, 0.016705966976730213, -0.006471889108227158, 0.002512530780812705, -0.0004528401567174267, 0.007963586582957038, 0.009687403093233016, -0.010088588849452407, 0.0009720867054054949, -0.004267299427914373, -0.011597244049251887, 0.019984370041917554]","[0.0, 0.12038183212280273, 0.12038183212280273, 0.12038183212280273, 0.0, 0.0, 0.09054494649171829, 0.0, 0.0, 0.0, 0.0, 0.0, 0.0, 0.0, 0.0, 0.12038183212280273, 0.03620197996497154, 0.0, 0.0, 0.12038183212280273, 0.0, 0.0, 0.0, 0.0, 0.0, 0.0, 0.03058028779923916, 0.12038183212280273, 0.0, 0.12038183212280273]","[0.0, 0.0, 0.0, 0.0, 0.0, 3.3387423971463413e-22, 0.0, 0.0, 0.0, 0.0, 0.0, 1.111122283009832e-22, 0.0, 1.1605592099871608e-22, 0.0, 0.0, 0.0, 0.0, 0.0, 1.1418723030241064e-22, 0.0, 1.6718001706338241e-22, 1.1244175676441316e-22, 1.0, 6.131100039642783e-23, 0.0, 1.1473779477395102e-22, 0.0, 0.0, 2.245103479497406e-22]","[0.0, 0.0, 0.0, 0.0, 0.0069764504827199295, 0.0, 0.0, 0.0022399720275133677, 0.001323047896273014, 0.006638136185287221, 0.0, 0.0, 0.0, 0.00526130893394593, 0.0, 0.0, 0.0, 0.006107834176889104, 0.006389169761206361, 0.0038401217616368345, 0.005855248071844413, 0.01700232685406035, 0.0012475380583066818, 0.9172080831405685, 0.0017861056346179975, 0.0025774180445809806, 0.00013562659383000027, 0.0, 0.0, 0.015411612376719366]","[0.0, 0.12038183212280273, 0.12038183212280273, 0.12038183212280273, 0.0, 0.0, 0.09054494649171829, 0.0, 0.0, 0.0, 0.0, 0.0, 0.0, 0.0, 0.0, 0.12038183212280273, 0.03620197996497154, 0.0, 0.0, 0.12038183212280273, 0.0, 0.0, 0.0, 0.0, 0.0, 0.0, 0.03058028779923916, 0.12038183212280273, 0.0, 0.12038183212280273]",0.001124546329353315
7,1.0094533595276274,"[0.9848135127106046, 0.9961999206675138, 0.9828859326329471, 0.9773830832105699, 0.9867540047645917, 0.9929236351040112, 1.0220300603760155, 1.0224675086112414, 1.0075762081970698, 0.9928782456650541, 1.0063416185970768, 0.9989681826942486, 1.014685371422152, 0.992425755828297, 1.0050862494686503, 1.004922745792541, 1.0042652607937306, 0.9911811343693605, 1.0007032713179551, 1.0167059669767302, 0.9935281108917728, 1.0025125307808127, 0.9995471598432826, 1.007963586582957, 1.009687403093233, 0.9899114111505476, 1.0009720867054055, 0.9957327005720856, 0.9884027559507481, 1.0199843700419176]","[0.9878725784619738, 0.9812055520324684, 1.0068572619597387, 1.0181571125634141, 0.9976133098706077, 1.0084671581834346, 0.9851243504092538, 0.9986438085121809, 1.0158893413587657, 1.0024976838432156, 1.0233109320660965, 0.9848821922975289, 1.0070059404342817, 1.026633460515488, 1.0215823093346612, 1.0192849185637796, 1.0056842038185518, 0.9940296243408588, 1.005624971616806, 1.0220480600506514, 1.02020871453933, 1.0083692196739549, 0.9942976076997069, 0.9756408778254915, 1.0003820305812439, 0.9932660979569831, 1.0083776360858387, 1.0018375919013511, 0.9782825908721609, 0.9948217607617184]","[-0.01212742153802615, -0.018794447967531602, 0.006857261959738681, 0.018157112563414124, -0.0023866901293922993, 0.008467158183434575, -0.014875649590746165, -0.0013561914878190695, 0.01588934135876574, 0.0024976838432155812, 0.023310932066096468, -0.015117807702471064, 0.00700594043428171, 0.026633460515488094, 0.02158230933466121, 0.019284918563779563, 0.005684203818551836, -0.005970375659141158, 0.005624971616805974, 0.022048060050651408, 0.02020871453932993, 0.008369219673954875, -0.005702392300293124, -0.02435912217450853, 0.000382030581243864, -0.006733902043016937, 0.008377636085838747, 0.0018375919013511322, -0.02171740912783915, -0.0051782392382816456]","[0.0, 0.0, 0.09093711525201797, 0.0, 0.0, 0.10644814372062683, 0.0, 0.0, 0.10644814372062683, 0.0, 0.10644814372062683, 0.0, 0.0, 0.0, 0.0, 0.0, 0.10644814372062683, 0.0, 0.0, 0.09792962670326233, 0.0, 0.0, 0.0, 0.0, 0.10644814372062683, 0.0, 0.09029528498649597, 0.0, 0.08468546718358994, 0.10391177982091904]","[0.0, 0.0, 0.0, 0.0, 1.0008193860307072e-21, 7.778264194770341e-22, 0.0, 6.132500756165384e-22, 6.663368902648405e-22, 5.844565402372482e-22, 0.0, 0.0, 0.0, 0.0, 6.670782940683754e-22, 0.0, 0.0, 0.0, 7.773859720314608e-22, 0.0, 0.0, 6.665811368051583e-22, 0.0, 1.0, 0.0, 6.677392462006401e-22, 0.0, 0.0, 0.0, 0.0]","[0.011543223531074539, 0.013501184812066122, 0.017324156012297455, 0.0, 0.0014315946204704235, 0.0, 0.0, 0.0, 0.007934350394863494, 0.0033708711721805455, 0.0022653140619073183, 0.0, 0.00625968114426064, 0.004053675946099947, 0.020443748136499434, 0.0, 0.0, 0.0, 0.0, 0.00018967833198558863, 0.0, 0.0008687490514900703, 0.0, 0.9035971471562222, 0.0, 0.0, 0.0, 0.0, 0.0072166256285819555, 0.0]","[0.0, 0.0, 0.09093711525201797, 0.0, 0.0, 0.10644814372062683, 0.0, 0.0, 0.10644814372062683, 0.0, 0.10644814372062683, 0.0, 0.0, 0.0, 0.0, 0.0, 0.10644814372062683, 0.0, 0.0, 0.09792962670326233, 0.0, 0.0, 0.0, 0.0, 0.10644814372062683, 0.0, 0.09029528498649597, 0.0, 0.08468546718358994, 0.10391177982091904]",0.006592328973375014
8,1.0109771368596485,"[0.9878725784619738, 0.9812055520324684, 1.0068572619597387, 1.0181571125634141, 0.9976133098706077, 1.0084671581834346, 0.9851243504092538, 0.9986438085121809, 1.0158893413587657, 1.0024976838432156, 1.0233109320660965, 0.9848821922975289, 1.0070059404342817, 1.026633460515488, 1.0215823093346612, 1.0192849185637796, 1.0056842038185518, 0.9940296243408588, 1.005624971616806, 1.0220480600506514, 1.02020871453933, 1.0083692196739549, 0.9942976076997069, 0.9756408778254915, 1.0003820305812439, 0.9932660979569831, 1.0083776360858387, 1.0018375919013511, 0.9782825908721609, 0.9948217607617184]","[0.9939593335176905, 0.9859114328027276, 0.9991894714798893, 0.9942543660325768, 0.9975653513125186, 1.0037145945512118, 1.0096740542870979, 1.0125030913997433, 1.00437486415347, 0.9914059791059291, 0.9954467212809304, 1.008747297906311, 1.0126874329933253, 0.9980603001133208, 1.0166113389388387, 0.9820960417085929, 1.000584627217631, 1.0118041830738749, 0.9755971075034461, 1.002847025737031, 1.0131844853136753, 0.9992408128333626, 1.0010491984984982, 0.9896040832609645, 0.9917263839745484, 1.0201126226723511, 0.9836906679092262, 1.0057488006225408, 0.9967687914028385, 0.9987892192319012]","[-0.006040666482309498, -0.014088567197272361, -0.0008105285201106538, -0.005745633967423225, -0.0024346486874814444, 0.003714594551211814, 0.009674054287097889, 0.01250309139974326, 0.004374864153469993, -0.008594020894070908, -0.004553278719069631, 0.008747297906311013, 0.01268743299332531, -0.0019396998866791915, 0.016611338938838704, -0.017903958291407118, 0.000584627217631084, 0.011804183073874874, -0.02440289249655392, 0.002847025737030995, 0.013184485313675331, -0.0007591871666373651, 0.0010491984984981606, -0.010395916739035505, -0.008273616025451624, 0.020112622672351144, -0.016309332090773787, 0.005748800622540795, -0.003231208597161528, -0.0012107807680987737]","[0.0, 0.10695016384124756, 0.0, 0.10695016384124756, 0.0, 0.08616852760314941, 0.0, 0.0855221226811409, 0.0, 0.0, 0.0, 0.0, 0.07965818047523499, 0.0, 0.10695016384124756, 0.10695016384124756, 0.0, 0.0, 0.0, 0.10695016384124756, 0.10695016384124756, 0.0, 0.0, 0.0, 0.0, 0.0, 0.0, 0.0, 0.10695016384124756, 0.0]","[0.0, 0.0, 0.0, 0.0, 5.557779342620847e-22, 0.0, 2.236820176155591e-22, 0.0, 0.0, 0.0, 1.681266609502628e-22, 0.0, 1.0, 0.0, 0.0, 2.2333737715744305e-22, 0.0, 0.0, 0.0, 0.0, 2.24299210671987e-22, 3.889068834469173e-22, 0.0, 3.3334406962709867e-22, 0.0, 0.0, 0.0, 2.2229351846529396e-22, 0.0, 2.777873765543917e-22]","[0.0034240953278005305, 0.012770376969876714, 0.0, 0.0, 0.013037467719740094, 0.0, 0.0, 0.005968767122231839, 0.0057258985552570245, 0.009677339872041056, 0.0068979759021395685, 0.007875429189001203, 0.8524601453842513, 0.0, 0.006220768379475828, 0.0, 0.005260815357190741, 0.010013990873155524, 0.003381549022166406, 0.0, 0.00025020631799082285, 0.0, 0.002852573217180615, 0.0, 0.011666861675085571, 0.012599957574292728, 0.0065951776229917795, 0.0, 0.02332060391813048, 0.0]","[0.0, 0.10695016384124756, 0.0, 0.10695016384124756, 0.0, 0.08616852760314941, 0.0, 0.0855221226811409, 0.0, 0.0, 0.0, 0.0, 0.07965818047523499, 0.0, 0.10695016384124756, 0.10695016384124756, 0.0, 0.0, 0.0, 0.10695016384124756, 0.10695016384124756, 0.0, 0.0, 0.0, 0.0, 0.0, 0.0, 0.0, 0.10695016384124756, 0.0]",0.001110812862986352
9,1.0059391384487404,"[0.9939593335176905, 0.9859114328027276, 0.9991894714798893, 0.9942543660325768, 0.9975653513125186, 1.0037145945512118, 1.0096740542870979, 1.0125030913997433, 1.00437486415347, 0.9914059791059291, 0.9954467212809304, 1.008747297906311, 1.0126874329933253, 0.9980603001133208, 1.0166113389388387, 0.9820960417085929, 1.000584627217631, 1.0118041830738749, 0.9755971075034461, 1.002847025737031, 1.0131844853136753, 0.9992408128333626, 1.0010491984984982, 0.9896040832609645, 0.9917263839745484, 1.0201126226723511, 0.9836906679092262, 1.0057488006225408, 0.9967687914028385, 0.9987892192319012]","[1.0075125571443464, 1.0002276640486227, 1.002934138925044, 0.9791657335084858, 0.9974812539788065, 1.0046753935027064, 0.9863726382396686, 0.9900774504602826, 1.009797889966145, 0.9989804618511269, 0.9767300617172514, 1.0033979269861315, 0.9940309491819145, 0.9831713460409004, 1.004133144432918, 1.0155393786832538, 1.0047707087141942, 0.9873728452876159, 1.009311786253899, 0.9707954760374948, 0.9590766866918982, 0.9902947376410842, 0.9907683603355615, 0.9974317618001373, 1.0116422474822042, 0.9829140146835932, 0.9983616837460749, 0.9899341020029045, 1.0058124210151165, 0.9974515282430034]","[0.007512557144346399, 0.00022766404862273326, 0.0029341389250439054, -0.02083426649151421, -0.0025187460211935075, 0.004675393502706404, -0.013627361760331413, -0.009922549539717385, 0.009797889966145057, -0.0010195381488731226, -0.023269938282748592, 0.0033979269861315053, -0.0059690508180855195, -0.016828653959099604, 0.004133144432918012, 0.015539378683253835, 0.004770708714194161, -0.01262715471238407, 0.009311786253898946, -0.02920452396250517, -0.04092331330810184, -0.009705262358915778, -0.009231639664438518, -0.002568238199862738, 0.011642247482204215, -0.017085985316406815, -0.0016383162539250762, -0.010065897997095452, 0.005812421015116476, -0.002548471756996573]","[0.06486614793539047, 0.0, 0.0, 0.11449934542179108, 0.0, 0.0, 0.0, 0.0, 0.11449934542179108, 0.11449934542179108, 0.0, 0.0, 0.08243443816900253, 0.0, 0.11449934542179108, 0.0, 0.0, 0.0, 0.0, 0.11449934542179108, 0.0, 0.0970432236790657, 0.0, 0.0, 0.0, 0.0, 0.0, 0.0, 0.08146333694458008, 0.10169614851474762]","[3.3467659245245045e-22, 0.0, 0.0, 3.3437824057423424e-22, 0.0, 5.553106265957267e-22, 4.454218439976906e-22, 0.0, 0.0, 0.0, 0.0, 0.0, 1.0, 3.3431176851660666e-22, 0.0, 0.0, 0.0, 0.0, 0.0, 3.3489305191588666e-22, 3.348947295333722e-22, 4.99965598320689e-22, 0.0, 0.0, 0.0, 0.0, 5.561419186650361e-22, 0.0, 0.0, 0.0]","[0.0, 0.0, 0.0, 0.0, 0.0, 0.0, 0.0, 0.0, 0.00517753423039728, 0.0, 0.002037882833741174, 0.0, 0.9197238782945131, 0.0009519175959697343, 0.0, 0.007278880206539522, 0.008311314927888634, 0.0, 0.0, 0.0, 0.012546949431995288, 0.0, 0.00288093680695482, 0.016034079224566965, 0.0, 0.0, 0.013161430291550145, 0.0035121805055945052, 0.0, 0.008383015650288874]","[0.06486614793539047, 0.0, 0.0, 0.11449934542179108, 0.0, 0.0, 0.0, 0.0, 0.11449934542179108, 0.11449934542179108, 0.0, 0.0, 0.08243443816900253, 0.0, 0.11449934542179108, 0.0, 0.0, 0.0, 0.0, 0.11449934542179108, 0.0, 0.0970432236790657, 0.0, 0.0, 0.0, 0.0, 0.0, 0.0, 0.08146333694458008, 0.10169614851474762]",-0.005433246340995898
10,1.0065110972164648,"[1.0075125571443464, 1.0002276640486227, 1.002934138925044, 0.9791657335084858, 0.9974812539788065, 1.0046753935027064, 0.9863726382396686, 0.9900774504602826, 1.009797889966145, 0.9989804618511269, 0.9767300617172514, 1.0033979269861315, 0.9940309491819145, 0.9831713460409004, 1.004133144432918, 1.0155393786832538, 1.0047707087141942, 0.9873728452876159, 1.009311786253899, 0.9707954760374948, 0.9590766866918982, 0.9902947376410842, 0.9907683603355615, 0.9974317618001373, 1.0116422474822042, 0.9829140146835932, 0.9983616837460749, 0.9899341020029045, 1.0058124210151165, 0.9974515282430034]","[1.0131764244491064, 1.0043234995900066, 1.0002117572594529, 1.0061741798897323, 1.003777841876009, 1.0143431639372966, 1.007465505091837, 1.001889537078677, 1.011384942459674, 1.0148954503453405, 0.9855835135256771, 0.9980072498580402, 1.0099182718077686, 1.0087479823870544, 1.0008404547938647, 0.9936254167321243, 1.021684005567622, 1.0169703469211004, 1.0228022249391195, 1.0106336448962443, 0.9912681173719755, 1.0086322323925356, 0.9883739430422607, 1.0199392813935566, 0.9912211553020106, 1.0107912091506714, 1.0004379703266564, 1.0149639066072913, 0.9881503753712603, 0.9943659028295075]","[0.013176424449106383, 0.004323499590006552, 0.0002117572594528827, 0.006174179889732345, 0.003777841876009047, 0.014343163937296621, 0.007465505091837077, 0.001889537078676895, 0.011384942459673919, 0.014895450345340455, -0.01441648647432292, -0.001992750141959765, 0.009918271807768608, 0.008747982387054432, 0.0008404547938647422, -0.006374583267875655, 0.021684005567621956, 0.016970346921100443, 0.022802224939119542, 0.010633644896244299, -0.00873188262802449, 0.008632232392535633, -0.011626056957739328, 0.019939281393556607, -0.008778844697989396, 0.010791209150671444, 0.00043797032665637836, 0.0149639066072913, -0.01184962462873973, -0.005634097170492458]","[0.0, 0.0, 0.0, 0.0, 0.0, 0.10000000149011612, 0.0, 0.10000000149011612, 0.0, 0.0, 0.10000000149011612, 0.0, 0.0, 0.0, 0.0, 0.10000000149011612, 0.0, 0.10000000149011612, 0.0, 0.10000000149011612, 0.10000000149011612, 0.10000000149011612, 0.10000000149011612, 0.0, 0.0, 0.0, 0.0, 0.0, 0.0, 0.10000000149011612]","[2.2612328734596063e-22, 2.2415976551703406e-22, 0.0, 0.0, 0.0, 0.0, 0.0, 0.0, 0.0, 0.0, 0.0, 0.0, 1.0, 0.0, 0.0, 1.1467531739085097e-22, 1.1312950502251406e-22, 2.22859000567723e-22, 0.0, 0.0, 0.0, 0.0, 0.0, 0.0, 5.969965411096895e-23, 1.1173733866744172e-22, 0.0, 1.1161742514767126e-22, 2.248453843437289e-22, 0.0]","[0.0, 0.0, 0.016065579988434546, 0.0, 0.0, 0.0, 0.00743077527464045, 0.0, 0.0, 0.009512339159916419, 0.0009148607474290512, 0.0069660816519231126, 0.8881842869857546, 0.006791809196281087, 0.0, 0.0045677481413027845, 0.006417166982666292, 0.01756252843368423, 0.001464250735388622, 0.0, 0.0, 0.0, 0.0, 0.0, 0.0, 0.00813538326083522, 0.0, 0.0, 0.006764984285824962, 0.0192222051559186]","[0.0, 0.0, 0.0, 0.0, 0.0, 0.10000000149011612, 0.0, 0.10000000149011612, 0.0, 0.0, 0.10000000149011612, 0.0, 0.0, 0.0, 0.0, 0.10000000149011612, 0.0, 0.10000000149011612, 0.0, 0.10000000149011612, 0.10000000149011612, 0.10000000149011612, 0.10000000149011612, 0.0, 0.0, 0.0, 0.0, 0.0, 0.0, 0.10000000149011612]",1.5913849445754616e-05
11,1.0069684208725538,"[1.0131764244491064, 1.0043234995900066, 1.0002117572594529, 1.0061741798897323, 1.003777841876009, 1.0143431639372966, 1.007465505091837, 1.001889537078677, 1.011384942459674, 1.0148954503453405, 0.9855835135256771, 0.9980072498580402, 1.0099182718077686, 1.0087479823870544, 1.0008404547938647, 0.9936254167321243, 1.021684005567622, 1.0169703469211004, 1.0228022249391195, 1.0106336448962443, 0.9912681173719755, 1.0086322323925356, 0.9883739430422607, 1.0199392813935566, 0.9912211553020106, 1.0107912091506714, 1.0004379703266564, 1.0149639066072913, 0.9881503753712603, 0.9943659028295075]","[1.0125746231826935, 1.0306385137122696, 0.9825679201775175, 0.9920312154668879, 0.9924244013167324, 0.9914096993275976, 1.009555815248296, 1.009822505243187, 0.9941019878931988, 1.0169296699000951, 0.978182629678364, 0.9863203229745131, 0.9937380472175376, 0.9804278919338723, 0.9822546912599867, 1.0237893463110277, 1.0264932116166066, 0.9972775723416997, 1.0103239884504713, 1.009888363568396, 1.0070196248145333, 1.0039650281726642, 1.013991203577873, 1.0260814184563227, 1.0244771472173568, 0.9897901753220946, 1.0199205673845073, 0.9991268694182148, 0.9934754453256114, 0.9886007122414617]","[0.012574623182693534, 0.030638513712269555, -0.017432079822482516, -0.007968784533112117, -0.007575598683267626, -0.008590300672402407, 0.009555815248295962, 0.009822505243187063, -0.005898012106801187, 0.016929669900095146, -0.021817370321635998, -0.013679677025486892, -0.006261952782462443, -0.019572108066127747, -0.017745308740013344, 0.023789346311027693, 0.02649321161660656, -0.0027224276583003304, 0.010323988450471333, 0.009888363568395953, 0.007019624814533332, 0.003965028172664198, 0.01399120357787309, 0.026081418456322725, 0.02447714721735683, -0.010209824677905432, 0.019920567384507315, -0.0008731305817851753, -0.006524554674388616, -0.011399287758538268]","[0.10749313235282898, 0.0, 0.0, 0.0, 0.0, 0.09041662514209747, 0.0, 0.0, 0.0, 0.0, 0.0, 0.0, 0.10749313235282898, 0.10749313235282898, 0.10749313235282898, 0.09542929381132126, 0.0, 0.0, 0.0, 0.0, 0.09926777333021164, 0.10749313235282898, 0.0, 0.0, 0.07509986311197281, 0.0, 0.0, 0.0, 0.10232087224721909, 0.0]","[0.0, 0.0, 3.3401156068287355e-22, 0.0, 0.0, 0.0, 0.0, 3.3310233562725295e-22, 0.0, 0.0, 3.3372542806902696e-22, 0.0, 1.0, 4.450850544034813e-22, 0.0, 3.347950972885113e-22, 0.0, 0.0, 0.0, 4.452051834301903e-22, 0.0, 3.3344329331596637e-22, 0.0, 0.0, 0.0, 0.0, 4.453745292360941e-22, 3.334635173183416e-22, 0.0, 0.0]","[0.01104380561824271, 0.0028245654531326757, 0.021207993415984484, 0.0, 0.0, 0.0, 0.0, 0.017464596161609884, 0.005436933700882296, 0.0, 0.0, 0.0, 0.9034603097440531, 0.0, 0.013474168051449544, 0.0, 0.0, 0.0, 0.006857201340112982, 0.0, 0.0, 0.005771751259686716, 0.0, 0.0, 0.004758962340501186, 0.0, 0.0054444444857521205, 0.0, 0.0022552684285921777, 0.0]","[0.10749311745166779, 0.0, 0.0, 0.0, 0.0, 0.09041661769151688, 0.0, 0.0, 0.0, 0.0, 0.0, 0.0, 0.10749311745166779, 0.10749311745166779, 0.10749311745166779, 0.09542927891016006, 0.0, 0.0, 0.0, 0.0, 0.09926775842905045, 0.10749311745166779, 0.0, 0.0, 0.07509985566139221, 0.0, 0.0, 0.0, 0.10232085734605789, 0.0]",7.075344165416409e-05
12,1.0116712405280974,"[1.0125746231826935, 1.0306385137122696, 0.9825679201775175, 0.9920312154668879, 0.9924244013167324, 0.9914096993275976, 1.009555815248296, 1.009822505243187, 0.9941019878931988, 1.0169296699000951, 0.978182629678364, 0.9863203229745131, 0.9937380472175376, 0.9804278919338723, 0.9822546912599867, 1.0237893463110277, 1.0264932116166066, 0.9972775723416997, 1.0103239884504713, 1.009888363568396, 1.0070196248145333, 1.0039650281726642, 1.013991203577873, 1.0260814184563227, 1.0244771472173568, 0.9897901753220946, 1.0199205673845073, 0.9991268694182148, 0.9934754453256114, 0.9886007122414617]","[0.997047612543348, 0.9966806245075535, 1.0173736767882797, 1.0062898554955058, 0.984945682261891, 1.0118667414427494, 1.0074045997065764, 1.0213558337834114, 0.9915797826437904, 1.004733729904398, 1.0289391041207663, 1.0024444373310053, 1.033462111514718, 1.0000534969040995, 1.007770777802443, 1.017566051401232, 1.0227364497475258, 0.9857653077949406, 0.9982056063027327, 0.9955812299546763, 0.9789422408608511, 0.9989402181674365, 1.0113313500651067, 0.9926282443555562, 1.0010734812539852, 0.9861877778448421, 1.0054815131202375, 1.0127036622726313, 1.010876276664264, 0.9765328025404824]","[-0.0029523874566520503, -0.0033193754924465413, 0.017373676788279724, 0.006289855495505758, -0.015054317738108947, 0.011866741442749351, 0.007404599706576365, 0.021355833783411438, -0.00842021735620957, 0.00473372990439791, 0.02893910412076628, 0.0024444373310053003, 0.03346211151471801, 5.3496904099503695e-05, 0.007770777802442952, 0.017566051401231908, 0.022736449747525755, -0.014234692205059352, -0.0017943936972673047, -0.00441877004532365, -0.02105775913914887, -0.0010597818325635, 0.01133135006510666, -0.0073717556444438115, 0.001073481253985209, -0.013812222155157872, 0.00548151312023748, 0.012703662272631311, 0.01087627666426405, -0.02346719745951764]","[0.0, 0.0, 0.10633088648319244, 0.10633088648319244, 0.0, 0.0, 0.0, 0.0, 0.0, 0.10633088648319244, 0.0, 0.10633088648319244, 0.0, 0.08841110020875931, 0.10633088648319244, 0.0, 0.0, 0.0, 0.10633088648319244, 0.0, 0.0, 0.0, 0.0, 0.09050356596708298, 0.0, 0.0, 0.10633088648319244, 0.0, 0.07676904648542404, 0.0]","[3.1310021585683092e-24, 2.776916511678159e-24, 0.0, 0.0, 0.0, 0.0, 0.0, 1.6730345040963782e-22, 0.0, 0.0, 0.0, 0.0, 1.0, 0.0, 1.1169423961858205e-22, 2.249466108549089e-22, 0.0, 0.0, 2.141735247999285e-24, 0.0, 0.0, 0.0, 2.2393940144171756e-22, 5.741982337198838e-23, 0.0, 0.0, 2.5537820462256326e-24, 0.0, 0.0, 0.0]","[0.0, 0.0, 0.005568862710646118, 0.0, 0.01115829342392588, 0.0037715158556495838, 0.0, 0.0, 0.0016935880194635623, 0.0, 0.0, 0.0, 0.9204227129861166, 0.012272138678873551, 0.0038343425867611407, 0.02634121762168806, 0.0, 0.0, 0.0, 0.0, 0.008499759252250232, 0.0029730132964850818, 0.0, 0.0, 0.0, 0.0, 0.0, 0.0, 0.0, 0.00346455556814047]","[0.0, 0.0, 0.10633090138435364, 0.10633090138435364, 0.0, 0.0, 0.0, 0.0, 0.0, 0.10633090138435364, 0.0, 0.10633090138435364, 0.0, 0.0884111076593399, 0.10633090138435364, 0.0, 0.0, 0.0, 0.10633090138435364, 0.0, 0.0, 0.0, 0.0, 0.09050357341766357, 0.0, 0.0, 0.10633090138435364, 0.0, 0.07676905393600464, 0.0]",0.00422022469135085
13,1.0131770357402372,"[0.997047612543348, 0.9966806245075535, 1.0173736767882797, 1.0062898554955058, 0.984945682261891, 1.0118667414427494, 1.0074045997065764, 1.0213558337834114, 0.9915797826437904, 1.004733729904398, 1.0289391041207663, 1.0024444373310053, 1.033462111514718, 1.0000534969040995, 1.007770777802443, 1.017566051401232, 1.0227364497475258, 0.9857653077949406, 0.9982056063027327, 0.9955812299546763, 0.9789422408608511, 0.9989402181674365, 1.0113313500651067, 0.9926282443555562, 1.0010734812539852, 0.9861877778448421, 1.0054815131202375, 1.0127036622726313, 1.010876276664264, 0.9765328025404824]","[0.9994486478619081, 1.020754189721779, 1.007637080262481, 1.014062077838246, 0.9983301750490515, 1.0161418118375765, 1.003335706621882, 1.0013910601305736, 0.9986959704527633, 0.9904139073694703, 1.0168994060716565, 1.003409367798049, 0.9973144267801379, 1.0062709629385562, 1.0125951216787115, 1.0139026133383733, 1.0169192150860629, 0.9879828492846487, 1.0249626651578805, 0.989268734149227, 1.0197569265003854, 1.0084287516723125, 0.9869368766904629, 1.0139340965663524, 0.9769641474618065, 1.0088422986132248, 0.9903983739815386, 1.0098174623760894, 1.0028813290637335, 1.0088025544154506]","[-0.0005513521380918762, 0.020754189721778893, 0.007637080262481, 0.01406207783824609, -0.001669824950948473, 0.01614181183757646, 0.003335706621881984, 0.0013910601305735515, -0.0013040295472367402, -0.009586092630529675, 0.01689940607165652, 0.0034093677980489012, -0.0026855732198620696, 0.006270962938556224, 0.012595121678711463, 0.013902613338373282, 0.016919215086062867, -0.012017150715351255, 0.02496266515788048, -0.010731265850772997, 0.019756926500385408, 0.008428751672312496, -0.013063123309537072, 0.01393409656635236, -0.023035852538193513, 0.00884229861322483, -0.009601626018461373, 0.009817462376089381, 0.0028813290637335065, 0.008802554415450636]","[0.0, 0.0, 0.0, 0.0, 0.0, 0.0, 0.10745172947645187, 0.0, 0.0, 0.0, 0.0, 0.0, 0.10745172947645187, 0.0, 0.0, 0.08730877190828323, 0.09804264456033707, 0.0, 0.0, 0.0, 0.0, 0.10745172947645187, 0.08040992170572281, 0.08952821791172028, 0.10745172947645187, 0.10745172947645187, 0.10745172947645187, 0.0, 0.0, 0.0]","[0.0, 3.3800531256050633e-22, 0.0, 0.0, 0.0, 0.0, 2.254240674448427e-22, 0.0, 0.0, 0.0, 0.0, 3.3623587694418594e-22, 1.0, 0.0, 0.0, 3.373181793889629e-22, 1.6985529685004702e-22, 0.0, 0.0, 0.0, 0.0, 2.2485123317110293e-22, 3.359792042484002e-22, 0.0, 2.2760342357726403e-22, 0.0, 3.372629199290712e-22, 0.0, 0.0, 0.0]","[0.0, 0.0, 0.0, 0.0, 0.007469583323030549, 0.0, 0.0022714230289856566, 0.006041701109719255, 0.0, 0.005245004249937062, 0.0, 0.005100086633145524, 0.9460367388693394, 0.0025917166374386635, 0.0, 0.001812190104824111, 0.0, 0.0, 0.005297966085640243, 0.0010453729556362716, 0.0, 0.005260366515822606, 0.0, 0.0, 0.0, 0.0, 0.007934716727239171, 0.0, 0.0, 0.003893133759241374]","[0.0, 0.0, 0.0, 0.0, 0.0, 0.0, 0.10745172947645187, 0.0, 0.0, 0.0, 0.0, 0.0, 0.10745172947645187, 0.0, 0.0, 0.08730877190828323, 0.09804264456033707, 0.0, 0.0, 0.0, 0.0, 0.10745172947645187, 0.08040992170572281, 0.08952821791172028, 0.10745172947645187, 0.10745172947645187, 0.10745172947645187, 0.0, 0.0, 0.0]",0.0010752123310586827
14,1.0075836445730635,"[0.9994486478619081, 1.020754189721779, 1.007637080262481, 1.014062077838246, 0.9983301750490515, 1.0161418118375765, 1.003335706621882, 1.0013910601305736, 0.9986959704527633, 0.9904139073694703, 1.0168994060716565, 1.003409367798049, 0.9973144267801379, 1.0062709629385562, 1.0125951216787115, 1.0139026133383733, 1.0169192150860629, 0.9879828492846487, 1.0249626651578805, 0.989268734149227, 1.0197569265003854, 1.0084287516723125, 0.9869368766904629, 1.0139340965663524, 0.9769641474618065, 1.0088422986132248, 0.9903983739815386, 1.0098174623760894, 1.0028813290637335, 1.0088025544154506]","[1.0028292715058669, 1.007919790415721, 1.0177462091189102, 1.016010035914835, 1.0191954174672433, 1.003315437689804, 0.993185126156091, 1.0159813335474377, 0.9827689275001581, 0.9838437870721312, 0.9802618384940327, 1.019405732403883, 1.0010521708213933, 0.9904682829991243, 0.9886254934564678, 0.9926105783443481, 0.9924619471738706, 0.9968412778810096, 0.9875764710021097, 1.0118206124859563, 0.9852772331988844, 1.0075752950298276, 1.0211038749092958, 1.00182001081995, 0.9936926147936467, 0.9833684251051807, 1.0123278928113055, 1.002140791997103, 0.9852998056908882, 0.9996435186122548]","[0.0028292715058668705, 0.007919790415721106, 0.017746209118910228, 0.016010035914834964, 0.019195417467243292, 0.003315437689803913, -0.006814873843908997, 0.015981333547437693, -0.017231072499841904, -0.01615621292786884, -0.0197381615059673, 0.01940573240388299, 0.0010521708213933056, -0.009531717000875739, -0.011374506543532226, -0.007389421655651929, -0.007538052826129404, -0.003158722118990376, -0.012423528997890343, 0.011820612485956339, -0.014722766801115617, 0.007575295029827567, 0.021103874909295772, 0.0018200108199499798, -0.006307385206353322, -0.016631574894819257, 0.01232789281130553, 0.002140791997103042, -0.014700194309111847, -0.0003564813877452444]","[0.10000000149011612, 0.0, 0.0, 0.0, 0.0, 0.0, 0.0, 0.0, 0.10000000149011612, 0.0, 0.10000000149011612, 0.10000000149011612, 0.0, 0.10000000149011612, 0.0, 0.0, 0.10000000149011612, 0.0, 0.0, 0.0, 0.10000000149011612, 0.0, 0.0, 0.0, 0.10000000149011612, 0.0, 0.10000000149011612, 0.0, 0.10000000149011612, 0.0]","[2.273732456285523e-22, 0.0, 0.0, 0.0, 0.0, 0.0, 0.0, 0.0, 3.3653353880638465e-22, 0.0, 0.0, 2.2567249463364636e-22, 1.0, 0.0, 0.0, 0.0, 0.0, 4.473137415150395e-22, 0.0, 2.259177381554814e-22, 2.2724825893813737e-22, 0.0, 0.0, 3.934865894552349e-22, 0.0, 0.0, 2.260355957558214e-22, 3.3540593177783502e-22, 0.0, 0.0]","[0.005297818054555077, 0.005476820633951648, 0.0, 0.002012890951222552, 0.007670725335124444, 0.007271710114939017, 0.0, 0.01665648154384756, 0.00845916440879473, 0.00435130565854022, 0.0, 0.00896230487204002, 0.9095563805950623, 0.0, 0.0003686978208368707, 0.0, 0.0004133162027116109, 0.0, 0.0, 0.012275322397760422, 0.0, 0.0, 0.011227061410613415, 0.0, 0.0, 0.0, 0.0, 0.0, 0.0, 0.0]","[0.10000000149011612, 0.0, 0.0, 0.0, 0.0, 0.0, 0.0, 0.0, 0.10000000149011612, 0.0, 0.10000000149011612, 0.10000000149011612, 0.0, 0.10000000149011612, 0.0, 0.0, 0.10000000149011612, 0.0, 0.0, 0.0, 0.10000000149011612, 0.0, 0.0, 0.0, 0.10000000149011612, 0.0, 0.10000000149011612, 0.0, 0.10000000149011612, 0.0]",-0.005872554755759981
15,1.0078986540616057,"[1.0028292715058669, 1.007919790415721, 1.0177462091189102, 1.016010035914835, 1.0191954174672433, 1.003315437689804, 0.993185126156091, 1.0159813335474377, 0.9827689275001581, 0.9838437870721312, 0.9802618384940327, 1.019405732403883, 1.0010521708213933, 0.9904682829991243, 0.9886254934564678, 0.9926105783443481, 0.9924619471738706, 0.9968412778810096, 0.9875764710021097, 1.0118206124859563, 0.9852772331988844, 1.0075752950298276, 1.0211038749092958, 1.00182001081995, 0.9936926147936467, 0.9833684251051807, 1.0123278928113055, 1.002140791997103, 0.9852998056908882, 0.9996435186122548]","[1.0031612143491127, 1.0191146624013394, 0.9999801602762617, 1.0130548142698128, 0.9953631939239216, 1.0219472005018386, 1.0103353690768795, 0.9881848290310743, 1.0053988404055139, 0.9858738276457908, 1.016037795198918, 1.0350564901547927, 1.0100941942464203, 0.9974345807480964, 1.0009281593853103, 0.9798373875457548, 1.0124561912143917, 0.9984208357555036, 1.028760344164179, 0.9783149267465452, 0.9849798146373585, 1.005321053056996, 1.0035156977572302, 1.0035264198825542, 0.9891677519880576, 0.9970592174174833, 0.9899544725279533, 1.000004999981005, 0.9866234365656845, 0.9782721011748888]","[0.003161214349112651, 0.01911466240133941, -1.9839723738312998e-05, 0.013054814269812809, -0.004636806076078415, 0.021947200501838626, 0.010335369076879486, -0.011815170968925703, 0.005398840405513861, -0.01412617235420921, 0.016037795198917904, 0.03505649015479273, 0.01009419424642033, -0.002565419251903567, 0.0009281593853103232, -0.02016261245424522, 0.012456191214391676, -0.0015791642444964449, 0.028760344164179052, -0.021685073253454812, -0.015020185362641492, 0.005321053056996039, 0.0035156977572301518, 0.0035264198825541992, -0.01083224801194238, -0.002940782582516732, -0.010045527472046678, 4.999981005004983e-06, -0.01337656343431548, -0.02172789882511117]","[0.10987609624862671, 0.0, 0.0, 0.0, 0.10987609624862671, 0.0, 0.10987609624862671, 0.0, 0.0, 0.0, 0.0, 0.10987609624862671, 0.0, 0.06823021173477173, 0.0, 0.0, 0.0, 0.0, 0.0, 0.10034222155809402, 0.10987609624862671, 0.0, 0.0, 0.08971565216779709, 0.0, 0.0, 0.08245530724525452, 0.10987609624862671, 0.0, 0.0]","[0.0, 1.1592261058083002e-22, 0.0, 0.0, 1.1479580550334626e-22, 0.0, 0.0, 6.9547492070224e-22, 0.0, 0.0, 0.0, 3.364133029598972e-22, 1.0, 0.0, 0.0, 0.0, 0.0, 0.0, 0.0, 1.1447368904244885e-22, 1.1528137776485048e-22, 0.0, 0.0, 0.0, 2.2564959694130726e-22, 0.0, 0.0, 2.240841863345082e-22, 0.0, 1.1433602449138893e-22]","[0.0, 0.00479446195929245, 0.0, 0.018348455027599422, 0.0, 0.0, 0.013481579047694823, 0.0, 0.0, 0.011101401534513593, 0.007936969968365766, 0.0, 0.8724912606526554, 0.0, 0.002483336640613136, 0.007817258332403982, 0.0022703551873546105, 0.009427047497442108, 0.015142792769320552, 0.012784898031737681, 0.0, 0.006640223502431017, 0.0, 0.0023507349166875884, 0.0, 0.0, 0.0, 0.01292922493188783, 0.0, 0.0]","[0.1098761036992073, 0.0, 0.0, 0.0, 0.1098761036992073, 0.0, 0.1098761036992073, 0.0, 0.0, 0.0, 0.0, 0.1098761036992073, 0.0, 0.06823021918535233, 0.0, 0.0, 0.0, 0.0, 0.0, 0.10034222900867462, 0.1098761036992073, 0.0, 0.0, 0.08971565961837769, 0.0, 0.0, 0.08245531469583511, 0.1098761036992073, 0.0, 0.0]",-0.00020414637417989117
16,1.0120331118465702,"[1.0031612143491127, 1.0191146624013394, 0.9999801602762617, 1.0130548142698128, 0.9953631939239216, 1.0219472005018386, 1.0103353690768795, 0.9881848290310743, 1.0053988404055139, 0.9858738276457908, 1.016037795198918, 1.0350564901547927, 1.0100941942464203, 0.9974345807480964, 1.0009281593853103, 0.9798373875457548, 1.0124561912143917, 0.9984208357555036, 1.028760344164179, 0.9783149267465452, 0.9849798146373585, 1.005321053056996, 1.0035156977572302, 1.0035264198825542, 0.9891677519880576, 0.9970592174174833, 0.9899544725279533, 1.000004999981005, 0.9866234365656845, 0.9782721011748888]","[0.9999081993097795, 0.9903905998689453, 1.0197858632872516, 1.0134064107200997, 1.0123037083647883, 1.0049877969062293, 1.0126456334937493, 1.0033784197859537, 0.9875485720115605, 0.9896686473995724, 1.0136646243811258, 0.9971648987004312, 0.9947245454706279, 0.9919669373878507, 1.0095437628942698, 1.011586183914107, 0.9985345720117708, 0.9992848916347421, 1.0058033880323891, 0.9966409342299202, 0.9760911828007336, 0.9938028237927543, 0.998431910794745, 0.9984823547267663, 1.0022912340564052, 1.0075159151187234, 1.0091520625233623, 0.9964220567024489, 1.0224913202042052, 0.9957201105589671]","[-9.180069022052262e-05, -0.009609400131054713, 0.019785863287251626, 0.013406410720099737, 0.012303708364788335, 0.004987796906229303, 0.012645633493749253, 0.003378419785953657, -0.012451427988439456, -0.010331352600427612, 0.013664624381125812, -0.0028351012995687652, -0.005275454529372059, -0.008033062612149311, 0.009543762894269836, 0.011586183914106929, -0.0014654279882292398, -0.0007151083652578993, 0.005803388032389112, -0.0033590657700798277, -0.023908817199266408, -0.0061971762072456915, -0.0015680892052549744, -0.0015176452732337253, 0.002291234056405189, 0.007515915118723404, 0.009152062523362314, -0.0035779432975511227, 0.02249132020420519, -0.004279889441032858]","[0.10521207749843597, 0.0, 0.0, 0.0, 0.0, 0.0, 0.10521207749843597, 0.0, 0.0, 0.0, 0.0, 0.10521207749843597, 0.0, 0.0, 0.10521207749843597, 0.0, 0.0, 0.07405774295330048, 0.0, 0.10521207749843597, 0.0, 0.0, 0.09447672963142395, 0.0, 0.0, 0.09498099237680435, 0.0, 0.0, 0.10521207749843597, 0.10521207749843597]","[0.0, 4.444847198222881e-24, 0.0, 0.0, 1.1449232202639332e-22, 0.0, 1.1363565766047046e-22, 5.703348979079055e-23, 0.0, 2.242949802266565e-22, 0.0, 0.0, 1.0, 0.0, 0.0, 0.0, 0.0, 0.0, 0.0, 1.14265425175135e-22, 1.149802612003324e-22, 0.0, 0.0, 0.0, 0.0, 1.135558632983051e-22, 0.0, 0.0, 1.1328828290260483e-22, 0.0]","[0.0, 0.005759183163552375, 0.0, 0.0, 0.0024583741734616857, 0.0, 0.002185610477007399, 0.0021277154514704067, 0.0258411760910077, 0.0, 0.0, 0.014060157593896196, 0.8777431169323189, 0.00670586079474328, 0.0, 0.003131699093877167, 0.0, 0.0030288967819715683, 0.0019611548501763986, 0.0064312573303391294, 0.008185245271788419, 0.007111591010465876, 0.0027463149574464495, 0.007750575780678712, 0.0, 0.0, 0.00815548066914302, 0.006335651027696739, 0.008280938548958358, 0.0]","[0.10521207749843597, 0.0, 0.0, 0.0, 0.0, 0.0, 0.10521207749843597, 0.0, 0.0, 0.0, 0.0, 0.10521207749843597, 0.0, 0.0, 0.10521207749843597, 0.0, 0.0, 0.07405774295330048, 0.0, 0.10521207749843597, 0.0, 0.0, 0.09447672963142395, 0.0, 0.0, 0.09498099237680435, 0.0, 0.0, 0.10521207749843597, 0.10521207749843597]",0.003737187673989564
17,1.0179150737629556,"[0.9999081993097795, 0.9903905998689453, 1.0197858632872516, 1.0134064107200997, 1.0123037083647883, 1.0049877969062293, 1.0126456334937493, 1.0033784197859537, 0.9875485720115605, 0.9896686473995724, 1.0136646243811258, 0.9971648987004312, 0.9947245454706279, 0.9919669373878507, 1.0095437628942698, 1.011586183914107, 0.9985345720117708, 0.9992848916347421, 1.0058033880323891, 0.9966409342299202, 0.9760911828007336, 0.9938028237927543, 0.998431910794745, 0.9984823547267663, 1.0022912340564052, 1.0075159151187234, 1.0091520625233623, 0.9964220567024489, 1.0224913202042052, 0.9957201105589671]","[1.0082028241043675, 1.0242367073795917, 0.9923906561536358, 0.987802818416552, 1.0152369628992997, 1.009194198555296, 0.9922409635654938, 0.9611943484490247, 1.014419036369567, 1.0086845693331143, 0.9992267733121062, 0.9897326374497554, 1.0108175512809088, 1.002706341729208, 0.9958579736912915, 0.9888761932008967, 0.9997806595935151, 1.0157633779093838, 0.9851194014057526, 1.0235478200027144, 0.9981726619898293, 1.0162993422203053, 0.9897851591858148, 0.9994953552297107, 1.0181666013581658, 0.997359315577464, 0.9704257658383932, 1.0053617847721843, 0.978627382829111, 1.0182210485208387]","[0.008202824104367457, 0.024236707379591715, -0.007609343846364247, -0.012197181583447958, 0.015236962899299655, 0.009194198555295907, -0.00775903643450615, -0.03880565155097526, 0.014419036369567095, 0.008684569333114345, -0.0007732266878938132, -0.01026736255024463, 0.010817551280908777, 0.0027063417292079173, -0.004142026308708524, -0.011123806799103297, -0.00021934040648485809, 0.015763377909383758, -0.014880598594247396, 0.02354782000271438, -0.0018273380101706538, 0.01629934222030527, -0.010214840814185222, -0.0005046447702893309, 0.018166601358165835, -0.002640684422535955, -0.02957423416160676, 0.005361784772184297, -0.021372617170889008, 0.018221048520838723]","[0.10293255001306534, 0.0, 0.10293255001306534, 0.0, 0.0, 0.0, 0.08575422316789627, 0.0, 0.0, 0.10293255001306534, 0.09078539162874222, 0.0, 0.0, 0.0, 0.0, 0.0, 0.0, 0.10293255001306534, 0.0, 0.10293255001306534, 0.0, 0.0, 0.0, 0.10293255001306534, 0.10293255001306534, 0.10293255001306534, 0.0, 0.0, 0.0, 0.0]","[0.0, 0.0, 2.564289938491137e-24, 0.0, 0.0, -1.081809205520856e-22, 0.0, 0.0, 0.0, 0.0, 0.0, 0.0, 1.0, 0.0, 0.0, 0.0, 0.0, 0.0, -1.0685409716665537e-22, 3.663798758487798e-24, 0.0, -1.6383013019637693e-22, 2.8265077502023483e-24, 8.729614162467278e-23, 0.0, 0.0, 0.0, 0.0, 3.3538303456928955e-24, 3.470111518447408e-24]","[0.006806083496699693, 0.0, 0.0, 0.003262012984062428, 0.0, 0.003471613693855253, 0.0017927176806606664, 0.0, 0.0, 0.0, 0.0012087064965121954, 0.008262517032824464, 0.9270718474297209, 0.006968685896379582, 0.0, 0.0, 0.003673648434644904, 0.0, 0.0073733314984822185, 0.004687399833642272, 0.004294361119834611, 0.003999476028710828, 0.0, 0.0, 0.0, 0.0, 0.0067121838796753855, 0.0, 0.010415414494294726, 0.0]","[0.10293255001306534, 0.0, 0.10293255001306534, 0.0, 0.0, 0.0, 0.08575422316789627, 0.0, 0.0, 0.10293255001306534, 0.09078539162874222, 0.0, 0.0, 0.0, 0.0, 0.0, 0.0, 0.10293255001306534, 0.0, 0.10293255001306534, 0.0, 0.0, 0.0, 0.10293255001306534, 0.10293255001306534, 0.10293255001306534, 0.0, 0.0, 0.0, 0.0]",0.005422790028707798
18,1.0198809729208156,"[1.0082028241043675, 1.0242367073795917, 0.9923906561536358, 0.987802818416552, 1.0152369628992997, 1.009194198555296, 0.9922409635654938, 0.9611943484490247, 1.014419036369567, 1.0086845693331143, 0.9992267733121062, 0.9897326374497554, 1.0108175512809088, 1.002706341729208, 0.9958579736912915, 0.9888761932008967, 0.9997806595935151, 1.0157633779093838, 0.9851194014057526, 1.0235478200027144, 0.9981726619898293, 1.0162993422203053, 0.9897851591858148, 0.9994953552297107, 1.0181666013581658, 0.997359315577464, 0.9704257658383932, 1.0053617847721843, 0.978627382829111, 1.0182210485208387]","[0.985747459645925, 1.0126459681328517, 0.9960378135640816, 1.0039874869665475, 1.0076333534632658, 1.006534966953651, 1.0002841625314207, 0.9953348871630252, 0.9838166257145801, 0.9859892777896274, 0.9787390412359167, 0.9975816238523407, 1.004331251858508, 0.9977579029140314, 1.010929287847889, 0.9975468487083834, 0.9927323810904267, 0.9931868926535979, 1.0195703100004707, 0.9940450119904763, 0.982263225657675, 1.0132362727532271, 1.016858999342942, 0.9747417211254602, 1.0109526404322378, 0.995295460365857, 0.9995330866488056, 1.0141326444345937, 0.9847541071436261, 1.0152045062985788]","[-0.014252540354074972, 0.012645968132851682, -0.003962186435918391, 0.003987486966547493, 0.0076333534632657685, 0.006534966953650967, 0.00028416253142071746, -0.004665112836974794, -0.016183374285419938, -0.014010722210372584, -0.021260958764083293, -0.0024183761476592736, 0.004331251858507912, -0.002242097085968564, 0.010929287847889047, -0.0024531512916166065, -0.007267618909573281, -0.006813107346402059, 0.019570310000470714, -0.005954988009523654, -0.017736774342325012, 0.01323627275322714, 0.016858999342941994, -0.025258278874539797, 0.010952640432237759, -0.004704539634142968, -0.0004669133511944201, 0.014132644434593722, -0.0152458928563739, 0.015204506298578835]","[0.0, 0.1023608073592186, 0.0, 0.07875265926122665, 0.0, 0.0, 0.1023608073592186, 0.0, 0.1023608073592186, 0.1023608073592186, 0.0, 0.0, 0.0, 0.1023608073592186, 0.0, 0.0, 0.1023608073592186, 0.0, 0.0, 0.0, 0.0, 0.1023608073592186, 0.0, 0.0, 0.0, 0.0, 0.0, 0.1023608073592186, 0.0, 0.1023608073592186]","[2.258498866328126e-22, 3.7118708727756615e-24, 0.0, 0.0, 0.0, 2.2438537569917815e-22, 0.0, 0.0, 0.0, 0.0, 0.0, 0.0, 1.0, 0.0, 0.0, 0.0, 1.6915063185810115e-22, 2.243590135670179e-22, 0.0, 0.0, 0.0, 3.9077766445205834e-22, 0.0, 2.8095835972746215e-22, 2.250687823996574e-22, 2.2469721867043247e-22, 0.0, 0.0, 0.0, 0.0]","[0.00030368105689680127, 0.0, 0.0018421414024683762, 0.009529774626487844, 0.0, 0.0, 0.02122710401232952, 0.0, 0.0, 0.002836916510905495, 0.0, 0.018033232788949357, 0.8701022821907057, 0.007341295057358525, 0.0009286510844578767, 0.004045066601252204, 0.02032466983602245, 0.011344995531593864, 0.0, 0.004617624928247362, 0.0, 0.00536983298301672, 0.0, 0.0, 0.008717282896714317, 0.0, 0.0, 0.0, 0.01343544849259355, 0.0]","[0.0, 0.10236082226037979, 0.0, 0.07875266671180725, 0.0, 0.0, 0.10236082226037979, 0.0, 0.10236082226037979, 0.10236082226037979, 0.0, 0.0, 0.0, 0.10236082226037979, 0.0, 0.0, 0.10236082226037979, 0.0, 0.0, 0.0, 0.0, 0.10236082226037979, 0.0, 0.0, 0.0, 0.0, 0.0, 0.10236082226037979, 0.0, 0.10236082226037979]",0.0014734253265318994
19,1.0182995320601929,"[0.985747459645925, 1.0126459681328517, 0.9960378135640816, 1.0039874869665475, 1.0076333534632658, 1.006534966953651, 1.0002841625314207, 0.9953348871630252, 0.9838166257145801, 0.9859892777896274, 0.9787390412359167, 0.9975816238523407, 1.004331251858508, 0.9977579029140314, 1.010929287847889, 0.9975468487083834, 0.9927323810904267, 0.9931868926535979, 1.0195703100004707, 0.9940450119904763, 0.982263225657675, 1.0132362727532271, 1.016858999342942, 0.9747417211254602, 1.0109526404322378, 0.995295460365857, 0.9995330866488056, 1.0141326444345937, 0.9847541071436261, 1.0152045062985788]","[1.0022855540749396, 1.0130290360061744, 1.0068382625597843, 1.0095681386970183, 0.9857806362233483, 1.0088128834170587, 1.0120706450540355, 0.9896598576448727, 1.008107983798153, 1.005237867102806, 1.0051503461070666, 0.991946521133375, 1.0094372469736452, 0.9854609959291817, 1.0273095436067725, 1.0015449199579354, 1.0159781183567025, 0.9800873159837743, 0.9707005618626471, 1.0080906603247435, 0.9868622347999646, 0.9978812581545092, 0.9880828663206387, 1.0310434343072648, 1.0028302204605748, 1.0297847222471552, 0.9920410319442847, 0.9892690385346171, 1.0030636544342684, 1.021228474846411]","[0.0022855540749395775, 0.013029036006174444, 0.006838262559784258, 0.009568138697018336, -0.014219363776651672, 0.008812883417058659, 0.012070645054035545, -0.010340142355127258, 0.008107983798153029, 0.005237867102805938, 0.00515034610706655, -0.008053478866624997, 0.00943724697364523, -0.014539004070818318, 0.027309543606772513, 0.0015449199579353756, 0.015978118356702486, -0.0199126840162257, -0.029299438137352918, 0.008090660324743482, -0.0131377652000354, -0.002118741845490768, -0.011917133679361314, 0.03104343430726475, 0.002830220460574795, 0.029784722247155226, -0.007958968055715276, -0.010730961465382882, 0.0030636544342683703, 0.021228474846411105]","[0.0, 0.10461265593767166, 0.0, 0.0, 0.0, 0.0031520319171249866, 0.0, 0.1801106035709381, 0.03625142574310303, 0.171376571059227, 0.0, 0.0, 0.0, 0.0, 0.0, 0.0, 0.0, 0.12945742905139923, 0.0, 0.0, 0.0, 0.0, 0.07348886132240295, 0.0, 0.0, 0.0, 0.1199931651353836, 0.0, 0.09447599947452545, 0.08708130568265915]","[3.3837104556918023e-22, 3.3832731632522786e-22, 0.0, 0.0, 0.0, 4.473565631282981e-22, 0.0, 5.576648655733976e-22, 0.0, 0.0, 0.0, 0.0, 1.0, 0.0, 0.0, 4.490739549098066e-22, 4.476719632397744e-22, 0.0, 0.0, 0.0, 5.595206708092175e-22, 0.0, 0.0, 3.93171511168193e-22, 0.0, 0.0, 0.0, 0.0, 0.0, 4.481303773899761e-22]","[0.0054482369786096226, 0.0, 0.0, 0.0, 0.018406516608144064, 0.0, 0.009779449445944907, 0.0034692922126901, 0.006832396775351449, 0.005400546182595438, 0.012506331827212789, 0.003171787438085816, 0.9096073993598567, 0.0, 0.0, 0.0, 0.0035456428198092156, 0.0, 0.006054353372113326, 0.0, 0.0, 0.003936847793417461, 0.0, 0.00810691528076962, 0.0037342839053995675, 0.0, 0.0, 0.0, 0.0, 0.0]","[0.0, 0.10461265593767166, 0.0, 0.0, 0.0, 0.0031520319171249866, 0.0, 0.1801106035709381, 0.03625142574310303, 0.171376571059227, 0.0, 0.0, 0.0, 0.0, 0.0, 0.0, 0.0, 0.12945742905139923, 0.0, 0.0, 0.0, 0.0, 0.07348886132240295, 0.0, 0.0, 0.0, 0.1199931651353836, 0.0, 0.09447599947452545, 0.08708130568265915]",-0.0020257533586025677
20,1.0154399060461912,"[1.0022855540749396, 1.0130290360061744, 1.0068382625597843, 1.0095681386970183, 0.9857806362233483, 1.0088128834170587, 1.0120706450540355, 0.9896598576448727, 1.008107983798153, 1.005237867102806, 1.0051503461070666, 0.991946521133375, 1.0094372469736452, 0.9854609959291817, 1.0273095436067725, 1.0015449199579354, 1.0159781183567025, 0.9800873159837743, 0.9707005618626471, 1.0080906603247435, 0.9868622347999646, 0.9978812581545092, 0.9880828663206387, 1.0310434343072648, 1.0028302204605748, 1.0297847222471552, 0.9920410319442847, 0.9892690385346171, 1.0030636544342684, 1.021228474846411]","[1.000295741675832, 0.9857633316451803, 0.9932672187923139, 1.0054251125370013, 0.9916251298696872, 1.0311667642414544, 0.9895874644111253, 1.004693197441427, 1.005084540273877, 0.9918098022676122, 0.9963726756867566, 0.9862686273057654, 1.0228375890400987, 0.9922531767310477, 1.005895653859932, 1.005702923862137, 1.002051636974016, 1.0041668474146592, 0.9951030841332399, 0.9962267996361925, 0.9948913279565337, 1.0193247480705379, 0.9956481202666352, 0.9765820879019065, 1.0013408769058376, 1.0014777165301765, 0.9803396207700311, 0.9972209529870776, 1.00478787792396, 0.9904999145898652]","[0.0002957416758320175, -0.014236668354819737, -0.006732781207686056, 0.0054251125370012865, -0.008374870130312795, 0.03116676424145437, -0.010412535588874672, 0.004693197441427044, 0.005084540273877058, -0.008190197732387827, -0.0036273243132434185, -0.013731372694234634, 0.022837589040098694, -0.007746823268952263, 0.00589565385993196, 0.00570292386213711, 0.0020516369740160023, 0.004166847414659225, -0.00489691586676011, -0.0037732003638074607, -0.005108672043466322, 0.019324748070537856, -0.004351879733364816, -0.02341791209809352, 0.001340876905837618, 0.001477716530176476, -0.019660379229968883, -0.00277904701292242, 0.004787877923960071, -0.009500085410134806]","[0.107049860060215, 0.0, 0.0, 0.0, 0.1066640093922615, 0.0, 0.107049860060215, 0.0, 0.0, 0.0, 0.0, 0.107049860060215, 0.0, 0.107049860060215, 0.08029241859912872, 0.0, 0.0771745964884758, 0.0, 0.0, 0.0, 0.0, 0.107049860060215, 0.0, 0.0, 0.0, 0.0, 0.0, 0.10010088980197906, 0.0, 0.10051880031824112]","[-2.1863017362230145e-22, 0.0, 0.0, -1.0836895977299323e-22, 3.197024097093745e-24, 0.0, 0.0, 0.0, 0.0, 0.0, 0.0, 0.0, 1.0, 0.0, 1.936045079448065e-24, -2.188471098966881e-22, 0.0, 2.1105680685391983e-24, -2.1869830058993015e-22, 0.0, 0.0, -5.348481639749011e-23, 0.0, 0.0, 0.0, 0.0, -2.1889377414694214e-22, 0.0, 0.0, 0.0]","[0.014178480222940139, 0.0, 0.0, 0.0, 0.0125771304716168, 0.0, 0.010200673278042112, 0.0067919425854636225, 0.0, 0.0, 0.011980939010177761, 0.0, 0.8942677794377505, 0.0014682182346361437, 0.0009030642854418076, 0.0, 0.0007669866785063018, 0.0, 0.0, 0.0, 0.006980510684609863, 0.0046246161657635745, 0.003629243465569621, 0.009626172992190712, 0.0, 0.007246960951938384, 0.0, 0.00521532475347445, 0.004328861929410996, 0.005213094852466944]","[0.107049860060215, 0.0, 0.0, 0.0, 0.1066640093922615, 0.0, 0.107049860060215, 0.0, 0.0, 0.0, 0.0, 0.107049860060215, 0.0, 0.107049860060215, 0.08029241859912872, 0.0, 0.0771745964884758, 0.0, 0.0, 0.0, 0.0, 0.107049860060215, 0.0, 0.0, 0.0, 0.0, 0.0, 0.10010088980197906, 0.0, 0.10051880031824112]",-0.003174738427681305
21,1.0165649419353366,"[1.000295741675832, 0.9857633316451803, 0.9932672187923139, 1.0054251125370013, 0.9916251298696872, 1.0311667642414544, 0.9895874644111253, 1.004693197441427, 1.005084540273877, 0.9918098022676122, 0.9963726756867566, 0.9862686273057654, 1.0228375890400987, 0.9922531767310477, 1.005895653859932, 1.005702923862137, 1.002051636974016, 1.0041668474146592, 0.9951030841332399, 0.9962267996361925, 0.9948913279565337, 1.0193247480705379, 0.9956481202666352, 0.9765820879019065, 1.0013408769058376, 1.0014777165301765, 0.9803396207700311, 0.9972209529870776, 1.00478787792396, 0.9904999145898652]","[1.0002639341536654, 1.017940850914959, 1.0179531157731312, 0.9981628244224632, 1.0169893555917524, 0.9911462495755928, 0.9810436700521942, 1.0060370093763555, 1.00972422241412, 0.9927164018699539, 0.9937881127104211, 1.014003107741992, 1.0008846493946788, 0.9987751140858736, 1.0159126985202478, 1.0052930651445067, 1.002498672504951, 0.9879500371969615, 0.999177960233253, 1.002148808371027, 0.9789183224171214, 0.9845620295840669, 1.0073745959991154, 1.009177011813165, 1.027375612496397, 1.0020538084692459, 0.9978252226985488, 1.0119216178048978, 1.0035501446095911, 1.0045413256221876]","[0.00026393415366543493, 0.017940850914959006, 0.01795311577313119, -0.0018371755775368204, 0.01698935559175241, -0.00885375042440717, -0.018956329947805828, 0.00603700937635554, 0.009724222414120076, -0.007283598130046087, -0.006211887289578888, 0.014003107741991982, 0.0008846493946788048, -0.0012248859141263946, 0.015912698520247792, 0.00529306514450667, 0.0024986725049509495, -0.012049962803038494, -0.0008220397667469959, 0.0021488083710270445, -0.0210816775828786, -0.015437970415933089, 0.007374595999115385, 0.009177011813165104, 0.027375612496397084, 0.0020538084692458547, -0.002174777301451214, 0.011921617804897755, 0.0035501446095911326, 0.004541325622187564]","[0.07043434679508209, 0.0, 0.0, 0.0, 0.0, 0.0, 0.0, 0.11532385647296906, 0.0, 0.11404383927583694, 0.11532385647296906, 0.0, 0.0, 0.08321809768676758, 0.11532385647296906, 0.0, 0.0, 0.0, 0.0, 0.09601223468780518, 0.08058763295412064, 0.09440845251083374, 0.0, 0.0, 0.11532385647296906, 0.0, 0.0, 0.0, 0.0, 0.0]","[0.0, 0.0, 0.0, 0.0, 1.1572591582399591e-22, 0.0, 4.025387378544046e-24, 0.0, 0.0, 2.8394557155887054e-24, 0.0, 0.0, 1.0, 1.1393825565030176e-22, 1.1386238904507242e-22, 0.0, 0.0, 1.1403014208842321e-22, 0.0, 1.1483901755653062e-22, 0.0, 0.0, 0.0, 0.0, 4.183433016988448e-24, 0.0, 1.159622244791883e-22, 0.0, 0.0, 0.0]","[0.004244908282117275, 0.004512007808514677, 0.0, 0.0052891997196946846, 0.0008264091323784492, 0.00077698818771376, 0.0014427112293642535, 0.0011471439422373244, 0.0, 0.026163631311798368, 0.0, 0.0, 0.911179238584237, 0.0007720384851985523, 0.007215879453971432, 0.0, 0.0, 0.0, 0.017447044447905194, 0.0012701188313450713, 0.009668392587284145, 0.0023463075682455285, 0.0, 0.0, 0.0, 0.0, 0.0029053212740357145, 0.0, 0.0027926591539584335, 0.0]","[0.0704343393445015, 0.0, 0.0, 0.0, 0.0, 0.0, 0.0, 0.11532384157180786, 0.0, 0.11404382437467575, 0.11532384157180786, 0.0, 0.0, 0.08321809023618698, 0.11532384157180786, 0.0, 0.0, 0.0, 0.0, 0.09601221978664398, 0.08058762550354004, 0.09440843760967255, 0.0, 0.0, 0.11532384157180786, 0.0, 0.0, 0.0, 0.0, 0.0]",0.0006573896332211324
22,1.0124480337485386,"[1.0002639341536654, 1.017940850914959, 1.0179531157731312, 0.9981628244224632, 1.0169893555917524, 0.9911462495755928, 0.9810436700521942, 1.0060370093763555, 1.00972422241412, 0.9927164018699539, 0.9937881127104211, 1.014003107741992, 1.0008846493946788, 0.9987751140858736, 1.0159126985202478, 1.0052930651445067, 1.002498672504951, 0.9879500371969615, 0.999177960233253, 1.002148808371027, 0.9789183224171214, 0.9845620295840669, 1.0073745959991154, 1.009177011813165, 1.027375612496397, 1.0020538084692459, 0.9978252226985488, 1.0119216178048978, 1.0035501446095911, 1.0045413256221876]","[0.9928231921028854, 1.0012956960409862, 0.9978693501548398, 0.9954636948521856, 0.9824232180034332, 1.0109540315953887, 0.9950223928447032, 0.9754978766503702, 0.989801488455116, 0.9872149823461915, 1.0022779110478326, 1.0123486392466154, 1.0054667258879213, 1.001086649251513, 0.9893747277825611, 0.980980908853406, 0.9948746699323221, 0.9861483950906086, 0.9715694776992314, 0.9885592258869593, 0.994165347919883, 1.0138422452349756, 1.0174920044865314, 0.9908289072583542, 0.9954350184854904, 0.9981129119307888, 0.9994582334740094, 0.987670800330923, 0.998605270270953, 1.0006273459485813]","[-0.007176807897114612, 0.0012956960409862273, -0.002130649845160204, -0.004536305147814446, -0.01757678199656676, 0.010954031595388658, -0.004977607155296826, -0.024502123349629756, -0.010198511544884048, -0.012785017653808461, 0.0022779110478325926, 0.012348639246615445, 0.005466725887921298, 0.0010866492515129167, -0.01062527221743892, -0.019019091146593947, -0.005125330067677902, -0.013851604909391413, -0.02843052230076859, -0.011440774113040675, -0.00583465208011702, 0.01384224523497557, 0.01749200448653143, -0.009171092741645848, -0.00456498151450957, -0.001887088069211229, -0.0005417665259905835, -0.012329199669076973, -0.001394729729046973, 0.0006273459485812705]","[0.0, 0.042844612151384354, 0.07689023017883301, 0.12266094982624054, 0.0, 0.0, 0.10749463737010956, 0.0, 0.0, 0.13022099435329437, 0.13574518263339996, 0.0, 0.0, 0.0, 0.0, 0.0, 0.0, 0.0, 0.0, 0.0, 0.13574518263339996, 0.0, 0.0, 0.0, 0.13574518263339996, 0.0, 0.08730274438858032, 0.0, 0.025350315496325493, 0.0]","[1.1433808491595469e-22, 0.0, 1.1347350162530155e-22, 0.0, 0.0, 0.0, 0.0, 0.0, 2.2397751651976336e-22, 0.0, 0.0, 0.0, 1.0, 0.0, 1.1316482743742927e-22, 0.0, 1.6897299609167075e-22, 0.0, 1.1440851783186142e-22, 1.1374513184183697e-22, 1.1377406469912402e-22, 0.0, 0.0, 0.0, 1.695807777694099e-22, 0.0, 0.0, 0.0, 0.0, 0.0]","[0.0015070813024382112, 0.0, 0.0, 0.0, 0.0016795104172419644, 0.0, 0.001518376239181609, 0.0, 0.0, 0.01210009722391988, 0.0, 0.004362822237170514, 0.9346399685583364, 0.0, 0.016264732570394586, 0.0, 0.0, 0.0, 0.0, 0.0, 0.0, 0.0, 0.0, 0.0, 0.013303687864140686, 0.0, 0.004318180436744615, 0.005091162027519761, 0.001287909721784832, 0.003926471401126773]","[0.0, 0.042844612151384354, 0.07689023017883301, 0.12266094982624054, 0.0, 0.0, 0.10749463737010956, 0.0, 0.0, 0.13022099435329437, 0.13574518263339996, 0.0, 0.0, 0.0, 0.0, 0.0, 0.0, 0.0, 0.0, 0.0, 0.13574518263339996, 0.0, 0.0, 0.0, 0.13574518263339996, 0.0, 0.08730274438858032, 0.0, 0.025350315496325493, 0.0]",-0.004517273421643388
23,1.0165259693893536,"[0.9928231921028854, 1.0012956960409862, 0.9978693501548398, 0.9954636948521856, 0.9824232180034332, 1.0109540315953887, 0.9950223928447032, 0.9754978766503702, 0.989801488455116, 0.9872149823461915, 1.0022779110478326, 1.0123486392466154, 1.0054667258879213, 1.001086649251513, 0.9893747277825611, 0.980980908853406, 0.9948746699323221, 0.9861483950906086, 0.9715694776992314, 0.9885592258869593, 0.994165347919883, 1.0138422452349756, 1.0174920044865314, 0.9908289072583542, 0.9954350184854904, 0.9981129119307888, 0.9994582334740094, 0.987670800330923, 0.998605270270953, 1.0006273459485813]","[0.9897348052018673, 1.0049789790525179, 0.998186129872375, 1.0005645555168523, 0.9995983611771666, 1.000036710038401, 0.9837323976648846, 1.010201167299851, 1.003193303982444, 1.0015627349843266, 1.0015285151775088, 0.9924873407026912, 0.9848548292455089, 0.999798217065062, 1.0065504036809965, 1.0021079350358189, 0.994755065740213, 0.9914815767743524, 1.0132933079475457, 1.0142570852217703, 0.9997867894662256, 1.0037289013629715, 0.9870689776086009, 0.9854627295514194, 1.0300483586575844, 0.9999686689569578, 1.0097380543202152, 1.0266820211693983, 1.0185416067973123, 0.9979989761655074]","[-0.010265194798132704, 0.004978979052517873, -0.0018138701276250169, 0.0005645555168523053, -0.00040163882283339447, 3.671003840111098e-05, -0.016267602335115372, 0.010201167299850988, 0.0031933039824441067, 0.0015627349843265748, 0.001528515177508849, -0.007512659297308821, -0.015145170754491066, -0.0002017829349379996, 0.006550403680996464, 0.002107935035818853, -0.005244934259787004, -0.008518423225647553, 0.013293307947545685, 0.014257085221770271, -0.00021321053377443278, 0.0037289013629715484, -0.012931022391399094, -0.014537270448580553, 0.030048358657584373, -3.133104304220424e-05, 0.00973805432021524, 0.02668202116939833, 0.018541606797312316, -0.0020010238344926323]","[0.0, 0.10000000894069672, 0.0, 0.10000000894069672, 0.0, 0.0, 0.0, 0.10000000894069672, 0.10000000894069672, 0.0, 0.0, 0.0, 0.0, 0.0, 0.0, 0.0, 0.10000000894069672, 0.10000000894069672, 0.0, 0.10000000894069672, 0.0, 0.10000000894069672, 0.10000000894069672, 0.0, 0.10000000894069672, 0.0, 0.0, 0.0, 0.0, 0.0]","[0.0, 1.15162017131804e-22, 0.0, 0.0, 3.801983282899306e-24, 0.0, 0.0, 0.0, 0.0, 0.0, 0.0, 0.0, 1.0, 0.0, 0.0, 1.1444339992680603e-22, 0.0, 0.0, 0.0, 0.0, 2.250059592489618e-22, 0.0, 0.0, 2.2595254562295176e-22, 0.0, 1.136525426180121e-22, 3.752610303082366e-24, 1.1324049500319146e-22, 2.2476973437018125e-22, 0.0]","[0.0019831617149395943, 0.0, 0.0, 0.0, 0.0, 0.0, 0.0006275844156631315, 0.0015088108423338149, 0.012161322119744277, 0.0027631730174207405, 0.002502345174764686, 0.0009539690543278745, 0.8972942784149622, 0.0018151593809053578, 0.0, 0.0, 0.0016555959771016664, 0.008884724725681737, 0.006534013982913364, 0.013164902909627284, 0.0, 0.0, 0.01158172309702464, 0.0, 0.015473038164322614, 0.013135019857825518, 0.0002748153106804212, 0.0, 0.00089958115208394, 0.006786780687677001]","[0.0, 0.10000000894069672, 0.0, 0.10000000894069672, 0.0, 0.0, 0.0, 0.10000000894069672, 0.10000000894069672, 0.0, 0.0, 0.0, 0.0, 0.0, 0.0, 0.0, 0.10000000894069672, 0.10000000894069672, 0.0, 0.10000000894069672, 0.0, 0.10000000894069672, 0.10000000894069672, 0.0, 0.10000000894069672, 0.0, 0.0, 0.0, 0.0, 0.0]",0.003639923701434773
24,1.0150706518470989,"[0.9897348052018673, 1.0049789790525179, 0.998186129872375, 1.0005645555168523, 0.9995983611771666, 1.000036710038401, 0.9837323976648846, 1.010201167299851, 1.003193303982444, 1.0015627349843266, 1.0015285151775088, 0.9924873407026912, 0.9848548292455089, 0.999798217065062, 1.0065504036809965, 1.0021079350358189, 0.994755065740213, 0.9914815767743524, 1.0132933079475457, 1.0142570852217703, 0.9997867894662256, 1.0037289013629715, 0.9870689776086009, 0.9854627295514194, 1.0300483586575844, 0.9999686689569578, 1.0097380543202152, 1.0266820211693983, 1.0185416067973123, 0.9979989761655074]","[0.9991706395687306, 0.9968097965328279, 1.0080016900819195, 0.9896855941050915, 0.9955816830428412, 1.0025236258041015, 0.9922793501850972, 1.0037329796505834, 1.0102192595181116, 0.9889877762356801, 1.0132513755847565, 1.00171522957651, 1.0006098794169997, 1.0066071053199, 0.9978924309227302, 0.9893349857641139, 0.9998796597058599, 1.0142718282974221, 1.0037143023963522, 0.999560065593756, 0.9814902930200791, 1.0139515584894516, 0.9988892972777832, 1.0145474225015603, 0.9791551349760667, 0.9933992377526599, 0.9884380863584581, 0.9886336551881201, 1.003322316230912, 0.9751953703191242]","[-0.0008293604312693548, -0.003190203467172137, 0.008001690081919532, -0.010314405894908507, -0.004418316957158774, 0.0025236258041014814, -0.007720649814902836, 0.00373297965058339, 0.010219259518111645, -0.011012223764319873, 0.01325137558475653, 0.0017152295765099357, 0.0006098794169997479, 0.006607105319899942, -0.002107569077269833, -0.010665014235886061, -0.00012034029414009773, 0.014271828297422129, 0.003714302396352176, -0.0004399344062440136, -0.018509706979920937, 0.013951558489451621, -0.0011107027222168053, 0.01454742250156027, -0.020844865023933346, -0.006600762247340075, -0.01156191364154191, -0.011366344811879925, 0.003322316230911948, -0.024804629680875823]","[0.10000000894069672, 0.0, 0.0, 0.0, 0.0, 0.0, 0.10000000894069672, 0.0, 0.0, 0.10000000894069672, 0.0, 0.0, 0.10000000894069672, 0.0, 0.10000000894069672, 0.0, 0.10000000894069672, 0.10000000894069672, 0.0, 0.0, 0.0, 0.0, 0.10000000894069672, 0.10000000894069672, 0.10000000894069672, 0.0, 0.0, 0.0, 0.0, 0.0]","[1.153896422865671e-22, 0.0, 0.0, 0.0, 1.1596280564472683e-22, 0.0, 0.0, 0.0, 0.0, 3.1237200972705525e-24, 0.0, 0.0, 1.0, 1.1432557713495344e-22, 0.0, 0.0, 3.3117658447695735e-24, 0.0, 0.0, 0.0, 0.0, 1.1362438453306755e-22, 1.1421474583549604e-22, 4.3916774000542335e-24, 0.0, 0.0, 0.0, 0.0, 0.0, 3.957045621963485e-24]","[0.011587974703888263, 0.0, 0.0, 0.0, 0.010262903355560305, 0.0, 0.01823681019271597, 0.004604764864731528, 0.0014055553050214508, 0.006479520967054384, 0.0, 0.007263181840594638, 0.8875191785233412, 0.0, 0.005494862285344617, 0.00555965607353943, 0.0, 0.0, 0.012698064364565312, 0.0, 3.902114007330757e-05, 0.012225857900320877, 0.0, 0.011070331322332169, 0.0, 0.0, 0.005552317160916378, 0.0, 0.0, 0.0]","[0.09999999403953552, 0.0, 0.0, 0.0, 0.0, 0.0, 0.09999999403953552, 0.0, 0.0, 0.09999999403953552, 0.0, 0.0, 0.09999999403953552, 0.0, 0.09999999403953552, 0.0, 0.09999999403953552, 0.09999999403953552, 0.0, 0.0, 0.0, 0.0, 0.09999999403953552, 0.09999999403953552, 0.09999999403953552, 0.0, 0.0, 0.0, 0.0, 0.0]",-0.0018589996228236248
25,1.0157719822217772,"[0.9991706395687306, 0.9968097965328279, 1.0080016900819195, 0.9896855941050915, 0.9955816830428412, 1.0025236258041015, 0.9922793501850972, 1.0037329796505834, 1.0102192595181116, 0.9889877762356801, 1.0132513755847565, 1.00171522957651, 1.0006098794169997, 1.0066071053199, 0.9978924309227302, 0.9893349857641139, 0.9998796597058599, 1.0142718282974221, 1.0037143023963522, 0.999560065593756, 0.9814902930200791, 1.0139515584894516, 0.9988892972777832, 1.0145474225015603, 0.9791551349760667, 0.9933992377526599, 0.9884380863584581, 0.9886336551881201, 1.003322316230912, 0.9751953703191242]","[1.0143732916798285, 1.007385681278206, 1.007195935332554, 1.0016735566661177, 0.9993094528076164, 1.0076613583977987, 0.9935654702421453, 1.003645001995679, 0.9772561655340282, 1.0047560858293876, 0.9888841042685197, 0.9953887514324185, 1.010024982157471, 1.0067261637712577, 0.9994783601605788, 0.9803205930323655, 0.9949516058036407, 0.9808897891118218, 0.9861725735096358, 0.9798271097947727, 0.991898334566065, 1.0090348384678889, 1.01108751952719, 1.0038894838469286, 0.9981603874367446, 0.9896203335256718, 0.9858219929540636, 1.010876533766061, 1.0127348037946824, 1.0107384439540856]","[0.014373291679828482, 0.007385681278206047, 0.0071959353325539155, 0.0016735566661176815, -0.0006905471923835949, 0.00766135839779869, -0.006434529757854746, 0.003645001995679076, -0.022743834465971835, 0.00475608582938758, -0.011115895731480308, -0.0046112485675815496, 0.01002498215747094, 0.006726163771257676, -0.0005216398394212174, -0.019679406967634483, -0.005048394196359274, -0.019110210888178214, -0.01382742649036417, -0.02017289020522728, -0.00810166543393498, 0.009034838467888884, 0.011087519527190004, 0.003889483846928554, -0.0018396125632553773, -0.010379666474328197, -0.014178007045936414, 0.010876533766061014, 0.012734803794682392, 0.01073844395408563]","[0.10984832793474197, 0.07706017792224884, 0.0, 0.0, 0.0, 0.0, 0.0, 0.0, 0.0, 0.10984832793474197, 0.0, 0.0, 0.0, 0.0, 0.10667339712381363, 0.0, 0.10984832793474197, 0.10984832793474197, 0.0, 0.0, 0.0, 0.0, 0.0, 0.0, 0.04732817783951759, 0.0, 0.10984832793474197, 0.10984832793474197, 0.0, 0.10984832793474197]","[1.1542698513141645e-22, 2.828254390459462e-22, 0.0, 0.0, 0.0, 0.0, 0.0, 0.0, 2.252460541406764e-22, 0.0, 0.0, 0.0, 1.0, 0.0, 0.0, 0.0, 0.0, 0.0, 1.162957631159774e-22, 1.1554858019448804e-22, 0.0, 0.0, 0.0, 1.155232467092148e-22, 1.716708023068479e-22, 0.0, 1.1623758198030071e-22, 0.0, 1.1550753845789132e-22, 0.0]","[0.0, 0.00880561570635879, 0.0006988827151156494, 0.004720026478551072, 0.002063165101073105, 0.0013928684512103451, 0.0, 0.008574916635654135, 0.0, 0.01197875626490023, 0.0, 0.0, 0.8968072873227486, 0.0, 0.0, 0.0, 0.003940527231157398, 0.010165298624564984, 0.00415011028012133, 0.0002764392259031124, 0.0, 0.0027511821652097565, 0.0, 0.0, 0.004439716766033657, 0.010876451432958853, 0.0, 0.004184306347417173, 0.015590786894302669, 0.008583662356719243]","[0.10984831303358078, 0.07706017047166824, 0.0, 0.0, 0.0, 0.0, 0.0, 0.0, 0.0, 0.10984831303358078, 0.0, 0.0, 0.0, 0.0, 0.10667338222265244, 0.0, 0.10984831303358078, 0.10984831303358078, 0.0, 0.0, 0.0, 0.0, 0.0, 0.0, 0.047328170388936996, 0.0, 0.10984831303358078, 0.10984831303358078, 0.0, 0.10984831303358078]",0.00029051538671858574
26,1.0123932348859082,"[1.0143732916798285, 1.007385681278206, 1.007195935332554, 1.0016735566661177, 0.9993094528076164, 1.0076613583977987, 0.9935654702421453, 1.003645001995679, 0.9772561655340282, 1.0047560858293876, 0.9888841042685197, 0.9953887514324185, 1.010024982157471, 1.0067261637712577, 0.9994783601605788, 0.9803205930323655, 0.9949516058036407, 0.9808897891118218, 0.9861725735096358, 0.9798271097947727, 0.991898334566065, 1.0090348384678889, 1.01108751952719, 1.0038894838469286, 0.9981603874367446, 0.9896203335256718, 0.9858219929540636, 1.010876533766061, 1.0127348037946824, 1.0107384439540856]","[1.0163683962029981, 0.999400786878274, 1.0073663583966013, 1.0227446452841376, 0.9938602904313389, 1.000909895430484, 1.0011846920999985, 0.9830083408252546, 0.9953795666064913, 0.9876329335921368, 0.9857709941764898, 0.9806617254868041, 0.9779259129348211, 0.9902756203714914, 0.9983514996091628, 1.0030566945798027, 1.0047484336860066, 1.0004243917688163, 0.9861183340280528, 0.9699348345391292, 1.0156659119702887, 1.0083866080824873, 0.97901792033189, 0.9962012038344329, 0.9938680857638313, 0.9970755021936111, 0.9876682145979276, 1.005105042155049, 1.00275644172121, 0.9981760925548854]","[0.016368396202998126, -0.00059921312172595, 0.007366358396601269, 0.022744645284137555, -0.006139709568661056, 0.0009098954304840312, 0.0011846920999984967, -0.016991659174745433, -0.004620433393508705, -0.012367066407863225, -0.014229005823510166, -0.01933827451319592, -0.022074087065178882, -0.009724379628508584, -0.0016485003908371931, 0.0030566945798027323, 0.004748433686006637, 0.00042439176881625684, -0.013881665971947177, -0.03006516546087079, 0.01566591197028866, 0.008386608082487257, -0.020982079668110054, -0.0037987961655671088, -0.006131914236168656, -0.002924497806388926, -0.01233178540207236, 0.005105042155048922, 0.0027564417212100345, -0.0018239074451146253]","[0.1250956505537033, 0.0, 0.0, 0.0, 0.0, 0.0, 0.0, 0.1250956505537033, 0.0, 0.0, 0.0, 0.0, 0.0, 0.0, 0.0, 0.07842334359884262, 0.1250956505537033, 0.11741597205400467, 0.0, 0.07900319248437881, 0.0, 0.10897272825241089, 0.06425360590219498, 0.0, 0.0, 0.0, 0.11991305649280548, 0.0, 0.05673115700483322, 0.0]","[0.0, 0.0, 3.9225016486417027e-22, 0.0, 3.3822802177138267e-22, 3.355778368241601e-22, 0.0, 0.0, 2.255547483613016e-22, 2.252278612794873e-22, 0.0, 3.373642448414046e-22, 1.0, 0.0, 0.0, 0.0, 0.0, 0.0, 1.1659205629834257e-22, 0.0, 5.594054198487459e-22, 0.0, 0.0, 0.0, 0.0, 0.0, 0.0, 2.2606853076640713e-22, 0.0, 0.0]","[0.0, 0.008035393030255225, 0.0, 0.0015900321399057594, 0.004543749900002991, 0.003408109353494053, 0.0, 0.0, 0.0, 0.009249827811015049, 0.0008362516387626152, 0.0031753978874629434, 0.9057741049604796, 0.0, 0.005237694871607623, 0.0, 0.0, 0.0031357094706075156, 0.013423026197094332, 0.009504122830329241, 0.0, 0.0, 0.0, 0.01269832076364798, 0.009663118152518935, 0.0, 0.0, 0.009725140992816197, 0.0, 0.0]","[0.1250956505537033, 0.0, 0.0, 0.0, 0.0, 0.0, 0.0, 0.1250956505537033, 0.0, 0.0, 0.0, 0.0, 0.0, 0.0, 0.0, 0.07842334359884262, 0.1250956505537033, 0.11741597205400467, 0.0, 0.07900319248437881, 0.0, 0.10897272825241089, 0.06425360590219498, 0.0, 0.0, 0.0, 0.11991305649280548, 0.0, 0.05673115700483322, 0.0]",-0.003729805325986914
27,1.021248624821111,"[1.0163683962029981, 0.999400786878274, 1.0073663583966013, 1.0227446452841376, 0.9938602904313389, 1.000909895430484, 1.0011846920999985, 0.9830083408252546, 0.9953795666064913, 0.9876329335921368, 0.9857709941764898, 0.9806617254868041, 0.9779259129348211, 0.9902756203714914, 0.9983514996091628, 1.0030566945798027, 1.0047484336860066, 1.0004243917688163, 0.9861183340280528, 0.9699348345391292, 1.0156659119702887, 1.0083866080824873, 0.97901792033189, 0.9962012038344329, 0.9938680857638313, 0.9970755021936111, 0.9876682145979276, 1.005105042155049, 1.00275644172121, 0.9981760925548854]","[0.9891271238910867, 0.9763331646644662, 0.997988979525925, 1.0205152818409589, 1.0121075254458622, 0.9869826852514321, 0.9832780221933234, 0.994943961188744, 1.0064576111391519, 0.9917731342202306, 1.0162984509401107, 1.006792798613902, 1.0215527540772893, 1.0053791566525279, 1.005632868769304, 1.0079661825436759, 0.985528433943149, 0.985281192305842, 0.9918789037004266, 0.9868946239644316, 1.016875456849117, 1.0142466226316706, 1.0192732783414058, 1.0165134423808826, 0.970636242935802, 0.9941868605650798, 0.9965782801920918, 1.0175625566611117, 0.9907472689678962, 1.0011780728899515]","[-0.010872876108913299, -0.02366683533553382, -0.002011020474074976, 0.020515281840958854, 0.012107525445862244, -0.013017314748567932, -0.016721977806676613, -0.005056038811256047, 0.0064576111391518864, -0.008226865779769388, 0.01629845094011073, 0.006792798613902029, 0.021552754077289293, 0.005379156652527861, 0.0056328687693039114, 0.00796618254367587, -0.01447156605685096, -0.01471880769415801, -0.00812109629957336, -0.013105376035568383, 0.016875456849116954, 0.014246622631670647, 0.019273278341405797, 0.016513442380882593, -0.029363757064198026, -0.005813139434920234, -0.0034217198079081745, 0.017562556661111728, -0.009252731032103778, 0.0011780728899515314]","[0.07685375213623047, 0.0, 0.0, 0.0, 0.0, 0.0, 0.0, 0.0, 0.10493762791156769, 0.0, 0.10493762791156769, 0.10493762791156769, 0.10493762791156769, 0.0, 0.10493762791156769, 0.10493762791156769, 0.0, 0.0, 0.0, 0.0, 0.10493762791156769, 0.0, 0.0, 0.08364526927471161, 0.0, 0.0, 0.10493762791156769, 0.0, 0.0, 0.0]","[1.1815279382872457e-22, 2.848740419024094e-22, 0.0, 1.1759672991507254e-22, 0.0, 0.0, 0.0, 0.0, 0.0, 0.0, 0.0, 0.0, 1.0, 0.0, 0.0, 0.0, 0.0, 0.0, 3.4008953393205816e-22, 0.0, 1.1815438028963473e-22, 0.0, 0.0, 3.9486980065822957e-22, 0.0, 0.0, 3.40246518564911e-22, 1.169898362605196e-22, 1.1769912783539292e-22, 0.0]","[0.01349856894068148, 0.005489689628338192, 0.0029429309789407924, 0.0, 0.0, 0.009034081741860654, 0.0, 0.0, 0.0, 0.007530129601391004, 0.003323814693309279, 0.0, 0.9038077229850298, 0.011004995830230868, 0.003503012842053825, 0.0035347558057116832, 0.006812295009162181, 0.0, 0.0018466051928365148, 0.0, 0.0021247299935035703, 0.0017344411200857365, 0.0, 0.0049429329445063045, 0.0, 0.0, 0.007771164275111259, 1.8585962331011718e-05, 0.0020282022246104433, 0.009051340230305398]","[0.07685374468564987, 0.0, 0.0, 0.0, 0.0, 0.0, 0.0, 0.0, 0.1049376130104065, 0.0, 0.1049376130104065, 0.1049376130104065, 0.1049376130104065, 0.0, 0.1049376130104065, 0.1049376130104065, 0.0, 0.0, 0.0, 0.0, 0.1049376130104065, 0.0, 0.0, 0.08364526182413101, 0.0, 0.0, 0.1049376130104065, 0.0, 0.0, 0.0]",0.008232558624082719
28,1.020516925021677,"[0.9891271238910867, 0.9763331646644662, 0.997988979525925, 1.0205152818409589, 1.0121075254458622, 0.9869826852514321, 0.9832780221933234, 0.994943961188744, 1.0064576111391519, 0.9917731342202306, 1.0162984509401107, 1.006792798613902, 1.0215527540772893, 1.0053791566525279, 1.005632868769304, 1.0079661825436759, 0.985528433943149, 0.985281192305842, 0.9918789037004266, 0.9868946239644316, 1.016875456849117, 1.0142466226316706, 1.0192732783414058, 1.0165134423808826, 0.970636242935802, 0.9941868605650798, 0.9965782801920918, 1.0175625566611117, 0.9907472689678962, 1.0011780728899515]","[0.9918282597075209, 0.9959460198992471, 0.9777757796124189, 0.9952973526933337, 0.977977402591556, 0.9916069408004777, 0.9745764092336546, 1.0100381975099009, 1.0019219548511165, 0.9951563176709457, 1.0009402539068437, 1.0037196797958805, 1.0045890860266724, 1.0157256875864162, 0.9824049704534951, 1.0157985571554107, 0.9863315182590164, 0.9821621651711334, 1.0110359510223947, 1.0001559600573986, 1.0038789485616733, 0.9805618058218294, 0.9879688106275365, 0.9892825219576648, 1.0058511411653155, 1.0267465239943168, 1.0100981789585541, 1.002768659895361, 1.02070978850072, 1.0267829091271454]","[-0.008171740292479135, -0.004053980100752863, -0.022224220387581095, -0.004702647306666252, -0.022022597408444033, -0.008393059199522268, -0.025423590766345372, 0.01003819750990087, 0.0019219548511164586, -0.0048436823290543, 0.0009402539068437132, 0.003719679795880504, 0.0045890860266724065, 0.015725687586416237, -0.017595029546504937, 0.015798557155410675, -0.013668481740983562, -0.017837834828866583, 0.011035951022394741, 0.00015596005739859642, 0.0038789485616732566, -0.01943819417817061, -0.012031189372463502, -0.010717478042335249, 0.005851141165315488, 0.026746523994316762, 0.010098178958554138, 0.002768659895360903, 0.020709788500719917, 0.026782909127145427]","[0.1232948824763298, 0.0, 0.06403566896915436, 0.1232948824763298, 0.0, 0.0, 0.0, 0.0, 0.0, 0.0, 0.0, 0.11971104890108109, 0.0, 0.05453703925013542, 0.06560850888490677, 0.07963331788778305, 0.1232948824763298, 0.0, 0.0, 0.1232948824763298, 0.0, 0.0, 0.0, 0.0, 0.0, 0.0, 0.0, 0.0, 0.1232948824763298, 0.0]","[0.0, 0.0, 0.0, 3.377576296342333e-22, 2.2709505920444096e-22, 0.0, 2.2644862167526103e-22, 0.0, 0.0, 0.0, 0.0, 2.260213920502149e-22, 1.0, 0.0, 1.7047603142663465e-22, 0.0, 0.0, 2.263151289318982e-22, 0.0, 2.2660147350897224e-22, 0.0, 0.0, 0.0, 1.7116333447136214e-22, 0.0, 0.0, 2.2751581385301406e-22, 0.0, 0.0, 0.0]","[0.0, 0.008224585981444082, 0.00029174033399783223, 0.0005442702632050495, 0.0, 0.002349011981224039, 0.0014698830570654628, 0.0, 0.008470510947047115, 0.004729932018512008, 0.0, 0.008056217160364454, 0.9106291688939735, 0.0, 0.0, 0.0, 0.023662117317801257, 0.0, 0.0, 0.0020705343490026594, 0.0, 0.0, 0.00886001669988294, 0.007187091707295212, 0.008475010554953578, 0.0030716450353644917, 0.0011053906059533183, 0.0, 0.0, 0.0008028730929129045]","[0.1232948824763298, 0.0, 0.06403566896915436, 0.1232948824763298, 0.0, 0.0, 0.0, 0.0, 0.0, 0.0, 0.0, 0.11971104890108109, 0.0, 0.05453703925013542, 0.06560850888490677, 0.07963331788778305, 0.1232948824763298, 0.0, 0.0, 0.1232948824763298, 0.0, 0.0, 0.0, 0.0, 0.0, 0.0, 0.0, 0.0, 0.1232948824763298, 0.0]",-0.0011145917869579492
29,1.0241875933297069,"[0.9918282597075209, 0.9959460198992471, 0.9777757796124189, 0.9952973526933337, 0.977977402591556, 0.9916069408004777, 0.9745764092336546, 1.0100381975099009, 1.0019219548511165, 0.9951563176709457, 1.0009402539068437, 1.0037196797958805, 1.0045890860266724, 1.0157256875864162, 0.9824049704534951, 1.0157985571554107, 0.9863315182590164, 0.9821621651711334, 1.0110359510223947, 1.0001559600573986, 1.0038789485616733, 0.9805618058218294, 0.9879688106275365, 0.9892825219576648, 1.0058511411653155, 1.0267465239943168, 1.0100981789585541, 1.002768659895361, 1.02070978850072, 1.0267829091271454]","[1.0291109855150964, 1.0063970627232708, 0.9758281577638981, 0.994214457285399, 0.9835956864121366, 0.9802043536557973, 0.9852164486753072, 1.01751435924408, 0.9995826324013481, 1.021744435593326, 1.0063463861005322, 1.0007499064909513, 0.9886813972120233, 1.007555060750159, 0.9959014357763677, 0.985435325221175, 1.009412202849696, 1.0009935041401894, 0.984047627625078, 1.0173533249544475, 0.9970257117430201, 0.987878027787339, 0.9933400910311064, 1.0074034247639805, 0.9972861306420143, 0.9907778791144829, 1.0020429085308693, 1.0102567183384694, 1.0018397123502238, 1.0169009796867836]","[0.029110985515096388, 0.0063970627232707855, -0.024171842236101915, -0.005785542714600966, -0.01640431358786343, -0.019795646344202722, -0.014783551324692779, 0.01751435924408007, -0.00041736759865185213, 0.02174443559332606, 0.006346386100532175, 0.000749906490951302, -0.011318602787976695, 0.007555060750159104, -0.004098564223632306, -0.014564674778824949, 0.009412202849695905, 0.000993504140189394, -0.015952372374921975, 0.017353324954447524, -0.0029742882569798734, -0.01212197221266098, -0.006659908968893569, 0.007403424763980482, -0.0027138693579856765, -0.009222120885517104, 0.002042908530869303, 0.010256718338469417, 0.0018397123502238433, 0.016900979686783613]","[0.10311010479927063, 0.0, 0.0, 0.10311010479927063, 0.08003877103328705, 0.10311010479927063, 0.0, 0.10311010479927063, 0.10311010479927063, 0.10311010479927063, 0.0, 0.0, 0.0, 0.09508034586906433, 0.0, 0.0, 0.0, 0.10311010479927063, 0.0, 0.0, 0.0, 0.0, 0.0, 0.0, 0.10311010479927063, 0.0, 0.0, 0.0, 0.0, 0.0]","[0.0, 1.1955051137949802e-22, 0.0, 0.0, 1.1810264926898661e-22, 1.1593954476205954e-22, 0.0, 0.0, 0.0, 0.0, 0.0, 1.166927536779888e-22, 1.0, 0.0, 0.0, 7.103815581609157e-24, 0.0, 0.0, 0.0, 0.0, 1.1802856270065652e-22, 0.0, 1.1511092856440745e-22, 0.0, 8.472176727663675e-24, 0.0, 0.0, 0.0, 1.1848014482546239e-22, 0.0]","[0.0, 0.0, 0.0, 0.0, 0.004297170002272925, 0.0, 0.008769285014891208, 0.0, 0.0, 0.004556619467270575, 0.013702572714630861, 0.0013569405733416936, 0.9240493689481449, 0.004530529331299034, 0.004281120144869343, 0.0, 0.012536703081610432, 0.0, 0.01312059909139881, 0.0, 0.0, 0.0, 0.0, 0.0021564154956788175, 0.0066426761345913755, 0.0, 0.0, 0.0, 0.0, 0.0]","[0.10311011970043182, 0.0, 0.0, 0.10311011970043182, 0.08003877848386765, 0.10311011970043182, 0.0, 0.10311011970043182, 0.10311011970043182, 0.10311011970043182, 0.0, 0.0, 0.0, 0.09508036077022552, 0.0, 0.0, 0.0, 0.10311011970043182, 0.0, 0.0, 0.0, 0.0, 0.0, 0.0, 0.10311011970043182, 0.0, 0.0, 0.0, 0.0, 0.0]",0.0032222075273529104
30,1.0247208416459705,"[1.0291109855150964, 1.0063970627232708, 0.9758281577638981, 0.994214457285399, 0.9835956864121366, 0.9802043536557973, 0.9852164486753072, 1.01751435924408, 0.9995826324013481, 1.021744435593326, 1.0063463861005322, 1.0007499064909513, 0.9886813972120233, 1.007555060750159, 0.9959014357763677, 0.985435325221175, 1.009412202849696, 1.0009935041401894, 0.984047627625078, 1.0173533249544475, 0.9970257117430201, 0.987878027787339, 0.9933400910311064, 1.0074034247639805, 0.9972861306420143, 0.9907778791144829, 1.0020429085308693, 1.0102567183384694, 1.0018397123502238, 1.0169009796867836]","[0.986859482170733, 1.0126662150403365, 1.001138000259484, 0.9980165796914955, 1.0087093462221866, 0.9900844374539869, 1.0118532842382764, 0.9785028448170132, 0.9907885071582665, 1.0138786457161506, 0.9876813423454589, 1.0128378676029768, 1.0059025329559, 0.9945670416405434, 1.0027104209667153, 1.032436454682757, 1.0145464921863923, 0.9935816203466944, 1.0010886993074994, 1.0158370707516677, 0.9746027714687929, 1.0028384022041335, 0.9879615055267087, 0.9938201175499568, 1.005207344331824, 1.0105294754178702, 1.0086103948116685, 0.986911785736209, 1.002370214349899, 1.0151600013807036]","[-0.013140517829266951, 0.012666215040336493, 0.0011380002594840732, -0.0019834203085045132, 0.008709346222186554, -0.009915562546013112, 0.011853284238276363, -0.021497155182986782, -0.009211492841733504, 0.013878645716150606, -0.012318657654541099, 0.012837867602976782, 0.005902532955899931, -0.005432958359456563, 0.0027104209667152546, 0.03243645468275691, 0.014546492186392257, -0.006418379653305606, 0.001088699307499441, 0.015837070751667737, -0.025397228531207072, 0.00283840220413345, -0.012038494473291306, -0.006179882450043195, 0.005207344331823904, 0.010529475417870193, 0.008610394811668476, -0.013088214263791031, 0.0023702143498989248, 0.015160001380703614]","[0.1448567509651184, 0.0, 0.0, 0.1448567509651184, 0.0, 0.0, 0.1448567509651184, 0.0, 0.0, 0.1448567509651184, 0.0, 0.0, 0.0, 0.0, 0.004134947434067726, 0.0, 0.0, 0.0, 0.0, 0.13403593003749847, 0.13754531741142273, 0.0, 0.0, 0.0, 0.0, 0.0, 0.0, 0.0, 0.1448567509651184, 0.0]","[1.1787717742099787e-22, 1.1783830078402974e-22, 0.0, 2.271169449053352e-22, 3.383880398640759e-22, 2.255684780077263e-22, 0.0, 0.0, 2.2638269008596114e-22, 0.0, 0.0, 0.0, 1.0, 0.0, 2.8186593622094663e-22, 0.0, 2.272687342420147e-22, 0.0, 0.0, 0.0, 3.387025706385087e-22, 0.0, 0.0, 0.0, 0.0, 0.0, 0.0, 0.0, 0.0, 0.0]","[0.010370672027531122, 0.0, 0.0, 0.0, 0.0, 0.0, 0.014476679607169203, 0.007500014863868834, 0.0, 0.00399910159014052, 0.0, 0.0024771197940407917, 0.9140797787572544, 0.0018591317531091514, 0.010790594725930615, 0.00951670908280324, 0.0003394578982486223, 0.0, 0.0, 0.0, 0.0009641688811948939, 0.0, 0.001895626932836261, 0.0, 0.011716586501416625, 0.001974901426134622, 0.00019477904435544668, 0.0, 0.007844677113965408, 0.0]","[0.1448567658662796, 0.0, 0.0, 0.1448567658662796, 0.0, 0.0, 0.1448567658662796, 0.0, 0.0, 0.1448567658662796, 0.0, 0.0, 0.0, 0.0, 0.0041349478997290134, 0.0, 0.0, 0.0, 0.0, 0.13403594493865967, 0.13754533231258392, 0.0, 0.0, 0.0, 0.0, 0.0, 0.0, 0.0, 0.1448567658662796, 0.0]",3.1442926581851734e-05
31,1.0285942958518093,"[0.986859482170733, 1.0126662150403365, 1.001138000259484, 0.9980165796914955, 1.0087093462221866, 0.9900844374539869, 1.0118532842382764, 0.9785028448170132, 0.9907885071582665, 1.0138786457161506, 0.9876813423454589, 1.0128378676029768, 1.0059025329559, 0.9945670416405434, 1.0027104209667153, 1.032436454682757, 1.0145464921863923, 0.9935816203466944, 1.0010886993074994, 1.0158370707516677, 0.9746027714687929, 1.0028384022041335, 0.9879615055267087, 0.9938201175499568, 1.005207344331824, 1.0105294754178702, 1.0086103948116685, 0.986911785736209, 1.002370214349899, 1.0151600013807036]","[1.024653436027007, 0.9968218501683971, 1.019828158172323, 0.9985241710436634, 0.9721418906939163, 0.9999417652812344, 1.0296928799749367, 0.98778140414828, 1.0043821677324587, 1.0038464473617936, 0.9996323522738686, 1.000744724106263, 0.9912627449872529, 0.9996697081682879, 0.9969649526957953, 1.01345312233247, 0.986320553634372, 1.0055266216252348, 0.9928004102572763, 0.9931249574103738, 1.0248627479643115, 0.9930969593358131, 1.0123195844328372, 1.0055659098350775, 0.9861390133995389, 0.986601166460107, 0.9919816180329895, 1.0142267116427743, 1.0007079454428855, 0.9965615219383692]","[0.02465343602700698, -0.0031781498316029166, 0.019828158172322974, -0.0014758289563365778, -0.027858109306083678, -5.823471876564845e-05, 0.029692879974936748, -0.012218595851720027, 0.004382167732458697, 0.0038464473617936257, -0.00036764772613140373, 0.0007447241062630283, -0.008737255012747136, -0.00033029183171207066, -0.0030350473042046744, 0.013453122332470091, -0.013679446365628012, 0.005526621625234762, -0.007199589742723722, -0.006875042589626235, 0.024862747964311538, -0.006903040664186899, 0.012319584432837205, 0.005565909835077543, -0.01386098660046109, -0.013398833539893018, -0.008018381967010546, 0.014226711642774337, 0.0007079454428855492, -0.0034384780616307786]","[0.0, 0.0, 0.10216464102268219, 0.0, 0.0, 0.0, 0.0, 0.0, 0.09412584453821182, 0.10216464102268219, 0.0, 0.10216464102268219, 0.08855697512626648, 0.10216464102268219, 0.0, 0.0, 0.0, 0.0, 0.0, 0.10216464102268219, 0.10216464102268219, 0.0, 0.10216464102268219, 0.0, 0.10216464102268219, 0.0, 0.0, 0.0, 0.0, 0.0]","[0.0, 0.0, 0.0, 0.0, 0.0, 4.486124086428474e-22, 5.610892900985039e-22, 0.0, 0.0, 4.499503158444708e-22, 0.0, 0.0, 1.0, 5.607851543229455e-22, 3.940528286237768e-22, 0.0, 0.0, 5.615093322700941e-22, 0.0, 5.621483531262584e-22, 0.0, 0.0, 0.0, 3.9521920153445604e-22, 0.0, 0.0, 0.0, 5.05993885492396e-22, 0.0, 0.0]","[0.010440104406852436, 0.0, 0.0005187074143368558, 0.0, 0.014698448245871975, 0.0, 0.017151618977185982, 0.0, 0.007115251833580536, 0.012431464615730053, 0.0, 0.0, 0.9259078708328751, 0.0, 0.0, 0.0, 0.0, 0.0, 0.0, 0.0, 0.0, 0.0, 0.0, 0.0, 2.549910223917221e-05, 0.00546940019256954, 0.0, 0.0, 0.0, 0.006241634378758463]","[0.0, 0.0, 0.10216464847326279, 0.0, 0.0, 0.0, 0.0, 0.0, 0.09412585198879242, 0.10216464847326279, 0.0, 0.10216464847326279, 0.08855698257684708, 0.10216464847326279, 0.0, 0.0, 0.0, 0.0, 0.0, 0.10216464847326279, 0.10216464847326279, 0.0, 0.10216464847326279, 0.0, 0.10216464847326279, 0.0, 0.0, 0.0, 0.0, 0.0]",0.0033988828114051963
32,1.0288358003714075,"[1.024653436027007, 0.9968218501683971, 1.019828158172323, 0.9985241710436634, 0.9721418906939163, 0.9999417652812344, 1.0296928799749367, 0.98778140414828, 1.0043821677324587, 1.0038464473617936, 0.9996323522738686, 1.000744724106263, 0.9912627449872529, 0.9996697081682879, 0.9969649526957953, 1.01345312233247, 0.986320553634372, 1.0055266216252348, 0.9928004102572763, 0.9931249574103738, 1.0248627479643115, 0.9930969593358131, 1.0123195844328372, 1.0055659098350775, 0.9861390133995389, 0.986601166460107, 0.9919816180329895, 1.0142267116427743, 1.0007079454428855, 0.9965615219383692]","[0.9985504445986455, 0.9968694856066372, 0.987625895856465, 0.9981572608011412, 1.0160872108500916, 0.9992315159946596, 0.9964567494407528, 1.0094408884305082, 1.0074884411671268, 1.021244756728995, 0.9887625560705621, 0.991244064993558, 1.0087397018809712, 0.9967868659293619, 0.987493846692779, 1.0057905661427406, 1.0012097982581152, 0.9939273020011559, 0.9900597667731283, 1.0228907774514784, 1.0099645129239556, 0.9865438361761659, 0.9981215206459069, 1.0041616154403923, 0.9998227876517113, 1.0104429296688775, 1.0053905160309171, 1.0162517290601514, 0.9886527426197803, 1.0065667145283899]","[-0.0014495554013544965, -0.00313051439336276, -0.012374104143535014, -0.0018427391988588004, 0.01608721085009157, -0.000768484005340353, -0.003543250559247202, 0.009440888430508165, 0.007488441167126769, 0.021244756728995062, -0.01123744392943793, -0.008755935006442006, 0.008739701880971174, -0.0032131340706380573, -0.012506153307221046, 0.00579056614274065, 0.00120979825811518, -0.006072697998844134, -0.009940233226871653, 0.022890777451478383, 0.009964512923955615, -0.013456163823834077, -0.0018784793540931322, 0.004161615440392286, -0.00017721234828871335, 0.010442929668877499, 0.005390516030917114, 0.016251729060151376, -0.011347257380219689, 0.006566714528389861]","[0.10350590199232101, 0.0, 0.0, 0.0, 0.0, 0.09791216999292374, 0.0, 0.0, 0.0, 0.0, 0.10350590199232101, 0.0, 0.090666763484478, 0.0, 0.0, 0.0, 0.10350590199232101, 0.0, 0.0, 0.10350590199232101, 0.0, 0.10350590199232101, 0.08802741765975952, 0.0, 0.0, 0.10235824435949326, 0.0, 0.0, 0.10350590199232101, 0.0]","[0.0, 2.868251205290769e-22, 2.2873587989403537e-22, 3.400670780203149e-22, 0.0, 0.0, 0.0, 0.0, 0.0, 0.0, 0.0, 0.0, 1.0, 0.0, 2.8345511448267037e-22, 0.0, 0.0, 0.0, 3.409221470845388e-22, 0.0, 3.4162893058709754e-22, 3.3788569533504293e-22, 0.0, 0.0, 0.0, 0.0, 3.415345294514625e-22, 0.0, 0.0, 4.512963854145323e-22]","[0.0, 0.0, 0.0, 0.0, 0.0, 0.00866307889340226, 0.006773500037027805, 0.0, 0.0014807418736021334, 0.0032714942698193177, 0.016851504535104603, 0.0, 0.88566568375229, 0.006708464234215233, 0.011003227578801346, 0.0, 0.0, 0.004421578991867018, 0.004542315743383813, 0.01609913191454933, 0.006823445240499414, 0.0, 0.012025858827422407, 0.0, 0.0, 0.0, 0.007822518823945933, 0.0, 0.003142104393774377, 0.004705350890294984]","[0.10350590199232101, 0.0, 0.0, 0.0, 0.0, 0.09791216999292374, 0.0, 0.0, 0.0, 0.0, 0.10350590199232101, 0.0, 0.090666763484478, 0.0, 0.0, 0.0, 0.10350590199232101, 0.0, 0.0, 0.10350590199232101, 0.0, 0.10350590199232101, 0.08802741765975952, 0.0, 0.0, 0.10235824435949326, 0.0, 0.0, 0.10350590199232101, 0.0]",-0.0001519790750621144
33,1.0374212540945487,"[0.9985504445986455, 0.9968694856066372, 0.987625895856465, 0.9981572608011412, 1.0160872108500916, 0.9992315159946596, 0.9964567494407528, 1.0094408884305082, 1.0074884411671268, 1.021244756728995, 0.9887625560705621, 0.991244064993558, 1.0087397018809712, 0.9967868659293619, 0.987493846692779, 1.0057905661427406, 1.0012097982581152, 0.9939273020011559, 0.9900597667731283, 1.0228907774514784, 1.0099645129239556, 0.9865438361761659, 0.9981215206459069, 1.0041616154403923, 0.9998227876517113, 1.0104429296688775, 1.0053905160309171, 1.0162517290601514, 0.9886527426197803, 1.0065667145283899]","[1.0125535231053888, 0.9977082603146791, 0.9884929906080929, 0.986321700044943, 0.9899632172029862, 0.9939165651384334, 0.9796962811960667, 0.9985910717218944, 0.9875891293501521, 0.9965719280963296, 1.0063727666966253, 1.0111080362841525, 1.021380645513493, 1.007110119318485, 1.0101320288315985, 0.9803600731343878, 1.0030796677825664, 1.011745658218703, 0.9945476946258877, 0.9816344457999964, 0.9909645273148017, 0.9973726761270075, 1.0054831539917852, 0.9854952576153263, 0.9868433457094493, 1.0093176691106183, 0.9768070997155714, 1.0100939490219347, 1.0196832798334794, 0.9987863414014096]","[0.01255352310538882, -0.002291739685320926, -0.011507009391907075, -0.013678299955056983, -0.01003678279701381, -0.0060834348615665945, -0.020303718803933335, -0.00140892827810557, -0.012410870649847916, -0.003428071903670449, 0.006372766696625343, 0.011108036284152467, 0.021380645513493057, 0.007110119318485042, 0.010132028831598472, -0.019639926865612223, 0.0030796677825664087, 0.011745658218702992, -0.005452305374112343, -0.01836555420000363, -0.009035472685198331, -0.002627323872992471, 0.005483153991785228, -0.014504742384673697, -0.013156654290550684, 0.009317669110618265, -0.023192900284428553, 0.010093949021934723, 0.019683279833479395, -0.0012136585985903503]","[0.0, 0.0, 0.0, 0.0, 0.0, 0.0, 0.0, 0.0, 0.0, 0.0, 0.0, 0.1077812984585762, 0.1077812984585762, 0.05564647540450096, 0.0, 0.0, 0.0, 0.1077812984585762, 0.0, 0.0, 0.0, 0.10506165027618408, 0.1077812984585762, 0.08972491323947906, 0.0, 0.1028791293501854, 0.0, 0.1077812984585762, 0.1077812984585762, 0.0]","[0.0, 2.3159259417908606e-22, 0.0, 0.0, 2.2897476162861136e-22, 0.0, 2.2961050463212897e-22, 0.0, 0.0, 0.0, 0.0, 0.0, 1.0, 0.0, 2.2818422406732903e-22, 0.0, 3.400874931242445e-22, 2.2954255513047056e-22, 2.3013535047554806e-22, 2.296599829618546e-22, 0.0, 0.0, 0.0, 0.0, 1.1997019838187312e-22, 0.0, 0.0, 0.0, 0.0, 0.0]","[0.008649776386704763, 0.01600650270945371, 0.0, 0.006002587426950705, 0.0, 0.008781975270957695, 0.0, 0.005264908394254726, 0.0, 0.00536575302721455, 0.007698308260472458, 0.0, 0.9084423545514407, 0.0012777974135911813, 0.001789365959815516, 0.0, 0.0, 0.0, 0.0, 0.0, 0.0, 0.0029502137758022824, 0.0, 0.011614283604156622, 0.0, 0.0, 0.0, 0.004552426475126984, 0.0, 0.011603746744058178]","[0.0, 0.0, 0.0, 0.0, 0.0, 0.0, 0.0, 0.0, 0.0, 0.0, 0.0, 0.1077813059091568, 0.1077813059091568, 0.05564647912979126, 0.0, 0.0, 0.0, 0.1077813059091568, 0.0, 0.0, 0.0, 0.10506165772676468, 0.1077813059091568, 0.08972492069005966, 0.0, 0.10287913680076599, 0.0, 0.1077813059091568, 0.1077813059091568, 0.0]",0.007968964627862294
34,1.0323834015626023,"[1.0125535231053888, 0.9977082603146791, 0.9884929906080929, 0.986321700044943, 0.9899632172029862, 0.9939165651384334, 0.9796962811960667, 0.9985910717218944, 0.9875891293501521, 0.9965719280963296, 1.0063727666966253, 1.0111080362841525, 1.021380645513493, 1.007110119318485, 1.0101320288315985, 0.9803600731343878, 1.0030796677825664, 1.011745658218703, 0.9945476946258877, 0.9816344457999964, 0.9909645273148017, 0.9973726761270075, 1.0054831539917852, 0.9854952576153263, 0.9868433457094493, 1.0093176691106183, 0.9768070997155714, 1.0100939490219347, 1.0196832798334794, 0.9987863414014096]","[0.9937759988171406, 0.9949889565978771, 0.9908155271588074, 1.0074899979842313, 1.004959451256208, 0.9808432626773786, 1.010334063852173, 1.022726127914184, 0.9880160510011546, 0.9757617375936305, 1.0131899831850726, 1.0008955525033385, 1.003998374665643, 0.9801171589648656, 1.0002542603125302, 0.9999305689434705, 1.0190903797266628, 1.0118384321640923, 0.9774290785585634, 0.9940474867294145, 0.9810520926171465, 0.9926852441707207, 1.0152423934713424, 0.9984387245254357, 1.012764666088486, 0.9946772828736987, 0.9985206063384696, 0.9946512333082007, 0.9847837909996334, 1.0178790118710457]","[-0.006224001182859373, -0.005011043402122883, -0.009184472841192615, 0.0074899979842313336, 0.004959451256207892, -0.019156737322621353, 0.010334063852172948, 0.022726127914183936, -0.011983948998845362, -0.024238262406369504, 0.013189983185072585, 0.0008955525033385037, 0.003998374665642901, -0.01988284103513438, 0.00025426031253017456, -6.943105652945647e-05, 0.01909037972666283, 0.011838432164092305, -0.022570921441436576, -0.005952513270585547, -0.018947907382853457, -0.007314755829279318, 0.015242393471342375, -0.0015612754745643054, 0.012764666088485921, -0.00532271712630128, -0.0014793936615303815, -0.005348766691799289, -0.015216209000366576, 0.01787901187104568]","[0.09999999403953552, 0.0, 0.09999999403953552, 0.09999999403953552, 0.0, 0.0, 0.0, 0.0, 0.0, 0.09999999403953552, 0.0, 0.0, 0.0, 0.0, 0.09999999403953552, 0.0, 0.0, 0.09999999403953552, 0.09999999403953552, 0.09999999403953552, 0.0, 0.0, 0.09999999403953552, 0.0, 0.0, 0.0, 0.0, 0.0, 0.09999999403953552, 0.0]","[0.0, 3.401285172193229e-22, 0.0, 0.0, 3.383503242701229e-22, 0.0, 3.3906123914201285e-22, 0.0, 0.0, 0.0, 0.0, 0.0, 1.0, 0.0, 0.0, 3.39371211187882e-22, 0.0, 3.381839959434633e-22, 3.3917886532261077e-22, 3.390921714627903e-22, 0.0, 4.48035408961661e-22, 0.0, 0.0, 0.0, 0.0, 0.0, 0.0, 3.3886031838951674e-22, 0.0]","[0.0, 0.0, 0.012558652527875474, 0.017500186903759946, 0.003982661182928814, 0.0, 0.0034925833757497335, 0.0, 0.0, 0.00471876071722273, 0.0, 0.0, 0.9289504725129453, 0.0, 0.0, 0.00038214981670949585, 0.003182907532273513, 0.0, 0.013265158583906833, 0.0, 0.0, 0.0, 0.003400535105774588, 0.0, 0.0, 0.0, 0.00476909973562591, 0.0009186449682811122, 0.0, 0.002878187036946384]","[0.10000000894069672, 0.0, 0.10000000894069672, 0.10000000894069672, 0.0, 0.0, 0.0, 0.0, 0.0, 0.10000000894069672, 0.0, 0.0, 0.0, 0.0, 0.10000000894069672, 0.0, 0.0, 0.10000000894069672, 0.10000000894069672, 0.10000000894069672, 0.0, 0.0, 0.10000000894069672, 0.0, 0.0, 0.0, 0.0, 0.0, 0.10000000894069672, 0.0]",-0.00519139159364416
35,1.0341123075831449,"[0.9937759988171406, 0.9949889565978771, 0.9908155271588074, 1.0074899979842313, 1.004959451256208, 0.9808432626773786, 1.010334063852173, 1.022726127914184, 0.9880160510011546, 0.9757617375936305, 1.0131899831850726, 1.0008955525033385, 1.003998374665643, 0.9801171589648656, 1.0002542603125302, 0.9999305689434705, 1.0190903797266628, 1.0118384321640923, 0.9774290785585634, 0.9940474867294145, 0.9810520926171465, 0.9926852441707207, 1.0152423934713424, 0.9984387245254357, 1.012764666088486, 0.9946772828736987, 0.9985206063384696, 0.9946512333082007, 0.9847837909996334, 1.0178790118710457]","[0.9896925360142375, 1.0042947256905752, 1.0013340451752093, 1.004489444991177, 1.0167197224811533, 1.0048399590370518, 0.9945242060037986, 1.0078602944147483, 1.00035900289074, 0.9909195468948787, 1.0012013479139457, 0.9954648791579344, 0.9912424774278139, 1.0081816884692445, 0.9953644452812387, 0.973301109151968, 0.9877220210594336, 0.9902337189742069, 0.9895706736257759, 1.0133023815768576, 1.0000441747013755, 0.9839077227561116, 1.0091484292789978, 0.99118219482782, 0.9823407840265752, 0.9905551841922694, 0.990652178824377, 1.007582245101715, 1.0102671536409302, 1.0019516786206903]","[-0.010307463985762544, 0.004294725690575207, 0.0013340451752092974, 0.004489444991176983, 0.016719722481153276, 0.004839959037051811, -0.00547579399620135, 0.007860294414748337, 0.00035900289074008995, -0.009080453105121289, 0.0012013479139456607, -0.004535120842065643, -0.008757522572186094, 0.008181688469244497, -0.004635554718761314, -0.02669889084803201, -0.01227797894056637, -0.009766281025793133, -0.010429326374224113, 0.013302381576857591, 4.417470137552115e-05, -0.016092277243888398, 0.009148429278997838, -0.008817805172180004, -0.01765921597342479, -0.0094448158077306, -0.00934782117562305, 0.007582245101714902, 0.010267153640930227, 0.0019516786206903447]","[0.10286806523799896, 0.0, 0.0, 0.10286806523799896, 0.10286806523799896, 0.0, 0.0, 0.10286806523799896, 0.10286806523799896, 0.0, 0.0, 0.0, 0.0, 0.0, 0.0, 0.0, 0.0, 0.10286806523799896, 0.0, 0.10286806523799896, 0.08661560714244843, 0.0, 0.0, 0.0, 0.09469781816005707, 0.0, 0.0, 0.0, 0.09861010313034058, 0.0]","[0.0, 0.0, 0.0, 0.0, 0.0, 0.0, 0.0, 0.0, 0.0, 0.0, 0.0, 0.0, 1.0, 1.159858065977258e-22, 0.0, 0.0, 6.11320557002145e-23, 3.386176638999282e-22, 0.0, -1.0455362591598602e-22, 3.4005193600163955e-22, 0.0, 0.0, -1.0461800483597218e-22, -1.0369398816999252e-22, 0.0, -1.0372795072121109e-22, 0.0, 0.0, 5.953354833552925e-24]","[0.0, 0.0030413519300845062, 0.007139486685236974, 0.005080641611330823, 0.0, 0.0, 0.0005251444575650524, 0.0, 0.013846126746188795, 0.003625327827896948, 0.00505850459544192, 0.0, 0.9087720543937444, 0.0, 0.0, 0.0, 0.009280464740877788, 0.0, 0.0, 0.0, 0.0, 0.015288074974158865, 0.020818902559315483, 0.0, 0.0, 0.0, 0.0, 0.0, 0.007523919478158492, 0.0]","[0.10286807268857956, 0.0, 0.0, 0.10286807268857956, 0.10286807268857956, 0.0, 0.0, 0.10286807268857956, 0.10286807268857956, 0.0, 0.0, 0.0, 0.0, 0.0, 0.0, 0.0, 0.0, 0.10286807268857956, 0.0, 0.10286807268857956, 0.08661561459302902, 0.0, 0.0, 0.0, 0.09469782561063766, 0.0, 0.0, 0.0, 0.09861011058092117, 0.0]",0.0013106986198331656
36,1.0261822850328817,"[0.9896925360142375, 1.0042947256905752, 1.0013340451752093, 1.004489444991177, 1.0167197224811533, 1.0048399590370518, 0.9945242060037986, 1.0078602944147483, 1.00035900289074, 0.9909195468948787, 1.0012013479139457, 0.9954648791579344, 0.9912424774278139, 1.0081816884692445, 0.9953644452812387, 0.973301109151968, 0.9877220210594336, 0.9902337189742069, 0.9895706736257759, 1.0133023815768576, 1.0000441747013755, 0.9839077227561116, 1.0091484292789978, 0.99118219482782, 0.9823407840265752, 0.9905551841922694, 0.990652178824377, 1.007582245101715, 1.0102671536409302, 1.0019516786206903]","[1.0146977942675524, 0.9948532258382334, 1.0038759246074718, 0.998332693797639, 0.996894000332981, 1.0069988900965865, 1.0000999304842186, 1.0007588924246578, 1.0193578587892884, 1.0042221896575845, 0.9987884513089474, 0.9925583734666094, 1.0061730207914579, 0.9861173044445718, 1.0129500215149903, 0.9948502570475519, 1.0026751646133691, 0.9868687808538894, 0.9866968734058433, 0.9876149353364103, 1.0177963960228882, 0.9976681118659059, 1.0046457325308258, 1.0119808168149267, 0.973836836014204, 1.0161192554727791, 0.9777941314142066, 1.0118407702518417, 0.9703590311348582, 0.9958866570897024]","[0.014697794267552355, -0.005146774161766565, 0.00387592460747177, -0.0016673062023609964, -0.003105999667018966, 0.006998890096586496, 9.993048421863548e-05, 0.0007588924246577644, 0.019357858789288418, 0.004222189657584474, -0.0012115486910525552, -0.007441626533390644, 0.006173020791457873, -0.013882695555428204, 0.012950021514990251, -0.0051497429524480776, 0.002675164613369141, -0.013131219146110595, -0.013303126594156667, -0.012385064663589684, 0.017796396022888183, -0.002331888134094129, 0.004645732530825786, 0.011980816814926687, -0.02616316398579599, 0.016119255472779148, -0.02220586858579343, 0.011840770251841715, -0.02964096886514178, -0.004113342910297635]","[0.0, 0.10432163625955582, 0.10432163625955582, 0.0, 0.0, 0.0, 0.0, 0.0, 0.0, 0.0, 0.08625363558530807, 0.0, 0.0, 0.0, 0.0, 0.10389993339776993, 0.0, 0.0, 0.0, 0.0, 0.10432163625955582, 0.07959494739770889, 0.0, 0.0, 0.10432163625955582, 0.0, 0.10432163625955582, 0.0, 0.10432163625955582, 0.10432163625955582]","[1.1855934880227739e-22, 2.295662746494725e-22, 0.0, 2.281537452183125e-22, 0.0, 0.0, 0.0, 1.16073398279864e-22, 1.1640453900753134e-22, 0.0, 0.0, 0.0, 1.0, 0.0, 0.0, 1.173022608687801e-22, 0.0, 0.0, 0.0, 0.0, 0.0, 0.0, 0.0, 1.1722602062389709e-22, 0.0, 1.1579653965040467e-22, 0.0, 2.2783653081919883e-22, 0.0, 0.0]","[0.018187082515466663, 0.010647123940664267, 0.0022354387775115328, 0.0, 0.001069734087486452, 0.0, 0.0, 0.0065075835385418074, 0.0, 0.0, 0.0021426043877119834, 0.0016001426805910427, 0.916866419370183, 0.0028525466948265766, 0.0, 0.0, 0.0, 0.006514506950595155, 0.001474908541756917, 0.0013295313383338055, 0.0, 0.0, 0.006444043290005796, 0.00808693946128935, 0.0, 0.0, 0.006737982702647824, 0.0015884268091417627, 0.005714984913246323, 0.0]","[0.0, 0.10432163625955582, 0.10432163625955582, 0.0, 0.0, 0.0, 0.0, 0.0, 0.0, 0.0, 0.08625363558530807, 0.0, 0.0, 0.0, 0.0, 0.10389993339776993, 0.0, 0.0, 0.0, 0.0, 0.10432163625955582, 0.07959494739770889, 0.0, 0.0, 0.10432163625955582, 0.0, 0.10432163625955582, 0.0, 0.10432163625955582, 0.10432163625955582]",-0.008103112255161853
37,1.031359427928448,"[1.0146977942675524, 0.9948532258382334, 1.0038759246074718, 0.998332693797639, 0.996894000332981, 1.0069988900965865, 1.0000999304842186, 1.0007588924246578, 1.0193578587892884, 1.0042221896575845, 0.9987884513089474, 0.9925583734666094, 1.0061730207914579, 0.9861173044445718, 1.0129500215149903, 0.9948502570475519, 1.0026751646133691, 0.9868687808538894, 0.9866968734058433, 0.9876149353364103, 1.0177963960228882, 0.9976681118659059, 1.0046457325308258, 1.0119808168149267, 0.973836836014204, 1.0161192554727791, 0.9777941314142066, 1.0118407702518417, 0.9703590311348582, 0.9958866570897024]","[0.9979003604532178, 1.0109640229466876, 0.9933929081593387, 1.0037339924013964, 1.0255077981621026, 1.0008393749258189, 0.9953215752443223, 0.9927462651967837, 1.009663510058235, 1.0043685544126555, 0.9856348486241441, 0.9942380268700833, 0.9926110540474806, 1.00678762157178, 1.0215785175977108, 0.9896237475106117, 0.9908441349750639, 0.9923131586652972, 1.0082472582304731, 0.9957113140563633, 1.0185300596647162, 1.0080335544762447, 1.0164483249080412, 1.0120052994134086, 1.0034085888148838, 1.0173662427772565, 0.9953285046483167, 1.0249745788587001, 1.0004379864927004, 1.0135784755233925]","[-0.0020996395467821616, 0.010964022946687635, -0.006607091840661328, 0.00373399240139638, 0.02550779816210258, 0.0008393749258188699, -0.0046784247556777014, -0.0072537348032163385, 0.009663510058234959, 0.00436855441265549, -0.014365151375855922, -0.005761973129916664, -0.007388945952519377, 0.006787621571779923, 0.02157851759771079, -0.010376252489388338, -0.00915586502493615, -0.007686841334702765, 0.00824725823047312, -0.004288685943636739, 0.018530059664716214, 0.008033554476244653, 0.016448324908041156, 0.012005299413408554, 0.0034085888148838173, 0.017366242777256513, -0.004671495351683319, 0.024974578858700136, 0.0004379864927004373, 0.01357847552339253]","[0.12102735042572021, 0.0, 0.0, 0.10108677297830582, 0.12193993479013443, 0.0, 0.08465846627950668, 0.09357734769582748, 0.07298669964075089, 0.11869675666093826, 0.0, 0.0, 0.0, 0.0, 0.0882854163646698, 0.0, 0.0, 0.0, 0.0, 0.11910516768693924, 0.0, 0.0, 0.0, 0.0, 0.07863608002662659, 0.0, 0.0, 0.0, 0.0, 0.0]","[6.556997028403171e-24, 0.0, 0.0, 0.0, 0.0, 1.149146272827647e-22, 0.0, 0.0, 0.0, 0.0, 0.0, 0.0, 1.0, 0.0, 0.0, 0.0, 2.2677041489423955e-22, 2.2675113110312976e-22, 0.0, 0.0, 2.2811602973529307e-22, 0.0, 0.0, 0.0, 6.07930138896319e-24, 0.0, 6.2595125951968874e-24, 1.438439565989599e-22, 0.0, 3.3820802952771316e-22]","[0.006247234466841368, 0.0, 0.0, 0.0, 0.0, 0.0, 0.0006743706540612062, 0.0, 0.0, 0.01657092510282242, 0.0, 0.0, 0.925767593281227, 0.0, 0.010733532122528302, 0.0, 0.0, 0.0, 0.0, 0.00993093053199437, 0.0030290872702544596, 0.0007639505133314849, 0.0060508840550323, 0.0012230419712321303, 0.0, 0.004651932897611426, 0.0, 0.007810319259167729, 0.0, 0.006546197873895681]","[0.12102735042572021, 0.0, 0.0, 0.10108677297830582, 0.12193993479013443, 0.0, 0.08465846627950668, 0.09357734769582748, 0.07298669964075089, 0.11869675666093826, 0.0, 0.0, 0.0, 0.0, 0.0882854163646698, 0.0, 0.0, 0.0, 0.0, 0.11910516768693924, 0.0, 0.0, 0.0, 0.0, 0.07863608002662659, 0.0, 0.0, 0.0, 0.0, 0.0]",0.004620831257029182
38,1.0338693198730977,"[0.9979003604532178, 1.0109640229466876, 0.9933929081593387, 1.0037339924013964, 1.0255077981621026, 1.0008393749258189, 0.9953215752443223, 0.9927462651967837, 1.009663510058235, 1.0043685544126555, 0.9856348486241441, 0.9942380268700833, 0.9926110540474806, 1.00678762157178, 1.0215785175977108, 0.9896237475106117, 0.9908441349750639, 0.9923131586652972, 1.0082472582304731, 0.9957113140563633, 1.0185300596647162, 1.0080335544762447, 1.0164483249080412, 1.0120052994134086, 1.0034085888148838, 1.0173662427772565, 0.9953285046483167, 1.0249745788587001, 1.0004379864927004, 1.0135784755233925]","[1.0137257332821623, 0.9896976706288895, 1.0103281381749356, 0.9990254392044158, 0.9948075463365762, 1.0124817257148082, 0.9845700887365582, 0.9779294015778616, 1.0112774018016497, 1.0091822464752855, 0.9816573467423407, 0.9987202522816554, 0.9848819060735416, 1.0014093800566748, 0.9958783353184705, 1.0075791469014161, 0.996324031606101, 0.9790478986780984, 1.0197223131089195, 0.9913470466862592, 1.015299221179826, 0.9958026697499204, 0.9967000890925634, 1.0119245200929543, 1.0083469427038259, 1.0206658982806514, 1.0030056113997519, 0.9974903807747588, 1.0023720948929333, 0.9911268309570576]","[0.013725733282162311, -0.01030232937111053, 0.010328138174935608, -0.0009745607955842228, -0.005192453663423802, 0.012481725714808212, -0.015429911263441842, -0.022070598422138432, 0.011277401801649711, 0.009182246475285538, -0.01834265325765927, -0.0012797477183446038, -0.015118093926458354, 0.0014093800566747916, -0.004121664681529524, 0.007579146901416145, -0.003675968393899054, -0.020952101321901617, 0.019722313108919476, -0.00865295331374083, 0.015299221179825961, -0.004197330250079623, -0.003299910907436643, 0.011924520092954305, 0.008346942703825855, 0.02066589828065135, 0.003005611399751862, -0.0025096192252411775, 0.0023720948929333296, -0.008873169042942441]","[0.07159771770238876, 0.0, 0.10448898375034332, 0.0, 0.10448898375034332, 0.0, 0.10448898375034332, 0.0, 0.0, 0.0, 0.0, 0.0, 0.0, 0.10448898375034332, 0.0, 0.09249047189950943, 0.0, 0.0, 0.0, 0.10448898375034332, 0.10448898375034332, 0.0, 0.0, 0.10448898375034332, 0.0, 0.0, 0.0, 0.10448898375034332, 0.0, 0.0]","[0.0, 0.0, -2.155701389130218e-22, 0.0, 0.0, 0.0, -1.0389832199082483e-22, -2.1641487200119074e-22, -2.157563764988814e-22, 0.0, -2.179716141852809e-22, 0.0, 1.0, 0.0, 0.0, -2.1513195354458314e-22, 0.0, 0.0, 0.0, 0.0, 0.0, 0.0, -2.1680135868611543e-22, 0.0, 0.0, -1.0522803298927268e-22, 0.0, 0.0, 0.0, -2.1507880298106203e-22]","[0.009699145002629144, 0.0, 0.0, 0.016571742965764934, 0.0, 0.0024423371391361598, 0.0, 0.010635563175351486, 0.0, 0.0, 0.005437696255141706, 0.007985399266420893, 0.9326872714784517, 0.0, 0.011441184463464437, 0.0, 0.0, 0.0, 0.001182436017635733, 0.0, 0.001883343071080388, 0.0, 0.0, 0.0, 0.0, 3.3881164923342645e-05, 0.0, 0.0, 0.0, 0.0]","[0.07159771025180817, 0.0, 0.10448896884918213, 0.0, 0.10448896884918213, 0.0, 0.10448896884918213, 0.0, 0.0, 0.0, 0.0, 0.0, 0.0, 0.10448896884918213, 0.0, 0.09249046444892883, 0.0, 0.0, 0.0, 0.10448896884918213, 0.10448896884918213, 0.0, 0.0, 0.10448896884918213, 0.0, 0.0, 0.0, 0.10448896884918213, 0.0, 0.0]",0.0019779216338074064
39,1.0222710611828312,"[1.0137257332821623, 0.9896976706288895, 1.0103281381749356, 0.9990254392044158, 0.9948075463365762, 1.0124817257148082, 0.9845700887365582, 0.9779294015778616, 1.0112774018016497, 1.0091822464752855, 0.9816573467423407, 0.9987202522816554, 0.9848819060735416, 1.0014093800566748, 0.9958783353184705, 1.0075791469014161, 0.996324031606101, 0.9790478986780984, 1.0197223131089195, 0.9913470466862592, 1.015299221179826, 0.9958026697499204, 0.9967000890925634, 1.0119245200929543, 1.0083469427038259, 1.0206658982806514, 1.0030056113997519, 0.9974903807747588, 1.0023720948929333, 0.9911268309570576]","[0.9954309318897493, 1.0111560493473737, 1.003742406484062, 0.9957599319824194, 1.0053144333721857, 1.009541778000836, 1.0051452317600706, 0.9815709657324149, 0.978204321805483, 0.9955524268967202, 0.9758135417739802, 1.0020050899723507, 0.9830295637550984, 1.0228759564668908, 1.004042557628984, 1.013688548066368, 0.9946097811281502, 0.9835253385581396, 0.9872656228667116, 1.01408739054044, 1.0078457740012823, 1.0152071658959545, 1.0033449740620926, 0.9761301110414972, 1.0093393823183758, 1.0038071554307788, 1.019008962564112, 0.9898516600254949, 1.0238599624673925, 1.0102467193688651]","[-0.004569068110250707, 0.011156049347373687, 0.0037424064840620996, -0.004240068017580589, 0.005314433372185734, 0.009541778000835999, 0.005145231760070645, -0.01842903426758513, -0.021795678194517, -0.004447573103279812, -0.024186458226019836, 0.0020050899723507154, -0.016970436244901577, 0.02287595646689078, 0.004042557628983978, 0.01368854806636799, -0.005390218871849761, -0.016474661441860383, -0.0127343771332884, 0.014087390540439948, 0.00784577400128228, 0.0152071658959545, 0.003344974062092554, -0.02386988895850284, 0.009339382318375833, 0.003807155430778808, 0.01900896256411211, -0.01014833997450515, 0.023859962467392526, 0.01024671936886512]","[0.0, 0.0, 0.0, 0.0, 0.0, 0.0, 0.0, 0.10457967966794968, 0.09157166630029678, 0.09686871618032455, 0.10457967966794968, 0.0, 0.07950194180011749, 0.0, 0.0, 0.0, 0.10457967966794968, 0.10457967966794968, 0.0, 0.0, 0.10457967966794968, 0.0, 0.0, 0.10457967966794968, 0.10457967966794968, 0.0, 0.0, 0.0, 0.0, 0.0]","[0.0, 2.300038677282013e-22, 2.285233443079419e-22, 1.1769727523869784e-22, 0.0, 0.0, 2.2853540377251143e-22, 0.0, 2.284014153533292e-22, 0.0, 0.0, 2.2755238102572644e-22, 1.0, 2.279865582843503e-22, 3.9404220554857466e-22, 0.0, 0.0, 0.0, 0.0, 0.0, 2.3038652705414757e-22, 0.0, 0.0, 0.0, 0.0, 0.0, 0.0, 0.0, 0.0, 0.0]","[0.0, 0.0, 0.014096091326995824, 0.0020402753466330407, 0.0, 0.006673249123529711, 0.005934619421876118, 0.0, 0.0, 0.00030191424025516523, 0.0, 0.011239203756141732, 0.9039385955665327, 0.003465383544278395, 0.012068369638666516, 0.005733305744579044, 0.0027462147564136837, 0.0, 0.0, 0.010061992839907911, 0.00837270476168483, 0.0053878762643998586, 0.0, 0.0011562625740221368, 0.0, 0.0, 0.0, 0.0029150899788016886, 0.0, 0.00386885111528155]","[0.0, 0.0, 0.0, 0.0, 0.0, 0.0, 0.0, 0.10457966476678848, 0.09157165884971619, 0.09686870127916336, 0.10457966476678848, 0.0, 0.0795019343495369, 0.0, 0.0, 0.0, 0.10457966476678848, 0.10457966476678848, 0.0, 0.0, 0.10457966476678848, 0.0, 0.0, 0.10457966476678848, 0.10457966476678848, 0.0, 0.0, 0.0, 0.0, 0.0]",-0.011748407883080483
40,1.0216577794322674,"[0.9954309318897493, 1.0111560493473737, 1.003742406484062, 0.9957599319824194, 1.0053144333721857, 1.009541778000836, 1.0051452317600706, 0.9815709657324149, 0.978204321805483, 0.9955524268967202, 0.9758135417739802, 1.0020050899723507, 0.9830295637550984, 1.0228759564668908, 1.004042557628984, 1.013688548066368, 0.9946097811281502, 0.9835253385581396, 0.9872656228667116, 1.01408739054044, 1.0078457740012823, 1.0152071658959545, 1.0033449740620926, 0.9761301110414972, 1.0093393823183758, 1.0038071554307788, 1.019008962564112, 0.9898516600254949, 1.0238599624673925, 1.0102467193688651]","[1.012545539615429, 0.9969766487951398, 1.0166318397668104, 0.9827862275767554, 1.0145461578655108, 1.0026202005715397, 0.9926052452356312, 1.0133705454986932, 1.0170756790962634, 1.0011740848235624, 0.9983640070247801, 1.0143617409930425, 0.995253177189458, 1.0148256610815685, 0.9995422731890101, 1.0121520914105329, 0.9851990507162769, 0.984265041277855, 0.9936219854352132, 1.0056677461974322, 1.0019938240923938, 0.9944304170173893, 0.9874519466261038, 1.016762206504652, 0.9961999120155807, 1.000629375391261, 1.010386964682936, 1.0045159761044096, 1.0143332562086433, 0.9954686130215719]","[0.012545539615429036, -0.003023351204860192, 0.016631839766810375, -0.017213772423244622, 0.014546157865510834, 0.002620200571539666, -0.007394754764368794, 0.01337054549869321, 0.017075679096263396, 0.0011740848235624046, -0.0016359929752198799, 0.014361740993042549, -0.004746822810541951, 0.014825661081568464, -0.000457726810989878, 0.012152091410532861, -0.014800949283723108, -0.01573495872214503, -0.006378014564786816, 0.005667746197432155, 0.001993824092393792, -0.005569582982610677, -0.012548053373896195, 0.01676220650465199, -0.0038000879844193314, 0.0006293753912609557, 0.010386964682935984, 0.004515976104409569, 0.014333256208643341, -0.004531386978428142]","[0.0, 0.0, 0.0, 0.0, 0.0, 0.0, 0.0, 0.0, 0.0, 0.07041780650615692, 0.1818164736032486, 0.11555623263120651, 0.15999548137187958, 0.0, 0.0, 0.0, 0.0, 0.0, 0.0, 0.0, 0.0, 0.0, 0.1818164736032486, 0.1085810661315918, 0.0, 0.0, 0.0, 0.0, 0.0, 0.1818164736032486]","[0.0, 0.0, -1.0213323283169184e-22, 0.0, 0.0, 0.0, -2.1015883552157266e-22, 0.0, 0.0, 0.0, 0.0, -2.1174461462171514e-22, 0.0, 0.0, 0.0, -2.107627391436943e-22, -2.113859634238471e-22, 0.0, 0.0, 0.0, 0.0, 6.456635605511211e-23, 0.0, 0.0, 0.0, -2.1324476804749558e-22, -2.120076568454576e-22, 1.0, -2.1263211595793503e-22, 0.0]","[0.0, 0.008534637416515192, 0.007794558749701068, 0.0, 0.010471091728771519, 0.0073584877715389945, 0.008337718978871807, 0.0, 0.0002553888133732536, 0.0, 0.0, 0.006796113492078083, 0.0, 0.004602096437790861, 0.0, 0.0, 0.0, 0.008337965558811476, 0.0, 0.00687496357985254, 0.0, 0.0, 0.0, 0.0, 0.0, 0.0, 0.007154190790536248, 0.9186871362458846, 0.0009119972825220641, 0.0038836531537524335]","[0.0, 0.0, 0.0, 0.0, 0.0, 0.0, 0.0, 0.0, 0.0, 0.07041780650615692, 0.1818164736032486, 0.11555623263120651, 0.15999548137187958, 0.0, 0.0, 0.0, 0.0, 0.0, 0.0, 0.0, 0.0, 0.0, 0.1818164736032486, 0.1085810661315918, 0.0, 0.0, 0.0, 0.0, 0.0, 0.1818164736032486]",-0.001143469384597296
41,1.0164374641475742,"[1.012545539615429, 0.9969766487951398, 1.0166318397668104, 0.9827862275767554, 1.0145461578655108, 1.0026202005715397, 0.9926052452356312, 1.0133705454986932, 1.0170756790962634, 1.0011740848235624, 0.9983640070247801, 1.0143617409930425, 0.995253177189458, 1.0148256610815685, 0.9995422731890101, 1.0121520914105329, 0.9851990507162769, 0.984265041277855, 0.9936219854352132, 1.0056677461974322, 1.0019938240923938, 0.9944304170173893, 0.9874519466261038, 1.016762206504652, 0.9961999120155807, 1.000629375391261, 1.010386964682936, 1.0045159761044096, 1.0143332562086433, 0.9954686130215719]","[0.9984102012592363, 0.9968664895142276, 1.0027119651615075, 1.00775963434142, 1.0019357120583863, 1.0112559103938208, 1.005908811813516, 1.0039061953782582, 0.9890793670974141, 1.0097635897592472, 0.9957905905704252, 0.9864295143981713, 0.9685283930596383, 1.0029709047087823, 1.0031104441692404, 0.9867546805905485, 0.9844274902745315, 1.0046345205534033, 1.0341744894018166, 1.0087537778196631, 1.0097679385338554, 1.0067680838330624, 1.0450605322621696, 0.994005048332995, 0.9833316535851188, 1.0094180228042509, 0.9891049947108249, 1.0012854523505152, 0.9858125883763753, 0.9811999967675604]","[-0.0015897987407637038, -0.003133510485772373, 0.0027119651615075124, 0.007759634341419908, 0.0019357120583862741, 0.01125591039382079, 0.005908811813515991, 0.0039061953782582037, -0.010920632902585936, 0.009763589759247182, -0.0042094094295748175, -0.013570485601828719, -0.03147160694036166, 0.0029709047087822515, 0.003110444169240445, -0.013245319409451506, -0.01557250972546853, 0.0046345205534032985, 0.034174489401816555, 0.008753777819663133, 0.00976793853385538, 0.006768083833062377, 0.04506053226216955, -0.005994951667005033, -0.01666834641488124, 0.009418022804250858, -0.010895005289175086, 0.0012854523505152482, -0.01418741162362469, -0.018800003232439577]","[0.0, 0.0, 0.12267027050256729, 0.0, 0.0, 0.0, 0.0, 0.0, 0.11527734249830246, 0.0, 0.0, 0.0, 0.0, 0.045795660465955734, 0.12267027050256729, 0.0774279236793518, 0.10235617309808731, 0.0, 0.0, 0.0, 0.0, 0.12267027050256729, 0.0, 0.0, 0.04579152539372444, 0.0, 0.0, 0.12267027050256729, 0.0, 0.12267027050256729]","[-2.1866267130504125e-22, 0.0, 0.0, 0.0, 0.0, -2.182707764116175e-22, -1.0579906148028168e-22, 0.0, 0.0, -2.1891660685994557e-22, -1.0713325586183228e-22, 0.0, -2.9480991047032437e-22, 0.0, 0.0, 0.0, 0.0, 0.0, 0.0, 0.0, -1.0915346861580027e-22, 0.0, 0.0, -1.6249227211367082e-22, 0.0, -1.6265329763412535e-22, 0.0, 1.0, 0.0, 0.0]","[0.0, 0.0, 0.011249079126213313, 0.018999648102114894, 0.008546651730331917, 0.0, 0.0, 0.0034780608231395897, 0.0, 0.0, 0.010534702501226364, 0.0, 0.0, 0.009807710395318405, 0.0, 0.009537189032069054, 0.002048736513394105, 0.0, 0.016729981753128363, 0.004863833535329146, 0.007168067966594162, 0.0, 0.0, 0.0, 0.0, 0.0, 0.0, 0.8866264513985924, 0.0, 0.010409887122548266]","[0.0, 0.0, 0.12267027050256729, 0.0, 0.0, 0.0, 0.0, 0.0, 0.11527734249830246, 0.0, 0.0, 0.0, 0.0, 0.045795660465955734, 0.12267027050256729, 0.0774279236793518, 0.10235617309808731, 0.0, 0.0, 0.0, 0.0, 0.12267027050256729, 0.0, 0.0, 0.04579152539372444, 0.0, 0.0, 0.12267027050256729, 0.0, 0.12267027050256729]",-0.005512594921085233
42,1.0223064298249385,"[0.9984102012592363, 0.9968664895142276, 1.0027119651615075, 1.00775963434142, 1.0019357120583863, 1.0112559103938208, 1.005908811813516, 1.0039061953782582, 0.9890793670974141, 1.0097635897592472, 0.9957905905704252, 0.9864295143981713, 0.9685283930596383, 1.0029709047087823, 1.0031104441692404, 0.9867546805905485, 0.9844274902745315, 1.0046345205534033, 1.0341744894018166, 1.0087537778196631, 1.0097679385338554, 1.0067680838330624, 1.0450605322621696, 0.994005048332995, 0.9833316535851188, 1.0094180228042509, 0.9891049947108249, 1.0012854523505152, 0.9858125883763753, 0.9811999967675604]","[0.9958260272038038, 1.0062993925338208, 1.0168209169959976, 1.0211568370020554, 0.9905231001296498, 1.0004511301030372, 0.9947874498416018, 0.9941303139849061, 1.018614425902574, 0.995559565264962, 0.9840412684472002, 1.0054644177293233, 0.9855943942942355, 0.9989486021215297, 1.0004575985742736, 0.9999194088728005, 1.0099492110617074, 1.002736016949837, 1.0158272339661125, 1.007048000036067, 1.0163964792019298, 1.0045417362881242, 1.004737415194499, 1.019024711006171, 1.002928117585188, 1.0219687341931205, 0.9939881491700299, 0.9794957977455969, 1.0346929448837845, 1.0015231129428772]","[-0.004173972796196246, 0.006299392533820836, 0.016820916995997637, 0.021156837002055395, -0.009476899870350164, 0.0004511301030372117, -0.005212550158398166, -0.005869686015093856, 0.018614425902574006, -0.004440434735037968, -0.01595873155279981, 0.005464417729323268, -0.014405605705764546, -0.001051397878470306, 0.00045759857427363215, -8.059112719949191e-05, 0.00994921106170743, 0.002736016949836939, 0.01582723396611252, 0.0070480000360670925, 0.01639647920192977, 0.004541736288124154, 0.004737415194498995, 0.01902471100617098, 0.0029281175851880725, 0.02196873419312051, -0.006011850829970133, -0.02050420225440308, 0.03469294488378449, 0.0015231129428772139]","[0.10509379208087921, 0.0, 0.0, 0.10509379208087921, 0.0, 0.0, 0.0, 0.0, 0.0, 0.0, 0.0, 0.10509379208087921, 0.10509379208087921, 0.10509379208087921, 0.0, 0.0, 0.0, 0.0, 0.0, 0.09559264034032822, 0.0636570006608963, 0.0, 0.0, 0.0, 0.10509379208087921, 0.0, 0.10509379208087921, 0.0, 0.10509379208087921, 0.0]","[0.0, 0.0, -2.1638275563409086e-22, 0.0, 0.0, -1.0550603583682312e-22, 0.0, 0.0, 0.0, 0.0, -1.054021139789823e-22, 0.0, -1.8924549023980048e-22, 0.0, 0.0, 0.0, 0.0, 0.0, 0.0, 0.0, -1.0828395732956114e-22, -1.6077881000578385e-22, 0.0, 0.0, -2.1531316146732607e-22, 0.0, 3.3943033136385864e-22, 1.0, 0.0, -1.612733992925614e-22]","[0.0, 0.003984616569327937, 0.0, 0.0, 0.0, 0.0, 0.007486947027077758, 0.005412833880022709, 0.0, 0.0, 0.0, 0.002999056100225515, 0.0, 0.006876289489240336, 0.0, 0.009311415149368354, 0.006198523480858503, 0.011835961458517646, 0.014440177748917803, 0.005466862954907536, 0.005064335694371271, 0.0016733378683347721, 0.0, 0.0, 0.00576167893600978, 0.0, 0.011009897163308874, 0.8976751408358266, 0.004802925643684722, 0.0]","[0.10509379953145981, 0.0, 0.0, 0.10509379953145981, 0.0, 0.0, 0.0, 0.0, 0.0, 0.0, 0.0, 0.10509379953145981, 0.10509379953145981, 0.10509379953145981, 0.0, 0.0, 0.0, 0.0, 0.0, 0.09559264779090881, 0.0636570081114769, 0.0, 0.0, 0.0, 0.10509379953145981, 0.0, 0.10509379953145981, 0.0, 0.10509379953145981, 0.0]",0.005413054000950318
43,1.024055764356553,"[0.9958260272038038, 1.0062993925338208, 1.0168209169959976, 1.0211568370020554, 0.9905231001296498, 1.0004511301030372, 0.9947874498416018, 0.9941303139849061, 1.018614425902574, 0.995559565264962, 0.9840412684472002, 1.0054644177293233, 0.9855943942942355, 0.9989486021215297, 1.0004575985742736, 0.9999194088728005, 1.0099492110617074, 1.002736016949837, 1.0158272339661125, 1.007048000036067, 1.0163964792019298, 1.0045417362881242, 1.004737415194499, 1.019024711006171, 1.002928117585188, 1.0219687341931205, 0.9939881491700299, 0.9794957977455969, 1.0346929448837845, 1.0015231129428772]","[1.0022603951649969, 1.0067705333560053, 1.0039534751641004, 0.9806954181505825, 1.0042021648789834, 1.0023594355835355, 0.9837601524192062, 0.9992840690939796, 0.9912442146128071, 1.0003043239935634, 0.9980128303150525, 0.9999407060329092, 0.9974626353875818, 0.9865363006827798, 1.013382064314563, 1.0161901191410994, 0.9835602807203917, 0.9999577900115761, 1.0054787262966822, 1.0097595534342427, 1.0055816424505843, 0.9948709839925575, 1.0186413212237395, 1.0085161199042119, 0.9981815395455682, 1.0019945530216092, 0.9996062730488215, 1.000005920726902, 0.9954249190923216, 1.0124113154989276]","[0.0022603951649968756, 0.006770533356005304, 0.003953475164100384, -0.019304581849417524, 0.004202164878983394, 0.002359435583535463, -0.016239847580793776, -0.0007159309060204011, -0.008755785387192905, 0.00030432399356339346, -0.0019871696849474985, -5.929396709081214e-05, -0.002537364612418158, -0.013463699317220246, 0.013382064314563014, 0.016190119141099357, -0.0164397192796083, -4.2209988423858036e-05, 0.005478726296682224, 0.00975955343424273, 0.005581642450584345, -0.005129016007442533, 0.018641321223739515, 0.00851611990421186, -0.0018184604544317917, 0.0019945530216092244, -0.00039372695117845247, 5.92072690208667e-06, -0.0045750809076784416, 0.0124113154989276]","[0.0, 0.10995758324861526, 0.0, 0.0, 0.0, 0.0, 0.0, 0.10028280317783356, 0.0, 0.0, 0.0, 0.0, 0.08814124763011932, 0.0, 0.09920154511928558, 0.0, 0.10995758324861526, 0.0, 0.10995758324861526, 0.0, 0.0, 0.0, 0.0, 0.0, 0.07407546043395996, 0.10995758324861526, 0.10995758324861526, 0.0, 0.0, 0.08851102739572525]","[2.278043415256061e-22, 0.0, 0.0, 0.0, 3.3748411893661867e-22, 2.285049397762667e-22, 3.415127972086662e-22, 0.0, 2.2807251675632527e-22, 0.0, 0.0, 0.0, 0.0, 0.0, 0.0, 2.301557408936779e-22, 0.0, 3.393272657960416e-22, 0.0, 0.0, 0.0, 0.0, 0.0, 3.125617835945451e-22, 0.0, 0.0, 3.40300549836166e-22, 1.0, 0.0, 0.0]","[0.0, 0.009450059150715234, 0.0020251931785444715, 0.0016619066171309185, 0.018517553199946482, 0.0, 0.003560264422840147, 0.0, 0.0, 0.002382778620630825, 0.007088014449515782, 0.0, 0.0, 0.0, 0.0061693930842890215, 0.01651802661792301, 0.0, 0.0, 0.0, 0.01632995874404689, 0.0, 0.006640531790441248, 0.017310273470972606, 0.006051859520618109, 0.00443784637876459, 0.02164884899805138, 0.008618292935670117, 0.8515891988198991, 0.0, 0.0]","[0.0, 0.10995758324861526, 0.0, 0.0, 0.0, 0.0, 0.0, 0.10028280317783356, 0.0, 0.0, 0.0, 0.0, 0.08814124763011932, 0.0, 0.09920154511928558, 0.0, 0.10995758324861526, 0.0, 0.10995758324861526, 0.0, 0.0, 0.0, 0.0, 0.0, 0.07407546043395996, 0.10995758324861526, 0.10995758324861526, 0.0, 0.0, 0.08851102739572525]",0.0012456433988299852
44,1.0231356517586279,"[1.0022603951649969, 1.0067705333560053, 1.0039534751641004, 0.9806954181505825, 1.0042021648789834, 1.0023594355835355, 0.9837601524192062, 0.9992840690939796, 0.9912442146128071, 1.0003043239935634, 0.9980128303150525, 0.9999407060329092, 0.9974626353875818, 0.9865363006827798, 1.013382064314563, 1.0161901191410994, 0.9835602807203917, 0.9999577900115761, 1.0054787262966822, 1.0097595534342427, 1.0055816424505843, 0.9948709839925575, 1.0186413212237395, 1.0085161199042119, 0.9981815395455682, 1.0019945530216092, 0.9996062730488215, 1.000005920726902, 0.9954249190923216, 1.0124113154989276]","[1.0025645809611055, 0.994316721214424, 0.992558476735817, 0.9941699889584086, 1.005880741397408, 0.9872841188145346, 1.0013556790371316, 0.9771381048526805, 0.9927689435641451, 0.9916833970773699, 0.9800522821636103, 1.0320878409258671, 1.002306496036935, 1.0197259349077763, 1.0181342679560854, 1.0124914199926354, 0.9974629829949586, 0.9870062275410865, 1.0041250783189908, 1.0014533062447344, 1.0061544505157576, 1.0016271539825239, 0.9785509752954263, 1.0174603024595807, 1.0155350492455517, 0.9796926098702323, 0.999359364711813, 0.9967600909854964, 0.9974871499896273, 0.9886704102840875]","[0.002564580961105456, -0.0056832787855759515, -0.007441523264183014, -0.005830011041591421, 0.005880741397408018, -0.012715881185465405, 0.0013556790371316296, -0.02286189514731951, -0.007231056435854866, -0.008316602922630145, -0.01994771783638971, 0.03208784092586714, 0.002306496036935002, 0.0197259349077763, 0.018134267956085415, 0.012491419992635366, -0.0025370170050413865, -0.012993772458913533, 0.0041250783189907825, 0.001453306244734387, 0.006154450515757581, 0.0016271539825238879, -0.02144902470457366, 0.017460302459580745, 0.015535049245551713, -0.020307390129767677, -0.0006406352881870303, -0.0032399090145035503, -0.0025128500103727136, -0.01132958971591247]","[0.0, 0.0, 0.0, 0.0, 0.0, 0.0, 0.09802442789077759, 0.06990931183099747, 0.0, 0.0, 0.0, 0.0, 0.11540894210338593, 0.0, 0.0, 0.11540894210338593, 0.0, 0.0, 0.0, 0.0762823224067688, 0.09882787615060806, 0.07991136610507965, 0.11540894210338593, 0.0, 0.11540894210338593, 0.0, 0.0, 0.0, 0.0, 0.11540894210338593]","[0.0, 1.7319100040781457e-22, 7.197661513241329e-24, 0.0, 0.0, 1.1747989743023438e-22, 8.362924277841291e-24, 0.0, 0.0, 0.0, 0.0, 0.0, 0.0, 0.0, 0.0, 6.368124231427397e-23, 0.0, 0.0, 0.0, 0.0, 0.0, 9.004161591252437e-23, 0.0, 0.0, 7.84138380475591e-24, 0.0, 0.0, 1.0, 8.123013313977121e-24, 1.1730181292828992e-22]","[0.0, 0.0, 0.0, 0.002248777536205159, 0.0, 0.0063078464584395404, 0.004869008622750037, 0.0, 0.012922522411737667, 0.007289398606466738, 0.0, 0.0023976115983483097, 0.0, 0.004442485965680135, 0.01585440800364277, 0.009718701814887277, 0.007707609521293638, 0.0, 0.019463015799038995, 0.005482274378634239, 0.0, 0.0, 0.0030830759835521297, 0.0, 0.0, 0.0, 0.0, 0.8901903673572661, 0.0, 0.008022895942057054]","[0.0, 0.0, 0.0, 0.0, 0.0, 0.0, 0.09802442789077759, 0.06990931183099747, 0.0, 0.0, 0.0, 0.0, 0.11540894210338593, 0.0, 0.0, 0.11540894210338593, 0.0, 0.0, 0.0, 0.0762823224067688, 0.09882787615060806, 0.07991136610507965, 0.11540894210338593, 0.0, 0.11540894210338593, 0.0, 0.0, 0.0, 0.0, 0.11540894210338593]",-0.0013170319357423917
45,1.026274228325886,"[1.0025645809611055, 0.994316721214424, 0.992558476735817, 0.9941699889584086, 1.005880741397408, 0.9872841188145346, 1.0013556790371316, 0.9771381048526805, 0.9927689435641451, 0.9916833970773699, 0.9800522821636103, 1.0320878409258671, 1.002306496036935, 1.0197259349077763, 1.0181342679560854, 1.0124914199926354, 0.9974629829949586, 0.9870062275410865, 1.0041250783189908, 1.0014533062447344, 1.0061544505157576, 1.0016271539825239, 0.9785509752954263, 1.0174603024595807, 1.0155350492455517, 0.9796926098702323, 0.999359364711813, 0.9967600909854964, 0.9974871499896273, 0.9886704102840875]","[1.0064560527856763, 0.9843352914011446, 0.9824433663189754, 0.9961848970935043, 1.0081953476158731, 1.006334866154699, 0.9970151175464563, 0.9835223982924267, 0.9833174058451309, 1.0070473871240628, 0.9880617180386656, 1.0175560045157213, 1.0074014637741149, 0.9727521857165492, 1.019132670166206, 1.007413128827835, 0.9978905914226108, 1.0238154692081969, 0.9828085057613022, 0.9794182200012987, 0.9955238865442012, 1.0000953582436454, 1.0039089824306504, 1.0141102159327744, 1.005702555978271, 1.000706706009551, 1.014890439092676, 1.0292565807980028, 0.9944991349451983, 1.000717064416711]","[0.006456052785676292, -0.01566470859885538, -0.017556633681024558, -0.003815102906495671, 0.00819534761587315, 0.006334866154698915, -0.002984882453543669, -0.016477601707573286, -0.016682594154869057, 0.007047387124062832, -0.011938281961334396, 0.017556004515721257, 0.00740146377411488, -0.0272478142834508, 0.01913267016620601, 0.007413128827834958, -0.0021094085773891713, 0.023815469208196882, -0.017191494238697813, -0.020581779998701255, -0.004476113455798791, 9.535824364537149e-05, 0.0039089824306504095, 0.014110215932774395, 0.005702555978271073, 0.000706706009550917, 0.014890439092676067, 0.02925658079800275, -0.00550086505480174, 0.000717064416710933]","[0.0, 0.0, 0.0, 0.1107424646615982, 0.0, 0.0, 0.0, 0.0, 0.0, 0.0, 0.0866551622748375, 0.0, 0.0, 0.0, 0.0793376937508583, 0.07634063810110092, 0.0, 0.1107424646615982, 0.0, 0.1107424646615982, 0.0, 0.09321167320013046, 0.1107424646615982, 0.1107424646615982, 0.0, 0.1107424646615982, 0.0, 0.0, 0.0, 0.0]","[0.0, 5.053316270557761e-22, 4.4783673926381735e-22, 0.0, 0.0, 0.0, 0.0, 3.3847521753598735e-22, 0.0, 0.0, 0.0, 0.0, 5.589081645418279e-22, 0.0, 1.0, 3.9322959710438217e-22, 0.0, 5.611159392003891e-22, 0.0, 0.0, 0.0, 0.0, 0.0, 0.0, 3.3828872588144947e-22, 0.0, 3.390712364224871e-22, 0.0, 3.383664659604545e-22, 0.0]","[0.0, 0.0007390740315059696, 0.0, 0.011138362660776835, 0.0, 0.0, 0.0, 0.0, 0.010945143923519191, 0.004210214284748896, 0.0, 0.0061485156505779225, 0.0, 0.0053408278032721235, 0.8977595822958107, 0.0, 0.0009526340869730317, 0.0, 0.013634976896670575, 0.026673728826700844, 0.0, 0.0, 0.0, 0.0, 0.0024866753657861534, 0.0, 0.0, 0.01723033071158184, 0.0, 0.002739933462076081]","[0.0, 0.0, 0.0, 0.1107424721121788, 0.0, 0.0, 0.0, 0.0, 0.0, 0.0, 0.08665516972541809, 0.0, 0.0, 0.0, 0.0793377012014389, 0.07634064555168152, 0.0, 0.1107424721121788, 0.0, 0.1107424721121788, 0.0, 0.09321168065071106, 0.1107424721121788, 0.1107424721121788, 0.0, 0.1107424721121788, 0.0, 0.0, 0.0, 0.0]",0.0026761658153459313
46,1.0271498959406318,"[1.0064560527856763, 0.9843352914011446, 0.9824433663189754, 0.9961848970935043, 1.0081953476158731, 1.006334866154699, 0.9970151175464563, 0.9835223982924267, 0.9833174058451309, 1.0070473871240628, 0.9880617180386656, 1.0175560045157213, 1.0074014637741149, 0.9727521857165492, 1.019132670166206, 1.007413128827835, 0.9978905914226108, 1.0238154692081969, 0.9828085057613022, 0.9794182200012987, 0.9955238865442012, 1.0000953582436454, 1.0039089824306504, 1.0141102159327744, 1.005702555978271, 1.000706706009551, 1.014890439092676, 1.0292565807980028, 0.9944991349451983, 1.000717064416711]","[0.9815621791641012, 0.9942532382398503, 1.0151156868715892, 0.9714151517861103, 0.9991798260652033, 0.9955351647840361, 0.9902955631177548, 0.9903784114090548, 0.9931899901170047, 0.9910509983249159, 1.013712980203857, 0.9973129027889587, 1.0326955514884069, 1.013488505579392, 0.9972136217760278, 0.9881540323850785, 0.992491890815143, 1.001821095760587, 1.005388151237813, 0.9816842639989365, 0.9812710305062162, 1.0165125896284177, 1.0040138299240504, 0.9995021582832877, 1.0052640946209646, 0.9957886963137494, 1.006296325617186, 1.002706934051242, 1.0011693533498438, 1.00620649731942]","[-0.018437820835898844, -0.0057467617601496546, 0.015115686871589151, -0.028584848213889735, -0.0008201739347967196, -0.004464835215963858, -0.009704436882245204, -0.009621588590945196, -0.006810009882995294, -0.008949001675084056, 0.013712980203856917, -0.0026870972110413227, 0.03269555148840686, 0.013488505579392074, -0.002786378223972208, -0.011845967614921515, -0.007508109184857004, 0.001821095760587088, 0.00538815123781311, -0.01831573600106351, -0.018728969493783776, 0.01651258962841773, 0.004013829924050416, -0.0004978417167122995, 0.0052640946209645545, -0.004211303686250556, 0.0062963256171859605, 0.002706934051242005, 0.0011693533498438047, 0.0062064973194200235]","[0.0, 0.09197552502155304, 0.10640472918748856, 0.126780703663826, 0.0, 0.0, 0.1005675345659256, 0.10298386216163635, 0.0, 0.0, 0.0, 0.0, 0.10636600852012634, 0.0, 0.0, 0.0, 0.0, 0.0, 0.10033370554447174, 0.0, 0.0, 0.0, 0.09469068050384521, 0.0, 0.09400483220815659, 0.0, 0.0, 0.0, 0.0, 0.0758923590183258]","[0.0, 0.0, 0.0, 0.0, 0.0, 0.0, 0.0, 0.0, 0.0, -2.148627797761953e-22, 0.0, -2.120474310150836e-22, -2.1460098806646943e-22, 0.0, 0.0, 0.0, -2.1115324091184092e-22, 0.0, 0.0, 0.0, 0.0, -1.5707008561566225e-22, 0.0, -1.984881938577793e-22, 0.0, -2.1216176838218238e-22, -1.018469754052589e-22, 1.0, -3.2185681231014486e-22, 0.0]","[0.0, 0.010789219803004237, 0.0, 0.0, 0.0, 0.0, 0.005031240106815126, 0.0, 0.007517052660130904, 0.0, 0.0026343060805114485, 0.0164016578282595, 0.0013023907571427704, 0.0, 0.014424810543316437, 0.0, 0.0, 8.757423825009508e-06, 0.0, 0.0, 0.0010966422974535623, 0.006963099312070816, 0.0, 0.0, 0.0069512740070491255, 0.0, 0.015344470127015845, 0.9100398721344766, 0.0014952069189285483, 0.0]","[0.0, 0.09197552502155304, 0.10640472918748856, 0.126780703663826, 0.0, 0.0, 0.1005675345659256, 0.10298386216163635, 0.0, 0.0, 0.0, 0.0, 0.10636600852012634, 0.0, 0.0, 0.0, 0.0, 0.0, 0.10033370554447174, 0.0, 0.0, 0.0, 0.09469068050384521, 0.0, 0.09400483220815659, 0.0, 0.0, 0.0, 0.0, 0.0758923590183258]",0.00046080008124426054
47,1.031739709308664,"[0.9815621791641012, 0.9942532382398503, 1.0151156868715892, 0.9714151517861103, 0.9991798260652033, 0.9955351647840361, 0.9902955631177548, 0.9903784114090548, 0.9931899901170047, 0.9910509983249159, 1.013712980203857, 0.9973129027889587, 1.0326955514884069, 1.013488505579392, 0.9972136217760278, 0.9881540323850785, 0.992491890815143, 1.001821095760587, 1.005388151237813, 0.9816842639989365, 0.9812710305062162, 1.0165125896284177, 1.0040138299240504, 0.9995021582832877, 1.0052640946209646, 0.9957886963137494, 1.006296325617186, 1.002706934051242, 1.0011693533498438, 1.00620649731942]","[1.0120490086009033, 0.9907330984438034, 0.9787222432735743, 0.9911242022431551, 1.0218399461362697, 1.0115014925425245, 1.0008569122810382, 0.9735136028222746, 1.0098832537367572, 1.0005493793458933, 1.0013580114794698, 1.000133894263053, 1.000489105520273, 0.9915381422462342, 1.0136002415453969, 1.0141683953075378, 0.9838720065195877, 0.970046218557665, 0.9972358702563386, 0.9963009243918035, 0.9972688706640183, 1.0041238273806472, 0.9846326746060382, 0.976607263824683, 1.0128670627553094, 1.001312502161958, 1.0028400921303715, 1.001529975118873, 1.0002834488449228, 1.0017153344913954]","[0.0120490086009033, -0.009266901556196583, -0.021277756726425734, -0.008875797756844883, 0.021839946136269717, 0.011501492542524527, 0.0008569122810382357, -0.026486397177725385, 0.009883253736757247, 0.000549379345893275, 0.0013580114794697895, 0.0001338942630531026, 0.0004891055202729255, -0.008461857753765845, 0.013600241545396852, 0.014168395307537773, -0.016127993480412273, -0.02995378144233496, -0.0027641297436613588, -0.0036990756081964893, -0.0027311293359817412, 0.004123827380647205, -0.015367325393961795, -0.023392736175317008, 0.012867062755309355, 0.0013125021619579957, 0.0028400921303715077, 0.0015299751188730948, 0.00028344884492281786, 0.0017153344913953816]","[0.11252805590629578, 0.0, 0.0, 0.0, 0.07901868224143982, 0.0, 0.0, 0.0, 0.0, 0.11252805590629578, 0.0, 0.0, 0.0, 0.0, 0.11252805590629578, 0.11252805590629578, 0.11252805590629578, 0.0, 0.10950858891010284, 0.0, 0.06131082400679588, 0.11252805590629578, 0.0, 0.0, 0.0, 0.0, 0.0, 0.0, 0.0749935656785965, 0.0]","[0.0, 0.0, 0.0, 0.0, 0.0, 0.0, 1.391406996024231e-23, 8.721119865395738e-24, 0.0, 0.0, 0.0, 0.0, 3.4220302082600593e-22, 1.084170980468265e-23, 0.0, 0.0, 0.0, 9.141077656602482e-24, 0.0, 1.3483625831778e-23, 0.0, 0.0, 0.0, 0.0, 1.2971241479248754e-23, -4.345759562901277e-23, 1.1224964899338685e-23, 1.0, 0.0, 0.0]","[0.0, 0.0, 0.008993956540893083, 0.006415655165554152, 0.0, 0.0, 0.0007100294611847761, 0.0, 0.0, 0.0, 0.0, 0.00760003508984722, 0.017350681161172304, 0.0, 0.00016403060775104173, 0.014145922773198335, 0.004970312950975653, 0.0, 0.0, 0.0, 0.011200998833043485, 0.0, 0.009001348049237114, 0.007215619359627816, 0.0, 0.00688976056286816, 0.009825221997500695, 0.8791472671733596, 0.016369160273786664, 0.0]","[0.11252805590629578, 0.0, 0.0, 0.0, 0.07901868224143982, 0.0, 0.0, 0.0, 0.0, 0.11252805590629578, 0.0, 0.0, 0.0, 0.0, 0.11252805590629578, 0.11252805590629578, 0.11252805590629578, 0.0, 0.10950858891010284, 0.0, 0.06131082400679588, 0.11252805590629578, 0.0, 0.0, 0.0, 0.0, 0.0, 0.0, 0.0749935656785965, 0.0]",0.004026155411090499
48,1.0292504277720218,"[1.0120490086009033, 0.9907330984438034, 0.9787222432735743, 0.9911242022431551, 1.0218399461362697, 1.0115014925425245, 1.0008569122810382, 0.9735136028222746, 1.0098832537367572, 1.0005493793458933, 1.0013580114794698, 1.000133894263053, 1.000489105520273, 0.9915381422462342, 1.0136002415453969, 1.0141683953075378, 0.9838720065195877, 0.970046218557665, 0.9972358702563386, 0.9963009243918035, 0.9972688706640183, 1.0041238273806472, 0.9846326746060382, 0.976607263824683, 1.0128670627553094, 1.001312502161958, 1.0028400921303715, 1.001529975118873, 1.0002834488449228, 1.0017153344913954]","[0.9986561403047347, 0.9970343334841215, 1.0181685882857046, 0.9870833007481894, 1.0010617228595766, 0.9757785433494611, 0.9946516278394314, 0.9959228700258811, 0.985001218643822, 0.9756716983823985, 0.9885574054272804, 1.0052777007095213, 0.9940483562081853, 1.000516521402956, 1.0067224850914405, 1.0283607397546086, 0.9824987542737893, 0.9775084711897746, 0.9996857466921152, 1.0031580162636775, 0.9963693922644893, 1.0234646977885204, 1.0015793175071943, 1.009674592810063, 0.9921059729016072, 1.0228517934120818, 0.9922549978330814, 1.0116546951549532, 0.9667239865524276, 1.003619485905636]","[-0.0013438596952652926, -0.0029656665158784845, 0.018168588285704557, -0.012916699251810604, 0.0010617228595766193, -0.024221456650538875, -0.005348372160568604, -0.004077129974118909, -0.014998781356178048, -0.024328301617601467, -0.011442594572719567, 0.005277700709521271, -0.005951643791814676, 0.0005165214029561049, 0.006722485091440467, 0.02836073975460862, -0.0175012457262107, -0.022491528810225425, -0.0003142533078848153, 0.00315801626367751, -0.003630607735510716, 0.02346469778852045, 0.001579317507194311, 0.009674592810062999, -0.00789402709839282, 0.022851793412081767, -0.007745002166918646, 0.01165469515495321, -0.03327601344757236, 0.0036194859056359885]","[0.0, 0.0, 0.10209793597459793, 0.10209793597459793, 0.0, 0.0, 0.0, 0.10209793597459793, 0.0, 0.10209793597459793, 0.0, 0.0, 0.0, 0.10209793597459793, 0.0, 0.0, 0.0, 0.0, 0.10209793597459793, 0.10209793597459793, 0.10209793597459793, 0.0, 0.0, 0.08111857622861862, 0.10209793597459793, 0.0, 0.0, 0.0, 0.0, 0.0]","[0.0, 1.1932363775649558e-22, 0.0, 0.0, 1.1596404983244873e-22, 0.0, 0.0, 0.0, 1.1700352876885204e-22, 0.0, 2.273691989385088e-22, 0.0, 0.0, 0.0, 1.0, 0.0, 0.0, 6.741815483353913e-22, 0.0, 0.0, 0.0, 2.2806786409168413e-22, 0.0, 0.0, 1.1796732094490495e-22, 1.1641949597977616e-22, 0.0, 0.0, 0.0, 2.8335625767575335e-22]","[0.005773217979836011, 0.0, 0.0, 0.02063290664026043, 0.0, 0.009339142922941236, 0.0, 0.0, 0.008203738207183278, 0.0, 0.0, 0.011138979187677074, 0.000474447304539156, 0.0, 0.8834875398045797, 0.0, 0.004148524532698481, 0.0, 0.0, 0.0030466962605033027, 0.0, 0.0, 0.010476078628432963, 0.014117402706355347, 0.0035088400785184327, 0.0013199243967922537, 0.0, 0.0, 0.009183037570243982, 0.015149523779438382]","[0.0, 0.0, 0.10209793597459793, 0.10209793597459793, 0.0, 0.0, 0.0, 0.10209793597459793, 0.0, 0.10209793597459793, 0.0, 0.0, 0.0, 0.10209793597459793, 0.0, 0.0, 0.0, 0.0, 0.10209793597459793, 0.10209793597459793, 0.10209793597459793, 0.0, 0.0, 0.08111857622861862, 0.10209793597459793, 0.0, 0.0, 0.0, 0.0, 0.0]",-0.002885605536810793
49,1.032301968805003,"[0.9986561403047347, 0.9970343334841215, 1.0181685882857046, 0.9870833007481894, 1.0010617228595766, 0.9757785433494611, 0.9946516278394314, 0.9959228700258811, 0.985001218643822, 0.9756716983823985, 0.9885574054272804, 1.0052777007095213, 0.9940483562081853, 1.000516521402956, 1.0067224850914405, 1.0283607397546086, 0.9824987542737893, 0.9775084711897746, 0.9996857466921152, 1.0031580162636775, 0.9963693922644893, 1.0234646977885204, 1.0015793175071943, 1.009674592810063, 0.9921059729016072, 1.0228517934120818, 0.9922549978330814, 1.0116546951549532, 0.9667239865524276, 1.003619485905636]","[0.9750821807575262, 1.0149378413355938, 0.9950417433385457, 1.0016956392371965, 0.980935727060659, 0.9889363622936534, 1.0214142260925185, 0.9866024308587009, 0.9895677713190268, 0.9960555655642517, 1.0070844260922922, 1.0027993986102697, 1.0279627265104223, 1.001980918804187, 1.0098941807596478, 1.0058483404505751, 0.975520088616893, 0.9926891990819947, 1.0010770696649791, 1.0093494855314786, 1.0017387398250792, 0.9850126125996664, 1.0092696810104003, 1.0195172858159602, 1.0147656614369105, 0.9979212728406875, 0.9992870038641304, 0.9826034480720578, 1.023454300755142, 0.9895090234984717]","[-0.024917819242473827, 0.014937841335593838, -0.00495825666145433, 0.0016956392371965112, -0.019064272939340987, -0.011063637706346552, 0.02141422609251853, -0.013397569141299082, -0.010432228680973155, -0.003944434435748323, 0.0070844260922922064, 0.0027993986102696766, 0.02796272651042231, 0.0019809188041870485, 0.009894180759647764, 0.00584834045057514, -0.02447991138310701, -0.007310800918005289, 0.0010770696649791134, 0.00934948553147863, 0.0017387398250792163, -0.014987387400333563, 0.009269681010400266, 0.01951728581596024, 0.014765661436910493, -0.0020787271593124546, -0.0007129961358696146, -0.017396551927942205, 0.023454300755141988, -0.010490976501528304]","[0.0, 0.0, 0.1287509649991989, 0.11678502708673477, 0.0, 0.0, 0.0, 0.0, 0.0, 0.0, 0.0, 0.10515003651380539, 0.0, 0.06098373979330063, 0.0, 0.11713085323572159, 0.0, 0.0, 0.0, 0.05830215662717819, 0.0, 0.0, 0.1287509649991989, 0.0, 0.0, 0.07345011830329895, 0.0, 0.0, 0.08630090206861496, 0.12439525872468948]","[0.0, 3.690349015485025e-24, 0.0, 0.0, 0.0, 0.0, 0.0, 0.0, 0.0, 0.0, 0.0, 3.522015352019058e-24, 1.4151620747496035e-22, 0.0, 0.0, 0.0, 4.1309641186525994e-24, 0.0, 0.0, 0.0, 0.0, 0.0, 0.0, 3.1374788434182354e-23, 3.80153773056225e-24, 2.255567260818132e-22, 0.0, 1.0, 4.241364410395887e-24, 3.361637345975123e-22]","[0.0005269990347828892, 0.0, 0.0, 0.011063091934738716, 0.006923119907869537, 0.01121294048675016, 0.0002638004288861412, 0.00010077339644439355, 0.0, 0.0, 0.012246256667733168, 0.0, 0.015511045097968943, 0.0, 0.009946123029044966, 0.0, 0.006481030178139884, 0.0025097874839142297, 0.0, 0.0, 0.0, 0.0, 0.004731891958679093, 0.0, 0.0, 0.009892566880682298, 0.011401734573112388, 0.893194785984615, 0.0039940529566382344, 0.0]","[0.0, 0.0, 0.12875095009803772, 0.11678501218557358, 0.0, 0.0, 0.0, 0.0, 0.0, 0.0, 0.0, 0.1051500216126442, 0.0, 0.06098373234272003, 0.0, 0.1171308383345604, 0.0, 0.0, 0.0, 0.058302149176597595, 0.0, 0.0, 0.12875095009803772, 0.0, 0.0, 0.07345011085271835, 0.0, 0.0, 0.08630089461803436, 0.12439524382352829]",0.0025745738738901713
50,1.0322688822373214,"[0.9750821807575262, 1.0149378413355938, 0.9950417433385457, 1.0016956392371965, 0.980935727060659, 0.9889363622936534, 1.0214142260925185, 0.9866024308587009, 0.9895677713190268, 0.9960555655642517, 1.0070844260922922, 1.0027993986102697, 1.0279627265104223, 1.001980918804187, 1.0098941807596478, 1.0058483404505751, 0.975520088616893, 0.9926891990819947, 1.0010770696649791, 1.0093494855314786, 1.0017387398250792, 0.9850126125996664, 1.0092696810104003, 1.0195172858159602, 1.0147656614369105, 0.9979212728406875, 0.9992870038641304, 0.9826034480720578, 1.023454300755142, 0.9895090234984717]","[1.004164194616673, 0.9961562965957466, 0.9950810257757557, 0.9930378577692105, 1.0202627192506848, 1.004666769039951, 0.9909335116289537, 0.9962217471618484, 0.9931685617459092, 0.995283000805599, 1.0220369476948927, 1.0107080275936962, 0.9800607251845092, 1.01257756340236, 1.0137760422367004, 0.9825915589577154, 0.9680781280224048, 1.006597636927581, 1.0343932135155987, 1.001049913916101, 0.9840187504057911, 1.0092090078739102, 0.9904311589412076, 0.9818887772114574, 1.0100086120685046, 1.0086731247276082, 0.996748993290739, 0.9972670973541805, 0.9952787885203933, 0.9943718245070913]","[0.004164194616673056, -0.00384370340425344, -0.004918974224244255, -0.006962142230789503, 0.02026271925068479, 0.004666769039950891, -0.009066488371046288, -0.0037782528381515856, -0.006831438254090827, -0.00471699919440105, 0.022036947694892728, 0.010708027593696157, -0.01993927481549085, 0.012577563402359937, 0.01377604223670037, -0.01740844104228456, -0.03192187197759522, 0.006597636927581085, 0.03439321351559865, 0.0010499139161010973, -0.01598124959420888, 0.009209007873910213, -0.00956884105879241, -0.018111222788542602, 0.010008612068504563, 0.008673124727608172, -0.0032510067092610395, -0.0027329026458194905, -0.004721211479606691, -0.005628175492908727]","[0.10123348981142044, 0.10215740650892258, 0.0, 0.09798412024974823, 0.0, 0.0, 0.10222287476062775, 0.0, 0.0, 0.0, 0.0, 0.10222287476062775, 0.0, 0.0, 0.0956898108124733, 0.0, 0.0, 0.0, 0.0, 0.10222287476062775, 0.09645333886146545, 0.0, 0.0, 0.0, 0.0, 0.10222287476062775, 0.09759034216403961, 0.0, 0.0, 0.0]","[0.0, 5.240186950265738e-24, 1.1490702110440549e-22, 0.0, 0.0, 0.0, 0.0, 0.0, 1.149823582607079e-22, 5.016758264347467e-24, 0.0, 0.0, 0.0, 0.0, 1.0, 2.257859321692972e-22, 0.0, 2.2719037404438246e-22, 0.0, 0.0, 0.0, 5.933802523743612e-23, 0.0, 0.0, 1.1534800773024454e-22, 1.6993238095114998e-22, 0.0, 0.0, 0.0, 0.0]","[0.004026189932302559, 0.0, 0.006465338184590231, 0.0, 0.0, 0.013907392071672046, 0.012174785093535489, 0.0, 0.0, 0.0, 0.0, 0.014861993910139462, 0.0, 0.002652994436133355, 0.8860424488863079, 0.0, 0.0010038836003703575, 0.0027685909735007622, 0.0, 0.0, 0.0, 0.012364982472048296, 0.0052837542335230775, 0.0, 0.011495156625871044, 0.0, 0.022622501568549502, 0.004329988011455715, 0.0, 0.0]","[0.10123349726200104, 0.10215741395950317, 0.0, 0.09798412770032883, 0.0, 0.0, 0.10222288221120834, 0.0, 0.0, 0.0, 0.0, 0.10222288221120834, 0.0, 0.0, 0.0956898182630539, 0.0, 0.0, 0.0, 0.0, 0.10222288221120834, 0.09645334631204605, 0.0, 0.0, 0.0, 0.0, 0.10222288221120834, 0.09759034961462021, 0.0, 0.0, 0.0]",-0.00044930104406016707
51,1.044800378468039,"[1.004164194616673, 0.9961562965957466, 0.9950810257757557, 0.9930378577692105, 1.0202627192506848, 1.004666769039951, 0.9909335116289537, 0.9962217471618484, 0.9931685617459092, 0.995283000805599, 1.0220369476948927, 1.0107080275936962, 0.9800607251845092, 1.01257756340236, 1.0137760422367004, 0.9825915589577154, 0.9680781280224048, 1.006597636927581, 1.0343932135155987, 1.001049913916101, 0.9840187504057911, 1.0092090078739102, 0.9904311589412076, 0.9818887772114574, 1.0100086120685046, 1.0086731247276082, 0.996748993290739, 0.9972670973541805, 0.9952787885203933, 0.9943718245070913]","[0.9907925039231904, 1.012955332917916, 0.9803234231465069, 0.9860095056224933, 1.0187781381448997, 0.998978019628268, 0.9824859375492375, 1.007901365459015, 1.013857626779959, 1.0081975975898367, 1.0116871842434854, 1.0139663820353788, 0.9949225165813124, 1.0047010516215704, 0.9889422744170573, 0.9765169794179052, 1.0014221566262589, 1.0210911192870802, 1.0115117224008405, 1.012062625976029, 0.9794188572877116, 1.0038985931288473, 1.0329303637209784, 0.9938088820190314, 1.0067374681575951, 1.008890984334829, 1.0238110804443603, 0.9910269357367836, 0.9987646886569307, 1.0120536113046426]","[-0.009207496076809596, 0.012955332917915952, -0.01967657685349311, -0.013990494377506657, 0.018778138144899703, -0.0010219803717319564, -0.01751406245076248, 0.007901365459014986, 0.013857626779959054, 0.008197597589836736, 0.01168718424348536, 0.01396638203537881, -0.005077483418687634, 0.004701051621570418, -0.011057725582942712, -0.023483020582094838, 0.0014221566262588858, 0.021091119287080184, 0.01151172240084053, 0.012062625976029029, -0.02058114271228839, 0.0038985931288473274, 0.03293036372097835, -0.006191117980968608, 0.006737468157595128, 0.008890984334829044, 0.02381108044436031, -0.008973064263216424, -0.001235311343069312, 0.012053611304642553]","[0.0, 0.10177180171012878, 0.0, 0.0, 0.0, 0.0, 0.0, 0.0, 0.10177180171012878, 0.10177180171012878, 0.0, 0.0, 0.0, 0.0, 0.0, 0.0, 0.0, 0.10177180171012878, 0.0, 0.0, 0.0, 0.10177180171012878, 0.10177180171012878, 0.08405371010303497, 0.0, 0.10177180171012878, 0.10177180171012878, 0.0, 0.10177180171012878, 0.0]","[0.0, 0.0, 0.0, 0.0, 0.0, 0.0, 0.0, -4.357272945134371e-22, 0.0, -4.360594066277831e-22, 0.0, 0.0, -3.8273369354940346e-22, 0.0, 1.0, -3.267857660231693e-22, -4.369360415714339e-22, -4.35901078466201e-22, 0.0, 0.0, 0.0, 0.0, 0.0, -2.1489709496980895e-22, 0.0, 0.0, -4.360937500909668e-22, -3.8285379796735e-22, 0.0, 0.0]","[0.0, 0.009883676878925671, 0.0, 0.0, 0.004166799281641615, 0.01735751570062763, 0.0, 0.0, 0.0, 0.0, 0.0, 0.0, 0.0, 0.0, 0.9191452985360187, 0.003270027444663471, 0.0, 0.0, 0.0, 0.007684886486591063, 0.004652896290308369, 0.0, 0.0, 0.003158429152730138, 0.005014723277873124, 0.0, 0.011658513624167635, 0.0059184179239573816, 0.0063737210077264165, 0.0017150943947690008]","[0.0, 0.10177180171012878, 0.0, 0.0, 0.0, 0.0, 0.0, 0.0, 0.10177180171012878, 0.10177180171012878, 0.0, 0.0, 0.0, 0.0, 0.0, 0.0, 0.0, 0.10177180171012878, 0.0, 0.0, 0.0, 0.10177180171012878, 0.10177180171012878, 0.08405371010303497, 0.0, 0.10177180171012878, 0.10177180171012878, 0.0, 0.10177180171012878, 0.0]",0.011673578111589101
52,1.0325688772047814,"[0.9907925039231904, 1.012955332917916, 0.9803234231465069, 0.9860095056224933, 1.0187781381448997, 0.998978019628268, 0.9824859375492375, 1.007901365459015, 1.013857626779959, 1.0081975975898367, 1.0116871842434854, 1.0139663820353788, 0.9949225165813124, 1.0047010516215704, 0.9889422744170573, 0.9765169794179052, 1.0014221566262589, 1.0210911192870802, 1.0115117224008405, 1.012062625976029, 0.9794188572877116, 1.0038985931288473, 1.0329303637209784, 0.9938088820190314, 1.0067374681575951, 1.008890984334829, 1.0238110804443603, 0.9910269357367836, 0.9987646886569307, 1.0120536113046426]","[0.9771336041847283, 1.0111003250093893, 1.0073184038132807, 1.0120009715044835, 1.0130663446451142, 0.9958109644582888, 1.003223570320876, 0.9940707591518149, 0.9857325560615496, 1.002170699279, 1.022268566744893, 0.9982015410861982, 1.0023539719852954, 0.9813002218806735, 0.9971637687795828, 0.9889150442243753, 0.9939099228773992, 0.9802925581059496, 1.0082522744685452, 0.9539545094814917, 0.9981448446846748, 0.9823238626638198, 1.0021907645550447, 0.987046925812737, 0.9955044036829768, 0.9935842900338955, 1.000676774749256, 0.9725155815615159, 0.9827495986838388, 0.9954689472118347]","[-0.022866395815271723, 0.011100325009389289, 0.007318403813280749, 0.012000971504483537, 0.013066344645114247, -0.004189035541711239, 0.003223570320876057, -0.0059292408481851355, -0.014267443938450364, 0.0021706992790000434, 0.02226856674489297, -0.0017984589138018148, 0.002353971985295411, -0.01869977811932655, -0.002836231220417207, -0.011084955775624739, -0.00609007712260079, -0.01970744189405038, 0.008252274468545151, -0.04604549051850826, -0.0018551553153252076, -0.01767613733618023, 0.002190764555044744, -0.012953074187262992, -0.004495596317023232, -0.006415709966104521, 0.0006767747492559817, -0.02748441843848415, -0.01725040131616118, -0.004531052788165346]","[0.0778932049870491, 0.09068205952644348, 0.033320777118206024, 0.0, 0.0, 0.0, 0.11812542378902435, 0.0, 0.0, 0.0, 0.0, 0.0, 0.0, 0.0, 0.0, 0.10105908662080765, 0.10742925852537155, 0.0, 0.0, 0.12144941836595535, 0.12291274219751358, 0.10421529412269592, 0.0, 0.0, 0.0, 0.0, 0.0, 0.0, 0.12291274219751358, 0.0]","[0.0, 2.2973686378336304e-22, 0.0, 0.0, 0.0, 0.0, 4.49666891858498e-22, 2.2962631223986713e-22, 3.3910379586748913e-22, 2.2936680799257333e-22, 0.0, 0.0, 0.0, 4.503219693035422e-22, 1.0, 0.0, 0.0, 2.296907890402353e-22, 0.0, 0.0, 0.0, 0.0, 2.28807069888381e-22, 2.838377054365629e-22, 0.0, 0.0, 0.0, 0.0, 0.0, 0.0]","[0.0, 0.0, 0.011625484332392095, 0.002027122418718581, 0.0, 0.0, 0.0023641836512668856, 0.006754265394508011, 0.00841309691093246, 0.0, 0.0066154382904751174, 0.016957540409267707, 0.0, 0.0, 0.9004308876361419, 0.008938259877380722, 0.0, 0.0, 0.013419945511207228, 0.0, 0.008643927792762547, 0.0029550155698595468, 0.0, 0.0, 0.0, 0.005053087984359244, 0.0017205165008232753, 0.004081227719904624, 0.0, 0.0]","[0.0778932049870491, 0.09068205952644348, 0.033320777118206024, 0.0, 0.0, 0.0, 0.11812542378902435, 0.0, 0.0, 0.0, 0.0, 0.0, 0.0, 0.0, 0.0, 0.10105908662080765, 0.10742925852537155, 0.0, 0.0, 0.12144941836595535, 0.12291274219751358, 0.10421529412269592, 0.0, 0.0, 0.0, 0.0, 0.0, 0.0, 0.12291274219751358, 0.0]",-0.012229292248858692
53,1.034028126133348,"[0.9771336041847283, 1.0111003250093893, 1.0073184038132807, 1.0120009715044835, 1.0130663446451142, 0.9958109644582888, 1.003223570320876, 0.9940707591518149, 0.9857325560615496, 1.002170699279, 1.022268566744893, 0.9982015410861982, 1.0023539719852954, 0.9813002218806735, 0.9971637687795828, 0.9889150442243753, 0.9939099228773992, 0.9802925581059496, 1.0082522744685452, 0.9539545094814917, 0.9981448446846748, 0.9823238626638198, 1.0021907645550447, 0.987046925812737, 0.9955044036829768, 0.9935842900338955, 1.000676774749256, 0.9725155815615159, 0.9827495986838388, 0.9954689472118347]","[1.0044932549508816, 0.9992575225105669, 0.9958220587161175, 0.996448886542121, 1.0024428476596605, 1.0124333713484133, 0.9993396113450097, 0.9836099916259067, 0.9862970075393014, 1.006469721692323, 1.0031207216173441, 1.0050378859623472, 1.0292152309998395, 0.9931772055996709, 1.0027854322695693, 0.9873153268982092, 0.979169029138323, 1.0062785625688644, 1.0321326576780776, 0.9852144540765406, 1.0037534084070794, 1.0078516163092492, 1.0033601045312404, 1.0030257805184226, 1.0099946979921322, 1.013849427924377, 0.9950491978557185, 1.0310140462501753, 1.0000782649831765, 1.0064686811820833]","[0.004493254950881598, -0.0007424774894331243, -0.004177941283882491, -0.0035511134578789516, 0.0024428476596605186, 0.012433371348413269, -0.000660388654990296, -0.016390008374093323, -0.013702992460698615, 0.006469721692323072, 0.0031207216173441132, 0.005037885962347222, 0.02921523099983947, -0.006822794400329069, 0.002785432269569288, -0.012684673101790778, -0.020830970861676956, 0.006278562568864388, 0.0321326576780776, -0.014785545923459376, 0.003753408407079384, 0.007851616309249243, 0.00336010453124036, 0.003025780518422616, 0.009994697992132151, 0.013849427924377045, -0.004950802144281452, 0.031014046250175342, 7.826498317653474e-05, 0.0064686811820833245]","[0.0, 0.0, 0.0, 0.10531369596719742, 0.10531369596719742, 0.09090331196784973, 0.0, 0.0, 0.0, 0.0, 0.0, 0.10531369596719742, 0.09654008597135544, 0.10531369596719742, 0.0, 0.10480130463838577, 0.0957779511809349, 0.0, 0.0, 0.10531369596719742, 0.0, 0.0, 0.0, 0.0, 0.0, 0.0, 0.0, 0.08540890365839005, 0.0, 0.0]","[0.0, -3.2409682951657294e-22, 0.0, 0.0, 0.0, 0.0, 0.0, 0.0, 0.0, -3.24597153162693e-22, 0.0, 0.0, -1.8832855504566303e-22, 0.0, 1.0, -2.1607274033953893e-22, 0.0, 0.0, 0.0, 0.0, 0.0, -4.916918297310936e-23, -3.251239131339578e-22, 0.0, 0.0, -2.1627082266880895e-22, 0.0, 0.0, -3.2524840936551233e-22, -2.154092120772176e-22]","[0.001506037849258164, 0.0, 0.0, 0.0, 0.0, 0.0, 0.015962641834549717, 0.0, 0.004282334344120461, 0.00011684053642120708, 0.013919021066758658, 0.0, 0.0, 0.0, 0.9376314818198347, 0.0, 0.0032711401021745814, 0.0, 0.0016886157252158926, 0.003438090189532467, 0.0, 0.0, 0.006782612245320251, 0.0, 0.00594688464064729, 0.0, 0.0, 0.005454299646166503, 0.0, 0.0]","[0.0, 0.0, 0.0, 0.10531368106603622, 0.10531368106603622, 0.09090330451726913, 0.0, 0.0, 0.0, 0.0, 0.0, 0.10531368106603622, 0.09654007107019424, 0.10531368106603622, 0.0, 0.10480128973722458, 0.09577793627977371, 0.0, 0.0, 0.10531368106603622, 0.0, 0.0, 0.0, 0.0, 0.0, 0.0, 0.0, 0.08540889620780945, 0.0, 0.0]",0.0010127911169041683
54,1.029428488362355,"[1.0044932549508816, 0.9992575225105669, 0.9958220587161175, 0.996448886542121, 1.0024428476596605, 1.0124333713484133, 0.9993396113450097, 0.9836099916259067, 0.9862970075393014, 1.006469721692323, 1.0031207216173441, 1.0050378859623472, 1.0292152309998395, 0.9931772055996709, 1.0027854322695693, 0.9873153268982092, 0.979169029138323, 1.0062785625688644, 1.0321326576780776, 0.9852144540765406, 1.0037534084070794, 1.0078516163092492, 1.0033601045312404, 1.0030257805184226, 1.0099946979921322, 1.013849427924377, 0.9950491978557185, 1.0310140462501753, 1.0000782649831765, 1.0064686811820833]","[0.994888791922643, 1.0020489438498739, 0.9995203249342365, 0.9930489071693117, 1.0169578258500551, 1.0056464699876255, 0.9997928720068593, 0.991708012340299, 0.9889322933633603, 1.0160055697529184, 0.9949472943106035, 0.9728207544927908, 0.9938975701401734, 1.0105317776646483, 0.996768155144276, 1.010427772654277, 0.9865245075379799, 0.9918487917953139, 1.0111849263283528, 0.9974003801470328, 1.0017770484402249, 0.9989629497274293, 1.012635888413617, 1.0133905936729575, 1.0018701142886213, 0.9832432708778096, 1.0011912612117337, 0.998235588012427, 1.0121233283327071, 1.010597625594978]","[-0.005111208077356988, 0.0020489438498738632, -0.0004796750657635185, -0.006951092830688288, 0.01695782585005512, 0.005646469987625524, -0.00020712799314070995, -0.008291987659700961, -0.011067706636639696, 0.016005569752918447, -0.0050527056893965305, -0.027179245507209182, -0.006102429859826564, 0.0105317776646483, -0.003231844855724031, 0.010427772654276968, -0.013475492462020067, -0.008151208204686067, 0.011184926328352773, -0.0025996198529671943, 0.0017770484402248599, -0.0010370502725707276, 0.012635888413617069, 0.013390593672957474, 0.0018701142886212718, -0.016756729122190395, 0.0011912612117337407, -0.0017644119875730446, 0.012123328332707128, 0.01059762559497801]","[0.10020681470632553, 0.0, 0.10020681470632553, 0.0, 0.0, 0.0, 0.0, 0.10020681470632553, 0.0, 0.0, 0.10020681470632553, 0.0, 0.10020681470632553, 0.0, 0.0, 0.10020681470632553, 0.10020681470632553, 0.0, 0.0, 0.0, 0.0, 0.0, 0.0, 0.0, 0.10020681470632553, 0.09813858568668365, 0.0, 0.10020681470632553, 0.0, 0.0]","[0.0, 0.0, 0.0, 0.0, 0.0, 0.0, 0.0, 0.0, 0.0, 5.632408647746777e-22, 0.0, 0.0, 0.0, 5.620086209368696e-22, 1.0, 6.718055151030616e-22, 5.621945509840727e-22, 5.636478279406081e-22, 0.0, 5.622984311154857e-22, 0.0, 0.0, 5.626876968033051e-22, 0.0, 5.620891942375491e-22, 0.0, 0.0, 0.0, 5.625773172160791e-22, 0.0]","[0.0, 0.0007698164061900424, 0.007045836132666428, 0.012961932594931513, 0.002802084192023087, 0.009655995993484087, 0.0, 0.0, 0.0, 0.0021003559584508564, 0.006754458260861486, 0.013089176486654986, 0.00039600898754076026, 0.007906698546253818, 0.8885809763902981, 0.007537757281842541, 0.009477902037235105, 0.0, 0.004662782510649575, 0.0, 0.0, 0.0, 0.0, 0.0020567683950442036, 0.0, 0.0, 0.00671221826635708, 0.002219526591968238, 0.00278627952295125, 0.012483425444596656]","[0.10020682960748672, 0.0, 0.10020682960748672, 0.0, 0.0, 0.0, 0.0, 0.10020682960748672, 0.0, 0.0, 0.10020682960748672, 0.0, 0.10020682960748672, 0.0, 0.0, 0.10020682960748672, 0.10020682960748672, 0.0, 0.0, 0.0, 0.0, 0.0, 0.0, 0.0, 0.10020682960748672, 0.09813860058784485, 0.0, 0.10020682960748672, 0.0, 0.0]",-0.00485222900571505
55,1.035232592160568,"[0.994888791922643, 1.0020489438498739, 0.9995203249342365, 0.9930489071693117, 1.0169578258500551, 1.0056464699876255, 0.9997928720068593, 0.991708012340299, 0.9889322933633603, 1.0160055697529184, 0.9949472943106035, 0.9728207544927908, 0.9938975701401734, 1.0105317776646483, 0.996768155144276, 1.010427772654277, 0.9865245075379799, 0.9918487917953139, 1.0111849263283528, 0.9974003801470328, 1.0017770484402249, 0.9989629497274293, 1.012635888413617, 1.0133905936729575, 1.0018701142886213, 0.9832432708778096, 1.0011912612117337, 0.998235588012427, 1.0121233283327071, 1.010597625594978]","[0.9753709776939556, 0.9980005397313537, 0.9988389341904657, 1.005843958474089, 0.9801706079296602, 1.006579329629054, 0.9948261976614091, 0.9904135988016424, 1.0035140835922243, 0.997901042506303, 0.9949972430709711, 1.0013626777775442, 0.982551878541424, 0.9787604784262627, 1.0113340844532777, 1.0161412511645234, 0.9905739886493206, 1.0078705214045063, 0.9882930466586708, 1.007763601461571, 1.0007096328939664, 1.021738266991488, 0.9874432840869131, 1.0062526879918194, 1.021719356565782, 1.0132727930639736, 0.9976795986718039, 1.001319150798185, 1.0186239623239812, 1.004234126581611]","[-0.024629022306044357, -0.0019994602686462803, -0.0011610658095343451, 0.005843958474089028, -0.019829392070339846, 0.006579329629053943, -0.005173802338590883, -0.00958640119835763, 0.003514083592224271, -0.00209895749369704, -0.005002756929028851, 0.0013626777775441745, -0.017448121458575994, -0.02123952157373732, 0.01133408445327766, 0.016141251164523363, -0.009426011350679442, 0.007870521404506281, -0.011706953341329207, 0.007763601461570957, 0.0007096328939664165, 0.021738266991488064, -0.012556715913086935, 0.006252687991819439, 0.021719356565782055, 0.013272793063973554, -0.002320401328196109, 0.0013191507981848982, 0.018623962323981225, 0.004234126581611042]","[0.0, 0.0, 0.0, 0.0, 0.0, 0.0, 0.0, 0.0, 0.0, 0.0, 0.0, 0.04907354339957237, 0.1416071206331253, 0.0, 0.0, 0.0, 0.0, 0.0, 0.055531181395053864, 0.0, 0.0, 0.1416071206331253, 0.05869404971599579, 0.0, 0.09541582316160202, 0.10038535296916962, 0.09246362745761871, 0.0, 0.1416071206331253, 0.12361499667167664]","[0.0, 0.0, 0.0, 0.0, 0.0, 0.0, 0.0, 8.933137035028572e-22, 6.702111380106979e-22, 0.0, 0.0, 5.583163341431191e-22, 5.4471944005106565e-22, 5.593910327268158e-22, 1.0, 0.0, 0.0, 0.0, 0.0, 0.0, 0.0, 5.033187270947847e-22, 6.708078161876992e-22, 0.0, 0.0, 5.029689137891348e-22, 0.0, 0.0, 0.0, 5.590266684441977e-22]","[0.0, 0.0009786493548773392, 0.010806514154859878, 0.0, 0.0, 0.0, 0.0, 0.0, 0.005799904453436621, 0.001814396994953962, 0.0, 0.013512259501855427, 0.0021263873377554486, 0.0, 0.9006483632390955, 0.0, 0.0, 0.007249364805413782, 0.006161280585528113, 0.0, 0.0, 0.01846497240378709, 0.01672330596164312, 0.005816155961908781, 0.0, 0.0, 0.002156304777361182, 0.0, 0.007742140467523696, 0.0]","[0.0, 0.0, 0.0, 0.0, 0.0, 0.0, 0.0, 0.0, 0.0, 0.0, 0.0, 0.04907355085015297, 0.1416071355342865, 0.0, 0.0, 0.0, 0.0, 0.0, 0.05553118884563446, 0.0, 0.0, 0.1416071355342865, 0.058694057166576385, 0.0, 0.09541583806276321, 0.10038536787033081, 0.09246363490819931, 0.0, 0.1416071355342865, 0.12361501157283783]",0.0051887276486255384
56,1.0375655825968801,"[0.9753709776939556, 0.9980005397313537, 0.9988389341904657, 1.005843958474089, 0.9801706079296602, 1.006579329629054, 0.9948261976614091, 0.9904135988016424, 1.0035140835922243, 0.997901042506303, 0.9949972430709711, 1.0013626777775442, 0.982551878541424, 0.9787604784262627, 1.0113340844532777, 1.0161412511645234, 0.9905739886493206, 1.0078705214045063, 0.9882930466586708, 1.007763601461571, 1.0007096328939664, 1.021738266991488, 0.9874432840869131, 1.0062526879918194, 1.021719356565782, 1.0132727930639736, 0.9976795986718039, 1.001319150798185, 1.0186239623239812, 1.004234126581611]","[0.9899354502521319, 1.002475032734635, 1.0014975590706392, 1.0030914052521498, 0.9630898804884539, 1.0103649162466457, 1.0169449752363264, 1.0322890680613894, 1.0054921616718275, 1.0233518974998257, 0.9939623740371575, 0.9980460370052406, 0.9934265534673508, 1.0050296738337472, 0.9925326821671007, 0.9851860342993193, 0.990714368195753, 1.0024793722449958, 1.0049635166857798, 0.9960818739645656, 0.9960399812347278, 0.9977838776334998, 1.0048367144303407, 1.0039399506817923, 0.9999791969579127, 1.0007460257743284, 1.025393831443786, 1.0052982761093092, 1.013691564388563, 0.984264588208832]","[-0.010064549747868079, 0.0024750327346350076, 0.0014975590706391984, 0.0030914052521497926, -0.0369101195115461, 0.010364916246645706, 0.01694497523632643, 0.032289068061389425, 0.0054921616718275335, 0.02335189749982569, -0.006037625962842519, -0.0019539629947593617, -0.006573446532649241, 0.005029673833747195, -0.007467317832899334, -0.01481396570068072, -0.009285631804247019, 0.0024793722449958366, 0.0049635166857797675, -0.003918126035434399, -0.0039600187652721885, -0.0022161223665001506, 0.004836714430340727, 0.003939950681792315, -2.080304208729178e-05, 0.0007460257743283627, 0.02539383144378604, 0.005298276109309219, 0.013691564388562893, -0.015735411791167997]","[0.0, 0.09999999403953552, 0.0, 0.09999999403953552, 0.0, 0.0, 0.0, 0.0, 0.0, 0.0, 0.0, 0.0, 0.0, 0.0, 0.0, 0.0, 0.0, 0.09999999403953552, 0.09999999403953552, 0.0, 0.09999999403953552, 0.09999999403953552, 0.0, 0.0, 0.0, 0.09999999403953552, 0.09999999403953552, 0.09999999403953552, 0.0, 0.09999999403953552]","[0.0, 0.0, 0.0, 0.0, 0.0, 0.0, 0.0, 0.0, 0.0, -1.0321463767909969e-22, 0.0, 0.0, 1.1657380248532255e-22, 1.1778363106853892e-22, 1.0, 5.306114046756248e-24, 0.0, 0.0, 0.0, 0.0, 0.0, 1.16554588092402e-22, 0.0, 0.0, 1.1739108607669207e-22, 1.7156135675866703e-22, 1.1894602282009665e-22, 0.0, -1.0407501261252763e-22, 0.0]","[0.0, 0.0001668004092465307, 0.0, 0.018238857107556457, 0.0, 0.0, 0.007238579420479092, 0.0, 0.0, 0.00923956166365745, 0.003519705282610362, 0.0025837924083753493, 0.006689412934050748, 0.012344567773435207, 0.8845226329013638, 0.0, 0.0019972430925610848, 0.013516753247806112, 0.0, 0.0, 0.0027430572051958028, 0.003759139542605677, 0.0066070016084078306, 0.0, 0.0, 0.004456840379400551, 0.0005901376063466149, 0.0012630273869919716, 0.014416751227084313, 0.0061061388028250795]","[0.0, 0.09999999403953552, 0.0, 0.09999999403953552, 0.0, 0.0, 0.0, 0.0, 0.0, 0.0, 0.0, 0.0, 0.0, 0.0, 0.0, 0.0, 0.0, 0.09999999403953552, 0.09999999403953552, 0.0, 0.09999999403953552, 0.09999999403953552, 0.0, 0.0, 0.0, 0.09999999403953552, 0.09999999403953552, 0.09999999403953552, 0.0, 0.09999999403953552]",0.001814249667343353
57,1.0324121727540827,"[0.9899354502521319, 1.002475032734635, 1.0014975590706392, 1.0030914052521498, 0.9630898804884539, 1.0103649162466457, 1.0169449752363264, 1.0322890680613894, 1.0054921616718275, 1.0233518974998257, 0.9939623740371575, 0.9980460370052406, 0.9934265534673508, 1.0050296738337472, 0.9925326821671007, 0.9851860342993193, 0.990714368195753, 1.0024793722449958, 1.0049635166857798, 0.9960818739645656, 0.9960399812347278, 0.9977838776334998, 1.0048367144303407, 1.0039399506817923, 0.9999791969579127, 1.0007460257743284, 1.025393831443786, 1.0052982761093092, 1.013691564388563, 0.984264588208832]","[0.9962666299488602, 0.9869273102651407, 0.9860218460007383, 0.9911363074507337, 0.9921122219994197, 0.9908497405951713, 0.9947182319367857, 1.0088118220735356, 1.0074202200370583, 1.009985491590603, 0.9927410198440398, 1.0070565126814146, 0.9984550761092477, 0.9930555758141312, 0.9896333352600911, 0.9830145300359884, 0.9814167471608245, 0.9990170130062274, 0.9933706741027134, 0.99760295811646, 0.9930603103936012, 0.9975485575219717, 1.007041041981448, 0.9952657544229068, 1.00328586564239, 1.0003623382959295, 0.9990841329464395, 0.9964231370369462, 1.011707527646088, 1.013495182694652]","[-0.0037333700511398282, -0.01307268973485931, -0.013978153999261722, -0.008863692549266333, -0.00788777800058027, -0.00915025940482872, -0.005281768063214343, 0.008811822073535591, 0.007420220037058334, 0.009985491590603024, -0.00725898015596016, 0.007056512681414606, -0.0015449238907523366, -0.006944424185868825, -0.010366664739908882, -0.016985469964011624, -0.0185832528391755, -0.0009829869937726388, -0.006629325897286598, -0.002397041883539952, -0.006939689606398791, -0.0024514424780283095, 0.007041041981447949, -0.004734245577093232, 0.0032858656423899735, 0.0003623382959294652, -0.000915867053560504, -0.0035768629630538173, 0.011707527646088067, 0.013495182694652108]","[0.0, 0.12350723147392273, 0.0, 0.12350723147392273, 0.0, 0.12350723147392273, 0.0, 0.0, 0.0, 0.10825230926275253, 0.11413318663835526, 0.0, 0.0, 0.0, 0.0, 0.12350723147392273, 0.013148806989192963, 0.0, 0.0, 0.0, 0.0, 0.0, 0.11891432106494904, 0.0, 0.06278473138809204, 0.0, 0.08873769640922546, 0.0, 0.0, 0.0]","[2.2648323655281846e-22, 0.0, 0.0, 0.0, 0.0, 1.1482058193264237e-22, 0.0, 6.085406636190704e-24, 0.0, 0.0, 2.258094954291287e-22, 0.0, 1.7049430658203991e-22, 2.270099164177235e-22, 1.0, 0.0, 0.0, 0.0, 0.0, 0.0, 0.0, 0.0, 0.0, 0.0, 6.008128795163482e-23, 0.0, 6.022484329377108e-24, 0.0, 0.0, 5.970351445727543e-23]","[0.0052676400109225585, 0.0, 0.0016787216935851546, 0.0034229011616069074, 0.0, 0.00279980486221638, 0.0, 0.013085940364120316, 0.0, 0.0, 0.021710006620444713, 0.014461359437792514, 0.0, 0.0, 0.8867017988356106, 0.0, 0.0, 0.0, 0.0020892232542182635, 0.011657532088273836, 0.0, 0.0, 0.0, 0.010041778808051302, 0.01009814929291157, 0.0, 0.004940829443800291, 0.007073913511556961, 0.0023146728340935167, 0.0026557277807950485]","[0.0, 0.12350723147392273, 0.0, 0.12350723147392273, 0.0, 0.12350723147392273, 0.0, 0.0, 0.0, 0.10825230926275253, 0.11413318663835526, 0.0, 0.0, 0.0, 0.0, 0.12350723147392273, 0.013148806989192963, 0.0, 0.0, 0.0, 0.0, 0.0, 0.11891432106494904, 0.0, 0.06278473138809204, 0.0, 0.08873769640922546, 0.0, 0.0, 0.0]",-0.005356970419345997
58,1.0376476217906212,"[0.9962666299488602, 0.9869273102651407, 0.9860218460007383, 0.9911363074507337, 0.9921122219994197, 0.9908497405951713, 0.9947182319367857, 1.0088118220735356, 1.0074202200370583, 1.009985491590603, 0.9927410198440398, 1.0070565126814146, 0.9984550761092477, 0.9930555758141312, 0.9896333352600911, 0.9830145300359884, 0.9814167471608245, 0.9990170130062274, 0.9933706741027134, 0.99760295811646, 0.9930603103936012, 0.9975485575219717, 1.007041041981448, 0.9952657544229068, 1.00328586564239, 1.0003623382959295, 0.9990841329464395, 0.9964231370369462, 1.011707527646088, 1.013495182694652]","[1.0048176859990576, 1.0055284557597792, 1.0057109227856567, 1.0058512474082577, 0.9952754424323816, 1.0125917143260055, 0.9815038031427207, 1.0039087745594346, 1.0165610984027746, 1.0162426868231798, 0.9891603398007403, 1.0342261903034484, 0.9907380667330221, 1.0164985651335068, 0.9946199114304081, 1.0141382769314533, 1.004558338383381, 0.984471601753921, 1.018651672975589, 1.0211373702906197, 0.994070010186194, 1.007304679836248, 0.9743630734103178, 0.9929245175571942, 0.978952777001834, 0.9945767084579547, 0.9932599527238047, 1.0070266606431177, 0.9954021835828617, 1.000769276091631]","[0.00481768599905763, 0.005528455759779227, 0.005710922785656658, 0.005851247408257709, -0.004724557567618359, 0.012591714326005476, -0.018496196857279323, 0.0039087745594346135, 0.016561098402774643, 0.016242686823179753, -0.010839660199259749, 0.03422619030344842, -0.009261933266977884, 0.016498565133506782, -0.005380088569591934, 0.014138276931453309, 0.004558338383380933, -0.01552839824607899, 0.018651672975589006, 0.021137370290619684, -0.0059299898138059914, 0.00730467983624794, -0.025636926589682196, -0.007075482442805758, -0.02104722299816597, -0.00542329154204535, -0.00674004727619526, 0.007026660643117744, -0.004597816417138301, 0.0007692760916309105]","[0.0, 0.16455352306365967, 0.0, 0.03477124124765396, 0.0, 0.0, 0.0, 0.0, 0.13557706773281097, 0.0, 0.0, 0.14747437834739685, 0.09300298243761063, 0.06791923940181732, 0.0, 0.0, 0.0, 0.0, 0.0, 0.0, 0.044159602373838425, 0.09435293823480606, 0.1404063105583191, 0.0, 0.0, 0.07778264582157135, 0.0, 0.0, 0.0, 0.0]","[3.368609062521049e-22, 2.270028842989917e-22, 2.254608247052998e-22, 0.0, 0.0, 0.0, 0.0, 0.0, 0.0, 0.0, 0.0, 0.0, 0.0, 3.372809008301143e-22, 1.0, 0.0, 0.0, 3.3799640369545863e-22, 2.261524746201341e-22, 0.0, 5.587703702662897e-22, 0.0, 0.0, 0.0, 0.0, 2.2525462577385e-22, 3.3822433450608913e-22, 0.0, 0.0, 0.0]","[0.01407168143543455, 0.008919857863835244, 0.0019525621459404834, 0.0, 0.0, 0.0, 0.0, 0.00849556289352922, 0.0051947290005165386, 0.0, 0.0, 0.0019648208199706933, 0.002086310336687857, 0.004361405675593122, 0.9027297818843285, 0.0, 0.0, 0.009500674722343108, 0.0, 0.005839090416725978, 0.0, 0.009109170604069941, 0.0, 0.008607997358550144, 0.0, 0.003490615601654403, 0.0, 0.0, 0.0011018343846176915, 0.01257390485620258]","[0.0, 0.16455353796482086, 0.0, 0.03477124497294426, 0.0, 0.0, 0.0, 0.0, 0.13557708263397217, 0.0, 0.0, 0.14747439324855804, 0.09300298988819122, 0.06791924685239792, 0.0, 0.0, 0.0, 0.0, 0.0, 0.0, 0.04415960609912872, 0.09435294568538666, 0.14040632545948029, 0.0, 0.0, 0.07778265327215195, 0.0, 0.0, 0.0, 0.0]",0.004665199590002989
59,1.046376158375913,"[1.0048176859990576, 1.0055284557597792, 1.0057109227856567, 1.0058512474082577, 0.9952754424323816, 1.0125917143260055, 0.9815038031427207, 1.0039087745594346, 1.0165610984027746, 1.0162426868231798, 0.9891603398007403, 1.0342261903034484, 0.9907380667330221, 1.0164985651335068, 0.9946199114304081, 1.0141382769314533, 1.004558338383381, 0.984471601753921, 1.018651672975589, 1.0211373702906197, 0.994070010186194, 1.007304679836248, 0.9743630734103178, 0.9929245175571942, 0.978952777001834, 0.9945767084579547, 0.9932599527238047, 1.0070266606431177, 0.9954021835828617, 1.000769276091631]","[0.9740608133833181, 1.0123583618983443, 0.9980777135008131, 0.9906651747393455, 1.0092169910191608, 1.0001458138185049, 0.9999551197726461, 1.001978790339212, 0.99135570681315, 0.9947724405907015, 1.0076156394888582, 1.0129514407706566, 1.000178439923232, 1.000042741233404, 1.020025098927337, 0.9983217023086635, 1.03467537974166, 1.0085145735579906, 1.0035685099781326, 1.01668406389127, 1.0056874366154636, 0.9965266481402869, 1.015281566947631, 1.0230566796982574, 0.9928268484822469, 0.9964796352789339, 1.0157878599389734, 0.9964959624968077, 1.015700361814918, 0.9924290921326598]","[-0.02593918661668193, 0.012358361898344272, -0.0019222864991869093, -0.009334825260654545, 0.009216991019160847, 0.00014581381850486963, -4.488022735393837e-05, 0.001978790339212111, -0.008644293186850005, -0.005227559409298532, 0.007615639488858239, 0.012951440770656575, 0.00017843992323207658, 4.274123340408664e-05, 0.02002509892733695, -0.0016782976913365388, 0.034675379741659906, 0.008514573557990568, 0.003568509978132628, 0.016684063891269973, 0.005687436615463559, -0.003473351859713092, 0.015281566947630942, 0.02305667969825742, -0.007173151517753107, -0.0035203647210660938, 0.01578785993897336, -0.003504037503192281, 0.015700361814918073, -0.00757090786734016]","[0.0, 0.10500702261924744, 0.0, 0.0, 0.10135543346405029, 0.0, 0.0, 0.0, 0.08275383710861206, 0.09416022151708603, 0.10455219447612762, 0.0, 0.0, 0.0, 0.10500702261924744, 0.0, 0.0, 0.0, 0.0, 0.10500702261924744, 0.0, 0.0, 0.0, 0.0, 0.0, 0.0, 0.10500702261924744, 0.10500702261924744, 0.09214314818382263, 0.0]","[2.260445500882232e-22, 2.2719265075550325e-22, 2.2564129181986007e-22, 0.0, 0.0, 0.0, 0.0, 1.165238508667872e-22, 0.0, 0.0, 0.0, 0.0, 2.5326194886689745e-22, 0.0, 1.0, 0.0, 0.0, 0.0, 0.0, 1.1557280202375292e-22, 0.0, 0.0, 0.0, 0.0, 0.0, 0.0, 1.16322551608968e-22, 0.0, 1.156888190790971e-22, 3.9243317480098427e-22]","[0.0, 0.0, 0.0, 0.007662093655175206, 0.0, 0.0, 0.0, 0.0034502188182207825, 0.0, 0.0, 0.0, 0.0030208422384916107, 0.0, 0.0, 0.9147672880690347, 0.0021544829269816044, 0.009635967061757808, 0.029798247587250526, 0.0, 0.007661586925825595, 0.007035432308642085, 0.0009561145050401052, 0.0, 0.0, 0.0009367983414552336, 0.0016341335280957588, 0.0, 0.01128679403402893, 0.0, 0.0]","[0.0, 0.10500702261924744, 0.0, 0.0, 0.10135543346405029, 0.0, 0.0, 0.0, 0.08275383710861206, 0.09416022151708603, 0.10455219447612762, 0.0, 0.0, 0.0, 0.10500702261924744, 0.0, 0.0, 0.0, 0.0, 0.10500702261924744, 0.0, 0.0, 0.0, 0.0, 0.0, 0.0, 0.10500702261924744, 0.10500702261924744, 0.09214314818382263, 0.0]",0.007987496860608045
60,1.050089942660462,"[0.9740608133833181, 1.0123583618983443, 0.9980777135008131, 0.9906651747393455, 1.0092169910191608, 1.0001458138185049, 0.9999551197726461, 1.001978790339212, 0.99135570681315, 0.9947724405907015, 1.0076156394888582, 1.0129514407706566, 1.000178439923232, 1.000042741233404, 1.020025098927337, 0.9983217023086635, 1.03467537974166, 1.0085145735579906, 1.0035685099781326, 1.01668406389127, 1.0056874366154636, 0.9965266481402869, 1.015281566947631, 1.0230566796982574, 0.9928268484822469, 0.9964796352789339, 1.0157878599389734, 0.9964959624968077, 1.015700361814918, 0.9924290921326598]","[0.9940309137818614, 0.9983913726868336, 1.020625414913361, 1.0119930449020662, 1.018350915873534, 1.0119590428304441, 1.008306122181108, 1.0014560962989822, 0.9880336463127188, 1.0073103021037317, 1.0067305249155236, 1.023061323076943, 1.014216638137098, 0.9874377090460829, 0.9958740045172542, 1.01625139619174, 0.9976196619576889, 1.0137249436003064, 1.0162476071601407, 1.022088330036117, 1.0184830951302581, 1.0114596870072727, 1.0238593581893183, 0.9955556527080623, 0.9921248407592891, 1.0141037888481623, 1.0013188577538201, 0.9685557977979982, 1.008591909555846, 0.9810094548173656]","[-0.005969086218138631, -0.0016086273131663553, 0.020625414913360895, 0.011993044902066208, 0.01835091587353399, 0.011959042830444133, 0.008306122181108044, 0.0014560962989822457, -0.011966353687281162, 0.007310302103731736, 0.006730524915523617, 0.023061323076942974, 0.014216638137098059, -0.012562290953917143, -0.004125995482745837, 0.016251396191740097, -0.002380338042311081, 0.013724943600306405, 0.01624760716014073, 0.022088330036116988, 0.018483095130258143, 0.011459687007272734, 0.02385935818931828, -0.004444347291937656, -0.007875159240710916, 0.014103788848162324, 0.001318857753820124, -0.031444202202001836, 0.008591909555845989, -0.018990545182634433]","[0.10600380599498749, 0.0, 0.10600380599498749, 0.0, 0.10027731955051422, 0.10600380599498749, 0.10600380599498749, 0.0, 0.0, 0.0, 0.0, 0.0, 0.0, 0.09041958302259445, 0.10600380599498749, 0.08862890303134918, 0.10600380599498749, 0.0, 0.0, 0.0, 0.0, 0.0, 0.0, 0.0, 0.0, 0.0, 0.0, 0.0, 0.0, 0.08465135842561722]","[1.1585897785238595e-22, 0.0, 2.262109805908589e-22, 0.0, 0.0, 0.0, 1.1546668695078778e-22, 0.0, 0.0, 0.0, 0.0, 0.0, 0.0, 1.1615554927153908e-22, 1.0, 0.0, 1.1549961517285562e-22, 1.1663203355959231e-22, 0.0, 0.0, 0.0, 0.0, 0.0, 0.0, 2.266597934656793e-22, 0.0, 1.1686939571079023e-22, 0.0, 1.1618474512765636e-22, 0.0]","[0.0, 0.0075361644644714, 0.0, 0.004325370650569814, 0.0, 0.0021300622434790714, 0.02256699983344821, 0.003454988164358257, 0.0, 0.013770386343424914, 0.011214361476400371, 0.0, 0.00015370634949344683, 0.0, 0.8864151875198756, 0.0, 0.0, 0.0, 0.007512477781400525, 0.0, 0.0, 0.0, 0.0, 0.0, 0.0, 0.00331392417754269, 0.001586496180199998, 0.023953778483690458, 0.012066096331645187, 0.0]","[0.10600380599498749, 0.0, 0.10600380599498749, 0.0, 0.10027731955051422, 0.10600380599498749, 0.10600380599498749, 0.0, 0.0, 0.0, 0.0, 0.0, 0.0, 0.09041958302259445, 0.10600380599498749, 0.08862890303134918, 0.10600380599498749, 0.0, 0.0, 0.0, 0.0, 0.0, 0.0, 0.0, 0.0, 0.0, 0.0, 0.0, 0.0, 0.08465135842561722]",0.0031612980089021406
61,1.0500594750691714,"[0.9940309137818614, 0.9983913726868336, 1.020625414913361, 1.0119930449020662, 1.018350915873534, 1.0119590428304441, 1.008306122181108, 1.0014560962989822, 0.9880336463127188, 1.0073103021037317, 1.0067305249155236, 1.023061323076943, 1.014216638137098, 0.9874377090460829, 0.9958740045172542, 1.01625139619174, 0.9976196619576889, 1.0137249436003064, 1.0162476071601407, 1.022088330036117, 1.0184830951302581, 1.0114596870072727, 1.0238593581893183, 0.9955556527080623, 0.9921248407592891, 1.0141037888481623, 1.0013188577538201, 0.9685557977979982, 1.008591909555846, 0.9810094548173656]","[0.9768264447398681, 1.0015719530746388, 1.002259662828066, 1.0101124287038885, 0.984944403308839, 1.0030732194974195, 0.9866041662495081, 1.0065633790400283, 0.9907108215610728, 0.9579785696481212, 1.0268230123893216, 0.9938729815433037, 0.9904845948936641, 1.0085237257766038, 0.9891833080911137, 0.9973261360010981, 1.0059866349469064, 1.0075149407284998, 1.0143264019948717, 1.0382715018651876, 0.9927245832119834, 0.9976632931063055, 1.011023971136847, 0.9853501750523069, 1.0043009939782952, 1.004914493112745, 1.0075568729894482, 1.0060598060926054, 1.004767340533357, 0.9976773917961188]","[-0.023173555260131873, 0.0015719530746387544, 0.0022596628280660003, 0.01011242870388851, -0.015055596691160966, 0.003073219497419455, -0.013395833750491914, 0.00656337904002835, -0.009289178438927181, -0.042021430351878775, 0.02682301238932161, -0.006127018456696276, -0.009515405106335861, 0.008523725776603763, -0.010816691908886344, -0.002673863998901904, 0.005986634946906433, 0.007514940728499786, 0.014326401994871674, 0.038271501865187574, -0.007275416788016575, -0.0023367068936944735, 0.011023971136846944, -0.014649824947693069, 0.004300993978295198, 0.004914493112744944, 0.007556872989448182, 0.006059806092605369, 0.004767340533357034, -0.0023226082038811935]","[0.0, 0.0, 0.1059672012925148, 0.0, 0.08269251137971878, 0.0, 0.0, 0.0, 0.0, 0.0, 0.0, 0.0, 0.1059672012925148, 0.1059672012925148, 0.0, 0.10372383147478104, 0.0, 0.1059672012925148, 0.0, 0.0, 0.0, 0.07181331515312195, 0.0, 0.0, 0.1059672012925148, 0.1059672012925148, 0.0, 0.0, 0.0, 0.1059672012925148]","[0.0, 3.409092111307923e-22, 0.0, 4.5042870537335855e-22, 0.0, 0.0, 4.503746257289063e-22, 0.0, 0.0, 0.0, 0.0, 0.0, 0.0, 0.0, 1.0, 0.0, 0.0, 4.520472066611242e-22, 4.5097591858504725e-22, 0.0, 0.0, 4.77765761304335e-22, 4.514158116740269e-22, 4.225617122413769e-22, 4.504348954909261e-22, 0.0, 0.0, 0.0, 0.0, 0.0]","[0.0, 0.00010919201446990842, 0.009349708981914971, 0.002774291350160468, 0.0, 0.0, 0.0, 0.009406541568045598, 0.005046131510668317, 0.0, 0.0, 0.0, 0.016579628846592757, 0.0, 0.9051023940174141, 0.0, 0.00045411004779988544, 0.0, 0.009692478093348436, 0.0, 0.0, 0.002813310121639208, 0.0, 0.0113996322741079, 0.0, 0.0, 0.014696306275638622, 0.0, 0.012576274898199912, 0.0]","[0.0, 0.0, 0.10596718639135361, 0.0, 0.08269250392913818, 0.0, 0.0, 0.0, 0.0, 0.0, 0.0, 0.0, 0.10596718639135361, 0.10596718639135361, 0.0, 0.10372381657361984, 0.0, 0.10596718639135361, 0.0, 0.0, 0.0, 0.07181330770254135, 0.0, 0.0, 0.10596718639135361, 0.10596718639135361, 0.0, 0.0, 0.0, 0.10596718639135361]",-0.0004141764293755919
62,1.0548990185591285,"[0.9768264447398681, 1.0015719530746388, 1.002259662828066, 1.0101124287038885, 0.984944403308839, 1.0030732194974195, 0.9866041662495081, 1.0065633790400283, 0.9907108215610728, 0.9579785696481212, 1.0268230123893216, 0.9938729815433037, 0.9904845948936641, 1.0085237257766038, 0.9891833080911137, 0.9973261360010981, 1.0059866349469064, 1.0075149407284998, 1.0143264019948717, 1.0382715018651876, 0.9927245832119834, 0.9976632931063055, 1.011023971136847, 0.9853501750523069, 1.0043009939782952, 1.004914493112745, 1.0075568729894482, 1.0060598060926054, 1.004767340533357, 0.9976773917961188]","[1.0024930699267176, 0.9836131405101065, 0.9948501570337389, 0.9712383107803405, 1.0059407179054414, 1.0001350869421388, 1.0094272676537024, 0.9905989024544543, 0.9803278687796224, 1.0020814490761163, 1.0241538201247078, 0.9881396882689695, 0.9971677915253198, 1.0271011321106884, 0.986083400342895, 1.007401129182783, 0.9834603266815611, 1.0138815625794104, 1.0190108395536652, 0.9762497045968257, 0.9873368915042818, 0.9867336561940054, 1.0060989099666926, 0.9916553521701047, 1.0190024923427055, 0.995199378950028, 0.9958251356799025, 0.9945354653406598, 0.9928616548980752, 1.0047746382119271]","[0.002493069926717606, -0.01638685948989349, -0.005149842966261087, -0.028761689219659492, 0.005940717905441373, 0.0001350869421388179, 0.009427267653702387, -0.009401097545545745, -0.019672131220377587, 0.002081449076116293, 0.024153820124707792, -0.011860311731030526, -0.0028322084746802423, 0.02710113211068843, -0.013916599657105011, 0.007401129182782906, -0.016539673318438863, 0.013881562579410422, 0.019010839553665226, -0.023750295403174304, -0.012663108495718167, -0.013266343805994563, 0.0060989099666926005, -0.008344647829895302, 0.019002492342705457, -0.004800621049972031, -0.004174864320097504, -0.005464534659340159, -0.007138345101924792, 0.00477463821192714]","[0.0, 0.0, 0.08167341351509094, 0.0, 0.0, 0.03737173601984978, 0.0, 0.0, 0.0, 0.0, 0.14284679293632507, 0.05313465744256973, 0.0, 0.1044381782412529, 0.0, 0.14284679293632507, 0.12289339303970337, 0.0, 0.09997060149908066, 0.0, 0.0, 0.0719776526093483, 0.0, 0.0, 0.0, 0.0, 0.14284679293632507, 0.0, 0.0, 0.0]","[2.2909319236721387e-22, 0.0, 0.0, 0.0, 0.0, 0.0, 0.0, 9.508661465464015e-24, 0.0, 8.810478420316832e-24, 2.2833022567021383e-22, 0.0, 0.0, 0.0, 1.0, 0.0, 2.289347942989971e-22, 2.309549487296434e-22, 0.0, 0.0, 0.0, 0.0, 0.0, 0.0, 0.0, 2.003712980288993e-22, 8.9631988378131e-24, 2.556064388796343e-22, 0.0, 0.0]","[0.017385902905994767, 0.0036457692536293355, 0.0, 0.010258020630621204, 0.008410527442481011, 0.013674163517751197, 0.0, 0.007709177647770764, 0.0, 0.00885122027976634, 0.009077011380332829, 0.0, 0.0005776418586785089, 0.0, 0.8354261584511484, 0.0, 0.02316561637938711, 0.0, 0.0, 0.0, 0.009310208191088193, 0.00830905637237158, 0.007725491751009258, 0.003522047841617931, 0.0, 0.007647436527612967, 0.011011582151960726, 0.0, 0.0, 0.01429296741677782]","[0.0, 0.0, 0.08167341351509094, 0.0, 0.0, 0.03737173601984978, 0.0, 0.0, 0.0, 0.0, 0.14284679293632507, 0.05313465744256973, 0.0, 0.1044381782412529, 0.0, 0.14284679293632507, 0.12289339303970337, 0.0, 0.09997060149908066, 0.0, 0.0, 0.0719776526093483, 0.0, 0.0, 0.0, 0.0, 0.14284679293632507, 0.0, 0.0, 0.0]",0.004122971029906425
63,1.0584914339226266,"[1.0024930699267176, 0.9836131405101065, 0.9948501570337389, 0.9712383107803405, 1.0059407179054414, 1.0001350869421388, 1.0094272676537024, 0.9905989024544543, 0.9803278687796224, 1.0020814490761163, 1.0241538201247078, 0.9881396882689695, 0.9971677915253198, 1.0271011321106884, 0.986083400342895, 1.007401129182783, 0.9834603266815611, 1.0138815625794104, 1.0190108395536652, 0.9762497045968257, 0.9873368915042818, 0.9867336561940054, 1.0060989099666926, 0.9916553521701047, 1.0190024923427055, 0.995199378950028, 0.9958251356799025, 0.9945354653406598, 0.9928616548980752, 1.0047746382119271]","[0.9999495504965431, 1.0136164811702044, 0.9686642239539203, 1.0074916407813084, 1.0236357299117722, 0.9790698455229426, 0.9987632827511411, 1.0028044998936942, 0.998226646769611, 1.0092795911475312, 0.9972141271651196, 1.006933879479576, 1.0163502440500682, 0.9924875978015406, 0.9963824323560018, 0.984767350255025, 1.019609912430543, 1.000142624166506, 1.0038755525932381, 0.9918651991994127, 1.0215960743553163, 1.009878558987441, 0.9798235281490548, 1.0058467255640464, 1.0019282947360721, 0.9901976521939099, 1.0089548624689626, 0.994561256977834, 1.0153013848337067, 0.9929182195017844]","[-5.044950345689525e-05, 0.01361648117020442, -0.03133577604607973, 0.007491640781308373, 0.023635729911772208, -0.020930154477057372, -0.0012367172488588762, 0.0028044998936942456, -0.0017733532303889632, 0.009279591147531185, -0.0027858728348804096, 0.006933879479575911, 0.01635024405006824, -0.007512402198459389, -0.003617567643998232, -0.015232649744974958, 0.01960991243054311, 0.00014262416650590026, 0.0038755525932381296, -0.00813480080058726, 0.021596074355316297, 0.009878558987441055, -0.020176471850945177, 0.005846725564046418, 0.0019282947360721447, -0.009802347806090128, 0.008954862468962599, -0.005438743022165959, 0.015301384833706688, -0.007081780498215617]","[0.09297095239162445, 0.0, 0.0, 0.0908251479268074, 0.0, 0.0, 0.0, 0.0, 0.0, 0.0, 0.0, 0.09937147051095963, 0.10271269828081131, 0.10421706736087799, 0.0, 0.0, 0.0, 0.10421706736087799, 0.0, 0.0, 0.09933590143918991, 0.0, 0.0, 0.09791556000709534, 0.0, 0.10421706736087799, 0.0, 0.10421706736087799, 0.0, 0.0]","[0.0, 0.0, 0.0, 0.0, 0.0, 0.0, 3.410884076307903e-22, 3.4374113467919846e-22, 3.411434016420689e-22, 0.0, 0.0, 2.8465695845307866e-22, 3.95609611828634e-22, 0.0, 1.0, 0.0, 0.0, 0.0, 2.868232269948149e-22, 3.422703548343506e-22, 0.0, 3.194145495147973e-22, 0.0, 3.4053666000964055e-22, 0.0, 0.0, 0.0, 0.0, 0.0, 0.0]","[0.0, 0.010789051710024995, 0.0066241572555879175, 0.0, 0.0, 0.016424241160829023, 0.0, 0.007627943549685792, 0.0, 0.0, 0.0, 0.0037074590616862726, 0.009666972330375605, 0.0, 0.9235667078005971, 0.008783312234719506, 0.0, 0.009194112213253242, 0.0, 0.0, 0.0, 0.0, 0.0, 0.0, 0.003616042683240463, 0.0, 0.0, 0.0, 0.0, 0.0]","[0.09297095239162445, 0.0, 0.0, 0.0908251479268074, 0.0, 0.0, 0.0, 0.0, 0.0, 0.0, 0.0, 0.09937147051095963, 0.10271269828081131, 0.10421706736087799, 0.0, 0.0, 0.0, 0.10421706736087799, 0.0, 0.0, 0.09933590143918991, 0.0, 0.0, 0.09791556000709534, 0.0, 0.10421706736087799, 0.0, 0.10421706736087799, 0.0, 0.0]",0.0029868565606669664
64,1.0567674811534062,"[0.9999495504965431, 1.0136164811702044, 0.9686642239539203, 1.0074916407813084, 1.0236357299117722, 0.9790698455229426, 0.9987632827511411, 1.0028044998936942, 0.998226646769611, 1.0092795911475312, 0.9972141271651196, 1.006933879479576, 1.0163502440500682, 0.9924875978015406, 0.9963824323560018, 0.984767350255025, 1.019609912430543, 1.000142624166506, 1.0038755525932381, 0.9918651991994127, 1.0215960743553163, 1.009878558987441, 0.9798235281490548, 1.0058467255640464, 1.0019282947360721, 0.9901976521939099, 1.0089548624689626, 0.994561256977834, 1.0153013848337067, 0.9929182195017844]","[0.9894083879865845, 1.0037279546441613, 1.0146827123932465, 1.0031997844180218, 0.9941067643040825, 0.9769621981196073, 1.001556574715779, 1.0163032477968408, 0.9839616656441645, 0.9933649941371789, 1.01818608085699, 0.9875405056556037, 1.001148408947795, 0.9949978849071108, 1.0015805615432727, 0.9777659609656278, 1.0041726092368166, 0.9969361819917395, 1.0052177100732946, 0.9867373638066421, 1.012136352445532, 0.9745241160168212, 0.9970235184863204, 0.9692809988249219, 1.009158492704743, 1.0111430153950363, 0.9909138730379707, 0.9847740141196413, 1.0141060016279577, 1.004268690552327]","[-0.010591612013415519, 0.003727954644161313, 0.014682712393246478, 0.0031997844180218227, -0.005893235695917487, -0.023037801880392728, 0.00155657471577908, 0.01630324779684078, -0.01603833435583546, -0.006635005862821064, 0.018186080856990028, -0.012459494344396305, 0.0011484089477951098, -0.00500211509288917, 0.001580561543272685, -0.022234039034372155, 0.004172609236816616, -0.0030638180082604993, 0.005217710073294635, -0.01326263619335788, 0.012136352445532017, -0.025475883983178793, -0.002976481513679574, -0.030719001175078087, 0.009158492704743004, 0.01114301539503626, -0.009086126962029262, -0.015225985880358728, 0.01410600162795772, 0.004268690552327037]","[0.10000000149011612, 0.0, 0.10000000149011612, 0.10000000149011612, 0.0, 0.0, 0.0, 0.10000000149011612, 0.0, 0.0, 0.0, 0.10000000149011612, 0.10000000149011612, 0.0, 0.0, 0.0, 0.0, 0.0, 0.0, 0.10000000149011612, 0.0, 0.0, 0.0, 0.10000000149011612, 0.0, 0.10000000149011612, 0.0, 0.0, 0.0, 0.10000000149011612]","[3.411661372820403e-22, 0.0, 0.0, 0.0, 0.0, 0.0, 0.0, 5.655250750567816e-22, 3.4090698830565073e-22, 3.4291668581492306e-22, 0.0, 0.0, 5.343544628468953e-22, 0.0, 1.0, 0.0, 0.0, 0.0, 0.0, 0.0, 0.0, 0.0, 0.0, 5.623457049117821e-22, 3.413751109793389e-22, 6.726825653973866e-22, 3.429959905687187e-22, 0.0, 0.0, 0.0]","[0.0, 0.005908287914796359, 0.0, 0.015389892720006243, 0.00015977408796891883, 0.008787304115054528, 0.00013214971525011193, 0.0, 0.0, 0.0, 0.006661624543073436, 0.0, 0.0, 0.0, 0.9276054745585246, 0.0015455490644822039, 0.0, 0.0, 0.0, 0.0, 0.0, 0.0011827102752250318, 0.017433371632001034, 0.008871286479721248, 0.0, 0.00632257489389628, 0.0, 0.0, 0.0, 0.0]","[0.10000000149011612, 0.0, 0.10000000149011612, 0.10000000149011612, 0.0, 0.0, 0.0, 0.10000000149011612, 0.0, 0.0, 0.0, 0.10000000149011612, 0.10000000149011612, 0.0, 0.0, 0.0, 0.0, 0.0, 0.0, 0.10000000149011612, 0.0, 0.0, 0.0, 0.10000000149011612, 0.0, 0.10000000149011612, 0.0, 0.0, 0.0, 0.10000000149011612]",-0.0020431216937877436
65,1.0563631795846458,"[0.9894083879865845, 1.0037279546441613, 1.0146827123932465, 1.0031997844180218, 0.9941067643040825, 0.9769621981196073, 1.001556574715779, 1.0163032477968408, 0.9839616656441645, 0.9933649941371789, 1.01818608085699, 0.9875405056556037, 1.001148408947795, 0.9949978849071108, 1.0015805615432727, 0.9777659609656278, 1.0041726092368166, 0.9969361819917395, 1.0052177100732946, 0.9867373638066421, 1.012136352445532, 0.9745241160168212, 0.9970235184863204, 0.9692809988249219, 1.009158492704743, 1.0111430153950363, 0.9909138730379707, 0.9847740141196413, 1.0141060016279577, 1.004268690552327]","[1.0042985334873278, 1.0119480266998564, 0.9921157072969753, 1.0093999713922732, 0.9816534883048322, 0.9801896720503099, 0.9973967126272391, 0.9908246061275229, 1.000979683892667, 1.0015176642322183, 0.9953491507705207, 1.0060511347543355, 1.0194708595716393, 0.999035194681596, 0.9975189282107284, 1.0124740207723215, 1.0199325479186845, 0.9869881236258404, 1.0073758658553666, 1.00337320141489, 1.0045535744609135, 1.0061263481032832, 1.0043089331647528, 1.0061352963493235, 0.9905436724226948, 1.0005256278312396, 0.9817324035455254, 1.0072304126733085, 0.9891221506837067, 1.0144860490362493]","[0.0042985334873277825, 0.011948026699856396, -0.007884292703024709, 0.009399971392273221, -0.018346511695167766, -0.019810327949690065, -0.002603287372760943, -0.009175393872477122, 0.0009796838926670048, 0.0015176642322183298, -0.004650849229479337, 0.0060511347543354965, 0.0194708595716393, -0.0009648053184040384, -0.002481071789271594, 0.012474020772321515, 0.019932547918684485, -0.01301187637415957, 0.007375865855366648, 0.003373201414889948, 0.004553574460913534, 0.0061263481032831635, 0.004308933164752782, 0.006135296349323527, -0.00945632757730519, 0.0005256278312395501, -0.01826759645447462, 0.007230412673308484, -0.01087784931629332, 0.014486049036249282]","[0.0, 0.0, 0.0, 0.0, 0.09137438237667084, 0.0, 0.11254395544528961, 0.0, 0.0, 0.0, 0.0, 0.0, 0.0, 0.07315375655889511, 0.09570050239562988, 0.0, 0.0, 0.11254395544528961, 0.0, 0.11254395544528961, 0.0, 0.11034739762544632, 0.11254395544528961, 0.0, 0.0, 0.0, 0.0, 0.10722316056489944, 0.0, 0.07202495634555817]","[4.0004698540794476e-24, -1.066541876968619e-22, 0.0, 0.0, 0.0, 0.0, 3.538459401025936e-24, 0.0, 3.685908428086388e-24, 0.0, -1.074777068700716e-22, 0.0, 0.0, 0.0, 1.0, 0.0, 3.8474069353648456e-24, 0.0, 1.5732423490564964e-22, -1.0631938964363762e-22, 3.647619551040922e-24, 0.0, 0.0, 0.0, 0.0, 0.0, 0.0, 0.0, 0.0, 0.0]","[0.0, 0.0, 0.005013359578365763, 0.004048214719490909, 0.0, 0.0, 0.004211839886190062, 0.0, 0.0, 0.003805868611241191, 0.004490080361849195, 0.0, 0.0, 0.014893449162047179, 0.8985201300479293, 0.015142947021470862, 0.004913915758993685, 0.014332502420725363, 0.0076377691585597625, 0.004686334438874748, 0.00011498603165040883, 0.0, 0.0, 0.005374052533916025, 0.00496750339167477, 0.0, 0.0, 0.007847046877020942, 0.0, 0.0]","[0.0, 0.0, 0.0, 0.0, 0.09137438982725143, 0.0, 0.1125439703464508, 0.0, 0.0, 0.0, 0.0, 0.0, 0.0, 0.07315376400947571, 0.09570051729679108, 0.0, 0.0, 0.1125439703464508, 0.0, 0.1125439703464508, 0.0, 0.11034741252660751, 0.1125439703464508, 0.0, 0.0, 0.0, 0.0, 0.10722317546606064, 0.0, 0.07202496379613876]",-0.0008000678593089671
66,1.0548544776481672,"[1.0042985334873278, 1.0119480266998564, 0.9921157072969753, 1.0093999713922732, 0.9816534883048322, 0.9801896720503099, 0.9973967126272391, 0.9908246061275229, 1.000979683892667, 1.0015176642322183, 0.9953491507705207, 1.0060511347543355, 1.0194708595716393, 0.999035194681596, 0.9975189282107284, 1.0124740207723215, 1.0199325479186845, 0.9869881236258404, 1.0073758658553666, 1.00337320141489, 1.0045535744609135, 1.0061263481032832, 1.0043089331647528, 1.0061352963493235, 0.9905436724226948, 1.0005256278312396, 0.9817324035455254, 1.0072304126733085, 0.9891221506837067, 1.0144860490362493]","[0.9871678705075924, 0.9907214167315166, 1.0162791214702636, 1.0183618603565163, 1.0079300302425556, 1.0055232431429943, 0.9960464056058137, 0.9832451656102503, 0.9996156794965778, 0.9867475684880919, 0.9970501940869858, 0.997576626742068, 0.9876089678197776, 1.0153906731393523, 1.0023664058024313, 0.9853433098249598, 0.9911358890304484, 0.97865601594221, 1.0197447577771124, 0.9934725643612075, 0.9981094143503109, 0.9947238036632041, 1.0238597788834272, 0.995773148581447, 1.0070312015275589, 1.0178258446431268, 0.9885106495412999, 1.0026494723050228, 0.9756274556316205, 0.9808027685463423]","[-0.01283212949240764, -0.009278583268483409, 0.016279121470263558, 0.018361860356516324, 0.007930030242555564, 0.00552324314299435, -0.003953594394186299, -0.016754834389749673, -0.0003843205034221864, -0.013252431511908136, -0.002949805913014192, -0.00242337325793196, -0.012391032180222417, 0.015390673139352273, 0.002366405802431304, -0.014656690175040232, -0.008864110969551642, -0.021343984057790033, 0.019744757777112376, -0.006527435638792545, -0.001890585649689136, -0.00527619633679588, 0.023859778883427163, -0.004226851418552946, 0.007031201527558872, 0.017825844643126754, -0.011489350458700143, 0.002649472305022771, -0.024372544368379545, -0.019197231453657704]","[0.0, 0.0, 0.10952391475439072, 0.0, 0.0, 0.0, 0.0, 0.0, 0.0, 0.11032290756702423, 0.0, 0.11032290756702423, 0.08987115323543549, 0.0, 0.11032290756702423, 0.0, 0.0, 0.0, 0.11032290756702423, 0.0, 0.07031752169132233, 0.0, 0.0, 0.11032290756702423, 0.06834989041090012, 0.0, 0.0, 0.0, 0.11032290756702423, 0.0]","[5.718096420314841e-24, -1.0489080049280599e-22, 0.0, 0.0, 0.0, 0.0, 0.0, 0.0, 0.0, 0.0, 0.0, 0.0, 8.788999575667056e-23, 0.0, 1.0, 0.0, 0.0, 0.0, -7.32877463919463e-24, -1.0458050257034578e-22, 0.0, 6.021688632807255e-23, 0.0, 0.0, 5.083221995794707e-24, 0.0, 0.0, 1.7080355943328256e-22, -1.053247755041338e-22, 0.0]","[0.009879657833743862, 0.013619413871410036, 0.0, 0.004962691755947879, 0.0, 0.0, 0.0015612839353021794, 0.0037974619477937222, 0.0010623334675065536, 0.000842396516527277, 0.0, 0.0, 0.0, 0.0, 0.9104597634900263, 0.02098728539135022, 0.0040026778458563325, 0.0, 1.7091604950107755e-05, 0.0, 0.0, 0.0, 0.010294255556713258, 0.0, 0.0, 0.0, 0.014080904117808922, 0.0, 0.0, 0.004432782665063322]","[0.0, 0.0, 0.10952392965555191, 0.0, 0.0, 0.0, 0.0, 0.0, 0.0, 0.11032292246818542, 0.0, 0.11032292246818542, 0.08987116068601608, 0.0, 0.11032292246818542, 0.0, 0.0, 0.0, 0.11032292246818542, 0.0, 0.07031752914190292, 0.0, 0.0, 0.11032292246818542, 0.06834989786148071, 0.0, 0.0, 0.0, 0.11032292246818542, 0.0]",-0.0018586610563629635
67,1.0541249050724941,"[0.9871678705075924, 0.9907214167315166, 1.0162791214702636, 1.0183618603565163, 1.0079300302425556, 1.0055232431429943, 0.9960464056058137, 0.9832451656102503, 0.9996156794965778, 0.9867475684880919, 0.9970501940869858, 0.997576626742068, 0.9876089678197776, 1.0153906731393523, 1.0023664058024313, 0.9853433098249598, 0.9911358890304484, 0.97865601594221, 1.0197447577771124, 0.9934725643612075, 0.9981094143503109, 0.9947238036632041, 1.0238597788834272, 0.995773148581447, 1.0070312015275589, 1.0178258446431268, 0.9885106495412999, 1.0026494723050228, 0.9756274556316205, 0.9808027685463423]","[0.9897586628059717, 0.9947704180844842, 1.0035536583998979, 0.9936631873148648, 1.0217084091069253, 1.0056467655786216, 0.9988560992175334, 0.9950696164506564, 1.0005292171559694, 1.0152816017513224, 0.9831020959207598, 1.005359530183028, 1.007373723818954, 0.9950742223668642, 0.9745444691216611, 0.9995709258382268, 1.012576165374864, 0.9864683168189512, 1.004583609461726, 0.995497191287467, 1.0035699482989364, 0.9893235807308589, 0.9905610615494702, 1.00977178595222, 1.0212661324231658, 0.9991013529761836, 0.9809571238322283, 1.0075653215148535, 0.9983950281092404, 0.9934316152195396]","[-0.01024133719402831, -0.005229581915515813, 0.003553658399897852, -0.006336812685135196, 0.021708409106925286, 0.005646765578621649, -0.0011439007824666225, -0.004930383549343609, 0.0005292171559694303, 0.015281601751322427, -0.01689790407924019, 0.005359530183028038, 0.007373723818953959, -0.004925777633135842, -0.02545553087833885, -0.0004290741617731797, 0.012576165374863946, -0.013531683181048804, 0.004583609461725979, -0.004502808712532946, 0.0035699482989364206, -0.01067641926914109, -0.009438938450529788, 0.009771785952219947, 0.021266132423165773, -0.000898647023816368, -0.019042876167771672, 0.007565321514853451, -0.0016049718907595878, -0.006568384780460401]","[0.0, 0.0, 0.0, 0.0, 0.0, 0.03052426315844059, 0.0, 0.14945709705352783, 0.0, 0.14945709705352783, 0.0, 0.10631725937128067, 0.0, 0.0, 0.09959372878074646, 0.0, 0.0, 0.0, 0.0, 0.044892825186252594, 0.0, 0.0, 0.054705508053302765, 0.0, 0.14945709705352783, 0.06613808125257492, 0.14945709705352783, 0.0, 0.0, 0.0]","[0.0, 1.739466527541458e-22, 0.0, 0.0, 0.0, 0.0, -1.0449695670002696e-24, -1.8953157497965097e-23, 1.0564639280250822e-22, 0.0, 0.0, 0.0, 0.0, 0.0, 0.0, 0.0, 4.849284563268409e-23, 3.2018763373809287e-24, 0.44787050404626055, 0.0, 0.0, 0.0, 0.5521294959537395, 0.0, 8.767520877696103e-23, 0.0, 3.807594004472768e-23, 0.0, 0.0, 0.0]","[0.0, 0.0066214795879508456, 0.0, 0.0, 0.0, 0.013594645506944694, 0.0, 0.0, 0.0, 0.00483411542785302, 0.005728111248324264, 0.0, 0.00136204292620725, 0.0, 0.0, 0.0, 0.0, 0.004992895248595211, 0.4121443296517266, 0.0, 0.006129828216859718, 0.00292494254613564, 0.48848897766634664, 0.007428763355805052, 0.024388203440090624, 0.0, 0.005617381123873756, 0.00665601783794055, 0.0, 0.009088266215346311]","[0.0, 0.0, 0.0, 0.0, 0.0, 0.03052426315844059, 0.0, 0.14945709705352783, 0.0, 0.14945709705352783, 0.0, 0.10631725937128067, 0.0, 0.0, 0.09959372878074646, 0.0, 0.0, 0.0, 0.0, 0.044892825186252594, 0.0, 0.0, 0.054705508053302765, 0.0, 0.14945709705352783, 0.06613808125257492, 0.14945709705352783, 0.0, 0.0, 0.0]",-0.0011300094208578034
68,1.0546280058991309,"[0.9897586628059717, 0.9947704180844842, 1.0035536583998979, 0.9936631873148648, 1.0217084091069253, 1.0056467655786216, 0.9988560992175334, 0.9950696164506564, 1.0005292171559694, 1.0152816017513224, 0.9831020959207598, 1.005359530183028, 1.007373723818954, 0.9950742223668642, 0.9745444691216611, 0.9995709258382268, 1.012576165374864, 0.9864683168189512, 1.004583609461726, 0.995497191287467, 1.0035699482989364, 0.9893235807308589, 0.9905610615494702, 1.00977178595222, 1.0212661324231658, 0.9991013529761836, 0.9809571238322283, 1.0075653215148535, 0.9983950281092404, 0.9934316152195396]","[0.9833344740186037, 1.0141724194784902, 1.0020274391717356, 0.9969422385749047, 0.9796263919809256, 1.0036588095417425, 1.026866313615062, 0.992283166050806, 1.0194172660699468, 1.0047923128774023, 1.004590973845702, 0.992331825517146, 1.0270369244220576, 1.0021297196398773, 0.9995629805417818, 1.003800630719671, 0.9949097406584252, 1.0233448516138994, 1.0047246276855992, 1.0091017409085181, 1.0028895233028532, 0.986498043761362, 1.0070488097684143, 0.9990425463337336, 0.996224003992631, 1.0041425045996715, 0.99534749845897, 0.9943123063105394, 1.0007635400051735, 1.0228318443139601]","[-0.016665525981396256, 0.014172419478490239, 0.0020274391717356455, -0.0030577614250952845, -0.020373608019074396, 0.0036588095417424693, 0.026866313615061976, -0.00771683394919398, 0.01941726606994676, 0.004792312877402338, 0.004590973845701951, -0.007668174482853951, 0.02703692442205763, 0.002129719639877292, -0.00043701945821816857, 0.003800630719670961, -0.00509025934157481, 0.02334485161389943, 0.004724627685599225, 0.009101740908518119, 0.002889523302853192, -0.013501956238638035, 0.007048809768414266, -0.0009574536662664279, -0.003775996007368998, 0.0041425045996714704, -0.00465250154103003, -0.005687693689460649, 0.0007635400051735353, 0.022831844313960126]","[0.0, 0.10384161025285721, 0.0, 0.10384161025285721, 0.10384161025285721, 0.0, 0.0, 0.10384161025285721, 0.0, 0.0, 0.0, 0.10384161025285721, 0.10384161025285721, 0.10384161025285721, 0.10384161025285721, 0.0, 0.0, 0.0, 0.0, 0.0, 0.10384161025285721, 0.0, 0.0, 0.0, 0.06542544811964035, 0.0, 0.0, 0.0, 0.0, 0.0]","[0.0, 0.0, 0.0, 0.0, 1.2337936640486534e-22, 0.0, 0.0, 2.365530907573321e-22, 0.0, 0.0, 0.0, 0.0, 0.0, 0.0, 1.5404498213565202e-22, 0.0, 0.0, 2.355752926887077e-22, 1.0, 1.4932934808715712e-23, 1.4328038358922532e-23, 0.0, 0.0, 0.0, 0.0, 0.0, 0.0, 2.9189011197400385e-22, 1.257744738902084e-22, 1.2825239561127705e-22]","[0.019358271560921618, 0.02708451984003003, 0.006748063377834675, 0.002927173074523006, 0.0, 0.0, 0.00730429523994607, 0.006678084516052745, 0.011143198019134585, 0.0, 0.0, 0.0, 0.0, 0.0, 0.007898593387628411, 0.0, 0.008538790343979233, 0.0, 0.8602947764556511, 0.0, 0.0, 0.0014086946479961516, 0.021694724845789, 0.0, 0.0, 0.0, 0.017360162823034455, 0.0, 0.001560651867478975, 0.0]","[0.0, 0.1038416177034378, 0.0, 0.1038416177034378, 0.1038416177034378, 0.0, 0.0, 0.1038416177034378, 0.0, 0.0, 0.0, 0.1038416177034378, 0.1038416177034378, 0.1038416177034378, 0.1038416177034378, 0.0, 0.0, 0.0, 0.0, 0.0, 0.1038416177034378, 0.0, 0.0, 0.0, 0.06542545557022095, 0.0, 0.0, 0.0, 0.0, 0.0]",0.00013788864394409327
69,1.059431550332771,"[0.9833344740186037, 1.0141724194784902, 1.0020274391717356, 0.9969422385749047, 0.9796263919809256, 1.0036588095417425, 1.026866313615062, 0.992283166050806, 1.0194172660699468, 1.0047923128774023, 1.004590973845702, 0.992331825517146, 1.0270369244220576, 1.0021297196398773, 0.9995629805417818, 1.003800630719671, 0.9949097406584252, 1.0233448516138994, 1.0047246276855992, 1.0091017409085181, 1.0028895233028532, 0.986498043761362, 1.0070488097684143, 0.9990425463337336, 0.996224003992631, 1.0041425045996715, 0.99534749845897, 0.9943123063105394, 1.0007635400051735, 1.0228318443139601]","[1.0046543953183091, 1.0049108765213057, 0.9955553473573462, 1.0007047413821863, 1.0031088675961564, 1.0238624429525913, 1.0099290563183518, 1.0016009122872147, 1.0162408623187185, 1.0019924090126724, 1.0121657380176325, 0.9751946811203543, 1.0252082668858893, 1.0006239194575335, 1.0110024679665985, 0.9881500831702984, 0.9915755979296068, 0.9915821661009039, 1.0034701897748766, 0.9959636104067546, 1.0019003716689314, 1.0001437277159448, 0.9974703671522498, 0.9882654044683021, 1.0227975341054856, 1.002314224387839, 1.0106662104005126, 1.0208261561915466, 0.9975450818446434, 0.9979316589132636]","[0.004654395318309135, 0.004910876521305729, -0.0044446526426538124, 0.0007047413821863469, 0.0031088675961563617, 0.023862442952591323, 0.009929056318351837, 0.0016009122872147064, 0.016240862318718463, 0.0019924090126723915, 0.012165738017632544, -0.024805318879645655, 0.025208266885889286, 0.0006239194575334839, 0.01100246796659854, -0.011849916829701601, -0.008424402070393189, -0.008417833899096117, 0.003470189774876564, -0.004036389593245371, 0.001900371668931422, 0.00014372771594484135, -0.0025296328477502072, -0.011734595531697867, 0.022797534105485573, 0.0023142243878389035, 0.010666210400512632, 0.020826156191546596, -0.002454918155356589, -0.0020683410867363694]","[0.0, 0.0, 0.0, 0.10039705783128738, 0.0, 0.10039705783128738, 0.10039705783128738, 0.10039705783128738, 0.0, 0.0, 0.0, 0.10039705783128738, 0.0, 0.0, 0.10039705783128738, 0.0, 0.0, 0.10018403828144073, 0.0, 0.0, 0.0, 0.0, 0.0, 0.0, 0.10039705783128738, 0.0, 0.10039705783128738, 0.0, 0.0, 0.09663938730955124]","[1.2629924483498232e-22, 0.0, 0.0, 0.0, 0.0, 0.0, 1.2524495010162135e-22, 0.0, 0.0, 0.0, 0.0, 6.851492046092025e-23, 0.0, 0.0, 0.0, 1.4500914206443564e-23, 1.2673630530625907e-22, 1.2395828647239943e-22, 1.0, 1.2589371901676203e-22, 3.468498546695564e-22, 0.0, 0.0, 0.0, 0.0, 0.0, 0.0, 0.0, 1.4795274140330566e-23, 0.0]","[0.010002527279470753, 0.0, 0.0, 0.004872303942292852, 0.004687222718944774, 0.0, 0.0, 0.009374855841069799, 0.004277895114607568, 0.0004087167425321164, 0.0, 0.0, 0.003961189122476469, 0.0, 0.011358898394271646, 0.007371141486744922, 0.00826244310364999, 0.00401269949971829, 0.8953335269444617, 0.0, 0.0028981733222489033, 0.0, 0.010379385105375942, 0.012822960633859412, 0.0, 0.0026621120486114164, 0.0035545758799972664, 0.0, 0.0037593728196660433, 0.0]","[0.0, 0.0, 0.0, 0.10039707273244858, 0.0, 0.10039707273244858, 0.10039707273244858, 0.10039707273244858, 0.0, 0.0, 0.0, 0.10039707273244858, 0.0, 0.0, 0.10039707273244858, 0.0, 0.0, 0.10018405318260193, 0.0, 0.0, 0.0, 0.0, 0.0, 0.0, 0.10039707273244858, 0.0, 0.10039707273244858, 0.0, 0.0, 0.09663940221071243]",0.0042154202799143834
70,1.0579079505731537,"[1.0046543953183091, 1.0049108765213057, 0.9955553473573462, 1.0007047413821863, 1.0031088675961564, 1.0238624429525913, 1.0099290563183518, 1.0016009122872147, 1.0162408623187185, 1.0019924090126724, 1.0121657380176325, 0.9751946811203543, 1.0252082668858893, 1.0006239194575335, 1.0110024679665985, 0.9881500831702984, 0.9915755979296068, 0.9915821661009039, 1.0034701897748766, 0.9959636104067546, 1.0019003716689314, 1.0001437277159448, 0.9974703671522498, 0.9882654044683021, 1.0227975341054856, 1.002314224387839, 1.0106662104005126, 1.0208261561915466, 0.9975450818446434, 0.9979316589132636]","[1.0129711923808637, 1.0055764278512667, 1.0027098107384476, 0.9784453562384259, 1.007838340387505, 0.999948177584129, 0.9991788476354614, 1.0083593147703245, 0.9964212503946399, 0.976198975141011, 0.9909121454954891, 1.0095854295000475, 0.9919718363790531, 1.0110698550302295, 1.0008387978866387, 0.9915872280301367, 1.0205017038018422, 1.001049283974903, 1.012529749715955, 1.0089539512768777, 1.0018073901454307, 0.976747252963521, 0.9912975057516368, 0.9905855027187411, 0.997036018069657, 0.9881031826420488, 0.99810384719124, 1.0137793959431072, 0.995843379135515, 1.018128964970911]","[0.01297119238086375, 0.005576427851266663, 0.00270981073844756, -0.02155464376157412, 0.007838340387505083, -5.182241587098346e-05, -0.0008211523645386132, 0.008359314770324477, -0.0035787496053600876, -0.02380102485898905, -0.009087854504510884, 0.009585429500047482, -0.008028163620946938, 0.011069855030229503, 0.0008387978866386536, -0.008412771969863342, 0.02050170380184224, 0.0010492839749030036, 0.012529749715955107, 0.008953951276877703, 0.0018073901454307428, -0.02325274703647895, -0.008702494248363224, -0.009414497281258871, -0.0029639819303429737, -0.011896817357951228, -0.0018961528087599877, 0.013779395943107176, -0.004156620864484983, 0.0181289649709111]","[0.16186456382274628, 0.0, 0.07110387831926346, 0.0, 0.0, 0.0, 0.0, 0.1335599422454834, 0.16186456382274628, 0.0, 0.1415308117866516, 0.0, 0.0, 0.0, 0.036429934203624725, 0.0, 0.0, 0.0, 0.0, 0.0, 0.0, 0.10485426336526871, 0.01674678921699524, 0.0, 0.0, 0.010180729441344738, 0.16186456382274628, 0.0, 0.0, 0.0]","[3.46607097418509e-22, 0.0, 2.3340377405886155e-22, 0.0, 0.0, 0.0, 0.0, 0.0, 0.0, 0.0, 0.0, 0.0, 0.0, 0.0, 1.795512035848954e-22, 0.0, 1.249325760759849e-22, 0.0, 1.0, 0.0, 0.0, 0.0, 3.232716005274105e-22, 1.2500171823056142e-22, 2.338669543988005e-22, 4.268942858589701e-22, 0.0, 2.343560213757446e-22, 0.0, 0.0]","[0.0, 0.013674191401220894, 0.0, 0.0, 0.0004981660001152567, 0.0, 0.0, 0.01422039644445295, 0.012632732161433976, 0.0, 0.0, 0.0, 0.0, 0.007403667062328456, 0.013593451476587517, 0.007221770459223961, 0.0, 0.001451117658465952, 0.87476419879872, 0.0044318313731521635, 0.0022275764835559915, 0.0, 0.011362638309099463, 0.0, 0.005540605280908747, 0.004173641429905199, 0.010182917506698448, 0.013733431378278205, 0.0, 0.002887666775852596]","[0.16186456382274628, 0.0, 0.07110387831926346, 0.0, 0.0, 0.0, 0.0, 0.1335599422454834, 0.16186456382274628, 0.0, 0.1415308117866516, 0.0, 0.0, 0.0, 0.036429934203624725, 0.0, 0.0, 0.0, 0.0, 0.0, 0.0, 0.10485426336526871, 0.01674678921699524, 0.0, 0.0, 0.010180729441344738, 0.16186456382274628, 0.0, 0.0, 0.0]",-0.0018501536721972202
71,1.0599894789739426,"[1.0129711923808637, 1.0055764278512667, 1.0027098107384476, 0.9784453562384259, 1.007838340387505, 0.999948177584129, 0.9991788476354614, 1.0083593147703245, 0.9964212503946399, 0.976198975141011, 0.9909121454954891, 1.0095854295000475, 0.9919718363790531, 1.0110698550302295, 1.0008387978866387, 0.9915872280301367, 1.0205017038018422, 1.001049283974903, 1.012529749715955, 1.0089539512768777, 1.0018073901454307, 0.976747252963521, 0.9912975057516368, 0.9905855027187411, 0.997036018069657, 0.9881031826420488, 0.99810384719124, 1.0137793959431072, 0.995843379135515, 1.018128964970911]","[1.0193246413592467, 0.9966985213512167, 1.0075581727915872, 1.0076268002163873, 0.9922109797037045, 0.9972794584314869, 0.9858007120132803, 1.013739208822912, 0.9983476063219205, 1.0111466570824785, 1.0002173553033167, 1.0184418922543788, 0.9857556602546798, 0.9885251819259526, 0.9924083809982898, 1.0131008849677172, 1.0074956170021496, 1.0077806842143724, 0.9768420350812673, 1.0139535292545807, 1.0050078033705538, 1.008197540698212, 0.9979444024646607, 1.0211270147809564, 0.9939205444688423, 1.017127649577805, 0.9844746441477608, 1.0077759392711982, 0.9968675349599151, 0.9869769274644993]","[0.01932464135924672, -0.0033014786487832737, 0.007558172791587214, 0.007626800216387286, -0.007789020296295468, -0.0027205415685130907, -0.014199287986719655, 0.013739208822912019, -0.0016523936780794557, 0.011146657082478528, 0.00021735530331667974, 0.018441892254378756, -0.014244339745320245, -0.011474818074047377, -0.007591619001710237, 0.013100884967717219, 0.007495617002149624, 0.007780684214372391, -0.023157964918732676, 0.01395352925458071, 0.005007803370553843, 0.008197540698211991, -0.0020555975353393485, 0.021127014780956355, -0.00607945553115774, 0.017127649577804993, -0.015525355852239242, 0.00777593927119824, -0.0031324650400849086, -0.013023072535500724]","[0.0, 0.0, 0.0, 0.10465431213378906, 0.0, 0.0, 0.0, 0.10465431213378906, 0.0, 0.0, 0.0, 0.0, 0.09126196801662445, 0.09123463928699493, 0.08985257893800735, 0.0, 0.0, 0.0, 0.0, 0.0, 0.0, 0.0, 0.0, 0.09972500801086426, 0.0, 0.10465431213378906, 0.10465431213378906, 0.10465431213378906, 0.10465431213378906, 0.0]","[0.0, -1.6022145034957647e-22, 0.0, 0.0, -1.0442609195056735e-22, 0.0, 0.0, 0.0, 0.0, 0.0, 0.0, -1.4768227277058652e-22, -8.003537517869606e-23, -7.827047336786512e-23, 0.0, 0.0, 0.0, -1.9755067994503027e-23, 0.48628196059644335, 0.0, 0.0, 0.0, 0.5137180394035566, 0.0, 0.0, 0.0, -9.362486046631326e-24, 0.0, -1.4932319301227012e-22, 0.0]","[0.015705760402124395, 0.0, 0.0, 0.0, 0.021323263119543103, 0.014284793692055093, 0.01712584966567236, 0.0, 0.0011902243949597348, 0.008617550832630492, 0.0, 0.008495690937627512, 0.0, 0.0034285629181573887, 0.0, 0.0012833396638265292, 0.004552316492691801, 0.0, 0.4401916539308351, 0.0012401564552986823, 0.0030117477601959916, 0.0, 0.4491180743047567, 0.0035387752524800964, 0.0, 0.0, 0.0, 0.0, 0.0, 0.006892240177144805]","[0.0, 0.0, 0.0, 0.10465431213378906, 0.0, 0.0, 0.0, 0.10465431213378906, 0.0, 0.0, 0.0, 0.0, 0.09126196801662445, 0.09123463928699493, 0.08985257893800735, 0.0, 0.0, 0.0, 0.0, 0.0, 0.0, 0.0, 0.0, 0.09972500801086426, 0.0, 0.10465431213378906, 0.10465431213378906, 0.10465431213378906, 0.10465431213378906, 0.0]",0.001563267083695197
72,1.0582570320428621,"[1.0193246413592467, 0.9966985213512167, 1.0075581727915872, 1.0076268002163873, 0.9922109797037045, 0.9972794584314869, 0.9858007120132803, 1.013739208822912, 0.9983476063219205, 1.0111466570824785, 1.0002173553033167, 1.0184418922543788, 0.9857556602546798, 0.9885251819259526, 0.9924083809982898, 1.0131008849677172, 1.0074956170021496, 1.0077806842143724, 0.9768420350812673, 1.0139535292545807, 1.0050078033705538, 1.008197540698212, 0.9979444024646607, 1.0211270147809564, 0.9939205444688423, 1.017127649577805, 0.9844746441477608, 1.0077759392711982, 0.9968675349599151, 0.9869769274644993]","[1.0015867898682653, 1.012930797838589, 0.9889389683472231, 0.994126273832089, 0.9804206062042259, 0.9989492041368905, 1.0224334691230126, 0.9673002684956153, 1.0104454083463374, 0.9719609901874126, 0.9906565468153273, 0.9846840035150708, 1.008995469837731, 1.006969265877166, 0.9728057735589553, 1.009251466621118, 1.006316626408649, 1.01230877509208, 0.9747654582205727, 0.9841738828640817, 0.9879659596823285, 0.9884809193548871, 0.9912094933034507, 1.0096531010630554, 0.9917276905336749, 0.9909564173055233, 1.0122723711985961, 0.9997437616682149, 0.9879267037833704, 1.0269881097104196]","[0.0015867898682653259, 0.012930797838589081, -0.011061031652776943, -0.005873726167911042, -0.019579393795774114, -0.0010507958631095216, 0.022433469123012584, -0.032699731504384655, 0.010445408346337448, -0.028039009812587445, -0.009343453184672668, -0.015315996484929206, 0.00899546983773103, 0.006969265877166064, -0.027194226441044744, 0.009251466621118087, 0.00631662640864894, 0.01230877509208006, -0.0252345417794273, -0.015826117135918305, -0.012034040317671524, -0.011519080645112867, -0.00879050669654935, 0.009653101063055392, -0.008272309466325067, -0.009043582694476693, 0.012272371198596144, -0.0002562383317851191, -0.012073296216629559, 0.02698810971041965]","[0.10610871016979218, 0.09594482183456421, 0.08171064406633377, 0.0, 0.0, 0.0, 0.0, 0.0, 0.0, 0.10104214400053024, 0.0, 0.0, 0.10610871016979218, 0.0, 0.0, 0.0, 0.08639591187238693, 0.10610871016979218, 0.0, 0.0, 0.0, 0.10610871016979218, 0.0, 0.0, 0.10436293482780457, 0.0, 0.0, 0.10610871016979218, 0.0, 0.0]","[0.0, 0.0, 4.544845703806499e-22, 0.0, 4.554224619389869e-22, 0.0, 0.0, 5.65634125059011e-22, 0.0, 5.686796915662508e-22, 0.0, 0.0, 0.0, 0.0, 0.0, 0.0, 5.6967570613723955e-22, 1.008993063073506e-21, 0.0, 0.0, 5.680987507667967e-22, 0.0, 1.0, 4.568031008884369e-22, 0.0, 0.0, 0.0, 0.0, 0.0, 4.574529963832319e-22]","[0.0, 0.0, 0.0004838410890562965, 0.0, 0.0, 0.0, 0.006513247201934509, 0.02133883976301099, 0.0, 0.0020356074190225875, 0.0, 0.0, 0.007406848489871578, 0.011245507711822918, 0.0, 0.0, 0.0, 0.0, 0.011061652341546492, 0.007791007101550009, 0.024348715783410777, 0.0, 0.8764075344150498, 0.0, 0.0, 0.009493060427414246, 0.0, 0.006306056953797634, 0.00863066095830692, 0.0069374203442051155]","[0.10610871016979218, 0.09594482183456421, 0.08171064406633377, 0.0, 0.0, 0.0, 0.0, 0.0, 0.0, 0.10104214400053024, 0.0, 0.0, 0.10610871016979218, 0.0, 0.0, 0.0, 0.08639591187238693, 0.10610871016979218, 0.0, 0.0, 0.0, 0.10610871016979218, 0.0, 0.0, 0.10436293482780457, 0.0, 0.0, 0.10610871016979218, 0.0, 0.0]",-0.0020439244856067717
73,1.0537874132536538,"[1.0015867898682653, 1.012930797838589, 0.9889389683472231, 0.994126273832089, 0.9804206062042259, 0.9989492041368905, 1.0224334691230126, 0.9673002684956153, 1.0104454083463374, 0.9719609901874126, 0.9906565468153273, 0.9846840035150708, 1.008995469837731, 1.006969265877166, 0.9728057735589553, 1.009251466621118, 1.006316626408649, 1.01230877509208, 0.9747654582205727, 0.9841738828640817, 0.9879659596823285, 0.9884809193548871, 0.9912094933034507, 1.0096531010630554, 0.9917276905336749, 0.9909564173055233, 1.0122723711985961, 0.9997437616682149, 0.9879267037833704, 1.0269881097104196]","[1.0142042276312413, 1.020244032092102, 0.9971472818848266, 1.0070613781257014, 1.008868573192073, 1.0048790192725363, 0.9879013760825279, 1.0038535229369914, 1.0078094027743927, 0.984839838714471, 1.005080469424718, 0.9993301812145527, 0.9996567106963165, 0.9951093235365959, 0.9785645967288933, 0.9917457489657509, 0.9829960164350219, 1.0023201101747072, 1.0104931692812362, 1.0062452727080982, 0.975623796876125, 1.0011887611794446, 0.9756338346525483, 0.9980324209850876, 1.01698391871225, 1.0058414592990172, 0.9896494283547612, 1.0050418259529437, 0.9968768978147908, 1.0016496083893918]","[0.014204227631241295, 0.020244032092102016, -0.0028527181151734027, 0.007061378125701401, 0.008868573192073015, 0.004879019272536311, -0.012098623917472073, 0.0038535229369913715, 0.007809402774392682, -0.015160161285528995, 0.005080469424717959, -0.0006698187854472515, -0.00034328930368354715, -0.004890676463404131, -0.021435403271106712, -0.00825425103424915, -0.01700398356497812, 0.002320110174707235, 0.010493169281236225, 0.00624527270809816, -0.024376203123875007, 0.001188761179444553, -0.02436616534745173, -0.0019675790149124017, 0.016983918712250023, 0.005841459299017249, -0.010350571645238782, 0.005041825952943668, -0.00312310218520917, 0.0016496083893917657]","[0.0, 0.0, 0.0, 0.0, 0.0, 0.13404938578605652, 0.0, 0.0, 0.0, 0.10467146337032318, 0.0, 0.0, 0.09388189762830734, 0.13404938578605652, 0.0, 0.0, 0.07779604941606522, 0.0, 0.0, 0.0, 0.13404938578605652, 0.0, 0.0, 0.0, 0.10820714384317398, 0.05657621845602989, 0.0, 0.0, 0.09203891456127167, 0.06468015909194946]","[1.3319024854737335e-23, 0.0, 0.0, 0.0, 0.0, -9.949781185696326e-23, 1.4500367775436764e-23, 1.2618858043199163e-23, 0.0, 0.0, 0.0, 0.0, -9.682785489076778e-23, -9.64769675386694e-23, -4.535262476699941e-23, 0.0, 0.0, 0.0, -7.303668056510372e-23, 0.0, 0.0, 0.0, -5.740773035309696e-23, 0.0, 0.0, 1.0, 0.0, 0.0, 0.0, 0.0]","[0.0010460915634656913, 0.0, 0.0, 0.010483495686030384, 0.006724022902434191, 0.0009757005640311922, 0.0, 0.0, 0.006261250072530534, 0.00915314302093148, 0.003753965382508904, 0.0, 0.00801851449542975, 0.0, 0.0, 0.0, 0.0, 0.002507578897017832, 0.013106280359013588, 0.010963507687259844, 0.0008928762518633496, 0.0, 0.0, 0.0, 0.0, 0.9247371228179901, 0.0, 0.0, 0.0, 0.0013764502994930792]","[0.0, 0.0, 0.0, 0.0, 0.0, 0.13404938578605652, 0.0, 0.0, 0.0, 0.10467146337032318, 0.0, 0.0, 0.09388189762830734, 0.13404938578605652, 0.0, 0.0, 0.07779604941606522, 0.0, 0.0, 0.0, 0.13404938578605652, 0.0, 0.0, 0.0, 0.10820714384317398, 0.05657621845602989, 0.0, 0.0, 0.09203891456127167, 0.06468015909194946]",-0.004618398015619329
74,1.0504385461804127,"[1.0142042276312413, 1.020244032092102, 0.9971472818848266, 1.0070613781257014, 1.008868573192073, 1.0048790192725363, 0.9879013760825279, 1.0038535229369914, 1.0078094027743927, 0.984839838714471, 1.005080469424718, 0.9993301812145527, 0.9996567106963165, 0.9951093235365959, 0.9785645967288933, 0.9917457489657509, 0.9829960164350219, 1.0023201101747072, 1.0104931692812362, 1.0062452727080982, 0.975623796876125, 1.0011887611794446, 0.9756338346525483, 0.9980324209850876, 1.01698391871225, 1.0058414592990172, 0.9896494283547612, 1.0050418259529437, 0.9968768978147908, 1.0016496083893918]","[0.9873411286153682, 0.9829256724665569, 0.9920666352029984, 1.0162478891698095, 0.9933629963590436, 0.9851616446404734, 0.995220053291179, 1.0134731223579099, 0.9941628857389544, 0.9880757703828812, 1.0136401771233732, 0.9926267874472177, 0.9963460455957499, 0.9929330115780157, 1.007060956896802, 0.9730429833679112, 1.0077120672039714, 1.020450045480706, 1.0105243094968563, 1.001293450563054, 0.9940388583805287, 0.9948883490100844, 1.0126756721129415, 0.9949421949921636, 1.00287631438893, 0.997534577169039, 1.0015635752427152, 1.0205574515340627, 0.9773812136056201, 1.020429939504166]","[-0.012658871384631842, -0.017074327533443068, -0.007933364797001574, 0.01624788916980946, -0.006637003640956429, -0.0148383553595266, -0.004779946708820981, 0.013473122357909872, -0.005837114261045606, -0.011924229617118809, 0.013640177123373176, -0.007373212552782338, -0.0036539544042500927, -0.007066988421984277, 0.007060956896802084, -0.026957016632088826, 0.00771206720397144, 0.020450045480705947, 0.010524309496856343, 0.001293450563053966, -0.005961141619471255, -0.005111650989915617, 0.012675672112941516, -0.005057805007836369, 0.0028763143889301013, -0.0024654228309609616, 0.0015635752427152205, 0.020557451534062743, -0.022618786394379864, 0.02042993950416605]","[0.0, 0.09494668990373611, 0.09994420409202576, 0.0, 0.0, 0.0, 0.0, 0.1013956293463707, 0.1013956293463707, 0.09533968567848206, 0.1013956293463707, 0.0, 0.0, 0.1013956293463707, 0.0, 0.0, 0.0, 0.0, 0.1013956293463707, 0.0, 0.0, 0.0, 0.0, 0.0, 0.0, 0.0, 0.1013956293463707, 0.0, 0.1013956293463707, 0.0]","[0.0, 0.0, 0.0, 0.0, -1.0146087360125578e-22, 0.0, 1.2053127398432275e-22, 1.1928430896664327e-22, 0.0, 0.0, 0.0, 0.0, 0.0, -1.0155616478461459e-22, 6.840098743125774e-24, 1.1767933186709593e-22, 0.0, 0.0, 6.232980351961688e-23, 0.0, 0.0, 0.0, 0.0, 0.0, 0.0, 1.0, 1.201524524081321e-22, 0.0, 7.834262322874681e-24, 0.0]","[0.0, 0.0, 0.0007167860574492222, 0.003189349744483642, 0.0025462259803554505, 0.0, 0.0, 0.0, 0.0024348077930045112, 0.012565821232829068, 0.0, 0.0, 0.0, 0.0, 0.0, 0.0, 0.0, 0.0, 0.0, 0.0, 0.000916852396995766, 0.0, 0.0, 0.01555537622693887, 0.0, 0.9426177371916534, 0.0031241472830168563, 0.01633289609327323, 0.0, 0.0]","[0.0, 0.09494669735431671, 0.09994421154260635, 0.0, 0.0, 0.0, 0.0, 0.1013956367969513, 0.1013956367969513, 0.09533969312906265, 0.1013956367969513, 0.0, 0.0, 0.1013956367969513, 0.0, 0.0, 0.0, 0.0, 0.1013956367969513, 0.0, 0.0, 0.0, 0.0, 0.0, 0.0, 0.0, 0.1013956367969513, 0.0, 0.1013956367969513, 0.0]",-0.0036348088817835297
75,1.0529453097461963,"[0.9873411286153682, 0.9829256724665569, 0.9920666352029984, 1.0162478891698095, 0.9933629963590436, 0.9851616446404734, 0.995220053291179, 1.0134731223579099, 0.9941628857389544, 0.9880757703828812, 1.0136401771233732, 0.9926267874472177, 0.9963460455957499, 0.9929330115780157, 1.007060956896802, 0.9730429833679112, 1.0077120672039714, 1.020450045480706, 1.0105243094968563, 1.001293450563054, 0.9940388583805287, 0.9948883490100844, 1.0126756721129415, 0.9949421949921636, 1.00287631438893, 0.997534577169039, 1.0015635752427152, 1.0205574515340627, 0.9773812136056201, 1.020429939504166]","[0.9946955527130461, 0.9929210832416924, 0.9890956851709326, 1.0068662417221912, 0.9973271201428333, 1.0272123839307512, 1.0093135977271435, 1.0038898754822, 1.0075586917162667, 0.9997707233929355, 0.9965560615826222, 0.9950797218184523, 0.9938886145669693, 1.0096672071981472, 1.0011746570257563, 1.0164193700942934, 0.9910956742548253, 1.0056385171964601, 1.0072069648348667, 1.0102026768790353, 1.0065255296065359, 0.9785469270973126, 0.9957901538938172, 1.0007489287152618, 0.9965417227260203, 0.9981598084460345, 0.9883472672255113, 1.0010525121902858, 1.0115887808154467, 1.0119750693312977]","[-0.005304447286953895, -0.0070789167583076296, -0.010904314829067396, 0.006866241722191191, -0.002672879857166688, 0.027212383930751205, 0.009313597727143463, 0.0038898754822001003, 0.007558691716266663, -0.00022927660706451025, -0.0034439384173777787, -0.0049202781815477215, -0.006111385433030692, 0.009667207198147176, 0.0011746570257562539, 0.016419370094293395, -0.008904325745174746, 0.0056385171964601355, 0.007206964834866714, 0.01020267687903531, 0.0065255296065358515, -0.021453072902687387, -0.004209846106182802, 0.0007489287152617763, -0.0034582772739797374, -0.0018401915539655311, -0.01165273277448875, 0.0010525121902857926, 0.011588780815446675, 0.01197506933129766]","[0.0, 0.07386602461338043, 0.1173858791589737, 0.0, 0.0, 0.08799547702074051, 0.0, 0.0, 0.0, 0.0, 0.0, 0.0, 0.0, 0.044807709753513336, 0.0, 0.13114996254444122, 0.0, 0.0, 0.0, 0.13114996254444122, 0.0, 0.12775948643684387, 0.13114996254444122, 0.061457112431526184, 0.0, 0.0, 0.0, 0.0, 0.0, 0.09327849745750427]","[0.0, 3.435699083336672e-22, 0.0, 4.518753755027161e-22, 0.0, 0.0, 0.0, 0.0, 4.52457144267157e-22, 4.534234754074408e-22, 0.0, 3.9879275679632437e-22, 0.0, 3.448580142687133e-22, 0.0, 6.740796824647735e-22, 0.0, 0.0, 4.249123811150059e-22, 0.0, 0.0, 0.0, 5.363946217855326e-22, 0.0, 0.0, 1.0, 0.0, 0.0, 0.0, 0.0]","[0.0015020374840992467, 0.0, 0.0, 0.0, 0.0, 0.0, 0.0, 0.008689218790483502, 0.005094502865538549, 0.0, 0.012591514917962092, 0.0, 0.0, 0.0, 0.0, 0.0, 0.0, 0.005864812667913731, 0.0, 0.0, 0.0, 0.0077458940766275235, 0.0, 0.0, 0.0, 0.9584721574552155, 0.0, 0.0, 0.0, 3.9861742159957754e-05]","[0.0, 0.07386601716279984, 0.1173858642578125, 0.0, 0.0, 0.08799546957015991, 0.0, 0.0, 0.0, 0.0, 0.0, 0.0, 0.0, 0.04480770602822304, 0.0, 0.13114994764328003, 0.0, 0.0, 0.0, 0.13114994764328003, 0.0, 0.12775947153568268, 0.13114994764328003, 0.06145710498094559, 0.0, 0.0, 0.0, 0.0, 0.0, 0.09327849000692368]",0.0019283607283128788
76,1.056386240589888,"[0.9946955527130461, 0.9929210832416924, 0.9890956851709326, 1.0068662417221912, 0.9973271201428333, 1.0272123839307512, 1.0093135977271435, 1.0038898754822, 1.0075586917162667, 0.9997707233929355, 0.9965560615826222, 0.9950797218184523, 0.9938886145669693, 1.0096672071981472, 1.0011746570257563, 1.0164193700942934, 0.9910956742548253, 1.0056385171964601, 1.0072069648348667, 1.0102026768790353, 1.0065255296065359, 0.9785469270973126, 0.9957901538938172, 1.0007489287152618, 0.9965417227260203, 0.9981598084460345, 0.9883472672255113, 1.0010525121902858, 1.0115887808154467, 1.0119750693312977]","[1.008107138405774, 0.9925451990871695, 0.9885991762339977, 1.001808405149945, 0.9969177552468202, 1.0125673849862895, 0.9996202141977906, 1.007923956394588, 0.9879416875784705, 0.9961912845995349, 1.0069321234521573, 0.9953993911649951, 1.0096024729354298, 0.986724766867313, 0.996344167816488, 1.0277218322391066, 0.9847449907078231, 1.0124553926997146, 1.0033991308677892, 1.0054284655190036, 1.0088551323667365, 0.9971294386751249, 0.9893637104351145, 1.015505251043338, 0.9806093220630917, 1.009138960480153, 1.0022395135412332, 1.0064569796476377, 1.0004772705971892, 0.9810886985611571]","[0.00810713840577404, -0.0074548009128304615, -0.011400823766002266, 0.0018084051499449583, -0.0030822447531797525, 0.01256738498628951, -0.00037978580220943137, 0.007923956394588094, -0.012058312421529549, -0.0038087154004651236, 0.006932123452157324, -0.004600608835004905, 0.009602472935429818, -0.01327523313268697, -0.0036558321835119534, 0.027721832239106625, -0.015255009292176935, 0.01245539269971463, 0.003399130867789202, 0.005428465519003556, 0.008855132366736518, -0.002870561324875065, -0.010636289564885493, 0.015505251043337998, -0.019390677936908296, 0.009138960480153058, 0.0022395135412331957, 0.006456979647637695, 0.0004772705971891611, -0.018911301438842898]","[0.08845005184412003, 0.0, 0.0, 0.10467199236154556, 0.0, 0.10467199236154556, 0.10467199236154556, 0.0, 0.0, 0.0, 0.10467199236154556, 0.0, 0.0, 0.10467199236154556, 0.0, 0.07829046994447708, 0.0, 0.0, 0.0, 0.0, 0.0, 0.0, 0.0, 0.10055551677942276, 0.10467199236154556, 0.0, 0.0, 0.0, 0.10467199236154556, 0.0]","[0.0, 2.367734425590822e-22, 1.3672580241652945e-22, 1.3352999619125087e-22, 1.3253114470388358e-22, 1.3431888720877175e-22, 0.0, 0.0, 0.0, 0.0, 0.0, 1.3415479430437637e-22, 0.0, 0.0, 0.0, 0.0, 0.0, 0.0, 0.0, 0.0, 0.0, 1.3424389220547953e-22, 0.0, 0.0, 0.0, 0.0, 5.730000773753027e-22, 2.514498787575902e-22, 0.0, 1.0]","[0.0, 0.01710559221479622, 0.003627122347472799, 0.0, 0.006539440015066744, 0.0, 0.0, 0.0032869980863931576, 0.01473144372756697, 0.0, 0.0034203352907857553, 0.0, 0.0, 0.022355007516854954, 0.0, 0.0, 0.003280475800007713, 0.010151696820895765, 0.0, 0.0021879805529629866, 0.0, 0.0032069956920063535, 0.01091915685986938, 0.009543310678022117, 0.0, 0.0, 0.0009841867562247054, 0.002823066946253638, 0.0, 0.8858371906948207]","[0.08845005184412003, 0.0, 0.0, 0.10467199236154556, 0.0, 0.10467199236154556, 0.10467199236154556, 0.0, 0.0, 0.0, 0.10467199236154556, 0.0, 0.0, 0.10467199236154556, 0.0, 0.07829046994447708, 0.0, 0.0, 0.0, 0.0, 0.0, 0.0, 0.0, 0.10055551677942276, 0.10467199236154556, 0.0, 0.0, 0.0, 0.10467199236154556, 0.0]",0.00291530969136344
77,1.0579460461521666,"[1.008107138405774, 0.9925451990871695, 0.9885991762339977, 1.001808405149945, 0.9969177552468202, 1.0125673849862895, 0.9996202141977906, 1.007923956394588, 0.9879416875784705, 0.9961912845995349, 1.0069321234521573, 0.9953993911649951, 1.0096024729354298, 0.986724766867313, 0.996344167816488, 1.0277218322391066, 0.9847449907078231, 1.0124553926997146, 1.0033991308677892, 1.0054284655190036, 1.0088551323667365, 0.9971294386751249, 0.9893637104351145, 1.015505251043338, 0.9806093220630917, 1.009138960480153, 1.0022395135412332, 1.0064569796476377, 1.0004772705971892, 0.9810886985611571]","[0.9883954256057368, 1.0086050944184934, 1.0002282592313658, 1.0049251233527732, 0.9986782916326297, 1.0130836951250533, 1.0484760668414275, 0.9994052598610486, 1.0161404110617285, 0.9912591719886347, 1.007749315444762, 1.0033679104488, 1.0042679567962962, 1.007670755775189, 1.0062990893648391, 1.0124432599193671, 1.016568690960334, 1.0082351140313321, 0.9810460813308958, 1.015213651193122, 0.9983406664722771, 0.9966496230811441, 0.9898397710814896, 1.0042586702330571, 1.0027335160729902, 0.9973365718410608, 0.9823890526184714, 1.0126665896290727, 0.9873086445807263, 1.0021995359411109]","[-0.011604574394263212, 0.008605094418493442, 0.00022825923136582382, 0.004925123352773175, -0.0013217083673703334, 0.013083695125053252, 0.04847606684142747, -0.000594740138951444, 0.016140411061728477, -0.008740828011365331, 0.007749315444762095, 0.0033679104488000267, 0.004267956796296213, 0.007670755775188942, 0.006299089364839139, 0.012443259919367122, 0.016568690960333976, 0.008235114031332147, -0.01895391866910423, 0.015213651193122013, -0.0016593335277228505, -0.0033503769188558685, -0.010160228918510428, 0.004258670233057149, 0.0027335160729902164, -0.002663428158939163, -0.017610947381528574, 0.012666589629072744, -0.012691355419273687, 0.002199535941110886]","[0.09999999403953552, 0.0, 0.0, 0.0, 0.0, 0.0, 0.0, 0.0, 0.0, 0.0, 0.0, 0.0, 0.09999999403953552, 0.0, 0.0, 0.09999999403953552, 0.0, 0.09999999403953552, 0.0, 0.0, 0.09999999403953552, 0.09999999403953552, 0.0, 0.09999999403953552, 0.0, 0.0, 0.0, 0.09999999403953552, 0.09999999403953552, 0.09999999403953552]","[0.0, 7.011314770602843e-23, 0.0, 0.0, 1.2693537258691748e-22, 0.0, 1.673639046757462e-23, 0.0, 0.0, 0.0, 0.0, 2.3605879672023724e-22, 1.266456664208443e-22, 1.7086128042577685e-23, 0.0, 0.0, 0.0, 0.0, 1.7839411580434512e-22, 0.0, 0.0, 1.2324956404834324e-22, 1.794406293924633e-22, 0.0, 0.0, 1.0, 0.0, 0.0, 0.0, 0.0]","[0.002098741027571236, 0.000455165021506776, 0.0, 0.0, 0.01182273257419722, 0.010233895423335882, 0.006328558068621969, 0.00764977243697671, 0.013307547509827931, 0.0, 0.0, 0.0, 0.0, 0.002600794527030713, 0.0011611859846599735, 0.0, 0.0072142495658653934, 0.016662000990222813, 0.0, 0.0, 0.003399566169474839, 0.0, 0.0044350292403473515, 0.0, 0.0, 0.8955905597087885, 0.017040201751572642, 0.0, 0.0, 0.0]","[0.09999999403953552, 0.0, 0.0, 0.0, 0.0, 0.0, 0.0, 0.0, 0.0, 0.0, 0.0, 0.0, 0.09999999403953552, 0.0, 0.0, 0.09999999403953552, 0.0, 0.09999999403953552, 0.0, 0.0, 0.09999999403953552, 0.09999999403953552, 0.0, 0.09999999403953552, 0.0, 0.0, 0.0, 0.09999999403953552, 0.09999999403953552, 0.09999999403953552]",0.001045061993285852
78,1.0579376468146595,"[0.9883954256057368, 1.0086050944184934, 1.0002282592313658, 1.0049251233527732, 0.9986782916326297, 1.0130836951250533, 1.0484760668414275, 0.9994052598610486, 1.0161404110617285, 0.9912591719886347, 1.007749315444762, 1.0033679104488, 1.0042679567962962, 1.007670755775189, 1.0062990893648391, 1.0124432599193671, 1.016568690960334, 1.0082351140313321, 0.9810460813308958, 1.015213651193122, 0.9983406664722771, 0.9966496230811441, 0.9898397710814896, 1.0042586702330571, 1.0027335160729902, 0.9973365718410608, 0.9823890526184714, 1.0126665896290727, 0.9873086445807263, 1.0021995359411109]","[1.0233336307654042, 1.0118612755965954, 0.9974683595851118, 1.0137026992973273, 0.9958464766443433, 0.999183829970557, 1.0036248514996347, 1.0272313561170674, 1.019631989135553, 0.9895271314000145, 0.9936001630514116, 1.0130869928405482, 0.9936856277559736, 1.0160867397903577, 0.983060002345141, 1.0073573762505577, 1.003872208888592, 1.0097842683889382, 1.0140770095786271, 0.9894312844202301, 0.9921198457343365, 0.9913112116971353, 0.9844040853935704, 0.9880070813665857, 0.9826837023215561, 1.0128309605753878, 0.9763555558778292, 1.0074165639259394, 0.9961327272586815, 0.9921399128219246]","[0.02333363076540418, 0.011861275596595444, -0.002531640414888181, 0.013702699297327259, -0.004153523355656663, -0.0008161700294430085, 0.0036248514996346515, 0.027231356117067396, 0.019631989135552974, -0.01047286859998553, -0.006399836948588367, 0.01308699284054815, -0.006314372244026423, 0.016086739790357685, -0.016939997654858985, 0.007357376250557657, 0.003872208888592077, 0.0097842683889382, 0.01407700957862712, -0.010568715579769905, -0.007880154265663464, -0.00868878830286468, -0.015595914606429617, -0.01199291863341434, -0.017316297678443893, 0.012830960575387795, -0.023644444122170816, 0.007416563925939368, -0.0038672727413184838, -0.007860087178075403]","[0.0, 0.0, 0.05393855646252632, 0.0, 0.0, 0.0, 0.11471262574195862, 0.0, 0.0, 0.0, 0.0, 0.0, 0.0, 0.11471262574195862, 0.11471262574195862, 0.11471262574195862, 0.0, 0.09303828328847885, 0.0, 0.11471262574195862, 0.0, 0.0, 0.0, 0.06946765631437302, 0.0, 0.0, 0.0, 0.11471262574195862, 0.0, 0.09527972340583801]","[0.0, 6.207842590468692e-06, 7.228667093905883e-06, 6.641250819064696e-06, 0.0, 0.0, 0.0, 0.0, 0.0, 0.0, 0.0, 0.0, 0.0, 0.0, 0.0, 6.693107100292068e-06, 0.0, 0.0, 6.4447538586505414e-06, 6.5916237653559675e-06, 0.0, 0.0, 6.316985754743918e-06, 0.0, 0.0, 0.02197432483442626, 0.0, 0.9779726476469964, 6.9032875948774255e-06, 0.0]","[0.003197845392737362, 0.0, 0.0, 0.0016165346449486418, 0.0, 0.011875276287502411, 0.0030025005927648844, 0.0, 0.0, 0.0, 0.015232179582472409, 0.0, 0.0, 0.0, 0.00011379197054474147, 0.009646227858948048, 0.0072631640675163206, 0.0, 0.0004199660318398558, 0.001833324726100032, 0.010873425796143267, 0.00534082726457882, 0.0, 0.0037048094280562258, 0.00873943974686452, 0.017885978664392017, 0.0, 0.8846610952441812, 0.0, 0.014593612700409273]","[0.0, 0.0, 0.05393856391310692, 0.0, 0.0, 0.0, 0.11471264064311981, 0.0, 0.0, 0.0, 0.0, 0.0, 0.0, 0.11471264064311981, 0.11471264064311981, 0.11471264064311981, 0.0, 0.09303829073905945, 0.0, 0.11471264064311981, 0.0, 0.0, 0.0, 0.06946766376495361, 0.0, 0.0, 0.0, 0.11471264064311981, 0.0, 0.0952797383069992]",-0.000442773570707063
79,1.0589810928971883,"[1.0233336307654042, 1.0118612755965954, 0.9974683595851118, 1.0137026992973273, 0.9958464766443433, 0.999183829970557, 1.0036248514996347, 1.0272313561170674, 1.019631989135553, 0.9895271314000145, 0.9936001630514116, 1.0130869928405482, 0.9936856277559736, 1.0160867397903577, 0.983060002345141, 1.0073573762505577, 1.003872208888592, 1.0097842683889382, 1.0140770095786271, 0.9894312844202301, 0.9921198457343365, 0.9913112116971353, 0.9844040853935704, 0.9880070813665857, 0.9826837023215561, 1.0128309605753878, 0.9763555558778292, 1.0074165639259394, 0.9961327272586815, 0.9921399128219246]","[0.9974938528864371, 0.9973760514134593, 1.0001802240244482, 0.9846641064772861, 1.003245737023427, 1.0017833025750271, 1.0223271399677771, 0.9924816510947801, 0.9989710618768627, 1.0048859344237837, 0.9856604750910332, 0.991342498279521, 1.0009611828211904, 1.020331810721125, 0.9897801869027267, 1.0187117253981688, 0.9972140410353267, 1.0169575853269508, 1.00109513706199, 0.9772597068301546, 1.015703649753949, 1.0251412969106806, 1.0011745728135057, 1.0085517736819758, 1.0076054707242286, 1.0081312633691122, 1.0105671008877735, 0.9763953682438486, 1.002208004032259, 1.0296486091075696]","[-0.0025061471135628954, -0.002623948586540692, 0.00018022402444817232, -0.015335893522713917, 0.003245737023426898, 0.0017833025750271236, 0.022327139967777132, -0.0075183489052198516, -0.001028938123137313, 0.004885934423783711, -0.014339524908966839, -0.008657501720478966, 0.0009611828211903983, 0.020331810721125, -0.010219813097273267, 0.018711725398168788, -0.002785958964673263, 0.016957585326950797, 0.001095137061990048, -0.022740293169845383, 0.01570364975394889, 0.025141296910680566, 0.0011745728135057476, 0.008551773681975794, 0.007605470724228569, 0.008131263369112185, 0.010567100887773462, -0.02360463175615135, 0.002208004032258959, 0.029648609107569612]","[0.10855628550052643, 0.10855628550052643, 0.10855628550052643, 0.10855628550052643, 0.0, 0.0, 0.10855628550052643, 0.10050957649946213, 0.0, 0.0, 0.0, 0.10855628550052643, 0.0, 0.0, 0.0, 0.0, 0.0, 0.0, 0.0, 0.0, 0.031040135771036148, 0.0, 0.0, 0.0, 0.10855628550052643, 0.0, 0.10855628550052643, 0.0, 0.0, 0.0]","[1.143924672457199e-23, 0.0, 0.0, 0.0, -2.090257765890254e-22, 0.0, -2.0760252773378076e-22, 1.1293080912277861e-23, 0.0, 0.0, 0.0, 0.0, -9.805406988067815e-23, 0.0, 0.0, 0.0, 0.0, 0.0, -4.6140569576679353e-23, 0.0, 0.0, 0.0, -1.0025234480812921e-22, 0.0, 0.0, 1.0, -2.0902455981421992e-22, -1.819439740636437e-22, 0.0, 0.0]","[0.0, 0.0, 0.0, 0.0, 0.015905097013072383, 0.0, 0.0, 0.0, 0.0, 0.0, 0.005880508794107525, 0.013682582089704153, 0.0, 0.004282335477564616, 0.0027130088024122775, 0.0, 0.0, 0.0010506937999673906, 0.0, 0.0014798664819120446, 0.007675980253206783, 0.0, 0.006078319056402588, 0.010586016183920556, 0.0, 0.9264722155627223, 0.0, 0.0, 0.004193376485007238, 0.0]","[0.10855628550052643, 0.10855628550052643, 0.10855628550052643, 0.10855628550052643, 0.0, 0.0, 0.10855628550052643, 0.10050957649946213, 0.0, 0.0, 0.0, 0.10855628550052643, 0.0, 0.0, 0.0, 0.0, 0.0, 0.0, 0.0, 0.0, 0.031040135771036148, 0.0, 0.0, 0.0, 0.10855628550052643, 0.0, 0.10855628550052643, 0.0, 0.0, 0.0]",0.0006334897856468255
80,1.0597100347241248,"[0.9974938528864371, 0.9973760514134593, 1.0001802240244482, 0.9846641064772861, 1.003245737023427, 1.0017833025750271, 1.0223271399677771, 0.9924816510947801, 0.9989710618768627, 1.0048859344237837, 0.9856604750910332, 0.991342498279521, 1.0009611828211904, 1.020331810721125, 0.9897801869027267, 1.0187117253981688, 0.9972140410353267, 1.0169575853269508, 1.00109513706199, 0.9772597068301546, 1.015703649753949, 1.0251412969106806, 1.0011745728135057, 1.0085517736819758, 1.0076054707242286, 1.0081312633691122, 1.0105671008877735, 0.9763953682438486, 1.002208004032259, 1.0296486091075696]","[1.0132908950463013, 1.006968593550956, 0.9923417158133615, 1.0225715756382945, 1.0009225134205084, 1.0082512262457404, 0.9876042979805356, 0.9836462829313889, 0.9841252929687316, 1.0016414646457246, 1.0102827678569024, 1.0018663373961836, 1.0140943264200986, 0.9961056110066407, 1.0187795138361662, 0.9798228406927528, 1.0059298873513358, 0.9951316101317755, 1.0102865171530186, 1.0120414769022936, 1.0419640599147413, 1.0100851895487593, 1.0111713969215124, 0.9753725708138428, 0.9864980016310058, 1.0211185622305976, 1.011829462087397, 1.0177236855032685, 0.9971633087425968, 1.006424696334943]","[0.013290895046301321, 0.006968593550956026, -0.007658284186638498, 0.022571575638294483, 0.0009225134205084196, 0.008251226245740373, -0.012395702019464383, -0.016353717068611107, -0.015874707031268365, 0.0016414646457245663, 0.010282767856902408, 0.0018663373961835816, 0.014094326420098557, -0.0038943889933592546, 0.018779513836166162, -0.020177159307247172, 0.005929887351335816, -0.004868389868224465, 0.010286517153018648, 0.012041476902293624, 0.04196405991474128, 0.010085189548759255, 0.011171396921512367, -0.024627429186157235, -0.013501998368994239, 0.021118562230597604, 0.011829462087397102, 0.017723685503268527, -0.0028366912574031566, 0.006424696334943025]","[0.0, 0.0, 0.09356305003166199, 0.0, 0.0, 0.0, 0.09860734641551971, 0.09472900629043579, 0.0, 0.0, 0.10098648816347122, 0.10578382760286331, 0.0, 0.0, 0.0, 0.09605158865451813, 0.10578382760286331, 0.0, 0.0, 0.0, 0.10578382760286331, 0.10578382760286331, 0.0, 0.0, 0.09292713552713394, 0.0, 0.0, 0.0, 0.0, 0.0]","[0.0, 0.0, 2.337531364627114e-22, 0.0, 0.0, 0.0, 2.4070905512607373e-22, 0.0, 0.0, 0.0, 0.0, 0.0, 1.2765344094194064e-22, 0.0, 2.363756544617771e-22, 0.0, 2.391905701998816e-22, 0.0, 0.0, 0.0, 0.0, 0.0, 0.0, 1.2678445507712373e-22, 0.0, 1.0, 2.3773964093037793e-22, 0.0, 1.2597166605465808e-22, 4.037608769078696e-22]","[0.002377721349381186, 0.0, 0.0008269611162413168, 0.002056036833787293, 0.0018569327425765312, 0.003879538862780242, 0.012364074585129737, 0.0, 0.017147456957087782, 0.003508090358430694, 0.01003630540607597, 0.0, 0.0, 0.013019039357769253, 0.0, 0.0047964027980844795, 0.0031830993067219447, 0.0, 0.002065966833958032, 0.002917777981930727, 0.0, 0.0, 0.0, 0.0, 0.004907702693283078, 0.896875614362325, 0.010508581744426395, 0.0, 0.007672696710010236, 0.0]","[0.0, 0.0, 0.09356305748224258, 0.0, 0.0, 0.0, 0.09860735386610031, 0.09472901374101639, 0.0, 0.0, 0.10098649561405182, 0.10578383505344391, 0.0, 0.0, 0.0, 0.09605159610509872, 0.10578383505344391, 0.0, 0.0, 0.0, 0.10578383505344391, 0.10578383505344391, 0.0, 0.0, 0.09292714297771454, 0.0, 0.0, 0.0, 0.0, 0.0]",0.0003211592486624628
81,1.0632833241230821,"[1.0132908950463013, 1.006968593550956, 0.9923417158133615, 1.0225715756382945, 1.0009225134205084, 1.0082512262457404, 0.9876042979805356, 0.9836462829313889, 0.9841252929687316, 1.0016414646457246, 1.0102827678569024, 1.0018663373961836, 1.0140943264200986, 0.9961056110066407, 1.0187795138361662, 0.9798228406927528, 1.0059298873513358, 0.9951316101317755, 1.0102865171530186, 1.0120414769022936, 1.0419640599147413, 1.0100851895487593, 1.0111713969215124, 0.9753725708138428, 0.9864980016310058, 1.0211185622305976, 1.011829462087397, 1.0177236855032685, 0.9971633087425968, 1.006424696334943]","[1.0181444645264406, 0.9940513665109874, 1.0067142542742247, 1.0018890151645579, 0.9996753550826514, 1.0013962405666395, 0.9896637298645983, 0.9812384448176816, 0.9958123632671085, 0.9912815332201815, 1.0078747247306943, 1.0092430507630719, 1.0220107344654015, 1.0096608391811666, 0.9948131352797321, 1.0058624720886298, 0.9755089085453391, 0.9984590071572218, 0.9998355251502704, 0.9989351752375759, 0.9953429499610816, 1.0183868604615103, 0.9855758611185198, 1.0123447417119273, 1.0002788167116379, 0.997888887423217, 1.0126965891613777, 1.0261300373312359, 1.0019578442931227, 1.0105502649148959]","[0.018144464526440585, -0.005948633489012645, 0.006714254274224674, 0.0018890151645578612, -0.00032464491734862655, 0.0013962405666394506, -0.010336270135401726, -0.018761555182318368, -0.004187636732891464, -0.008718466779818468, 0.007874724730694282, 0.009243050763071858, 0.02201073446540147, 0.009660839181166558, -0.005186864720267859, 0.005862472088629778, -0.024491091454660885, -0.0015409928427781994, -0.00016447484972959003, -0.001064824762424088, -0.0046570500389183644, 0.01838686046151028, -0.014424138881480197, 0.012344741711927343, 0.0002788167116378748, -0.002111112576782981, 0.012696589161377725, 0.026130037331235867, 0.0019578442931227347, 0.010550264914895857]","[0.0, 0.0, 0.10016151517629623, 0.0, 0.0986224040389061, 0.0, 0.0, 0.0, 0.0, 0.0, 0.10016151517629623, 0.0, 0.0, 0.10016151517629623, 0.10016151517629623, 0.0, 0.0, 0.10016151517629623, 0.0, 0.0, 0.0, 0.10016151517629623, 0.10016151517629623, 0.0, 0.0, 0.0, 0.0, 0.0, 0.10016151517629623, 0.10008548945188522]","[0.0, 0.0, 0.0, 0.0, 6.778209572310783e-22, 0.0, 0.0, 7.878149774299079e-22, 7.870851359421719e-22, 0.0, 0.0, 7.322606166799341e-22, 0.0, 0.0, 0.0, 0.0, 7.899702631912767e-22, 0.0, 8.675753122465237e-22, 0.0, 0.0, 0.0, 0.0, 0.0, 0.0, 1.0, 7.888102166060937e-22, 8.365783667942531e-22, 0.0, 7.6086160878767455e-22]","[0.0, 0.0, 0.012063087228010258, 0.003198035057711769, 0.0, 0.0, 0.005157595516919507, 0.0, 0.005159123198940595, 0.0, 0.01295137280688294, 0.0003503832316433621, 0.0, 0.0, 0.0, 0.0, 0.005460691046046176, 0.0, 0.0, 0.008059765505527488, 0.0, 0.0021537227054883967, 0.014285785332684119, 0.0, 0.022220910496529366, 0.8759321256506637, 0.012419538154766686, 0.006351418632807927, 0.0, 0.014236445435377715]","[0.0, 0.0, 0.10016151517629623, 0.0, 0.0986224040389061, 0.0, 0.0, 0.0, 0.0, 0.0, 0.10016151517629623, 0.0, 0.0, 0.10016151517629623, 0.10016151517629623, 0.0, 0.0, 0.10016151517629623, 0.0, 0.0, 0.0, 0.10016151517629623, 0.10016151517629623, 0.0, 0.0, 0.0, 0.0, 0.0, 0.10016151517629623, 0.10008548945188522]",0.0029919834584210443
82,1.0624238767340004,"[1.0181444645264406, 0.9940513665109874, 1.0067142542742247, 1.0018890151645579, 0.9996753550826514, 1.0013962405666395, 0.9896637298645983, 0.9812384448176816, 0.9958123632671085, 0.9912815332201815, 1.0078747247306943, 1.0092430507630719, 1.0220107344654015, 1.0096608391811666, 0.9948131352797321, 1.0058624720886298, 0.9755089085453391, 0.9984590071572218, 0.9998355251502704, 0.9989351752375759, 0.9953429499610816, 1.0183868604615103, 0.9855758611185198, 1.0123447417119273, 1.0002788167116379, 0.997888887423217, 1.0126965891613777, 1.0261300373312359, 1.0019578442931227, 1.0105502649148959]","[1.012297542587477, 1.0160878052693318, 0.9882280388645475, 0.9983314976868364, 1.0105281767421201, 1.005517248720404, 0.9908532532449803, 0.9845550848124505, 1.0264798544230027, 1.0054990406529885, 1.0073913319896777, 0.9922015176687625, 1.016331670626619, 0.9908076584633223, 0.9787278985910906, 0.9997472925283458, 1.0411599573391483, 1.0127464468598437, 0.9849141394207659, 0.9990524854113217, 0.9971565734585751, 1.0020343719652178, 0.9850061642640624, 0.989837089813915, 1.0082983640241734, 1.0010286759748346, 0.9829011921910867, 0.9854532454040273, 0.9943703057035174, 0.9961341438117959]","[0.01229754258747695, 0.016087805269331845, -0.011771961135452536, -0.0016685023131636223, 0.010528176742120143, 0.005517248720404044, -0.009146746755019697, -0.015444915187549535, 0.026479854423002713, 0.005499040652988452, 0.007391331989677674, -0.007798482331237477, 0.016331670626619, -0.009192341536677695, -0.02127210140890945, -0.00025270747165417884, 0.041159957339148345, 0.012746446859843719, -0.015085860579234112, -0.0009475145886782554, -0.002843426541424887, 0.0020343719652178294, -0.0149938357359376, -0.01016291018608495, 0.008298364024173388, 0.0010286759748345808, -0.017098807808913263, -0.014546754595972655, -0.005629694296482635, -0.00386585618820412]","[0.10270213335752487, 0.0, 0.0, 0.0769515112042427, 0.0, 0.10270213335752487, 0.0, 0.0, 0.0, 0.10270213335752487, 0.0, 0.0, 0.0, 0.10270213335752487, 0.0, 0.10270213335752487, 0.0, 0.0, 0.0, 0.0, 0.10270213335752487, 0.0, 0.10143135488033295, 0.0, 0.0, 0.10270213335752487, 0.0, 0.0, 0.0, 0.10270213335752487]","[0.0, 0.0, 0.0, 0.0, 0.0, 0.0, -8.256269429883257e-23, 0.0, 0.0, 1.3458304492497505e-22, 0.0, 0.0, 2.0932930248265943e-23, 7.952212155229378e-23, 1.3032268927993164e-22, 0.0, 0.0, 0.0, 2.4704738316560087e-22, 0.0, 0.0, 0.0, 0.0, 0.0, 0.0, 0.0, 1.3586751043026242e-22, 1.0, 2.9353890992089466e-23, -6.763128657075498e-24]","[0.0004451977434496713, 0.0, 0.0, 0.005237283253362908, 0.0019526526016469645, 0.0, 0.009509180492233175, 0.0, 9.162637888481165e-05, 0.0, 0.008151535918225702, 0.0, 0.012939205216014812, 0.011811699978571281, 0.011587498207548192, 0.0, 0.0, 0.007837818042678855, 0.0003190188741450383, 0.008212074498452505, 0.0020571582383876307, 0.0, 0.0, 0.0, 0.0, 0.0, 0.011133687716414174, 0.9087143628399843, 0.0, 0.0]","[0.10270214080810547, 0.0, 0.0, 0.0769515186548233, 0.0, 0.10270214080810547, 0.0, 0.0, 0.0, 0.10270214080810547, 0.0, 0.0, 0.0, 0.10270214080810547, 0.0, 0.10270214080810547, 0.0, 0.0, 0.0, 0.0, 0.10270214080810547, 0.0, 0.10143136233091354, 0.0, 0.0, 0.10270214080810547, 0.0, 0.0, 0.0, 0.10270214080810547]",-0.001213368428361632
83,1.0566924964991682,"[1.012297542587477, 1.0160878052693318, 0.9882280388645475, 0.9983314976868364, 1.0105281767421201, 1.005517248720404, 0.9908532532449803, 0.9845550848124505, 1.0264798544230027, 1.0054990406529885, 1.0073913319896777, 0.9922015176687625, 1.016331670626619, 0.9908076584633223, 0.9787278985910906, 0.9997472925283458, 1.0411599573391483, 1.0127464468598437, 0.9849141394207659, 0.9990524854113217, 0.9971565734585751, 1.0020343719652178, 0.9850061642640624, 0.989837089813915, 1.0082983640241734, 1.0010286759748346, 0.9829011921910867, 0.9854532454040273, 0.9943703057035174, 0.9961341438117959]","[0.9892879809056441, 1.013513549459906, 1.0456360542696819, 0.9872213632551802, 0.9978867446493674, 0.9981015939436212, 1.00072502003393, 0.997486306865314, 0.9958771491740517, 0.9865705906535234, 0.9831787132125817, 1.0190907764006, 0.9949787915568546, 0.9772894093758555, 1.0136471565599896, 1.0168657025534578, 0.9902923914752196, 0.9981128375862005, 0.998110541909673, 1.0036962384776866, 1.0057533503346878, 0.9878764686114466, 0.9960516143414433, 0.9893414040574514, 1.0027350243387378, 0.9937171860073345, 1.0009314299323693, 0.9889329271014482, 1.0070780354150508, 0.9772635896802845]","[-0.010712019094355929, 0.013513549459905905, 0.04563605426968187, -0.012778636744819827, -0.002113255350632559, -0.0018984060563788097, 0.0007250200339299351, -0.002513693134685968, -0.004122850825948321, -0.013429409346476628, -0.016821286787418344, 0.019090776400600085, -0.005021208443145353, -0.02271059062414449, 0.013647156559989604, 0.016865702553457762, -0.009707608524780365, -0.0018871624137994925, -0.0018894580903270342, 0.003696238477686631, 0.005753350334687823, -0.012123531388553377, -0.003948385658556708, -0.010658595942548588, 0.002735024338737846, -0.0062828139926655036, 0.0009314299323692765, -0.0110670728985518, 0.00707803541505081, -0.022736410319715517]","[0.0, 0.0, 0.0, 0.11009705811738968, 0.0, 0.0, 0.07230579107999802, 0.0, 0.0, 0.11009705811738968, 0.0, 0.0, 0.0, 0.08742198348045349, 0.0, 0.10229896008968353, 0.0, 0.0, 0.0, 0.0, 0.09793543815612793, 0.0, 0.11009705811738968, 0.11009705811738968, 0.0, 0.0, 0.0, 0.0, 0.11009705811738968, 0.08955246955156326]","[0.0, 8.618303340473349e-22, 8.2818302692142855e-22, 0.0, 0.0, 0.0, 0.0, 0.0, 0.0, 5.8436327140050915e-22, 0.0, 0.0, 0.0, 0.0, 0.0, 8.282697473775712e-22, 0.0, 5.471260542036174e-22, 1.0585454701908068e-21, 0.0, 0.0, 0.0, 7.461581450620773e-22, 0.0, 0.0, 0.34772804030135157, 0.0, 0.6522719596986485, 7.039728317058205e-22, 0.0]","[0.0, 0.0, 0.0, 0.0005660491235949777, 0.0, 0.0, 0.0, 0.0, 0.0, 0.0, 0.0003808245831631928, 0.0, 0.0, 0.003962197813177092, 0.017211188842080147, 0.010814758153407576, 0.0, 0.0057519358855780515, 0.0058060206795785855, 0.0, 0.01729036519981652, 0.006512708413753654, 0.0, 0.0044884967734031495, 0.0, 0.32594877596038224, 0.0, 0.5967024106026163, 0.0045642679694484775, 0.0]","[0.0, 0.0, 0.0, 0.11009706556797028, 0.0, 0.0, 0.07230579853057861, 0.0, 0.0, 0.11009706556797028, 0.0, 0.0, 0.0, 0.08742199093103409, 0.0, 0.10229896754026413, 0.0, 0.0, 0.0, 0.0, 0.09793544560670853, 0.0, 0.11009706556797028, 0.11009706556797028, 0.0, 0.0, 0.0, 0.0, 0.11009706556797028, 0.08955247700214386]",-0.00583956587852621
84,1.0628542426968535,"[0.9892879809056441, 1.013513549459906, 1.0456360542696819, 0.9872213632551802, 0.9978867446493674, 0.9981015939436212, 1.00072502003393, 0.997486306865314, 0.9958771491740517, 0.9865705906535234, 0.9831787132125817, 1.0190907764006, 0.9949787915568546, 0.9772894093758555, 1.0136471565599896, 1.0168657025534578, 0.9902923914752196, 0.9981128375862005, 0.998110541909673, 1.0036962384776866, 1.0057533503346878, 0.9878764686114466, 0.9960516143414433, 0.9893414040574514, 1.0027350243387378, 0.9937171860073345, 1.0009314299323693, 0.9889329271014482, 1.0070780354150508, 0.9772635896802845]","[1.0234931701529573, 1.0063536455922872, 1.0041460763532406, 0.9929956789712572, 0.9997792525837661, 0.9903632234126979, 0.9897641228818936, 1.009751654311562, 1.0074980191949332, 1.003810682406312, 0.9789047453354444, 1.0197276647782536, 1.0200073618050345, 1.0044765491958656, 0.9922618947581796, 1.0025147814319968, 1.0002515575609279, 1.0034476524190017, 1.0046720237211861, 0.9947253561845185, 0.9880296623994713, 1.0006085539433525, 1.0098044029566202, 1.0020151771637522, 1.0030231247231864, 1.0037079637279367, 1.0349319295864379, 0.9840193703037771, 0.9783861313565565, 0.9764157014761462]","[0.023493170152957266, 0.006353645592287238, 0.004146076353240602, -0.0070043210287428215, -0.00022074741623390182, -0.00963677658730211, -0.010235877118106362, 0.009751654311562108, 0.007498019194933203, 0.0038106824063119937, -0.02109525466455564, 0.019727664778253606, 0.020007361805034485, 0.004476549195865598, -0.007738105241820392, 0.002514781431996793, 0.00025155756092787307, 0.00344765241900169, 0.004672023721186136, -0.005274643815481483, -0.01197033760052868, 0.0006085539433524634, 0.009804402956620217, 0.002015177163752213, 0.0030231247231864433, 0.0037079637279366917, 0.03493192958643787, -0.015980629696222937, -0.0216138686434435, -0.023584298523853797]","[0.061683595180511475, 0.10836594551801682, 0.0, 0.0, 0.0, 0.0, 0.0, 0.10836594551801682, 0.0, 0.0, 0.0, 0.10836594551801682, 0.0, 0.0, 0.08194240927696228, 0.0, 0.09931060671806335, 0.0, 0.0, 0.0, 0.10836594551801682, 0.0, 0.0, 0.0, 0.10836594551801682, 0.0, 0.10836594551801682, 0.10686776787042618, 0.0, 0.0]","[1.0385041212611992e-23, -9.989151420328419e-23, 0.0, 0.0, -9.968778325090978e-23, 0.0, 1.410481602484222e-23, 1.0113833594410176e-23, 0.0, 0.0, 0.0, 0.0, 0.0, -9.900333842796819e-23, 0.0, 0.0, 0.0, 0.0, 0.0, 0.0, 0.0, 0.0, 8.774923066485984e-24, 0.0, 0.0, 1.0, 2.334241427062793e-22, -1.7354733877336053e-23, 0.0, 0.0]","[7.916477139927771e-05, 0.00625973563651078, 0.0, 0.0, 0.0, 0.0, 0.0, 0.022830357143555545, 0.0, 0.0013049675426591812, 0.0, 0.0, 0.0, 0.006752189926484309, 0.006530154750813857, 0.007117471535097068, 0.0, 0.0, 0.0038048441268314402, 0.0, 0.0, 0.0, 0.006259249851666499, 0.0017894813066237315, 0.0, 0.9176587247339059, 0.0, 0.010890558005554263, 0.00872310066889813, 0.0]","[0.06168358772993088, 0.10836593061685562, 0.0, 0.0, 0.0, 0.0, 0.0, 0.10836593061685562, 0.0, 0.0, 0.0, 0.10836593061685562, 0.0, 0.0, 0.08194240182638168, 0.0, 0.09931059181690216, 0.0, 0.0, 0.0, 0.10836593061685562, 0.0, 0.0, 0.0, 0.10836593061685562, 0.0, 0.10836593061685562, 0.10686775296926498, 0.0, 0.0]",0.005433917977780743
85,1.0602139411650644,"[1.0234931701529573, 1.0063536455922872, 1.0041460763532406, 0.9929956789712572, 0.9997792525837661, 0.9903632234126979, 0.9897641228818936, 1.009751654311562, 1.0074980191949332, 1.003810682406312, 0.9789047453354444, 1.0197276647782536, 1.0200073618050345, 1.0044765491958656, 0.9922618947581796, 1.0025147814319968, 1.0002515575609279, 1.0034476524190017, 1.0046720237211861, 0.9947253561845185, 0.9880296623994713, 1.0006085539433525, 1.0098044029566202, 1.0020151771637522, 1.0030231247231864, 1.0037079637279367, 1.0349319295864379, 0.9840193703037771, 0.9783861313565565, 0.9764157014761462]","[0.9870683495004815, 1.0070327277208786, 1.0085015313243646, 1.00687670895266, 0.9896899305438079, 0.9903288383642487, 0.9893693640686121, 1.024422138229024, 0.9907183674244894, 0.9945791149055823, 0.9972451149376633, 0.99295470779909, 1.00742452261009, 0.9951269343469226, 1.012079937541537, 0.9980468287830904, 0.9902804082363502, 0.9962638408929079, 1.0089782793865076, 0.9922134483306212, 0.9926267549298705, 0.9997146728153641, 0.9798992674430326, 0.9949069814239769, 0.990339228105516, 0.9977649978511868, 1.006668993527823, 0.9971334092296459, 0.9981514474456943, 1.0038115785274468]","[-0.012931650499518499, 0.0070327277208785954, 0.008501531324364597, 0.006876708952660016, -0.010310069456192061, -0.009671161635751324, -0.01063063593138791, 0.02442213822902395, -0.009281632575510623, -0.005420885094417738, -0.002754885062336676, -0.007045292200909992, 0.0074245226100899675, -0.004873065653077435, 0.012079937541537022, -0.0019531712169096327, -0.009719591763649782, -0.0037361591070921296, 0.008978279386507637, -0.007786551669378805, -0.007373245070129486, -0.00028532718463591955, -0.020100732556967427, -0.005093018576023067, -0.009660771894484, -0.0022350021488132255, 0.0066689935278230195, -0.002866590770354116, -0.0018485525543057157, 0.003811578527446846]","[0.10109319537878036, 0.0, 0.0, 0.10109319537878036, 0.0, 0.0, 0.0, 0.0, 0.10109319537878036, 0.10109319537878036, 0.0, 0.0, 0.0, 0.0, 0.09723850339651108, 0.0, 0.0, 0.10109319537878036, 0.0, 0.0, 0.0, 0.0, 0.10109319537878036, 0.0, 0.0, 0.09401599317789078, 0.10109319537878036, 0.0, 0.0, 0.10109319537878036]","[0.0, 3.443113792735792e-22, 0.0, 0.0, 0.0, 0.0, 1.2533232158679636e-22, 0.0, 0.0, 0.0, 0.0, 2.881666077047476e-22, 0.0, 1.2304118683774105e-22, 0.0, 0.0, 1.2331763597751636e-22, 0.0, 0.0, 0.0, 2.3061158158855443e-22, 3.413788325908965e-22, 0.0, 0.0, 0.0, 1.0, 0.0, 0.0, 2.3327069830860577e-22, 2.3336892406069497e-22]","[0.007911200783908258, 0.005691773139768368, 0.002586968629900941, 0.003528831394056666, 0.0, 0.0, 0.0, 0.002075853404603338, 0.0, 0.0, 0.01755762095128479, 0.0, 0.0, 0.00937321187432071, 0.0, 0.0, 0.0028905604109942884, 0.0, 0.0, 0.0, 0.0014448452040486035, 0.0, 0.005645909597235209, 0.0, 0.0, 0.9374079417740133, 0.0, 0.0, 0.0, 0.0038852828358655724]","[0.10109318047761917, 0.0, 0.0, 0.10109318047761917, 0.0, 0.0, 0.0, 0.0, 0.10109318047761917, 0.10109318047761917, 0.0, 0.0, 0.0, 0.0, 0.09723848849534988, 0.0, 0.0, 0.10109318047761917, 0.0, 0.0, 0.0, 0.0, 0.10109318047761917, 0.0, 0.0, 0.09401597827672958, 0.10109318047761917, 0.0, 0.0, 0.10109318047761917]",-0.0028452673026336706
86,1.0595147667008047,"[0.9870683495004815, 1.0070327277208786, 1.0085015313243646, 1.00687670895266, 0.9896899305438079, 0.9903288383642487, 0.9893693640686121, 1.024422138229024, 0.9907183674244894, 0.9945791149055823, 0.9972451149376633, 0.99295470779909, 1.00742452261009, 0.9951269343469226, 1.012079937541537, 0.9980468287830904, 0.9902804082363502, 0.9962638408929079, 1.0089782793865076, 0.9922134483306212, 0.9926267549298705, 0.9997146728153641, 0.9798992674430326, 0.9949069814239769, 0.990339228105516, 0.9977649978511868, 1.006668993527823, 0.9971334092296459, 0.9981514474456943, 1.0038115785274468]","[0.9984064862744868, 1.0072948425545007, 1.0108508596593528, 0.9887133247423875, 1.0017221223545734, 0.9947387412600667, 0.9890133704732377, 1.0050966285887855, 1.0122137928659685, 0.9742547025606741, 1.0175340994460178, 0.9943542504805827, 1.0010284422079183, 0.9988813108165691, 0.9929502346681752, 0.9942186177611378, 1.0023949186394256, 0.9921629411574454, 0.9999651385323027, 1.006332196908477, 1.0103852794390598, 1.013710671607217, 0.9903474958862205, 0.9953230416037914, 0.9933895511958792, 1.0040329654334013, 0.9834466108507427, 0.9909207955681355, 0.9961721399435124, 1.01283557965341]","[-0.001593513725513196, 0.007294842554500747, 0.01085085965935284, -0.01128667525761251, 0.0017221223545733633, -0.005261258739933328, -0.010986629526762326, 0.005096628588785457, 0.012213792865968465, -0.025745297439325854, 0.017534099446017803, -0.00564574951941732, 0.001028442207918312, -0.0011186891834309431, -0.0070497653318247755, -0.005781382238862154, 0.002394918639425647, -0.00783705884255459, -3.4861467697266946e-05, 0.0063321969084770835, 0.010385279439059758, 0.013710671607217062, -0.009652504113779492, -0.00467695839620863, -0.006610448804120761, 0.004032965433401259, -0.016553389149257303, -0.009079204431864496, -0.0038278600564876086, 0.01283557965341009]","[0.0, 0.10868176817893982, 0.0, 0.0, 0.0, 0.0, 0.0, 0.06685208529233932, 0.0, 0.0, 0.0, 0.10868176817893982, 0.09855301678180695, 0.0, 0.0, 0.0, 0.07893037050962448, 0.10868176817893982, 0.0, 0.10868176817893982, 0.0, 0.0, 0.0, 0.0, 0.0, 0.0, 0.10357385873794556, 0.10868176817893982, 0.0, 0.10868176817893982]","[0.0, 0.0, 0.0, 0.0, 0.0, 0.0, -3.1443895923252476e-22, 0.0, -9.830430956369324e-23, -9.794250376036903e-23, 0.0, 0.0, -1.5089941660637123e-22, -3.177048108581163e-22, 0.0, -2.0896243778830574e-22, 0.0, -9.589050500562016e-23, -2.1279495069081635e-22, 0.0, 0.0, 0.0, 0.0, -3.1736078041442863e-22, 0.0, 1.0, 0.0, 0.0, 0.0, 0.0]","[0.0, 0.0, 0.0, 0.0017971765756677927, 0.0, 0.013370001299048305, 7.411044371928319e-05, 0.0, 0.0, 0.0, 0.009326226714151415, 0.009433467582671561, 0.0, 0.0, 0.0, 0.00839147102839601, 0.0126648118918521, 0.0, 0.0, 0.0, 0.0, 0.0, 0.01575863503786031, 0.0035393645095330643, 0.009019443867077039, 0.8925445356510989, 0.006218391867186392, 0.0, 0.00375643018672483, 0.014105933345013]","[0.0, 0.10868176817893982, 0.0, 0.0, 0.0, 0.0, 0.0, 0.06685208529233932, 0.0, 0.0, 0.0, 0.10868176817893982, 0.09855301678180695, 0.0, 0.0, 0.0, 0.07893037050962448, 0.10868176817893982, 0.0, 0.10868176817893982, 0.0, 0.0, 0.0, 0.0, 0.0, 0.0, 0.10357385873794556, 0.10868176817893982, 0.0, 0.10868176817893982]",-0.0011020357064784683
87,1.0665070508018886,"[0.9984064862744868, 1.0072948425545007, 1.0108508596593528, 0.9887133247423875, 1.0017221223545734, 0.9947387412600667, 0.9890133704732377, 1.0050966285887855, 1.0122137928659685, 0.9742547025606741, 1.0175340994460178, 0.9943542504805827, 1.0010284422079183, 0.9988813108165691, 0.9929502346681752, 0.9942186177611378, 1.0023949186394256, 0.9921629411574454, 0.9999651385323027, 1.006332196908477, 1.0103852794390598, 1.013710671607217, 0.9903474958862205, 0.9953230416037914, 0.9933895511958792, 1.0040329654334013, 0.9834466108507427, 0.9909207955681355, 0.9961721399435124, 1.01283557965341]","[0.9922597096607076, 1.0099850973991995, 1.0153893645347272, 0.9833463728849754, 0.9976512521275572, 1.008957090292797, 1.0111520443940998, 1.0127260006786474, 1.018326443950369, 0.9848623217394069, 1.000022888359759, 1.0031568255717591, 1.0005950381198587, 1.0096435243548065, 1.0265023650323755, 1.0047828665391492, 1.0000328554700637, 1.0209431958153294, 1.0112418924152267, 1.0242216029687279, 1.0051386059943201, 1.011489059858262, 0.9987986403195815, 1.0274457517168485, 1.0171369924887215, 1.0171621804772046, 0.9936567938299506, 1.0231775341663885, 1.0074056606624933, 0.9973148758762778]","[-0.007740290339292355, 0.009985097399199505, 0.015389364534727168, -0.016653627115024605, -0.002348747872442769, 0.008957090292796899, 0.01115204439409978, 0.012726000678647376, 0.018326443950368976, -0.01513767826059309, 2.2888359759054566e-05, 0.0031568255717591143, 0.0005950381198587262, 0.009643524354806532, 0.026502365032375463, 0.0047828665391491665, 3.285547006370848e-05, 0.02094319581532944, 0.011241892415226662, 0.024221602968727884, 0.0051386059943201445, 0.011489059858261985, -0.0012013596804184568, 0.027445751716848488, 0.01713699248872147, 0.017162180477204636, -0.006343206170049354, 0.023177534166388458, 0.007405660662493263, -0.002685124123722238]","[0.11486489325761795, 0.0, 0.0, 0.0, 0.0, 0.07858112454414368, 0.0, 0.0, 0.0, 0.12425536662340164, 0.0, 0.0, 0.14242883026599884, 0.041197702288627625, 0.12303350865840912, 0.11276987940073013, 0.0, 0.07863893359899521, 0.0, 0.0, 0.0, 0.0, 0.0, 0.0, 0.0, 0.14065520465373993, 0.0, 0.0, 0.04357462003827095, 0.0]","[0.0, 1.0807162245310126e-23, 0.0, 0.0, 1.1120383174758086e-23, 0.0, 1.4001738436140748e-23, 0.0, 0.0, 0.0, 0.0, 1.049443789455754e-23, 1.2292419545597876e-22, 0.0, 0.0, 0.0, 0.0, 1.1398541390929021e-23, 0.0, 0.0, 0.0, 0.0, 0.0, 1.1863782870338898e-23, 0.0, 1.0, 1.1643149001511285e-23, 0.0, 1.0583979533001377e-23, 0.0]","[0.0, 0.0, 0.0, 0.0, 0.0, 0.0, 0.0, 0.0, 0.0012998234887044739, 0.0, 0.005177768410947493, 0.007746884897918613, 0.0, 0.0, 0.0, 0.004943768077253324, 0.0, 0.0, 0.0, 0.008817846373215742, 0.0, 0.00823887330697299, 0.005359852687701758, 0.01662654085478752, 0.013293773311777739, 0.9175684429072917, 0.0009183134370630423, 0.0, 0.0, 0.010008112246365565]","[0.11486487835645676, 0.0, 0.0, 0.0, 0.0, 0.07858111709356308, 0.0, 0.0, 0.0, 0.12425535172224045, 0.0, 0.0, 0.14242881536483765, 0.041197698563337326, 0.12303349375724792, 0.11276986449956894, 0.0, 0.07863892614841461, 0.0, 0.0, 0.0, 0.0, 0.0, 0.0, 0.0, 0.14065518975257874, 0.0, 0.0, 0.04357461631298065, 0.0]",0.006158220578781699
88,1.0705941478450933,"[0.9922597096607076, 1.0099850973991995, 1.0153893645347272, 0.9833463728849754, 0.9976512521275572, 1.008957090292797, 1.0111520443940998, 1.0127260006786474, 1.018326443950369, 0.9848623217394069, 1.000022888359759, 1.0031568255717591, 1.0005950381198587, 1.0096435243548065, 1.0265023650323755, 1.0047828665391492, 1.0000328554700637, 1.0209431958153294, 1.0112418924152267, 1.0242216029687279, 1.0051386059943201, 1.011489059858262, 0.9987986403195815, 1.0274457517168485, 1.0171369924887215, 1.0171621804772046, 0.9936567938299506, 1.0231775341663885, 1.0074056606624933, 0.9973148758762778]","[1.0006119319543623, 1.0053841446400065, 1.0263025233226837, 1.0197322711181938, 1.0058897421865387, 1.0002187395769373, 0.9830327328130098, 0.9999334623874632, 0.9970572334316055, 1.009820964485704, 0.9933448021763674, 0.9995573327499461, 1.0006367070149498, 1.0225219665263259, 1.0103117419897136, 0.999266782200397, 0.9743121202358, 1.0246525836086195, 0.9939032097144226, 0.997589899272496, 1.0057689206772396, 0.9878589574245568, 1.0063571866491612, 0.993651174850748, 0.9919527799753322, 1.017179166175023, 0.9773301850682481, 0.9978150694823618, 1.0117409367044212, 1.000083775044619]","[0.0006119319543622659, 0.005384144640006472, 0.02630252332268368, 0.019732271118193756, 0.0058897421865387045, 0.00021873957693729906, -0.016967267186990154, -6.653761253683221e-05, -0.002942766568394539, 0.009820964485703909, -0.006655197823632553, -0.0004426672500539297, 0.0006367070149497778, 0.022521966526325876, 0.01031174198971363, -0.0007332177996030032, -0.02568787976419995, 0.02465258360861955, -0.006096790285577414, -0.0024101007275040276, 0.005768920677239553, -0.01214104257544324, 0.006357186649161184, -0.0063488251492519465, -0.008047220024667845, 0.01717916617502291, -0.022669814931751908, -0.0021849305176382394, 0.011740936704421223, 8.377504461898333e-05]","[0.0, 0.1061609536409378, 0.0, 0.0, 0.0, 0.1061609536409378, 0.0, 0.0, 0.0, 0.1061609536409378, 0.0, 0.0, 0.0, 0.0, 0.0, 0.0, 0.07959731668233871, 0.09714969247579575, 0.0, 0.0, 0.1061609536409378, 0.0, 0.1061609536409378, 0.0, 0.10002239048480988, 0.09205345064401627, 0.0, 0.10037235915660858, 0.0, 0.0]","[0.0, 6.767277156675361e-22, 0.0, 0.0, 5.656517406219288e-22, 0.0, 6.795683606741396e-22, 0.0, 0.0, 0.0, 6.763413226629254e-22, 7.871307910698464e-22, 0.0, 5.660216157543267e-22, 0.0, 0.0, 6.776363398360955e-22, 0.0, 0.0, 0.0, 0.0, 0.0, 0.0, 0.0, 0.0, 1.0, 6.774151883882324e-22, 0.0, 5.652638256180535e-22, 0.0]","[0.007751873425381267, 0.0, 0.004544231967513163, 0.0017863014884788378, 0.0, 0.008616125375008648, 0.017139102785284636, 0.0, 0.0023014296834085774, 0.0, 0.003645557563937911, 0.003979156223112639, 0.007840494213022305, 0.0, 0.0, 0.0, 0.015693704604340997, 0.0, 0.0, 0.0, 0.006886386085340439, 0.0, 0.0, 0.014114711536487313, 0.0, 0.903558608530723, 4.807437232132966e-05, 0.0, 0.0020942421456389003, 0.0]","[0.0, 0.1061609536409378, 0.0, 0.0, 0.0, 0.1061609536409378, 0.0, 0.0, 0.0, 0.1061609536409378, 0.0, 0.0, 0.0, 0.0, 0.0, 0.0, 0.07959731668233871, 0.09714969247579575, 0.0, 0.0, 0.1061609536409378, 0.0, 0.1061609536409378, 0.0, 0.10002239048480988, 0.09205345064401627, 0.0, 0.10037235915660858, 0.0, 0.0]",0.0034246977505013932
89,1.0679251611759175,"[1.0006119319543623, 1.0053841446400065, 1.0263025233226837, 1.0197322711181938, 1.0058897421865387, 1.0002187395769373, 0.9830327328130098, 0.9999334623874632, 0.9970572334316055, 1.009820964485704, 0.9933448021763674, 0.9995573327499461, 1.0006367070149498, 1.0225219665263259, 1.0103117419897136, 0.999266782200397, 0.9743121202358, 1.0246525836086195, 0.9939032097144226, 0.997589899272496, 1.0057689206772396, 0.9878589574245568, 1.0063571866491612, 0.993651174850748, 0.9919527799753322, 1.017179166175023, 0.9773301850682481, 0.9978150694823618, 1.0117409367044212, 1.000083775044619]","[0.9932820702546659, 0.9990602995659105, 1.0138020695381746, 0.9960123412708319, 0.9885496363382285, 0.9719512106619488, 0.9907312473645244, 1.0109573342143492, 1.0010108293317295, 1.0004463506614973, 1.0109391283857072, 1.0082657987694477, 0.9847758520651085, 1.023795381285248, 0.9985976960766144, 1.0022008699527045, 1.001011562701191, 1.0001532731453888, 0.9909206993633987, 1.0003837510863907, 1.0125530060487962, 1.0082733320769797, 1.0079495482095941, 1.0064909243699156, 1.0062968035672775, 0.978059262928088, 0.9757144203278134, 1.0055930472527295, 1.0128107596328018, 1.004404728506905]","[-0.006717929745334139, -0.0009397004340895299, 0.013802069538174644, -0.003987658729168064, -0.011450363661771545, -0.028048789338051217, -0.009268752635475552, 0.01095733421434919, 0.001010829331729468, 0.00044635066149734115, 0.010939128385707209, 0.008265798769447663, -0.015224147934891463, 0.023795381285248052, -0.0014023039233855839, 0.0022008699527045206, 0.001011562701191071, 0.00015327314538882142, -0.00907930063660134, 0.00038375108639066013, 0.012553006048796167, 0.008273332076979667, 0.007949548209594148, 0.006490924369915607, 0.006296803567277465, -0.02194073707191202, -0.024285579672186586, 0.005593047252729466, 0.01281075963280176, 0.004404728506905098]","[0.0, 0.0, 0.0, 0.0, 0.06936194002628326, 0.0, 0.0, 0.10299382358789444, 0.0, 0.0, 0.0, 0.0, 0.0, 0.0, 0.0, 0.1090489998459816, 0.0, 0.0, 0.1090489998459816, 0.09450528770685196, 0.10303933918476105, 0.0, 0.1090489998459816, 0.0, 0.0, 0.09842570126056671, 0.1090489998459816, 0.0954778790473938, 0.0, 0.0]","[0.0, 0.0, 0.0, 0.0, -1.0231817805384752e-22, 0.0, 0.0, 0.0, 0.0, 0.0, -2.1259689197806967e-22, 0.0, -2.117194751654097e-22, -2.119579116527159e-22, 0.0, -1.0207882255283122e-22, -2.1143971824557714e-22, 0.0, 0.0, 0.0, 0.0, 0.0, 0.0, -2.125276104786098e-22, 0.0, 1.0, -2.1089151627994392e-22, 0.0, -2.122758030578051e-22, 0.0]","[0.0011619221703487318, 0.0, 0.0, 0.0, 0.010391765230428146, 0.0, 0.0, 0.0, 0.0054322581665395085, 0.0, 0.009374675753555637, 0.004565036328327032, 0.006174351743989653, 0.0, 0.0, 0.0, 0.004819049749819091, 0.01578381398977228, 0.0, 0.003221666928863701, 0.0, 0.0, 0.0018352263501255819, 0.0, 0.009182403962406714, 0.919255868272155, 0.0, 0.0088019613536688, 0.0, 0.0]","[0.0, 0.0, 0.0, 0.0, 0.06936194002628326, 0.0, 0.0, 0.10299382358789444, 0.0, 0.0, 0.0, 0.0, 0.0, 0.0, 0.0, 0.1090489998459816, 0.0, 0.0, 0.1090489998459816, 0.09450528770685196, 0.10303933918476105, 0.0, 0.1090489998459816, 0.0, 0.0, 0.09842570126056671, 0.1090489998459816, 0.0954778790473938, 0.0, 0.0]",-0.002965067814978172
90,1.0669028392986444,"[0.9932820702546659, 0.9990602995659105, 1.0138020695381746, 0.9960123412708319, 0.9885496363382285, 0.9719512106619488, 0.9907312473645244, 1.0109573342143492, 1.0010108293317295, 1.0004463506614973, 1.0109391283857072, 1.0082657987694477, 0.9847758520651085, 1.023795381285248, 0.9985976960766144, 1.0022008699527045, 1.001011562701191, 1.0001532731453888, 0.9909206993633987, 1.0003837510863907, 1.0125530060487962, 1.0082733320769797, 1.0079495482095941, 1.0064909243699156, 1.0062968035672775, 0.978059262928088, 0.9757144203278134, 1.0055930472527295, 1.0128107596328018, 1.004404728506905]","[0.9901364784907496, 1.0080521907788436, 0.99559385504754, 0.9966918743078516, 1.0041876345356509, 1.0008867393030454, 0.9930123626250783, 1.0168686945588041, 0.9900922301406551, 1.0033729354331884, 1.02134696853304, 1.0025282840389789, 0.9769864853767373, 0.9934172147029237, 0.9800906344339373, 0.9901681493629538, 1.0229618758098649, 0.9830860725130645, 1.007409380491805, 0.9890305144561409, 1.0198328349220835, 0.9839273581168942, 0.9950813217459523, 1.0067538013265742, 0.9809599637642082, 0.9924974748178778, 1.0274843374958083, 1.002730606222495, 1.018066042798752, 1.0069522040407413]","[-0.009863521509250406, 0.00805219077884356, -0.004406144952459945, -0.0033081256921484448, 0.004187634535650853, 0.0008867393030453918, -0.006987637374921696, 0.01686869455880413, -0.00990776985934494, 0.0033729354331883954, 0.021346968533040078, 0.0025282840389788674, -0.023013514623262732, -0.006582785297076343, -0.01990936556606271, -0.009831850637046169, 0.022961875809864862, -0.016913927486935543, 0.007409380491804951, -0.010969485543859125, 0.019832834922083542, -0.016072641883105754, -0.0049186782540476814, 0.006753801326574216, -0.019040036235791757, -0.007502525182122244, 0.027484337495808253, 0.002730606222494991, 0.018066042798752013, 0.006952204040741261]","[0.0, 0.0, 0.08832217752933502, 0.0, 0.0, 0.06041017919778824, 0.0, 0.0, 0.0, 0.0, 0.09738800674676895, 0.0, 0.12639985978603363, 0.0, 0.0, 0.04917289316654205, 0.0, 0.0, 0.0, 0.12639985978603363, 0.0, 0.0, 0.12639985978603363, 0.11388841271400452, 0.0, 0.0, 0.0, 0.12339460104703903, 0.08822417259216309, 0.0]","[-1.0421905377896643e-22, 0.0, 0.0, 0.0, 0.0, 0.0, -1.0065456435005835e-22, 0.0, 0.0, -1.0352981660445521e-22, -1.0242420447856842e-22, -4.708442268629969e-23, 0.0, -2.124860730322973e-22, 0.0, 0.0, 0.0, 0.0, 7.526479083753228e-23, 0.0, 0.0, 0.0, 0.0, 0.0, 0.0, 1.0, 0.0, -1.0348356894363334e-22, 0.0, -2.1295907267213166e-22]","[0.0, 0.0008420778446923157, 0.002047507706905228, 0.0037729285549871518, 0.004485857144533381, 0.020218091259856838, 0.0, 0.00031576489751664386, 0.0044550866284080275, 0.008800698031884992, 0.0, 0.0, 0.004671041313437512, 0.012593921422897836, 0.0017181381525063573, 0.006392190963999178, 0.0018498977671117978, 0.005081810641532925, 0.014771212625516823, 0.0, 0.01328605330157346, 0.014159242863295809, 0.010160387968486827, 0.0, 0.0, 0.8643302034831248, 0.0, 0.006047887427732062, 0.0, 0.0]","[0.0, 0.0, 0.08832217752933502, 0.0, 0.0, 0.06041017919778824, 0.0, 0.0, 0.0, 0.0, 0.09738800674676895, 0.0, 0.12639985978603363, 0.0, 0.0, 0.04917289316654205, 0.0, 0.0, 0.0, 0.12639985978603363, 0.0, 0.0, 0.12639985978603363, 0.11388841271400452, 0.0, 0.0, 0.0, 0.12339460104703903, 0.08822417259216309, 0.0]",-0.001383073567397702
91,1.0658556516181543,"[0.9901364784907496, 1.0080521907788436, 0.99559385504754, 0.9966918743078516, 1.0041876345356509, 1.0008867393030454, 0.9930123626250783, 1.0168686945588041, 0.9900922301406551, 1.0033729354331884, 1.02134696853304, 1.0025282840389789, 0.9769864853767373, 0.9934172147029237, 0.9800906344339373, 0.9901681493629538, 1.0229618758098649, 0.9830860725130645, 1.007409380491805, 0.9890305144561409, 1.0198328349220835, 0.9839273581168942, 0.9950813217459523, 1.0067538013265742, 0.9809599637642082, 0.9924974748178778, 1.0274843374958083, 1.002730606222495, 1.018066042798752, 1.0069522040407413]","[0.9948859819418246, 0.9991716118402466, 1.0011650622429868, 0.9817231410860945, 1.0020612250636005, 0.9932240823002729, 1.0082373506216922, 0.9887620954181494, 0.9938096502297089, 1.0157268145694676, 0.993791612987057, 1.0021676245861808, 1.0084443201620967, 0.9987598758499171, 1.0089251023137045, 1.0066059516531631, 1.0018530224612734, 1.02189903388181, 0.9897715944984403, 0.9846676915194549, 1.0232950701179826, 1.0281674706126633, 0.9953315927971319, 0.9908212950765635, 1.0035839010442902, 1.0047841399677808, 1.0214160080600878, 1.011721179280736, 0.981108345571526, 0.981266645793023]","[-0.005114018058175351, -0.0008283881597533904, 0.0011650622429868474, -0.018276858913905514, 0.0020612250636005136, -0.006775917699727074, 0.008237350621692174, -0.011237904581850588, -0.006190349770291093, 0.015726814569467562, -0.006208387012943017, 0.0021676245861808052, 0.00844432016209673, -0.0012401241500828997, 0.00892510231370447, 0.0066059516531631335, 0.0018530224612733903, 0.021899033881809915, -0.010228405501559679, -0.01533230848054512, 0.023295070117982597, 0.028167470612663337, -0.004668407202868097, -0.009178704923436531, 0.003583901044290183, 0.0047841399677808205, 0.02141600806008781, 0.011721179280735905, -0.01889165442847396, -0.01873335420697697]","[0.0, 0.016897711902856827, 0.0, 0.06021730601787567, 0.0, 0.0, 0.0, 0.0, 0.0, 0.12732593715190887, 0.0, 0.0, 0.0, 0.0, 0.0, 0.10098409652709961, 0.0, 0.0, 0.12732593715190887, 0.0, 0.0, 0.0, 0.12732593715190887, 0.12732593715190887, 0.0, 0.0, 0.07659902423620224, 0.10867224633693695, 0.0, 0.12732593715190887]","[1.433568397724552e-23, 0.0, 0.0, 0.0, 0.0, 0.0, -2.0570252794317103e-22, 0.0, -2.0629689541715841e-22, 0.0, 0.0, 0.0, 0.0, -1.0033633511528649e-22, -2.0900439386091399e-22, -2.0454114486121418e-22, 0.0, -2.0709413815130519e-22, 1.0, 0.0, 0.0, 0.0, 0.0, 0.0, -2.0900239111255747e-22, 0.0, 0.0, -4.12100407302944e-23, 0.0, 0.0]","[0.0, 0.0, 0.0, 0.0, 0.0020047561127719557, 0.007493761541861557, 0.0, 0.0, 0.0, 0.0, 0.009789125794666157, 0.006460328854494865, 0.0006044526891872968, 0.0021760501303110325, 0.0044482412143399845, 0.0, 0.009487535670690791, 0.0, 0.8878548890960347, 0.01190425658456493, 0.0, 0.012219372665346239, 0.0, 0.008936288758277022, 0.0, 0.0, 0.015230295173339391, 0.02139064571411399, 0.0, 0.0]","[0.0, 0.016897711902856827, 0.0, 0.06021730601787567, 0.0, 0.0, 0.0, 0.0, 0.0, 0.12732593715190887, 0.0, 0.0, 0.0, 0.0, 0.0, 0.10098409652709961, 0.0, 0.0, 0.12732593715190887, 0.0, 0.0, 0.0, 0.12732593715190887, 0.12732593715190887, 0.0, 0.0, 0.07659902423620224, 0.10867224633693695, 0.0, 0.12732593715190887]",-0.00142882940774372
92,1.0659118519136017,"[0.9948859819418246, 0.9991716118402466, 1.0011650622429868, 0.9817231410860945, 1.0020612250636005, 0.9932240823002729, 1.0082373506216922, 0.9887620954181494, 0.9938096502297089, 1.0157268145694676, 0.993791612987057, 1.0021676245861808, 1.0084443201620967, 0.9987598758499171, 1.0089251023137045, 1.0066059516531631, 1.0018530224612734, 1.02189903388181, 0.9897715944984403, 0.9846676915194549, 1.0232950701179826, 1.0281674706126633, 0.9953315927971319, 0.9908212950765635, 1.0035839010442902, 1.0047841399677808, 1.0214160080600878, 1.011721179280736, 0.981108345571526, 0.981266645793023]","[0.9981056579377465, 1.0109391186053298, 1.0005773529357105, 0.9844468266209682, 1.005198311103775, 1.0067648283253234, 0.9975028941796961, 0.9921412087888838, 0.9641013076500698, 1.0168545323598233, 0.9971594970141174, 0.9998348991498113, 1.0021055129803322, 1.0195304331567605, 1.0102180687835065, 0.9930972075988783, 1.0070956554612358, 1.0058866820361032, 1.0085293207764807, 1.00380933729574, 0.9903636470091172, 1.0080432052618982, 0.9920910931669283, 0.9897176969095797, 0.9982338758695442, 1.0019232812235, 1.0206911329645307, 0.9974473174782313, 1.000896035494225, 1.011913955890579]","[-0.0018943420622534735, 0.010939118605329812, 0.0005773529357104845, -0.015553173379031837, 0.005198311103775, 0.006764828325323435, -0.0024971058203039354, -0.007858791211116212, -0.03589869234993015, 0.01685453235982326, -0.0028405029858825648, -0.00016510085018872633, 0.002105512980332236, 0.019530433156760507, 0.010218068783506506, -0.006902792401121682, 0.007095655461235806, 0.005886682036103208, 0.00852932077648072, 0.0038093372957399563, -0.009636352990882835, 0.008043205261898168, -0.00790890683307166, -0.01028230309042033, -0.0017661241304558484, 0.0019232812234999397, 0.020691132964530734, -0.0025526825217686566, 0.0008960354942249005, 0.011913955890578976]","[0.11741230636835098, 0.0, 0.06561214476823807, 0.12386712431907654, 0.0, 0.0, 0.0, 0.0, 0.0, 0.0, 0.0, 0.0, 0.0, 0.0, 0.0, 0.12386712431907654, 0.0, 0.0, 0.0, 0.12386712431907654, 0.0, 0.0, 0.0, 0.05687376856803894, 0.0, 0.11115621030330658, 0.09559214860200882, 0.0, 0.11121123284101486, 0.07054074853658676]","[0.0, 0.0, 1.162976688406055e-22, 1.1577849322152106e-22, 7.37272922003198e-24, 0.0, 0.0, 0.0, 0.0, 0.0, 0.0, 1.185749436363568e-22, 0.0, 8.359167173705779e-24, 0.0, 0.0, 0.0, 6.5804688327549705e-24, 0.0, 0.0, 0.0, 0.0, 4.993705776544645e-24, 0.0, 7.595090145737178e-24, 1.0, 0.0, -4.9231992435835645e-23, 0.0, 0.0]","[0.004593257137876911, 0.0, 0.0, 0.000757244489170242, 0.0, 0.01003456238848415, 0.011491746055598348, 0.0023697769344497893, 0.0, 0.0030775856961760264, 0.00451979307088999, 0.011872618690439514, 0.0, 0.0, 0.019549298005047983, 0.0, 0.013139631463525715, 0.0, 0.0, 0.0, 0.0, 0.0, 0.0, 0.01938934166240873, 0.0, 0.8864697715802682, 0.0, 0.011640515651302571, 9.374951630740122e-05, 0.0010011076580543341]","[0.11741232126951218, 0.0, 0.06561215221881866, 0.12386713922023773, 0.0, 0.0, 0.0, 0.0, 0.0, 0.0, 0.0, 0.0, 0.0, 0.0, 0.0, 0.12386713922023773, 0.0, 0.0, 0.0, 0.12386713922023773, 0.0, 0.0, 0.0, 0.05687377601861954, 0.0, 0.11115622520446777, 0.09559216350317001, 0.0, 0.11121124774217606, 0.07054075598716736]",-0.0003810685036202113
93,1.0665672064677174,"[0.9981056579377465, 1.0109391186053298, 1.0005773529357105, 0.9844468266209682, 1.005198311103775, 1.0067648283253234, 0.9975028941796961, 0.9921412087888838, 0.9641013076500698, 1.0168545323598233, 0.9971594970141174, 0.9998348991498113, 1.0021055129803322, 1.0195304331567605, 1.0102180687835065, 0.9930972075988783, 1.0070956554612358, 1.0058866820361032, 1.0085293207764807, 1.00380933729574, 0.9903636470091172, 1.0080432052618982, 0.9920910931669283, 0.9897176969095797, 0.9982338758695442, 1.0019232812235, 1.0206911329645307, 0.9974473174782313, 1.000896035494225, 1.011913955890579]","[1.0092711154888352, 1.0200670144372044, 1.0004665166880542, 0.9917404769113459, 0.9968071247251693, 1.0191593061710704, 0.993616693040914, 1.0184247102915085, 1.0188616806763782, 0.9988170552187565, 0.9923006655335883, 0.9926486578857258, 0.9869935437584872, 1.0011323006248753, 0.982157838151213, 1.0136566326185672, 1.0102939743887374, 0.9849526870124459, 1.0211432754075889, 1.004894913398473, 0.9790311224907433, 0.9950328308241065, 0.9907285105863631, 1.0016127223518714, 0.9989299659757644, 0.9898870573778924, 1.0040406077556092, 1.0051620766008857, 0.9784027567517615, 1.0048121065613365]","[0.009271115488835191, 0.020067014437204378, 0.0004665166880541971, -0.008259523088654075, -0.0031928752748306977, 0.019159306171070423, -0.006383306959085955, 0.018424710291508495, 0.018861680676378167, -0.001182944781243478, -0.007699334466411689, -0.00735134211427424, -0.013006456241512754, 0.0011323006248753487, -0.017842161848786953, 0.0136566326185672, 0.01029397438873736, -0.015047312987554129, 0.02114327540758887, 0.004894913398473033, -0.02096887750925669, -0.00496716917589346, -0.009271489413636869, 0.0016127223518713762, -0.0010700340242355555, -0.010112942622107601, 0.004040607755609216, 0.0051620766008857455, -0.02159724324823853, 0.00481210656133646]","[0.09053000807762146, 0.0, 0.10187289118766785, 0.0, 0.09477566927671432, 0.0, 0.10187289118766785, 0.0, 0.0, 0.10187289118766785, 0.0, 0.1015840619802475, 0.0, 0.0, 0.0, 0.10187289118766785, 0.0, 0.0, 0.0, 0.10187289118766785, 0.0, 0.10187289118766785, 0.0, 0.10187289118766785, 0.0, 0.0, 0.0, 0.0, 0.0, 0.0]","[8.33739164833031e-24, 6.395383187811478e-23, 7.444526738963746e-24, 0.0, 0.0, 0.0, 0.0, 0.0, 9.505804430050946e-24, 0.0, 0.0, 8.352595108793138e-24, 0.0, 0.0, 0.0, -2.1154460083431147e-22, 0.0, 0.0, 1.0, 0.0, 0.0, 0.0, -1.0450154484447419e-22, 0.0, -1.0304239094815057e-22, 1.1112968909308932e-22, 0.0, 0.0, 0.0, 0.0]","[0.0, 0.005826497422962054, 0.013623116035050481, 0.004019695362239689, 0.0060041869784880275, 0.0, 0.013573596686623866, 0.007093607121916069, 0.0, 0.0, 0.0, 0.0, 0.0, 0.0, 0.0, 0.0034514802886252863, 0.0, 0.011231208577285438, 0.9147671845164497, 0.0, 0.013574816561275802, 0.0, 0.0, 0.0, 0.0, 0.0, 0.006834610449083676, 0.0, 0.0, 0.0]","[0.09053000807762146, 0.0, 0.10187289118766785, 0.0, 0.09477566927671432, 0.0, 0.10187289118766785, 0.0, 0.0, 0.10187289118766785, 0.0, 0.1015840619802475, 0.0, 0.0, 0.0, 0.10187289118766785, 0.0, 0.0, 0.0, 0.10187289118766785, 0.0, 0.10187289118766785, 0.0, 0.10187289118766785, 0.0, 0.0, 0.0, 0.0, 0.0, 0.0]",0.00015969272382761245
94,1.062675782086703,"[1.0092711154888352, 1.0200670144372044, 1.0004665166880542, 0.9917404769113459, 0.9968071247251693, 1.0191593061710704, 0.993616693040914, 1.0184247102915085, 1.0188616806763782, 0.9988170552187565, 0.9923006655335883, 0.9926486578857258, 0.9869935437584872, 1.0011323006248753, 0.982157838151213, 1.0136566326185672, 1.0102939743887374, 0.9849526870124459, 1.0211432754075889, 1.004894913398473, 0.9790311224907433, 0.9950328308241065, 0.9907285105863631, 1.0016127223518714, 0.9989299659757644, 0.9898870573778924, 1.0040406077556092, 1.0051620766008857, 0.9784027567517615, 1.0048121065613365]","[1.0171886651086641, 0.9820417089279929, 0.9914481782934628, 0.9847562450676443, 1.0000124325906483, 0.9890919265316184, 0.9916828500451726, 0.992352232156089, 0.9969015841262168, 1.0025024165676935, 1.0081827464726691, 0.9782835868655902, 0.998845630912598, 0.9854034427958935, 1.0104535578717386, 0.9904078191005865, 1.0139963008705997, 1.0048356838264676, 0.9961624695149054, 0.9818683919835232, 0.9942918396223742, 0.9885511193461637, 0.992520198601741, 0.9851044414175375, 0.9910925566582508, 1.0006804680588677, 0.9901820056706563, 0.9797367712560042, 1.0040318382285878, 0.9945414838932817]","[0.017188665108664125, -0.017958291072007082, -0.008551821706537233, -0.015243754932355746, 1.24325906483147e-05, -0.01090807346838163, -0.008317149954827352, -0.007647767843910969, -0.0030984158737832335, 0.002502416567693455, 0.008182746472669145, -0.02171641313440975, -0.001154369087401963, -0.014596557204106464, 0.010453557871738628, -0.009592180899413494, 0.013996300870599665, 0.004835683826467596, -0.003837530485094609, -0.01813160801647684, -0.005708160377625782, -0.011448880653836313, -0.0074798013982589895, -0.014895558582462498, -0.0089074433417492, 0.0006804680588676781, -0.009817994329343716, -0.020263228743995776, 0.00403183822858777, -0.005458516106718325]","[0.06936125457286835, 0.08611849695444107, 0.0, 0.11955038458108902, 0.0, 0.0, 0.0, 0.0, 0.0, 0.12121716886758804, 0.0711030662059784, 0.0, 0.12121716886758804, 0.0, 0.09928000718355179, 0.0, 0.0, 0.0, 0.0, 0.0, 0.0, 0.0, 0.0, 0.0, 0.12121716886758804, 0.0, 0.0, 0.12121716886758804, 0.06971807032823563, 0.0]","[0.0, 2.335371359345143e-22, 0.0, 0.0, 0.0, 0.0, 1.384922498061705e-23, 0.0, 1.2896384215384672e-23, 0.0, 0.0, 1.227973613180351e-22, 0.0, 0.0, 0.0, 1.4510565050639352e-23, 1.4484836959268687e-23, 1.3167034284571307e-23, 1.0, 0.0, 0.0, 0.0, 0.0, 1.356895716549628e-23, 0.0, 0.0, 0.0, 0.0, 0.0, 1.2868956902216721e-23]","[0.0, 0.00758873667719131, 0.0, 0.0, 0.0, 0.0, 0.0, 0.004650813395109992, 0.0, 0.006896708791623825, 0.0, 0.0, 0.0, 0.0036963736852872217, 0.0, 0.001984061185067048, 0.02162099255228566, 0.0, 0.9367793472877464, 0.005092788661258673, 0.0, 0.0, 0.0, 0.0, 0.0, 0.003900916529353656, 0.0, 0.0017669831311666103, 0.006022278103909688, 0.0]","[0.06936125457286835, 0.08611849695444107, 0.0, 0.11955038458108902, 0.0, 0.0, 0.0, 0.0, 0.0, 0.12121716886758804, 0.0711030662059784, 0.0, 0.12121716886758804, 0.0, 0.09928000718355179, 0.0, 0.0, 0.0, 0.0, 0.0, 0.0, 0.0, 0.0, 0.0, 0.12121716886758804, 0.0, 0.0, 0.12121716886758804, 0.06971807032823563, 0.0]",-0.004044299269700166
95,1.061887335827139,"[1.0171886651086641, 0.9820417089279929, 0.9914481782934628, 0.9847562450676443, 1.0000124325906483, 0.9890919265316184, 0.9916828500451726, 0.992352232156089, 0.9969015841262168, 1.0025024165676935, 1.0081827464726691, 0.9782835868655902, 0.998845630912598, 0.9854034427958935, 1.0104535578717386, 0.9904078191005865, 1.0139963008705997, 1.0048356838264676, 0.9961624695149054, 0.9818683919835232, 0.9942918396223742, 0.9885511193461637, 0.992520198601741, 0.9851044414175375, 0.9910925566582508, 1.0006804680588677, 0.9901820056706563, 0.9797367712560042, 1.0040318382285878, 0.9945414838932817]","[0.9933655377788068, 0.9913179345584257, 1.0082527561492112, 1.0034670539077262, 0.9925715923823285, 1.0090971345465347, 0.9940371639786552, 0.9883270100713257, 1.0030488025475621, 1.0041379161623525, 1.0150312902577996, 0.9998065418903199, 0.9975424740572062, 0.9934241465443862, 1.0151317875731225, 0.9802609457474701, 1.0132191160857793, 1.0088497299978252, 0.991534715994475, 1.0044718332447757, 0.999333876383343, 1.002825640001299, 0.9904986574077251, 0.9840294808591808, 0.9890492982920324, 1.0025008632519623, 1.0042345718450232, 0.9866248647321375, 0.9984935269121135, 1.0096819891625322]","[-0.006634462221193238, -0.00868206544157435, 0.008252756149211171, 0.0034670539077261697, -0.007428407617671495, 0.009097134546534713, -0.005962836021344842, -0.011672989928674271, 0.003048802547562124, 0.004137916162352484, 0.01503129025779959, -0.00019345810968007804, -0.0024575259427938034, -0.006575853455613845, 0.015131787573122502, -0.019739054252529864, 0.013219116085779303, 0.008849729997825184, -0.008465284005525042, 0.004471833244775736, -0.0006661236166569662, 0.0028256400012989236, -0.009501342592274864, -0.01597051914081915, -0.010950701707967636, 0.002500863251962304, 0.004234571845023183, -0.013375135267862492, -0.0015064730878865396, 0.009681989162532156]","[0.10589570552110672, 0.0, 0.0, 0.0, 0.0, 0.0, 0.0, 0.0, 0.0, 0.10589570552110672, 0.0, 0.0, 0.0, 0.0, 0.0, 0.0, 0.10589570552110672, 0.07747426629066467, 0.0, 0.10589570552110672, 0.10589570552110672, 0.0, 0.0, 0.09980037063360214, 0.0, 0.08145549893379211, 0.0, 0.10589570552110672, 0.10589570552110672, 0.0]","[0.0, 4.560478651638935e-22, 0.0, 0.0, 0.0, 0.0, 3.471052640908841e-22, 0.0, 3.46783388947468e-22, 0.0, 0.0, 4.561229855560103e-22, 3.469115466799956e-22, 0.0, 0.0, 3.481855705265186e-22, 0.0, 0.0, 1.0, 0.0, 0.0, 0.0, 0.0, 3.4713218879796633e-22, 4.554229963429464e-22, 5.655642148620616e-22, 0.0, 0.0, 0.0, 0.0]","[0.010762234602385845, 0.0, 0.009195545466077064, 0.0, 0.0068332522871205545, 0.0, 0.0, 0.0, 0.0010180998529339743, 0.01644568764691297, 0.01467056036179694, 0.0, 0.004750598719928414, 0.01566521129169219, 0.0, 0.012464584231456364, 0.00976524098600721, 0.0017263358281961003, 0.8691787931750148, 0.0021478687538078692, 0.003549276453656707, 0.006187333361604533, 0.007402771938602885, 0.0, 0.0, 0.0, 0.0, 0.0, 0.008236605042805645, 0.0]","[0.10589570552110672, 0.0, 0.0, 0.0, 0.0, 0.0, 0.0, 0.0, 0.0, 0.10589570552110672, 0.0, 0.0, 0.0, 0.0, 0.0, 0.0, 0.10589570552110672, 0.07747426629066467, 0.0, 0.10589570552110672, 0.10589570552110672, 0.0, 0.0, 0.09980037063360214, 0.0, 0.08145549893379211, 0.0, 0.10589570552110672, 0.10589570552110672, 0.0]",-0.0012186294086257983
96,1.064799288088623,"[0.9933655377788068, 0.9913179345584257, 1.0082527561492112, 1.0034670539077262, 0.9925715923823285, 1.0090971345465347, 0.9940371639786552, 0.9883270100713257, 1.0030488025475621, 1.0041379161623525, 1.0150312902577996, 0.9998065418903199, 0.9975424740572062, 0.9934241465443862, 1.0151317875731225, 0.9802609457474701, 1.0132191160857793, 1.0088497299978252, 0.991534715994475, 1.0044718332447757, 0.999333876383343, 1.002825640001299, 0.9904986574077251, 0.9840294808591808, 0.9890492982920324, 1.0025008632519623, 1.0042345718450232, 0.9866248647321375, 0.9984935269121135, 1.0096819891625322]","[0.990891277076436, 0.9932455715384729, 0.9945581070185341, 0.9968812250518984, 1.0046385052215898, 0.9854856648817752, 0.9998116781327498, 0.9895056579729596, 1.0184977563413173, 0.9899604206133148, 1.0072346324496375, 1.0206921513560137, 0.9875975170009132, 0.9985705288034507, 1.011143728891261, 1.024962159833441, 0.9971431199580102, 0.9946282347448674, 0.9962462105107734, 0.9830545992816428, 1.0156413011495, 0.9868435335996584, 1.0052344550070689, 1.0369668083829144, 0.9953179301234565, 1.0000043382540114, 1.0026212600868247, 0.9837193415836407, 0.990406950298849, 0.990783248017166]","[-0.009108722923564017, -0.006754428461527073, -0.005441892981465912, -0.0031187749481016436, 0.004638505221589817, -0.014514335118224753, -0.00018832186725015188, -0.01049434202704036, 0.01849775634131734, -0.010039579386685205, 0.0072346324496375125, 0.020692151356013655, -0.01240248299908675, -0.0014294711965493478, 0.011143728891261029, 0.024962159833441078, -0.0028568800419898066, -0.00537176525513261, -0.0037537894892265555, -0.01694540071835715, 0.01564130114950002, -0.013156466400341627, 0.005234455007068872, 0.03696680838291444, -0.004682069876543515, 4.338254011360121e-06, 0.0026212600868247282, -0.016280658416359284, -0.009593049701151046, -0.009216751982834004]","[0.10439929366111755, 0.0, 0.09309247881174088, 0.0, 0.0, 0.0, 0.10154585540294647, 0.0, 0.10439929366111755, 0.0, 0.10241334140300751, 0.0, 0.10439929366111755, 0.0, 0.0, 0.10439929366111755, 0.0, 0.0, 0.0, 0.0, 0.07655255496501923, 0.0, 0.0, 0.0, 0.0, 0.10439929366111755, 0.0, 0.0, 0.0, 0.10439929366111755]","[0.0, 8.244451076335325e-24, 0.0, 1.1850846935697646e-22, 0.0, 7.13616054272669e-24, 0.0, 0.0, 0.0, 1.1923684499940211e-22, 0.0, 0.0, 0.0, 0.0, 0.0, -1.0035954056814921e-22, 1.2145294831889663e-22, 9.571785011927129e-24, 1.0, 0.0, 0.0, 9.012116090219903e-24, 0.0, -1.011804072027281e-22, 0.0, 0.0, 0.0, 0.0, 0.0, 0.0]","[0.009445102236676073, 0.009616668804910687, 0.0, 0.0, 0.0, 0.0, 0.013370160420566922, 0.0, 0.0, 0.008807228091460312, 0.0, 0.0, 0.009355187170036685, 0.0, 0.004550242442168751, 0.004053116814335232, 0.009597603249792476, 0.0, 0.8887013023092538, 0.007476061856381222, 0.0007948129081967866, 0.00016018978093050695, 0.009822245410048435, 0.005930521767574673, 0.0052893680007192944, 0.0027508845933852137, 0.0025302692282814492, 0.0, 0.0, 0.007749034915281316]","[0.10439929366111755, 0.0, 0.09309247881174088, 0.0, 0.0, 0.0, 0.10154585540294647, 0.0, 0.10439929366111755, 0.0, 0.10241334140300751, 0.0, 0.10439929366111755, 0.0, 0.0, 0.10439929366111755, 0.0, 0.0, 0.0, 0.0, 0.07655255496501923, 0.0, 0.0, 0.0, 0.0, 0.10439929366111755, 0.0, 0.0, 0.0, 0.10439929366111755]",0.0023400065191704297
97,1.0618133210533205,"[0.990891277076436, 0.9932455715384729, 0.9945581070185341, 0.9968812250518984, 1.0046385052215898, 0.9854856648817752, 0.9998116781327498, 0.9895056579729596, 1.0184977563413173, 0.9899604206133148, 1.0072346324496375, 1.0206921513560137, 0.9875975170009132, 0.9985705288034507, 1.011143728891261, 1.024962159833441, 0.9971431199580102, 0.9946282347448674, 0.9962462105107734, 0.9830545992816428, 1.0156413011495, 0.9868435335996584, 1.0052344550070689, 1.0369668083829144, 0.9953179301234565, 1.0000043382540114, 1.0026212600868247, 0.9837193415836407, 0.990406950298849, 0.990783248017166]","[0.9984715557730286, 0.9935981607442967, 0.9792911159223063, 1.0173882223847954, 0.9987250441273533, 0.9847319360519025, 0.9855005482566964, 1.012675690169062, 0.9935553932533343, 0.9967154673308491, 1.0041893871237302, 1.0019901590475764, 1.0222459066978415, 0.9813325623360621, 1.001716438737791, 1.016525002569721, 1.0083854247537503, 0.9925742999205157, 1.0189061233173284, 1.0142612119065177, 1.0356940741886083, 1.006808484024539, 0.9809100993416696, 1.0031570659424618, 0.9858079081699516, 0.9995808749891062, 1.0000042386687273, 1.021368521189548, 1.0026633747596707, 0.9917395726982485]","[-0.0015284442269714038, -0.006401839255703257, -0.020708884077693668, 0.017388222384795426, -0.0012749558726466992, -0.015268063948097543, -0.014499451743303582, 0.012675690169061893, -0.006444606746665693, -0.0032845326691508525, 0.004189387123730182, 0.0019901590475763786, 0.022245906697841544, -0.018667437663937858, 0.0017164387377910373, 0.016525002569721003, 0.008385424753750259, -0.0074257000794842876, 0.018906123317328438, 0.014261211906517746, 0.03569407418860826, 0.006808484024539041, -0.019089900658330383, 0.0031570659424617897, -0.014192091830048437, -0.00041912501089380605, 4.238668727341022e-06, 0.021368521189548018, 0.0026633747596707114, -0.008260427301751472]","[0.0, 0.08863527327775955, 0.10313744843006134, 0.0, 0.0, 0.0, 0.0, 0.0, 0.0, 0.0, 0.0, 0.10313744843006134, 0.0, 0.0, 0.10313744843006134, 0.08626525849103928, 0.10313744843006134, 0.0, 0.0, 0.0, 0.0, 0.10313744843006134, 0.10313744843006134, 0.0, 0.10313744843006134, 0.10313744843006134, 0.0, 0.0, 0.0, 0.0]","[0.0, 0.0, 0.0, 0.0, 0.0, 0.0, 0.0, 6.918911534294937e-24, 0.0, 8.38826130990712e-24, 0.0, 0.0, 0.0, 0.0, 0.0, -9.962206522721108e-23, 0.0, 0.0, 1.0, -1.0261535297932656e-22, 0.0, -1.0170784515063711e-22, 6.205112309601563e-24, 0.0, 0.0, 0.0, -1.020664420680956e-22, -1.0265723260330117e-22, 0.0, -1.0164129696485069e-22]","[0.012474067100011714, 0.0, 0.0, 0.006015507081304253, 0.0, 0.0021902690280988495, 0.0, 0.0, 0.006410873629726368, 0.0025968199207290123, 0.0031977887407403215, 0.016130360762498172, 0.0, 0.0, 0.0014933286418027706, 0.0, 0.012633284875586646, 0.0226555489958334, 0.832850358973955, 0.0, 0.0071393586825734025, 0.01024398366463748, 0.0, 0.00775237188669007, 0.005411609210223944, 0.007170144755317755, 0.01268132226919225, 0.016193395697103437, 0.008889376430329592, 0.00587022965364582]","[0.0, 0.08863526582717896, 0.10313743352890015, 0.0, 0.0, 0.0, 0.0, 0.0, 0.0, 0.0, 0.0, 0.10313743352890015, 0.0, 0.0, 0.10313743352890015, 0.08626525104045868, 0.10313743352890015, 0.0, 0.0, 0.0, 0.0, 0.10313743352890015, 0.10313743352890015, 0.0, 0.10313743352890015, 0.10313743352890015, 0.0, 0.0, 0.0, 0.0]",-0.0032005341390856945
98,1.0659719959061247,"[0.9984715557730286, 0.9935981607442967, 0.9792911159223063, 1.0173882223847954, 0.9987250441273533, 0.9847319360519025, 0.9855005482566964, 1.012675690169062, 0.9935553932533343, 0.9967154673308491, 1.0041893871237302, 1.0019901590475764, 1.0222459066978415, 0.9813325623360621, 1.001716438737791, 1.016525002569721, 1.0083854247537503, 0.9925742999205157, 1.0189061233173284, 1.0142612119065177, 1.0356940741886083, 1.006808484024539, 0.9809100993416696, 1.0031570659424618, 0.9858079081699516, 0.9995808749891062, 1.0000042386687273, 1.021368521189548, 1.0026633747596707, 0.9917395726982485]","[0.9896006367111684, 0.9961597905621254, 1.0117920787437633, 1.007023757150773, 0.9941818309041689, 1.0089853815705048, 0.9923308611963074, 0.989211008979428, 1.000781221822325, 0.9982290007475549, 1.0206068754816613, 1.004775115588982, 0.9909533433422862, 0.9991418362756744, 0.9806760158021128, 0.9946282814864832, 1.0263809314243586, 1.0108550237184566, 1.003081139057009, 0.9964574818464237, 0.9928616333028717, 1.0161365591699807, 1.0229074548499824, 1.0030822184604997, 0.9820438581021519, 1.0149251799632442, 1.0002603329616415, 0.9928666300020735, 1.0066777543752987, 1.005685403611752]","[-0.01039936328883162, -0.0038402094378745533, 0.011792078743763312, 0.007023757150772969, -0.005818169095831105, 0.008985381570504769, -0.007669138803692577, -0.010788991020571959, 0.0007812218223250955, -0.0017709992524450602, 0.02060687548166129, 0.004775115588981915, -0.009046656657713759, -0.0008581637243255669, -0.019323984197887167, -0.00537171851351681, 0.0263809314243586, 0.010855023718456591, 0.003081139057008908, -0.003542518153576313, -0.007138366697128307, 0.01613655916998069, 0.022907454849982356, 0.0030822184604997194, -0.01795614189784811, 0.014925179963244162, 0.0002603329616415184, -0.007133369997926464, 0.006677754375298717, 0.00568540361175196]","[0.12944623827934265, 0.05404990538954735, 0.0, 0.0, 0.12944623827934265, 0.0, 0.0, 0.0, 0.11847015470266342, 0.0, 0.08145859837532043, 0.0, 0.07568804919719696, 0.0, 0.0, 0.0, 0.12944623827934265, 0.09710593521595001, 0.0, 0.055442314594984055, 0.0, 0.0, 0.0, 0.0, 0.0, 0.0, 0.0, 0.0, 0.12944623827934265, 0.0]","[0.0, 0.0, 0.0, 0.0, 0.0, 0.0, -2.0993004364769375e-22, -2.1412928640481003e-22, -2.104266144544576e-22, 0.0, -2.1362270400406066e-22, -3.224700700630729e-22, 0.0, 0.0, 0.0, 0.0, 0.0, 0.0, 1.0, 0.0, -3.225695736866284e-22, -3.222983870132999e-22, 0.0, 0.0, 0.0, 0.0, -3.2259109037010084e-22, 0.0, -3.218502533261485e-22, 0.0]","[0.0, 0.009460467188561522, 0.0, 0.006760912596093005, 0.0015611799915090335, 0.006926349190609297, 0.0, 0.0, 0.01955392004548395, 0.0, 0.0, 0.0021920568905498795, 0.010581742819687523, 0.0, 0.00695282372758726, 0.005937963483520924, 0.0, 0.022504471105451448, 0.8811197901843895, 0.0, 0.0, 0.002863533060911998, 0.0, 0.0, 0.0, 0.0074497031882190135, 0.0, 0.0, 0.008626655716137804, 0.007508430811287777]","[0.12944625318050385, 0.054049912840127945, 0.0, 0.0, 0.12944625318050385, 0.0, 0.0, 0.0, 0.11847016960382462, 0.0, 0.08145860582590103, 0.0, 0.07568805664777756, 0.0, 0.0, 0.0, 0.12944625318050385, 0.0971059501171112, 0.0, 0.05544232204556465, 0.0, 0.0, 0.0, 0.0, 0.0, 0.0, 0.0, 0.0, 0.12944625318050385, 0.0]",0.0035002425949997996
99,1.0687519558505336,"[0.9896006367111684, 0.9961597905621254, 1.0117920787437633, 1.007023757150773, 0.9941818309041689, 1.0089853815705048, 0.9923308611963074, 0.989211008979428, 1.000781221822325, 0.9982290007475549, 1.0206068754816613, 1.004775115588982, 0.9909533433422862, 0.9991418362756744, 0.9806760158021128, 0.9946282814864832, 1.0263809314243586, 1.0108550237184566, 1.003081139057009, 0.9964574818464237, 0.9928616333028717, 1.0161365591699807, 1.0229074548499824, 1.0030822184604997, 0.9820438581021519, 1.0149251799632442, 1.0002603329616415, 0.9928666300020735, 1.0066777543752987, 1.005685403611752]","[0.9870545648587037, 0.9930493996678061, 0.9780310233106503, 0.9995353785763, 0.9973998624393687, 1.0008227567877483, 1.0119731070879474, 1.0105193409428666, 1.0082750703916468, 1.0046337898588646, 0.9862827138331288, 1.0023719424471584, 1.0158133187951217, 0.9915041613447173, 1.0013706327422993, 0.9861224322929016, 1.0076202917021801, 0.9965124647119865, 0.9938787873400725, 1.0244960527141596, 1.0028576174614412, 0.9942233919603111, 1.0009940385794938, 0.9952138353505937, 0.9971829033263219, 1.0219606040658493, 1.0076309920190518, 0.9894342422309478, 1.0125645656505928, 1.0102583441716597]","[-0.012945435141296313, -0.006950600332193857, -0.021968976689349717, -0.0004646214236999624, -0.002600137560631266, 0.0008227567877483466, 0.01197310708794741, 0.01051934094286655, 0.008275070391646766, 0.004633789858864645, -0.013717286166871179, 0.002371942447158437, 0.01581331879512171, -0.008495838655282695, 0.0013706327422993159, -0.01387756770709836, 0.007620291702180149, -0.003487535288013488, -0.0061212126599274885, 0.024496052714159555, 0.0028576174614411975, -0.005776608039688935, 0.0009940385794937612, -0.004786164649406288, -0.002817096673678132, 0.02196060406584932, 0.007630992019051819, -0.01056575776905222, 0.01256456565059283, 0.010258344171659717]","[0.0, 0.0, 0.10108113288879395, 0.10108113288879395, 0.10108113288879395, 0.0968390703201294, 0.10108113288879395, 0.0, 0.0, 0.0, 0.0, 0.0, 0.09451186656951904, 0.0, 0.0, 0.0, 0.0, 0.10108113288879395, 0.0, 0.0, 0.0, 0.0, 0.0, 0.0, 0.10108113288879395, 0.10108113288879395, 0.10108113288879395, 0.0, 0.0, 0.0]","[0.0, 0.0, 0.0, 0.0, 0.0, 0.0, 2.3530261963503343e-22, 0.0, 2.3523367032613335e-22, 0.0, 0.0, 0.0, 3.453949286794173e-22, 0.0, 0.0, 3.477644893018567e-22, 2.3600616164650286e-22, 3.4592867925252725e-22, 1.0, 0.0, 0.0, 0.0, 0.0, 2.356265352164847e-22, 0.0, 0.0, 3.4478437437746343e-22, 0.0, 2.3460154481377847e-22, 0.0]","[0.0010504073647160804, 0.0, 0.014026097908914646, 0.0, 0.0, 0.008026812156590023, 0.0, 0.0, 0.0018424973885280641, 0.005730464459889065, 0.0034359325776821543, 0.008848499917718139, 0.0, 0.0, 0.0017120305657466336, 0.0, 0.0, 0.0, 0.9329348095300778, 0.0, 0.0, 0.007596989693308637, 0.0, 0.0, 0.006281526438647115, 0.0, 0.0, 0.0037767415240539037, 0.004737190474127871, 0.0]","[0.0, 0.0, 0.10108113288879395, 0.10108113288879395, 0.10108113288879395, 0.0968390703201294, 0.10108113288879395, 0.0, 0.0, 0.0, 0.0, 0.0, 0.09451186656951904, 0.0, 0.0, 0.0, 0.0, 0.10108113288879395, 0.0, 0.0, 0.0, 0.0, 0.0, 0.0, 0.10108113288879395, 0.10108113288879395, 0.10108113288879395, 0.0, 0.0, 0.0]",0.0022243803309543123
