step,portfolio_value,prev_prices,curr_prices,returns,action,expert_action,sub_expert_action,real_action,reward
1,0.9998310281293009,"[0.990534788151838, 1.014773769286801, 0.9860003745120909, 0.9952004966334124, 1.0086752077903087, 1.0092622956694541, 1.003491594033858, 1.0096478503178914, 0.9949731037482811, 1.0099767423950166, 1.030282664993066, 0.9851215127389941, 1.005567305633678, 1.0103881797258984, 0.9985881191242263, 0.9961358916841803, 1.0113723821873701, 1.0217739509506816, 0.99012182762969, 1.0011735379942672, 0.9925561910420755, 1.0003564317380569, 0.9912020312510673, 1.00518192474357, 1.032829194219596, 1.016871757816206, 1.0093154127793897, 0.9923925999997979, 0.9987703817536162, 0.9792318993952278]","[1.0027362825043422, 0.9984830339300937, 1.0058582764010418, 1.020076081223957, 0.9847023194686307, 0.9988524033761204, 0.9849847830788355, 0.9889420043905807, 0.9887071745567575, 0.9898739744940142, 1.0149046385380733, 1.0019629992124217, 0.9771142797641351, 0.997762449935192, 1.0257705718890797, 0.9847984222860252, 1.0103887099579458, 0.9951663523179725, 1.0205029655941693, 0.9912617483628476, 0.9914695868324592, 1.0107946122145655, 1.001417818192101, 0.9965214942158441, 1.0159615950914553, 1.004390566099944, 1.03354624759947, 0.9877871227827347, 0.979419525136609, 0.9886229852117941]","[0.0027362825043422134, -0.001516966069906256, 0.005858276401041751, 0.0200760812239571, -0.015297680531369262, -0.0011475966238796431, -0.015015216921164476, -0.011057995609419335, -0.011292825443242505, -0.010126025505985847, 0.014904638538073334, 0.001962999212421712, -0.02288572023586488, -0.0022375500648079694, 0.02577057188907972, -0.01520157771397479, 0.01038870995794583, -0.004833647682027542, 0.02050296559416931, -0.008738251637152361, -0.008530413167540774, 0.010794612214565458, 0.0014178181921009614, -0.003478505784155872, 0.01596159509145534, 0.004390566099943927, 0.03354624759946989, -0.012212877217265272, -0.020580474863390985, -0.011377014788205853]","[0.0, 0.0, 0.0, 0.0, 0.0, 0.1003044843673706, 0.10945980250835419, 0.0, 0.0, 0.0, 0.10945980250835419, 0.0, 0.0, 0.0, 0.08248506486415863, 0.10945980250835419, 0.08666885644197464, 0.08507867157459259, 0.0, 0.0, 0.0981639176607132, 0.10945980250835419, 0.0, 0.0, 0.0, 0.0, 0.0, 0.10945980250835419, 0.0, 0.0]","[0.0, 0.1, 0.1, 0.1, 0.1, 0.1, 0.1, 0.1, 0.1, 0.0, 0.0, 0.0, 0.0, 0.0, 0.0, 0.0, 0.0, 0.0, 0.0, 0.0, 0.0, 0.0, 0.0, 0.0, 0.0, 0.0, 0.0, 0.0, 0.1, 0.1]","[0.0, 0.08411957281744639, 0.08992385091647065, 0.0986781740291027, 0.09516982100497098, 0.09225588515666602, 0.08749279436051002, 0.09082935823151587, 0.07300476808033819, 0.007768455099573673, 0.012731010539969334, 0.0, 0.0, 0.01109766935769217, 0.0, 0.0, 0.0031592995976823714, 0.0, 0.0020223638846575986, 0.0053267579556448945, 0.010102429412791667, 0.0066120854839500295, 0.0, 0.003995573858720078, 0.012449303023733817, 0.010049566024182485, 0.010102131307454769, 0.005984478023092527, 0.0945564849645492, 0.09256816686928455]","[0.0, 0.0, 0.0, 0.0, 0.0, 0.1003044843673706, 0.10945980250835419, 0.0, 0.0, 0.0, 0.10945980250835419, 0.0, 0.0, 0.0, 0.08248506486415863, 0.10945980250835419, 0.08666885644197464, 0.08507867157459259, 0.0, 0.0, 0.0981639176607132, 0.10945980250835419, 0.0, 0.0, 0.0, 0.0, 0.0, 0.10945980250835419, 0.0, 0.0]",-0.0001689786962141353
2,1.0012294606649608,"[1.0027362825043422, 0.9984830339300937, 1.0058582764010418, 1.020076081223957, 0.9847023194686307, 0.9988524033761204, 0.9849847830788355, 0.9889420043905807, 0.9887071745567575, 0.9898739744940142, 1.0149046385380733, 1.0019629992124217, 0.9771142797641351, 0.997762449935192, 1.0257705718890797, 0.9847984222860252, 1.0103887099579458, 0.9951663523179725, 1.0205029655941693, 0.9912617483628476, 0.9914695868324592, 1.0107946122145655, 1.001417818192101, 0.9965214942158441, 1.0159615950914553, 1.004390566099944, 1.03354624759947, 0.9877871227827347, 0.979419525136609, 0.9886229852117941]","[1.0044650577655634, 1.0106477936786225, 0.9959323141105118, 0.979892306930734, 1.0051422263680283, 0.993879717861972, 0.9765380212714713, 1.016643854922264, 1.005759831140943, 1.0012148972031867, 1.0035893112854462, 1.018896504299164, 0.9713575335031314, 1.008735740235881, 1.0073253006092788, 0.9935666759611813, 0.9904047204719505, 1.0046428232314217, 0.9777388084043114, 0.9781933749475277, 1.0055837081633343, 1.0058840980734645, 0.9906966906819284, 1.0076798074064433, 1.0094019096291371, 1.0188205789878373, 0.9879556420371177, 1.0204759837268127, 1.0004392135232276, 0.9787059005405613]","[0.004465057765563385, 0.010647793678622453, -0.004067685889488248, -0.020107693069265964, 0.005142226368028302, -0.006120282138027955, -0.023461978728528732, 0.016643854922264056, 0.005759831140943028, 0.0012148972031866823, 0.0035893112854461506, 0.018896504299164008, -0.028642466496868635, 0.008735740235880973, 0.007325300609278829, -0.0064333240388186885, -0.009595279528049505, 0.004642823231421733, -0.022261191595688623, -0.021806625052472328, 0.005583708163334311, 0.005884098073464461, -0.009303309318071551, 0.007679807406443251, 0.009401909629137117, 0.01882057898783729, -0.01204435796288228, 0.020475983726812697, 0.00043921352322762175, -0.02129409945943872]","[0.0, 0.0, 0.0, 0.0, 0.0911785289645195, 0.10359515994787216, 0.0, 0.10359515994787216, 0.0, 0.0, 0.0, 0.10359515994787216, 0.0, 0.0, 0.0, 0.10359515994787216, 0.10359515994787216, 0.09591919928789139, 0.10359515994787216, 0.0, 0.10359515994787216, 0.0, 0.0, 0.0, 0.0877361074090004, 0.0, 0.0, 0.0, 0.0, 0.0]","[0.0, 0.1, 0.1, 0.1, 0.1, 0.1, 0.1, 0.1, 0.1, 0.0, 0.0, 0.0, 0.0, 0.0, 0.0, 0.0, 0.0, 0.0, 0.0, 0.0, 0.0, 0.0, 0.0, 0.0, 0.0, 0.0, 0.0, 0.0, 0.1, 0.1]","[0.0, 0.09913893200339907, 0.08909977700040142, 0.0999128756096981, 0.08233675650957244, 0.0910310499350306, 0.07586802483930001, 0.08812491905797196, 0.09710465418852089, 0.0, 0.0, 0.003922204553864677, 0.0018397956965821292, 0.0, 0.008747424477512972, 0.0, 0.0029436821929657415, 0.013179051690029524, 0.0005567431079987769, 0.004328173307160231, 0.019145646243639885, 0.006257015202128251, 0.0, 0.008036198489784213, 0.01178205313132449, 0.009819763539056172, 0.0, 0.007662790763387273, 0.10945986169726925, 0.06970260676340206]","[0.0, 0.0, 0.0, 0.0, 0.0911785364151001, 0.10359516739845276, 0.0, 0.10359516739845276, 0.0, 0.0, 0.0, 0.10359516739845276, 0.0, 0.0, 0.0, 0.10359516739845276, 0.10359516739845276, 0.09591920673847198, 0.10359516739845276, 0.0, 0.10359516739845276, 0.0, 0.0, 0.0, 0.087736114859581, 0.0, 0.0, 0.0, 0.0, 0.0]",0.0013977214058508319
3,0.9971495931549337,"[1.0044650577655634, 1.0106477936786225, 0.9959323141105118, 0.979892306930734, 1.0051422263680283, 0.993879717861972, 0.9765380212714713, 1.016643854922264, 1.005759831140943, 1.0012148972031867, 1.0035893112854462, 1.018896504299164, 0.9713575335031314, 1.008735740235881, 1.0073253006092788, 0.9935666759611813, 0.9904047204719505, 1.0046428232314217, 0.9777388084043114, 0.9781933749475277, 1.0055837081633343, 1.0058840980734645, 0.9906966906819284, 1.0076798074064433, 1.0094019096291371, 1.0188205789878373, 0.9879556420371177, 1.0204759837268127, 1.0004392135232276, 0.9787059005405613]","[0.9714090810498387, 1.0361855811751937, 0.9803003748286714, 0.9992561582584426, 1.0080621766137314, 0.9923132493293884, 1.0337260919831806, 0.9981845988395872, 1.0058055465478468, 1.011348136181514, 1.0019655444417348, 0.977946798665606, 1.0205285831153512, 0.9855291122635199, 0.9854099428841443, 1.0099600173459384, 0.9911204086290866, 1.0097706107272875, 1.0196700698529169, 1.004777067588936, 0.9989619899512906, 0.9962176050800041, 0.9867942145953351, 0.9986930788027851, 0.9894537922844336, 0.9957673462348634, 1.0121688300182985, 1.0053827199855552, 1.0039369297650178, 0.9803306491129169]","[-0.028590918950161304, 0.03618558117519366, -0.019699625171328616, -0.0007438417415573939, 0.008062176613731431, -0.007686750670611642, 0.03372609198318055, -0.0018154011604127884, 0.005805546547846818, 0.01134813618151398, 0.001965544441734801, -0.022053201334394035, 0.020528583115351218, -0.014470887736480087, -0.014590057115855704, 0.009960017345938432, -0.008879591370913431, 0.009770610727287465, 0.01967006985291686, 0.004777067588936035, -0.0010380100487094035, -0.0037823949199958795, -0.013205785404664883, -0.001306921197214872, -0.010546207715566358, -0.004232653765136596, 0.012168830018298493, 0.005382719985555173, 0.003936929765017805, -0.019669350887083104]","[0.0, 0.0, 0.0, 0.0, 0.0, 0.1606142669916153, 0.0, 0.0, 0.0, 0.0, 0.05282417684793472, 0.0, 0.0, 0.0, 0.13184592127799988, 0.0, 0.0, 0.1606142669916153, 0.0, 0.0028334439266473055, 0.0, 0.07233472168445587, 0.0, 0.0, 0.0, 0.1606142669916153, 0.0, 0.13695915043354034, 0.0, 0.12135984003543854]","[0.0, 0.0, 0.0, 1.0, 2.235551277057658e-22, 0.0, 0.0, 1.691178361954803e-24, 1.4262577001596387e-24, 0.0, 0.0, 0.0, 0.0, 0.0, 0.0, 2.232647710868984e-22, 1.1152719742518855e-22, 0.0, 0.0, 0.0, 0.0, 0.0, 1.117576303208026e-22, 2.2332422859335675e-22, 0.0, 0.0, 0.0, 1.815240254706785e-24, 1.5249457956135252e-24, 0.0]","[0.0, 0.006361780258548211, 0.0, 0.8870321491168992, 0.0, 0.013462884544621582, 0.0, 0.0, 0.0, 0.0004401559062709679, 0.0, 0.002710950955372686, 0.0, 0.016988683991373245, 0.0, 0.016658457343142447, 0.001876948209747759, 0.00716041057127736, 0.0, 0.0, 0.0, 0.006172596671224476, 0.018465262099208287, 0.0, 0.0, 0.003310004005186425, 0.007335161808580104, 0.0, 0.004286456914111883, 0.0077380976044354914]","[0.0, 0.0, 0.0, 0.0, 0.0, 0.1606142669916153, 0.0, 0.0, 0.0, 0.0, 0.05282417684793472, 0.0, 0.0, 0.0, 0.13184592127799988, 0.0, 0.0, 0.1606142669916153, 0.0, 0.0028334439266473055, 0.0, 0.07233472168445587, 0.0, 0.0, 0.0, 0.1606142669916153, 0.0, 0.13695915043354034, 0.0, 0.12135984003543854]",-0.004227316030402406
4,0.9956919338853633,"[0.9714090810498387, 1.0361855811751937, 0.9803003748286714, 0.9992561582584426, 1.0080621766137314, 0.9923132493293884, 1.0337260919831806, 0.9981845988395872, 1.0058055465478468, 1.011348136181514, 1.0019655444417348, 0.977946798665606, 1.0205285831153512, 0.9855291122635199, 0.9854099428841443, 1.0099600173459384, 0.9911204086290866, 1.0097706107272875, 1.0196700698529169, 1.004777067588936, 0.9989619899512906, 0.9962176050800041, 0.9867942145953351, 0.9986930788027851, 0.9894537922844336, 0.9957673462348634, 1.0121688300182985, 1.0053827199855552, 1.0039369297650178, 0.9803306491129169]","[1.0025783807731057, 1.0040212374870405, 1.0051837489591127, 1.0224798184178345, 1.010869594834164, 1.0033095832170202, 1.016474573354214, 1.0016684430150231, 1.0083315809332587, 0.9923545002341749, 0.9723926489414688, 0.9896172081048448, 0.9950747868189735, 0.994816892606754, 0.990113788702697, 0.9991041304980496, 1.0187711033568285, 1.0001676172377478, 0.9885019838495502, 0.981484201486544, 0.99291973654745, 1.00215013719577, 0.9944549767858302, 0.9801831371299032, 1.012385640590216, 1.0072005422654131, 1.0122737294303548, 0.9934917886783979, 0.990378860024334, 0.9926318889665302]","[0.002578380773105682, 0.00402123748704053, 0.005183748959112666, 0.02247981841783453, 0.010869594834163943, 0.00330958321702024, 0.016474573354213984, 0.0016684430150231133, 0.008331580933258698, -0.00764549976582507, -0.027607351058531182, -0.01038279189515523, -0.0049252131810264554, -0.0051831073932460114, -0.00988621129730305, -0.0008958695019504193, 0.018771103356828522, 0.00016761723774783022, -0.011498016150449764, -0.018515798513455972, -0.007080263452549973, 0.002150137195769952, -0.005545023214169831, -0.019816862870096763, 0.012385640590216074, 0.007200542265413112, 0.012273729430354763, -0.006508211321602064, -0.009621139975666049, -0.007368111033469793]","[0.08325646817684174, 0.10497142374515533, 0.0, 0.0, 0.09821519255638123, 0.10497142374515533, 0.0, 0.0, 0.0, 0.0, 0.0, 0.0, 0.0, 0.0, 0.1039048507809639, 0.0, 0.0, 0.09838803857564926, 0.10497142374515533, 0.0, 0.0, 0.0, 0.0, 0.09137832373380661, 0.0, 0.0, 0.10497142374515533, 0.0, 0.0, 0.10497142374515533]","[0.0, 2.2224423076873644e-22, 0.0, 2.222094148240928e-22, 0.0, 0.0, 2.223329307757946e-22, 0.0, 0.0, 2.2219768681052597e-22, 0.0, 1.0, 3.3333197872518947e-22, 0.0, 3.886255838510363e-22, 2.222156977930541e-22, 0.0, 0.0, 2.2227642338109166e-22, 0.0, 0.0, 0.0, 0.0, 0.0, 0.0, 0.0, 2.22222305612471e-22, 0.0, 0.0, 0.0]","[0.0, 0.008713161985185465, 0.0, 0.002971312070600016, 0.0032007050921684576, 0.0, 0.0, 0.0014202303622531047, 0.0021641265559477103, 0.0, 0.0166929494449173, 0.9244752599000843, 0.0, 0.005333858666371242, 0.0, 0.001650480396358237, 0.0, 0.005828637714643463, 0.006408939196851611, 0.0032868845715627593, 0.0, 0.0, 0.0, 0.0, 0.0, 0.0002949952422028582, 0.0, 0.0, 0.002891339700677845, 0.014667119100175725]","[0.08325647562742233, 0.10497143119573593, 0.0, 0.0, 0.09821520000696182, 0.10497143119573593, 0.0, 0.0, 0.0, 0.0, 0.0, 0.0, 0.0, 0.0, 0.1039048582315445, 0.0, 0.0, 0.09838804602622986, 0.10497143119573593, 0.0, 0.0, 0.0, 0.0, 0.09137833118438721, 0.0, 0.0, 0.10497143119573593, 0.0, 0.0, 0.10497143119573593]",-0.001766439173750189
5,0.9945608656771335,"[1.0025783807731057, 1.0040212374870405, 1.0051837489591127, 1.0224798184178345, 1.010869594834164, 1.0033095832170202, 1.016474573354214, 1.0016684430150231, 1.0083315809332587, 0.9923545002341749, 0.9723926489414688, 0.9896172081048448, 0.9950747868189735, 0.994816892606754, 0.990113788702697, 0.9991041304980496, 1.0187711033568285, 1.0001676172377478, 0.9885019838495502, 0.981484201486544, 0.99291973654745, 1.00215013719577, 0.9944549767858302, 0.9801831371299032, 1.012385640590216, 1.0072005422654131, 1.0122737294303548, 0.9934917886783979, 0.990378860024334, 0.9926318889665302]","[0.9972315636029075, 0.9914006457640714, 1.0092012484004085, 0.9853042908825109, 1.0059243929230273, 1.0116273536088187, 1.0185256606936848, 0.9875989189750001, 1.0124930080045675, 1.0020541357390376, 0.9954175741018878, 0.9811564486780896, 1.011786125160716, 1.0031764362796127, 1.024711554577034, 0.9985284690375904, 1.0192788230580976, 0.9716054223376934, 0.9852160736717244, 1.0036838671874033, 0.9952879493670042, 1.0009883489823599, 1.0086256581152238, 1.0126355467602781, 1.0114735204759442, 0.9999557931007123, 0.9990244439530095, 1.0013188112284566, 1.0064493145331068, 1.018094431281806]","[-0.0027684363970924553, -0.008599354235928613, 0.00920124840040848, -0.014695709117489075, 0.005924392923027266, 0.011627353608818725, 0.018525660693684776, -0.012401081024999927, 0.01249300800456754, 0.002054135739037566, -0.004582425898112197, -0.0188435513219104, 0.011786125160716088, 0.0031764362796127266, 0.024711554577034, -0.0014715309624095951, 0.019278823058097583, -0.028394577662306575, -0.014783926328275632, 0.0036838671874033224, -0.004712050632995846, 0.0009883489823598879, 0.008625658115223755, 0.012635546760278116, 0.011473520475944188, -4.420689928774646e-05, -0.0009755560469905111, 0.0013188112284565623, 0.00644931453310682, 0.0180944312818061]","[0.11491839587688446, 0.0, 0.0, 0.0, 0.07576324045658112, 0.0, 0.0, 0.1362115889787674, 0.0, 0.0, 0.0, 0.05715245380997658, 0.0, 0.08470004796981812, 0.0, 0.1362115889787674, 0.0, 0.0, 0.10420230031013489, 0.0, 0.0, 0.10811856389045715, 0.04665176197886467, 0.0, 0.0, 0.0, 0.0, 0.0, 0.0, 0.13607007265090942]","[0.0, 0.0, 0.0, 0.0, 4.451723602961048e-22, 5.56565061059984e-22, 1.0, 0.0, 4.453032436447491e-22, 4.452771478147741e-22, 0.0, 0.0, 0.0, 0.0, 0.0, 0.0, 0.0, 0.0, 4.451077482245803e-22, 0.0, 4.456219077051986e-22, 0.0, 4.457159374907255e-22, 0.0, 0.0, 0.0, 4.453750715040108e-22, 0.0, 4.453046768232061e-22, 0.0]","[0.006105332329904781, 0.0, 0.004158552212618792, 0.0, 0.0, 0.0019844048319515237, 0.8923811686961822, 0.0, 0.009621914075173451, 0.004410051237102605, 0.0, 0.0048590630025633795, 0.0015719292674068967, 0.0, 0.006478333525681307, 0.00849717887305491, 0.0032722732655068986, 0.0, 0.009747166882764533, 0.016330473455929258, 0.0, 0.00844973845872103, 0.0, 0.003345107661136758, 0.008388913803019392, 0.0, 0.0043103405891516565, 0.0060880578321308035, 0.0, 0.0]","[0.11491839587688446, 0.0, 0.0, 0.0, 0.07576324045658112, 0.0, 0.0, 0.1362115889787674, 0.0, 0.0, 0.0, 0.05715245380997658, 0.0, 0.08470004796981812, 0.0, 0.1362115889787674, 0.0, 0.0, 0.10420230031013489, 0.0, 0.0, 0.10811856389045715, 0.04665176197886467, 0.0, 0.0, 0.0, 0.0, 0.0, 0.0, 0.13607007265090942]",-0.0013149111345171483
6,0.9997081468337329,"[0.9972315636029075, 0.9914006457640714, 1.0092012484004085, 0.9853042908825109, 1.0059243929230273, 1.0116273536088187, 1.0185256606936848, 0.9875989189750001, 1.0124930080045675, 1.0020541357390376, 0.9954175741018878, 0.9811564486780896, 1.011786125160716, 1.0031764362796127, 1.024711554577034, 0.9985284690375904, 1.0192788230580976, 0.9716054223376934, 0.9852160736717244, 1.0036838671874033, 0.9952879493670042, 1.0009883489823599, 1.0086256581152238, 1.0126355467602781, 1.0114735204759442, 0.9999557931007123, 0.9990244439530095, 1.0013188112284566, 1.0064493145331068, 1.018094431281806]","[0.9924929090249667, 1.023345409435239, 1.0185888013126365, 0.9867533578349579, 0.9949515659012776, 0.9917084763139219, 1.0006813831722543, 0.991004586716699, 1.015097948442223, 0.9654234048493021, 1.0043841323297602, 0.9928825221797776, 1.00392666433112, 1.0212318654252108, 0.9870343362023782, 0.9839311328486393, 1.0121343075094267, 0.9924299644987461, 0.9863666707884167, 1.002039801194949, 1.007016714044645, 0.9971987420180883, 0.9988213272098061, 1.0129827759132999, 1.0076041993698137, 1.0065237081912413, 1.0199175344643887, 1.0099329642770063, 1.0112205128978498, 0.9764808920794936]","[-0.007507090975033326, 0.023345409435238995, 0.018588801312636516, -0.013246642165042122, -0.005048434098722354, -0.008291523686078106, 0.0006813831722543018, -0.008995413283301001, 0.015097948442222897, -0.034576595150697886, 0.004384132329760204, -0.007117477820222429, 0.003926664331119989, 0.021231865425210827, -0.012965663797621763, -0.01606886715136069, 0.012134307509426678, -0.007570035501253902, -0.013633329211583334, 0.0020398011949489536, 0.0070167140446451, -0.0028012579819116645, -0.001178672790193902, 0.012982775913299882, 0.007604199369813713, 0.006523708191241262, 0.01991753446438871, 0.009932964277006295, 0.011220512897849755, -0.023519107920506377]","[0.0, 0.0, 0.10222092270851135, 0.0, 0.09356804192066193, 0.10222092270851135, 0.0, 0.0, 0.0, 0.0, 0.0, 0.0, 0.0, 0.10222092270851135, 0.10222092270851135, 0.0, 0.0, 0.10222092270851135, 0.0, 0.0, 0.0, 0.0, 0.0, 0.0, 0.08866456151008606, 0.10222092270851135, 0.10222092270851135, 0.0, 0.10222092270851135, 0.0]","[0.0, 0.0, 0.0, 0.0, 0.0, 0.0, 0.0, 1.0, 0.0, 1.6688715434743425e-22, 0.0, 0.0, 1.1175071775455727e-22, 0.0, 0.0, 0.0, 0.0, 0.0, 2.227498382421776e-22, 0.0, 0.0, 1.6691620694517855e-22, 0.0, 2.2247297846332327e-22, 1.669637342616482e-22, 0.0, 1.1173306502889515e-22, 0.0, 2.2238300308388554e-22, 1.1177103812122247e-22]","[0.012206760690270194, 0.0, 0.01821142333923393, 0.006599031740539923, 0.006181325271648247, 0.011309520151137835, 0.000804549761071673, 0.8426298385602432, 0.008514310121009628, 0.0, 0.0, 0.0, 0.008396733080209518, 0.0, 0.0113927981412743, 0.007125899315429761, 0.0, 0.0032490158273432465, 0.0, 0.0034728041093394883, 0.010026832132471578, 0.0, 0.012534170384415195, 0.0, 0.0, 0.0, 0.01719723815013522, 0.012693331818078694, 0.004779289663122245, 0.0026751277430263087]","[0.0, 0.0, 0.10222093760967255, 0.0, 0.09356804937124252, 0.10222093760967255, 0.0, 0.0, 0.0, 0.0, 0.0, 0.0, 0.0, 0.10222093760967255, 0.10222093760967255, 0.0, 0.0, 0.10222093760967255, 0.0, 0.0, 0.0, 0.0, 0.0, 0.0, 0.08866456896066666, 0.10222093760967255, 0.10222093760967255, 0.0, 0.10222093760967255, 0.0]",0.004865936060097474
7,0.9905496347923943,"[0.9924929090249667, 1.023345409435239, 1.0185888013126365, 0.9867533578349579, 0.9949515659012776, 0.9917084763139219, 1.0006813831722543, 0.991004586716699, 1.015097948442223, 0.9654234048493021, 1.0043841323297602, 0.9928825221797776, 1.00392666433112, 1.0212318654252108, 0.9870343362023782, 0.9839311328486393, 1.0121343075094267, 0.9924299644987461, 0.9863666707884167, 1.002039801194949, 1.007016714044645, 0.9971987420180883, 0.9988213272098061, 1.0129827759132999, 1.0076041993698137, 1.0065237081912413, 1.0199175344643887, 1.0099329642770063, 1.0112205128978498, 0.9764808920794936]","[1.0017812304668552, 0.9912728784160628, 1.0296864931217553, 1.0029477477943611, 1.004895083657553, 1.0062663398870308, 0.9918700836963993, 1.004058069024009, 1.0017217485862695, 0.9864313231251925, 1.002718541778282, 0.9719796853132866, 0.9843780814168477, 0.9795917829928891, 1.002224419441307, 0.9870490171548005, 0.9779919003871179, 0.9864225359691705, 0.9992412386697009, 0.9925641141028682, 1.0007278192352214, 1.0177961280061922, 0.9844959018234937, 1.0027064740000404, 1.013689772740077, 0.9821473652223961, 1.011484625515708, 0.9952482180428613, 0.9968258551164587, 1.0084834190706025]","[0.0017812304668551882, -0.00872712158393718, 0.02968649312175531, 0.002947747794361133, 0.004895083657552979, 0.006266339887030847, -0.008129916303600715, 0.00405806902400907, 0.0017217485862695003, -0.01356867687480745, 0.002718541778282013, -0.0280203146867134, -0.015621918583152317, -0.02040821700711093, 0.002224419441307024, -0.012950982845199466, -0.02200809961288208, -0.01357746403082949, -0.0007587613302990626, -0.007435885897131844, 0.0007278192352213608, 0.017796128006192236, -0.015504098176506331, 0.0027064740000404264, 0.0136897727400771, -0.017852634777603904, 0.011484625515707947, -0.004751781957138657, -0.0031741448835412855, 0.00848341907060246]","[0.0, 0.0, 0.0, 0.0, 0.0, 0.0, 0.07867662608623505, 0.08185946941375732, 0.10935869067907333, 0.0, 0.10935869067907333, 0.10935869067907333, 0.10073889791965485, 0.08726762235164642, 0.0, 0.10935869067907333, 0.0, 0.10466395318508148, 0.10935869067907333, 0.0, 0.0, 0.0, 0.0, 0.0, 0.0, 0.0, 0.0, 0.0, 0.0, 0.0]","[1.8595786564338695e-24, 0.0, 0.0, 0.0, 0.0, 0.0, 0.0, -1.0932397530448177e-22, 1.8752561391005617e-24, -5.441432089453495e-23, 0.0, -1.0928759309191827e-22, 0.0, -1.0902523842516595e-22, -5.416724722464428e-23, 0.0, 0.0, 0.0, 1.0, 0.0, 0.0, -1.6519339553517678e-22, 0.0, 0.0, 0.0, 0.0, 0.0, 0.0, -1.0920370014129007e-22, 0.0]","[0.008549288658349157, 0.01681784270869497, 0.0020998397890015937, 0.0034373683716656155, 0.0, 0.0, 0.0, 0.0, 0.0, 0.0012547473653445327, 0.009421549212442747, 0.0037194101932008553, 0.0, 0.004062325136209323, 0.0, 0.006963198640672148, 0.0, 0.006675602320105476, 0.8714643791190361, 0.0, 0.0, 0.012656742047228574, 0.015510997304043737, 7.128644571127287e-05, 0.016278713223676553, 0.0, 0.0, 0.008739306487144395, 0.0, 0.012277402977473087]","[0.0, 0.0, 0.0, 0.0, 0.0, 0.0, 0.07867662608623505, 0.08185946941375732, 0.10935869067907333, 0.0, 0.10935869067907333, 0.10935869067907333, 0.10073889791965485, 0.08726762235164642, 0.0, 0.10935869067907333, 0.0, 0.10466395318508148, 0.10935869067907333, 0.0, 0.0, 0.0, 0.0, 0.0, 0.0, 0.0, 0.0, 0.0, 0.0, 0.0]",-0.009558831709383148
8,0.9919149838573421,"[1.0017812304668552, 0.9912728784160628, 1.0296864931217553, 1.0029477477943611, 1.004895083657553, 1.0062663398870308, 0.9918700836963993, 1.004058069024009, 1.0017217485862695, 0.9864313231251925, 1.002718541778282, 0.9719796853132866, 0.9843780814168477, 0.9795917829928891, 1.002224419441307, 0.9870490171548005, 0.9779919003871179, 0.9864225359691705, 0.9992412386697009, 0.9925641141028682, 1.0007278192352214, 1.0177961280061922, 0.9844959018234937, 1.0027064740000404, 1.013689772740077, 0.9821473652223961, 1.011484625515708, 0.9952482180428613, 0.9968258551164587, 1.0084834190706025]","[0.9871145415009325, 0.984441679439156, 1.0103250218953734, 0.9964486468872974, 0.9890405826662689, 1.01822376553397, 0.9964253748197025, 1.0022885498714709, 1.0097231695505793, 0.9863551766086099, 0.9817734067470908, 0.9993048444476137, 1.013828342855906, 0.9971453881204717, 0.9808961621246388, 1.0033841016945375, 1.0029636164468054, 1.0156568332875804, 1.0091095302113808, 0.9955279770358525, 1.0265239244937026, 0.9891763727845622, 0.9749395324276791, 0.9950755608360268, 0.99460271281608, 1.001007265942921, 1.011887257538478, 1.007367861498549, 0.9879796864584831, 1.0107064828792827]","[-0.012885458499067526, -0.015558320560844052, 0.010325021895373432, -0.0035513531127026043, -0.01095941733373107, 0.018223765533970093, -0.003574625180297497, 0.0022885498714708685, 0.00972316955057928, -0.01364482339139006, -0.018226593252909207, -0.0006951555523863062, 0.013828342855906062, -0.0028546118795282904, -0.019103837875361185, 0.0033841016945375113, 0.0029636164468054282, 0.015656833287580385, 0.009109530211380834, -0.004472022964147504, 0.026523924493702555, -0.010823627215437837, -0.025060467572320944, -0.0049244391639732266, -0.005397287183919963, 0.0010072659429209985, 0.01188725753847808, 0.0073678614985490665, -0.012020313541516892, 0.010706482879282664]","[0.08265482634305954, 0.0, 0.0, 0.09953802824020386, 0.0, 0.0, 0.0, 0.0, 0.08256284892559052, 0.11050230264663696, 0.0, 0.10959492623806, 0.0, 0.0, 0.11050230264663696, 0.11050230264663696, 0.0, 0.08445558696985245, 0.0, 0.0, 0.11050230264663696, 0.0, 0.0, 0.0, 0.0, 0.0, 0.0, 0.0, 0.0, 0.0991845652461052]","[1.0, 2.221022895038051e-22, 0.0, 3.330874208806371e-22, 0.0, 0.0, 0.0, 0.0, 0.0, 2.220836153604266e-22, 0.0, 0.0, 2.221075628848821e-22, 0.0, 0.0, 2.2208643490953923e-22, 0.0, 2.22080864368257e-22, 0.0, 2.2209054631699177e-22, 3.330960863820955e-22, 0.0, 0.0, 0.0, 0.0, 3.3308883332376195e-22, 0.0, 0.0, 0.0, 0.0]","[0.8870408173398613, 0.0, 0.008616456162774969, 0.007933799590060778, 0.011542418925122845, 0.0, 0.0, 0.005841675790006134, 0.0, 0.0036154352982240173, 0.00029669861078158235, 0.0, 0.0, 0.00025840619001418156, 0.0, 0.0, 0.0017393508539217729, 0.0, 0.012890322334014081, 0.020882650819391786, 0.0, 0.0, 0.0, 0.0, 0.0026572095933241418, 0.0, 0.017478421622204386, 0.009013678155834967, 0.008198094323157436, 0.001994564391305787]","[0.08265482634305954, 0.0, 0.0, 0.09953802824020386, 0.0, 0.0, 0.0, 0.0, 0.08256284892559052, 0.11050230264663696, 0.0, 0.10959492623806, 0.0, 0.0, 0.11050230264663696, 0.11050230264663696, 0.0, 0.08445558696985245, 0.0, 0.0, 0.11050230264663696, 0.0, 0.0, 0.0, 0.0, 0.0, 0.0, 0.0, 0.0, 0.0991845652461052]",0.0010243514871595939
9,0.9955295722336338,"[0.9871145415009325, 0.984441679439156, 1.0103250218953734, 0.9964486468872974, 0.9890405826662689, 1.01822376553397, 0.9964253748197025, 1.0022885498714709, 1.0097231695505793, 0.9863551766086099, 0.9817734067470908, 0.9993048444476137, 1.013828342855906, 0.9971453881204717, 0.9808961621246388, 1.0033841016945375, 1.0029636164468054, 1.0156568332875804, 1.0091095302113808, 0.9955279770358525, 1.0265239244937026, 0.9891763727845622, 0.9749395324276791, 0.9950755608360268, 0.99460271281608, 1.001007265942921, 1.011887257538478, 1.007367861498549, 0.9879796864584831, 1.0107064828792827]","[1.0069337093862436, 1.0137494953995554, 0.9854572911853366, 1.014428949406012, 1.0059553637359033, 1.0080666970844099, 0.9874885821727172, 1.0092439511051465, 1.0050288971366799, 1.0118132287036854, 1.0095813934318179, 0.9940624321616766, 0.9860676479171374, 0.9969320258352619, 1.013694415315692, 0.9782072281600531, 1.0182866760750784, 0.9948156820603644, 0.9912442479068097, 0.9956666499773972, 1.0006942959164289, 1.0142522150930213, 0.9868576431610682, 0.9843549987565496, 1.002191030018158, 0.9880097440071043, 0.9880705912973766, 0.9888445171421425, 1.012027763609779, 1.0073680559372507]","[0.006933709386243603, 0.01374949539955539, -0.014542708814663352, 0.014428949406011915, 0.00595536373590333, 0.00806669708440988, -0.012511417827282822, 0.00924395110514653, 0.005028897136679866, 0.011813228703685397, 0.009581393431817853, -0.005937567838323443, -0.013932352082862587, -0.003067974164738141, 0.013694415315691932, -0.02179277183994688, 0.01828667607507839, -0.005184317939635585, -0.00875575209319035, -0.004333350022602822, 0.0006942959164288887, 0.014252215093021325, -0.013142356838931835, -0.015645001243450363, 0.0021910300181580133, -0.011990255992895715, -0.011929408702623379, -0.011155482857857502, 0.012027763609778974, 0.0073680559372506504]","[0.0, 0.10302157700061798, 0.10302157700061798, 0.10302157700061798, 0.09731873124837875, 0.0, 0.0, 0.0, 0.10120423883199692, 0.0, 0.0, 0.10302157700061798, 0.0, 0.10302157700061798, 0.0, 0.0, 0.0, 0.0, 0.0, 0.0, 0.10302157700061798, 0.09530339390039444, 0.0, 0.0, 0.0, 0.0, 0.0, 0.0, 0.0, 0.08804420381784439]","[0.0, 3.332194756415032e-22, 0.0, 0.0, 0.0, 0.0, 0.0, 0.0, 0.0, 1.0, 1.8850183852473093e-25, 0.0, 1.1118719982950056e-22, 0.0, 0.0, 9.864205186152001e-26, 3.332997792596052e-22, 0.0, 0.0, 0.0, 2.255286644628478e-25, 1.7571879128988362e-25, 0.0, 2.07399704088544e-25, 0.0, 0.0, 0.0, 0.0, 1.900405055573887e-25, 0.0]","[0.006830330849001231, 0.011502436278958217, 0.007179076054279875, 0.0, 0.0, 0.0, 0.0, 0.0, 0.0, 0.9136456507444546, 0.010906576097879327, 0.002450432444683331, 0.006581622259162026, 0.0, 0.0, 0.0, 0.0, 0.0, 0.0003283926616641279, 0.0, 0.002397266487879617, 0.0, 0.012560875151271968, 0.0, 0.0, 0.0023440500628914983, 0.0, 0.014819189829429915, 0.0, 0.008454101078444307]","[0.0, 0.10302157700061798, 0.10302157700061798, 0.10302157700061798, 0.09731873124837875, 0.0, 0.0, 0.0, 0.10120423883199692, 0.0, 0.0, 0.10302157700061798, 0.0, 0.10302157700061798, 0.0, 0.0, 0.0, 0.0, 0.0, 0.0, 0.10302157700061798, 0.09530339390039444, 0.0, 0.0, 0.0, 0.0, 0.0, 0.0, 0.0, 0.08804420381784439]",0.00344052229923003
10,0.9920817064077512,"[1.0069337093862436, 1.0137494953995554, 0.9854572911853366, 1.014428949406012, 1.0059553637359033, 1.0080666970844099, 0.9874885821727172, 1.0092439511051465, 1.0050288971366799, 1.0118132287036854, 1.0095813934318179, 0.9940624321616766, 0.9860676479171374, 0.9969320258352619, 1.013694415315692, 0.9782072281600531, 1.0182866760750784, 0.9948156820603644, 0.9912442479068097, 0.9956666499773972, 1.0006942959164289, 1.0142522150930213, 0.9868576431610682, 0.9843549987565496, 1.002191030018158, 0.9880097440071043, 0.9880705912973766, 0.9888445171421425, 1.012027763609779, 1.0073680559372507]","[1.0105287317315796, 0.9818585990982247, 0.9895187063323316, 0.9818431086491739, 0.9782744211378188, 0.9896004935129971, 0.9898448287448021, 0.9827499688202065, 0.993648060633121, 1.0186258389687726, 0.9910870272478638, 1.0112552497535892, 1.0195969106164076, 1.0119041058276956, 1.0023685730046403, 1.0006144054402542, 1.0121011604584247, 1.0003183490219638, 1.0087224593281379, 0.9838197475696634, 1.0158188019755503, 1.0004343150466561, 0.9871966113205474, 1.0189528901900442, 0.9830699306613303, 0.9983654224827182, 1.0071894015174945, 0.9907513634707004, 0.9851657484846991, 1.0087577324092047]","[0.010528731731579644, -0.018141400901775295, -0.010481293667668368, -0.0181568913508261, -0.021725578862181183, -0.01039950648700294, -0.010155171255197937, -0.017250031179793512, -0.006351939366878945, 0.018625838968772568, -0.008912972752136206, 0.011255249753589158, 0.01959691061640756, 0.011904105827695632, 0.0023685730046403286, 0.000614405440254151, 0.012101160458424687, 0.0003183490219638152, 0.008722459328137866, -0.016180252430336606, 0.0158188019755503, 0.00043431504665614185, -0.012803388679452632, 0.018952890190044203, -0.016930069338669695, -0.001634577517281799, 0.007189401517494476, -0.009248636529299636, -0.014834251515300934, 0.008757732409204744]","[0.0, 0.10079962015151978, 0.10079962015151978, 0.0, 0.09280344843864441, 0.0, 0.10079962015151978, 0.0, 0.0, 0.0, 0.0, 0.10079962015151978, 0.0, 0.0, 0.0, 0.0, 0.0, 0.0, 0.10079962015151978, 0.0, 0.10079962015151978, 0.0, 0.0, 0.0, 0.10079962015151978, 0.10079962015151978, 0.10079962015151978, 0.0, 0.0, 0.0]","[4.447230751123877e-22, 4.721954931528793e-22, 2.2249176610098297e-22, 0.0, 0.0, 0.0, 0.0, 0.0, 0.0, 0.0, 2.2259563046750383e-22, 0.0, 1.0, 0.0, 2.226772804000001e-22, 0.0, 3.3343397571619923e-22, 0.0, 0.0, 0.0, 0.0, 4.446708856402942e-22, 0.0, 0.0, 2.226025203416722e-22, 2.2250624330713046e-22, 0.0, 0.0, 0.0, 0.0]","[0.0, 0.0, 0.0, 0.0, 0.009514101989402893, 0.0, 0.016839910585660863, 0.010126009600069994, 0.0071085053596357, 0.0046789408413075145, 0.00433107881958019, 0.0011985490724668508, 0.9012879118374423, 0.0, 0.007892606057738423, 0.0, 0.004238584218604868, 0.0, 0.002894956748911706, 0.009311150369140583, 0.0, 0.0, 0.0026648360960574817, 0.0, 0.0, 0.0, 0.0, 0.005764850968167165, 0.0, 0.012148007435813587]","[0.0, 0.10079962015151978, 0.10079962015151978, 0.0, 0.09280344843864441, 0.0, 0.10079962015151978, 0.0, 0.0, 0.0, 0.0, 0.10079962015151978, 0.0, 0.0, 0.0, 0.0, 0.0, 0.0, 0.10079962015151978, 0.0, 0.10079962015151978, 0.0, 0.0, 0.0, 0.10079962015151978, 0.10079962015151978, 0.10079962015151978, 0.0, 0.0, 0.0]",-0.0037817530594191785
11,0.9929817520049676,"[1.0105287317315796, 0.9818585990982247, 0.9895187063323316, 0.9818431086491739, 0.9782744211378188, 0.9896004935129971, 0.9898448287448021, 0.9827499688202065, 0.993648060633121, 1.0186258389687726, 0.9910870272478638, 1.0112552497535892, 1.0195969106164076, 1.0119041058276956, 1.0023685730046403, 1.0006144054402542, 1.0121011604584247, 1.0003183490219638, 1.0087224593281379, 0.9838197475696634, 1.0158188019755503, 1.0004343150466561, 0.9871966113205474, 1.0189528901900442, 0.9830699306613303, 0.9983654224827182, 1.0071894015174945, 0.9907513634707004, 0.9851657484846991, 1.0087577324092047]","[0.9870701088165905, 1.025205870560266, 0.965369687071464, 0.9994565790002952, 0.9839185213599106, 1.0273408803470796, 1.023368216336499, 0.9898241424590001, 1.0121155971851634, 0.9819967805959924, 1.0161996683058134, 0.9996330682359377, 0.9986330354329196, 1.0080625772310772, 1.0047590468224294, 1.0131439336318466, 0.9883131336577579, 0.999088914631952, 0.9872858563252764, 1.013423971652596, 1.010909674094038, 1.0199092065164028, 1.0113228902466915, 1.0052912160325211, 1.0267539871808713, 0.9972777557718612, 1.0117140234457755, 0.9878814624915714, 0.9938393309023542, 0.9876465763727883]","[-0.012929891183409481, 0.02520587056026602, -0.03463031292853602, -0.0005434209997048356, -0.016081478640089353, 0.0273408803470796, 0.023368216336498993, -0.010175857540999922, 0.012115597185163418, -0.01800321940400762, 0.01619966830581343, -0.0003669317640623282, -0.0013669645670804087, 0.008062577231077173, 0.004759046822429447, 0.013143933631846627, -0.011686866342242141, -0.0009110853680479591, -0.012714143674723566, 0.0134239716525959, 0.01090967409403798, 0.019909206516402822, 0.01132289024669153, 0.00529121603252114, 0.026753987180871297, -0.002722244228138826, 0.011714023445775545, -0.012118537508428617, -0.006160669097645788, -0.012353423627211702]","[0.0, 0.0, 0.10273564606904984, 0.0, 0.0, 0.08906599134206772, 0.0, 0.0, 0.10273564606904984, 0.10273564606904984, 0.10273564606904984, 0.08904891461133957, 0.0, 0.0, 0.0, 0.0, 0.0, 0.0, 0.10273564606904984, 0.0, 0.0, 0.10273564606904984, 0.0, 0.10273564606904984, 0.0, 0.10273564606904984, 0.0, 0.0, 0.0, 0.0]","[0.0, 0.0, 0.0, 0.0, 1.113027982184897e-22, 0.0, 1.0, 0.0, 2.2235838955436634e-22, 0.0, 0.0, 6.049543108916854e-25, 2.221786114081177e-22, 1.1149645786380585e-22, 0.0, 0.0, 0.0, 0.0, 0.0, 0.0, 2.224997408684372e-22, 0.0, 0.0, 0.0, 0.0, 0.0, 2.2238385880383396e-22, 0.0, 2.2237666411504444e-22, 2.2244739741439274e-22]","[0.0, 0.016870651259267545, 0.007311421526017025, 0.0, 0.003535881415900727, 0.010687269951262634, 0.8875517995748461, 0.0, 0.011168408712808501, 0.0, 0.009031503684561706, 0.00577685368160646, 0.0, 0.014022672862854642, 0.008967626843892098, 0.0, 0.0, 0.0, 0.0014732941075087413, 0.00037389536519902576, 0.0, 0.0, 0.0030586352890991514, 0.005320702642127285, 0.004643148657514037, 0.0036287279893018427, 0.003043671401323297, 0.003533835034909178, 0.0, 0.0]","[0.0, 0.0, 0.10273563116788864, 0.0, 0.0, 0.08906598389148712, 0.0, 0.0, 0.10273563116788864, 0.10273563116788864, 0.10273563116788864, 0.08904890716075897, 0.0, 0.0, 0.0, 0.0, 0.0, 0.0, 0.10273563116788864, 0.0, 0.0, 0.10273563116788864, 0.0, 0.10273563116788864, 0.0, 0.10273563116788864, 0.0, 0.0, 0.0, 0.0]",0.000672129470308837
12,0.9915407687804585,"[0.9870701088165905, 1.025205870560266, 0.965369687071464, 0.9994565790002952, 0.9839185213599106, 1.0273408803470796, 1.023368216336499, 0.9898241424590001, 1.0121155971851634, 0.9819967805959924, 1.0161996683058134, 0.9996330682359377, 0.9986330354329196, 1.0080625772310772, 1.0047590468224294, 1.0131439336318466, 0.9883131336577579, 0.999088914631952, 0.9872858563252764, 1.013423971652596, 1.010909674094038, 1.0199092065164028, 1.0113228902466915, 1.0052912160325211, 1.0267539871808713, 0.9972777557718612, 1.0117140234457755, 0.9878814624915714, 0.9938393309023542, 0.9876465763727883]","[0.9860764479481459, 1.0281171292980935, 1.0129377287453307, 0.9794463153867292, 1.0133379224016865, 1.0195963066428078, 1.011303718023843, 1.0031378170592182, 0.9830940202266337, 0.9890374696783737, 1.002560703366542, 0.9915956330910168, 1.0205825625925629, 1.0105748499519607, 0.9934943292850136, 1.0109485764017527, 1.0020731719767917, 0.9960408219254735, 1.0005593958544674, 1.003739187757391, 0.9809183832739455, 1.0065546857273406, 1.0012901230052726, 0.9981012819159827, 1.0031926249618783, 0.9985738983709973, 0.9900507482323379, 1.0217366543605366, 0.994720178507693, 1.0019212037002747]","[-0.013923552051854138, 0.028117129298093513, 0.012937728745330723, -0.020553684613270784, 0.01333792240168652, 0.01959630664280776, 0.01130371802384289, 0.0031378170592182286, -0.016905979773366275, -0.010962530321626307, 0.0025607033665420165, -0.008404366908983163, 0.02058256259256286, 0.010574849951960674, -0.006505670714986422, 0.01094857640175273, 0.002073171976791688, -0.003959178074526504, 0.0005593958544674038, 0.003739187757390905, -0.019081616726054462, 0.006554685727340637, 0.0012901230052726476, -0.0018987180840173146, 0.003192624961878332, -0.0014261016290026962, -0.009949251767662148, 0.021736654360536622, -0.005279821492306991, 0.0019212037002747095]","[0.0, 0.0, 0.08764572441577911, 0.11156411468982697, 0.0, 0.11156411468982697, 0.0, 0.0, 0.09391225874423981, 0.0, 0.11156411468982697, 0.11156411468982697, 0.0, 0.0, 0.0, 0.0, 0.0, 0.0, 0.0, 0.08050039410591125, 0.0, 0.0, 0.0, 0.11156411468982697, 0.0, 0.0, 0.0, 0.0, 0.09358388930559158, 0.08653713762760162]","[0.0, 3.3310853644374667e-22, 1.0, 0.0, 0.0, 0.0, 1.1106055603198367e-22, 0.0, 3.3309550170674223e-22, 1.1105964581592154e-22, 0.0, 1.1105684407164605e-22, 0.0, 0.0, 0.0, 1.1105907877900508e-22, 0.0, 0.0, 0.0, 2.220781326292239e-22, 0.0, 0.0, 0.0, 0.0, 0.0, 0.0, 2.2206781360135245e-22, 0.0, 0.0, 3.3308957570350352e-22]","[0.0, 0.0, 0.9003504778398412, 0.004048014531631344, 0.0, 0.028058379281278256, 0.0, 0.0, 0.0030517074937219876, 0.0030924596985231283, 0.0, 0.0, 0.0, 0.004185316327967107, 0.008046569284349717, 0.0, 0.0, 0.0, 0.0, 0.004899665483290933, 0.005254228723393207, 0.009074067552043532, 0.005886988644578266, 0.0, 0.010867149032188168, 0.0, 0.005136216694475034, 0.00804875941271792, 0.0, 0.0]","[0.0, 0.0, 0.08764573186635971, 0.11156412214040756, 0.0, 0.11156412214040756, 0.0, 0.0, 0.0939122661948204, 0.0, 0.11156412214040756, 0.11156412214040756, 0.0, 0.0, 0.0, 0.0, 0.0, 0.0, 0.0, 0.08050040155649185, 0.0, 0.0, 0.0, 0.11156412214040756, 0.0, 0.0, 0.0, 0.0, 0.09358389675617218, 0.08653714507818222]",-0.0017553976474740994
13,0.9925677829069103,"[0.9860764479481459, 1.0281171292980935, 1.0129377287453307, 0.9794463153867292, 1.0133379224016865, 1.0195963066428078, 1.011303718023843, 1.0031378170592182, 0.9830940202266337, 0.9890374696783737, 1.002560703366542, 0.9915956330910168, 1.0205825625925629, 1.0105748499519607, 0.9934943292850136, 1.0109485764017527, 1.0020731719767917, 0.9960408219254735, 1.0005593958544674, 1.003739187757391, 0.9809183832739455, 1.0065546857273406, 1.0012901230052726, 0.9981012819159827, 1.0031926249618783, 0.9985738983709973, 0.9900507482323379, 1.0217366543605366, 0.994720178507693, 1.0019212037002747]","[1.0126110252168812, 1.007232497847452, 1.0064564914344156, 1.0241020898877704, 0.9975090176700527, 1.014692507727731, 0.9821636257289277, 0.9937301345169908, 0.9925741962447564, 0.9754138302162983, 1.0088701273368155, 1.01624402450003, 0.9848247285944861, 0.9945624017280886, 1.006336138228896, 0.9909207877009334, 1.002656131830286, 1.0032798360423247, 1.0310671490246854, 0.9975370254502732, 1.006567953452633, 0.9919000971523241, 1.0062970667770705, 0.9909800617336979, 1.0024705886307845, 1.0245382765990985, 0.995001296673009, 0.9920209409173465, 1.0085634085706632, 0.9871980753312434]","[0.012611025216881178, 0.007232497847452057, 0.006456491434415623, 0.024102089887770406, -0.0024909823299472666, 0.014692507727730897, -0.01783637427107232, -0.006269865483009229, -0.0074258037552435985, -0.02458616978370165, 0.00887012733681547, 0.01624402450002993, -0.01517527140551389, -0.00543759827191137, 0.006336138228896004, -0.009079212299066608, 0.0026561318302860126, 0.0032798360423247352, 0.031067149024685436, -0.0024629745497267708, 0.006567953452633057, -0.008099902847675922, 0.006297066777070537, -0.009019938266302097, 0.0024705886307845315, 0.024538276599098463, -0.004998703326991039, -0.007979059082653506, 0.008563408570663178, -0.012801924668756626]","[0.0, 0.0, 0.0, 0.0, 0.11193770915269852, 0.11193770915269852, 0.08355014026165009, 0.06941259652376175, 0.09170060604810715, 0.0, 0.0, 0.1116899773478508, 0.11193770915269852, 0.0, 0.0, 0.0, 0.0, 0.0, 0.11193770915269852, 0.0, 0.0, 0.0, 0.0, 0.08395806699991226, 0.0, 0.0, 0.11193770915269852, 0.0, 0.0, 0.0]","[0.0, 2.2214997724869837e-22, 1.0, 0.0, 0.0, 3.331481976645148e-22, 0.0, 0.0, 0.0, 2.221451321451372e-22, 2.2213553310691616e-22, 2.2213702899673364e-22, 0.0, 0.0, 4.441701172861649e-22, 4.441835506506085e-22, 0.0, 2.2213440701413694e-22, 0.0, 0.0, 0.0, 0.0, 0.0, 0.0, 0.0, 0.0, 0.0, 0.0, 3.3314340081089133e-22, 0.0]","[0.0, 0.004975318717641183, 0.9383045341792029, 0.0, 0.0, 0.0, 0.008414174170497122, 0.0, 0.0, 0.0028122187138859725, 0.0029780612183949295, 0.0018446053727626597, 0.00231627173288598, 0.0, 0.0, 0.005275427904682037, 0.0, 0.0010039580909756449, 0.0, 0.007307563734312626, 0.0, 0.01024770204958334, 0.0, 0.005077695619334754, 0.0, 0.0, 0.0, 0.0, 0.0, 0.009442468495841131]","[0.0, 0.0, 0.0, 0.0, 0.11193771660327911, 0.11193771660327911, 0.08355014771223068, 0.06941260397434235, 0.09170061349868774, 0.0, 0.0, 0.1116899847984314, 0.11193771660327911, 0.0, 0.0, 0.0, 0.0, 0.0, 0.11193771660327911, 0.0, 0.0, 0.0, 0.0, 0.08395807445049286, 0.0, 0.0, 0.11193771660327911, 0.0, 0.0, 0.0]",0.0006943756933597087
14,0.9929983695328403,"[1.0126110252168812, 1.007232497847452, 1.0064564914344156, 1.0241020898877704, 0.9975090176700527, 1.014692507727731, 0.9821636257289277, 0.9937301345169908, 0.9925741962447564, 0.9754138302162983, 1.0088701273368155, 1.01624402450003, 0.9848247285944861, 0.9945624017280886, 1.006336138228896, 0.9909207877009334, 1.002656131830286, 1.0032798360423247, 1.0310671490246854, 0.9975370254502732, 1.006567953452633, 0.9919000971523241, 1.0062970667770705, 0.9909800617336979, 1.0024705886307845, 1.0245382765990985, 0.995001296673009, 0.9920209409173465, 1.0085634085706632, 0.9871980753312434]","[1.002876515921151, 0.9881669588962302, 1.0078106363926758, 1.039363735702577, 1.000562176765625, 0.9763117213590771, 0.9923304737133439, 0.9775262317817976, 1.0236217791382647, 0.9887445435867707, 0.9916198391828392, 1.0024735020485485, 0.9899179267470463, 1.0033611450235285, 0.9844321451250221, 1.0042163934689254, 0.9892167334904847, 1.0168314076273521, 0.9922718973903593, 1.0152282867613844, 0.9993547295226067, 1.0135246555475377, 1.006931298878742, 0.9966410455733701, 0.9929690026592485, 1.015092245321828, 1.004374652455168, 1.0145757842497076, 0.9852743125887062, 1.0221983325158788]","[0.0028765159211510127, -0.011833041103769815, 0.007810636392675763, 0.039363735702576896, 0.0005621767656249776, -0.023688278640922933, -0.00766952628665607, -0.02247376821820235, 0.023621779138264687, -0.011255456413229337, -0.008380160817160753, 0.0024735020485484593, -0.010082073252953738, 0.0033611450235284668, -0.015567854874977916, 0.004216393468925439, -0.010783266509515332, 0.016831407627352135, -0.007728102609640741, 0.015228286761384435, -0.0006452704773932672, 0.013524655547537678, 0.006931298878741998, -0.003358954426629923, -0.007030997340751521, 0.015092245321828068, 0.004374652455167993, 0.014575784249707624, -0.014725687411293764, 0.02219833251587877]","[0.12187273055315018, 0.0, 0.12459424883127213, 0.025021634995937347, 0.12741300463676453, 0.044606082141399384, 0.0, 0.06688059866428375, 0.0, 0.0, 0.10737267881631851, 0.0, 0.0, 0.0, 0.0, 0.0, 0.0, 0.0, 0.12741300463676453, 0.12741300463676453, 0.0, 0.0, 0.0, 0.0, 0.0, 0.0, 0.12741300463676453, 0.0, 0.0, 0.0]","[0.0, 0.0, 7.576161585472287e-27, 0.0, 0.0, 6.965780460057529e-27, 2.776091967759226e-23, 0.0, 0.0, 1.0, 0.0, 0.0, 0.0, 5.551730112775993e-23, 0.0, 0.0, 0.0, 0.0, 0.0, 6.683482271041114e-27, 0.0, 0.0, 1.1102926335892838e-22, 0.0, 7.342218104755591e-27, 6.6196369230127e-27, 6.522295801391502e-27, 0.0, 0.0, 0.0]","[0.010019218417824867, 0.017405845681435318, 0.0, 0.0, 0.0, 0.012871741626501483, 0.0041244452550014766, 0.00483371448971211, 0.0, 0.8944967460291974, 0.0, 0.0, 0.013798212057923927, 0.0, 0.0, 0.003986065745828593, 0.0, 0.0, 0.0, 0.014564852973221095, 0.004080210170725119, 0.0, 0.0, 0.0, 0.005415502270230017, 0.0, 0.0, 0.0, 0.005083779964719753, 0.00931966531767895]","[0.12187273055315018, 0.0, 0.12459424883127213, 0.025021634995937347, 0.12741300463676453, 0.044606082141399384, 0.0, 0.06688059866428375, 0.0, 0.0, 0.10737267881631851, 0.0, 0.0, 0.0, 0.0, 0.0, 0.0, 0.0, 0.12741300463676453, 0.12741300463676453, 0.0, 0.0, 0.0, 0.0, 0.0, 0.0, 0.12741300463676453, 0.0, 0.0, 0.0]",2.7604492644852025e-05
15,0.9930818652959099,"[1.002876515921151, 0.9881669588962302, 1.0078106363926758, 1.039363735702577, 1.000562176765625, 0.9763117213590771, 0.9923304737133439, 0.9775262317817976, 1.0236217791382647, 0.9887445435867707, 0.9916198391828392, 1.0024735020485485, 0.9899179267470463, 1.0033611450235285, 0.9844321451250221, 1.0042163934689254, 0.9892167334904847, 1.0168314076273521, 0.9922718973903593, 1.0152282867613844, 0.9993547295226067, 1.0135246555475377, 1.006931298878742, 0.9966410455733701, 0.9929690026592485, 1.015092245321828, 1.004374652455168, 1.0145757842497076, 0.9852743125887062, 1.0221983325158788]","[1.0046519383103374, 1.0154760294006906, 0.9888678719622407, 1.0083173764214182, 0.9862059600634163, 0.997810182816343, 0.9933392696724884, 1.0023033471939213, 0.9787435351380069, 0.9794778530701505, 1.0006300133323116, 0.997778263722573, 0.9892783799735212, 0.9769179440868957, 1.006553170063621, 1.0189632079070017, 1.0000493093017735, 1.0026969968466704, 1.0170387806390515, 0.9819225390412181, 0.9910440882467052, 0.9877027501095532, 1.0122969880036763, 0.99062687135505, 0.9863397891712046, 1.0125854538414945, 0.9989106473001498, 0.998117653374613, 1.006561189705591, 1.0034336459612714]","[0.004651938310337389, 0.015476029400690594, -0.011132128037759315, 0.008317376421418166, -0.01379403993658368, -0.0021898171836569613, -0.006660730327511577, 0.0023033471939213346, -0.021256464861993063, -0.02052214692984955, 0.0006300133323116075, -0.0022217362774270555, -0.010721620026478806, -0.023082055913104305, 0.006553170063620994, 0.018963207907001678, 4.9309301773492464e-05, 0.002696996846670352, 0.01703878063905151, -0.018077460958781932, -0.008955911753294798, -0.012297249890446782, 0.01229698800367629, -0.00937312864494999, -0.013660210828795427, 0.012585453841494454, -0.0010893526998502212, -0.0018823466253869992, 0.006561189705591053, 0.003433645961271381]","[0.0, 0.15038922429084778, 0.0, 0.0, 0.0, 0.0, 0.0, 0.01226709596812725, 0.16045691072940826, 0.10893338173627853, 0.16045691072940826, 0.0, 0.0, 0.0, 0.0, 0.0, 0.0, 0.0, 0.08658260852098465, 0.0, 0.0, 0.0, 0.16045691072940826, 0.0, 0.0, 0.0, 0.16045691072940826, 0.0, 0.0, 0.0]","[0.0, 3.3312451565954664e-22, 1.0, 0.0, 0.0, 2.220896736827562e-22, 0.0, 0.0, 3.3310974139180154e-22, 0.0, 0.0, 2.220928777337674e-22, 0.0, 2.2208835384450606e-22, 0.0, 3.331174241882762e-22, 0.0, 0.0, 0.0, 0.0, 2.2208973346978465e-22, 3.3311106335011537e-22, 0.0, 0.0, 0.0, 0.0, 3.331032077684506e-22, 0.0, 0.0, 0.0]","[0.0, 0.0, 0.9002062170396152, 0.006746861264405304, 0.0, 0.0, 0.0, 0.008891369526223797, 0.0052756227436156836, 0.000521197275520646, 0.0, 0.0, 0.02935396838254142, 0.0, 0.010279253676718964, 0.0, 0.0038899218762400035, 0.0, 0.0, 0.006924397359397114, 0.0, 0.0, 0.0, 0.0, 0.006465271928183506, 0.0, 0.0024443311211525104, 0.0, 0.0, 0.019001587806386024]","[0.0, 0.15038922429084778, 0.0, 0.0, 0.0, 0.0, 0.0, 0.01226709596812725, 0.16045691072940826, 0.10893338173627853, 0.16045691072940826, 0.0, 0.0, 0.0, 0.0, 0.0, 0.0, 0.0, 0.08658260852098465, 0.0, 0.0, 0.0, 0.16045691072940826, 0.0, 0.0, 0.0, 0.16045691072940826, 0.0, 0.0, 0.0]",-0.00037531997816285447
16,0.9875726111357914,"[1.0046519383103374, 1.0154760294006906, 0.9888678719622407, 1.0083173764214182, 0.9862059600634163, 0.997810182816343, 0.9933392696724884, 1.0023033471939213, 0.9787435351380069, 0.9794778530701505, 1.0006300133323116, 0.997778263722573, 0.9892783799735212, 0.9769179440868957, 1.006553170063621, 1.0189632079070017, 1.0000493093017735, 1.0026969968466704, 1.0170387806390515, 0.9819225390412181, 0.9910440882467052, 0.9877027501095532, 1.0122969880036763, 0.99062687135505, 0.9863397891712046, 1.0125854538414945, 0.9989106473001498, 0.998117653374613, 1.006561189705591, 1.0034336459612714]","[0.9954189377422159, 0.9822707361962114, 1.0053341185761262, 1.0187118150201713, 1.0265667128727598, 0.9873646070325205, 0.994616329436414, 1.0016676789731747, 0.9895964046330495, 1.0021534136318364, 1.0050521904623617, 0.9932110172759434, 1.013787265632374, 0.9942439737123107, 1.0124690411753094, 0.9965327620257332, 0.9951665074837783, 0.9894976942895194, 1.0159868240919996, 1.0034381741610685, 1.002482377246701, 0.9962809042031572, 0.9984000615424177, 0.9985375602848663, 0.9531888189230494, 1.0085472078137527, 0.9878279091548847, 1.0001696546935583, 1.0039943459113525, 0.9926115463725698]","[-0.0045810622577840965, -0.017729263803788586, 0.005334118576126201, 0.018711815020171274, 0.0265667128727598, -0.012635392967479508, -0.005383670563586018, 0.0016676789731746577, -0.010403595366950458, 0.0021534136318364094, 0.005052190462361716, -0.006788982724056591, 0.01378726563237409, -0.005756026287689342, 0.012469041175309448, -0.0034672379742668458, -0.004833492516221671, -0.010502305710480608, 0.015986824091999585, 0.003438174161068508, 0.002482377246701084, -0.0037190957968428195, -0.0015999384575823283, -0.001462439715133712, -0.04681118107695059, 0.008547207813752733, -0.01217209084511528, 0.00016965469355834095, 0.003994345911352504, -0.007388453627430236]","[0.0, 0.0, 0.0, 0.0, 0.0, 0.13543887436389923, 0.0, 0.13543887436389923, 0.0, 0.041893381625413895, 0.0, 0.1248011663556099, 0.0, 0.0, 0.0, 0.0306740403175354, 0.0, 0.13543887436389923, 0.0, 0.05378834903240204, 0.0, 0.0, 0.07164876163005829, 0.13543887436389923, 0.0, 0.0, 0.13543887436389923, 0.0, 0.0, 0.0]","[1.1128142675629807e-22, 1.0, 0.0, 0.0, 0.0, 2.222143452478914e-22, 0.0, 2.221936145133181e-22, 0.0, 0.0, 0.0, 2.2226391992341804e-22, 0.0, 0.0, 0.0, 0.0, 0.0, 1.112102642734765e-22, 0.0, 1.1119522570651328e-22, 1.1126215246233403e-22, 0.0, 1.1119021591591218e-22, 0.0, 0.0, 0.0, 0.0, 0.0, 0.0, 3.053941874285391e-25]","[0.0, 0.8608767120770129, 0.0, 0.011385629949588796, 0.01650061112336973, 0.011509525690827542, 0.0, 0.006686345141101837, 0.0, 0.012955614329363327, 0.014318504727386173, 0.0, 0.0, 0.0, 0.006798437085764577, 0.006232299411381744, 0.0031317407461415292, 0.0, 0.0, 0.00954258753845491, 0.0, 0.0, 0.0, 0.007339220338250544, 0.0005687253426407764, 0.014797522546998352, 0.004474180809788739, 0.012882343141928975, 0.0, 0.0]","[0.0, 0.0, 0.0, 0.0, 0.0, 0.13543885946273804, 0.0, 0.13543885946273804, 0.0, 0.041893377900123596, 0.0, 0.1248011514544487, 0.0, 0.0, 0.0, 0.030674036592245102, 0.0, 0.13543885946273804, 0.0, 0.05378834158182144, 0.0, 0.0, 0.07164875417947769, 0.13543885946273804, 0.0, 0.0, 0.13543885946273804, 0.0, 0.0, 0.0]",-0.0058425146374612175
17,0.9868147897507259,"[0.9954189377422159, 0.9822707361962114, 1.0053341185761262, 1.0187118150201713, 1.0265667128727598, 0.9873646070325205, 0.994616329436414, 1.0016676789731747, 0.9895964046330495, 1.0021534136318364, 1.0050521904623617, 0.9932110172759434, 1.013787265632374, 0.9942439737123107, 1.0124690411753094, 0.9965327620257332, 0.9951665074837783, 0.9894976942895194, 1.0159868240919996, 1.0034381741610685, 1.002482377246701, 0.9962809042031572, 0.9984000615424177, 0.9985375602848663, 0.9531888189230494, 1.0085472078137527, 0.9878279091548847, 1.0001696546935583, 1.0039943459113525, 0.9926115463725698]","[1.0163111084017789, 0.9929593815928879, 0.9986582337917422, 1.006265710455042, 1.021728130264955, 1.012455838195711, 0.9963912704600781, 0.9948520570422501, 1.0073299770762798, 1.0123357245343654, 1.0035852461518073, 0.9760583462390842, 1.0321144724634916, 0.9803023645456845, 0.9967660483893744, 1.0103439579121827, 1.0004440146127915, 0.996999251497067, 1.0127864822003139, 1.0123774490867432, 0.9934441531459444, 0.9956369599641564, 1.0051369342349392, 0.9626608187745919, 1.0007015442163545, 0.9872626987827356, 1.0106763711455384, 0.9862965012353048, 0.9995448642982104, 1.0361691221328737]","[0.01631110840177885, -0.00704061840711212, -0.0013417662082577664, 0.006265710455042095, 0.021728130264955015, 0.012455838195710944, -0.003608729539921862, -0.005147942957749896, 0.007329977076279803, 0.012335724534365378, 0.003585246151807331, -0.023941653760915838, 0.03211447246349164, -0.019697635454315465, -0.003233951610625563, 0.010343957912182677, 0.0004440146127915323, -0.0030007485029329706, 0.012786482200313865, 0.012377449086743209, -0.006555846854055636, -0.004363040035843646, 0.005136934234939217, -0.037339181225408136, 0.0007015442163544883, -0.012737301217264352, 0.010676371145538432, -0.013703498764695232, -0.0004551357017895663, 0.03616912213287371]","[0.11787042021751404, 0.0, 0.0, 0.014159281738102436, 0.0, 0.0, 0.0, 0.0, 0.0, 0.11346069723367691, 0.0, 0.10239128768444061, 0.0, 0.0942903384566307, 0.10271415114402771, 0.12636959552764893, 0.0, 0.12096428871154785, 0.0, 0.0, 0.0, 0.0, 0.0, 0.0, 0.0, 0.11531385779380798, 0.0924660935997963, 0.0, 0.0, 0.0]","[0.0, 2.7773119763397423e-22, 0.0, 0.0, 0.0, 2.2221606452093045e-22, 0.0, 0.0, 0.0, 1.0, 3.332192111265809e-22, 0.0, 0.0, 2.2219058486835964e-22, 0.0, 0.0, 0.0, 0.0, 0.0, 0.0, 0.0, 0.0, 2.2222661172681873e-22, 0.0, 2.222400569180129e-22, 2.2221608855653616e-22, 2.2221508847812356e-22, 0.0, 2.221903515935618e-22, 0.0]","[0.0, 0.0018690782205789248, 0.0, 0.0, 0.0, 0.0, 0.0, 0.0, 0.010282270702041294, 0.9083043263878013, 0.0, 0.005774903866781202, 0.0016345867413953938, 0.0010287948042043537, 0.0, 0.008995810166683018, 0.0, 0.008832223867658634, 0.010098973908468709, 0.0, 0.0, 0.0, 0.0, 0.01184682468611495, 0.00932214324563283, 0.014164307162948048, 0.0019648395409650374, 0.005610757287411126, 0.0, 0.00027015941131509615]","[0.11787042021751404, 0.0, 0.0, 0.014159281738102436, 0.0, 0.0, 0.0, 0.0, 0.0, 0.11346069723367691, 0.0, 0.10239128768444061, 0.0, 0.0942903384566307, 0.10271415114402771, 0.12636959552764893, 0.0, 0.12096428871154785, 0.0, 0.0, 0.0, 0.0, 0.0, 0.0, 0.0, 0.11531385779380798, 0.0924660935997963, 0.0, 0.0, 0.0]",-0.001176523997089627
18,0.9847296841443229,"[1.0163111084017789, 0.9929593815928879, 0.9986582337917422, 1.006265710455042, 1.021728130264955, 1.012455838195711, 0.9963912704600781, 0.9948520570422501, 1.0073299770762798, 1.0123357245343654, 1.0035852461518073, 0.9760583462390842, 1.0321144724634916, 0.9803023645456845, 0.9967660483893744, 1.0103439579121827, 1.0004440146127915, 0.996999251497067, 1.0127864822003139, 1.0123774490867432, 0.9934441531459444, 0.9956369599641564, 1.0051369342349392, 0.9626608187745919, 1.0007015442163545, 0.9872626987827356, 1.0106763711455384, 0.9862965012353048, 0.9995448642982104, 1.0361691221328737]","[1.020895340741143, 0.9943814064049661, 0.9870977782259628, 1.0044053128342525, 1.020361479378902, 0.9978429057583281, 0.9894552594134063, 0.9965444366693136, 0.9970085228920191, 1.0001195920907375, 0.9927006581137139, 0.9668346240836179, 0.9948862857987602, 0.9826414130373402, 1.0113970717257934, 1.018690799280753, 1.000659571444112, 0.9980401265704556, 1.0052135833627616, 1.011610102755638, 0.9957517615670791, 1.0084350624834602, 0.9945772693177843, 0.9851868199437065, 1.0011691016822732, 0.9890854742581395, 0.9933119243657978, 0.9899924450701384, 1.0159238307549336, 1.0008274740401286]","[0.020895340741142965, -0.005618593595033916, -0.012902221774037215, 0.004405312834252495, 0.02036147937890198, -0.0021570942416718752, -0.010544740586593715, -0.0034555633306864175, -0.0029914771079808666, 0.0001195920907375303, -0.007299341886286115, -0.033165375916382134, -0.0051137142012398495, -0.017358586962659794, 0.011397071725793406, 0.018690799280753012, 0.0006595714441119949, -0.001959873429544401, 0.005213583362761565, 0.011610102755637897, -0.004248238432920881, 0.008435062483460154, -0.00542273068221566, -0.014813180056293507, 0.0011691016822732436, -0.01091452574186047, -0.006688075634202151, -0.010007554929861606, 0.015923830754933643, 0.0008274740401286174]","[0.0, 0.0, 0.0, 0.0, 0.0, 0.0, 0.0, 0.0, 0.10313837975263596, 0.0, 0.0, 0.10313837975263596, 0.10313837975263596, 0.0, 0.0, 0.09864181280136108, 0.0, 0.0, 0.10307962447404861, 0.0, 0.10313837975263596, 0.0, 0.0, 0.0, 0.10313837975263596, 0.08567748963832855, 0.09377086162567139, 0.0, 0.10313837975263596, 0.0]","[0.0, 0.0, -5.421502953732008e-23, 0.0, 0.0, 0.0, 1.0, -1.0991939037650685e-22, -1.101938067480704e-22, 0.0, 0.0, 0.0, 0.0, 0.0, 0.0, 0.0, -1.1002283552508635e-22, 0.0, 0.0, -1.1026981125912823e-22, 0.0, 0.0, -2.2108466350283502e-22, 0.0, 0.0, -2.207927884253327e-22, 0.0, -2.210585818014821e-22, -1.1004021239903216e-22, 0.0]","[0.0, 0.0, 0.0, 0.0103612608784269, 0.0045237830132142205, 0.012506388345401007, 0.8630505614912745, 0.0003514295450912819, 0.0, 0.0, 0.010582805733884159, 0.0, 0.0, 0.0, 0.0009231086452230944, 0.02978117163905509, 0.0, 0.008288671234759468, 0.0, 0.009811610742964582, 0.0, 0.017191005293100994, 0.0, 0.004184452316806692, 0.0, 0.016697627231686205, 0.0, 0.0, 0.006212848573560447, 0.0055332753155512]","[0.0, 0.0, 0.0, 0.0, 0.0, 0.0, 0.0, 0.0, 0.10313836485147476, 0.0, 0.0, 0.10313836485147476, 0.10313836485147476, 0.0, 0.0, 0.09864179790019989, 0.0, 0.0, 0.10307960957288742, 0.0, 0.10313836485147476, 0.0, 0.0, 0.0, 0.10313836485147476, 0.08567748218774796, 0.09377084672451019, 0.0, 0.10313836485147476, 0.0]",-0.002452789197665939
19,0.9810438746881096,"[1.020895340741143, 0.9943814064049661, 0.9870977782259628, 1.0044053128342525, 1.020361479378902, 0.9978429057583281, 0.9894552594134063, 0.9965444366693136, 0.9970085228920191, 1.0001195920907375, 0.9927006581137139, 0.9668346240836179, 0.9948862857987602, 0.9826414130373402, 1.0113970717257934, 1.018690799280753, 1.000659571444112, 0.9980401265704556, 1.0052135833627616, 1.011610102755638, 0.9957517615670791, 1.0084350624834602, 0.9945772693177843, 0.9851868199437065, 1.0011691016822732, 0.9890854742581395, 0.9933119243657978, 0.9899924450701384, 1.0159238307549336, 1.0008274740401286]","[0.989107422746035, 0.9825886780582328, 1.0197892753815103, 0.9842651972275223, 1.0167448323748622, 0.986385423957792, 1.0171952494664271, 1.019106599097566, 0.9968423891862145, 1.0009023638700516, 0.987237391578753, 1.0081174756633233, 1.0031840560018834, 1.002186140481227, 0.992273414345476, 0.9989145098311755, 1.0067733159362064, 1.0088144605140048, 0.9693780649438628, 1.0176440050988858, 0.9944591714409555, 1.0068745914807677, 1.0135991689555266, 1.0027081115359853, 1.0131348166215575, 1.0004594770222581, 1.0193774149058594, 0.9954499468515406, 1.0019603522882978, 1.0107615776037884]","[-0.010892577253964975, -0.0174113219417672, 0.01978927538151032, -0.01573480277247774, 0.01674483237486224, -0.013614576042207949, 0.017195249466427143, 0.019106599097566068, -0.0031576108137855163, 0.0009023638700516035, -0.01276260842124699, 0.008117475663323326, 0.0031840560018834285, 0.0021861404812268947, -0.007726585654523999, -0.0010854901688245322, 0.006773315936206448, 0.008814460514004807, -0.030621935056137195, 0.01764400509888575, -0.005540828559044475, 0.006874591480767744, 0.013599168955526597, 0.002708111535985269, 0.013134816621557466, 0.0004594770222581257, 0.019377414905859425, -0.004550053148459354, 0.0019603522882978286, 0.010761577603788375]","[0.12446045875549316, 0.10293839871883392, 0.0, 0.0, 0.0, 0.0, 0.0, 0.0, 0.12446045875549316, 0.06827354431152344, 0.12446045875549316, 0.0, 0.12446045875549316, 0.0, 0.09013476222753525, 0.0, 0.0, 0.08360102027654648, 0.0, 0.0, 0.0, 0.0, 0.0, 0.0, 0.0, 0.0, 0.0, 0.052491627633571625, 0.0, 0.10471884161233902]","[1.0, 1.6663293180431636e-22, 0.0, 5.554657659103592e-23, 0.0, 0.0, -5.540052450721612e-23, 0.0, 6.84129697661849e-26, -2.770958512426027e-23, 0.0, 0.0, -5.542594224036885e-23, 7.503389783263232e-26, 0.0, 0.0, 0.0, 0.0, 0.0, 0.0, 0.0, 5.556646356183388e-23, 0.0, 7.97145516284667e-26, 0.0, 0.0, 0.0, 0.0, 0.0, 0.0]","[0.8831491697089742, 0.0, 0.0068387218928970235, 0.0, 0.0014892564329163523, 0.0, 0.0050706515982069204, 0.0, 0.008465125777412869, 0.0, 0.0, 0.020505224596284836, 0.0, 0.002214289642829366, 0.0018743966010932825, 0.00855211264247804, 0.0, 0.022031063832087704, 0.010574076982954475, 0.0, 0.0, 0.0, 0.011269678762297348, 0.0021101806811618094, 0.0003064617702481357, 0.0, 0.009643536602005025, 0.0, 0.005906052476152913, 0.0]","[0.12446045875549316, 0.10293839871883392, 0.0, 0.0, 0.0, 0.0, 0.0, 0.0, 0.12446045875549316, 0.06827354431152344, 0.12446045875549316, 0.0, 0.12446045875549316, 0.0, 0.09013476222753525, 0.0, 0.0, 0.08360102027654648, 0.0, 0.0, 0.0, 0.0, 0.0, 0.0, 0.0, 0.0, 0.0, 0.052491627633571625, 0.0, 0.10471884161233902]",-0.004087847878054424
20,0.9792156094530512,"[0.989107422746035, 0.9825886780582328, 1.0197892753815103, 0.9842651972275223, 1.0167448323748622, 0.986385423957792, 1.0171952494664271, 1.019106599097566, 0.9968423891862145, 1.0009023638700516, 0.987237391578753, 1.0081174756633233, 1.0031840560018834, 1.002186140481227, 0.992273414345476, 0.9989145098311755, 1.0067733159362064, 1.0088144605140048, 0.9693780649438628, 1.0176440050988858, 0.9944591714409555, 1.0068745914807677, 1.0135991689555266, 1.0027081115359853, 1.0131348166215575, 1.0004594770222581, 1.0193774149058594, 0.9954499468515406, 1.0019603522882978, 1.0107615776037884]","[0.9964319282808285, 1.0053320703765811, 0.9813631790273522, 1.0038462525422218, 0.9950001327717972, 1.0075834919213928, 1.0032935012882975, 1.0104895770798497, 0.998353414669349, 1.011070009192602, 0.98680418416393, 1.00149880341076, 1.0179159446089243, 0.9953780310081256, 0.9870206304487725, 0.991577451367747, 1.0050410713456441, 1.00472264813864, 1.0044644865051437, 1.0065128134568113, 0.9995664747323832, 1.0040100151279696, 1.0045104574637422, 0.9978392748657198, 1.0102830832277157, 0.9945556401648177, 0.9890014197514534, 1.0070730148094635, 1.003211932733466, 1.0114838552201024]","[-0.003568071719171506, 0.005332070376581122, -0.01863682097264785, 0.0038462525422218174, -0.004999867228202781, 0.007583491921392849, 0.003293501288297529, 0.010489577079849655, -0.0016465853306509848, 0.011070009192601926, -0.01319581583606999, 0.001498803410759919, 0.017915944608924317, -0.004621968991874392, -0.012979369551227471, -0.008422548632253002, 0.0050410713456441325, 0.004722648138639984, 0.00446448650514375, 0.006512813456811317, -0.00043352526761675225, 0.004010015127969613, 0.0045104574637422346, -0.002160725134280228, 0.01028308322771565, -0.005444359835182322, -0.010998580248546608, 0.00707301480946354, 0.003211932733466094, 0.011483855220102424]","[0.10712224245071411, 0.0, 0.10712224245071411, 0.0, 0.0, 0.10712224245071411, 0.07477828115224838, 0.0, 0.0, 0.10596878081560135, 0.10712224245071411, 0.0, 0.0, 0.0, 0.0693972185254097, 0.0, 0.0, 0.0, 0.0, 0.10712224245071411, 0.0, 0.0, 0.10712224245071411, 0.0, 0.0, 0.10712224245071411, 0.0, 0.0, 0.0, 0.0]","[0.0, 0.0, 0.0, 0.0, 0.0, 0.0, 1.0, -1.659797773587215e-22, 0.0, 5.602822009720202e-23, 0.0, 0.0, 0.0, 0.0, 0.0, 0.0, -1.1048598229221449e-22, -1.104475448658813e-22, 7.0066601874273335e-25, 0.0, -1.104003592247912e-22, -1.104736283267638e-22, -1.105304712030556e-22, 0.0, 4.575905578461954e-25, 0.0, 0.0, 0.0, 0.0, 0.0]","[0.0, 0.01098675175315503, 0.0040324169922444164, 0.009501376406203082, 0.0, 0.010770740931414408, 0.8947379107156359, 0.008252464448112421, 0.007708463956603751, 0.002677332784682753, 0.009111200155523544, 0.0, 0.0027820362668223297, 0.0, 0.0, 0.006258508001542927, 0.0, 0.0, 0.0, 0.007496015620917455, 0.0, 0.0, 0.0, 0.006712772480672557, 0.0005043016006454456, 0.002975686239926019, 0.0, 0.015492021645898066, 0.0, 0.0]","[0.10712224990129471, 0.0, 0.10712224990129471, 0.0, 0.0, 0.10712224990129471, 0.07477828860282898, 0.0, 0.0, 0.10596878826618195, 0.10712224990129471, 0.0, 0.0, 0.0, 0.0693972259759903, 0.0, 0.0, 0.0, 0.0, 0.10712224990129471, 0.0, 0.0, 0.10712224990129471, 0.0, 0.0, 0.10712224990129471, 0.0, 0.0, 0.0, 0.0]",-0.0021964003214586156
21,0.9873699005625767,"[0.9964319282808285, 1.0053320703765811, 0.9813631790273522, 1.0038462525422218, 0.9950001327717972, 1.0075834919213928, 1.0032935012882975, 1.0104895770798497, 0.998353414669349, 1.011070009192602, 0.98680418416393, 1.00149880341076, 1.0179159446089243, 0.9953780310081256, 0.9870206304487725, 0.991577451367747, 1.0050410713456441, 1.00472264813864, 1.0044644865051437, 1.0065128134568113, 0.9995664747323832, 1.0040100151279696, 1.0045104574637422, 0.9978392748657198, 1.0102830832277157, 0.9945556401648177, 0.9890014197514534, 1.0070730148094635, 1.003211932733466, 1.0114838552201024]","[1.002650385635656, 0.9928155964126433, 0.9867282110572464, 1.0231920242285648, 1.0224226740564641, 1.011055305961579, 1.0062691419925762, 1.014929419024984, 0.9753209279660047, 1.014112069564491, 0.9802908112397967, 1.0215204488613985, 0.9991823786571591, 1.010640483825752, 1.0101123505370164, 1.0102329517090787, 0.9786420656180372, 0.9873266161928897, 1.0082109970001691, 0.9908771510385983, 0.9912187367686351, 1.0000780723065157, 0.978970592002516, 0.9978531509119382, 0.9939513894342937, 0.9981804843881082, 0.9910757914426404, 1.0026899502681352, 0.98023486624392, 1.0164440483163386]","[0.002650385635655894, -0.007184403587356725, -0.013271788942753604, 0.02319202422856481, 0.022422674056464142, 0.011055305961578998, 0.0062691419925762215, 0.014929419024984014, -0.02467907203399533, 0.014112069564490959, -0.019709188760203333, 0.021520448861398478, -0.0008176213428409129, 0.01064048382575189, 0.010112350537016424, 0.010232951709078675, -0.021357934381962762, -0.01267338380711025, 0.00821099700016914, -0.009122848961401697, -0.008781263231364855, 7.807230651568631e-05, -0.021029407997483984, -0.002146849088061842, -0.006048610565706269, -0.0018195156118917533, -0.008924208557359647, 0.0026899502681352327, -0.019765133756080022, 0.01644404831633861]","[0.0, 0.031055187806487083, 0.0, 0.1334628462791443, 0.1334628462791443, 0.0, 0.1334628462791443, 0.0, 0.0, 0.1334628462791443, 0.0, 0.0, 0.0, 0.0, 0.0, 0.0, 0.0, 0.0, 0.07258829474449158, 0.0, 0.1334628462791443, 0.06174049153923988, 0.0, 0.0, 0.0, 0.1334628462791443, 0.0, 0.0, 0.0, 0.03383893519639969]","[0.0, 0.0, 0.0, 0.0, 0.0, 0.0, 1.0, 0.0, 0.0, 2.075596333111259e-25, -1.107601437230387e-22, 2.9662939426668547e-25, 0.0, 2.1639088184126855e-25, 0.0, 0.0, 2.168781636876139e-25, 0.0, -1.107398374510992e-22, 0.0, 0.0, 0.0, 0.0, 2.0143598343780717e-25, 0.0, -1.107535090700251e-22, 1.7594603253439385e-25, 0.0, 0.0, 0.0]","[0.008374478642295893, 0.0, 0.010645390893150026, 0.004981311370972724, 0.0020939055876700524, 0.0, 0.8998619937621312, 0.006170647431369613, 0.0, 0.01353811900024748, 0.0, 0.004744479425722256, 0.0, 0.011975356307280182, 0.0, 0.0029001475656628144, 0.0, 0.0011839182567527078, 0.0023670911294743093, 0.004254322399218657, 0.0011298993906399418, 0.0, 0.0, 0.0, 0.0, 0.0257789388374122, 0.0, 0.0, 0.0, 0.0]","[0.0, 0.031055187806487083, 0.0, 0.1334628462791443, 0.1334628462791443, 0.0, 0.1334628462791443, 0.0, 0.0, 0.1334628462791443, 0.0, 0.0, 0.0, 0.0, 0.0, 0.0, 0.0, 0.0, 0.07258829474449158, 0.0, 0.1334628462791443, 0.06174049153923988, 0.0, 0.0, 0.0, 0.1334628462791443, 0.0, 0.0, 0.0, 0.03383893519639969]",0.007925847389181121
22,0.9905597006337069,"[1.002650385635656, 0.9928155964126433, 0.9867282110572464, 1.0231920242285648, 1.0224226740564641, 1.011055305961579, 1.0062691419925762, 1.014929419024984, 0.9753209279660047, 1.014112069564491, 0.9802908112397967, 1.0215204488613985, 0.9991823786571591, 1.010640483825752, 1.0101123505370164, 1.0102329517090787, 0.9786420656180372, 0.9873266161928897, 1.0082109970001691, 0.9908771510385983, 0.9912187367686351, 1.0000780723065157, 0.978970592002516, 0.9978531509119382, 0.9939513894342937, 0.9981804843881082, 0.9910757914426404, 1.0026899502681352, 0.98023486624392, 1.0164440483163386]","[0.9935134530370587, 1.0129680060547506, 0.9991672330167336, 1.003292055659132, 0.9983596994735988, 0.9886729540832053, 0.9946124400443821, 1.0123820161393697, 0.9799360025628653, 1.0098570070119508, 1.0036759935733615, 1.022418887114273, 0.9949297131558706, 0.9837055199995273, 1.0093441541623256, 0.9902091820708074, 1.0055184848816965, 0.9799341579162777, 1.0117235430045577, 0.9925268510237062, 1.0093258276796389, 0.9798829202858732, 1.0039795392899862, 1.0018897281940267, 1.0043070553487454, 1.0065454399533087, 1.007972740843673, 1.0317712555209744, 1.0270381332150582, 1.0019702016400573]","[-0.006486546962941264, 0.01296800605475057, -0.0008327669832663975, 0.0032920556591320427, -0.0016403005264011838, -0.011327045916794676, -0.005387559955617904, 0.012382016139369734, -0.020063997437134717, 0.009857007011950802, 0.003675993573361458, 0.02241888711427298, -0.005070286844129357, -0.016294480000472733, 0.00934415416232559, -0.009790817929192563, 0.005518484881696484, -0.020065842083722307, 0.01172354300455769, -0.007473148976293809, 0.009325827679638854, -0.020117079714126795, 0.003979539289986178, 0.001889728194026663, 0.0043070553487454255, 0.006545439953308696, 0.007972740843672943, 0.03177125552097437, 0.027038133215058213, 0.001970201640057345]","[0.0, 0.11056383699178696, 0.0, 0.0, 0.11748673021793365, 0.0, 0.11748673021793365, 0.08557571470737457, 0.0, 0.0, 0.0, 0.0, 0.0, 0.11748673021793365, 0.0, 0.0, 0.0, 0.06697018444538116, 0.11748673021793365, 0.03196984529495239, 0.0, 0.0, 0.0, 0.0, 0.11748673021793365, 0.0, 0.0, 0.0, 0.11748673021793365, 0.0]","[0.0, 0.0, 1.0, 0.0, 0.0, 0.0, 1.1111483620118022e-22, 0.0, 0.0, 0.0, 0.0, 0.0, 1.1110890669737125e-22, 1.1109767604211621e-22, 3.331510410581809e-22, 0.0, 0.0, 1.111067576183983e-22, 1.1111129613856423e-22, 0.0, 1.1110270275624892e-22, 0.0, 0.0, 0.0, 1.1109875965966608e-22, 0.0, 0.0, 0.0, 1.1110194887639446e-22, 0.0]","[0.0, 0.0, 0.8692454002831754, 0.0, 0.0, 0.009467677959816779, 0.0, 0.013742247826070596, 0.0, 0.011765168365333808, 0.0, 0.002953542626223597, 0.0022513379568571317, 0.0, 0.0, 0.0, 0.018628967238874222, 0.0036241234048042244, 0.0, 0.023066810699828848, 0.0, 0.0, 0.00582426262536949, 0.00255204604301532, 0.011732495493026426, 0.000445414639653495, 0.0, 0.011786140267917033, 0.005398815052183422, 0.007515549517849902]","[0.0, 0.11056384444236755, 0.0, 0.0, 0.11748673766851425, 0.0, 0.11748673766851425, 0.08557572215795517, 0.0, 0.0, 0.0, 0.0, 0.0, 0.11748673766851425, 0.0, 0.0, 0.0, 0.06697019189596176, 0.11748673766851425, 0.03196984902024269, 0.0, 0.0, 0.0, 0.0, 0.11748673766851425, 0.0, 0.0, 0.0, 0.11748673766851425, 0.0]",0.002797707236135277
23,0.9856457122227322,"[0.9935134530370587, 1.0129680060547506, 0.9991672330167336, 1.003292055659132, 0.9983596994735988, 0.9886729540832053, 0.9946124400443821, 1.0123820161393697, 0.9799360025628653, 1.0098570070119508, 1.0036759935733615, 1.022418887114273, 0.9949297131558706, 0.9837055199995273, 1.0093441541623256, 0.9902091820708074, 1.0055184848816965, 0.9799341579162777, 1.0117235430045577, 0.9925268510237062, 1.0093258276796389, 0.9798829202858732, 1.0039795392899862, 1.0018897281940267, 1.0043070553487454, 1.0065454399533087, 1.007972740843673, 1.0317712555209744, 1.0270381332150582, 1.0019702016400573]","[1.0047767762824371, 1.0179251381128567, 1.013396781365935, 1.0064005977204518, 0.9942262607048012, 1.0018634638861925, 1.0064526918264087, 0.9787076326066163, 0.993895629679352, 0.9761675185129818, 1.010493399271727, 0.9892813925413326, 1.0037128039686567, 0.9942996103535413, 1.0019119157684977, 0.9921395961706092, 1.015497321184788, 1.018695709227836, 1.005161303260577, 0.9987423834776431, 0.9876889397447005, 0.9895720628237341, 0.991262144403918, 1.0062282747480318, 0.9902234040391411, 1.0147416755639362, 1.030854111875574, 1.0114510702257058, 1.00380541726105, 1.0043934168790147]","[0.004776776282437112, 0.017925138112856676, 0.013396781365935029, 0.006400597720451762, -0.005773739295198754, 0.001863463886192518, 0.00645269182640873, -0.021292367393383693, -0.006104370320648034, -0.02383248148701822, 0.0104933992717271, -0.010718607458667373, 0.003712803968656697, -0.005700389646458692, 0.0019119157684976962, -0.007860403829390794, 0.015497321184787971, 0.01869570922783592, 0.005161303260577066, -0.001257616522356897, -0.012311060255299489, -0.010427937176265889, -0.008737855596081978, 0.006228274748031781, -0.009776595960858891, 0.01474167556393624, 0.030854111875574075, 0.011451070225705795, 0.0038054172610499926, 0.004393416879014733]","[0.0, 0.0, 0.08378778398036957, 0.0, 0.0, 0.0, 0.0, 0.0861743614077568, 0.11021819710731506, 0.0, 0.0, 0.11021819710731506, 0.0, 0.09388113021850586, 0.11021819710731506, 0.09901884198188782, 0.0, 0.0, 0.11021819710731506, 0.0, 0.0, 0.08604691922664642, 0.11021819710731506, 0.0, 0.0, 0.0, 0.0, 0.0, 0.0, 0.0]","[0.0, 0.0, 7.64191054915853e-23, 0.0, 0.0, 0.0, 0.0, 1.111143840298071e-22, 1.6661452371352256e-22, 0.0, 0.0, 0.0, 1.0, 0.0, 0.0, 0.0, 1.1109861417954028e-22, 0.0, 0.0, 5.557201175924724e-23, 5.559442531593915e-23, 0.0, 1.1110858041402377e-22, 0.0, 0.0, 1.1112824378589592e-22, 1.111082463807342e-22, 0.0, 0.0, 0.0]","[0.0, 0.01997364895119678, 0.0, 0.007075010596281231, 0.0, 0.0, 0.015476482918406819, 0.0, 0.0, 0.0, 0.0, 0.0, 0.8994840757695062, 0.0, 0.0, 0.0009261556750393792, 0.0, 0.009802115293551777, 0.0, 0.0, 0.017753354460905466, 0.0, 0.0, 0.009858789229459075, 0.0, 0.007072069430288825, 0.0, 0.01256746339500029, 0.0, 1.0834280364323364e-05]","[0.0, 0.0, 0.08378778398036957, 0.0, 0.0, 0.0, 0.0, 0.0861743614077568, 0.11021819710731506, 0.0, 0.0, 0.11021819710731506, 0.0, 0.09388113021850586, 0.11021819710731506, 0.09901884198188782, 0.0, 0.0, 0.11021819710731506, 0.0, 0.0, 0.08604691922664642, 0.11021819710731506, 0.0, 0.0, 0.0, 0.0, 0.0, 0.0, 0.0]",-0.005204079854378669
24,0.9866917361848351,"[1.0047767762824371, 1.0179251381128567, 1.013396781365935, 1.0064005977204518, 0.9942262607048012, 1.0018634638861925, 1.0064526918264087, 0.9787076326066163, 0.993895629679352, 0.9761675185129818, 1.010493399271727, 0.9892813925413326, 1.0037128039686567, 0.9942996103535413, 1.0019119157684977, 0.9921395961706092, 1.015497321184788, 1.018695709227836, 1.005161303260577, 0.9987423834776431, 0.9876889397447005, 0.9895720628237341, 0.991262144403918, 1.0062282747480318, 0.9902234040391411, 1.0147416755639362, 1.030854111875574, 1.0114510702257058, 1.00380541726105, 1.0043934168790147]","[1.01550838557027, 0.9796642650571806, 1.0033020885451405, 1.0133984859273701, 0.9934339689947457, 1.0083619019342611, 0.9951944776192703, 1.020400628151236, 1.0183759167360054, 0.9972535849034531, 0.9891110112714013, 0.9523499486316196, 1.0055958469022408, 0.9911811958132243, 1.0205507118619368, 0.9826074319868086, 0.9902841319905465, 1.007096336534905, 0.9939158526887839, 0.9738449580042987, 0.9909718796133697, 1.0280397338836094, 1.0062451453985266, 0.9940035520718147, 1.0174172646765351, 0.9889928967251792, 0.988766968095649, 0.9832304077870908, 1.0118080993544283, 0.9835709991953435]","[0.015508385570270011, -0.020335734942819372, 0.003302088545140469, 0.01339848592737014, -0.006566031005254325, 0.008361901934261118, -0.004805522380729732, 0.02040062815123611, 0.01837591673600536, -0.002746415096546939, -0.01088898872859867, -0.04765005136838041, 0.0055958469022407975, -0.00881880418677572, 0.0205507118619368, -0.017392568013191445, -0.009715868009453454, 0.007096336534905046, -0.006084147311216093, -0.02615504199570129, -0.009028120386630256, 0.028039733883609363, 0.006245145398526608, -0.005996447928185322, 0.01741726467653515, -0.011007103274820795, -0.011233031904350987, -0.01676959221290919, 0.01180809935442828, -0.01642900080465648]","[0.0, 0.0, 0.0, 0.07677414268255234, 0.0, 0.0, 0.0, 0.13078609108924866, 0.04730064049363136, 0.10803476721048355, 0.0, 0.07912755757570267, 0.13078609108924866, 0.06697230786085129, 0.13078609108924866, 0.0, 0.0, 0.0, 0.0, 0.0, 0.13078609108924866, 0.0, 0.0, 0.0, 0.0, 0.09864615648984909, 0.0, 0.0, 0.0, 0.0]","[0.0, 1.0, 1.1127638947266183e-22, 0.0, 1.1125369156550996e-22, 0.0, 1.6667840683442984e-22, 0.0, 0.0, 0.0, 3.3320000292436967e-22, 0.0, 0.0, 0.0, 1.1123766439559512e-22, 0.0, 2.22237792123006e-22, 0.0, 0.0, 1.112348109193006e-22, 1.112420853939751e-22, 0.0, 0.0, 0.0, 0.0, 0.0, 0.0, 0.0, 0.0, 1.1132420857522179e-22]","[0.008450054952110358, 0.8513698346831393, 0.006653068017617916, 0.0, 0.0, 0.0, 0.011636647491571044, 0.005011126045820572, 0.009715240248941277, 0.0035976154554190603, 0.007186024349176289, 0.015870938720225384, 0.004576110149671436, 0.012487819691247435, 0.0, 0.0038848296579289377, 0.0, 0.0, 0.010841501923631322, 0.0, 0.0, 0.010549580634234015, 0.0, 0.0, 0.0, 0.015640390978026403, 0.0044977957455811695, 0.013324620550689021, 0.004706800704969186, 0.0]","[0.0, 0.0, 0.0, 0.07677415013313293, 0.0, 0.0, 0.0, 0.13078610599040985, 0.04730064421892166, 0.10803477466106415, 0.0, 0.07912756502628326, 0.13078610599040985, 0.06697231531143188, 0.13078610599040985, 0.0, 0.0, 0.0, 0.0, 0.0, 0.13078610599040985, 0.0, 0.0, 0.0, 0.0, 0.09864616394042969, 0.0, 0.0, 0.0, 0.0]",0.000690735079132311
25,0.989323240578404,"[1.01550838557027, 0.9796642650571806, 1.0033020885451405, 1.0133984859273701, 0.9934339689947457, 1.0083619019342611, 0.9951944776192703, 1.020400628151236, 1.0183759167360054, 0.9972535849034531, 0.9891110112714013, 0.9523499486316196, 1.0055958469022408, 0.9911811958132243, 1.0205507118619368, 0.9826074319868086, 0.9902841319905465, 1.007096336534905, 0.9939158526887839, 0.9738449580042987, 0.9909718796133697, 1.0280397338836094, 1.0062451453985266, 0.9940035520718147, 1.0174172646765351, 0.9889928967251792, 0.988766968095649, 0.9832304077870908, 1.0118080993544283, 0.9835709991953435]","[0.9929277992845189, 1.0151870014486954, 1.0056649339367756, 0.978311727923433, 1.0093873875101749, 1.0048718669059253, 1.0025077138735925, 1.0086512930056746, 1.001102166674346, 1.0145609053728684, 0.9944957194647046, 1.0013171720722196, 0.9832928760058754, 0.9980019049921987, 1.0048584656121224, 0.9712551099311926, 1.0106746021388744, 1.0147802165099213, 1.012949682123538, 1.0028042064783607, 1.0015860740486726, 0.9965224099369298, 1.0109171877285228, 1.0004411181668185, 0.9992068633734416, 1.004918648560692, 1.0019612595476, 0.9944705652608641, 1.0113805232971933, 0.992995782048217]","[-0.007072200715481092, 0.015187001448695447, 0.005664933936775585, -0.021688272076566983, 0.009387387510174872, 0.004871866905925337, 0.0025077138735924986, 0.008651293005674576, 0.001102166674346039, 0.01456090537286836, -0.005504280535295392, 0.0013171720722195968, -0.01670712399412455, -0.001998095007801348, 0.004858465612122442, -0.028744890068807427, 0.01067460213887439, 0.01478021650992134, 0.012949682123537976, 0.00280420647836066, 0.0015860740486726144, -0.003477590063070246, 0.010917187728522793, 0.00044111816681846605, -0.0007931366265584439, 0.004918648560692018, 0.0019612595475999584, -0.005529434739135919, 0.011380523297193301, -0.007004217951782965]","[0.12357708811759949, 0.0, 0.042191073298454285, 0.0, 0.0, 0.1075146272778511, 0.07418575137853622, 0.0, 0.0, 0.0, 0.0, 0.11861500144004822, 0.0, 0.07940225303173065, 0.0, 0.0, 0.0, 0.0, 0.11468034237623215, 0.0, 0.0, 0.12594453990459442, 0.12594453990459442, 0.0, 0.0, 0.0, 0.08794472366571426, 0.0, 0.0, 0.0]","[2.2204543889297854e-22, 0.0, 0.0, 0.0, 2.220455150704412e-22, 0.0, 5.551211503907246e-23, 5.551207749730524e-23, 1.1102332215470979e-22, 0.0, 0.0, 0.0, 0.0, 1.1102330236539442e-22, 0.0, 0.0, 5.551205787747171e-23, 0.0, 1.0, 0.0, 0.0, 1.1102328879452166e-22, 0.0, 0.0, 1.1102334553087708e-22, 0.0, 0.0, 0.0, 0.0, 0.0]","[0.0, 0.0, 0.003929784022876956, 0.0, 0.0, 0.007966374805064205, 0.012498718731574517, 0.001966456315959604, 0.0, 0.007230454239174576, 0.0, 0.0033743127607548094, 0.0, 0.0, 0.0, 0.023212770127587164, 0.0008735044439108236, 0.0, 0.9122708242956551, 0.002034076877592085, 0.0, 0.0031095148372645696, 0.0141062808120793, 0.0, 0.006806353311875972, 0.0006205744186302275, 0.0, 0.0, 0.0, 0.0]","[0.12357708811759949, 0.0, 0.042191073298454285, 0.0, 0.0, 0.1075146272778511, 0.07418575137853622, 0.0, 0.0, 0.0, 0.0, 0.11861500144004822, 0.0, 0.07940225303173065, 0.0, 0.0, 0.0, 0.0, 0.11468034237623215, 0.0, 0.0, 0.12594453990459442, 0.12594453990459442, 0.0, 0.0, 0.0, 0.08794472366571426, 0.0, 0.0, 0.0]",0.0023668180676182523
26,0.9828355241952202,"[0.9929277992845189, 1.0151870014486954, 1.0056649339367756, 0.978311727923433, 1.0093873875101749, 1.0048718669059253, 1.0025077138735925, 1.0086512930056746, 1.001102166674346, 1.0145609053728684, 0.9944957194647046, 1.0013171720722196, 0.9832928760058754, 0.9980019049921987, 1.0048584656121224, 0.9712551099311926, 1.0106746021388744, 1.0147802165099213, 1.012949682123538, 1.0028042064783607, 1.0015860740486726, 0.9965224099369298, 1.0109171877285228, 1.0004411181668185, 0.9992068633734416, 1.004918648560692, 1.0019612595476, 0.9944705652608641, 1.0113805232971933, 0.992995782048217]","[0.9880979727481527, 0.9873560042406156, 1.0034195291495924, 1.0003123921843813, 1.0003090338967215, 0.9843783927102602, 0.98467087078731, 0.9926316819338024, 1.0011512807052856, 1.033084629306861, 0.9995018971644332, 1.0194414371427019, 0.9944913970296885, 1.0317362823084704, 0.9963541994169339, 0.9846402241556912, 1.0062542552266613, 0.9953742903728675, 1.009557368927608, 0.9970937402422287, 1.026236803137466, 1.0020864767837834, 1.001543956702429, 1.028581089322727, 0.9922539929600971, 0.993371996062526, 0.9853724788545304, 0.9901167921828841, 1.0133123037971152, 0.9824778531257399]","[-0.011902027251847302, -0.012643995759384352, 0.0034195291495924263, 0.0003123921843812827, 0.00030903389672154447, -0.015621607289739825, -0.01532912921269003, -0.007368318066197643, 0.0011512807052855845, 0.03308462930686096, -0.0004981028355668382, 0.019441437142701856, -0.005508602970311527, 0.031736282308470365, -0.0036458005830660722, -0.01535977584430881, 0.006254255226661343, -0.0046257096271324905, 0.009557368927608056, -0.0029062597577712568, 0.026236803137466014, 0.0020864767837833753, 0.0015439567024289058, 0.02858108932272696, -0.0077460070399029135, -0.006628003937473981, -0.014627521145469613, -0.009883207817115935, 0.013312303797115232, -0.017522146874260125]","[0.0, 0.11060024052858353, 0.0, 0.0, 0.0, 0.089350126683712, 0.11060024052858353, 0.11060024052858353, 0.0, 0.025889690965414047, 0.0, 0.0, 0.0, 0.0, 0.0, 0.0, 0.11060024052858353, 0.0, 0.0, 0.110558420419693, 0.0, 0.11060024052858353, 0.0, 0.0, 0.0, 0.0, 0.11060024052858353, 0.11060024052858353, 0.0, 0.0]","[0.0, 0.0, 1.0, 0.0, 0.0, 4.990898121975354e-25, 5.054600488964697e-25, 0.0, 0.0, 5.907207579933147e-25, 0.0, 5.056538436711937e-25, 4.800703141428986e-25, 1.1144369638127436e-22, 0.0, 5.6840874557253585e-25, 0.0, 0.0, 4.891153624672836e-25, 0.0, 2.22506628856735e-22, 0.0, 0.0, 0.0, 0.0, 0.0, 0.0, 0.0, 0.0, 0.0]","[0.005127014351147111, 0.010582358660030327, 0.8997527722924011, 0.0, 0.0, 0.0, 0.0, 0.0015560387297952278, 0.002959049752080097, 0.0, 0.0, 0.005404612578198112, 0.0, 0.00820113712206055, 0.0, 0.0, 0.018643011092893763, 0.00937265195855438, 0.0, 0.0, 0.0, 0.00790542489082796, 0.0, 0.013655054771328138, 0.0063602691367233705, 0.008075487163050038, 0.0, 0.0015401093920665667, 0.0, 0.0008650081088433685]","[0.0, 0.11060025542974472, 0.0, 0.0, 0.0, 0.0893501341342926, 0.11060025542974472, 0.11060025542974472, 0.0, 0.025889694690704346, 0.0, 0.0, 0.0, 0.0, 0.0, 0.0, 0.11060025542974472, 0.0, 0.0, 0.11055843532085419, 0.0, 0.11060025542974472, 0.0, 0.0, 0.0, 0.0, 0.11060025542974472, 0.11060025542974472, 0.0, 0.0]",-0.007010100806966859
27,0.9812955192995473,"[0.9880979727481527, 0.9873560042406156, 1.0034195291495924, 1.0003123921843813, 1.0003090338967215, 0.9843783927102602, 0.98467087078731, 0.9926316819338024, 1.0011512807052856, 1.033084629306861, 0.9995018971644332, 1.0194414371427019, 0.9944913970296885, 1.0317362823084704, 0.9963541994169339, 0.9846402241556912, 1.0062542552266613, 0.9953742903728675, 1.009557368927608, 0.9970937402422287, 1.026236803137466, 1.0020864767837834, 1.001543956702429, 1.028581089322727, 0.9922539929600971, 0.993371996062526, 0.9853724788545304, 0.9901167921828841, 1.0133123037971152, 0.9824778531257399]","[0.9912508842569401, 0.9957382049453789, 0.9924901453729732, 0.9994607528691988, 1.0013947199806978, 1.0072844071211398, 1.022716753855749, 0.994125032365565, 1.0132077218749822, 1.0003396703482776, 0.9910751798235101, 0.9680730849961054, 0.9900446023935325, 0.9999528994861604, 1.0086633293086056, 0.9927729554699305, 1.0191419661533256, 0.9823366798690271, 0.9960801944217845, 1.0073602928254635, 1.0023096681583799, 0.9875879443675275, 0.9958397818716993, 1.003151429355077, 1.0032109728804108, 0.9989496347474672, 1.0123235423271661, 0.9832816594107471, 1.0184865982046414, 1.0125184955519082]","[-0.008749115743059921, -0.004261795054621098, -0.007509854627026802, -0.0005392471308012237, 0.001394719980697845, 0.007284407121139758, 0.022716753855748895, -0.005874967634434958, 0.013207721874982203, 0.0003396703482776431, -0.008924820176489878, -0.03192691500389455, -0.009955397606467464, -4.710051383960412e-05, 0.008663329308605583, -0.007227044530069504, 0.01914196615332564, -0.017663320130972937, -0.003919805578215474, 0.007360292825463466, 0.0023096681583798517, -0.012412055632472496, -0.004160218128300697, 0.003151429355076951, 0.003210972880410834, -0.00105036525253277, 0.012323542327166148, -0.016718340589252922, 0.01848659820464138, 0.012518495551908204]","[0.0, 0.0, 0.0, 0.0, 0.0, 0.0, 0.10505993664264679, 0.0, 0.0, 0.09716387093067169, 0.0, 0.0, 0.0, 0.0, 0.0, 0.0957883968949318, 0.0, 0.10505993664264679, 0.09312698245048523, 0.10505993664264679, 0.10505993664264679, 0.0, 0.10505993664264679, 0.0, 0.0, 0.09580481052398682, 0.0, 0.09281623363494873, 0.0, 0.0]","[0.0, 1.0, 5.551358431716036e-23, 0.0, 5.551334130177923e-23, 0.0, 5.55127289608275e-23, 0.0, 5.551332523798275e-23, 0.0, 0.0, 0.0, 5.551332488669313e-23, 0.0, 5.551337362658742e-23, 0.0, 0.0, 0.0, 0.0, 0.0, 5.551338720054167e-23, 0.0, 0.0, 0.0, 0.0, 0.0, 0.0, 5.551276193891113e-23, 5.551292880764449e-23, 0.0]","[0.0, 0.926078891907177, 0.005914315911972522, 0.02475585601585472, 0.0022844234532046473, 0.0, 0.0, 0.003265773463238439, 0.0, 0.0, 0.0, 0.0, 0.0, 0.0, 0.0, 0.0, 0.0, 0.0, 0.00761783964653261, 0.019350591573638175, 0.0, 0.0, 0.004460475490494913, 0.0, 0.0010962642440058234, 0.0, 0.0, 0.0, 0.0004316350899579409, 0.0047439332039234715]","[0.0, 0.0, 0.0, 0.0, 0.0, 0.0, 0.10505994409322739, 0.0, 0.0, 0.09716387838125229, 0.0, 0.0, 0.0, 0.0, 0.0, 0.09578840434551239, 0.0, 0.10505994409322739, 0.09312698990106583, 0.10505994409322739, 0.10505994409322739, 0.0, 0.10505994409322739, 0.0, 0.0, 0.09580481797456741, 0.0, 0.09281624108552933, 0.0, 0.0]",-0.0019635285098733688
28,0.9751821913079193,"[0.9912508842569401, 0.9957382049453789, 0.9924901453729732, 0.9994607528691988, 1.0013947199806978, 1.0072844071211398, 1.022716753855749, 0.994125032365565, 1.0132077218749822, 1.0003396703482776, 0.9910751798235101, 0.9680730849961054, 0.9900446023935325, 0.9999528994861604, 1.0086633293086056, 0.9927729554699305, 1.0191419661533256, 0.9823366798690271, 0.9960801944217845, 1.0073602928254635, 1.0023096681583799, 0.9875879443675275, 0.9958397818716993, 1.003151429355077, 1.0032109728804108, 0.9989496347474672, 1.0123235423271661, 0.9832816594107471, 1.0184865982046414, 1.0125184955519082]","[0.9966851565787234, 0.9865153434992427, 1.0152812202618933, 1.0027665977038065, 0.9982414465575392, 0.9892887292014859, 0.9952582439335422, 0.9864783874619344, 0.9992499284226494, 0.9990467363371299, 1.0008905114831836, 0.9906419681298192, 0.9852614708276157, 1.000085308512992, 1.0054439600917235, 1.0283077431131362, 0.9919726279402241, 0.9965851563682483, 0.9788953805012272, 1.0060296366467767, 0.9932353388861652, 0.9852370540029127, 1.0124519265817153, 0.9835997430021033, 1.000854274320247, 0.9862988070250612, 1.0079431616917969, 0.9950363761940954, 1.0156818908311016, 1.0089781895280328]","[-0.0033148434212766364, -0.013484656500757253, 0.015281220261893269, 0.002766597703806495, -0.0017585534424607863, -0.010711270798514083, -0.00474175606645777, -0.013521612538065608, -0.0007500715773506306, -0.0009532636628700741, 0.0008905114831836425, -0.009358031870180805, -0.014738529172384274, 8.530851299193287e-05, 0.005443960091723543, 0.02830774311313622, -0.008027372059775884, -0.0034148436317517072, -0.021104619498772847, 0.006029636646776693, -0.00676466111383478, -0.014762945997087273, 0.012451926581715345, -0.01640025699789671, 0.0008542743202470948, -0.01370119297493877, 0.007943161691796874, -0.004963623805904649, 0.015681890831101608, 0.008978189528032754]","[0.07521259784698486, 0.08046307414770126, 0.0, 0.0, 0.0964428260922432, 0.12015651911497116, 0.0, 0.0, 0.12015651911497116, 0.0, 0.0, 0.0, 0.12015651911497116, 0.0, 0.0, 0.0, 0.12015651911497116, 0.0, 0.0, 0.07620849460363388, 0.0, 0.0, 0.0, 0.0, 0.1061297357082367, 0.08491712808609009, 0.0, 0.0, 0.0, 0.0]","[0.0, 0.0, 1.0, 4.164191831146815e-23, 1.1102937199062173e-22, 1.110315261910276e-22, 1.1103178653361524e-22, 0.0, 2.2205218684613975e-22, 1.0495769692062274e-26, 0.0, 1.1103116994637317e-22, 0.0, 0.0, 0.0, 1.0231464310958303e-26, 0.0, 0.0, 8.867117049426919e-27, 0.0, 0.0, 0.0, 0.0, 0.0, 0.0, 0.0, 0.0, 0.0, 0.0, 0.0]","[0.0, 0.0005062349326836673, 0.8519235336386242, 0.010639599449448811, 0.0004355168395192694, 0.004246998156039381, 0.012220361213251938, 0.013746029961354829, 0.0, 0.004990637157721065, 0.0, 0.0, 0.0, 0.0045375637484705795, 0.0, 0.010478455844799726, 0.021558842058564835, 0.0015474673496503407, 0.011383145233093585, 0.008734328485932608, 0.0, 0.0034213005618718615, 0.0, 0.005031410021700974, 0.007794983558272993, 0.0, 0.0, 0.0, 0.01393225338114624, 0.01287133840785305]","[0.07521260529756546, 0.08046308159828186, 0.0, 0.0, 0.09644283354282379, 0.12015652656555176, 0.0, 0.0, 0.12015652656555176, 0.0, 0.0, 0.0, 0.12015652656555176, 0.0, 0.0, 0.0, 0.12015652656555176, 0.0, 0.0, 0.07620850205421448, 0.0, 0.0, 0.0, 0.0, 0.10612974315881729, 0.08491713553667068, 0.0, 0.0, 0.0, 0.0]",-0.006666923255979629
29,0.9687627247259206,"[0.9966851565787234, 0.9865153434992427, 1.0152812202618933, 1.0027665977038065, 0.9982414465575392, 0.9892887292014859, 0.9952582439335422, 0.9864783874619344, 0.9992499284226494, 0.9990467363371299, 1.0008905114831836, 0.9906419681298192, 0.9852614708276157, 1.000085308512992, 1.0054439600917235, 1.0283077431131362, 0.9919726279402241, 0.9965851563682483, 0.9788953805012272, 1.0060296366467767, 0.9932353388861652, 0.9852370540029127, 1.0124519265817153, 0.9835997430021033, 1.000854274320247, 0.9862988070250612, 1.0079431616917969, 0.9950363761940954, 1.0156818908311016, 1.0089781895280328]","[0.9960128736221742, 0.979966291469077, 0.9859566029604168, 0.99231837796083, 0.994524263359582, 0.9880183846965903, 0.9921228392958823, 1.0031821493225335, 1.0004956773308071, 0.9947421175295977, 0.9854184687756218, 1.001782968896977, 0.9872640506089704, 1.0016920248693901, 0.982597481790867, 1.0015465517138709, 1.001528937020774, 1.0312402448723703, 1.0151753319832433, 1.0062238297711374, 1.001936346613691, 1.0077245290654664, 0.9841683961132234, 0.9853723603020546, 1.0133144989541103, 0.9864225965863845, 1.025522144115902, 0.9845324630605333, 0.9979496833349654, 1.0128158557551608]","[-0.003987126377825834, -0.02003370853092301, -0.014043397039583239, -0.00768162203917, -0.005475736640418005, -0.011981615303409687, -0.007877160704117703, 0.0031821493225334674, 0.0004956773308071316, -0.005257882470402264, -0.01458153122437822, 0.001782968896977044, -0.012735949391029622, 0.0016920248693901296, -0.017402518209132967, 0.0015465517138708584, 0.0015289370207740571, 0.031240244872370315, 0.015175331983243279, 0.006223829771137446, 0.0019363466136910201, 0.00772452906546639, -0.015831603886776624, -0.01462763969794545, 0.013314498954110299, -0.013577403413615463, 0.025522144115901924, -0.015467536939466675, -0.002050316665034635, 0.012815855755160754]","[0.0, 0.0, 0.0, 0.0, 0.0, 0.0, 0.0, 0.0, 0.0, 0.10186491161584854, 0.0, 0.10186491161584854, 0.10186491161584854, 0.0945906713604927, 0.0, 0.0, 0.10186491161584854, 0.0, 0.0, 0.10186491161584854, 0.0, 0.0, 0.0904899314045906, 0.10186491161584854, 0.0, 0.10186491161584854, 0.0, 0.10186491161584854, 0.0, 0.0]","[0.0, 0.0, 0.0, 0.0, 0.0, 3.8891988577591347e-22, 0.0, 0.0, 5.5549569267691995e-22, 0.0, 0.0, 1.0, 0.0, 4.442886520126584e-22, 0.0, 0.0, 4.443846575742781e-22, 0.0, 0.0, 4.444061316530987e-22, 4.443109124656235e-22, 5.55454340391053e-22, 4.443839599654744e-22, 0.0, 0.0, 4.442954887927901e-22, 0.0, 0.0, 0.0, 0.0]","[0.0, 0.012702531297146925, 0.0, 0.0042642464244375166, 0.0006268875024448131, 0.0, 0.0017184702925390769, 0.0008231028823165013, 0.002804668864502495, 0.0, 0.0, 0.9175506191817909, 0.0, 0.0, 0.009319750617756464, 0.0032628692059606065, 0.0, 0.014148185176230347, 0.0, 0.006658308195540621, 0.0007631709218129118, 0.0, 0.0062841782884825, 0.0, 0.0, 0.0, 0.005676251318242654, 0.0007737816456327849, 0.012622978185162725, 0.0]","[0.0, 0.0, 0.0, 0.0, 0.0, 0.0, 0.0, 0.0, 0.0, 0.10186491906642914, 0.0, 0.10186491906642914, 0.10186491906642914, 0.0945906788110733, 0.0, 0.0, 0.10186491906642914, 0.0, 0.0, 0.10186491906642914, 0.0, 0.0, 0.0904899388551712, 0.10186491906642914, 0.0, 0.10186491906642914, 0.0, 0.10186491906642914, 0.0, 0.0]",-0.007141740347226859
30,0.9733568810633213,"[0.9960128736221742, 0.979966291469077, 0.9859566029604168, 0.99231837796083, 0.994524263359582, 0.9880183846965903, 0.9921228392958823, 1.0031821493225335, 1.0004956773308071, 0.9947421175295977, 0.9854184687756218, 1.001782968896977, 0.9872640506089704, 1.0016920248693901, 0.982597481790867, 1.0015465517138709, 1.001528937020774, 1.0312402448723703, 1.0151753319832433, 1.0062238297711374, 1.001936346613691, 1.0077245290654664, 0.9841683961132234, 0.9853723603020546, 1.0133144989541103, 0.9864225965863845, 1.025522144115902, 0.9845324630605333, 0.9979496833349654, 1.0128158557551608]","[0.980273031262214, 1.012319997534695, 1.0102131950248576, 1.0123341642347454, 0.9860054922708099, 1.01789074173171, 1.005094763679205, 0.9884305539654669, 1.01241925026183, 0.9887933441323076, 0.9831305201229038, 1.001745119080271, 1.0203580972731754, 1.0054938162593954, 1.0214179007675577, 1.0054475101557183, 0.9957894855124451, 1.0113268554046149, 1.0259869038670009, 0.9956264486141287, 0.9810146245862851, 1.0112718297480379, 1.010864414857769, 1.0191475383881397, 0.9918724021031669, 1.010771343622152, 0.980428513987275, 0.9878673708234663, 0.9995797875093227, 0.9926766584737216]","[-0.01972696873778601, 0.012319997534695037, 0.010213195024857624, 0.012334164234745426, -0.013994507729190087, 0.017890741731710014, 0.005094763679204917, -0.011569446034533137, 0.012419250261830106, -0.011206655867692428, -0.016869479877096194, 0.0017451190802710848, 0.02035809727317539, 0.005493816259395379, 0.021417900767557674, 0.005447510155718316, -0.004210514487554939, 0.011326855404614866, 0.025986903867000866, -0.004373551385871255, -0.018985375413714922, 0.011271829748037865, 0.010864414857769011, 0.01914753838813965, -0.00812759789683315, 0.01077134362215193, -0.01957148601272496, -0.012132629176533682, -0.00042021249067725197, -0.0073233415262784485]","[0.0, 0.10672125965356827, 0.08919980376958847, 0.0, 0.0, 0.0, 0.0, 0.0, 0.0, 0.10672125965356827, 0.0, 0.0, 0.0, 0.0, 0.10672125965356827, 0.0, 0.10658792406320572, 0.0, 0.0, 0.07277633249759674, 0.10672125965356827, 0.09110841155052185, 0.0, 0.10672125965356827, 0.0, 0.10672125965356827, 0.0, 0.0, 0.0, 0.0]","[0.0, 2.226275848808436e-22, 1.0, 0.0, 0.0, 0.0, 0.0, 0.0, 2.224649550669084e-22, 5.840527571175385e-25, 0.0, 0.0, 0.0, 0.0, 1.1147309937192753e-22, 5.369040815564342e-25, 0.0, 2.2251755676196576e-22, 0.0, 0.0, 2.225248410172829e-22, 0.0, 0.0, 0.0, 0.0, 0.0, 0.0, 0.0, 1.1145396438586897e-22, 1.114500330975478e-22]","[0.006555322456369518, 0.014704719514868504, 0.897242117450929, 0.005372299499530736, 0.000567740804995991, 0.0013480815914282576, 0.0009344173834474192, 0.0006095754332947331, 0.0, 0.017746643201529633, 0.003766604726784601, 0.0, 0.0, 0.0, 0.0, 0.0, 0.005111799323098341, 0.0, 0.0, 1.8486966907936877e-05, 0.0, 0.012725963375945192, 0.008693039056837533, 0.0032504586247333518, 0.006971756270188071, 0.0, 0.00014122684770830814, 0.007968784673612204, 0.0, 0.006270962797790487]","[0.0, 0.10672125965356827, 0.08919980376958847, 0.0, 0.0, 0.0, 0.0, 0.0, 0.0, 0.10672125965356827, 0.0, 0.0, 0.0, 0.0, 0.10672125965356827, 0.0, 0.10658792406320572, 0.0, 0.0, 0.07277633249759674, 0.10672125965356827, 0.09110841155052185, 0.0, 0.10672125965356827, 0.0, 0.10672125965356827, 0.0, 0.0, 0.0, 0.0]",0.004371507099196826
31,0.9647376221521523,"[0.980273031262214, 1.012319997534695, 1.0102131950248576, 1.0123341642347454, 0.9860054922708099, 1.01789074173171, 1.005094763679205, 0.9884305539654669, 1.01241925026183, 0.9887933441323076, 0.9831305201229038, 1.001745119080271, 1.0203580972731754, 1.0054938162593954, 1.0214179007675577, 1.0054475101557183, 0.9957894855124451, 1.0113268554046149, 1.0259869038670009, 0.9956264486141287, 0.9810146245862851, 1.0112718297480379, 1.010864414857769, 1.0191475383881397, 0.9918724021031669, 1.010771343622152, 0.980428513987275, 0.9878673708234663, 0.9995797875093227, 0.9926766584737216]","[0.9886230805489673, 1.0120066882100227, 0.9970616124543958, 1.0036004671605068, 1.00257684352315, 0.9944310414337941, 0.9960449445512272, 1.019796785534217, 0.9739725673813715, 0.9895826110242192, 1.008978929801795, 1.0174586056120996, 1.0151222826911928, 0.9903353143710925, 0.9785380278679134, 0.9804056441667599, 0.9818484206505625, 0.9952985986988482, 0.9938355111290261, 0.9977394969849623, 1.0089791901664416, 1.0023385869569392, 1.000378342991802, 0.9829860370184587, 1.0046565483975864, 0.9924887826567309, 0.9896936163028416, 1.0122351221216108, 0.9942583430102301, 0.9987027644586307]","[-0.011376919451032697, 0.012006688210022709, -0.0029383875456041597, 0.0036004671605067706, 0.0025768435231499076, -0.005568958566205873, -0.003955055448772837, 0.019796785534216932, -0.0260274326186285, -0.010417388975780817, 0.008978929801795044, 0.017458605612099554, 0.015122282691192757, -0.009664685628907543, -0.02146197213208656, -0.019594355833240096, -0.018151579349437452, -0.00470140130115182, -0.006164488870973872, -0.0022605030150376626, 0.008979190166441553, 0.002338586956939226, 0.0003783429918020609, -0.017013962981541342, 0.004656548397586446, -0.007511217343269094, -0.010306383697158417, 0.01223512212161082, -0.0057416569897699166, -0.0012972355413692904]","[0.10761970281600952, 0.0, 0.08596989512443542, 0.0, 0.10761970281600952, 0.0, 0.10761970281600952, 0.0, 0.10761970281600952, 0.0, 0.0, 0.0, 0.0, 0.0, 0.09809691458940506, 0.06971495598554611, 0.0, 0.0, 0.0, 0.10761970281600952, 0.0, 0.0, 0.10761970281600952, 0.0, 0.0, 0.10050001740455627, 0.0, 0.0, 0.0, 0.0]","[1.0, 1.1134012215841073e-22, 0.0, 0.0, 0.0, 0.0, 0.0, 0.0, 0.0, 0.0, 0.0, 5.578054820265575e-23, 5.578435824829432e-23, 0.0, 0.0, 5.571844265037595e-23, 0.0, 5.572468106718503e-23, 0.0, 0.0, 5.573056052146735e-23, 0.0, 5.573150270026284e-23, 5.581850135929703e-23, 0.0, 5.572667025699474e-23, 0.0, 0.0, 0.0, 0.0]","[0.9064829880495497, 0.0, 0.01148620437585878, 0.0, 0.0, 0.012839394444691843, 0.0, 0.0, 0.0, 0.021502463985491445, 0.0, 0.0, 0.013812454926177066, 0.0, 0.0, 0.012517403422745502, 0.0, 0.0, 0.0, 0.0, 0.0, 0.004634036287804208, 0.0016755880504685887, 0.0, 0.00798718468481877, 0.0, 0.0, 0.004250304537561513, 0.002811977234832288, 0.0]","[0.10761970281600952, 0.0, 0.08596989512443542, 0.0, 0.10761970281600952, 0.0, 0.10761970281600952, 0.0, 0.10761970281600952, 0.0, 0.0, 0.0, 0.0, 0.0, 0.09809691458940506, 0.06971495598554611, 0.0, 0.0, 0.0, 0.10761970281600952, 0.0, 0.0, 0.10761970281600952, 0.0, 0.0, 0.10050001740455627, 0.0, 0.0, 0.0, 0.0]",-0.009284337311446922
32,0.9613472007030904,"[0.9886230805489673, 1.0120066882100227, 0.9970616124543958, 1.0036004671605068, 1.00257684352315, 0.9944310414337941, 0.9960449445512272, 1.019796785534217, 0.9739725673813715, 0.9895826110242192, 1.008978929801795, 1.0174586056120996, 1.0151222826911928, 0.9903353143710925, 0.9785380278679134, 0.9804056441667599, 0.9818484206505625, 0.9952985986988482, 0.9938355111290261, 0.9977394969849623, 1.0089791901664416, 1.0023385869569392, 1.000378342991802, 0.9829860370184587, 1.0046565483975864, 0.9924887826567309, 0.9896936163028416, 1.0122351221216108, 0.9942583430102301, 0.9987027644586307]","[0.9686944012454337, 0.9798944072492667, 0.9957628916560667, 0.9924357584994411, 1.016223397893745, 0.9901802585074023, 1.0236888420851258, 0.9857447899923878, 1.0073187893327014, 0.9811030589854697, 1.0089230491955192, 0.9985961992272048, 1.0049798771496192, 1.000806233680809, 1.0134572920929177, 1.0157697358677653, 0.9876820414883218, 0.9942670198828414, 0.9935755879076857, 1.0079642134838702, 1.0352039906453439, 0.9842120335305239, 0.992422362738116, 0.990488806971058, 1.0178694108308857, 1.0046310722581369, 0.9836384131347837, 1.0181703986339639, 1.0189346618595285, 1.0218760101556763]","[-0.03130559875456629, -0.020105592750733314, -0.004237108343933316, -0.007564241500558899, 0.01622339789374494, -0.009819741492597678, 0.023688842085125783, -0.014255210007612207, 0.007318789332701359, -0.018896941014530322, 0.008923049195519228, -0.0014038007727952273, 0.004979877149619227, 0.0008062336808090098, 0.013457292092917683, 0.01576973586776531, -0.012317958511678162, -0.005732980117158615, -0.006424412092314258, 0.00796421348387022, 0.03520399064534385, -0.01578796646947611, -0.007577637261883985, -0.009511193028941989, 0.017869410830885668, 0.004631072258136859, -0.01636158686521627, 0.018170398633963858, 0.018934661859528523, 0.021876010155676306]","[0.0, 0.0, 0.0, 0.1035812646150589, 0.0, 0.1035812646150589, 0.1035812646150589, 0.0, 0.0, 0.1035812646150589, 0.0, 0.0, 0.1035812646150589, 0.0, 0.0, 0.0, 0.08920317143201828, 0.1035812646150589, 0.08214668929576874, 0.0, 0.0, 0.0, 0.0, 0.1035812646150589, 0.0, 0.1035812646150589, 0.0, 0.0, 0.0, 0.0]","[0.0, 1.1467395210065418e-22, 0.0, 1.0, 2.2496327594520664e-22, 0.0, 1.146587996819571e-22, 0.0, 0.0, 0.0, 0.0, 0.0, 0.0, 1.1477744607540963e-22, 2.2470207854048377e-22, 0.0, 2.2570048777578756e-22, 2.250329157292659e-22, 0.0, 0.0, 0.0, 0.0, 2.2514303818789617e-22, 0.0, 1.145823130228118e-22, 0.0, 0.0, 0.0, 0.0, 0.0]","[0.0, 0.0, 0.0, 0.8545452671159861, 7.40840100645206e-05, 0.0071332264452155705, 0.0, 0.016207843373454465, 0.008205382274221636, 0.01052661602460865, 0.003653927262845575, 0.0, 0.0, 0.011927326712386789, 0.0, 0.0014396185223001607, 0.015986848484519426, 0.0, 0.0, 0.008138632459312555, 0.0, 0.0002176351596367786, 0.005490953504525889, 0.0018077112853537255, 0.010995586189939137, 0.0, 0.012396235541848325, 0.018949359951728396, 0.00804907388030137, 0.004254671801750935]","[0.0, 0.0, 0.0, 0.1035812720656395, 0.0, 0.1035812720656395, 0.1035812720656395, 0.0, 0.0, 0.1035812720656395, 0.0, 0.0, 0.1035812720656395, 0.0, 0.0, 0.0, 0.08920317888259888, 0.1035812720656395, 0.08214669674634933, 0.0, 0.0, 0.0, 0.0, 0.1035812720656395, 0.0, 0.1035812720656395, 0.0, 0.0, 0.0, 0.0]",-0.003947388377452045
33,0.960451469462017,"[0.9686944012454337, 0.9798944072492667, 0.9957628916560667, 0.9924357584994411, 1.016223397893745, 0.9901802585074023, 1.0236888420851258, 0.9857447899923878, 1.0073187893327014, 0.9811030589854697, 1.0089230491955192, 0.9985961992272048, 1.0049798771496192, 1.000806233680809, 1.0134572920929177, 1.0157697358677653, 0.9876820414883218, 0.9942670198828414, 0.9935755879076857, 1.0079642134838702, 1.0352039906453439, 0.9842120335305239, 0.992422362738116, 0.990488806971058, 1.0178694108308857, 1.0046310722581369, 0.9836384131347837, 1.0181703986339639, 1.0189346618595285, 1.0218760101556763]","[1.010431913741114, 1.0193096760109421, 0.9900944863183296, 0.9907785415847294, 0.9959993663168654, 1.003856371669815, 1.000176854222296, 0.9846854393587948, 1.0018850107803097, 0.9899368009895707, 1.0142051689857314, 1.0028806468950608, 0.9957445907114768, 1.0003522755409626, 0.997744681422542, 0.9996503156834227, 1.0047940655926857, 0.9660409021912794, 1.0125614558411495, 0.9921667869615386, 0.9933702932579165, 0.997223329184267, 0.9739574888038173, 0.9917518324254314, 1.0001944853228522, 1.0080480411348474, 0.9828728979967039, 0.9980183266514909, 1.014421351127983, 0.985064599363837]","[0.010431913741113963, 0.019309676010942134, -0.009905513681670364, -0.009221458415270556, -0.004000633683134636, 0.0038563716698150063, 0.00017685422229596348, -0.015314560641205177, 0.0018850107803096705, -0.010063199010429291, 0.014205168985731431, 0.0028806468950608455, -0.004255409288523193, 0.00035227554096262104, -0.0022553185774579765, -0.0003496843165773367, 0.004794065592685692, -0.03395909780872064, 0.012561455841149538, -0.007833213038461406, -0.006629706742083519, -0.0027766708157329623, -0.026042511196182727, -0.008248167574568588, 0.00019448532285215592, 0.008048041134847361, -0.017127102003296146, -0.001981673348509072, 0.014421351127982929, -0.014935400636163054]","[0.0, 0.0, 0.0, 0.0, 0.10103856027126312, 0.0, 0.10324998944997787, 0.0, 0.10324998944997787, 0.0, 0.10324998944997787, 0.10268401354551315, 0.0, 0.10324998944997787, 0.10324998944997787, 0.0, 0.10324998944997787, 0.0, 0.0, 0.0, 0.0, 0.0, 0.0, 0.0, 0.0, 0.0, 0.0735275074839592, 0.0, 0.0, 0.10324998944997787]","[0.0, 0.0, 9.525205892891888e-22, 0.0, 8.0562288742719815e-22, 0.0, 0.0, 0.0, 1.3702097744372017e-21, 0.0, 0.0, 0.0, 0.0, 8.536680847825733e-22, 0.4663036404578268, 0.0, 0.0, 0.0, 0.5336963595421731, 0.0, 0.0, 1.2272306155603941e-21, 1.0461209699317434e-21, 0.0, 1.5748624130838777e-21, 0.0, 0.0, 0.0, 1.0727153136963956e-21, 0.0]","[0.02090284788254469, 0.011690811969177563, 0.0, 0.0, 0.0013647096473254554, 0.0, 0.0011257243196913843, 0.002197167909288277, 0.0030204580303911624, 0.010207530942092096, 0.011834169607209264, 0.0, 0.0, 0.0, 0.3978613476401626, 0.008967196949729252, 0.010427796964768135, 0.006847764580853646, 0.4688756642635881, 0.00645070014319265, 0.002130487280437472, 0.0, 0.0, 0.018502107452819133, 0.0069257814813948725, 0.0, 0.008817448593453852, 0.0, 0.0018502843418802442, 0.0]","[0.0, 0.0, 0.0, 0.0, 0.10103856027126312, 0.0, 0.10324998944997787, 0.0, 0.10324998944997787, 0.0, 0.10324998944997787, 0.10268401354551315, 0.0, 0.10324998944997787, 0.10324998944997787, 0.0, 0.10324998944997787, 0.0, 0.0, 0.0, 0.0, 0.0, 0.0, 0.0, 0.0, 0.0, 0.0735275074839592, 0.0, 0.0, 0.10324998944997787]",-0.001293827939837987
34,0.9612152682497154,"[1.010431913741114, 1.0193096760109421, 0.9900944863183296, 0.9907785415847294, 0.9959993663168654, 1.003856371669815, 1.000176854222296, 0.9846854393587948, 1.0018850107803097, 0.9899368009895707, 1.0142051689857314, 1.0028806468950608, 0.9957445907114768, 1.0003522755409626, 0.997744681422542, 0.9996503156834227, 1.0047940655926857, 0.9660409021912794, 1.0125614558411495, 0.9921667869615386, 0.9933702932579165, 0.997223329184267, 0.9739574888038173, 0.9917518324254314, 1.0001944853228522, 1.0080480411348474, 0.9828728979967039, 0.9980183266514909, 1.014421351127983, 0.985064599363837]","[1.0089296433604642, 1.011334558908653, 0.9936989452522063, 1.0086275196684669, 1.0123462228754916, 0.9976867075506566, 1.0243964133367667, 1.0071062623811813, 0.9995777092401933, 0.9859591575696758, 0.9855072948838599, 1.0143819271314858, 0.9919612759090997, 1.014034663952023, 1.0043983117447364, 0.9909859026932376, 0.9909081657380303, 1.0120486616699544, 0.9946322804555356, 0.9837189030657629, 1.0041876126999283, 0.9896569413139296, 1.0092285905746239, 1.0040847401996875, 0.9739980152250631, 0.9863445854607983, 1.007420683872283, 0.988383440697739, 0.9987764142900352, 0.9986902215239165]","[0.008929643360464201, 0.011334558908653092, -0.006301054747793744, 0.008627519668466865, 0.012346222875491586, -0.002313292449343418, 0.024396413336766676, 0.007106262381181283, -0.0004222907598067094, -0.014040842430324219, -0.014492705116140092, 0.014381927131485783, -0.00803872409090034, 0.014034663952023019, 0.004398311744736372, -0.009014097306762392, -0.009091834261969689, 0.012048661669954441, -0.0053677195444643555, -0.01628109693423707, 0.004187612699928289, -0.010343058686070439, 0.009228590574623885, 0.00408474019968752, -0.02600198477493687, -0.013655414539201716, 0.007420683872283007, -0.01161655930226102, -0.0012235857099648362, -0.0013097784760834896]","[0.10708107054233551, 0.0, 0.0, 0.0, 0.08219873160123825, 0.0, 0.0, 0.0, 0.10708107054233551, 0.0, 0.0, 0.0, 0.0757514089345932, 0.10708107054233551, 0.0, 0.0, 0.0, 0.10000017285346985, 0.10708107054233551, 0.10708107054233551, 0.10708107054233551, 0.0, 0.0, 0.0, 0.0, 0.09956318885087967, 0.0, 0.0, 0.0, 0.0]","[0.0, 0.0, 0.0, 0.0, 0.0, 0.0, 0.0, 0.0, 5.638441111708947e-22, 0.0, 5.616634887934609e-22, 0.0, 0.0, 7.854606181447864e-22, 0.0, 7.842168400203934e-22, 0.0, 0.0, 1.0, 0.0, 5.623061103004565e-22, 5.629658053520539e-22, 5.62987037013302e-22, 0.0, 0.0, 0.0, 6.734739893856443e-22, 5.631008475353311e-22, 0.0, 0.0]","[0.01321990993847115, 0.0, 0.007206606088300274, 0.00638042902196602, 0.010039323826259251, 0.0, 0.0, 0.000868411269155462, 0.009090819558860173, 0.0, 0.0, 0.0, 0.0005973641316392598, 0.004134501242195195, 0.0, 0.0, 0.013544246448318368, 0.0, 0.9018206122771393, 0.0, 0.0054265395519325155, 0.014020901381017404, 0.0, 0.0, 0.004212600541453664, 0.00403034568484172, 0.0, 0.005407389038450175, 0.0, 0.0]","[0.10708107799291611, 0.0, 0.0, 0.0, 0.08219873905181885, 0.0, 0.0, 0.0, 0.10708107799291611, 0.0, 0.0, 0.0, 0.0757514163851738, 0.10708107799291611, 0.0, 0.0, 0.0, 0.10000018030405045, 0.10708107799291611, 0.10708107799291611, 0.10708107799291611, 0.0, 0.0, 0.0, 0.0, 0.09956319630146027, 0.0, 0.0, 0.0, 0.0]",0.00044870350147509306
35,0.9624430139660193,"[1.0089296433604642, 1.011334558908653, 0.9936989452522063, 1.0086275196684669, 1.0123462228754916, 0.9976867075506566, 1.0243964133367667, 1.0071062623811813, 0.9995777092401933, 0.9859591575696758, 0.9855072948838599, 1.0143819271314858, 0.9919612759090997, 1.014034663952023, 1.0043983117447364, 0.9909859026932376, 0.9909081657380303, 1.0120486616699544, 0.9946322804555356, 0.9837189030657629, 1.0041876126999283, 0.9896569413139296, 1.0092285905746239, 1.0040847401996875, 0.9739980152250631, 0.9863445854607983, 1.007420683872283, 0.988383440697739, 0.9987764142900352, 0.9986902215239165]","[1.016873683128762, 1.0044805064263131, 1.0024106906910168, 1.011158162442491, 0.9921168250919054, 0.9849889934607317, 0.9936952757724162, 1.0041843118481395, 1.0100046427672564, 0.9969222796882828, 1.0109692464030797, 0.9957797703800522, 0.9888739714832516, 1.0177624469842226, 0.9844091939882174, 1.006831693651074, 0.9747931074859661, 1.0100129822141832, 0.9941714210160617, 1.0018374001796218, 1.0041554191852435, 1.0131648663839476, 0.9837463007463049, 1.0054138012450093, 0.9959903867210858, 0.9827036268015429, 0.9951763768747542, 1.0006951216938735, 0.9992408427687829, 1.0064193916173285]","[0.016873683128761918, 0.004480506426313147, 0.002410690691016848, 0.011158162442491015, -0.007883174908094648, -0.015011006539268346, -0.006304724227583769, 0.004184311848139499, 0.010004642767256433, -0.003077720311717158, 0.010969246403079724, -0.004220229619947835, -0.011126028516748376, 0.01776244698422258, -0.015590806011782643, 0.0068316936510739446, -0.025206892514033852, 0.01001298221418323, -0.005828578983938293, 0.001837400179621751, 0.004155419185243536, 0.013164866383947649, -0.01625369925369513, 0.005413801245009342, -0.004009613278914248, -0.017296373198457116, -0.004823623125245757, 0.000695121693873535, -0.0007591572312171113, 0.006419391617328518]","[0.0, 0.08825895935297012, 0.0, 0.0, 0.0, 0.0, 0.11886648088693619, 0.11886648088693619, 0.05111239105463028, 0.0, 0.0, 0.11196310818195343, 0.0, 0.0, 0.0, 0.0, 0.0, 0.11886648088693619, 0.0, 0.0, 0.11886648088693619, 0.0, 0.0, 0.0, 0.08931746333837509, 0.0, 0.06501573324203491, 0.11886648088693619, 0.0, 0.0]","[0.0, 0.0, 0.0, 1.0, 0.0, 0.0, -2.141603122672346e-22, 0.0, 6.735600332733829e-24, 0.0, 0.0, 0.0, -2.143998777131038e-22, -2.1402649856225395e-22, -1.0515519616766875e-22, 0.0, -2.1423844741147875e-22, 0.0, 0.0, 0.0, -2.1435734442234307e-22, 0.0, 0.0, 0.0, -2.1403157311956796e-22, 0.0, 0.0, -2.143387554636164e-22, 0.0, 0.0]","[0.0, 0.0, 0.00030733943838626886, 0.9264816728329882, 0.0, 0.014540403769376993, 8.63777594972537e-05, 0.0, 0.0, 0.013148736573356079, 0.0, 0.013635705194419222, 0.0, 0.0, 0.008335845067392775, 0.0, 0.0, 0.0, 0.0, 0.0, 0.0, 0.0011274757211474796, 0.0, 0.01650875537170455, 0.0, 0.0034388079253123904, 0.0, 0.002388880346418829, 0.0, 0.0]","[0.0, 0.08825895935297012, 0.0, 0.0, 0.0, 0.0, 0.11886648088693619, 0.11886648088693619, 0.05111239105463028, 0.0, 0.0, 0.11196310818195343, 0.0, 0.0, 0.0, 0.0, 0.0, 0.11886648088693619, 0.0, 0.0, 0.11886648088693619, 0.0, 0.0, 0.0, 0.08931746333837509, 0.0, 0.06501573324203491, 0.11886648088693619, 0.0, 0.0]",0.0007954526141606593
36,0.9520054497143101,"[1.016873683128762, 1.0044805064263131, 1.0024106906910168, 1.011158162442491, 0.9921168250919054, 0.9849889934607317, 0.9936952757724162, 1.0041843118481395, 1.0100046427672564, 0.9969222796882828, 1.0109692464030797, 0.9957797703800522, 0.9888739714832516, 1.0177624469842226, 0.9844091939882174, 1.006831693651074, 0.9747931074859661, 1.0100129822141832, 0.9941714210160617, 1.0018374001796218, 1.0041554191852435, 1.0131648663839476, 0.9837463007463049, 1.0054138012450093, 0.9959903867210858, 0.9827036268015429, 0.9951763768747542, 1.0006951216938735, 0.9992408427687829, 1.0064193916173285]","[0.9982795853327181, 1.0012847572539225, 1.000592158210948, 1.0186952343607851, 1.0079071859492381, 0.9834925708493454, 0.9938951664834627, 0.9977637609750919, 1.0015875068043973, 0.9655439403351204, 0.9909101316128525, 1.0078760474367547, 1.0058178716235506, 1.0131088789563274, 1.0078949737730116, 0.998334963713028, 0.9865114446498033, 0.9503965009773084, 1.0165802479219934, 0.9719936133520013, 0.9940294855698992, 0.9767063856355759, 0.9867259663591395, 0.9899544186935901, 1.002383253084389, 1.0004729573974969, 1.0014230068406018, 1.0002705454498446, 0.9914790604042129, 1.0162336107929895]","[-0.0017204146672818998, 0.0012847572539225194, 0.0005921582109480461, 0.01869523436078513, 0.007907185949238116, -0.016507429150654618, -0.006104833516537345, -0.0022362390249081043, 0.0015875068043973428, -0.034456059664879635, -0.009089868387147537, 0.00787604743675474, 0.00581787162355063, 0.013108878956327397, 0.007894973773011627, -0.0016650362869720103, -0.013488555350196663, -0.049603499022691566, 0.01658024792199342, -0.028006386647998704, -0.005970514430100771, -0.02329361436442412, -0.01327403364086055, -0.010045581306409868, 0.0023832530843890254, 0.00047295739749686483, 0.0014230068406018148, 0.0002705454498446169, -0.008520939595787147, 0.01623361079298946]","[0.0, 0.1108512133359909, 0.0, 0.0, 0.0, 0.10003940761089325, 0.1108512133359909, 0.10603077709674835, 0.0, 0.0, 0.1108512133359909, 0.1108512133359909, 0.0, 0.0, 0.0, 0.0, 0.0, 0.09755796939134598, 0.0, 0.0861305221915245, 0.0, 0.0, 0.07982616126537323, 0.0, 0.0, 0.0, 0.0, 0.08701027929782867, 0.0, 0.0]","[0.0, 0.0, 0.0, 1.0, 0.0, 0.0, 0.0, 0.0, 0.0, 6.739425723442635e-22, 0.0, 0.0, 4.5227748090017035e-22, 4.524205609782631e-22, 0.0, 6.728806198361097e-22, 0.0, 0.0, 0.0, 0.0, 4.52217451401763e-22, 0.0, 0.0, 4.529195848466194e-22, 4.52619947784566e-22, 0.0, 5.62350037773445e-22, 4.522403293602535e-22, 0.0, 0.0]","[0.0, 0.0, 0.0, 0.9369084917410776, 0.0, 0.0014022900980367422, 0.0, 0.0, 0.0, 0.0, 0.008740208777262096, 0.0, 0.0, 0.0, 0.0, 0.0038592226500188814, 0.014042988658201118, 0.0, 0.0, 4.596069483391379e-05, 0.0, 0.00037308657129389306, 0.0005722397997302986, 0.0, 0.013590402386916828, 0.0, 0.0, 0.010149626208752278, 0.0, 0.010315482413876273]","[0.0, 0.1108512133359909, 0.0, 0.0, 0.0, 0.10003940761089325, 0.1108512133359909, 0.10603077709674835, 0.0, 0.0, 0.1108512133359909, 0.1108512133359909, 0.0, 0.0, 0.0, 0.0, 0.0, 0.09755796939134598, 0.0, 0.0861305221915245, 0.0, 0.0, 0.07982616126537323, 0.0, 0.0, 0.0, 0.0, 0.08701027929782867, 0.0, 0.0]",-0.011369211618287538
37,0.9497854457060644,"[0.9982795853327181, 1.0012847572539225, 1.000592158210948, 1.0186952343607851, 1.0079071859492381, 0.9834925708493454, 0.9938951664834627, 0.9977637609750919, 1.0015875068043973, 0.9655439403351204, 0.9909101316128525, 1.0078760474367547, 1.0058178716235506, 1.0131088789563274, 1.0078949737730116, 0.998334963713028, 0.9865114446498033, 0.9503965009773084, 1.0165802479219934, 0.9719936133520013, 0.9940294855698992, 0.9767063856355759, 0.9867259663591395, 0.9899544186935901, 1.002383253084389, 1.0004729573974969, 1.0014230068406018, 1.0002705454498446, 0.9914790604042129, 1.0162336107929895]","[0.9941974678631281, 0.9910073126767435, 0.98613018081539, 1.0023238751854997, 0.9945083983450614, 1.0062685031655054, 0.990230425510217, 1.0090415918796178, 1.0179696848691397, 1.0069245998655847, 1.0089313593505094, 1.0136723907244627, 0.9962551095792228, 0.9973865745788044, 0.9926410372496972, 0.9850093064144178, 1.0181232164235283, 1.011927237754485, 0.9969113266482883, 1.006581454201502, 1.0069833121416658, 0.9954788442115722, 0.9979686887202884, 1.012730422457176, 1.0111531080687626, 0.9930970655743346, 0.990609888764157, 0.9919314942826718, 0.9917664991465001, 1.004531360388276]","[-0.005802532136871874, -0.008992687323256532, -0.013869819184610055, 0.002323875185499702, -0.0054916016549385605, 0.0062685031655054235, -0.009769574489782995, 0.009041591879617839, 0.017969684869139746, 0.006924599865584691, 0.008931359350509371, 0.01367239072446269, -0.0037448904207771916, -0.002613425421195581, -0.007358962750302789, -0.014990693585582249, 0.01812321642352832, 0.01192723775448501, -0.0030886733517117015, 0.006581454201501913, 0.0069833121416658095, -0.004521155788427822, -0.0020313112797115673, 0.012730422457176038, 0.011153108068762574, -0.0069029344256653635, -0.00939011123584299, -0.0080685057173282, -0.008233500853499942, 0.004531360388275951]","[0.0, 0.0, 0.0, 0.0, 0.0, 0.0, 0.1003873199224472, 0.1003873199224472, 0.0, 0.0, 0.0, 0.0, 0.0, 0.1003873199224472, 0.1003873199224472, 0.1003873199224472, 0.0, 0.0, 0.0, 0.1003873199224472, 0.0, 0.0, 0.1003873199224472, 0.1003873199224472, 0.0, 0.1003873199224472, 0.0, 0.0, 0.09651412069797516, 0.0]","[0.0, 0.0, 0.0, 1.0, 0.0, 0.0, 1.170320445898912e-22, 0.0, 3.380314134934254e-22, 1.1689054522881513e-22, 0.0, 0.0, 0.0, 3.387306885007917e-22, 0.0, 0.0, 0.0, 3.3821504786911266e-22, 0.0, 0.0, 1.1678587155879824e-22, 0.0, 3.3806541863696987e-22, 1.1730917940694904e-22, 1.1696787854525292e-22, 0.0, 0.0, 0.0, 0.0, 0.0]","[0.0, 0.004515981249611827, 0.0, 0.885747919522262, 0.0, 0.009844005208929713, 0.011912751813340765, 0.01565234687228524, 0.0, 0.0, 0.0, 0.0, 0.013526321302642261, 0.0026085721098334934, 0.009849008905378933, 0.007112830817796045, 0.0, 0.0, 0.0, 0.0, 0.008810215655126817, 0.0, 0.0076438718425491815, 0.004215441384771135, 0.0, 0.009972041706701467, 0.0, 0.008588691608771295, 0.0, 0.0]","[0.0, 0.0, 0.0, 0.0, 0.0, 0.0, 0.1003873199224472, 0.1003873199224472, 0.0, 0.0, 0.0, 0.0, 0.0, 0.1003873199224472, 0.1003873199224472, 0.1003873199224472, 0.0, 0.0, 0.0, 0.1003873199224472, 0.0, 0.0, 0.1003873199224472, 0.1003873199224472, 0.0, 0.1003873199224472, 0.0, 0.0, 0.09651412069797516, 0.0]",-0.002732076068900843
38,0.953019454161899,"[0.9941974678631281, 0.9910073126767435, 0.98613018081539, 1.0023238751854997, 0.9945083983450614, 1.0062685031655054, 0.990230425510217, 1.0090415918796178, 1.0179696848691397, 1.0069245998655847, 1.0089313593505094, 1.0136723907244627, 0.9962551095792228, 0.9973865745788044, 0.9926410372496972, 0.9850093064144178, 1.0181232164235283, 1.011927237754485, 0.9969113266482883, 1.006581454201502, 1.0069833121416658, 0.9954788442115722, 0.9979686887202884, 1.012730422457176, 1.0111531080687626, 0.9930970655743346, 0.990609888764157, 0.9919314942826718, 0.9917664991465001, 1.004531360388276]","[0.9929258182084323, 1.0202859425170057, 1.002643056117196, 1.0057124930898549, 0.9769806574457203, 1.0108496903777413, 0.9959736389432012, 0.9867505364316873, 0.9802510502205255, 1.0108383086763153, 1.0036130802547107, 0.987702023293402, 1.0182004453162523, 0.9949858700032157, 0.9962271561173555, 1.0083496588636411, 0.9848729795502879, 1.0086526116275631, 1.009660125324164, 0.9979404624276494, 1.018016758267106, 1.0017092971609567, 0.9909834572745339, 1.0119426863174903, 1.0020280258572978, 1.0028781030254679, 1.0305608319806787, 0.9974368195687177, 0.9954670472282702, 1.0065784285735364]","[-0.007074181791567713, 0.020285942517005662, 0.002643056117195952, 0.0057124930898548865, -0.02301934255427973, 0.010849690377741306, -0.004026361056798766, -0.013249463568312692, -0.0197489497794745, 0.0108383086763153, 0.0036130802547107432, -0.012297976706598046, 0.01820044531625231, -0.0050141299967843, -0.0037728438826445387, 0.00834965886364114, -0.015127020449712147, 0.008652611627563145, 0.009660125324163937, -0.002059537572350556, 0.018016758267106026, 0.001709297160956691, -0.009016542725466148, 0.011942686317490292, 0.002028025857297777, 0.0028781030254678708, 0.030560831980678715, -0.0025631804312823414, -0.004532952771729826, 0.00657842857353641]","[0.0, 0.0, 0.0, 0.0, 0.1117100790143013, 0.0, 0.0, 0.0, 0.11979276686906815, 0.1004365012049675, 0.11979276686906815, 0.0, 0.11979276686906815, 0.10016410797834396, 0.0, 0.0, 0.0, 0.0, 0.0, 0.0, 0.0, 0.0512097105383873, 0.0, 0.10387507826089859, 0.0, 0.05343349650502205, 0.11979276686906815, 0.0, 0.0, 0.0]","[0.0, 2.275735279891979e-22, 0.0, 1.0, 0.0, 0.0, 2.2786019213505725e-22, 0.0, 0.0, 3.3876953610398073e-22, 0.0, 0.0, 0.0, 5.606003097606742e-22, 3.3735886760185913e-22, 3.3765498399618137e-22, 0.0, 0.0, 0.0, 0.0, 0.0, 0.0, 0.0, 5.612237931446565e-22, 3.3884326615648547e-22, 0.0, 0.0, 0.0, 3.3888949132860857e-22, 0.0]","[0.015344878941177321, 0.0, 0.006114903397505235, 0.8970214612437815, 0.00843216238486626, 0.0, 0.0, 0.0029973516796730614, 0.0, 0.00788425750412498, 3.579295871367005e-05, 0.0, 0.00450994455979049, 0.0, 0.0, 0.0, 0.0, 0.007946761773799795, 0.008440540775776339, 0.016513488748967922, 0.0061222259513037235, 0.0, 0.0, 0.0, 0.0, 0.011428678741655414, 0.006582829204818898, 0.0, 0.0, 0.0006247221340453509]","[0.0, 0.0, 0.0, 0.0, 0.1117100790143013, 0.0, 0.0, 0.0, 0.11979276686906815, 0.1004365012049675, 0.11979276686906815, 0.0, 0.11979276686906815, 0.10016410797834396, 0.0, 0.0, 0.0, 0.0, 0.0, 0.0, 0.0, 0.0512097105383873, 0.0, 0.10387507826089859, 0.0, 0.05343349650502205, 0.11979276686906815, 0.0, 0.0, 0.0]",0.003046307945089389
39,0.9493393700324935,"[0.9929258182084323, 1.0202859425170057, 1.002643056117196, 1.0057124930898549, 0.9769806574457203, 1.0108496903777413, 0.9959736389432012, 0.9867505364316873, 0.9802510502205255, 1.0108383086763153, 1.0036130802547107, 0.987702023293402, 1.0182004453162523, 0.9949858700032157, 0.9962271561173555, 1.0083496588636411, 0.9848729795502879, 1.0086526116275631, 1.009660125324164, 0.9979404624276494, 1.018016758267106, 1.0017092971609567, 0.9909834572745339, 1.0119426863174903, 1.0020280258572978, 1.0028781030254679, 1.0305608319806787, 0.9974368195687177, 0.9954670472282702, 1.0065784285735364]","[1.0162572406478936, 0.9847985577464571, 1.0177285817452428, 1.0090812841000518, 0.9875322698592117, 1.0176888836101867, 0.9944566401929017, 1.023083183411696, 1.0038168063801387, 1.0081393451089882, 1.0081704548300843, 0.9843433033568473, 0.9918114760119786, 1.0220431366896991, 1.001787553513129, 1.004809054044954, 0.9986531438576367, 0.9944895385768314, 1.0216939811820427, 1.0160107781970098, 1.0040332426042868, 0.9924589333700056, 0.9875272525199617, 1.0017364779607698, 1.0001538916650725, 1.0166318585321803, 1.0054206963583987, 1.0128203540585263, 0.9809857361970605, 1.020900912449599]","[0.016257240647893578, -0.015201442253542918, 0.017728581745242833, 0.009081284100051823, -0.01246773014078828, 0.017688883610186723, -0.0055433598070983026, 0.023083183411696018, 0.003816806380138704, 0.008139345108988172, 0.008170454830084273, -0.015656696643152723, -0.00818852398802139, 0.02204313668969915, 0.001787553513129092, 0.004809054044953909, -0.0013468561423632952, -0.005510461423168578, 0.021693981182042688, 0.0160107781970098, 0.004033242604286835, -0.007541066629994431, -0.012472747480038349, 0.001736477960769811, 0.00015389166507251417, 0.0166318585321803, 0.005420696358398702, 0.012820354058526329, -0.01901426380293947, 0.020900912449598907]","[0.0, 0.1188322901725769, 0.06821302324533463, 0.0, 0.0, 0.0, 0.0, 0.0, 0.0, 0.0, 0.0, 0.10630452632904053, 0.1278039813041687, 0.0, 0.09546539932489395, 0.0, 0.0, 0.09701570868492126, 0.0, 0.0, 0.0, 0.08708877861499786, 0.11437249183654785, 0.07932352274656296, 0.0, 0.10558026283979416, 0.0, 0.0, 0.0, 0.0]","[0.0, 0.0, 0.0, 1.0, 0.0, 0.0, 2.276921089564991e-22, 0.0, 0.0, 6.716706289201102e-22, 0.0, 0.0, 0.0, 2.2738724560466705e-22, 0.0, 0.0, 0.0, 0.0, 4.612828605835643e-22, 2.2746026811056957e-22, 4.495297644138626e-22, 0.0, 4.48791876637338e-22, 2.279735256242688e-22, 0.0, 0.0, 0.0, 2.274159323342702e-22, 0.0, 0.0]","[0.000980247632210774, 0.0, 0.0, 0.9127441247156547, 0.006770540753885413, 0.0, 0.0020915569562361567, 0.0, 0.008113222909272322, 0.02207938936115845, 0.0, 0.003557849063172913, 0.001536274993863786, 0.003321290266955925, 0.00760572402843745, 0.00023834150952702042, 0.0, 0.0021016075966090986, 0.0, 0.0, 0.0043630391459830555, 0.006792721625679305, 0.0, 0.002275489558461053, 0.0, 0.0, 0.004290895560893702, 0.0, 0.008606531576440233, 0.002531152745558767]","[0.0, 0.1188322901725769, 0.06821302324533463, 0.0, 0.0, 0.0, 0.0, 0.0, 0.0, 0.0, 0.0, 0.10630452632904053, 0.1278039813041687, 0.0, 0.09546539932489395, 0.0, 0.0, 0.09701570868492126, 0.0, 0.0, 0.0, 0.08708877861499786, 0.11437249183654785, 0.07932352274656296, 0.0, 0.10558026283979416, 0.0, 0.0, 0.0, 0.0]",-0.004308099085281388
40,0.9554541160359064,"[1.0162572406478936, 0.9847985577464571, 1.0177285817452428, 1.0090812841000518, 0.9875322698592117, 1.0176888836101867, 0.9944566401929017, 1.023083183411696, 1.0038168063801387, 1.0081393451089882, 1.0081704548300843, 0.9843433033568473, 0.9918114760119786, 1.0220431366896991, 1.001787553513129, 1.004809054044954, 0.9986531438576367, 0.9944895385768314, 1.0216939811820427, 1.0160107781970098, 1.0040332426042868, 0.9924589333700056, 0.9875272525199617, 1.0017364779607698, 1.0001538916650725, 1.0166318585321803, 1.0054206963583987, 1.0128203540585263, 0.9809857361970605, 1.020900912449599]","[1.0118467515261653, 1.0034534561488242, 0.9960253302205023, 1.0111572473080728, 1.013424403301062, 0.9974723938026749, 0.9925220333399049, 1.0201074039644393, 0.9835157802014532, 0.9909437226249331, 1.000083189212933, 0.9989549096604475, 1.0207306933093032, 1.007492024703275, 1.0010877101683031, 0.9970959192459558, 0.9952349135157367, 1.0153606727861697, 0.9762388169225946, 0.9907014097987507, 0.9953228931104542, 0.997132189968015, 1.0052578427202277, 0.9843414522716707, 0.9934201427214508, 0.9920922678003357, 0.9657882742491206, 1.0088387260016938, 1.0322761478024873, 1.0202647110006022]","[0.011846751526165322, 0.0034534561488241966, -0.003974669779497675, 0.01115724730807277, 0.013424403301061982, -0.0025276061973250608, -0.007477966660095148, 0.02010740396443933, -0.01648421979854675, -0.009056277375066868, 8.318921293293258e-05, -0.001045090339552468, 0.020730693309303216, 0.007492024703275035, 0.0010877101683031132, -0.002904080754044247, -0.004765086484263326, 0.015360672786169705, -0.02376118307740538, -0.009298590201249346, -0.004677106889545812, -0.0028678100319849964, 0.005257842720227668, -0.01565854772832931, -0.0065798572785491505, -0.007907732199664341, -0.034211725750879385, 0.008838726001693775, 0.03227614780248733, 0.02026471100060223]","[0.0, 0.0, 0.0, 0.0, 0.0914778932929039, 0.0, 0.0, 0.1068829596042633, 0.0, 0.0, 0.0, 0.1068829596042633, 0.1068829596042633, 0.10602426528930664, 0.10211659222841263, 0.0, 0.0, 0.1068829596042633, 0.0, 0.0, 0.0, 0.0, 0.09256760776042938, 0.09779595583677292, 0.08248576521873474, 0.0, 0.0, 0.0, 0.0, 0.0]","[0.0, 5.6048039841027125e-22, 0.0, 1.0, 0.0, 0.0, 3.3870543242865776e-22, 0.0, 0.0, 3.385682511072876e-22, 0.0, 0.0, 0.0, 0.0, 0.0, 0.0, 3.388465034629142e-22, 0.0, 4.334980799898158e-22, 3.3844120686425366e-22, 3.939943792815555e-22, 0.0, 0.0, 3.389701954107165e-22, 3.3867006936583553e-22, 0.0, 0.0, 0.0, 0.0, 0.0]","[0.0, 0.009167601837387221, 0.005204278477745887, 0.9122286505625314, 0.0053300228967368786, 0.0, 0.011019019425742658, 0.0, 0.0023200391052852947, 0.0, 0.014749830974297986, 0.0008167131086225975, 0.0, 0.0, 0.0, 0.002861890780448934, 0.0016021096454316883, 0.0, 0.0, 0.001734275759046566, 0.009796202718536266, 0.0, 0.0, 0.0, 0.00017579705261678235, 0.004033984332325627, 0.0, 0.0074267119779573235, 0.011532871345286933, 0.0]","[0.0, 0.0, 0.0, 0.0, 0.0914779007434845, 0.0, 0.0, 0.1068829745054245, 0.0, 0.0, 0.0, 0.1068829745054245, 0.1068829745054245, 0.10602428019046783, 0.10211660712957382, 0.0, 0.0, 0.1068829745054245, 0.0, 0.0, 0.0, 0.0, 0.09256761521100998, 0.09779597073793411, 0.08248577266931534, 0.0, 0.0, 0.0, 0.0, 0.0]",0.006040658139500062
41,0.962192906753206,"[1.0118467515261653, 1.0034534561488242, 0.9960253302205023, 1.0111572473080728, 1.013424403301062, 0.9974723938026749, 0.9925220333399049, 1.0201074039644393, 0.9835157802014532, 0.9909437226249331, 1.000083189212933, 0.9989549096604475, 1.0207306933093032, 1.007492024703275, 1.0010877101683031, 0.9970959192459558, 0.9952349135157367, 1.0153606727861697, 0.9762388169225946, 0.9907014097987507, 0.9953228931104542, 0.997132189968015, 1.0052578427202277, 0.9843414522716707, 0.9934201427214508, 0.9920922678003357, 0.9657882742491206, 1.0088387260016938, 1.0322761478024873, 1.0202647110006022]","[1.0161506489266865, 0.9995964272269803, 1.0066443922166541, 0.9991930085736944, 0.9797633483475724, 1.0000993537111251, 1.0138095742095041, 0.9923913419944308, 1.007559333217495, 0.9907493263560615, 0.9841571760633108, 1.0225942939718429, 0.9932688004685235, 0.9924343958087405, 1.0155783267570966, 0.9965202936811214, 1.0017170530903454, 1.0124012072976392, 1.010633993533923, 0.9869204795995354, 0.9902815011858982, 1.0091257082732763, 1.0150010025740912, 1.0000229333185495, 1.0072108737568162, 1.0270456191675703, 1.0191331725980546, 1.0355543410195729, 0.9993972811353211, 0.9923444069408449]","[0.016150648926686495, -0.0004035727730197225, 0.006644392216654138, -0.0008069914263055811, -0.020236651652427606, 9.935371112512748e-05, 0.013809574209504127, -0.007608658005569202, 0.007559333217495023, -0.0092506736439385, -0.015842823936689232, 0.02259429397184287, -0.006731199531476495, -0.007565604191259512, 0.015578326757096583, -0.003479706318878617, 0.0017170530903454218, 0.01240120729763916, 0.010633993533923025, -0.013079520400464562, -0.009718498814101806, 0.0091257082732763, 0.015001002574091205, 2.2933318549522852e-05, 0.007210873756816172, 0.02704561916757031, 0.019133172598054582, 0.03555434101957289, -0.0006027188646788861, -0.007655593059155086]","[0.13641417026519775, 0.0, 0.04867678880691528, 0.0, 0.0, 0.0, 0.0, 0.0, 0.06138250604271889, 0.0, 0.06331919133663177, 0.0, 0.12653864920139313, 0.07866629958152771, 0.0, 0.07575982809066772, 0.13641417026519775, 0.13641417026519775, 0.0, 0.0, 0.0, 0.0, 0.0, 0.0, 0.0, 0.0, 0.0, 0.13641417026519775, 0.0, 0.0]","[0.0, 0.0, 0.0, 1.0, 0.0, 0.0, 1.1723615274103784e-22, 1.1625669827713512e-22, 0.0, 0.0, 0.0, 0.0, 0.0, 1.1680106579636776e-22, 0.0, 0.0, 0.0, 1.1624509441055323e-22, 5.926374705910625e-23, 0.0, 0.0, 1.1582201373780836e-22, 0.0, 0.0, 0.0, 0.0, 6.092104582349705e-23, 0.0, 1.1711311550464603e-22, 5.991021001672443e-23]","[0.0009239897159987769, 0.0, 0.013502365412477341, 0.871991469954588, 0.0, 0.0, 0.0, 0.0, 0.0, 0.012512600181323195, 1.642574894651101e-05, 0.016665063312639276, 0.0, 0.013781871931830468, 0.004898110657742612, 0.007502799252704905, 0.0, 0.0, 0.0, 0.004522205447316441, 0.0020983122538202744, 0.012322793515582034, 0.0, 0.022777372585378153, 0.0022508386861678233, 0.0, 0.0, 0.0, 0.010022037409089395, 0.004211743934394465]","[0.13641418516635895, 0.0, 0.04867679253220558, 0.0, 0.0, 0.0, 0.0, 0.0, 0.061382509768009186, 0.0, 0.06331919878721237, 0.0, 0.12653866410255432, 0.0786663070321083, 0.0, 0.07575983554124832, 0.13641418516635895, 0.13641418516635895, 0.0, 0.0, 0.0, 0.0, 0.0, 0.0, 0.0, 0.0, 0.0, 0.13641418516635895, 0.0, 0.0]",0.006670650650192015
42,0.9555768654394587,"[1.0161506489266865, 0.9995964272269803, 1.0066443922166541, 0.9991930085736944, 0.9797633483475724, 1.0000993537111251, 1.0138095742095041, 0.9923913419944308, 1.007559333217495, 0.9907493263560615, 0.9841571760633108, 1.0225942939718429, 0.9932688004685235, 0.9924343958087405, 1.0155783267570966, 0.9965202936811214, 1.0017170530903454, 1.0124012072976392, 1.010633993533923, 0.9869204795995354, 0.9902815011858982, 1.0091257082732763, 1.0150010025740912, 1.0000229333185495, 1.0072108737568162, 1.0270456191675703, 1.0191331725980546, 1.0355543410195729, 0.9993972811353211, 0.9923444069408449]","[1.002582754484778, 1.0094648873796979, 1.009238000683985, 0.992178191042056, 0.9928209163803374, 1.0012849037414095, 1.0112397841826883, 1.0181025061678597, 0.9756726162157382, 1.0012855798215323, 0.9999090195587554, 0.9992333840079932, 0.982762714358008, 0.996137153231465, 0.983146780476354, 1.0293096454142545, 0.985481183046922, 0.999228491823517, 0.9968671660788488, 1.0399084126579647, 0.9895605997201211, 0.9990074429583732, 0.982007628338693, 0.9923342234783226, 1.0050952031022622, 1.0073192762393655, 0.9967011264644305, 0.9784447373015508, 1.0183785542742576, 0.9980031810990456]","[0.0025827544847780715, 0.009464887379697862, 0.009238000683984948, -0.007821808957944043, -0.007179083619662574, 0.0012849037414095488, 0.01123978418268834, 0.01810250616785969, -0.024327383784261802, 0.0012855798215323233, -9.098044124455917e-05, -0.0007666159920067805, -0.017237285641992006, -0.0038628467685349888, -0.016853219523646046, 0.029309645414254515, -0.014518816953077995, -0.0007715081764829712, -0.003132833921151157, 0.03990841265796474, -0.010439400279878885, -0.0009925570416268181, -0.01799237166130696, -0.0076657765216774365, 0.005095203102262191, 0.007319276239365458, -0.0032988735355694576, -0.021555262698449207, 0.018378554274257608, -0.001996818900954378]","[0.11062856018543243, 0.0, 0.0, 0.0, 0.10663377493619919, 0.0, 0.05633176118135452, 0.0, 0.12215329706668854, 0.10280532389879227, 0.0, 0.0, 0.10404997318983078, 0.07778844982385635, 0.0, 0.0, 0.0, 0.0, 0.0, 0.0, 0.12234404683113098, 0.0, 0.0, 0.07492084056138992, 0.0, 0.0, 0.0, 0.0, 0.0, 0.12234404683113098]","[0.0, 2.284223548710345e-22, 0.0, 1.0, 0.0, 0.0, 0.0, 0.0, 0.0, 0.0, 0.0, 0.0, 0.0, 0.0, 0.0, 0.0, 3.399805603538104e-22, 0.0, 3.0944483734417874e-22, 0.0, 2.2849427487602924e-22, 0.0, 0.0, 2.2915331862434174e-22, 2.2880139143031076e-22, 0.0, 0.0, 2.2854088257789863e-22, 4.507051211745163e-22, 3.3779747636673677e-22]","[0.017016561307182845, 0.0, 0.0, 0.8821495202627382, 0.0072724100969924245, 0.005972710208366283, 0.0, 0.0, 0.0, 0.0051166834653718855, 0.003111139730013846, 0.0, 0.010943697890957286, 0.002252865939307491, 0.0, 0.0, 0.008080460605549568, 0.001304394743543039, 0.009185285087542745, 0.0, 0.0005141880822304541, 0.005219004844291096, 0.00944872500533914, 0.005717105169783201, 0.0, 0.01041827087166593, 0.0, 0.009960577865361113, 0.006316398823763334, 0.0]","[0.11062856018543243, 0.0, 0.0, 0.0, 0.10663377493619919, 0.0, 0.05633176118135452, 0.0, 0.12215329706668854, 0.10280532389879227, 0.0, 0.0, 0.10404997318983078, 0.07778844982385635, 0.0, 0.0, 0.0, 0.0, 0.0, 0.0, 0.12234404683113098, 0.0, 0.0, 0.07492084056138992, 0.0, 0.0, 0.0, 0.0, 0.0, 0.12234404683113098]",-0.007324415273894046
43,0.9505990706647246,"[1.002582754484778, 1.0094648873796979, 1.009238000683985, 0.992178191042056, 0.9928209163803374, 1.0012849037414095, 1.0112397841826883, 1.0181025061678597, 0.9756726162157382, 1.0012855798215323, 0.9999090195587554, 0.9992333840079932, 0.982762714358008, 0.996137153231465, 0.983146780476354, 1.0293096454142545, 0.985481183046922, 0.999228491823517, 0.9968671660788488, 1.0399084126579647, 0.9895605997201211, 0.9990074429583732, 0.982007628338693, 0.9923342234783226, 1.0050952031022622, 1.0073192762393655, 0.9967011264644305, 0.9784447373015508, 1.0183785542742576, 0.9980031810990456]","[1.0173411828046142, 0.9918226029879098, 0.984062643797519, 0.9839578905294133, 1.0083156435624958, 0.9870839685093392, 1.0037318267317135, 1.016647117603775, 1.0267644735327628, 1.0270690841730339, 0.9790172456073679, 0.9995920229552007, 0.9860803086910971, 0.992956072588709, 1.0169959561653488, 0.9950090799446113, 1.0110934752627865, 0.9894514296362485, 0.9980368813113526, 0.9939127651783348, 0.9790392259618672, 1.0100341766496568, 1.001287450204095, 1.0071600762573172, 0.9799843922972804, 0.9857895052747782, 0.9953084831380989, 1.0104690947932633, 0.9904427034837724, 1.010737825076348]","[0.017341182804614164, -0.008177397012090193, -0.015937356202481046, -0.016042109470586707, 0.008315643562495811, -0.012916031490660784, 0.0037318267317134612, 0.01664711760377502, 0.02676447353276279, 0.027069084173033886, -0.020982754392632086, -0.0004079770447993347, -0.013919691308902915, -0.007043927411291007, 0.01699595616534877, -0.004990920055388703, 0.011093475262786479, -0.010548570363751453, -0.001963118688647403, -0.006087234821665177, -0.02096077403813279, 0.010034176649656779, 0.001287450204094931, 0.007160076257317183, -0.020015607702719596, -0.014210494725221845, -0.004691516861901057, 0.0104690947932633, -0.009557296516227609, 0.010737825076347907]","[0.0, 0.10838290303945541, 0.0, 0.0, 0.09221015870571136, 0.0, 0.10838290303945541, 0.0, 0.0, 0.0, 0.08733818680047989, 0.10838290303945541, 0.0, 0.0, 0.0, 0.0, 0.0, 0.0, 0.10838290303945541, 0.07789027690887451, 0.0, 0.0, 0.0, 0.0, 0.0, 0.10838290303945541, 0.10838290303945541, 0.0, 0.09226386249065399, 0.0]","[0.0, 0.0, 0.0, 1.0, 0.0, 5.1023430165500614e-24, 0.0, 0.0, 4.6893316417333425e-24, 5.5646514494845685e-24, 0.0, 0.0, 0.0, 0.0, 0.0, 0.0, 5.7437117446354036e-24, 0.0, 0.0, 0.0, 0.0, 0.0, 0.0, -2.1608199062728423e-22, 5.7213311382937254e-24, 0.0, -5.049731329459989e-23, 0.0, 6.118081230849355e-23, 3.1739866839297855e-23]","[0.0010731121403316699, 0.0, 0.0014875495858632426, 0.8987433624490654, 0.02221109986302686, 0.004370604608562606, 0.0, 0.0, 0.0, 0.006184824571379795, 0.004663979688912834, 0.0, 0.0, 0.0, 0.002390073692119783, 0.006291231921220519, 0.0014997914012820188, 0.00541138673359704, 0.005672276444497237, 0.0, 0.0007371195488112028, 0.007535863672517254, 0.0, 0.003763120616548616, 0.005140865443805136, 0.0, 0.007774253252739542, 0.008042272932790263, 0.007007211432928983, 0.0]","[0.0, 0.10838291794061661, 0.0, 0.0, 0.09221016615629196, 0.0, 0.10838291794061661, 0.0, 0.0, 0.0, 0.08733819425106049, 0.10838291794061661, 0.0, 0.0, 0.0, 0.0, 0.0, 0.0, 0.10838291794061661, 0.07789028435945511, 0.0, 0.0, 0.0, 0.0, 0.0, 0.10838291794061661, 0.10838291794061661, 0.0, 0.09226386994123459, 0.0]",-0.005665872533726009
44,0.946869255717387,"[1.0173411828046142, 0.9918226029879098, 0.984062643797519, 0.9839578905294133, 1.0083156435624958, 0.9870839685093392, 1.0037318267317135, 1.016647117603775, 1.0267644735327628, 1.0270690841730339, 0.9790172456073679, 0.9995920229552007, 0.9860803086910971, 0.992956072588709, 1.0169959561653488, 0.9950090799446113, 1.0110934752627865, 0.9894514296362485, 0.9980368813113526, 0.9939127651783348, 0.9790392259618672, 1.0100341766496568, 1.001287450204095, 1.0071600762573172, 0.9799843922972804, 0.9857895052747782, 0.9953084831380989, 1.0104690947932633, 0.9904427034837724, 1.010737825076348]","[0.9826390746137021, 1.0083004656085561, 1.0010876512316893, 0.9897139622401627, 1.0190210898844907, 0.982694408170847, 1.0015997032749218, 0.9817878898428213, 1.0039980159474844, 0.960736640829066, 0.9892497743469598, 1.0057647287338292, 0.999331799398661, 0.9917481618511442, 1.0089989678872042, 1.0004086627023858, 1.01499884366551, 0.9962319493694733, 1.0062202973072263, 1.0103993002569298, 0.9968627358269226, 0.9659447650429245, 1.0061004640860503, 1.010468490073363, 0.9957580791065432, 1.0083440867600866, 0.9976346080272505, 1.00923042615341, 1.0216150626149367, 1.011590556372766]","[-0.017360925386297854, 0.008300465608556129, 0.0010876512316893017, -0.010286037759837274, 0.019021089884490694, -0.017305591829153033, 0.00159970327492176, -0.018212110157178718, 0.00399801594748439, -0.03926335917093404, -0.01075022565304018, 0.005764728733829161, -0.0006682006013389863, -0.008251838148855772, 0.008998967887204223, 0.00040866270238582025, 0.014998843665509964, -0.0037680506305266537, 0.006220297307226286, 0.010399300256929811, -0.0031372641730773587, -0.03405523495707552, 0.00610046408605025, 0.010468490073362924, -0.004241920893456763, 0.008344086760086578, -0.002365391972749542, 0.009230426153409965, 0.02161506261493673, 0.01159055637276607]","[0.12887455523014069, 0.0, 0.07167033106088638, 0.0, 0.0, 0.0, 0.0, 0.0, 0.0, 0.09239703416824341, 0.12887455523014069, 0.12876056134700775, 0.0, 0.12887455523014069, 0.0, 0.0, 0.11740808188915253, 0.0, 0.05883445218205452, 0.0, 0.0, 0.0, 0.015431280247867107, 0.12887455523014069, 0.0, 0.0, 0.0, 0.0, 0.0, 0.0]","[0.0, 0.0, 0.0, 1.0, 0.0, -2.168387696873145e-22, 0.0, 0.0, 0.0, 0.0, 0.0, -1.0585886307184322e-22, 0.0, -1.0560504136250977e-22, 0.0, 0.0, -3.269327833738329e-22, 0.0, 3.670108333015717e-24, -2.161829319744914e-22, 0.0, 0.0, -1.0603994854550108e-22, 0.0, 0.0, 0.0, -2.72362166488119e-22, 0.0, -1.6073651545638065e-22, 0.0]","[0.0, 0.000371216154734859, 0.0, 0.9108602258456123, 0.0021982672913456354, 0.0053000060003282395, 0.008776895370285245, 0.0048495852613273886, 0.006101096940134182, 0.0, 0.007354967219363445, 0.0, 0.0, 0.005486246163532426, 0.001538761817144531, 0.003973069377361367, 0.0049345820552745435, 0.0, 0.0, 0.0, 0.0, 0.010627590504341982, 0.007527746721252691, 0.01689185259330822, 0.0, 0.0, 0.0, 0.0006480851448675346, 0.0, 0.0025598055397852947]","[0.12887455523014069, 0.0, 0.07167033106088638, 0.0, 0.0, 0.0, 0.0, 0.0, 0.0, 0.09239703416824341, 0.12887455523014069, 0.12876056134700775, 0.0, 0.12887455523014069, 0.0, 0.0, 0.11740808188915253, 0.0, 0.05883445218205452, 0.0, 0.0, 0.0, 0.015431280247867107, 0.12887455523014069, 0.0, 0.0, 0.0, 0.0, 0.0, 0.0]",-0.00440594098678811
45,0.9442013573263912,"[0.9826390746137021, 1.0083004656085561, 1.0010876512316893, 0.9897139622401627, 1.0190210898844907, 0.982694408170847, 1.0015997032749218, 0.9817878898428213, 1.0039980159474844, 0.960736640829066, 0.9892497743469598, 1.0057647287338292, 0.999331799398661, 0.9917481618511442, 1.0089989678872042, 1.0004086627023858, 1.01499884366551, 0.9962319493694733, 1.0062202973072263, 1.0103993002569298, 0.9968627358269226, 0.9659447650429245, 1.0061004640860503, 1.010468490073363, 0.9957580791065432, 1.0083440867600866, 0.9976346080272505, 1.00923042615341, 1.0216150626149367, 1.011590556372766]","[0.974583035190219, 1.0103122819643071, 0.987781112510775, 0.9965415245410779, 0.9897384030369009, 1.0321329088030131, 0.9969716370718118, 1.0084040285691724, 0.9885808985075897, 1.0056144099088034, 0.9828191155044069, 1.00247060413075, 0.9910881829514684, 1.0092739765409493, 0.9879224362773675, 1.0154021855397874, 1.0082825294245916, 1.0146271752180156, 0.9873687414837997, 1.0118874435309708, 0.980939057646811, 0.9826892915319818, 0.9904736824234528, 1.0013680164970162, 0.9915526988009764, 0.9905276496370933, 0.9690898974104132, 0.9887663496096077, 0.9948294442028832, 0.978084704077321]","[-0.02541696480978095, 0.010312281964307113, -0.01221888748922495, -0.0034584754589220834, -0.01026159696309914, 0.032132908803013116, -0.0030283629281881996, 0.00840402856917244, -0.011419101492410322, 0.005614409908803353, -0.017180884495593074, 0.002470604130750065, -0.008911817048531612, 0.009273976540949302, -0.012077563722632467, 0.01540218553978745, 0.008282529424591623, 0.014627175218015598, -0.012631258516200283, 0.01188744353097082, -0.019060942353189003, -0.017310708468018188, -0.009526317576547205, 0.0013680164970162334, -0.008447301199023594, -0.009472350362906723, -0.03091010258958682, -0.011233650390392258, -0.005170555797116783, -0.021915295922679046]","[0.0, 0.0, 0.0, 0.0, 0.0, 0.08757443726062775, 0.0, 0.0, 0.0, 0.0, 0.0, 0.10847069323062897, 0.10847069323062897, 0.10847069323062897, 0.0, 0.10590071231126785, 0.0, 0.0, 0.0, 0.0, 0.1036970242857933, 0.0, 0.0, 0.09477230906486511, 0.0, 0.0, 0.10847069323062897, 0.0, 0.08640356361865997, 0.08776917308568954]","[0.0, 1.1665747893061016e-22, 0.0, 1.0, 2.2687256706281763e-22, 0.0, 1.1714858513764617e-22, 0.0, 0.0, 0.0, 3.380221587128708e-22, 0.0, 0.0, 1.1638625851807054e-22, 2.336440262081488e-22, 0.0, 0.0, 0.0, 0.0, 0.0, 1.163749892702609e-22, 0.0, 0.0, 0.0, 0.0, 0.0, 0.0, 1.1681616555551791e-22, 1.1695531897368436e-22, 0.0]","[0.0013970602105023782, 0.0, 0.016082815890057885, 0.8673580919559157, 0.0, 0.0029402225901297573, 0.010432376914979507, 0.0, 0.003111882759026417, 0.02054804385141242, 0.0024525041922328177, 0.0, 0.0, 0.0, 0.00857611104863924, 0.0, 0.011496389506719055, 0.0, 0.0014292442003199408, 0.0, 0.004901202888539798, 0.0, 0.011578984255427577, 0.0025238475083990014, 0.001268563774021307, 0.02308642681344219, 0.007728076627361361, 0.0, 0.003088155012873654, 0.0]","[0.0, 0.0, 0.0, 0.0, 0.0, 0.08757444471120834, 0.0, 0.0, 0.0, 0.0, 0.0, 0.10847070068120956, 0.10847070068120956, 0.10847070068120956, 0.0, 0.10590071976184845, 0.0, 0.0, 0.0, 0.0, 0.1036970317363739, 0.0, 0.0, 0.09477231651544571, 0.0, 0.0, 0.10847070068120956, 0.0, 0.08640357106924057, 0.08776918053627014]",-0.003210984799220801
46,0.9469845349583917,"[0.974583035190219, 1.0103122819643071, 0.987781112510775, 0.9965415245410779, 0.9897384030369009, 1.0321329088030131, 0.9969716370718118, 1.0084040285691724, 0.9885808985075897, 1.0056144099088034, 0.9828191155044069, 1.00247060413075, 0.9910881829514684, 1.0092739765409493, 0.9879224362773675, 1.0154021855397874, 1.0082825294245916, 1.0146271752180156, 0.9873687414837997, 1.0118874435309708, 0.980939057646811, 0.9826892915319818, 0.9904736824234528, 1.0013680164970162, 0.9915526988009764, 0.9905276496370933, 0.9690898974104132, 0.9887663496096077, 0.9948294442028832, 0.978084704077321]","[1.0136532317557783, 1.0101056425938286, 1.00682120428947, 1.0194847369242832, 1.0054703666122404, 0.9859847093892097, 1.0095900308849763, 0.9859837339011259, 0.9995870370099054, 1.0002913810015153, 0.9988665262590787, 0.9859014137359757, 1.028948980233368, 0.9977643394046056, 1.0112331201268216, 1.0196165814234879, 0.998078981547877, 1.012024652129126, 1.000276890457031, 0.9880082210224469, 0.9975800729692098, 0.9893192292143304, 1.0150680373695131, 1.0186419241141371, 1.023141541723783, 0.9958812980289623, 0.9968358500638813, 0.9774842083909953, 1.0018914080338437, 0.9883582208428977]","[0.013653231755778261, 0.010105642593828623, 0.006821204289469973, 0.019484736924283208, 0.005470366612240429, -0.01401529061079032, 0.009590030884976342, -0.014016266098874075, -0.0004129629900946341, 0.00029138100151526736, -0.0011334737409213202, -0.014098586264024271, 0.028948980233368005, -0.002235660595394373, 0.01123312012682165, 0.019616581423487878, -0.0019210184521230023, 0.012024652129126068, 0.0002768904570309427, -0.011991778977553103, -0.002419927030790192, -0.010680770785669647, 0.015068037369513121, 0.01864192411413712, 0.02314154172378302, -0.004118701971037697, -0.0031641499361186876, -0.022515791609004743, 0.001891408033843689, -0.011641779157102294]","[0.0, 0.0, 0.0, 0.0, 0.0, 0.0, 0.0, 0.06186436489224434, 0.06470600515604019, 0.0, 0.0, 0.0, 0.0, 0.11794187873601913, 0.0, 0.0, 0.0, 0.07319872826337814, 0.0, 0.06531605869531631, 0.0, 0.1474636197090149, 0.0, 0.1474636197090149, 0.1474636197090149, 0.027118556201457977, 0.1474636197090149, 0.0, 0.0, 0.0]","[0.0, 4.2286893217341504e-22, 0.0, 1.0, 0.0, 0.0, 2.2912423388976e-22, 4.501265710550134e-22, 0.0, 2.28886902091218e-22, 0.0, 0.0, 0.0, 0.0, 0.0, 0.0, 0.0, 0.0, 2.6451541199197934e-22, 2.2893726388969073e-22, 0.0, 4.493708431336504e-22, 0.0, 2.2945979994221635e-22, 0.0, 0.0, 0.0, 0.0, 3.3994198082774366e-22, 0.0]","[0.003340912409100468, 0.004312246972082466, 0.005708619042440772, 0.8523847980150343, 0.002845512219182571, 0.0, 0.005329589799442543, 0.0018471433759852545, 0.010815259581935067, 0.012235049556059127, 0.00949797037285156, 0.0, 0.01134044387138979, 0.0027495307584964276, 0.011467591942679873, 0.013821018617348147, 0.011782221329220884, 0.0, 0.00431145946475545, 0.0, 0.0, 0.0, 0.013199875788024654, 0.0, 0.012515429795089265, 0.0, 0.0, 0.0031154478511656813, 0.007379879237715532, 0.0]","[0.0, 0.0, 0.0, 0.0, 0.0, 0.0, 0.0, 0.06186436489224434, 0.06470600515604019, 0.0, 0.0, 0.0, 0.0, 0.11794187873601913, 0.0, 0.0, 0.0, 0.07319872826337814, 0.0, 0.06531605869531631, 0.0, 0.1474636197090149, 0.0, 0.1474636197090149, 0.1474636197090149, 0.027118556201457977, 0.1474636197090149, 0.0, 0.0, 0.0]",0.0024230385798737117
47,0.9422997514649171,"[1.0136532317557783, 1.0101056425938286, 1.00682120428947, 1.0194847369242832, 1.0054703666122404, 0.9859847093892097, 1.0095900308849763, 0.9859837339011259, 0.9995870370099054, 1.0002913810015153, 0.9988665262590787, 0.9859014137359757, 1.028948980233368, 0.9977643394046056, 1.0112331201268216, 1.0196165814234879, 0.998078981547877, 1.012024652129126, 1.000276890457031, 0.9880082210224469, 0.9975800729692098, 0.9893192292143304, 1.0150680373695131, 1.0186419241141371, 1.023141541723783, 0.9958812980289623, 0.9968358500638813, 0.9774842083909953, 1.0018914080338437, 0.9883582208428977]","[0.9888343998990682, 0.9868982231120563, 0.9901171340410274, 1.0039971711765125, 0.9927287050368048, 0.9870786399976534, 1.0194521580601268, 1.0001893026431903, 1.0024612338960037, 0.9959640496821963, 1.0062242401231756, 1.0109795612892927, 0.9949568819906527, 0.9863766000334209, 0.9951442569075676, 1.0154253801184896, 1.0068842956458548, 0.9740879408122769, 0.9988358593511218, 1.0065019677670286, 0.9937235117438742, 1.0140862048178343, 0.9934300513040948, 1.0081083746994841, 0.9989052058932354, 1.003637445300159, 0.992916429911229, 0.9995805503259516, 0.9813888409342207, 0.9885547727354309]","[-0.011165600100931816, -0.013101776887943672, -0.009882865958972586, 0.003997171176512548, -0.0072712949631952295, -0.01292136000234656, 0.01945215806012679, 0.00018930264319028112, 0.0024612338960037228, -0.004035950317803683, 0.006224240123175573, 0.010979561289292672, -0.005043118009347314, -0.01362339996657913, -0.0048557430924324185, 0.015425380118489596, 0.006884295645854799, -0.025912059187723102, -0.0011641406488781536, 0.006501967767028605, -0.006276488256125812, 0.014086204817834291, -0.0065699486959052145, 0.008108374699484111, -0.0010947941067646072, 0.003637445300159081, -0.0070835700887710296, -0.00041944967404838884, -0.01861115906577926, -0.011445227264569091]","[0.12503093481063843, 0.0, 0.09651613980531693, 0.0, 0.0, 0.0, 0.0, 0.0, 0.0, 0.12503093481063843, 0.0, 0.0, 0.12503093481063843, 0.0, 0.0, 0.0, 0.12503093481063843, 0.0, 0.12503093481063843, 0.005674846936017275, 0.0, 0.0, 0.12503093481063843, 0.0, 0.0, 0.0, 0.0, 0.02693224512040615, 0.0, 0.12069121748209]","[2.2572290580063694e-22, 0.0, 0.0, 1.0, 0.0, 0.0, 0.0, 3.384236687052306e-22, 0.0, 0.0, 3.3803107602119533e-22, 3.384369719076248e-22, 0.0, 0.0, 2.2665717101469653e-22, 0.0, 0.0, 0.0, 3.6462038060401495e-22, 0.0, 0.0, 3.377593507808172e-22, 0.0, 1.1726282315449318e-22, 3.3859902994531517e-22, 0.0, 0.0, 0.0, 0.0, 0.0]","[0.0, 0.0, 0.00826754349137801, 0.8867939208093182, 0.0008136445436155148, 0.016407351661525512, 0.0, 0.009823794553959144, 0.0, 0.0, 0.0, 0.0, 0.004916752456924802, 0.0011003786287838676, 0.01699546047542268, 0.0, 0.0, 0.006025727754116482, 0.0, 0.017276999733070272, 0.0, 0.0, 0.0, 0.0049757137865808, 0.005225406666856413, 0.005561626331426749, 0.004805225392908764, 0.01079124518749391, 0.00021920852661881846, 0.0]","[0.12503093481063843, 0.0, 0.09651613980531693, 0.0, 0.0, 0.0, 0.0, 0.0, 0.0, 0.12503093481063843, 0.0, 0.0, 0.12503093481063843, 0.0, 0.0, 0.0, 0.12503093481063843, 0.0, 0.12503093481063843, 0.005674846936017275, 0.0, 0.0, 0.12503093481063843, 0.0, 0.0, 0.0, 0.0, 0.02693224512040615, 0.0, 0.12069121748209]",-0.005434858628847927
48,0.9418517609826174,"[0.9888343998990682, 0.9868982231120563, 0.9901171340410274, 1.0039971711765125, 0.9927287050368048, 0.9870786399976534, 1.0194521580601268, 1.0001893026431903, 1.0024612338960037, 0.9959640496821963, 1.0062242401231756, 1.0109795612892927, 0.9949568819906527, 0.9863766000334209, 0.9951442569075676, 1.0154253801184896, 1.0068842956458548, 0.9740879408122769, 0.9988358593511218, 1.0065019677670286, 0.9937235117438742, 1.0140862048178343, 0.9934300513040948, 1.0081083746994841, 0.9989052058932354, 1.003637445300159, 0.992916429911229, 0.9995805503259516, 0.9813888409342207, 0.9885547727354309]","[1.0074526559198704, 1.0079210069378202, 0.991522316391488, 1.0038963964097054, 1.007503089404977, 1.0013008940230024, 1.0049866291373453, 0.9926572041310319, 1.0088789083559953, 1.0195877881209696, 0.9974009392111126, 1.004284125466138, 1.0158256076064873, 0.9844331523723687, 0.9802929381211654, 0.9936209363662892, 1.0228508044586464, 0.9926428816376821, 1.0075872657886094, 0.9622642128371136, 0.9977630146351611, 1.0059363406455561, 0.9795568362681936, 0.9868056869326919, 0.9837954700176722, 1.0099103096115984, 0.9956488771562454, 1.0166371831415422, 1.0011415919686684, 1.020476064335111]","[0.007452655919870432, 0.007921006937820163, -0.008477683608511977, 0.003896396409705405, 0.007503089404977015, 0.0013008940230023747, 0.0049866291373452665, -0.007342795868968133, 0.008878908355995252, 0.019587788120969618, -0.0025990607888873862, 0.0042841254661381, 0.015825607606487324, -0.015566847627631275, -0.019707061878834642, -0.006379063633710769, 0.0228508044586464, -0.007357118362317894, 0.007587265788609354, -0.03773578716288639, -0.0022369853648388505, 0.0059363406455561485, -0.020443163731806435, -0.013194313067308117, -0.016204529982327798, 0.009910309611598445, -0.004351122843754607, 0.016637183141542167, 0.001141591968668365, 0.020476064335110955]","[0.0, 0.0, 0.0, 0.0, 0.0, 0.0, 0.0, 0.0, 0.0, 0.10000601410865784, 0.0, 0.0, 0.10000601410865784, 0.10000601410865784, 0.10000601410865784, 0.10000601410865784, 0.09994584321975708, 0.0, 0.0, 0.0, 0.0, 0.0, 0.10000601410865784, 0.10000601410865784, 0.0, 0.0, 0.10000601410865784, 0.10000601410865784, 0.0, 0.0]","[0.0, 6.053465454760106e-24, 0.0, 1.0, 0.0, 0.0, 6.478899330400131e-24, 0.0, 0.0, 6.346041946703726e-24, 0.0, 0.0, 1.1641292548025942e-22, 0.0, 1.160012794572693e-22, 0.0, 0.0, 0.0, 0.0, 6.51787610956239e-24, 0.0, 0.0, 0.0, 6.69788322885174e-24, 5.9571135030842975e-24, 0.0, 0.0, 6.4463074250043846e-24, 0.0, 0.0]","[0.004306809623964945, 0.01291066111032613, 0.0, 0.8561410292788061, 0.0, 0.0, 0.005257657056269914, 0.0, 0.017799449890936365, 0.0005135579639098438, 0.005361044271348543, 0.0, 0.011888403264925896, 0.0031604975687207085, 0.0, 0.0028992177787719813, 0.011457165699463428, 0.0, 0.007877748511229271, 0.007062261221364174, 0.019604590349141984, 0.0, 0.0018054075093080892, 0.013308455536728124, 0.011056103735543244, 0.007589939629241292, 0.0, 0.0, 0.0, 0.0]","[0.0, 0.0, 0.0, 0.0, 0.0, 0.0, 0.0, 0.0, 0.0, 0.10000602900981903, 0.0, 0.0, 0.10000602900981903, 0.10000602900981903, 0.10000602900981903, 0.10000602900981903, 0.09994585812091827, 0.0, 0.0, 0.0, 0.0, 0.0, 0.10000602900981903, 0.10000602900981903, 0.0, 0.0, 0.10000602900981903, 0.10000602900981903, 0.0, 0.0]",-0.0008793904125597406
49,0.9404282984135606,"[1.0074526559198704, 1.0079210069378202, 0.991522316391488, 1.0038963964097054, 1.007503089404977, 1.0013008940230024, 1.0049866291373453, 0.9926572041310319, 1.0088789083559953, 1.0195877881209696, 0.9974009392111126, 1.004284125466138, 1.0158256076064873, 0.9844331523723687, 0.9802929381211654, 0.9936209363662892, 1.0228508044586464, 0.9926428816376821, 1.0075872657886094, 0.9622642128371136, 0.9977630146351611, 1.0059363406455561, 0.9795568362681936, 0.9868056869326919, 0.9837954700176722, 1.0099103096115984, 0.9956488771562454, 1.0166371831415422, 1.0011415919686684, 1.020476064335111]","[1.0025404542377148, 0.9985695296767229, 0.9961045399699574, 0.9929778812893835, 0.9960570871099134, 1.007996754136764, 0.9955297568350628, 1.0018955563104446, 0.971373893600406, 0.9932521245797692, 1.0147602520510455, 0.9935706713372625, 0.9989356512446874, 0.9749677257496416, 0.9810085852833612, 0.9885671131232328, 1.0175502075470162, 0.9833192886725677, 0.9921826510213946, 1.0138282378659336, 1.0032627458868566, 1.0077058372531058, 1.020489415946251, 0.9901690487712983, 0.981700104852417, 1.0092629030481741, 1.005320995861621, 0.9975775850280931, 0.9894112190271268, 1.012920184756866]","[0.002540454237714762, -0.0014304703232771443, -0.0038954600300425968, -0.007022118710616532, -0.003942912890086636, 0.00799675413676404, -0.00447024316493716, 0.0018955563104445794, -0.028626106399593954, -0.006747875420230809, 0.014760252051045475, -0.006429328662737488, -0.001064348755312583, -0.025032274250358366, -0.018991414716638788, -0.011432886876767245, 0.017550207547016194, -0.016680711327432318, -0.00781734897860542, 0.013828237865933568, 0.0032627458868565995, 0.007705837253105807, 0.020489415946250977, -0.009830951228701701, -0.018299895147583012, 0.00926290304817412, 0.005320995861620936, -0.002422414971906872, -0.01058878097287319, 0.012920184756866071]","[0.0, 0.09999999403953552, 0.0, 0.0, 0.09999999403953552, 0.0, 0.09999999403953552, 0.0, 0.09999999403953552, 0.0, 0.09999999403953552, 0.0, 0.0, 0.0, 0.09999999403953552, 0.0, 0.09999999403953552, 0.0, 0.0, 0.0, 0.0, 0.09999999403953552, 0.0, 0.0, 0.0, 0.0, 0.0, 0.0, 0.09999999403953552, 0.09999999403953552]","[1.1490815614582566e-22, 6.141902074104242e-23, 0.0, 1.0, 1.1611845277624083e-22, 0.0, 0.0, 2.277004749003547e-22, 0.0, 0.0, 0.0, 0.0, 0.0, 4.498328261676245e-22, 0.0, 0.0, 0.0, 2.272956772993575e-22, 0.0, 2.284369781027311e-22, 2.277201278105754e-22, 0.0, 0.0, 0.0, 2.2787531612086537e-22, 0.0, 0.0, 0.0, 0.0, 0.0]","[0.011433089109006688, 0.009153036911076166, 0.0, 0.9124234460340029, 0.0023703692192431096, 0.0, 0.0, 0.0006536512629136448, 0.0009105201987012482, 0.0, 0.0011918231749715237, 0.0, 0.0, 0.0, 0.0013053500984355306, 9.393879007321954e-05, 0.007845435369234141, 0.012277833353313295, 0.011039298889512475, 0.0, 0.004764670338331398, 0.0, 0.0, 0.014318265997279075, 0.010219271253905583, 0.0, 0.0, 0.0, 0.0, 0.0]","[0.0, 0.09999999403953552, 0.0, 0.0, 0.09999999403953552, 0.0, 0.09999999403953552, 0.0, 0.09999999403953552, 0.0, 0.09999999403953552, 0.0, 0.0, 0.0, 0.09999999403953552, 0.0, 0.09999999403953552, 0.0, 0.0, 0.0, 0.0, 0.09999999403953552, 0.0, 0.0, 0.0, 0.0, 0.0, 0.0, 0.09999999403953552, 0.09999999403953552]",-0.001902567531164706
50,0.9430832717850727,"[1.0025404542377148, 0.9985695296767229, 0.9961045399699574, 0.9929778812893835, 0.9960570871099134, 1.007996754136764, 0.9955297568350628, 1.0018955563104446, 0.971373893600406, 0.9932521245797692, 1.0147602520510455, 0.9935706713372625, 0.9989356512446874, 0.9749677257496416, 0.9810085852833612, 0.9885671131232328, 1.0175502075470162, 0.9833192886725677, 0.9921826510213946, 1.0138282378659336, 1.0032627458868566, 1.0077058372531058, 1.020489415946251, 0.9901690487712983, 0.981700104852417, 1.0092629030481741, 1.005320995861621, 0.9975775850280931, 0.9894112190271268, 1.012920184756866]","[0.9958792862014281, 1.0152082620113643, 1.0151365156542826, 1.0099658969519059, 1.0108327534895967, 0.9958431131868427, 0.9927529973012099, 1.0000286090255384, 0.9827661687445799, 1.0081062880029332, 1.0184122551559245, 0.9878848162610231, 1.0243470275866706, 0.9905684927203293, 0.9991088329092199, 1.0244581627922327, 1.0023511662900781, 1.006648517151433, 1.0186977180559802, 0.9838072665344924, 1.0250197634142963, 1.0062391053850264, 1.0006435760211154, 0.9986898181485994, 1.0287176349154847, 1.0131834717690587, 0.9993832076045001, 0.9972234212653917, 1.0070792497600016, 0.9910672088424185]","[-0.004120713798571929, 0.01520826201136427, 0.015136515654282645, 0.009965896951905862, 0.01083275348959667, -0.00415688681315729, -0.007247002698790084, 2.8609025538361976e-05, -0.017233831255420107, 0.008106288002933226, 0.018412255155924484, -0.012115183738976909, 0.024347027586670622, -0.009431507279670681, -0.0008911670907800762, 0.024458162792232674, 0.002351166290078144, 0.006648517151432998, 0.018697718055980195, -0.016192733465507647, 0.025019763414296348, 0.006239105385026367, 0.0006435760211154218, -0.001310181851400638, 0.028717634915484735, 0.013183471769058652, -0.0006167923954999432, -0.002776578734608348, 0.007079249760001627, -0.008932791157581499]","[0.0, 0.0, 0.0, 0.10003983229398727, 0.0, 0.0, 0.0996415764093399, 0.10003983229398727, 0.0, 0.0, 0.0, 0.0, 0.0, 0.10003983229398727, 0.0, 0.10003983229398727, 0.0, 0.10003983229398727, 0.0, 0.0, 0.0, 0.10003983229398727, 0.0, 0.0, 0.0, 0.0, 0.10003983229398727, 0.0, 0.10003983229398727, 0.10003983229398727]","[-2.18491707431406e-22, -7.792018481203837e-23, -1.0631649289400837e-22, 1.0, -2.1744582081514415e-22, 0.0, 0.0, 0.0, 0.0, 0.0, 0.0, -1.0594115368265405e-22, 0.0, 0.0, -1.0667087462874594e-22, 0.0, -2.1601385476339994e-22, 0.0, 0.0, -1.0515444607804443e-22, 0.0, 0.0, 0.0, 0.0, 0.0, 0.0, -2.170295251350451e-22, 0.0, 0.0, 0.0]","[0.0, 0.01005514380621267, 2.3484810632058418e-05, 0.9067548727587427, 0.0, 0.005815257364096266, 0.0026450524907308554, 0.000875845851160552, 0.0, 0.008078335170809853, 0.0072698447644214724, 0.0018433175859023081, 0.0, 0.0033132292347084597, 0.0, 0.0, 0.011440164171082137, 0.0, 0.0, 0.008451285055248772, 0.003520328807154645, 0.0, 0.0, 0.007529641013446383, 0.0, 0.0, 0.0, 0.0, 0.008566044695497748, 0.01381815242015308]","[0.0, 0.0, 0.0, 0.10003981739282608, 0.0, 0.0, 0.09964156150817871, 0.10003981739282608, 0.0, 0.0, 0.0, 0.0, 0.0, 0.10003981739282608, 0.0, 0.10003981739282608, 0.0, 0.10003981739282608, 0.0, 0.0, 0.0, 0.10003981739282608, 0.0, 0.0, 0.0, 0.0, 0.10003981739282608, 0.0, 0.10003981739282608, 0.10003981739282608]",0.0024679396259421576
51,0.9415774888452156,"[0.9958792862014281, 1.0152082620113643, 1.0151365156542826, 1.0099658969519059, 1.0108327534895967, 0.9958431131868427, 0.9927529973012099, 1.0000286090255384, 0.9827661687445799, 1.0081062880029332, 1.0184122551559245, 0.9878848162610231, 1.0243470275866706, 0.9905684927203293, 0.9991088329092199, 1.0244581627922327, 1.0023511662900781, 1.006648517151433, 1.0186977180559802, 0.9838072665344924, 1.0250197634142963, 1.0062391053850264, 1.0006435760211154, 0.9986898181485994, 1.0287176349154847, 1.0131834717690587, 0.9993832076045001, 0.9972234212653917, 1.0070792497600016, 0.9910672088424185]","[0.9997146780146099, 1.0149835818967603, 0.999731585765453, 0.9839418701048069, 0.9770877943651686, 1.011280654867345, 1.02061256728744, 1.0148665895365345, 1.0035340354042457, 1.0204345401998063, 1.018002770637009, 1.0095836306878263, 0.999105591137021, 1.0177867303420136, 0.9928437842352376, 1.0104643848171464, 1.0216072554812508, 0.9891460484832002, 0.9757232842724564, 1.0134940355565816, 1.0110016932258667, 0.9906375703469369, 1.0057461739499967, 1.026644063691105, 1.0226304899256062, 1.0076948888676764, 0.9790655633707241, 1.0079616850764757, 0.966880367469281, 0.9939305132180185]","[-0.0002853219853901079, 0.0149835818967603, -0.00026841423454704305, -0.016058129895193063, -0.02291220563483143, 0.011280654867344975, 0.020612567287439987, 0.014866589536534525, 0.0035340354042456834, 0.020434540199806284, 0.018002770637008947, 0.009583630687826306, -0.0008944088629789793, 0.017786730342013612, -0.007156215764762441, 0.0104643848171464, 0.021607255481250753, -0.010853951516799798, -0.02427671572754364, 0.013494035556581574, 0.011001693225866749, -0.009362429653063109, 0.005746173949996658, 0.026644063691104947, 0.022630489925606234, 0.0076948888676764415, -0.020934436629275854, 0.007961685076475655, -0.033119632530719034, -0.006069486781981492]","[0.0, 0.0, 0.10452700406312943, 0.0, 0.0, 0.0, 0.10452700406312943, 0.0, 0.0, 0.0, 0.0, 0.0, 0.10452700406312943, 0.0, 0.0, 0.10452700406312943, 0.0, 0.10057686269283295, 0.0, 0.0, 0.0, 0.08684925734996796, 0.08963511884212494, 0.0, 0.0, 0.0, 0.0, 0.09577678889036179, 0.10452700406312943, 0.10452700406312943]","[0.0, 7.544887835895916e-22, 0.0, 1.0, 0.0, 0.0, 7.826334361126442e-22, 0.0, 0.0, 0.0, 0.0, 8.930532291076433e-22, 0.0, 0.0, 0.0, 0.0, 7.829174490202606e-22, 0.0, 0.0, 6.71764530756096e-22, 0.0, 0.0, 8.927925820135205e-22, 0.0, 8.93117409345615e-22, 0.0, 0.0, 6.715798443172951e-22, 0.0, 8.369051896116376e-22]","[0.0, 0.00831595364638958, 0.006112572439819498, 0.8855539573526775, 0.0, 0.006503307244053062, 0.0, 0.0001477748252379757, 0.0, 0.0, 0.0, 0.0, 0.0, 0.01747524224853487, 0.004657324851402866, 0.0003373383550267325, 0.014615213681827667, 0.0024757986330629375, 0.0, 0.0054731330466127204, 0.008004855440138067, 0.0, 0.010633739502145616, 0.0, 0.0, 0.021295901681929148, 0.0, 0.0, 0.0, 0.008397887051141983]","[0.0, 0.0, 0.10452698916196823, 0.0, 0.0, 0.0, 0.10452698916196823, 0.0, 0.0, 0.0, 0.0, 0.0, 0.10452698916196823, 0.0, 0.0, 0.10452698916196823, 0.0, 0.10057684779167175, 0.0, 0.0, 0.0, 0.08684924989938736, 0.08963511139154434, 0.0, 0.0, 0.0, 0.0, 0.09577677398920059, 0.10452698916196823, 0.10452698916196823]",-0.0020411373412773715
52,0.937550860410907,"[0.9997146780146099, 1.0149835818967603, 0.999731585765453, 0.9839418701048069, 0.9770877943651686, 1.011280654867345, 1.02061256728744, 1.0148665895365345, 1.0035340354042457, 1.0204345401998063, 1.018002770637009, 1.0095836306878263, 0.999105591137021, 1.0177867303420136, 0.9928437842352376, 1.0104643848171464, 1.0216072554812508, 0.9891460484832002, 0.9757232842724564, 1.0134940355565816, 1.0110016932258667, 0.9906375703469369, 1.0057461739499967, 1.026644063691105, 1.0226304899256062, 1.0076948888676764, 0.9790655633707241, 1.0079616850764757, 0.966880367469281, 0.9939305132180185]","[0.9923911959221501, 0.9985517184004885, 1.0050048449113231, 0.9992266896871126, 0.9971272151349247, 0.9758971926172109, 0.995848161895134, 1.0075834999521143, 0.9980373717615436, 0.9744711984571744, 1.0185137737309233, 0.9994887469314339, 1.0044858162062253, 1.0053296734272716, 0.9984574349948245, 1.0119339883212892, 1.0082677944726406, 0.9979077953831376, 0.9996576957863893, 1.0101117227294556, 0.9898961481276164, 0.9878470219193732, 0.9945122787209488, 0.9956138282589195, 0.9916510394225616, 0.9881590309057109, 0.999881851403432, 0.9806366362087469, 0.9927108944782774, 0.9919428828222082]","[-0.007608804077849918, -0.0014482815995114917, 0.005004844911323136, -0.0007733103128874097, -0.0028727848650752508, -0.024102807382789138, -0.004151838104865968, 0.00758349995211427, -0.0019626282384563876, -0.025528801542825552, 0.018513773730923333, -0.0005112530685661421, 0.004485816206225346, 0.005329673427271642, -0.001542565005175467, 0.011933988321289224, 0.008267794472640588, -0.0020922046168624364, -0.0003423042136107002, 0.010111722729455597, -0.010103851872383607, -0.012152978080626764, -0.005487721279051172, -0.004386171741080469, -0.008348960577438391, -0.011840969094289111, -0.00011814859656800181, -0.01936336379125314, -0.007289105521722572, -0.008057117177791784]","[0.12420129776000977, 0.0, 0.0, 0.12420129776000977, 0.0, 0.0, 0.0, 0.0, 0.0, 0.0, 0.0, 0.09017140418291092, 0.0, 0.0, 0.0, 0.0, 0.12420129776000977, 0.12420129776000977, 0.12420129776000977, 0.0, 0.0, 0.0, 0.0, 0.0, 0.05800468474626541, 0.05435852333903313, 0.0, 0.12420129776000977, 0.05225757881999016, 0.0]","[0.0, 3.2746965355902233e-23, 2.2634236940212825e-22, 1.0, 0.0, 0.0, 0.0, 0.0, 0.0, 5.320576831540322e-24, 0.0, 0.0, 0.0, 0.0, 0.0, 0.0, 5.683698744514311e-24, 0.0, 1.8346070584508174e-22, 0.0, 0.0, 0.0, 0.0, 5.6577424165785405e-24, 0.0, 1.1535596886519627e-22, 1.153824391606637e-22, 0.0, 0.0, 1.150103695805463e-22]","[0.0, 0.0, 0.006722155025097047, 0.9163776135650181, 0.004442835121561423, 0.0020369002502872062, 0.000877835985718602, 0.0, 0.000274271673847881, 0.00937130399555101, 0.0, 0.006150883365912854, 0.0, 0.0, 0.008998997240119688, 0.0045416826284635295, 0.007486583193679042, 0.002522445097581117, 0.0, 0.0, 0.004148427915734303, 0.0, 0.0, 0.010553349851432007, 0.0, 0.0, 0.004380664671008273, 0.006684732594514917, 0.0, 0.004429317824473162]","[0.12420129776000977, 0.0, 0.0, 0.12420129776000977, 0.0, 0.0, 0.0, 0.0, 0.0, 0.0, 0.0, 0.09017140418291092, 0.0, 0.0, 0.0, 0.0, 0.12420129776000977, 0.12420129776000977, 0.12420129776000977, 0.0, 0.0, 0.0, 0.0, 0.0, 0.05800468474626541, 0.05435852333903313, 0.0, 0.12420129776000977, 0.05225757881999016, 0.0]",-0.004718924869672376
53,0.9328832526601388,"[0.9923911959221501, 0.9985517184004885, 1.0050048449113231, 0.9992266896871126, 0.9971272151349247, 0.9758971926172109, 0.995848161895134, 1.0075834999521143, 0.9980373717615436, 0.9744711984571744, 1.0185137737309233, 0.9994887469314339, 1.0044858162062253, 1.0053296734272716, 0.9984574349948245, 1.0119339883212892, 1.0082677944726406, 0.9979077953831376, 0.9996576957863893, 1.0101117227294556, 0.9898961481276164, 0.9878470219193732, 0.9945122787209488, 0.9956138282589195, 0.9916510394225616, 0.9881590309057109, 0.999881851403432, 0.9806366362087469, 0.9927108944782774, 0.9919428828222082]","[0.9964510392995568, 1.0124070101550882, 0.981628833642741, 1.006269860497164, 0.9905407543738066, 1.002180514085989, 0.9976428586705713, 0.9972907318912662, 1.0290215752747172, 0.9907771018233539, 1.0051344676073233, 0.9959837642572004, 0.9659486630284084, 0.9844994033480112, 1.0013641381762937, 1.0042701627636328, 0.987646563258128, 0.9910463574028335, 0.994378217328356, 1.007665324995172, 0.9836417282663569, 0.9952268592904279, 1.0106991816069468, 0.9999197022911248, 1.0058359976247844, 0.9971793502008015, 1.0115143278670156, 1.0065293412830791, 1.0030668718080815, 1.0118911546273321]","[-0.0035489607004431933, 0.01240701015508816, -0.018371166357258994, 0.006269860497164048, -0.00945924562619338, 0.0021805140859889605, -0.002357141329428658, -0.002709268108733842, 0.02902157527471716, -0.009222898176646122, 0.005134467607323279, -0.004016235742799634, -0.03405133697159157, -0.015500596651988774, 0.001364138176293661, 0.00427016276363279, -0.012353436741871948, -0.008953642597166467, -0.005621782671644038, 0.007665324995171918, -0.016358271733643126, -0.004773140709572132, 0.010699181606946828, -8.029770887518772e-05, 0.0058359976247843726, -0.0028206497991984936, 0.011514327867015561, 0.0065293412830791375, 0.003066871808081517, 0.011891154627332146]","[0.0, 0.10869571566581726, 0.0, 0.11450718343257904, 0.0, 0.0, 0.11450718343257904, 0.06804555654525757, 0.0, 0.0, 0.11216116696596146, 0.04895259067416191, 0.11450718343257904, 0.09987541288137436, 0.0, 0.0, 0.0, 0.11450718343257904, 0.0, 0.0, 0.0, 0.10424086451530457, 0.0, 0.0, 0.0, 0.0, 0.0, 0.0, 0.0, 0.0]","[0.0, 0.0, -2.1321923395735937e-22, -4.931061136443736e-23, 0.0, 0.0, 0.0, -2.1144959962512806e-22, -2.120362658784246e-22, 0.0, 0.0, 0.0, 0.0, -2.116244500839395e-22, 0.0, -2.1313032596835617e-22, 0.0, -2.130315422050286e-22, 1.0, -2.114941287832828e-22, 0.0, 0.0, 0.0, 0.0, 0.0, 0.0, 0.0, 0.0, -2.130535358935852e-22, 0.0]","[0.0, 0.014914094203086144, 0.002648499788418432, 0.01163380630116359, 0.011837975404537642, 0.0, 0.01106411550005987, 0.002430924481454186, 0.0038644249302298853, 0.0, 0.0, 0.0, 0.0, 0.0, 0.0, 0.0035112448341407397, 0.0153412658584816, 0.0, 0.8863487765255319, 0.0039615225691295814, 0.0, 0.0, 0.0, 0.0, 0.012431383123441695, 0.005161953989338767, 0.0, 0.01485001249098585, 0.0, 0.0]","[0.0, 0.10869571566581726, 0.0, 0.11450718343257904, 0.0, 0.0, 0.11450718343257904, 0.06804555654525757, 0.0, 0.0, 0.11216116696596146, 0.04895259067416191, 0.11450718343257904, 0.09987541288137436, 0.0, 0.0, 0.0, 0.11450718343257904, 0.0, 0.0, 0.0, 0.10424086451530457, 0.0, 0.0, 0.0, 0.0, 0.0, 0.0, 0.0, 0.0]",-0.005397966294761846
54,0.9351020817587378,"[0.9964510392995568, 1.0124070101550882, 0.981628833642741, 1.006269860497164, 0.9905407543738066, 1.002180514085989, 0.9976428586705713, 0.9972907318912662, 1.0290215752747172, 0.9907771018233539, 1.0051344676073233, 0.9959837642572004, 0.9659486630284084, 0.9844994033480112, 1.0013641381762937, 1.0042701627636328, 0.987646563258128, 0.9910463574028335, 0.994378217328356, 1.007665324995172, 0.9836417282663569, 0.9952268592904279, 1.0106991816069468, 0.9999197022911248, 1.0058359976247844, 0.9971793502008015, 1.0115143278670156, 1.0065293412830791, 1.0030668718080815, 1.0118911546273321]","[0.9854085378294437, 1.0231985731998752, 1.0157538943129385, 1.0020000926512929, 0.9864162792330784, 1.0030731167599913, 0.9936977881635622, 0.9979591027022109, 1.0188696152197272, 1.0080814207361755, 0.9771847057537876, 0.9939914108557191, 1.0077205283527637, 1.0257414769545865, 1.008202792252842, 0.9971725642082516, 0.994531138618394, 0.9995244342573257, 0.9893422891461106, 1.0125031721900923, 0.9979530744639549, 1.0074235801178468, 1.00439400840245, 0.9945904524575747, 0.9986565662552472, 0.9959494543365254, 0.9900895512329329, 0.99440793927203, 0.9975506172692523, 1.0135224998422057]","[-0.01459146217055629, 0.023198573199875172, 0.0157538943129385, 0.002000092651292862, -0.013583720766921603, 0.0030731167599913345, -0.006302211836437754, -0.0020408972977891127, 0.018869615219727187, 0.00808142073617546, -0.022815294246212425, -0.006008589144280929, 0.007720528352763711, 0.025741476954586506, 0.00820279225284204, -0.0028274357917483783, -0.005468861381605961, -0.00047556574267426655, -0.010657710853889446, 0.012503172190092338, -0.00204692553604513, 0.007423580117846829, 0.004394008402450078, -0.005409547542425286, -0.0013434337447527644, -0.004050545663474625, -0.009910448767067148, -0.005592060727970027, -0.0024493827307476845, 0.01352249984220566]","[0.11773309856653214, 0.10416034609079361, 0.0, 0.0, 0.0, 0.0, 0.0, 0.0, 0.0, 0.0, 0.0, 0.06108289211988449, 0.10145735740661621, 0.0, 0.11773309856653214, 0.0, 0.11773309856653214, 0.0, 0.11773309856653214, 0.0, 0.0, 0.10547109693288803, 0.07755931466817856, 0.0, 0.0, 0.0, 0.0, 0.0, 0.0, 0.07933665066957474]","[0.0, 0.0, 0.0, 1.0, 0.0, 0.0, 0.0, 0.0, 0.0, 3.3817989785420163e-22, 3.374392972281648e-22, 3.3764775470844557e-22, 2.81789350263935e-22, 0.0, 0.0, 0.0, 3.3854442260222116e-22, 3.37127196163809e-22, 0.0, 0.0, 0.0, 0.0, 3.373620486711335e-22, 3.384858664556287e-22, 0.0, 0.0, 0.0, 0.0, 2.2661195259548884e-22, 0.0]","[0.0, 0.0035910130793671046, 0.0, 0.9115279047828565, 0.009511542581710618, 0.0, 0.0, 0.0, 0.0, 0.0, 0.0, 0.0, 0.010130846574690797, 0.0, 0.028408351030908403, 0.0, 0.0, 0.0, 0.0, 0.0, 0.0, 0.01346383315515092, 0.006942891203100465, 0.0, 0.009565247197989233, 0.0, 0.0, 0.0, 0.0008236227865722592, 0.0060347476076537615]","[0.11773309856653214, 0.10416034609079361, 0.0, 0.0, 0.0, 0.0, 0.0, 0.0, 0.0, 0.0, 0.0, 0.06108289211988449, 0.10145735740661621, 0.0, 0.11773309856653214, 0.0, 0.11773309856653214, 0.0, 0.11773309856653214, 0.0, 0.0, 0.10547109693288803, 0.07755931466817856, 0.0, 0.0, 0.0, 0.0, 0.0, 0.0, 0.07933665066957474]",0.001983554315549871
55,0.9343630138944644,"[0.9854085378294437, 1.0231985731998752, 1.0157538943129385, 1.0020000926512929, 0.9864162792330784, 1.0030731167599913, 0.9936977881635622, 0.9979591027022109, 1.0188696152197272, 1.0080814207361755, 0.9771847057537876, 0.9939914108557191, 1.0077205283527637, 1.0257414769545865, 1.008202792252842, 0.9971725642082516, 0.994531138618394, 0.9995244342573257, 0.9893422891461106, 1.0125031721900923, 0.9979530744639549, 1.0074235801178468, 1.00439400840245, 0.9945904524575747, 0.9986565662552472, 0.9959494543365254, 0.9900895512329329, 0.99440793927203, 0.9975506172692523, 1.0135224998422057]","[0.9976852404712543, 1.0076963644936456, 1.01598163413101, 0.994349418776541, 1.0302314226746156, 1.018361376933594, 1.002683785561229, 0.9656279274297654, 0.9963369304269242, 0.9909871813643153, 1.0150938593936503, 0.99810543807587, 0.9906197146457674, 0.9922518684041208, 1.0001262265101263, 1.0051879061181859, 0.9990891325144223, 1.0088608437302, 0.9786343383331009, 1.0090974276785813, 0.994244657170756, 0.993504301014746, 1.0094584718672002, 1.0047520290423058, 1.0168945949646893, 1.0132884451666044, 0.9983506523476641, 0.9993354675927538, 0.9800429449368122, 1.0098451514389928]","[-0.0023147595287457134, 0.0076963644936456355, 0.015981634131009947, -0.005650581223458961, 0.03023142267461565, 0.018361376933593965, 0.0026837855612289463, -0.03437207257023456, -0.003663069573075828, -0.009012818635684705, 0.015093859393650266, -0.001894561924129956, -0.009380285354232631, -0.007748131595879171, 0.0001262265101262816, 0.00518790611818587, -0.0009108674855776711, 0.008860843730200019, -0.021365661666899127, 0.009097427678581349, -0.005755342829243948, -0.006495698985254039, 0.009458471867200169, 0.004752029042305761, 0.016894594964689258, 0.013288445166604435, -0.0016493476523359307, -0.0006645324072461767, -0.01995705506318779, 0.009845151438992783]","[0.0, 0.0, 0.0, 0.0, 0.0, 0.0, 0.0, 0.0, 0.0, 0.10644600540399551, 0.0, 0.0, 0.10644600540399551, 0.0, 0.0, 0.0, 0.10644600540399551, 0.10644600540399551, 0.10644600540399551, 0.09450388699769974, 0.0, 0.09074466675519943, 0.0, 0.0, 0.0, 0.09992823749780655, 0.0, 0.07614720612764359, 0.0, 0.10644600540399551]","[2.2516542638394257e-22, 0.0, 0.0, 1.0, 0.0, 0.0, 1.1611573310431437e-22, 0.0, 0.0, 0.0, 0.0, 4.485818692918975e-22, 2.262030720661504e-22, 0.0, 0.0, 0.0, 2.274152763471237e-22, 2.260288101345521e-22, 0.0, 2.2720925996609923e-22, 0.0, 2.258373996487733e-22, 2.2626261152169827e-22, 0.0, 0.0, 0.0, 0.0, 0.0, 0.0, 0.0]","[0.008692199133059346, 0.0, 0.0015060077427530261, 0.8793834213264344, 0.020550515672460547, 0.0, 0.012314627550194945, 0.0009729988391404382, 0.0, 0.002514698223711367, 0.0033111454578390793, 0.0, 0.009674660490797139, 0.0, 0.0, 0.011943839852301904, 0.01101616361635376, 0.011154830999544585, 0.0, 0.008839389202910407, 0.0, 0.0, 0.0, 0.0, 0.0, 0.0, 0.008686113236769486, 0.0, 0.00943938865572947, 0.0]","[0.0, 0.0, 0.0, 0.0, 0.0, 0.0, 0.0, 0.0, 0.0, 0.10644599050283432, 0.0, 0.0, 0.10644599050283432, 0.0, 0.0, 0.0, 0.10644599050283432, 0.10644599050283432, 0.10644599050283432, 0.09450387209653854, 0.0, 0.09074465930461884, 0.0, 0.0, 0.0, 0.09992822259664536, 0.0, 0.07614719867706299, 0.0, 0.10644599050283432]",-0.001224185604472316
56,0.9304405254736537,"[0.9976852404712543, 1.0076963644936456, 1.01598163413101, 0.994349418776541, 1.0302314226746156, 1.018361376933594, 1.002683785561229, 0.9656279274297654, 0.9963369304269242, 0.9909871813643153, 1.0150938593936503, 0.99810543807587, 0.9906197146457674, 0.9922518684041208, 1.0001262265101263, 1.0051879061181859, 0.9990891325144223, 1.0088608437302, 0.9786343383331009, 1.0090974276785813, 0.994244657170756, 0.993504301014746, 1.0094584718672002, 1.0047520290423058, 1.0168945949646893, 1.0132884451666044, 0.9983506523476641, 0.9993354675927538, 0.9800429449368122, 1.0098451514389928]","[0.9948837371630409, 1.0075669107513554, 0.9935596346210694, 1.0006282329382967, 0.9828918050879059, 0.9890434020213661, 0.9905463285381557, 0.9995417846137948, 0.9896995978041055, 0.9963153783209436, 1.013060600383383, 0.9997877793779946, 0.9896216163926336, 0.997099132569822, 1.0260022136354547, 0.9920634985669449, 0.9898386281546891, 0.9915149600694547, 0.9973221558662997, 0.9955588267773897, 1.0018081257938363, 0.9982961664878374, 0.9928402623161338, 1.0038568471441698, 0.9907883899076488, 1.0115963826117005, 0.9860014642407903, 1.0080647073234628, 1.004722401398402, 1.000671159333963]","[-0.005116262836959096, 0.007566910751355405, -0.006440365378930557, 0.0006282329382967244, -0.017108194912094143, -0.010956597978633908, -0.009453671461844282, -0.000458215386205163, -0.010300402195894454, -0.0036846216790563657, 0.01306060038338308, -0.00021222062200543235, -0.010378383607366426, -0.0029008674301780335, 0.02600221363545474, -0.007936501433055132, -0.010161371845310851, -0.00848503993054528, -0.0026778441337003134, -0.004441173222610284, 0.0018081257938362683, -0.0017038335121626336, -0.007159737683866241, 0.003856847144169784, -0.009211610092351163, 0.011596382611700484, -0.01399853575920973, 0.008064707323462761, 0.004722401398401965, 0.0006711593339630006]","[0.0, 0.0, 0.0, 0.0, 0.0, 0.10953276604413986, 0.0, 0.08552554249763489, 0.0765884667634964, 0.0, 0.0, 0.0, 0.10953276604413986, 0.0, 0.0, 0.10953276604413986, 0.10170376300811768, 0.0, 0.0, 0.10131965577602386, 0.10953276604413986, 0.08719873428344727, 0.0, 0.0, 0.0, 0.10953276604413986, 0.0, 0.0, 0.0, 0.0]","[0.0, 1.0, 0.0, 0.0, 2.2707889827946196e-22, 0.0, 3.091855938493105e-22, 0.0, 0.0, 0.0, 2.2574349776348364e-22, 2.2630881436535996e-22, 0.0, 0.0, 0.0, 0.0, 0.0, 2.2653482222584488e-22, 2.2647725021404655e-22, 0.0, 2.2725591178871254e-22, 0.0, 0.0, 0.0, 1.9859891730515995e-22, 0.0, 0.0, 0.0, 0.0, 1.4497046986262005e-22]","[0.0, 0.8746865130580374, 0.012908806754405982, 0.006165271935114382, 0.009758493774893849, 0.0, 0.011749990615812996, 0.0, 0.0, 0.0, 0.011673800690432909, 0.004443595781232804, 0.003921232879694301, 0.0, 0.0, 0.002995705543509615, 0.005423032050318947, 0.01471546050758905, 0.004097041960828365, 0.0, 0.01129375077872231, 0.0, 0.0, 0.0, 0.0035113474731604264, 0.0, 0.0157510423990049, 0.0012487937182170292, 0.0, 0.005656120079024656]","[0.0, 0.0, 0.0, 0.0, 0.0, 0.10953276604413986, 0.0, 0.08552554249763489, 0.0765884667634964, 0.0, 0.0, 0.0, 0.10953276604413986, 0.0, 0.0, 0.10953276604413986, 0.10170376300811768, 0.0, 0.0, 0.10131965577602386, 0.10953276604413986, 0.08719873428344727, 0.0, 0.0, 0.0, 0.10953276604413986, 0.0, 0.0, 0.0, 0.0]",-0.004566852516581923
57,0.9211804641969427,"[0.9948837371630409, 1.0075669107513554, 0.9935596346210694, 1.0006282329382967, 0.9828918050879059, 0.9890434020213661, 0.9905463285381557, 0.9995417846137948, 0.9896995978041055, 0.9963153783209436, 1.013060600383383, 0.9997877793779946, 0.9896216163926336, 0.997099132569822, 1.0260022136354547, 0.9920634985669449, 0.9898386281546891, 0.9915149600694547, 0.9973221558662997, 0.9955588267773897, 1.0018081257938363, 0.9982961664878374, 0.9928402623161338, 1.0038568471441698, 0.9907883899076488, 1.0115963826117005, 0.9860014642407903, 1.0080647073234628, 1.004722401398402, 1.000671159333963]","[0.9949908690299635, 0.9986274876961243, 0.9776671568467611, 0.994860721655297, 1.014116031455524, 0.9846822552509412, 0.983146092114396, 1.0156974647752628, 0.9965997020675218, 0.9861838593012086, 1.0005158253242104, 0.9747160114964558, 0.9757157835791662, 0.9988630795389395, 0.9983976849233401, 1.0002400444943154, 0.9956479373208318, 0.9854938930367249, 1.0098544296050405, 0.9833061871827147, 1.006854272565947, 1.0001534571262045, 0.9901663021846725, 0.9928440951972607, 0.9842731504868756, 1.013039704047149, 0.9983567268889934, 0.9976956828702412, 1.0094056338126638, 0.9921573041582541]","[-0.005009130970036524, -0.0013725123038756948, -0.022332843153238913, -0.005139278344702958, 0.01411603145552398, -0.015317744749058781, -0.016853907885604036, 0.015697464775262793, -0.0034002979324782023, -0.013816140698791446, 0.0005158253242103505, -0.025283988503544186, -0.024284216420833782, -0.0011369204610605088, -0.001602315076659866, 0.00024004449431536123, -0.0043520626791682115, -0.014506106963275145, 0.00985442960504046, -0.016693812817285325, 0.006854272565947062, 0.0001534571262045148, -0.009833697815327502, -0.00715590480273931, -0.01572684951312442, 0.013039704047149048, -0.001643273111006649, -0.0023043171297587595, 0.009405633812663794, -0.007842695841745906]","[0.0, 0.0, 0.0, 0.0, 0.0, 0.1017104983329773, 0.0, 0.0, 0.1017104983329773, 0.0, 0.1017104983329773, 0.1017104983329773, 0.09430967271327972, 0.0, 0.1017104983329773, 0.0, 0.0, 0.09200634062290192, 0.0, 0.1017104983329773, 0.0, 0.0, 0.1017104983329773, 0.0, 0.0, 0.0, 0.0, 0.0, 0.1017104983329773, 0.0]","[0.0, 1.0213184631620634e-22, 0.0, 1.0, 0.0, 0.0, 0.0, 0.0, 4.501227253519375e-24, 5.2950691497554685e-24, 4.6095187505811714e-24, 4.777393910216394e-24, 0.0, 4.892583712397461e-24, 0.0, 0.0, 1.1671665791370219e-22, 0.0, 0.0, 0.0, 0.0, 0.0, 4.514989683894006e-24, 0.0, 0.0, 0.0, 0.0, 0.0, 4.6797644229564836e-24, 0.0]","[0.0013174844954226285, 0.010538517425559064, 0.0, 0.9121411983265786, 0.0, 0.0, 0.0, 0.006621952146904998, 0.0, 0.0, 0.0, 0.002504801610179543, 0.0, 0.004272740753216488, 0.0, 0.008519162394565983, 0.014520572894332132, 0.0, 0.0, 0.0025109782841007946, 0.0, 0.0038382929681002975, 0.0, 0.014092969405358143, 0.0, 0.013445090499186652, 0.0, 0.003746487969045367, 0.0019297508274492942, 0.0]","[0.0, 0.0, 0.0, 0.0, 0.0, 0.1017104983329773, 0.0, 0.0, 0.1017104983329773, 0.0, 0.1017104983329773, 0.1017104983329773, 0.09430967271327972, 0.0, 0.1017104983329773, 0.0, 0.0, 0.09200634062290192, 0.0, 0.1017104983329773, 0.0, 0.0, 0.1017104983329773, 0.0, 0.0, 0.0, 0.0, 0.0, 0.1017104983329773, 0.0]",-0.010348395667498131
58,0.9150068640335148,"[0.9949908690299635, 0.9986274876961243, 0.9776671568467611, 0.994860721655297, 1.014116031455524, 0.9846822552509412, 0.983146092114396, 1.0156974647752628, 0.9965997020675218, 0.9861838593012086, 1.0005158253242104, 0.9747160114964558, 0.9757157835791662, 0.9988630795389395, 0.9983976849233401, 1.0002400444943154, 0.9956479373208318, 0.9854938930367249, 1.0098544296050405, 0.9833061871827147, 1.006854272565947, 1.0001534571262045, 0.9901663021846725, 0.9928440951972607, 0.9842731504868756, 1.013039704047149, 0.9983567268889934, 0.9976956828702412, 1.0094056338126638, 0.9921573041582541]","[1.0029947070229603, 1.0015956366529801, 0.9785641469239571, 0.9984707249236853, 1.0026500649544718, 1.0051996738023352, 0.9912054103658821, 0.998411015658768, 1.011479254507478, 1.011586047678095, 1.0164996093201495, 0.9903652884504096, 1.0017906986215226, 0.9960591028943886, 1.0025176452855602, 0.996248414412433, 0.9981327483236143, 0.9709441942820615, 0.9781127147560331, 0.9828469667321428, 1.0115011346523193, 0.9917359503331133, 0.9947332658365311, 1.0019872162934114, 0.9921963770517678, 1.007499742301725, 0.9856545179948383, 0.9857422807147501, 0.9966824735082628, 1.0154162760450185]","[0.002994707022960341, 0.0015956366529801258, -0.0214358530760429, -0.001529275076314729, 0.0026500649544718424, 0.005199673802335214, -0.008794589634117944, -0.0015889843412320026, 0.011479254507477998, 0.011586047678094902, 0.01649960932014949, -0.009634711549590391, 0.0017906986215225906, -0.003940897105611407, 0.0025176452855601994, -0.0037515855875670523, -0.001867251676385684, -0.029055805717938532, -0.02188728524396688, -0.01715303326785722, 0.011501134652319278, -0.008264049666886653, -0.0052667341634689, 0.0019872162934113646, -0.007803622948232225, 0.007499742301724899, -0.014345482005161725, -0.014257719285249881, -0.0033175264917372216, 0.015416276045018495]","[0.0, 0.0, 0.0, 0.0, 0.0, 0.0, 0.10165644437074661, 0.0, 0.0, 0.0, 0.10165644437074661, 0.0, 0.0, 0.10165644437074661, 0.08509203046560287, 0.0, 0.0, 0.10165644437074661, 0.10165644437074661, 0.0, 0.0, 0.0, 0.10165644437074661, 0.10165644437074661, 0.0, 0.0, 0.0, 0.10165644437074661, 0.10165644437074661, 0.0]","[0.0, 0.0, 0.0, 1.0, 0.0, -2.1772886699221013e-22, -2.1722864405527796e-22, -2.178507361043276e-22, 0.0, -2.1732161315568802e-22, -2.1793241925526357e-22, 0.0, 0.0, -2.176773673481633e-22, -1.352823140035587e-22, 0.0, 0.0, 0.0, 0.0, -2.1713195568524095e-22, 0.0, 0.0, 0.0, 0.0, 0.0, 0.0, 0.0, 0.0, -2.178707665707731e-22, 0.0]","[0.0, 0.008347467880720348, 0.00242415415653028, 0.9066972174983075, 4.6644128023172605e-05, 0.0, 0.010053403138815468, 0.0, 0.0, 0.0, 0.005048038926933933, 0.006535810835238484, 0.012720742187588598, 0.013405853698513371, 0.0, 0.0, 0.014081262947827931, 0.0, 0.0, 0.0, 0.011524580838000939, 0.0, 0.006325268437492947, 0.0, 0.002789555326007253, 0.0, 0.0, 0.0, 0.0, 0.0]","[0.0, 0.0, 0.0, 0.0, 0.0, 0.0, 0.10165644437074661, 0.0, 0.0, 0.0, 0.10165644437074661, 0.0, 0.0, 0.10165644437074661, 0.08509203046560287, 0.0, 0.0, 0.10165644437074661, 0.10165644437074661, 0.0, 0.0, 0.0, 0.10165644437074661, 0.10165644437074661, 0.0, 0.0, 0.0, 0.10165644437074661, 0.10165644437074661, 0.0]",-0.0070946061181982704
59,0.9105885851215583,"[1.0029947070229603, 1.0015956366529801, 0.9785641469239571, 0.9984707249236853, 1.0026500649544718, 1.0051996738023352, 0.9912054103658821, 0.998411015658768, 1.011479254507478, 1.011586047678095, 1.0164996093201495, 0.9903652884504096, 1.0017906986215226, 0.9960591028943886, 1.0025176452855602, 0.996248414412433, 0.9981327483236143, 0.9709441942820615, 0.9781127147560331, 0.9828469667321428, 1.0115011346523193, 0.9917359503331133, 0.9947332658365311, 1.0019872162934114, 0.9921963770517678, 1.007499742301725, 0.9856545179948383, 0.9857422807147501, 0.9966824735082628, 1.0154162760450185]","[0.9850816451804679, 0.9921734180766129, 0.9979338754917652, 0.9865791858823454, 0.995971584358091, 1.0070910275236349, 0.9913608968988575, 0.9906032245312303, 0.994295127622451, 1.0105937893614274, 0.9986653816444742, 1.000450367704251, 1.000713580650431, 0.9722396291677279, 1.0091990450754458, 1.0005642887623893, 1.0087776283858185, 0.9985701636869877, 0.958503780732019, 0.9971722902844775, 0.9983052009089298, 0.9843484822303121, 1.0055196657550174, 0.9726088559642969, 0.998487314841625, 1.0144238594732475, 1.0227763280181907, 1.003852256658924, 0.9862205818804112, 0.9929935713345736]","[-0.014918354819532076, -0.007826581923387144, -0.0020661245082348456, -0.013420814117654611, -0.004028415641909033, 0.007091027523634885, -0.008639103101142465, -0.009396775468769714, -0.0057048723775490195, 0.010593789361427408, -0.0013346183555258406, 0.00045036770425110895, 0.0007135806504310338, -0.02776037083227212, 0.009199045075445778, 0.0005642887623893422, 0.008777628385818526, -0.0014298363130123004, -0.04149621926798097, -0.002827709715522486, -0.001694799091070176, -0.015651517769687873, 0.005519665755017389, -0.027391144035703086, -0.0015126851583749934, 0.014423859473247536, 0.02277632801819074, 0.0038522566589240803, -0.013779418119588827, -0.007006428665426445]","[0.10152489691972733, 0.10152489691972733, 0.10152489691972733, 0.0, 0.0, 0.09755375981330872, 0.0, 0.0, 0.0, 0.0, 0.0, 0.09933682531118393, 0.0, 0.0, 0.0, 0.0, 0.10087788850069046, 0.0, 0.0, 0.0, 0.09931918233633041, 0.0, 0.0, 0.10152489691972733, 0.0, 0.0, 0.0, 0.09808870404958725, 0.09872407466173172, 0.0]","[0.0, 1.0211628422601745e-22, 0.0, 1.0, 0.0, 0.0, 0.0, 0.0, 0.0, 5.2781516948423095e-24, 0.0, 0.0, 0.0, 2.269263142270502e-22, 5.94236203218677e-23, 0.0, 0.0, 2.262754436631985e-22, 0.0, 5.482514339912535e-24, 0.0, 0.0, 0.0, 5.630360234882535e-24, 0.0, 1.1540799196775752e-22, 0.0, 1.162266314846821e-22, 0.0, 0.0]","[0.006037110109033741, 0.0, 0.0, 0.9016388773898338, 0.004429537146726588, 0.00850261466377737, 0.007429420696383548, 0.005077913669185799, 0.01776759794530546, 0.0, 0.0, 0.0033659581514171558, 0.0, 0.0, 0.01698098372879222, 0.0, 0.003973090276421816, 0.0, 0.007127194258749943, 0.007388030499557712, 0.0, 0.0, 0.01028167146481484, 0.0, 0.0, 0.0, 0.0, 0.0, 0.0, 0.0]","[0.10152489691972733, 0.10152489691972733, 0.10152489691972733, 0.0, 0.0, 0.09755375981330872, 0.0, 0.0, 0.0, 0.0, 0.0, 0.09933682531118393, 0.0, 0.0, 0.0, 0.0, 0.10087788850069046, 0.0, 0.0, 0.0, 0.09931918233633041, 0.0, 0.0, 0.10152489691972733, 0.0, 0.0, 0.0, 0.09808870404958725, 0.09872407466173172, 0.0]",-0.005229380641478854
60,0.9140541789336487,"[0.9850816451804679, 0.9921734180766129, 0.9979338754917652, 0.9865791858823454, 0.995971584358091, 1.0070910275236349, 0.9913608968988575, 0.9906032245312303, 0.994295127622451, 1.0105937893614274, 0.9986653816444742, 1.000450367704251, 1.000713580650431, 0.9722396291677279, 1.0091990450754458, 1.0005642887623893, 1.0087776283858185, 0.9985701636869877, 0.958503780732019, 0.9971722902844775, 0.9983052009089298, 0.9843484822303121, 1.0055196657550174, 0.9726088559642969, 0.998487314841625, 1.0144238594732475, 1.0227763280181907, 1.003852256658924, 0.9862205818804112, 0.9929935713345736]","[1.011189677898996, 0.9927705758356848, 0.9805315698230366, 1.020151618109134, 0.988596817661221, 1.0017828878740307, 0.9996945061510056, 1.0055938418690913, 1.00162341334753, 0.9900784370942638, 0.990461282204118, 1.025550005282349, 0.975188485464354, 1.0009154856054159, 1.0027580349786003, 1.011295128647929, 0.9982607774524545, 1.0250652169059444, 1.0018236861106493, 1.0295612381311552, 1.0028013238001052, 0.999074084556606, 0.9879329095257652, 0.9996234288550024, 0.9951228042376585, 0.9810773858683898, 1.0107003216036823, 1.0110738629942742, 0.9984331824638053, 1.0245146725036172]","[0.011189677898995942, -0.007229424164315157, -0.019468430176963425, 0.020151618109133906, -0.011403182338779017, 0.001782887874030692, -0.0003054938489943648, 0.005593841869091287, 0.0016234133475299117, -0.009921562905736203, -0.009538717795882001, 0.025550005282348964, -0.024811514535646007, 0.0009154856054158778, 0.0027580349786002767, 0.011295128647929031, -0.0017392225475455492, 0.025065216905944432, 0.001823686110649314, 0.029561238131155188, 0.0028013238001052265, -0.0009259154433940431, -0.01206709047423482, -0.0003765711449975617, -0.0048771957623414686, -0.018922614131610227, 0.010700321603682283, 0.011073862994274153, -0.0015668175361946979, 0.024514672503617163]","[0.0, 0.0, 0.0, 0.0, 0.11024560034275055, 0.10905227065086365, 0.0, 0.0, 0.0, 0.0, 0.08077462017536163, 0.09612859040498734, 0.11024560034275055, 0.0, 0.0, 0.0, 0.0, 0.0, 0.0, 0.11024560034275055, 0.10589311271905899, 0.0, 0.0, 0.10563188046216965, 0.06153705343604088, 0.0, 0.0, 0.0, 0.0, 0.11024560034275055]","[0.0, 1.8430596637921045e-23, 1.1507801868643719e-22, 1.0, 0.0, 1.1552940227097695e-22, 1.1595397503098322e-22, 6.704305649254223e-22, 0.0, 0.0, 0.0, 0.0, 0.0, 2.264346101065889e-22, 1.4245244462249745e-22, 1.1494576441155473e-22, 0.0, 0.0, 0.0, 0.0, 0.0, 0.0, 1.1523908931679325e-22, 0.0, 0.0, 0.0, 0.0, 0.0, 0.0, 0.0]","[0.0, 0.011062090614245885, 0.0020126030739575527, 0.8888410970812571, 0.0, 0.00577009365083226, 0.0, 0.0, 0.0, 0.007006559105534462, 0.011916636199312965, 0.005194423587938783, 0.0010100465711553367, 0.009558671427753164, 0.0, 0.01328182354682835, 0.0006975528980630405, 0.0, 0.0047860723552237226, 0.009803434571271427, 0.0032020590754673335, 0.00656209460002068, 0.0, 0.0006624274043652834, 0.00045693185847648244, 0.0, 0.0, 0.017417240934761925, 0.0007581414435342688, 0.0]","[0.0, 0.0, 0.0, 0.0, 0.11024561524391174, 0.10905228555202484, 0.0, 0.0, 0.0, 0.0, 0.08077462762594223, 0.09612860530614853, 0.11024561524391174, 0.0, 0.0, 0.0, 0.0, 0.0, 0.0, 0.11024561524391174, 0.10589312762022018, 0.0, 0.0, 0.10563189536333084, 0.061537060886621475, 0.0, 0.0, 0.0, 0.0, 0.11024561524391174]",0.003382870147255678
61,0.9142334573138808,"[1.011189677898996, 0.9927705758356848, 0.9805315698230366, 1.020151618109134, 0.988596817661221, 1.0017828878740307, 0.9996945061510056, 1.0055938418690913, 1.00162341334753, 0.9900784370942638, 0.990461282204118, 1.025550005282349, 0.975188485464354, 1.0009154856054159, 1.0027580349786003, 1.011295128647929, 0.9982607774524545, 1.0250652169059444, 1.0018236861106493, 1.0295612381311552, 1.0028013238001052, 0.999074084556606, 0.9879329095257652, 0.9996234288550024, 0.9951228042376585, 0.9810773858683898, 1.0107003216036823, 1.0110738629942742, 0.9984331824638053, 1.0245146725036172]","[0.9963469047933377, 0.9914190156659017, 1.0097155718006867, 0.9901586696065245, 1.0047790052384782, 0.9901254116716179, 0.9784698104937194, 1.0097981475534257, 0.9995865054960898, 0.9984529553505059, 1.0176754824903746, 1.011463365107507, 1.0038870370076762, 0.9847558319603762, 0.9875517938089616, 1.0106938493372564, 1.0053075359516301, 0.9948190994379283, 0.9946634165222614, 1.0012640600634726, 0.9941524886564905, 0.9959427702875847, 1.017800829136431, 1.0014325620472073, 0.9967347455983739, 0.9906049009459545, 1.0123955696522022, 1.0028152711857132, 0.9993697950771053, 0.9995841481621841]","[-0.003653095206662349, -0.008580984334098263, 0.009715571800686718, -0.009841330393475456, 0.0047790052384781845, -0.009874588328382061, -0.021530189506280606, 0.009798147553425673, -0.0004134945039101501, -0.001547044649494067, 0.01767548249037465, 0.011463365107506895, 0.0038870370076762306, -0.015244168039623807, -0.012448206191038369, 0.010693849337256367, 0.005307535951630138, -0.005180900562071655, -0.005336583477738577, 0.0012640600634725718, -0.0058475113435094705, -0.004057229712415289, 0.017800829136431107, 0.0014325620472073197, -0.003265254401626061, -0.009395099054045453, 0.012395569652202232, 0.0028152711857132307, -0.0006302049228946727, -0.00041585183781589485]","[0.07255961745977402, 0.0, 0.10213707387447357, 0.06671863794326782, 0.13112373650074005, 0.0, 0.0, 0.13149966299533844, 0.0, 0.0, 0.0, 0.0, 0.13149966299533844, 0.0, 0.0, 0.0, 0.0, 0.05893034487962723, 0.0, 0.0, 0.11896809935569763, 0.0, 0.0, 0.0, 0.07390127331018448, 0.11266187578439713, 0.0, 0.0, 0.0, 0.0]","[0.0, 1.1553420825196761e-22, 0.0, 1.0, 3.807294362899417e-24, 0.0, 0.0, 0.0, 0.0, 1.1589957252055362e-22, 0.0, 0.0, 0.0, 0.0, 0.0, 0.0, -1.0587094656585548e-22, 0.0, 2.5588060794638564e-24, 0.0, 0.0, 1.1460439446289964e-22, 0.0, -1.0608234191205873e-22, 0.0, 1.4296687721847073e-22, 0.0, 0.0, 0.0, -2.429940461370362e-23]","[0.012950766834572022, 0.0, 0.0, 0.879485738424685, 0.009020183942839936, 0.003210220709250147, 0.0, 0.006205568402862072, 0.007786952247489115, 0.0, 0.0, 0.01599481462869447, 0.0043046299755908225, 0.009609279012126987, 0.0, 0.0, 0.007958405533209307, 0.0, 0.00809998861167984, 0.00352358038100083, 0.007574059600421213, 0.016890591394546572, 0.0, 0.0, 0.0, 0.0, 0.0, 0.0, 0.007385220301031607, 0.0]","[0.07255961745977402, 0.0, 0.10213707387447357, 0.06671863794326782, 0.13112373650074005, 0.0, 0.0, 0.13149966299533844, 0.0, 0.0, 0.0, 0.0, 0.13149966299533844, 0.0, 0.0, 0.0, 0.0, 0.05893034487962723, 0.0, 0.0, 0.11896809935569763, 0.0, 0.0, 0.0, 0.07390127331018448, 0.11266187578439713, 0.0, 0.0, 0.0, 0.0]",-0.00021014027933452225
62,0.9084460593744823,"[0.9963469047933377, 0.9914190156659017, 1.0097155718006867, 0.9901586696065245, 1.0047790052384782, 0.9901254116716179, 0.9784698104937194, 1.0097981475534257, 0.9995865054960898, 0.9984529553505059, 1.0176754824903746, 1.011463365107507, 1.0038870370076762, 0.9847558319603762, 0.9875517938089616, 1.0106938493372564, 1.0053075359516301, 0.9948190994379283, 0.9946634165222614, 1.0012640600634726, 0.9941524886564905, 0.9959427702875847, 1.017800829136431, 1.0014325620472073, 0.9967347455983739, 0.9906049009459545, 1.0123955696522022, 1.0028152711857132, 0.9993697950771053, 0.9995841481621841]","[1.0073582353737527, 1.0181783026313165, 0.9961637957407449, 0.9984629130891646, 1.0082327593512335, 1.008326337252236, 1.0010869991823206, 1.0024402426114807, 0.9890674339343588, 1.011024814319377, 0.9973820975008085, 1.0122839295205759, 0.9853738467001526, 0.9831861744055245, 1.0089853112841058, 0.9881048496674855, 0.996035087208161, 1.0002546246548645, 0.9868407234531517, 1.0222737729031806, 0.9931518563764795, 1.0149616753562005, 1.0190872892689413, 0.9800845114093385, 0.9830451410328727, 1.02525688374877, 0.994879846317913, 1.0179256858715462, 0.9790661277487344, 0.9986545222893369]","[0.007358235373752686, 0.01817830263131648, -0.003836204259255127, -0.001537086910835428, 0.008232759351233465, 0.008326337252235971, 0.0010869991823205805, 0.0024402426114806808, -0.010932566065641192, 0.011024814319376963, -0.0026179024991914712, 0.012283929520575887, -0.0146261532998474, -0.01681382559447553, 0.008985311284105846, -0.011895150332514537, -0.00396491279183897, 0.00025462465486447705, -0.013159276546848342, 0.022273772903180555, -0.006848143623520486, 0.014961675356200521, 0.01908728926894132, -0.0199154885906615, -0.01695485896712734, 0.02525688374877011, -0.005120153682086959, 0.017925685871546193, -0.02093387225126564, -0.0013454777106630678]","[0.12542545795440674, 0.0, 0.11872344464063644, 0.0, 0.0, 0.08334383368492126, 0.0, 0.0, 0.07239137589931488, 0.0, 0.0560881532728672, 0.0, 0.0, 0.08331815153360367, 0.0, 0.0, 0.0, 0.12542545795440674, 0.0, 0.0, 0.0, 0.0, 0.0, 0.0, 0.12542545795440674, 0.0, 0.08443322777748108, 0.0, 0.12542545795440674, 0.0]","[0.0, 0.0, 3.379513993379718e-22, 1.0, 0.0, 2.270946864306855e-22, 0.0, 0.0, 0.0, 0.0, 0.0, 0.0, 0.0, 3.3796074984186685e-22, 0.0, 0.0, 0.0, 0.0, 0.0, 0.0, 3.379961900836353e-22, 3.3732272557587086e-22, 0.0, 3.38822139099426e-22, 2.274226816124711e-22, 3.379192878118895e-22, 0.0, 0.0, 0.0, 3.0223758067539115e-22]","[0.013984797975040247, 0.0, 0.0033368665867756163, 0.8664474633980788, 0.009945332294527785, 0.0, 0.0, 0.0040941445046217976, 0.019550246334795834, 0.0, 0.0, 0.0, 0.010422958881823041, 0.004769966582720751, 0.009510442034108162, 0.005314178010081938, 0.0, 0.0, 0.010197455832031512, 0.0, 0.0020081397291929386, 0.0, 0.007841359437983076, 0.0, 0.0, 0.0, 0.008296644585908996, 0.00663515814952922, 0.0, 0.01764484566278031]","[0.12542545795440674, 0.0, 0.11872344464063644, 0.0, 0.0, 0.08334383368492126, 0.0, 0.0, 0.07239137589931488, 0.0, 0.0560881532728672, 0.0, 0.0, 0.08331815153360367, 0.0, 0.0, 0.0, 0.12542545795440674, 0.0, 0.0, 0.0, 0.0, 0.0, 0.0, 0.12542545795440674, 0.0, 0.08443322777748108, 0.0, 0.12542545795440674, 0.0]",-0.006789380202417806
63,0.9098301445338063,"[1.0073582353737527, 1.0181783026313165, 0.9961637957407449, 0.9984629130891646, 1.0082327593512335, 1.008326337252236, 1.0010869991823206, 1.0024402426114807, 0.9890674339343588, 1.011024814319377, 0.9973820975008085, 1.0122839295205759, 0.9853738467001526, 0.9831861744055245, 1.0089853112841058, 0.9881048496674855, 0.996035087208161, 1.0002546246548645, 0.9868407234531517, 1.0222737729031806, 0.9931518563764795, 1.0149616753562005, 1.0190872892689413, 0.9800845114093385, 0.9830451410328727, 1.02525688374877, 0.994879846317913, 1.0179256858715462, 0.9790661277487344, 0.9986545222893369]","[0.9959592151415065, 1.001814053461922, 0.9951229150531059, 0.999440064596458, 1.0075435207767707, 1.0095785473388816, 0.987602385392173, 1.0077276465488525, 1.0023734938669493, 0.9802832579030915, 0.9867006071650976, 0.9936203395635934, 0.9849026881757468, 0.989807688230552, 0.9696345385320748, 0.9861495948510061, 1.002061455805546, 1.0233978221730968, 1.0033887044049483, 1.0017744978428504, 0.9862143319929139, 1.0150696999510704, 0.9973864759058299, 0.9978870111266814, 0.9672008690465703, 1.0094201990269773, 0.977530280762773, 0.993047226204739, 1.0023484597140753, 1.008859328594399]","[-0.0040407848584934625, 0.0018140534619219828, -0.004877084946894095, -0.0005599354035420445, 0.0075435207767706736, 0.009578547338881638, -0.012397614607826957, 0.007727646548852496, 0.0023734938669492944, -0.019716742096908546, -0.013299392834902446, -0.006379660436406587, -0.015097311824253223, -0.010192311769448015, -0.03036546146792518, -0.013850405148993938, 0.002061455805546064, 0.023397822173096827, 0.0033887044049483173, 0.001774497842850442, -0.013785668007086138, 0.015069699951070437, -0.00261352409417015, -0.0021129888733185664, -0.03279913095342968, 0.009420199026977327, -0.02246971923722696, -0.006952773795261047, 0.0023484597140752683, 0.008859328594398974]","[0.0, 0.0, 0.0, 0.0, 0.0, 0.0, 0.10334150493144989, 0.0, 0.10334150493144989, 0.0, 0.10334150493144989, 0.10334150493144989, 0.0, 0.0, 0.0, 0.0, 0.0, 0.10334150493144989, 0.0, 0.0, 0.09362266212701797, 0.10334150493144989, 0.0, 0.0, 0.0, 0.0796453133225441, 0.0, 0.0, 0.10334150493144989, 0.10334150493144989]","[0.0, 0.0, 2.265444753503417e-22, 1.0, 0.0, 0.0, 2.2719726661177134e-22, 0.0, 0.0, 2.272259391357152e-22, 0.0, 0.0, 2.265120650555175e-22, 0.0, 0.0, 0.0, 2.278244880932717e-22, 0.0, 0.0, 0.0, 0.0, 0.0, 2.267675193371462e-22, 0.0, 2.268672095940985e-22, 0.0, 2.2671871121871526e-22, 2.2677042880407608e-22, 0.0, 0.0]","[0.007601613559675171, 0.0, 0.0, 0.920094593583295, 0.0, 0.0, 0.0, 0.0, 0.0011605996420804231, 0.001374316113003137, 0.011842836042649043, 0.0010328734727271362, 0.022186229553702887, 0.003407067747697958, 0.0, 0.007123326006888972, 0.0, 0.0, 0.007627319053308032, 0.0, 0.004263915937960136, 0.0, 0.002830399882187329, 0.0, 0.005257187137420736, 0.0, 0.0021368748372753415, 0.0020608474301287614, 0.0, 0.0]","[0.0, 0.0, 0.0, 0.0, 0.0, 0.0, 0.10334150493144989, 0.0, 0.10334150493144989, 0.0, 0.10334150493144989, 0.10334150493144989, 0.0, 0.0, 0.0, 0.0, 0.0, 0.10334150493144989, 0.0, 0.0, 0.09362266212701797, 0.10334150493144989, 0.0, 0.0, 0.0, 0.0796453133225441, 0.0, 0.0, 0.10334150493144989, 0.10334150493144989]",0.0011960003586729208
64,0.911255626575247,"[0.9959592151415065, 1.001814053461922, 0.9951229150531059, 0.999440064596458, 1.0075435207767707, 1.0095785473388816, 0.987602385392173, 1.0077276465488525, 1.0023734938669493, 0.9802832579030915, 0.9867006071650976, 0.9936203395635934, 0.9849026881757468, 0.989807688230552, 0.9696345385320748, 0.9861495948510061, 1.002061455805546, 1.0233978221730968, 1.0033887044049483, 1.0017744978428504, 0.9862143319929139, 1.0150696999510704, 0.9973864759058299, 0.9978870111266814, 0.9672008690465703, 1.0094201990269773, 0.977530280762773, 0.993047226204739, 1.0023484597140753, 1.008859328594399]","[0.9857856846859895, 1.0167174167089648, 0.9842026757985353, 1.0061970830157412, 1.008151838998686, 0.9942330559601612, 1.0047807547943315, 1.0212851147774746, 1.0006506568104818, 1.0152103014225438, 1.0138293574775472, 1.0161951731888743, 1.0089497268643548, 0.981089440146379, 1.0051513105084227, 0.9988406819917186, 0.9820593498906045, 1.0152254266852836, 0.988514215584615, 0.9814399862159652, 1.0121621331742328, 0.9899769833580937, 1.0166386290961111, 0.9898560501338439, 1.000912026559228, 0.9980846542658985, 1.0040339117821495, 0.9918099578231852, 1.0113488406593627, 1.0049475736425886]","[-0.014214315314010517, 0.01671741670896476, -0.015797324201464735, 0.006197083015741178, 0.0081518389986861, -0.005766944039838795, 0.004780754794331488, 0.021285114777474634, 0.00065065681048182, 0.01521030142254376, 0.01382935747754721, 0.016195173188874312, 0.008949726864354801, -0.018910559853621, 0.005151310508422657, -0.0011593180082813959, -0.017940650109395495, 0.015225426685283594, -0.011485784415384948, -0.018560013784034823, 0.012162133174232759, -0.010023016641906302, 0.016638629096111135, -0.010143949866156077, 0.000912026559227952, -0.001915345734101459, 0.004033911782149513, -0.008190042176814849, 0.011348840659362702, 0.004947573642588576]","[0.0, 0.0, 0.0, 0.0, 0.10537022352218628, 0.08242164552211761, 0.0, 0.09930510073900223, 0.0, 0.10537022352218628, 0.0, 0.10537022352218628, 0.0, 0.09661655128002167, 0.10100727528333664, 0.0, 0.10537022352218628, 0.0, 0.0, 0.0, 0.0, 0.0, 0.0, 0.0, 0.0, 0.09379830211400986, 0.0, 0.10537022352218628, 0.0, 0.0]","[0.0, 0.0, -3.2519102350948005e-22, 0.0, 0.0, 0.0, 0.0, 0.0, 0.0, -1.04318855863115e-22, 0.0, 0.0, 0.0, -3.2499424399940244e-22, 0.0, 0.0, -1.0311356949168709e-22, 0.0, 0.0, 0.0, -1.0380811821766606e-22, -1.0315322352026243e-22, -3.2481943229338297e-22, -3.236718398435781e-22, 0.0, -2.76028897769229e-22, 0.0, 0.0, 0.0, 1.0]","[0.0, 0.0, 0.007688168384638916, 0.02386038260733485, 0.0, 0.0, 0.0, 0.0, 0.0, 0.004591969182059979, 0.0006031007382770084, 0.01872332608767731, 0.0, 0.006367537952883191, 0.0, 0.00968432100404223, 0.004269233562900128, 0.0006504637280409756, 0.009677221031208473, 0.0, 0.002832414959090894, 0.0, 0.003407393241093424, 0.008730243012360249, 0.0, 0.0, 0.0025014073871595303, 0.003681895354067959, 0.01095548728590316, 0.8817754344812616]","[0.0, 0.0, 0.0, 0.0, 0.10537023097276688, 0.08242165297269821, 0.0, 0.09930510818958282, 0.0, 0.10537023097276688, 0.0, 0.10537023097276688, 0.0, 0.09661655873060226, 0.10100728273391724, 0.0, 0.10537023097276688, 0.0, 0.0, 0.0, 0.0, 0.0, 0.0, 0.0, 0.0, 0.09379830956459045, 0.0, 0.10537023097276688, 0.0, 0.0]",0.0011428639346397656
65,0.9143975299332824,"[0.9857856846859895, 1.0167174167089648, 0.9842026757985353, 1.0061970830157412, 1.008151838998686, 0.9942330559601612, 1.0047807547943315, 1.0212851147774746, 1.0006506568104818, 1.0152103014225438, 1.0138293574775472, 1.0161951731888743, 1.0089497268643548, 0.981089440146379, 1.0051513105084227, 0.9988406819917186, 0.9820593498906045, 1.0152254266852836, 0.988514215584615, 0.9814399862159652, 1.0121621331742328, 0.9899769833580937, 1.0166386290961111, 0.9898560501338439, 1.000912026559228, 0.9980846542658985, 1.0040339117821495, 0.9918099578231852, 1.0113488406593627, 1.0049475736425886]","[0.9917393893571033, 0.9926995150151695, 0.9917607269366673, 1.0011089639046111, 0.993053843060569, 0.9866973738705056, 1.0038475220962628, 1.020492451985387, 0.9999831127297076, 1.0187548342827606, 1.0111903917285878, 1.0077784706805686, 0.9851857772012648, 1.0056502005387178, 0.9901940144205597, 0.9944539010259144, 1.0121128415871505, 1.011139154826867, 1.0158049936385967, 1.006896188708847, 1.0230981521607443, 1.0046532439658846, 1.0057776886271284, 0.9862461036686895, 0.9923210245694918, 0.9763122525421746, 1.0061179058932952, 0.9996441298306036, 0.984178840368102, 0.9942261058694826]","[-0.008260610642896737, -0.007300484984830491, -0.00823927306333272, 0.0011089639046111266, -0.006946156939431014, -0.0133026261294944, 0.003847522096262823, 0.020492451985387072, -1.688727029236503e-05, 0.01875483428276059, 0.011190391728587823, 0.007778470680568583, -0.014814222798735233, 0.005650200538717787, -0.009805985579440346, -0.005546098974085645, 0.012112841587150536, 0.011139154826866893, 0.015804993638596665, 0.006896188708847006, 0.02309815216074429, 0.004653243965884624, 0.005777688627128352, -0.013753896331310522, -0.007678975430508217, -0.023687747457825425, 0.006117905893295195, -0.0003558701693964217, -0.015821159631898007, -0.005773894130517432]","[0.10238981992006302, 0.0, 0.0, 0.0, 0.0, 0.0, 0.0829036682844162, 0.10238981992006302, 0.10238981992006302, 0.10238981992006302, 0.0, 0.10238981992006302, 0.09797780960798264, 0.0, 0.10238981992006302, 0.0, 0.0, 0.10238981992006302, 0.0, 0.0, 0.0, 0.10238981992006302, 0.0, 0.0, 0.0, 0.0, 0.0, 0.0, 0.0, 0.0]","[7.808713260466598e-22, 0.0, 0.0, 8.364330347956096e-22, 0.0, 6.706821072704734e-22, 6.70637343253636e-22, 0.0, 0.0, 0.0, 6.711907267072952e-22, 7.818929210841779e-22, 0.0, 0.0, 0.0, 0.0, 7.8186624923474915e-22, 0.0, 0.0, 0.0, 7.815767629143495e-22, 0.0, 0.0, 0.0, 0.0, 6.990109237044216e-22, 0.0, 0.0, 0.0, 1.0]","[0.0, 0.006296914377995894, 0.0, 0.010428051498028622, 0.001697285448194429, 0.0, 0.00360583563878069, 0.0, 0.0, 0.007720973677625495, 0.014456239691081361, 0.0007265793480881864, 0.013832165706788984, 0.0, 0.004704899170944065, 0.0, 0.007503062166403216, 0.0, 0.0, 0.006024947528850738, 0.01647544318159107, 0.0, 0.005993217584956948, 0.0019535534452844072, 0.010490401495142356, 0.0, 0.0, 0.0, 0.0016082045556329323, 0.8864822254846105]","[0.10238981992006302, 0.0, 0.0, 0.0, 0.0, 0.0, 0.0829036682844162, 0.10238981992006302, 0.10238981992006302, 0.10238981992006302, 0.0, 0.10238981992006302, 0.09797780960798264, 0.0, 0.10238981992006302, 0.0, 0.0, 0.10238981992006302, 0.0, 0.0, 0.0, 0.10238981992006302, 0.0, 0.0, 0.0, 0.0, 0.0, 0.0, 0.0, 0.0]",0.003025532782839125
66,0.9149417944586563,"[0.9917393893571033, 0.9926995150151695, 0.9917607269366673, 1.0011089639046111, 0.993053843060569, 0.9866973738705056, 1.0038475220962628, 1.020492451985387, 0.9999831127297076, 1.0187548342827606, 1.0111903917285878, 1.0077784706805686, 0.9851857772012648, 1.0056502005387178, 0.9901940144205597, 0.9944539010259144, 1.0121128415871505, 1.011139154826867, 1.0158049936385967, 1.006896188708847, 1.0230981521607443, 1.0046532439658846, 1.0057776886271284, 0.9862461036686895, 0.9923210245694918, 0.9763122525421746, 1.0061179058932952, 0.9996441298306036, 0.984178840368102, 0.9942261058694826]","[0.9935098888458105, 1.007028306824818, 1.0228257247679045, 0.9984415419970283, 0.9939394755624541, 1.004041624892416, 1.0208945365228579, 0.9838257627995621, 1.0026495912002025, 0.997872153471455, 0.9952367844557474, 1.007633033008978, 1.0016951258442668, 0.9907315373541472, 1.0051410290247713, 1.008643119721132, 1.0065985711820427, 1.0165559572169105, 0.9988438406331316, 1.0137625446783725, 0.9792863679616519, 0.9923731093306782, 0.9969103030061605, 1.0140181115540725, 0.9966100857456949, 0.9997991761825202, 0.9950275531376382, 1.009420884675631, 0.9939445257053124, 1.0075203423692158]","[-0.006490111154189515, 0.007028306824818031, 0.022825724767904454, -0.0015584580029717188, -0.0060605244375459, 0.004041624892415996, 0.020894536522857887, -0.01617423720043787, 0.0026495912002024724, -0.00212784652854503, -0.00476321554425263, 0.007633033008977996, 0.0016951258442667871, -0.009268462645852793, 0.005141029024771315, 0.008643119721132075, 0.006598571182042656, 0.0165559572169105, -0.0011561593668684145, 0.013762544678372457, -0.020713632038348084, -0.007626890669321762, -0.0030896969938395413, 0.01401811155407251, -0.0033899142543051264, -0.00020082381747976719, -0.004972446862361757, 0.009420884675630958, -0.006055474294687557, 0.007520342369215838]","[0.0, 0.11585518717765808, 0.12562385201454163, 0.0, 0.0, 0.09154512733221054, 0.0, 0.07000239938497543, 0.06525144726037979, 0.0, 0.0, 0.0, 0.12562385201454163, 0.06727258116006851, 0.0, 0.0, 0.0, 0.0, 0.0, 0.0, 0.12562385201454163, 0.08757783472537994, 0.0, 0.0, 0.0, 0.0, 0.0, 0.12562385201454163, 0.0, 0.0]","[-6.603192314839022e-22, 0.0, 0.0, -7.019681098904851e-22, 0.0, 0.0, -6.58843537491675e-22, 0.0, 0.0, 0.0, 0.0, -7.697753917174624e-22, 0.0, -6.58221973424764e-22, 0.0, -6.596026026829345e-22, 0.0, 0.0, 0.0, 0.0, 0.0, 0.0, -7.690393787428348e-22, -6.568552616327879e-22, 0.0, -7.692285877396943e-22, 0.0, 0.0, 0.0, 1.0]","[0.006524847400851829, 0.0, 0.0, 0.0, 0.0, 0.0, 0.0, 0.01539572124006872, 0.005868030361735268, 0.012280289225083165, 0.0, 0.0, 0.0, 0.005601610391784919, 0.0, 0.005095006417146781, 0.007151908648872643, 0.007858895901394963, 0.0, 0.0, 0.0, 0.0, 0.0, 0.015006908949113669, 0.0, 0.0, 0.0, 0.0, 0.0, 0.9192167814639481]","[0.0, 0.11585520207881927, 0.12562386691570282, 0.0, 0.0, 0.09154513478279114, 0.0, 0.07000240683555603, 0.06525145471096039, 0.0, 0.0, 0.0, 0.12562386691570282, 0.06727258861064911, 0.0, 0.0, 0.0, 0.0, 0.0, 0.0, 0.12562386691570282, 0.08757784217596054, 0.0, 0.0, 0.0, 0.0, 0.0, 0.12562386691570282, 0.0, 0.0]",0.00018655805761655175
67,0.9198954960354632,"[0.9935098888458105, 1.007028306824818, 1.0228257247679045, 0.9984415419970283, 0.9939394755624541, 1.004041624892416, 1.0208945365228579, 0.9838257627995621, 1.0026495912002025, 0.997872153471455, 0.9952367844557474, 1.007633033008978, 1.0016951258442668, 0.9907315373541472, 1.0051410290247713, 1.008643119721132, 1.0065985711820427, 1.0165559572169105, 0.9988438406331316, 1.0137625446783725, 0.9792863679616519, 0.9923731093306782, 0.9969103030061605, 1.0140181115540725, 0.9966100857456949, 0.9997991761825202, 0.9950275531376382, 1.009420884675631, 0.9939445257053124, 1.0075203423692158]","[0.9986551937030504, 0.9962646574443678, 1.0022647568683107, 0.995149121747103, 1.0034528474854523, 0.9891016760108564, 1.0053373064579847, 1.0048103644592286, 1.007002697719599, 1.0315441234486775, 1.0080036886891122, 0.9974487203931072, 0.9980956248093595, 0.9948510903887471, 1.009209450123846, 0.9965026503418443, 1.00440693434928, 1.0074623999991055, 0.9955075180778631, 1.0107846598506531, 1.016614980035202, 0.9928732831654112, 0.9957816773959086, 1.0175728028953681, 0.9957685373525335, 0.9935976147259773, 1.0304054629190815, 1.014381002414861, 1.0014999506284719, 1.0064267546249646]","[-0.0013448062969495522, -0.0037353425556322373, 0.0022647568683107355, -0.004850878252896984, 0.0034528474854522706, -0.010898323989143588, 0.005337306457984692, 0.0048103644592285555, 0.007002697719598938, 0.03154412344867752, 0.008003688689112165, -0.002551279606892831, -0.0019043751906404616, -0.0051489096112529165, 0.009209450123845997, -0.003497349658155735, 0.004406934349280078, 0.0074623999991054735, -0.004492481922136915, 0.010784659850653133, 0.01661498003520201, -0.007126716834588764, -0.004218322604091385, 0.01757280289536811, -0.004231462647466544, -0.006402385274022704, 0.030405462919081527, 0.014381002414860955, 0.0014999506284718578, 0.006426754624964559]","[0.0, 0.0, 0.10049091279506683, 0.10049091279506683, 0.0, 0.0, 0.0, 0.0, 0.0, 0.10049091279506683, 0.10049091279506683, 0.10049091279506683, 0.0, 0.10049091279506683, 0.0, 0.0, 0.10049091279506683, 0.0, 0.10049091279506683, 0.0, 0.0, 0.0, 0.10049091279506683, 0.0, 0.0, 0.0, 0.09558188915252686, 0.0, 0.0, 0.0]","[0.0, 0.0, 3.397774814011368e-22, 0.0, 0.0, 0.0, 0.0, 0.0, 0.0, 3.3998244399957737e-22, 1.1864148273791683e-22, 0.0, 0.0, 0.0, 1.1851126074745251e-22, 0.0, 1.1812557826924284e-22, 0.0, 1.1822417061670436e-22, 0.0, 0.0, 1.182954280093536e-22, 3.408094491398828e-22, 0.0, 0.0, 1.184467004819028e-22, 0.0, 0.0, 0.0, 1.0]","[0.0, 0.0005410191677118604, 0.011505508111554952, 0.0, 0.0, 0.0, 0.0, 0.011484342455560235, 0.0, 0.010837806463077162, 0.0035808708985987456, 0.012288359858920966, 0.012193321476261506, 0.02110834892256209, 0.0, 0.0203414103349929, 0.0036100667168970295, 0.027664327052214263, 0.0, 0.0, 0.0049298904265732075, 0.0015308851131516246, 0.007618541118887817, 0.01254353631694663, 0.0, 0.0, 0.0, 0.0, 0.007360707258364643, 0.8308610583077244]","[0.0, 0.0, 0.10049089789390564, 0.10049089789390564, 0.0, 0.0, 0.0, 0.0, 0.0, 0.10049089789390564, 0.10049089789390564, 0.10049089789390564, 0.0, 0.10049089789390564, 0.0, 0.0, 0.10049089789390564, 0.0, 0.10049089789390564, 0.0, 0.0, 0.0, 0.10049089789390564, 0.0, 0.0, 0.0, 0.09558187425136566, 0.0, 0.0, 0.0]",0.005011642148012396
68,0.9215016749082466,"[0.9986551937030504, 0.9962646574443678, 1.0022647568683107, 0.995149121747103, 1.0034528474854523, 0.9891016760108564, 1.0053373064579847, 1.0048103644592286, 1.007002697719599, 1.0315441234486775, 1.0080036886891122, 0.9974487203931072, 0.9980956248093595, 0.9948510903887471, 1.009209450123846, 0.9965026503418443, 1.00440693434928, 1.0074623999991055, 0.9955075180778631, 1.0107846598506531, 1.016614980035202, 0.9928732831654112, 0.9957816773959086, 1.0175728028953681, 0.9957685373525335, 0.9935976147259773, 1.0304054629190815, 1.014381002414861, 1.0014999506284719, 1.0064267546249646]","[1.006469606007613, 1.005801262506398, 0.9923846486519216, 1.0024603058927146, 0.9928529957682974, 0.9993614931556564, 0.9911348848198209, 1.0080953430647916, 0.9968893099936296, 0.99422538523605, 0.9868041305987085, 1.0097954429340747, 0.9976468872915931, 0.9796851994076594, 1.0193092761606963, 0.9960241416953248, 0.9957570088765871, 1.0077350182887777, 0.9919154449311569, 0.9797900922449782, 1.0240324744160005, 1.0052336635417356, 0.9821634847135968, 1.0064177744354288, 0.9971374640617904, 1.002471550501665, 0.9918370560234291, 1.0186123188108798, 1.030849113801662, 0.9746478116180501]","[0.006469606007613038, 0.005801262506397897, -0.007615351348078447, 0.0024603058927146204, -0.007147004231702558, -0.0006385068443436337, -0.008865115180179073, 0.008095343064791649, -0.0031106900063704312, -0.005774614763950026, -0.013195869401291471, 0.00979544293407475, -0.0023531127084068792, -0.020314800592340587, 0.01930927616069633, -0.003975858304675173, -0.004242991123412865, 0.007735018288777651, -0.008084555068843091, -0.02020990775502185, 0.024032474416000538, 0.0052336635417356, -0.017836515286403176, 0.006417774435428791, -0.0028625359382096205, 0.002471550501665032, -0.008162943976570913, 0.01861231881087977, 0.030849113801661998, -0.02535218838194986]","[0.10023335367441177, 0.0, 0.0, 0.0, 0.10023335367441177, 0.0, 0.0, 0.0, 0.10023335367441177, 0.0, 0.0, 0.0, 0.0, 0.09789979457855225, 0.0, 0.10023335367441177, 0.10023335367441177, 0.0, 0.10023335367441177, 0.0, 0.10023335367441177, 0.0, 0.0, 0.0, 0.0, 0.10023335367441177, 0.0, 0.0, 0.10023335367441177, 0.0]","[0.0, 0.0, 0.0, 0.0, 3.379859692935982e-22, 3.4004134910618684e-22, 0.0, 3.399704667244534e-22, 4.494692676078132e-22, 0.0, 2.296441424931292e-22, 0.0, 0.0, 0.0, 2.295100151604719e-22, 0.0, 0.0, 0.0, 2.2921843332968515e-22, 0.0, 0.0, 0.0, 2.2969265194758883e-22, 2.305910759813249e-22, 0.0, 0.0, 0.0, 0.0, 0.0, 1.0]","[0.0025781378373597908, 0.00798163425480131, 0.005466417837238379, 0.011697176595625698, 0.0, 0.0, 0.0, 0.0, 0.0, 0.0, 0.0, 0.0, 0.00037415198766583104, 0.0, 0.008834436252275955, 0.0, 0.0, 0.0, 0.009178563082395544, 0.009622860464248068, 0.012798119871794715, 0.0, 0.007214706697351416, 0.0, 0.005339131898342917, 0.0, 0.005582016671933163, 0.012934225033301971, 0.003781712818105839, 0.8966167086975595]","[0.10023335367441177, 0.0, 0.0, 0.0, 0.10023335367441177, 0.0, 0.0, 0.0, 0.10023335367441177, 0.0, 0.0, 0.0, 0.0, 0.09789979457855225, 0.0, 0.10023335367441177, 0.10023335367441177, 0.0, 0.10023335367441177, 0.0, 0.10023335367441177, 0.0, 0.0, 0.0, 0.0, 0.10023335367441177, 0.0, 0.0, 0.10023335367441177, 0.0]",0.0014101988785601223
69,0.9270026789171596,"[1.006469606007613, 1.005801262506398, 0.9923846486519216, 1.0024603058927146, 0.9928529957682974, 0.9993614931556564, 0.9911348848198209, 1.0080953430647916, 0.9968893099936296, 0.99422538523605, 0.9868041305987085, 1.0097954429340747, 0.9976468872915931, 0.9796851994076594, 1.0193092761606963, 0.9960241416953248, 0.9957570088765871, 1.0077350182887777, 0.9919154449311569, 0.9797900922449782, 1.0240324744160005, 1.0052336635417356, 0.9821634847135968, 1.0064177744354288, 0.9971374640617904, 1.002471550501665, 0.9918370560234291, 1.0186123188108798, 1.030849113801662, 0.9746478116180501]","[1.016369975269099, 0.9972811382522329, 0.9943737938326049, 0.9931058518267579, 0.9797037185783894, 1.0082664701583572, 1.0055290219616555, 1.0152227738798054, 0.9909976377401388, 1.007537911239372, 0.9853077425958504, 0.9952632498876893, 0.9757406799276875, 0.9927197286645701, 1.0190781136609055, 0.9825178730567441, 1.014924778494119, 0.9903059665811392, 1.0288794661996092, 0.9853852653743231, 1.0018384313762596, 1.0034254681325387, 0.991488578061871, 1.008079605075777, 1.0060673713746942, 1.011723047618627, 1.0035939662296047, 0.9856613729523093, 0.9955454254130474, 1.0047299413479949]","[0.01636997526909889, -0.002718861747767143, -0.005626206167395065, -0.006894148173242076, -0.02029628142161055, 0.008266470158357242, 0.0055290219616555, 0.015222773879805418, -0.009002362259861174, 0.007537911239372086, -0.014692257404149589, -0.0047367501123106726, -0.024259320072312462, -0.007280271335429855, 0.019078113660905505, -0.017482126943255905, 0.014924778494119106, -0.00969403341886077, 0.02887946619960924, -0.014614734625676862, 0.0018384313762596083, 0.003425468132538745, -0.008511421938129038, 0.008079605075776986, 0.006067371374694153, 0.01172304761862697, 0.003593966229604728, -0.014338627047690733, -0.004454574586952642, 0.00472994134799487]","[0.11147265136241913, 0.08670634776353836, 0.0, 0.0, 0.0, 0.0, 0.0, 0.066697858273983, 0.0, 0.0, 0.0, 0.11147265136241913, 0.0, 0.0, 0.0, 0.0, 0.11147265136241913, 0.0, 0.11147265136241913, 0.11147265136241913, 0.0, 0.0, 0.06628730148077011, 0.0, 0.11147265136241913, 0.0, 0.0, 0.0, 0.0, 0.11147265136241913]","[0.0, 0.0, 0.0, 2.850797847243445e-22, 0.0, 0.0, 0.0, 0.0, 0.0, 0.0, 0.0, 0.0, 0.0, 0.0, 2.3209631571721424e-22, 3.968316367561128e-22, 0.0, 0.0, 0.0, 0.0, 0.0, 2.3169781052685733e-22, 0.0, 4.552556578860605e-22, 2.3161583230496496e-22, 2.316058057287852e-22, 4.50941163160826e-22, 3.4034218239568423e-22, 0.0, 1.0]","[0.0, 0.0051923554882410804, 0.01567698294834654, 0.0016457315575235426, 0.003188903370347086, 0.008039073000602234, 0.0, 0.0, 0.009475976638343094, 0.0, 0.0, 0.0, 0.0, 0.0, 0.0, 0.0028205981229538065, 0.009515496480982913, 0.0, 0.0, 0.0, 0.0042273333540610875, 0.004458979526604156, 0.009627708920038038, 0.011299050084462149, 0.0, 0.0022396851276312683, 0.01494653878187396, 0.011818661356077419, 0.0039452311705639505, 0.8818816940713476]","[0.11147265136241913, 0.08670634776353836, 0.0, 0.0, 0.0, 0.0, 0.0, 0.066697858273983, 0.0, 0.0, 0.0, 0.11147265136241913, 0.0, 0.0, 0.0, 0.0, 0.11147265136241913, 0.0, 0.11147265136241913, 0.11147265136241913, 0.0, 0.0, 0.06628730148077011, 0.0, 0.11147265136241913, 0.0, 0.0, 0.0, 0.0, 0.11147265136241913]",0.005588903634778418
70,0.9315193297581421,"[1.016369975269099, 0.9972811382522329, 0.9943737938326049, 0.9931058518267579, 0.9797037185783894, 1.0082664701583572, 1.0055290219616555, 1.0152227738798054, 0.9909976377401388, 1.007537911239372, 0.9853077425958504, 0.9952632498876893, 0.9757406799276875, 0.9927197286645701, 1.0190781136609055, 0.9825178730567441, 1.014924778494119, 0.9903059665811392, 1.0288794661996092, 0.9853852653743231, 1.0018384313762596, 1.0034254681325387, 0.991488578061871, 1.008079605075777, 1.0060673713746942, 1.011723047618627, 1.0035939662296047, 0.9856613729523093, 0.9955454254130474, 1.0047299413479949]","[0.9992268309351314, 1.0005043468034254, 1.0029261224622665, 0.9940467176890319, 1.0098991112378526, 0.9806777226710096, 1.0031065147998777, 1.0005499396108815, 1.0019502287022075, 1.0130696988263581, 1.0000985141893177, 0.9887970683379167, 1.0022582976993786, 0.9977914483504317, 1.0087885097572333, 0.9888835996196339, 1.0095896100341994, 0.9937300677167796, 1.0215679742580512, 1.0029582074134817, 1.007339470263552, 0.9972393403512686, 0.9916496179056027, 1.0152494691958347, 1.0121881595299351, 0.980888146265911, 1.0125761354126173, 1.0064141145908585, 1.014030747199285, 1.0280276938399844]","[-0.000773169064868573, 0.0005043468034253706, 0.002926122462266534, -0.005953282310968144, 0.009899111237852587, -0.01932227732899039, 0.0031065147998776688, 0.0005499396108814558, 0.0019502287022075127, 0.013069698826358112, 9.851418931772216e-05, -0.011202931662083304, 0.0022582976993785753, -0.0022085516495683466, 0.008788509757233331, -0.011116400380366098, 0.009589610034199447, -0.00626993228322037, 0.021567974258051237, 0.0029582074134817393, 0.007339470263552084, -0.0027606596487314006, -0.008350382094397313, 0.015249469195834697, 0.012188159529935128, -0.019111853734088968, 0.012576135412617262, 0.0064141145908584996, 0.014030747199285099, 0.02802769383998438]","[0.0, 0.15456610918045044, 0.0, 0.0, 0.0, 0.0, 0.15456610918045044, 0.0, 0.0, 0.0, 0.04327495023608208, 0.0, 0.0, 0.14059749245643616, 0.0, 0.0, 0.0, 0.07638122141361237, 0.15456610918045044, 0.04236949607729912, 0.08291855454444885, 0.06452760100364685, 0.0, 0.0, 0.0, 0.0, 0.0, 0.0, 0.08623230457305908, 0.0]","[0.0, 0.0, 0.0, 0.0, 0.0, 0.0, 0.0, 6.63519774979154e-23, 0.0, 0.0, -2.109852265644782e-22, 0.0, 0.0, 2.3209137816285275e-22, -2.1025006092507038e-22, 0.0, 0.0, 1.0507429493812715e-23, -1.0034212725560881e-22, 0.0, 0.0, -2.1067354500156065e-22, 0.0, -2.090629984546593e-22, 0.0, 0.0, 0.0, 0.0, -2.1086454413335526e-22, 1.0]","[0.01778445069229724, 0.0, 0.0, 0.0037784596437194363, 0.0006560314694558934, 0.008530149863877946, 0.0, 0.0, 0.010330491129684885, 0.00655811068630993, 0.0, 0.0026382009233960396, 0.0, 0.002029318072965796, 0.0, 0.0, 0.0, 0.0037269327152883616, 0.0, 0.009259329771970156, 0.013836421918393814, 0.0, 0.0, 0.0, 0.0, 0.007658047979787956, 0.0, 0.0018179757520030723, 0.0, 0.9113960793808494]","[0.0, 0.15456610918045044, 0.0, 0.0, 0.0, 0.0, 0.15456610918045044, 0.0, 0.0, 0.0, 0.04327495023608208, 0.0, 0.0, 0.14059749245643616, 0.0, 0.0, 0.0, 0.07638122141361237, 0.15456610918045044, 0.04236949607729912, 0.08291855454444885, 0.06452760100364685, 0.0, 0.0, 0.0, 0.0, 0.0, 0.0, 0.08623230457305908, 0.0]",0.004412242423774556
71,0.9375868264408735,"[0.9992268309351314, 1.0005043468034254, 1.0029261224622665, 0.9940467176890319, 1.0098991112378526, 0.9806777226710096, 1.0031065147998777, 1.0005499396108815, 1.0019502287022075, 1.0130696988263581, 1.0000985141893177, 0.9887970683379167, 1.0022582976993786, 0.9977914483504317, 1.0087885097572333, 0.9888835996196339, 1.0095896100341994, 0.9937300677167796, 1.0215679742580512, 1.0029582074134817, 1.007339470263552, 0.9972393403512686, 0.9916496179056027, 1.0152494691958347, 1.0121881595299351, 0.980888146265911, 1.0125761354126173, 1.0064141145908585, 1.014030747199285, 1.0280276938399844]","[0.9963381163927911, 1.025436805877922, 1.016894340631356, 0.9928391912474452, 0.9713446258172918, 1.010311669657024, 0.9947481786702994, 1.0023543620363975, 1.0068817493662374, 0.9946182313686043, 1.0001635237203832, 0.9929124858778543, 1.0476401774890098, 1.003122098530145, 1.0063303252063989, 1.0089397718118465, 1.018421569017675, 0.995436287608543, 0.9755388714180077, 0.9956414436839053, 0.9785872106449657, 1.0109571365574173, 1.0103252301650285, 1.0006656279197943, 0.9947163696469895, 1.0178648641583903, 0.9856511622503082, 0.9997759891685705, 0.9894348725306793, 0.9842009962350559]","[-0.003661883607208871, 0.025436805877921964, 0.016894340631355975, -0.007160808752554759, -0.02865537418270825, 0.010311669657024014, -0.00525182132970059, 0.002354362036397495, 0.006881749366237422, -0.0053817686313957225, 0.0001635237203831963, -0.007087514122145699, 0.04764017748900984, 0.003122098530145001, 0.006330325206398868, 0.008939771811846464, 0.018421569017675, -0.004563712391457031, -0.024461128581992342, -0.004358556316094719, -0.021412789355034323, 0.010957136557417257, 0.01032523016502851, 0.0006656279197942983, -0.005283630353010493, 0.01786486415839028, -0.014348837749691756, -0.00022401083142953304, -0.010565127469320701, -0.01579900376494414]","[0.0, 0.10029713064432144, 0.0, 0.0, 0.0, 0.0, 0.0, 0.1145840436220169, 0.1145840436220169, 0.1145840436220169, 0.08479930460453033, 0.0, 0.08570875227451324, 0.0, 0.0, 0.0, 0.0, 0.0, 0.0, 0.1145840436220169, 0.0, 0.1145840436220169, 0.0, 0.06902729719877243, 0.0, 0.0, 0.0, 0.0, 0.0, 0.08724735677242279]","[0.0, 2.588505631712397e-22, 0.0, 0.0, 0.0, 0.0, 0.0, 2.2989773919837835e-22, 0.0, 0.0, 8.070752412993776e-24, 0.0, 0.0, 2.2952371784079596e-22, 2.583025622634482e-22, 0.0, 0.0, 0.0, 0.0, 0.0, 0.0, 2.30405706918996e-22, 0.0, 9.304021954867956e-24, 2.300070321605223e-22, 8.499126428694342e-24, 0.0, 0.0, 0.0, 1.0]","[0.0, 0.004051891115948096, 0.0, 0.01793696364653385, 0.00695676688698629, 0.0, 0.0, 0.0, 0.00021188018023978415, 0.0, 0.0, 0.0, 0.001491663208422585, 0.0, 0.004063119979670608, 0.003333724599549821, 0.01174952670475526, 0.0, 0.0, 0.0, 0.0022359414685267512, 0.0, 0.0, 0.006482112023900663, 0.0075128278563397054, 0.0, 0.009244530619366998, 0.0035051051764027684, 0.0, 0.9212239465333569]","[0.0, 0.10029713064432144, 0.0, 0.0, 0.0, 0.0, 0.0, 0.1145840436220169, 0.1145840436220169, 0.1145840436220169, 0.08479930460453033, 0.0, 0.08570875227451324, 0.0, 0.0, 0.0, 0.0, 0.0, 0.0, 0.1145840436220169, 0.0, 0.1145840436220169, 0.0, 0.06902729719877243, 0.0, 0.0, 0.0, 0.0, 0.0, 0.08724735677242279]",0.006087202093895215
72,0.943989272943168,"[0.9963381163927911, 1.025436805877922, 1.016894340631356, 0.9928391912474452, 0.9713446258172918, 1.010311669657024, 0.9947481786702994, 1.0023543620363975, 1.0068817493662374, 0.9946182313686043, 1.0001635237203832, 0.9929124858778543, 1.0476401774890098, 1.003122098530145, 1.0063303252063989, 1.0089397718118465, 1.018421569017675, 0.995436287608543, 0.9755388714180077, 0.9956414436839053, 0.9785872106449657, 1.0109571365574173, 1.0103252301650285, 1.0006656279197943, 0.9947163696469895, 1.0178648641583903, 0.9856511622503082, 0.9997759891685705, 0.9894348725306793, 0.9842009962350559]","[0.984522136666047, 1.0067215894583241, 0.9836139268543357, 1.0121269730127547, 1.0188096320791324, 0.993792653328061, 0.9865918722425296, 1.001034106882174, 1.0311170170246997, 1.0084598983919284, 0.9964784872941453, 0.9811207867244606, 1.0065717174550044, 1.0130960834188334, 1.0033653601400194, 1.0067045549617102, 1.012159408433864, 1.0099792499561333, 1.0065943878587058, 0.9987500489800102, 1.0094568911777984, 1.0111446572775211, 0.991597732560572, 1.0302295114468156, 0.982465113981603, 1.0074645426254216, 1.0109468540688178, 0.9972021349226448, 0.9934685750883883, 0.9978279787962148]","[-0.015477863333952957, 0.006721589458324129, -0.016386073145664315, 0.012126973012754672, 0.018809632079132443, -0.006207346671939007, -0.013408127757470356, 0.0010341068821739796, 0.03111701702469971, 0.0084598983919284, -0.003521512705854657, -0.01887921327553943, 0.0065717174550044, 0.013096083418833393, 0.0033653601400194244, 0.006704554961710185, 0.012159408433864094, 0.009979249956133307, 0.006594387858705808, -0.0012499510199898145, 0.009456891177798354, 0.01114465727752112, -0.008402267439427957, 0.030229511446815627, -0.017534886018397033, 0.007464542625421622, 0.01094685406881779, -0.002797865077355244, -0.0065314249116117384, -0.002172021203785235]","[0.0, 0.10835231095552444, 0.0, 0.10835231095552444, 0.0, 0.0, 0.0, 0.10835231095552444, 0.10835231095552444, 0.0, 0.078151173889637, 0.0, 0.0, 0.0, 0.0, 0.0, 0.0, 0.0, 0.10835231095552444, 0.10835231095552444, 0.055030375719070435, 0.0, 0.0, 0.0, 0.0, 0.0, 0.10835231095552444, 0.0, 0.10835231095552444, 0.0]","[0.0, 4.64258132330326e-22, 2.2778825076302515e-22, 0.0, 0.0, 0.0, 0.0, 4.495876400569904e-22, 0.0, 0.0, 0.0, 0.0, 0.0, 0.0, 2.279532223228835e-22, 0.0, 0.0, 4.495793073870413e-22, 0.0, 4.480926133642773e-22, 0.0, 4.497926017556365e-22, 0.0, 0.0, 0.0, 6.166924879883616e-22, 0.0, 0.0, 4.494335261814163e-22, 1.0]","[0.014888806824565786, 0.001981854655799745, 0.0026489120011859075, 0.004918364269842901, 0.006017584286093738, 0.011784511328451618, 0.0, 0.005016869849557223, 0.006284897215110793, 0.0, 0.001838618719416179, 0.002364242451997035, 0.0, 0.004506686087772324, 0.0045874561277449155, 0.0, 0.0, 0.005805128517074413, 0.0, 0.0, 0.0052299507978382535, 0.0, 0.015131112641252888, 0.0, 0.009224984186342055, 0.0, 0.0004932279692202422, 0.0038448525642877313, 0.007198783207938695, 0.8862331562985076]","[0.0, 0.10835231095552444, 0.0, 0.10835231095552444, 0.0, 0.0, 0.0, 0.10835231095552444, 0.10835231095552444, 0.0, 0.078151173889637, 0.0, 0.0, 0.0, 0.0, 0.0, 0.0, 0.0, 0.10835231095552444, 0.10835231095552444, 0.055030375719070435, 0.0, 0.0, 0.0, 0.0, 0.0, 0.10835231095552444, 0.0, 0.10835231095552444, 0.0]",0.006442087409901565
73,0.9445119911668302,"[0.984522136666047, 1.0067215894583241, 0.9836139268543357, 1.0121269730127547, 1.0188096320791324, 0.993792653328061, 0.9865918722425296, 1.001034106882174, 1.0311170170246997, 1.0084598983919284, 0.9964784872941453, 0.9811207867244606, 1.0065717174550044, 1.0130960834188334, 1.0033653601400194, 1.0067045549617102, 1.012159408433864, 1.0099792499561333, 1.0065943878587058, 0.9987500489800102, 1.0094568911777984, 1.0111446572775211, 0.991597732560572, 1.0302295114468156, 0.982465113981603, 1.0074645426254216, 1.0109468540688178, 0.9972021349226448, 0.9934685750883883, 0.9978279787962148]","[0.9928166891034936, 0.9923675882551402, 1.00358202498393, 0.9875489810048108, 1.0003802548802323, 1.0236018833008356, 1.0188998163418501, 1.019761950118145, 0.9925917434512197, 0.9854703944656052, 0.9908113824427726, 1.0177467376791984, 1.0033129388928121, 1.0021425260548567, 1.0060954096374726, 0.9883550306925869, 0.9968833749121441, 1.0069097447694073, 0.9998431742417844, 0.9888809747023987, 0.9960645254809771, 1.0050482364938924, 0.9893543425097657, 1.007532509954318, 1.006784827617366, 0.9966288206399876, 1.0125006153675844, 0.9874247495605406, 0.9760097296676602, 1.0089262811520552]","[-0.0071833108965063674, -0.007632411744859846, 0.00358202498393001, -0.01245101899518919, 0.00038025488023230025, 0.02360188330083557, 0.018899816341850117, 0.019761950118144966, -0.007408256548780301, -0.014529605534394752, -0.009188617557227441, 0.017746737679198432, 0.003312938892812145, 0.0021425260548566527, 0.006095409637472571, -0.0116449693074131, -0.0031166250878559287, 0.006909744769407311, -0.0001568257582156285, -0.011119025297601337, -0.003935474519022875, 0.005048236493892411, -0.010645657490234273, 0.0075325099543179785, 0.006784827617366096, -0.0033711793600124107, 0.0125006153675844, -0.012575250439459396, -0.023990270332339803, 0.008926281152055182]","[0.10067380219697952, 0.0, 0.0, 0.09393575042486191, 0.0, 0.0, 0.10067380219697952, 0.0, 0.10067380219697952, 0.0, 0.10067380219697952, 0.0, 0.10067380219697952, 0.0, 0.0, 0.0, 0.0, 0.10067380219697952, 0.0, 0.0, 0.10067380219697952, 0.0, 0.0, 0.0, 0.10067380219697952, 0.0, 0.0, 0.0, 0.0, 0.10067380219697952]","[0.0, 0.0, 2.3061129475133367e-22, 0.0, 0.0, 3.4151363128116193e-22, 0.0, 0.0, 0.0, 0.0, 2.303448830746349e-22, 2.305881190594812e-22, 0.0, 0.0, 0.0, 0.0, 0.0, 0.0, 0.0, 0.0, 0.0, 2.308486513743423e-22, 2.3052199450124535e-22, 2.3199279496741033e-22, 0.0, 3.1464730852792787e-22, 0.0, 0.0, 2.3025360031848415e-22, 1.0]","[0.0, 0.0003353192533421908, 0.0, 0.012585873614683083, 0.00938406601453108, 0.01964111523057177, 0.008571201330253124, 0.0, 0.0, 0.0, 0.0011829313325179985, 0.0, 0.010445159671189825, 0.0033073647127165595, 0.001563625205200827, 0.0020565978059316637, 0.0, 0.013096067418940434, 0.0, 0.008295433097369203, 0.0, 0.0, 0.0, 0.0, 0.0, 0.0, 0.0009651405130594476, 0.005917295671108281, 0.006208120199368692, 0.8964446889292159]","[0.10067380219697952, 0.0, 0.0, 0.09393575042486191, 0.0, 0.0, 0.10067380219697952, 0.0, 0.10067380219697952, 0.0, 0.10067380219697952, 0.0, 0.10067380219697952, 0.0, 0.0, 0.0, 0.0, 0.10067380219697952, 0.0, 0.0, 0.10067380219697952, 0.0, 0.0, 0.0, 0.10067380219697952, 0.0, 0.0, 0.0, 0.0, 0.10067380219697952]",0.00014782195151914155
74,0.942974366140253,"[0.9928166891034936, 0.9923675882551402, 1.00358202498393, 0.9875489810048108, 1.0003802548802323, 1.0236018833008356, 1.0188998163418501, 1.019761950118145, 0.9925917434512197, 0.9854703944656052, 0.9908113824427726, 1.0177467376791984, 1.0033129388928121, 1.0021425260548567, 1.0060954096374726, 0.9883550306925869, 0.9968833749121441, 1.0069097447694073, 0.9998431742417844, 0.9888809747023987, 0.9960645254809771, 1.0050482364938924, 0.9893543425097657, 1.007532509954318, 1.006784827617366, 0.9966288206399876, 1.0125006153675844, 0.9874247495605406, 0.9760097296676602, 1.0089262811520552]","[1.003586900351795, 0.9974178494250691, 1.0190689279622516, 0.9747220928609253, 0.9951074341165023, 1.016299715697727, 0.97875666122348, 1.0050346007274598, 0.9921549985363277, 0.9910980705066881, 0.9977568230107118, 1.004512907857545, 1.007326360434889, 1.014032564631011, 1.0139528433181915, 0.9980703881544596, 0.9869682823219768, 1.0058387257923214, 0.9872051381936787, 0.9842570119103353, 0.9880680063351295, 1.0055417525789458, 0.9967235249972974, 1.0063855981270438, 1.0121225660208226, 1.0095029934602524, 0.9833943125012043, 0.9965519287726143, 1.0056794014240265, 1.0095893371333804]","[0.003586900351794986, -0.0025821505749309415, 0.01906892796225157, -0.02527790713907474, -0.004892565883497735, 0.016299715697726924, -0.02124333877651996, 0.005034600727459759, -0.007845001463672285, -0.008901929493311922, -0.0022431769892882203, 0.00451290785754499, 0.00732636043488899, 0.014032564631011102, 0.013952843318191466, -0.0019296118455404132, -0.013031717678023247, 0.005838725792321364, -0.012794861806321278, -0.015742988089664678, -0.011931993664870522, 0.005541752578945847, -0.0032764750027025613, 0.006385598127043757, 0.012122566020822623, 0.009502993460252407, -0.01660568749879565, -0.003448071227385663, 0.005679401424026453, 0.009589337133380393]","[0.11444971710443497, 0.11395040154457092, 0.0, 0.0, 0.0, 0.0, 0.0, 0.08270074427127838, 0.0, 0.09127756208181381, 0.0, 0.0, 0.0, 0.0, 0.0, 0.0, 0.0, 0.0, 0.11444971710443497, 0.0, 0.11444971710443497, 0.07890293002128601, 0.0, 0.11300966888666153, 0.0, 0.0, 0.0, 0.07462576031684875, 0.10218385607004166, 0.0]","[5.625366787199087e-22, 5.100222689708208e-22, 0.0, 0.0, 0.0, 0.0, 0.0, 5.088835330007691e-22, 0.0, 0.0, 0.0, 6.750908420434808e-22, 0.0, 0.0, 5.926221534082877e-22, 0.0, 0.0, 0.0, 0.0, 0.0, 0.0, 0.0, 6.752921253268667e-22, 4.549958420479536e-22, 0.0, 4.5394520678486515e-22, 0.0, 5.624984926813593e-22, 0.0, 1.0]","[0.005531034397205892, 0.0, 0.0, 0.0, 0.0, 0.014804773990858975, 0.0, 0.0, 0.0027176627906281784, 0.0, 0.0087771379109741, 0.008264120127539356, 0.0, 0.0, 0.009327192694981322, 0.0, 0.010489358715478903, 0.011535188418871294, 0.0, 0.0, 0.011052255957165115, 0.014459377152444547, 0.0, 0.0, 0.0, 0.0, 0.0, 0.0, 0.0, 0.9030418978438522]","[0.11444971710443497, 0.11395040154457092, 0.0, 0.0, 0.0, 0.0, 0.0, 0.08270074427127838, 0.0, 0.09127756208181381, 0.0, 0.0, 0.0, 0.0, 0.0, 0.0, 0.0, 0.0, 0.11444971710443497, 0.0, 0.11444971710443497, 0.07890293002128601, 0.0, 0.11300966888666153, 0.0, 0.0, 0.0, 0.07462576031684875, 0.10218385607004166, 0.0]",-0.002061814665365874
75,0.9372960585151584,"[1.003586900351795, 0.9974178494250691, 1.0190689279622516, 0.9747220928609253, 0.9951074341165023, 1.016299715697727, 0.97875666122348, 1.0050346007274598, 0.9921549985363277, 0.9910980705066881, 0.9977568230107118, 1.004512907857545, 1.007326360434889, 1.014032564631011, 1.0139528433181915, 0.9980703881544596, 0.9869682823219768, 1.0058387257923214, 0.9872051381936787, 0.9842570119103353, 0.9880680063351295, 1.0055417525789458, 0.9967235249972974, 1.0063855981270438, 1.0121225660208226, 1.0095029934602524, 0.9833943125012043, 0.9965519287726143, 1.0056794014240265, 1.0095893371333804]","[1.0176177721778237, 1.0045027569535079, 1.0051211428735185, 1.0007756255327889, 0.9799496621028351, 0.9949136418811719, 0.98167480858901, 0.9802120357450195, 0.977247000726466, 1.0104237056196301, 1.0105916632224383, 0.9755259319529503, 1.0030716246204168, 1.0052259666934154, 0.9899773141586851, 1.011080856299578, 0.989068532389497, 0.9986135916337804, 0.9942160194106543, 0.9708327403149958, 1.0048231372672765, 1.0067404045434714, 0.99351480224819, 0.9783237311111367, 0.9939389097896696, 0.9776713407865435, 1.008546400023211, 0.9950204475513302, 0.9807549030020271, 0.9891564652570858]","[0.017617772177823676, 0.00450275695350788, 0.005121142873518503, 0.0007756255327888706, -0.020050337897164927, -0.0050863581188280715, -0.018325191410989983, -0.019787964254980528, -0.022752999273534025, 0.01042370561963013, 0.010591663222438319, -0.024474068047049657, 0.0030716246204167685, 0.0052259666934153515, -0.010022685841314938, 0.01108085629957789, -0.01093146761050301, -0.0013864083662196158, -0.005783980589345705, -0.02916725968500422, 0.004823137267276456, 0.006740404543471357, -0.006485197751810001, -0.021676268888863315, -0.006061090210330411, -0.022328659213456503, 0.008546400023210943, -0.004979552448669766, -0.019245096997972944, -0.010843534742914218]","[0.0, 0.0, 0.0, 0.0, 0.0, 0.0, 0.0, 0.0, 0.0, 0.0, 0.12062032520771027, 0.12062032520771027, 0.0602889321744442, 0.0, 0.06351544708013535, 0.0, 0.0, 0.0, 0.0, 0.0, 0.0, 0.12062032520771027, 0.05691206082701683, 0.12062032520771027, 0.0, 0.09680692106485367, 0.12062032520771027, 0.11937494575977325, 0.0, 0.0]","[0.0, 0.0, 0.0, 0.0, 0.0, 0.0, 0.0, 3.6933691971940536e-22, 4.516386785091726e-22, 2.307495054745554e-22, 0.0, 0.0, 3.4155108215681446e-22, 0.0, 0.0, 0.0, 2.309698532457194e-22, 0.0, 0.0, 0.0, 0.0, 2.3154121475312696e-22, 2.3098859482437935e-22, 2.3252248272196913e-22, 0.0, 2.3170977606151236e-22, 0.0, 0.0, 0.0, 1.0]","[0.0003433243048613132, 0.0, 0.0, 0.0, 0.0036189925281065014, 0.0, 0.0, 0.00045402049048713666, 0.0069578171154693, 0.008201765691535875, 0.004430886230278885, 0.0, 0.01170820675589372, 0.0, 0.0, 0.0, 0.0, 0.0, 0.0, 0.01298385575038387, 0.0014420129241757213, 0.00401977901430202, 0.0, 0.0025012758356822017, 0.011405096043776979, 0.0008554996374241792, 0.0, 0.0014669093756195283, 0.0, 0.9296105583020027]","[0.0, 0.0, 0.0, 0.0, 0.0, 0.0, 0.0, 0.0, 0.0, 0.0, 0.12062033265829086, 0.12062033265829086, 0.0602889358997345, 0.0, 0.06351545453071594, 0.0, 0.0, 0.0, 0.0, 0.0, 0.0, 0.12062033265829086, 0.05691206455230713, 0.12062033265829086, 0.0, 0.09680692851543427, 0.12062033265829086, 0.11937495321035385, 0.0, 0.0]",-0.0064677391164405925
76,0.9321026970732428,"[1.0176177721778237, 1.0045027569535079, 1.0051211428735185, 1.0007756255327889, 0.9799496621028351, 0.9949136418811719, 0.98167480858901, 0.9802120357450195, 0.977247000726466, 1.0104237056196301, 1.0105916632224383, 0.9755259319529503, 1.0030716246204168, 1.0052259666934154, 0.9899773141586851, 1.011080856299578, 0.989068532389497, 0.9986135916337804, 0.9942160194106543, 0.9708327403149958, 1.0048231372672765, 1.0067404045434714, 0.99351480224819, 0.9783237311111367, 0.9939389097896696, 0.9776713407865435, 1.008546400023211, 0.9950204475513302, 0.9807549030020271, 0.9891564652570858]","[1.0101090701388358, 0.9997094958225997, 0.9941336048701315, 0.9999447191262708, 0.9931263485542308, 0.9959351117052226, 1.0169024956304373, 0.9736357461893964, 1.0018313340615093, 1.0175763519766734, 0.9918875349913485, 1.00507515616055, 0.9951062575697028, 1.009908638481668, 1.0101463513511428, 0.9952972891181742, 0.9989174006123593, 0.9968005020570458, 0.9908640491535555, 1.0035192787703846, 0.9830113898724967, 0.988736776803423, 1.001479657351332, 0.9830390783084769, 1.0139285994879774, 0.9825559165696388, 1.0017527194670868, 1.012751565009209, 0.9807485841724064, 0.9922499033708125]","[0.010109070138835774, -0.0002905041774002859, -0.005866395129868529, -5.5280873729190994e-05, -0.0068736514457692355, -0.004064888294777358, 0.01690249563043733, -0.02636425381060359, 0.00183133406150926, 0.0175763519766734, -0.008112465008651482, 0.005075156160549987, -0.0048937424302971655, 0.009908638481668008, 0.010146351351142835, -0.004702710881825833, -0.0010825993876406592, -0.003199497942954155, -0.009135950846444474, 0.003519278770384604, -0.0169886101275033, -0.011263223196577021, 0.0014796573513320421, -0.01696092169152308, 0.013928599487977422, -0.01744408343036119, 0.0017527194670867718, 0.012751565009208932, -0.0192514158275936, -0.007750096629187464]","[0.0, 0.0, 0.10538230091333389, 0.0, 0.0794660672545433, 0.0, 0.10538230091333389, 0.0, 0.0, 0.09614206850528717, 0.10538230091333389, 0.0, 0.10538230091333389, 0.0, 0.0, 0.0, 0.0, 0.0, 0.0, 0.0, 0.10538230091333389, 0.10538230091333389, 0.0, 0.08671578019857407, 0.0, 0.0, 0.0, 0.0, 0.10538230091333389, 0.0]","[0.0, 0.0, 5.6435317992563165e-22, 0.0, 7.829561762482052e-22, 0.0, 0.0, 6.747761054256556e-22, 0.0, 0.0, 0.0, 0.0, 5.639549630300392e-22, 7.858400632230777e-22, 5.644175672180205e-22, 0.0, 0.0, 0.0, 0.0, 0.0, 5.639499923928235e-22, 5.65054489787377e-22, 0.0, 0.0, 0.0, 5.649297018067101e-22, 0.0, 0.0, 0.0, 1.0]","[0.0, 0.0062427664697310425, 0.002789030282950774, 0.0, 0.0, 0.0, 0.0, 0.0007908102460106996, 0.0, 0.0014427362303039018, 0.0, 0.0, 0.005331925365043695, 0.0003132814353126397, 0.011199906016957098, 0.0014952437583668286, 0.0, 0.0, 0.0, 0.0, 0.0025346399938810864, 0.0, 0.0, 0.0, 0.0, 0.0, 0.0, 0.006255971456940712, 0.0028490241188248795, 0.9587546646256767]","[0.0, 0.0, 0.10538230091333389, 0.0, 0.0794660672545433, 0.0, 0.10538230091333389, 0.0, 0.0, 0.09614206850528717, 0.10538230091333389, 0.0, 0.10538230091333389, 0.0, 0.0, 0.0, 0.0, 0.0, 0.0, 0.0, 0.10538230091333389, 0.10538230091333389, 0.0, 0.08671578019857407, 0.0, 0.0, 0.0, 0.0, 0.10538230091333389, 0.0]",-0.005969764510588333
77,0.932182785065342,"[1.0101090701388358, 0.9997094958225997, 0.9941336048701315, 0.9999447191262708, 0.9931263485542308, 0.9959351117052226, 1.0169024956304373, 0.9736357461893964, 1.0018313340615093, 1.0175763519766734, 0.9918875349913485, 1.00507515616055, 0.9951062575697028, 1.009908638481668, 1.0101463513511428, 0.9952972891181742, 0.9989174006123593, 0.9968005020570458, 0.9908640491535555, 1.0035192787703846, 0.9830113898724967, 0.988736776803423, 1.001479657351332, 0.9830390783084769, 1.0139285994879774, 0.9825559165696388, 1.0017527194670868, 1.012751565009209, 0.9807485841724064, 0.9922499033708125]","[0.9786949905011042, 0.9801767509568795, 0.9911426812178543, 1.0003794089577254, 0.9984896575398245, 1.018237255053195, 0.9928642429974718, 1.0079301592534846, 0.9987118481566913, 1.005360273865487, 1.0134680586108071, 1.0034960464686349, 0.9871238813636342, 1.019430169014664, 1.0050959282835583, 0.9974742989196325, 0.9792216249195831, 0.9894894521130694, 1.0072873697776266, 1.0115683352730138, 1.012378582002166, 1.007882101926584, 0.9962964552737373, 1.0031993175387783, 1.0098744337507575, 0.9860970958126785, 0.9885450419703679, 1.0173623598819148, 0.9884539117417916, 0.9896887268910833]","[-0.0213050094988958, -0.019823249043120494, -0.008857318782145684, 0.000379408957725369, -0.0015103424601754512, 0.018237255053195067, -0.00713575700252822, 0.007930159253484614, -0.0012881518433086603, 0.005360273865486986, 0.013468058610807132, 0.0034960464686348836, -0.01287611863636584, 0.0194301690146641, 0.005095928283558315, -0.0025257010803675373, -0.02077837508041691, -0.010510547886930621, 0.007287369777626562, 0.011568335273013819, 0.012378582002166016, 0.007882101926584006, -0.003703544726262664, 0.0031993175387783346, 0.009874433750757472, -0.013902904187321541, -0.011454958029632145, 0.017362359881914813, -0.011546088258208353, -0.010311273108916663]","[0.0, 0.0, 0.0, 0.0, 0.1023285910487175, 0.0, 0.1023285910487175, 0.1023285910487175, 0.0, 0.0, 0.0, 0.0, 0.0, 0.0, 0.1023285910487175, 0.08998368680477142, 0.0, 0.0, 0.1023285910487175, 0.0, 0.0, 0.0, 0.1023285910487175, 0.0, 0.0, 0.0, 0.1023285910487175, 0.10056237131357193, 0.09315383434295654, 0.0]","[0.0, 0.0, 0.0, 0.0, -2.17908397781261e-22, 0.0, 0.0, 0.0, 0.0, 0.0, 0.0, -3.263829282299945e-22, -3.2647763619246234e-22, -2.153791850051437e-22, 0.0, 0.0, 0.0, -2.1498787413996073e-22, 0.0, 0.0, 0.0, -2.1459622979307456e-22, -3.260414641973505e-22, -4.361098415222303e-22, 0.0, -4.3683715652268e-22, 0.0, 0.0, 0.0, 1.0]","[0.0, 0.008612533929416754, 0.0, 0.0, 0.0, 0.0, 0.00969637575672845, 0.01131333558589381, 0.007531351111375856, 0.0, 0.004174806009251525, 0.011739948105663584, 0.002362427576930785, 0.0, 0.012718707085238984, 0.0017638198213793023, 0.008951898101676427, 0.0, 0.0033044711409458815, 0.0, 0.0, 0.0, 0.0, 0.005737457220694405, 0.007966611072472358, 0.00680653194197325, 0.0, 0.003657077997104427, 0.0, 0.8936626475432543]","[0.0, 0.0, 0.0, 0.0, 0.1023285910487175, 0.0, 0.1023285910487175, 0.1023285910487175, 0.0, 0.0, 0.0, 0.0, 0.0, 0.0, 0.1023285910487175, 0.08998368680477142, 0.0, 0.0, 0.1023285910487175, 0.0, 0.0, 0.0, 0.1023285910487175, 0.0, 0.0, 0.0, 0.1023285910487175, 0.10056237131357193, 0.09315383434295654, 0.0]",-0.0002986127771617238
78,0.9334645297831375,"[0.9786949905011042, 0.9801767509568795, 0.9911426812178543, 1.0003794089577254, 0.9984896575398245, 1.018237255053195, 0.9928642429974718, 1.0079301592534846, 0.9987118481566913, 1.005360273865487, 1.0134680586108071, 1.0034960464686349, 0.9871238813636342, 1.019430169014664, 1.0050959282835583, 0.9974742989196325, 0.9792216249195831, 0.9894894521130694, 1.0072873697776266, 1.0115683352730138, 1.012378582002166, 1.007882101926584, 0.9962964552737373, 1.0031993175387783, 1.0098744337507575, 0.9860970958126785, 0.9885450419703679, 1.0173623598819148, 0.9884539117417916, 0.9896887268910833]","[0.9859022393159023, 0.993220230083998, 1.0000916429259352, 0.9920796514863642, 1.0077792012801372, 1.0096030863009746, 1.0032058803745336, 1.0079070537199102, 0.967241586768621, 1.0007643032000366, 1.0152992862630696, 0.9954605736752804, 0.9952405812127287, 1.0199635583703155, 0.9966848008092116, 0.9998259600245815, 1.0035499764956337, 1.0012730841156978, 1.0048913469737377, 1.0276873510099171, 0.9862815948561391, 1.0082205841932785, 0.9967850386682344, 0.9777809803907231, 0.9953190267857848, 1.006040103814089, 1.0060701805061787, 0.9912439947440632, 1.0081626711300142, 0.9890854221827255]","[-0.014097760684097738, -0.006779769916002043, 9.164292593522028e-05, -0.007920348513635767, 0.007779201280137205, 0.009603086300974617, 0.0032058803745336206, 0.007907053719910184, -0.03275841323137896, 0.0007643032000366201, 0.015299286263069645, -0.004539426324719598, -0.0047594187872712634, 0.019963558370315493, -0.003315199190788376, -0.00017403997541853844, 0.003549976495633711, 0.00127308411569782, 0.00489134697373772, 0.02768735100991715, -0.013718405143860912, 0.008220584193278535, -0.0032149613317655756, -0.022219019609276858, -0.004680973214215234, 0.006040103814088926, 0.006070180506178691, -0.008756005255936783, 0.008162671130014232, -0.010914577817274451]","[0.0, 0.0, 0.0, 0.10129430145025253, 0.0, 0.10129430145025253, 0.0, 0.10129430145025253, 0.10129430145025253, 0.10129430145025253, 0.0, 0.0, 0.0, 0.10129430145025253, 0.0, 0.0, 0.0, 0.0, 0.0, 0.0, 0.0, 0.0, 0.10129430145025253, 0.0, 0.0, 0.10129430145025253, 0.10129430145025253, 0.0, 0.08835126459598541, 0.0]","[0.0, 3.5086606758344663e-23, 0.0, 0.0, 0.0, 6.55808852223613e-24, 1.1662839532385292e-22, 0.0, 0.0, 0.0, 6.642116531397978e-24, 0.0, 6.989957783392505e-24, 0.0, 0.0, 0.0, 0.0, 6.670273935333711e-24, 0.0, 0.0, 0.0, 7.276797789766923e-24, 6.933024964631557e-24, 6.987934047021822e-24, 0.0, 0.0, 0.0, 0.0, 0.0, 1.0]","[0.0006040511667561203, 0.0, 0.008900114152850065, 0.0033471525946219597, 0.01314477511565558, 0.0, 0.0, 0.0, 0.0, 0.0017204096897897663, 0.012914797553224685, 0.0, 0.010112563927686663, 0.0, 0.006502031967236061, 0.012327041996252844, 0.004098393916559137, 0.018876914881440953, 0.0, 0.0, 0.0, 0.0018838686541008402, 0.0005111645834073295, 0.0, 0.0, 0.0, 0.0, 0.0, 0.0, 0.905056719800418]","[0.0, 0.0, 0.0, 0.10129431635141373, 0.0, 0.10129431635141373, 0.0, 0.10129431635141373, 0.10129431635141373, 0.10129431635141373, 0.0, 0.0, 0.0, 0.10129431635141373, 0.0, 0.0, 0.0, 0.0, 0.0, 0.0, 0.0, 0.0, 0.10129431635141373, 0.0, 0.0, 0.10129431635141373, 0.10129431635141373, 0.0, 0.08835127204656601, 0.0]",0.0010665325225226474
79,0.933335495373669,"[0.9859022393159023, 0.993220230083998, 1.0000916429259352, 0.9920796514863642, 1.0077792012801372, 1.0096030863009746, 1.0032058803745336, 1.0079070537199102, 0.967241586768621, 1.0007643032000366, 1.0152992862630696, 0.9954605736752804, 0.9952405812127287, 1.0199635583703155, 0.9966848008092116, 0.9998259600245815, 1.0035499764956337, 1.0012730841156978, 1.0048913469737377, 1.0276873510099171, 0.9862815948561391, 1.0082205841932785, 0.9967850386682344, 0.9777809803907231, 0.9953190267857848, 1.006040103814089, 1.0060701805061787, 0.9912439947440632, 1.0081626711300142, 0.9890854221827255]","[0.9790016273333629, 1.0023288128492165, 0.990310252231444, 0.9979268789049796, 1.0107880296324165, 0.9946336999298317, 0.9840373356846234, 0.9850889159533168, 0.9953462290726973, 0.9972013637624071, 1.0060270012499983, 0.9886341285455983, 0.9903007812190631, 1.0084421395534928, 1.0179860790648585, 0.9980048058038616, 0.9930829062165007, 0.9889637156758017, 1.0124136222189548, 0.9988550901907034, 1.0099671428244794, 0.9955093843051916, 0.993629793980059, 0.9876590456999572, 0.9945038492371664, 0.9900041410974492, 1.0059379134847664, 1.004610120668367, 1.0236632678260236, 0.99718762234599]","[-0.020998372666637066, 0.0023288128492164883, -0.009689747768556023, -0.002073121095020447, 0.01078802963241654, -0.005366300070168251, -0.01596266431537663, -0.014911084046683176, -0.004653770927302681, -0.002798636237592911, 0.006027001249998332, -0.01136587145440171, -0.009699218780936936, 0.008442139553492822, 0.017986079064858496, -0.0019951941961383612, -0.006917093783499251, -0.011036284324198342, 0.012413622218954812, -0.0011449098092966015, 0.009967142824479414, -0.004490615694808353, -0.006370206019940983, -0.012340954300042783, -0.005496150762833607, -0.009995858902550836, 0.005937913484766355, 0.004610120668367079, 0.02366326782602357, -0.00281237765400999]","[0.0, 0.0, 0.0, 0.0, 0.1091822162270546, 0.0, 0.0, 0.1091822162270546, 0.1091822162270546, 0.0, 0.1091822162270546, 0.0, 0.0, 0.0, 0.0, 0.08198480308055878, 0.0, 0.1091822162270546, 0.1091822162270546, 0.0, 0.0, 0.0, 0.0, 0.0, 0.0, 0.08091741055250168, 0.1091822162270546, 0.07282226532697678, 0.0, 0.0]","[0.0, -2.0814067509710164e-23, 0.0, 0.0, 0.0, 0.0, 0.0, 0.0, 0.0, 0.0, 0.0, 0.0, -2.153734117081199e-22, 0.0, 2.14571929632387e-22, 0.0, 0.0, 0.0, 5.737847118472904e-24, 5.164886158602154e-24, 0.0, -2.150114102919431e-22, -2.1541885992620707e-22, 0.0, 0.0, 6.419489771893672e-24, 0.0, 8.836491939127483e-23, 0.0, 1.0]","[0.0, 0.010723629156435559, 0.008847651990405091, 0.0, 0.0, 0.0, 0.01779272610716625, 0.00463385589579269, 0.0, 0.006644641302157058, 0.017879663218013885, 0.001237544576516166, 0.000964022774615352, 0.0, 0.0, 0.0, 0.0, 0.004580225168858331, 0.0, 0.014118244747171249, 0.0, 0.0, 0.0, 0.004983411237651359, 0.007480854795414824, 0.0014858424940927747, 0.006642655137366011, 0.0, 0.0, 0.8919850313983434]","[0.0, 0.0, 0.0, 0.0, 0.1091822162270546, 0.0, 0.0, 0.1091822162270546, 0.1091822162270546, 0.0, 0.1091822162270546, 0.0, 0.0, 0.0, 0.0, 0.08198480308055878, 0.0, 0.1091822162270546, 0.1091822162270546, 0.0, 0.0, 0.0, 0.0, 0.0, 0.0, 0.08091741055250168, 0.1091822162270546, 0.07282226532697678, 0.0, 0.0]",-0.00048472339011644154
80,0.935186585699599,"[0.9790016273333629, 1.0023288128492165, 0.990310252231444, 0.9979268789049796, 1.0107880296324165, 0.9946336999298317, 0.9840373356846234, 0.9850889159533168, 0.9953462290726973, 0.9972013637624071, 1.0060270012499983, 0.9886341285455983, 0.9903007812190631, 1.0084421395534928, 1.0179860790648585, 0.9980048058038616, 0.9930829062165007, 0.9889637156758017, 1.0124136222189548, 0.9988550901907034, 1.0099671428244794, 0.9955093843051916, 0.993629793980059, 0.9876590456999572, 0.9945038492371664, 0.9900041410974492, 1.0059379134847664, 1.004610120668367, 1.0236632678260236, 0.99718762234599]","[1.010676549925515, 1.0091862611193623, 0.9901270615671759, 0.9730163562993609, 0.9997168231987098, 0.9818153613365089, 0.9742044484842537, 0.9873504801368113, 1.0136278763573414, 0.9925907197296734, 1.0128412369373425, 0.9972467852290192, 0.9919626958804441, 1.0090314573364503, 1.027475066324847, 0.9803757594354264, 1.0061918496408753, 1.005002001389568, 1.0158231548673582, 1.014085874117333, 1.0091358888161517, 1.0099608824159787, 0.997637958831156, 1.003037247094653, 0.9829273878476116, 0.9809081083191001, 0.997329272874918, 1.002368647623729, 1.0008673969197377, 0.9927684805725087]","[0.010676549925515033, 0.009186261119362271, -0.009872938432824108, -0.026983643700639104, -0.00028317680129019696, -0.01818463866349107, -0.025795551515746307, -0.01264951986318874, 0.013627876357341417, -0.0074092802703266125, 0.012841236937342515, -0.002753214770980783, -0.008037304119555944, 0.009031457336450277, 0.027475066324847086, -0.01962424056457357, 0.006191849640875269, 0.005002001389567967, 0.01582315486735819, 0.014085874117333086, 0.009135888816151683, 0.0099608824159787, -0.0023620411688439757, 0.0030372470946529173, -0.017072612152388422, -0.019091891680899864, -0.002670727125081984, 0.0023686476237290144, 0.0008673969197376952, -0.00723151942749134]","[0.0, 0.0, 0.0, 0.0, 0.0, 0.0, 0.0, 0.0, 0.0, 0.0, 0.0, 0.0, 0.11263134330511093, 0.0, 0.14341267943382263, 0.08176697790622711, 0.0, 0.047237150371074677, 0.0, 0.0, 0.10250230878591537, 0.0, 0.11027418822050095, 0.0, 0.0, 0.0, 0.14341267943382263, 0.13324598968029022, 0.07602526247501373, 0.049491364508867264]","[0.0, 4.422929231530944e-22, 0.0, 0.0, 3.4071498932655494e-22, 0.0, 0.0, 0.0, 3.422502230023601e-22, 0.0, 5.665654358595578e-22, 0.0, 0.0, 3.440187092584774e-22, 0.0, 0.0, 0.0, 0.0, 0.0, 3.422823137037471e-22, 0.0, 3.455948020773131e-22, 3.4485490539253762e-22, 0.0, 0.0, 0.0, 3.4161997882157506e-22, 0.0, 0.0, 1.0]","[0.0024855558916738523, 0.0055470374118766685, 0.006117109631049593, 0.0, 0.02503324010050059, 0.0, 0.0, 0.0011362221572232694, 0.0, 0.0, 0.0013452496506821017, 0.0037409349540420294, 0.0, 0.004861110769675859, 0.0, 0.0, 0.0, 0.016344408828373975, 0.0, 0.0, 0.004624413178427928, 0.0, 0.013319958579506175, 0.007987430237537002, 0.0, 0.0, 0.0, 0.0, 0.0, 0.907457328609431]","[0.0, 0.0, 0.0, 0.0, 0.0, 0.0, 0.0, 0.0, 0.0, 0.0, 0.0, 0.0, 0.11263134330511093, 0.0, 0.14341267943382263, 0.08176697790622711, 0.0, 0.047237150371074677, 0.0, 0.0, 0.10250230878591537, 0.0, 0.11027418822050095, 0.0, 0.0, 0.0, 0.14341267943382263, 0.13324598968029022, 0.07602526247501373, 0.049491364508867264]",0.0015568502878923285
81,0.941447307169108,"[1.010676549925515, 1.0091862611193623, 0.9901270615671759, 0.9730163562993609, 0.9997168231987098, 0.9818153613365089, 0.9742044484842537, 0.9873504801368113, 1.0136278763573414, 0.9925907197296734, 1.0128412369373425, 0.9972467852290192, 0.9919626958804441, 1.0090314573364503, 1.027475066324847, 0.9803757594354264, 1.0061918496408753, 1.005002001389568, 1.0158231548673582, 1.014085874117333, 1.0091358888161517, 1.0099608824159787, 0.997637958831156, 1.003037247094653, 0.9829273878476116, 0.9809081083191001, 0.997329272874918, 1.002368647623729, 1.0008673969197377, 0.9927684805725087]","[1.0038308099109108, 1.001308464279128, 0.9979020703767508, 1.0073534520615925, 0.9993447053846123, 1.0157700056370946, 1.0127326719223346, 1.0020960259696148, 0.9816830962228197, 0.9780021564422439, 1.0370008071097632, 1.0091213121179083, 0.9902035809624664, 0.999314573995909, 1.0037079161277367, 1.0227691621898607, 0.9883027292180537, 1.0204227114656514, 1.0158878237674038, 1.0132970962845087, 1.0047833874610064, 1.0015339615040537, 1.0369063539192307, 0.9960453113405336, 0.97704269046758, 0.9756425867703181, 0.9998726457720687, 0.9742451325984918, 0.9707473096818144, 1.0104455517508821]","[0.003830809910910782, 0.0013084642791278966, -0.002097929623249173, 0.007353452061592547, -0.0006552946153877137, 0.01577000563709463, 0.012732671922334626, 0.0020960259696147787, -0.018316903777180316, -0.021997843557756136, 0.03700080710976317, 0.009121312117908342, -0.009796419037533588, -0.0006854260040910498, 0.003707916127736688, 0.022769162189860692, -0.011697270781946267, 0.020422711465651444, 0.01588782376740383, 0.013297096284508703, 0.004783387461006372, 0.0015339615040537158, 0.036906353919230694, -0.003954688659466354, -0.022957309532420034, -0.02435741322968188, -0.0001273542279313089, -0.02575486740150823, -0.02925269031818556, 0.010445551750882132]","[0.0, 0.0, 0.0, 0.0, 0.0, 0.10160928219556808, 0.0, 0.0, 0.0, 0.0, 0.09324868768453598, 0.0, 0.0, 0.10160928219556808, 0.10160928219556808, 0.0967639908194542, 0.0, 0.0, 0.0, 0.0, 0.10160928219556808, 0.0, 0.10160928219556808, 0.0, 0.0, 0.10160928219556808, 0.09872237592935562, 0.10160928219556808, 0.0, 0.0]","[0.0, 2.2788106895064635e-22, 0.0, 1.169992463480649e-22, 3.387893177402773e-22, 1.1708574533458986e-22, 0.0, 0.0, 0.0, 0.0, 1.1810833224143675e-22, 0.0, 0.0, 0.0, 1.0, 3.396852104241391e-22, 1.1731700126481008e-22, 1.1776473151740122e-22, 0.0, 0.0, 1.1688148256054283e-22, 0.0, 0.0, 0.0, 0.0, 0.0, 0.0, 0.0, 0.0, 0.0]","[0.004972867125122089, 0.0, 0.0, 0.0042266997581967645, 0.0, 0.019879180110772054, 0.0029907750771919813, 0.0, 0.00606548196345088, 0.0, 0.0, 0.0, 0.0, 0.01324983555920068, 0.9082652714369023, 0.011887397518164975, 0.0, 0.0, 0.0, 0.0, 0.005171245816311027, 0.01634798399924879, 0.0, 0.0, 0.0, 0.002646782575572715, 0.0, 0.00028460562585552545, 0.004011873434010066, 0.0]","[0.0, 0.0, 0.0, 0.0, 0.0, 0.10160928219556808, 0.0, 0.0, 0.0, 0.0, 0.09324868768453598, 0.0, 0.0, 0.10160928219556808, 0.10160928219556808, 0.0967639908194542, 0.0, 0.0, 0.0, 0.0, 0.10160928219556808, 0.0, 0.10160928219556808, 0.0, 0.0, 0.10160928219556808, 0.09872237592935562, 0.10160928219556808, 0.0, 0.0]",0.006315121829119048
82,0.9441184581073441,"[1.0038308099109108, 1.001308464279128, 0.9979020703767508, 1.0073534520615925, 0.9993447053846123, 1.0157700056370946, 1.0127326719223346, 1.0020960259696148, 0.9816830962228197, 0.9780021564422439, 1.0370008071097632, 1.0091213121179083, 0.9902035809624664, 0.999314573995909, 1.0037079161277367, 1.0227691621898607, 0.9883027292180537, 1.0204227114656514, 1.0158878237674038, 1.0132970962845087, 1.0047833874610064, 1.0015339615040537, 1.0369063539192307, 0.9960453113405336, 0.97704269046758, 0.9756425867703181, 0.9998726457720687, 0.9742451325984918, 0.9707473096818144, 1.0104455517508821]","[1.0081273503958275, 1.0104556464458372, 1.0011491242112012, 1.004288431647622, 0.9842176873211166, 0.9935030785332917, 1.0012516290557572, 1.0149478993759362, 0.9961820889198477, 1.0066441667591848, 0.9873475703183437, 0.990484880480618, 1.0077967608862048, 0.9850402413785201, 0.9964341342143442, 1.0009978344457688, 1.0127234935800407, 1.015263176123323, 1.008382736507596, 0.9990557420850115, 0.996590660932731, 1.0098767207754602, 1.0068897199219407, 1.006210555728442, 0.9950255672365069, 1.0040662003031189, 1.0062548238287863, 0.9880086193347527, 0.9888124311128278, 0.9874834984156692]","[0.00812735039582746, 0.010455646445837186, 0.001149124211201169, 0.0042884316476219375, -0.015782312678883414, -0.0064969214667083275, 0.001251629055757153, 0.014947899375936213, -0.003817911080152281, 0.0066441667591847775, -0.012652429681656252, -0.009515119519381998, 0.007796760886204845, -0.014959758621479913, -0.003565865785655764, 0.0009978344457688415, 0.012723493580040657, 0.015263176123323063, 0.008382736507595911, -0.0009442579149885333, -0.003409339067269035, 0.009876720775460202, 0.006889719921940651, 0.00621055572844198, -0.004974432763493075, 0.004066200303118883, 0.006254823828786282, -0.011991380665247298, -0.011187568887172206, -0.01251650158433082]","[0.0, 0.0, 0.0, 0.0, 0.0, 0.0, 0.09242288023233414, 0.11814156919717789, 0.0, 0.11814156919717789, 0.0, 0.0, 0.11814156919717789, 0.0, 0.0, 0.0, 0.0651320219039917, 0.0, 0.07965763658285141, 0.08277668058872223, 0.11814156919717789, 0.0, 0.0, 0.0, 0.08930296450853348, 0.0, 0.0, 0.0, 0.11814156919717789, 0.0]","[3.366549131147439e-22, 1.0, 0.0, 0.0, 0.0, 0.0, 0.0, 0.0, 0.0, 0.0, 0.0, 2.255464912155397e-22, 0.0, 3.3729370468355567e-22, 0.0, 0.0, 0.0, 3.3690783850552568e-22, 0.0, 2.263181640803941e-22, 2.265783483227067e-22, 3.3711254270271596e-22, 0.0, 0.0, 0.0, 0.0, 3.374067344181779e-22, 2.2574177852742237e-22, 0.0, 0.0]","[0.0, 0.9164439007294513, 0.0, 0.0, 0.010770044908695287, 0.0017789529434362684, 0.0, 0.0, 0.00018904570752796077, 0.0, 0.008660730104439613, 0.0, 0.011270477762525937, 0.008580812058885447, 0.009916487653001672, 0.0, 0.0, 0.0083636994955697, 0.008737769589098466, 0.0, 0.0, 0.0, 0.0, 0.0008851677339413322, 0.0, 0.0, 0.004832276319703129, 0.0033637227344813785, 0.006206912259242388, 0.0]","[0.0, 0.0, 0.0, 0.0, 0.0, 0.0, 0.09242288023233414, 0.11814156919717789, 0.0, 0.11814156919717789, 0.0, 0.0, 0.11814156919717789, 0.0, 0.0, 0.0, 0.0651320219039917, 0.0, 0.07965763658285141, 0.08277668058872223, 0.11814156919717789, 0.0, 0.0, 0.0, 0.08930296450853348, 0.0, 0.0, 0.0, 0.11814156919717789, 0.0]",0.002390284406739156
83,0.9490706071685165,"[1.0081273503958275, 1.0104556464458372, 1.0011491242112012, 1.004288431647622, 0.9842176873211166, 0.9935030785332917, 1.0012516290557572, 1.0149478993759362, 0.9961820889198477, 1.0066441667591848, 0.9873475703183437, 0.990484880480618, 1.0077967608862048, 0.9850402413785201, 0.9964341342143442, 1.0009978344457688, 1.0127234935800407, 1.015263176123323, 1.008382736507596, 0.9990557420850115, 0.996590660932731, 1.0098767207754602, 1.0068897199219407, 1.006210555728442, 0.9950255672365069, 1.0040662003031189, 1.0062548238287863, 0.9880086193347527, 0.9888124311128278, 0.9874834984156692]","[1.0104401783432708, 0.9776753713496675, 1.0126774376990129, 0.9875082715226395, 0.9976786627348194, 0.9973438017923499, 0.9829696064765495, 0.9993134138403897, 1.0158308432498664, 1.0068127567611778, 0.9772271053328093, 1.0219024525016138, 0.9916428552523802, 0.9960911075092461, 1.0182227896625353, 1.0330836035880666, 0.9685596758455808, 0.998477168967794, 1.0012954285971387, 0.9916650202968835, 1.0058796836040083, 0.9956266384727056, 1.0057042820194422, 0.993417002283102, 1.035236005926911, 0.9872583215614416, 1.0003790322251491, 0.9964403081008948, 1.0181022930520762, 1.0042075367462953]","[0.010440178343270823, -0.022324628650332468, 0.012677437699012861, -0.012491728477360464, -0.0023213372651805786, -0.0026561982076500623, -0.017030393523450482, -0.0006865861596102585, 0.01583084324986639, 0.006812756761177763, -0.02277289466719068, 0.021902452501613823, -0.008357144747619838, -0.003908892490753879, 0.01822278966253532, 0.03308360358806661, -0.03144032415441922, -0.0015228310322059624, 0.0012954285971387147, -0.008334979703116474, 0.005879683604008257, -0.004373361527294395, 0.005704282019442175, -0.006582997716897965, 0.03523600592691101, -0.012741678438558446, 0.00037903222514912294, -0.0035596918991052107, 0.018102293052076224, 0.0042075367462952595]","[0.062027692794799805, 0.0, 0.1001555472612381, 0.0, 0.0, 0.0, 0.0, 0.0, 0.0, 0.0, 0.0, 0.10918810963630676, 0.10918810963630676, 0.0, 0.0, 0.10918810963630676, 0.10611461848020554, 0.0, 0.0, 0.10918810963630676, 0.0, 0.0, 0.0, 0.0, 0.10918810963630676, 0.0765734538435936, 0.0, 0.10918810963630676, 0.0, 0.0]","[0.0, 1.0, 0.0, 0.0, 0.0, 0.0, 0.0, 0.0, 0.0, 4.483233045995122e-22, 2.5364616258162777e-22, 0.0, 0.0, 4.484086802296192e-22, 3.5095115692791955e-22, 0.0, 0.0, 0.0, 0.0, 2.2639835018287314e-22, 3.377734046459925e-22, 0.0, 0.0, 0.0, 2.2667806860567723e-22, 0.0, 2.265082599541263e-22, 0.0, 0.0, 5.042052262910768e-22]","[0.0, 0.9012411228501673, 0.017448530884387727, 0.0, 0.0, 0.005852600892371376, 0.017577157063142473, 0.0, 0.005803960161217652, 0.0, 0.0023495773075085423, 0.0, 0.007325828402257161, 0.0, 0.0, 0.0029820616660979713, 0.0, 0.008398217372993658, 0.0008303192885370906, 0.016847479726576086, 0.010434012327449794, 0.0, 0.0, 0.0, 0.0, 0.0, 0.00016913482392834437, 0.002489469616188019, 0.0, 0.0002505276171766591]","[0.062027692794799805, 0.0, 0.1001555472612381, 0.0, 0.0, 0.0, 0.0, 0.0, 0.0, 0.0, 0.0, 0.10918810963630676, 0.10918810963630676, 0.0, 0.0, 0.10918810963630676, 0.10611461848020554, 0.0, 0.0, 0.10918810963630676, 0.0, 0.0, 0.0, 0.0, 0.10918810963630676, 0.0765734538435936, 0.0, 0.10918810963630676, 0.0, 0.0]",0.004800955930060927
84,0.9488070159500083,"[1.0104401783432708, 0.9776753713496675, 1.0126774376990129, 0.9875082715226395, 0.9976786627348194, 0.9973438017923499, 0.9829696064765495, 0.9993134138403897, 1.0158308432498664, 1.0068127567611778, 0.9772271053328093, 1.0219024525016138, 0.9916428552523802, 0.9960911075092461, 1.0182227896625353, 1.0330836035880666, 0.9685596758455808, 0.998477168967794, 1.0012954285971387, 0.9916650202968835, 1.0058796836040083, 0.9956266384727056, 1.0057042820194422, 0.993417002283102, 1.035236005926911, 0.9872583215614416, 1.0003790322251491, 0.9964403081008948, 1.0181022930520762, 1.0042075367462953]","[0.991336405900499, 1.012837469300471, 0.9968307582429543, 1.018898540137614, 1.0100003720716273, 1.0119941799128527, 0.9900713343838886, 0.9968141198917353, 1.0031871658538034, 1.000319665106583, 1.0057063615988604, 1.0037791860657386, 0.9833979274281456, 1.0013869276226766, 0.9843329217374863, 1.0115887507984869, 0.9951222511394354, 1.0039433486569178, 0.9899735263881199, 0.9949787137271933, 0.9971772618952502, 1.0005352334773292, 1.0120900791725314, 0.9922036392722394, 1.00479757611395, 1.0120625901231541, 0.9784449960032845, 1.0080565702715418, 1.0286534712959983, 1.0102102331795246]","[-0.008663594099501015, 0.012837469300470916, -0.0031692417570456932, 0.01889854013761405, 0.010000372071627295, 0.011994179912852676, -0.009928665616111387, -0.003185880108264705, 0.0031871658538034087, 0.0003196651065831002, 0.005706361598860399, 0.003779186065738571, -0.01660207257185442, 0.0013869276226765592, -0.01566707826251368, 0.011588750798486869, -0.004877748860564579, 0.003943348656917811, -0.010026473611880138, -0.005021286272806735, -0.0028227381047497557, 0.0005352334773292, 0.012090079172531354, -0.007796360727760576, 0.004797576113950042, 0.012062590123154138, -0.021555003996715505, 0.00805657027154183, 0.028653471295998267, 0.01021023317952463]","[0.10474155843257904, 0.0, 0.0, 0.0, 0.0, 0.08520705252885818, 0.0, 0.10474155843257904, 0.0, 0.10474155843257904, 0.07686050981283188, 0.10474155843257904, 0.0, 0.0, 0.0, 0.10474155843257904, 0.0, 0.10474155843257904, 0.0, 0.0, 0.10474155843257904, 0.0, 0.0, 0.0, 0.0, 0.0, 0.10474155843257904, 0.0, 0.0, 0.0]","[-1.0472511619095679e-22, -2.0522581775123904e-23, 0.0, 0.0, 0.0, 0.0, 0.0, -2.1371153022886364e-22, 0.0, 0.0, 0.0, -1.0362137201990083e-22, 0.0, 0.0, 1.0, 0.0, -1.032410406317303e-22, 0.0, 0.0, -2.137035245725746e-22, 0.0, 1.1832188885081615e-22, 0.0, 0.0, 0.0, 0.0, 0.0, -1.0521177741947388e-22, 0.0, -1.036610067183025e-22]","[0.0, 0.0016494693421948662, 0.0, 0.01745039227455272, 0.01707507671565559, 0.0038900995148746812, 0.0, 0.0, 0.0, 0.0, 0.0, 0.0, 0.0, 0.013905115942306924, 0.915833031109391, 0.0, 0.0, 0.0036777923006581247, 0.0035799362475106124, 0.0014450164736701774, 0.0009787819602457937, 0.0, 0.006701452584144594, 0.0, 0.0031836806474411098, 0.0, 0.010630154887354156, 0.0, 0.0, 0.0]","[0.10474155843257904, 0.0, 0.0, 0.0, 0.0, 0.08520705252885818, 0.0, 0.10474155843257904, 0.0, 0.10474155843257904, 0.07686050981283188, 0.10474155843257904, 0.0, 0.0, 0.0, 0.10474155843257904, 0.0, 0.10474155843257904, 0.0, 0.0, 0.10474155843257904, 0.0, 0.0, 0.0, 0.0, 0.0, 0.10474155843257904, 0.0, 0.0, 0.0]",-0.0006896723112467781
85,0.9479632073353903,"[0.991336405900499, 1.012837469300471, 0.9968307582429543, 1.018898540137614, 1.0100003720716273, 1.0119941799128527, 0.9900713343838886, 0.9968141198917353, 1.0031871658538034, 1.000319665106583, 1.0057063615988604, 1.0037791860657386, 0.9833979274281456, 1.0013869276226766, 0.9843329217374863, 1.0115887507984869, 0.9951222511394354, 1.0039433486569178, 0.9899735263881199, 0.9949787137271933, 0.9971772618952502, 1.0005352334773292, 1.0120900791725314, 0.9922036392722394, 1.00479757611395, 1.0120625901231541, 0.9784449960032845, 1.0080565702715418, 1.0286534712959983, 1.0102102331795246]","[1.0116248974892306, 0.9980744693562067, 1.0093476306349705, 0.9708331227032048, 0.9910131274472098, 0.985884793394787, 1.0263638582440744, 0.996456293317394, 1.017892584324398, 1.009433954183393, 1.0031950750766034, 0.9804056810750469, 1.0074258656253907, 1.0015073903377318, 0.9848943783659994, 1.0101162271293, 0.9948962208821082, 1.003473046036914, 0.9906384907229863, 1.0056622374379849, 1.0078800069538527, 1.0059558377037716, 0.9893657033784296, 1.0107405985545919, 1.0135625389730234, 1.010069063181821, 0.9989508784804961, 0.9911639087471878, 1.0097540237189049, 0.9626328675069564]","[0.011624897489230568, -0.001925530643793305, 0.00934763063497046, -0.029166877296795235, -0.008986872552790182, -0.014115206605213038, 0.02636385824407439, -0.0035437066826059516, 0.017892584324397998, 0.00943395418339299, 0.0031950750766034375, -0.019594318924953114, 0.007425865625390715, 0.0015073903377318398, -0.015105621634000643, 0.010116227129300048, -0.005103779117891838, 0.003473046036913896, -0.009361509277013735, 0.005662237437984885, 0.007880006953852714, 0.005955837703771616, -0.01063429662157045, 0.010740598554591863, 0.013562538973023397, 0.010069063181820992, -0.0010491215195038706, -0.00883609125281215, 0.00975402371890488, -0.037367132493043576]","[0.0, 0.0, 0.0, 0.09501822292804718, 0.0, 0.0, 0.0, 0.0, 0.10183504968881607, 0.0, 0.0, 0.0, 0.0, 0.10111081600189209, 0.0, 0.10245806723833084, 0.0, 0.0, 0.0, 0.10245806723833084, 0.09982385486364365, 0.0, 0.0, 0.0, 0.09497532248497009, 0.0, 0.0, 0.10245806723833084, 0.09740447998046875, 0.10245806723833084]","[0.0, 1.0, 1.1425464642316363e-22, 0.0, 0.0, 0.0, 0.0, 0.0, 1.1481351692210865e-22, 0.0, 1.836651763576363e-22, 0.0, 0.0, 0.0, 1.8402221076350867e-22, 3.5071818922808327e-22, 0.0, 0.0, 0.0, 0.0, 0.0, 2.25206597811121e-22, 0.0, 1.1441098921289948e-22, 1.1527541996681953e-22, 0.0, 0.0, 2.2570852599415934e-22, 0.0, 0.0]","[0.0, 0.9169294575138537, 0.005487568260580025, 0.007846445240051516, 0.0037662434294926223, 0.006986674597845528, 0.00017028342350888505, 0.0, 0.0, 0.007819383953190772, 0.008943255875918458, 0.006373710348427124, 0.0, 0.001412662504352142, 0.0, 0.004340291514776604, 0.0, 0.0095535499711651, 0.005516934199464805, 0.0, 0.0, 0.0, 0.0016168828549209496, 0.00020270088486869792, 0.003775201488695446, 0.0, 0.0, 0.00039169456450490755, 0.00744887854973908, 0.0014181808246436659]","[0.0, 0.0, 0.0, 0.09501822292804718, 0.0, 0.0, 0.0, 0.0, 0.10183504968881607, 0.0, 0.0, 0.0, 0.0, 0.10111081600189209, 0.0, 0.10245806723833084, 0.0, 0.0, 0.0, 0.10245806723833084, 0.09982385486364365, 0.0, 0.0, 0.0, 0.09497532248497009, 0.0, 0.0, 0.10245806723833084, 0.09740447998046875, 0.10245806723833084]",-0.0013212654398793268
86,0.9495866549838463,"[1.0116248974892306, 0.9980744693562067, 1.0093476306349705, 0.9708331227032048, 0.9910131274472098, 0.985884793394787, 1.0263638582440744, 0.996456293317394, 1.017892584324398, 1.009433954183393, 1.0031950750766034, 0.9804056810750469, 1.0074258656253907, 1.0015073903377318, 0.9848943783659994, 1.0101162271293, 0.9948962208821082, 1.003473046036914, 0.9906384907229863, 1.0056622374379849, 1.0078800069538527, 1.0059558377037716, 0.9893657033784296, 1.0107405985545919, 1.0135625389730234, 1.010069063181821, 0.9989508784804961, 0.9911639087471878, 1.0097540237189049, 0.9626328675069564]","[1.0081304581964778, 0.9966974458839711, 1.0162166852409817, 1.000779058461483, 0.9930854499070073, 0.9852857752246577, 1.0095387402581097, 1.0066861133891043, 1.0100099715140063, 0.9856538419059017, 1.01689875360435, 0.9889788140583102, 1.0075705507600992, 1.0052484104379307, 0.9918805094810211, 0.9851873058200917, 1.0240895681898716, 1.012295334064167, 1.0097020363889297, 1.017158220252079, 1.0063819311119548, 0.9987301468819094, 0.9907416257351979, 1.0009624614530506, 1.0159288996665148, 1.0080123198350786, 0.9764190431350105, 1.003154316494071, 1.0051972727953367, 1.0095739995622415]","[0.008130458196477841, -0.0033025541160288663, 0.016216685240981743, 0.0007790584614830731, -0.006914550092992688, -0.014714224775342344, 0.009538740258109746, 0.006686113389104298, 0.010009971514006288, -0.014346158094098338, 0.016898753604349892, -0.01102118594168977, 0.0075705507600991595, 0.005248410437930673, -0.008119490518978867, -0.01481269417990827, 0.024089568189871624, 0.01229533406416694, 0.009702036388929747, 0.017158220252079026, 0.006381931111954842, -0.0012698531180905803, -0.009258374264802138, 0.0009624614530505671, 0.015928899666514784, 0.008012319835078552, -0.02358095686498951, 0.003154316494071052, 0.00519727279533666, 0.009573999562241475]","[0.0, 0.09300915896892548, 0.0, 0.0, 0.0, 0.08825003355741501, 0.11778529733419418, 0.0, 0.0, 0.06904979795217514, 0.07996249943971634, 0.1046328991651535, 0.1023479476571083, 0.0, 0.0, 0.0, 0.0, 0.0, 0.11778529733419418, 0.0, 0.10939180105924606, 0.0, 0.0, 0.0, 0.0, 0.0, 0.0, 0.11778529733419418, 0.0, 0.0]","[0.0, 0.0, 0.0, 2.2675316070665343e-22, 1.1674504399485575e-22, 0.0, 0.0, 1.1729997934129376e-22, 0.0, 3.3919177328103957e-22, 0.0, 0.0, 0.0, 0.0, 3.389872130448015e-22, 1.0, 0.0, 0.0, 3.393688722707648e-22, 0.0, 0.0, 0.0, 0.0, 1.169144394743446e-22, 0.0, 0.0, 0.0, 1.1767805843913524e-22, 0.0, 2.8359170354514553e-22]","[0.011581691711261886, 0.004656250287964746, 0.018809725839021286, 0.0, 0.0010366552502630256, 0.0029425052078791043, 0.0005667058843758189, 0.0, 0.01854730052442561, 0.0, 0.0, 0.0, 0.0, 0.0, 0.01702020420526196, 0.8439011646450857, 0.008830102522801362, 0.0024271556947697767, 0.005205891611343369, 0.006947657268223761, 0.00644300591156228, 0.0, 0.0, 0.0, 0.006257382542984856, 0.012549399634804245, 0.0, 0.001610545767617359, 0.0, 0.03066665549035394]","[0.0, 0.09300915896892548, 0.0, 0.0, 0.0, 0.08825003355741501, 0.11778529733419418, 0.0, 0.0, 0.06904979795217514, 0.07996249943971634, 0.1046328991651535, 0.1023479476571083, 0.0, 0.0, 0.0, 0.0, 0.0, 0.11778529733419418, 0.0, 0.10939180105924606, 0.0, 0.0, 0.0, 0.0, 0.0, 0.0, 0.11778529733419418, 0.0, 0.0]",0.001279393485196162
87,0.9431777297999759,"[1.0081304581964778, 0.9966974458839711, 1.0162166852409817, 1.000779058461483, 0.9930854499070073, 0.9852857752246577, 1.0095387402581097, 1.0066861133891043, 1.0100099715140063, 0.9856538419059017, 1.01689875360435, 0.9889788140583102, 1.0075705507600992, 1.0052484104379307, 0.9918805094810211, 0.9851873058200917, 1.0240895681898716, 1.012295334064167, 1.0097020363889297, 1.017158220252079, 1.0063819311119548, 0.9987301468819094, 0.9907416257351979, 1.0009624614530506, 1.0159288996665148, 1.0080123198350786, 0.9764190431350105, 1.003154316494071, 1.0051972727953367, 1.0095739995622415]","[0.9758982790499802, 0.9927682992731097, 0.9774873714656405, 1.016237574137062, 0.994048161188551, 0.9864181106667211, 1.0239105618401194, 0.9725414834199442, 0.9882544648192528, 0.9975521836841847, 0.9915193858821373, 0.9928494329336403, 1.020579494221914, 1.0037898389416346, 0.9970381893602205, 1.010640885803885, 0.9968904851560636, 0.9941072251895908, 0.9933178479287715, 0.9982917517508564, 1.0077020656405202, 0.9955145627911467, 1.008797534861081, 0.9892578782963155, 0.993716866710152, 1.0050958512134283, 0.9912358255460385, 0.9883832213731102, 0.9957690856633673, 0.987547789242235]","[-0.024101720950019834, -0.007231700726890278, -0.022512628534359536, 0.01623757413706195, -0.005951838811449006, -0.013581889333278863, 0.023910561840119415, -0.027458516580055825, -0.011745535180747169, -0.0024478163158152544, -0.008480614117862717, -0.007150567066359748, 0.020579494221913963, 0.003789838941634649, -0.0029618106397795163, 0.010640885803884892, -0.0031095148439364007, -0.005892774810409174, -0.006682152071228464, -0.001708248249143618, 0.007702065640520228, -0.0044854372088533045, 0.008797534861080925, -0.010742121703684493, -0.006283133289847975, 0.00509585121342826, -0.008764174453961493, -0.011616778626889812, -0.004230914336632696, -0.012452210757765036]","[0.0, 0.0, 0.0, 0.0, 0.10582141578197479, 0.0963696613907814, 0.0, 0.0, 0.0, 0.0, 0.10582141578197479, 0.0, 0.0, 0.0, 0.10582141578197479, 0.05705901235342026, 0.10582141578197479, 0.10582141578197479, 0.10582141578197479, 0.0, 0.0, 0.0, 0.0, 0.0, 0.0, 0.0, 0.0, 0.10582141578197479, 0.0, 0.10582141578197479]","[0.0, 0.0, -1.0620723240458398e-22, 0.0, 0.0, 0.0, 0.0, -2.1412644861328897e-22, 0.0, 0.0, -2.0920847056855797e-22, 0.0, -1.0485096142704454e-22, 0.0, 0.0, 1.0, -2.1324211419615094e-22, 0.0, -2.14308834289956e-22, 0.0, 0.0, -2.1437858424337107e-22, 0.0, -1.0422053286851184e-22, 0.0, 0.0, 0.0, -2.136945951293507e-22, 0.0, 0.0]","[0.0, 0.0, 0.0027458187352513925, 0.00030422767016639705, 0.011420184635747076, 0.0, 0.0, 0.0, 0.01895393265866527, 0.0, 0.021325822420472484, 0.0, 0.0, 0.016629502626172413, 0.0, 0.8751494805126451, 0.010583479844920337, 0.00039858489299106754, 0.0, 0.0, 0.0, 0.008453512135189249, 0.0, 0.0, 0.005043970916475921, 0.0, 0.010318421687261057, 0.0, 0.013627323719068368, 0.005045737544973935]","[0.0, 0.0, 0.0, 0.0, 0.10582141578197479, 0.0963696613907814, 0.0, 0.0, 0.0, 0.0, 0.10582141578197479, 0.0, 0.0, 0.0, 0.10582141578197479, 0.05705901235342026, 0.10582141578197479, 0.10582141578197479, 0.10582141578197479, 0.0, 0.0, 0.0, 0.0, 0.0, 0.0, 0.0, 0.0, 0.10582141578197479, 0.0, 0.10582141578197479]",-0.007123565257777563
88,0.9389296385453754,"[0.9758982790499802, 0.9927682992731097, 0.9774873714656405, 1.016237574137062, 0.994048161188551, 0.9864181106667211, 1.0239105618401194, 0.9725414834199442, 0.9882544648192528, 0.9975521836841847, 0.9915193858821373, 0.9928494329336403, 1.020579494221914, 1.0037898389416346, 0.9970381893602205, 1.010640885803885, 0.9968904851560636, 0.9941072251895908, 0.9933178479287715, 0.9982917517508564, 1.0077020656405202, 0.9955145627911467, 1.008797534861081, 0.9892578782963155, 0.993716866710152, 1.0050958512134283, 0.9912358255460385, 0.9883832213731102, 0.9957690856633673, 0.987547789242235]","[1.0089124173227992, 0.9939812396177398, 0.9977797369647435, 1.007600426112553, 0.999164997204061, 1.0009699019385132, 1.0065585953999803, 0.9957698975906586, 1.006563818338543, 1.0189478399846132, 0.9874810491134381, 0.9853327431367545, 1.0080447553579743, 1.0172622174797994, 0.9858225761675402, 1.016498392125666, 0.9988377080701376, 0.9931092780974561, 0.9997583870622478, 0.9955882582646315, 1.0135458342978463, 1.0219853172415978, 1.010638541939243, 1.0245851081998945, 0.9703667490300316, 1.0113998087323022, 0.9947338338687861, 0.9972942653660851, 0.9609961620932691, 1.013909216189074]","[0.008912417322799238, -0.006018760382260235, -0.0022202630352564645, 0.0076004261125530714, -0.000835002795938955, 0.0009699019385132068, 0.0065585953999802715, -0.0042301024093414075, 0.006563818338543026, 0.018947839984613246, -0.012518950886561853, -0.014667256863245548, 0.008044755357974331, 0.01726221747979939, -0.01417742383245979, 0.01649839212566606, -0.0011622919298623913, -0.006890721902543917, -0.00024161293775215587, -0.004411741735368513, 0.013545834297846282, 0.0219853172415978, 0.010638541939242963, 0.024585108199894457, -0.029633250969968383, 0.011399808732302175, -0.00526616613121389, -0.0027057346339148802, -0.0390038379067309, 0.013909216189073925]","[0.07781165838241577, 0.0, 0.0, 0.042295459657907486, 0.1091412752866745, 0.0, 0.0, 0.0, 0.11925333738327026, 0.0, 0.09644190967082977, 0.0, 0.0, 0.0, 0.11925333738327026, 0.0, 0.0, 0.0, 0.11925333738327026, 0.0, 0.0, 0.0, 0.0953671857714653, 0.0, 0.0, 0.0, 0.0, 0.11925333738327026, 0.10192913562059402, 0.0]","[7.699809739168406e-24, 0.0, 0.0, -1.0513128897988995e-22, 7.270869444597407e-24, 0.0, 0.0, 8.549920824928928e-24, 0.0, 0.0, -9.08263490814884e-23, 0.0, 0.0, 0.0, 3.5244314274365065e-23, 1.0, 0.0, 0.0, 0.0, 0.0, 7.206509192265013e-24, 0.0, -1.049678157565505e-22, 0.0, 0.0, 0.0, 0.0, 8.927543603714593e-24, 0.0, 0.0]","[0.0, 0.011257051524946512, 0.001343924479136976, 0.0014780365470841812, 0.0, 0.0069285395867788955, 0.0, 0.008686559764416795, 0.0, 0.00839353414710665, 0.001050380656037827, 0.0011066872358934698, 0.0013547133013910753, 0.003432563549940063, 0.0, 0.8510898427105973, 0.0028498083271323244, 0.008528945792103837, 0.0, 0.006947333487585433, 0.020104991189921817, 0.0, 0.011183550312112685, 0.00010528822371628173, 0.01034478576981393, 0.0027762638561991764, 0.0, 0.017087602876870178, 0.009582270980905016, 0.014367325680309387]","[0.07781165838241577, 0.0, 0.0, 0.042295459657907486, 0.1091412752866745, 0.0, 0.0, 0.0, 0.11925333738327026, 0.0, 0.09644190967082977, 0.0, 0.0, 0.0, 0.11925333738327026, 0.0, 0.0, 0.0, 0.11925333738327026, 0.0, 0.0, 0.0, 0.0953671857714653, 0.0, 0.0, 0.0, 0.0, 0.11925333738327026, 0.10192913562059402, 0.0]",-0.004933125649815425
89,0.9377964164618773,"[1.0089124173227992, 0.9939812396177398, 0.9977797369647435, 1.007600426112553, 0.999164997204061, 1.0009699019385132, 1.0065585953999803, 0.9957698975906586, 1.006563818338543, 1.0189478399846132, 0.9874810491134381, 0.9853327431367545, 1.0080447553579743, 1.0172622174797994, 0.9858225761675402, 1.016498392125666, 0.9988377080701376, 0.9931092780974561, 0.9997583870622478, 0.9955882582646315, 1.0135458342978463, 1.0219853172415978, 1.010638541939243, 1.0245851081998945, 0.9703667490300316, 1.0113998087323022, 0.9947338338687861, 0.9972942653660851, 0.9609961620932691, 1.013909216189074]","[1.021115876000653, 0.9758588939092946, 1.0132412300269276, 0.9717733028377397, 1.0001694148126234, 1.012451638815743, 0.9874260466476505, 1.0262341140120914, 1.0020678648485997, 1.0053890838384327, 0.9782581160926155, 0.998642220359806, 0.9990273631952614, 0.9735226597138412, 1.0073101051601656, 0.9994642169159222, 1.0010759926844357, 0.9837307121801859, 0.9836475294363355, 1.0077307905019732, 1.0070280122112552, 1.002276268623784, 1.0222449974725107, 0.9840120811355021, 1.028451658209611, 0.9931668481885146, 0.9912674222128842, 1.0022628697927787, 0.9950624330155959, 1.00990484737749]","[0.0211158760006529, -0.02414110609070541, 0.013241230026927564, -0.02822669716226034, 0.00016941481262344738, 0.01245163881574296, -0.012573953352349454, 0.026234114012091414, 0.0020678648485996654, 0.005389083838432729, -0.021741883907384518, -0.0013577796401940123, -0.0009726368047385803, -0.02647734028615878, 0.007310105160165614, -0.0005357830840777567, 0.0010759926844357004, -0.01626928781981407, -0.016352470563664512, 0.007730790501973228, 0.007028012211255152, 0.00227626862378405, 0.02224499747251074, -0.015987918864497908, 0.02845165820961104, -0.006833151811485361, -0.00873257778711578, 0.0022628697927786767, -0.004937566984404063, 0.00990484737749009]","[0.0, 0.0, 0.10000000894069672, 0.0, 0.0, 0.0, 0.0, 0.0, 0.0, 0.0, 0.10000000894069672, 0.10000000894069672, 0.0, 0.10000000894069672, 0.0, 0.0, 0.0, 0.10000000894069672, 0.0, 0.10000000894069672, 0.10000000894069672, 0.0, 0.0, 0.0, 0.10000000894069672, 0.0, 0.0, 0.10000000894069672, 0.10000000894069672, 0.0]","[0.0, 1.0, 8.91400511030499e-22, 8.911286206901616e-22, 0.0, 8.911393002952594e-22, 0.0, 0.0, 0.0, 0.0, 0.0, 0.0, 0.0, 8.91966327301803e-22, 0.0, 0.0, 0.0, 0.0, 0.0, 0.0, 0.0, 1.0026352583540521e-21, 8.911726302632322e-22, 8.916104047738062e-22, 8.925531789004345e-22, 0.0, 1.0035812138149627e-21, 0.0, 0.0, 0.0]","[0.01416823984871186, 0.8893680916285858, 0.0, 0.0, 0.0, 0.0, 0.0, 0.0, 0.0, 0.0, 0.003711701705086055, 0.002096529070444305, 0.0, 0.0, 0.0036684273965021815, 0.0, 0.006158940934635983, 0.012057374900934082, 0.005106661586341376, 0.0062440251258842035, 0.007083015029640573, 0.0, 0.006935450819777877, 0.020586340598432028, 0.005216843249118502, 0.0, 0.00673847321486072, 0.0015709203804216668, 0.0, 0.009288964510622938]","[0.0, 0.0, 0.09999999403953552, 0.0, 0.0, 0.0, 0.0, 0.0, 0.0, 0.0, 0.09999999403953552, 0.09999999403953552, 0.0, 0.09999999403953552, 0.0, 0.0, 0.0, 0.09999999403953552, 0.0, 0.09999999403953552, 0.09999999403953552, 0.0, 0.0, 0.0, 0.09999999403953552, 0.0, 0.0, 0.09999999403953552, 0.09999999403953552, 0.0]",-0.0016664548037747216
90,0.9369057414459974,"[1.021115876000653, 0.9758588939092946, 1.0132412300269276, 0.9717733028377397, 1.0001694148126234, 1.012451638815743, 0.9874260466476505, 1.0262341140120914, 1.0020678648485997, 1.0053890838384327, 0.9782581160926155, 0.998642220359806, 0.9990273631952614, 0.9735226597138412, 1.0073101051601656, 0.9994642169159222, 1.0010759926844357, 0.9837307121801859, 0.9836475294363355, 1.0077307905019732, 1.0070280122112552, 1.002276268623784, 1.0222449974725107, 0.9840120811355021, 1.028451658209611, 0.9931668481885146, 0.9912674222128842, 1.0022628697927787, 0.9950624330155959, 1.00990484737749]","[1.0142233771073028, 1.0071271892732228, 0.9882113187601674, 1.0132196827191946, 0.9942454846856831, 1.0113819161523294, 1.010268048796016, 1.0049166938991752, 0.9946603196251195, 1.0149213039881404, 0.970352196414606, 0.9757085106180867, 0.9709434932070894, 1.0151854447266015, 0.981730867911436, 1.0221419288961204, 0.9817453976273047, 0.9962143061049626, 1.0203473661766438, 1.0024335095738768, 1.0232972873588146, 1.0014808356485747, 1.0221707171606977, 0.9890085047248927, 0.9972726130260197, 0.9826249934345052, 1.012507849491022, 0.9992193631626229, 1.0057368562159288, 1.0176149725881736]","[0.014223377107302815, 0.007127189273222756, -0.011788681239832566, 0.013219682719194603, -0.005754515314316921, 0.011381916152329419, 0.01026804879601606, 0.004916693899175151, -0.005339680374880529, 0.0149213039881404, -0.029647803585393984, -0.024291489381913278, -0.029056506792910608, 0.015185444726601549, -0.018269132088563955, 0.022141928896120433, -0.018254602372695272, -0.0037856938950373564, 0.02034736617664379, 0.00243350957387678, 0.023297287358814645, 0.0014808356485747076, 0.02217071716069774, -0.010991495275107344, -0.002727386973980339, -0.017375006565494844, 0.012507849491022016, -0.0007806368373770578, 0.005736856215928787, 0.017614972588173572]","[0.0, 0.0, 0.0, 0.0, 0.12018495798110962, 0.0, 0.0, 0.08846478909254074, 0.0, 0.05123801901936531, 0.0, 0.06120114028453827, 0.0, 0.0, 0.05900338664650917, 0.13425323367118835, 0.0, 0.10819050669670105, 0.0, 0.0, 0.0, 0.13425323367118835, 0.0, 0.11998370289802551, 0.1232270896434784, 0.0, 0.0, 0.0, 0.0, 0.0]","[0.0, 1.0, -1.0732125027482426e-22, 0.0, 0.0, 0.0, 0.0, 1.7104214964369472e-22, 0.0, 0.0, 0.0, 0.0, 0.0, 0.0, 0.0, -1.106091103554625e-22, 0.0, -1.0773542721319886e-22, 0.0, -1.0665697884390047e-22, -2.1744319717778844e-22, 0.0, 0.0, -1.0747076538714375e-22, -2.1726142531194286e-22, 0.0, 0.0, -2.1784904001024055e-22, 0.0, 0.0]","[0.0, 0.9001209463656082, 0.0, 0.015208993660916386, 0.0012188081685955733, 0.0, 0.0, 0.0, 0.0, 0.0, 0.012292384902801379, 0.00020852335279439963, 0.0, 0.010237414400962416, 0.012721586348511681, 0.009922535506507396, 0.0, 0.0, 0.014654301610984797, 0.0, 0.0002787734643366893, 0.004292084092838759, 0.0, 0.0, 0.0, 0.012964791201201673, 0.0, 0.0, 0.0, 0.005878856923940589]","[0.0, 0.0, 0.0, 0.0, 0.12018494307994843, 0.0, 0.0, 0.08846478164196014, 0.0, 0.051238011568784714, 0.0, 0.06120113283395767, 0.0, 0.0, 0.059003379195928574, 0.13425321877002716, 0.0, 0.10819049179553986, 0.0, 0.0, 0.0, 0.13425321877002716, 0.0, 0.11998368799686432, 0.1232270747423172, 0.0, 0.0, 0.0, 0.0, 0.0]",-0.0013377244927203465
91,0.9372408998890173,"[1.0142233771073028, 1.0071271892732228, 0.9882113187601674, 1.0132196827191946, 0.9942454846856831, 1.0113819161523294, 1.010268048796016, 1.0049166938991752, 0.9946603196251195, 1.0149213039881404, 0.970352196414606, 0.9757085106180867, 0.9709434932070894, 1.0151854447266015, 0.981730867911436, 1.0221419288961204, 0.9817453976273047, 0.9962143061049626, 1.0203473661766438, 1.0024335095738768, 1.0232972873588146, 1.0014808356485747, 1.0221707171606977, 0.9890085047248927, 0.9972726130260197, 0.9826249934345052, 1.012507849491022, 0.9992193631626229, 1.0057368562159288, 1.0176149725881736]","[0.993174405859386, 1.0060502172879442, 1.0028283114019503, 0.9840234572289775, 0.9940382389447654, 0.991799889314409, 1.006050126193229, 0.9958665560321537, 0.9931696995194883, 1.0116241651770956, 0.992870824395286, 1.0083489518812059, 0.9834087395361397, 0.9769151191680763, 1.0117243395496929, 0.9974509587580936, 0.9972893186678036, 1.009343057038062, 1.015338752146968, 0.994027100970853, 0.9846310598669165, 1.0036651547969766, 0.9923469224454969, 0.9887836745678669, 0.9962858891668799, 0.9930460788947219, 1.0305953900814901, 1.008801917697183, 0.9865267244736483, 0.9922701134173556]","[-0.006825594140614011, 0.006050217287944193, 0.0028283114019502786, -0.01597654277102245, -0.0059617610552346045, -0.008200110685591011, 0.006050126193229088, -0.0041334439678463175, -0.006830300480511697, 0.011624165177095636, -0.007129175604714044, 0.00834895188120588, -0.01659126046386028, -0.023084880831923726, 0.011724339549692875, -0.002549041241906358, -0.0027106813321964296, 0.00934305703806193, 0.015338752146967893, -0.005972899029146994, -0.015368940133083542, 0.0036651547969765996, -0.007653077554503063, -0.011216325432133134, -0.003714110833120121, -0.006953921105278149, 0.030595390081490148, 0.00880191769718297, -0.013473275526351691, -0.007729886582644396]","[0.0, 0.09088070690631866, 0.06634071469306946, 0.0, 0.0, 0.0, 0.0, 0.0, 0.0, 0.10989667475223541, 0.0, 0.10989667475223541, 0.0, 0.09513462334871292, 0.0, 0.0, 0.0, 0.09442613273859024, 0.0, 0.10989667475223541, 0.0, 0.0, 0.0, 0.10373441129922867, 0.10989667475223541, 0.0, 0.0, 0.10989667475223541, 0.0, 0.0]","[0.0, 7.807105548167509e-22, 2.4346043224437497e-21, 0.0, 0.0, 1.6265666301766877e-21, 1.399056552898606e-21, 0.0, 0.0, 0.0, 0.0, 0.0, 0.0, 0.0, 0.0, 0.4009981794958886, 0.0, 0.0, 0.0, 1.9448839074554736e-21, 0.5990018205041113, 0.0, 1.1768391724221002e-21, 0.0, 8.115323660852921e-22, 8.11690917833474e-22, 0.0, 0.0, 0.0, 0.0]","[0.005735741608707616, 0.0, 0.0, 0.0, 0.0, 0.010337301454388013, 0.016351390874382928, 0.0, 0.0038975057537669893, 0.01494207491708608, 0.0, 0.008284893970396114, 0.00632039863043563, 0.0, 0.0, 0.363053321867365, 0.008325055315276511, 0.0, 0.007414374398594197, 0.0024657125786759896, 0.5365429856814539, 0.006134950175174874, 0.0, 0.00625635010480203, 0.0, 0.0, 0.0, 0.003937942669494427, 0.0, 0.0]","[0.0, 0.09088071435689926, 0.06634072214365005, 0.0, 0.0, 0.0, 0.0, 0.0, 0.0, 0.10989668220281601, 0.0, 0.10989668220281601, 0.0, 0.09513463079929352, 0.0, 0.0, 0.0, 0.09442614018917084, 0.0, 0.10989668220281601, 0.0, 0.0, 0.0, 0.10373441874980927, 0.10989668220281601, 0.0, 0.0, 0.10989668220281601, 0.0, 0.0]",-0.0001114199193553557
92,0.9343367094324659,"[0.993174405859386, 1.0060502172879442, 1.0028283114019503, 0.9840234572289775, 0.9940382389447654, 0.991799889314409, 1.006050126193229, 0.9958665560321537, 0.9931696995194883, 1.0116241651770956, 0.992870824395286, 1.0083489518812059, 0.9834087395361397, 0.9769151191680763, 1.0117243395496929, 0.9974509587580936, 0.9972893186678036, 1.009343057038062, 1.015338752146968, 0.994027100970853, 0.9846310598669165, 1.0036651547969766, 0.9923469224454969, 0.9887836745678669, 0.9962858891668799, 0.9930460788947219, 1.0305953900814901, 1.008801917697183, 0.9865267244736483, 0.9922701134173556]","[0.9979992255268941, 1.0318634563325457, 1.005538647855269, 1.0158929932531129, 1.0014278472319316, 1.0130581682617879, 0.9957547854531358, 0.9980488515491996, 1.002745511559828, 1.0041707822795838, 0.9951158945932977, 1.007511178094159, 0.9996526109722208, 0.9783803867183746, 1.0219048575008405, 1.000916272270048, 0.9938180493630674, 0.9801629284257042, 1.0046865241445282, 0.996829735932795, 1.0023187681372918, 0.9921111308274353, 0.9830154196831851, 0.997108468299727, 0.9884530784950405, 0.9930165840905165, 1.0180511392774598, 0.9915816254609902, 0.9572164575931026, 0.9925770016114263]","[-0.0020007744731058708, 0.031863456332545725, 0.00553864785526903, 0.015892993253112886, 0.0014278472319315672, 0.01305816826178785, -0.004245214546864218, -0.0019511484508003551, 0.002745511559828051, 0.0041707822795837846, -0.004884105406702255, 0.007511178094159021, -0.0003473890277791991, -0.021619613281625427, 0.02190485750084048, 0.0009162722700479797, -0.006181950636932609, -0.019837071574295817, 0.0046865241445281924, -0.0031702640672049975, 0.0023187681372918156, -0.007888869172564705, -0.016984580316814935, -0.002891531700273009, -0.011546921504959506, -0.006983415909483481, 0.018051139277459827, -0.008418374539009843, -0.04278354240689741, -0.007422998388573743]","[0.09008585661649704, 0.0, 0.10315903276205063, 0.0, 0.0, 0.0, 0.0, 0.10315903276205063, 0.0, 0.0, 0.0, 0.10315903276205063, 0.0, 0.10315903276205063, 0.0, 0.10315903276205063, 0.10315903276205063, 0.0, 0.0, 0.0, 0.0846419706940651, 0.0, 0.0, 0.0, 0.0, 0.10315903276205063, 0.0, 0.0, 0.0, 0.10315903276205063]","[0.0, 0.0, 0.0, 2.2652646429385777e-22, 0.0, 3.3850863587795186e-22, 0.0, 1.1768033888810081e-22, 2.2862335924278647e-22, 0.0, 0.0, 1.17336469316571e-22, 2.270183740666593e-22, 0.0, 0.0, 1.0, 1.1903588090886002e-22, 0.0, 0.0, 0.0, 0.0, 0.0, 0.0, 0.0, 0.0, 0.0, 0.0, 1.1833537786076844e-22, 0.0, 3.119962579506919e-22]","[0.0011094417476211359, 0.0, 0.0001320349172718438, 0.0, 0.0, 0.0, 0.003644175775434321, 0.003395948108854867, 0.0011700992027870699, 0.001227830247934288, 0.0, 0.0018852367667783188, 0.0, 0.0, 0.0, 0.9390734833384228, 0.012117842352897958, 0.0, 0.0015147260274951475, 0.0, 0.0025228288977078555, 0.0, 0.0009307873308637337, 0.0, 0.0, 0.00869513513384947, 0.0, 0.012682315968273737, 0.009898114183807281, 0.0]","[0.09008584916591644, 0.0, 0.10315901786088943, 0.0, 0.0, 0.0, 0.0, 0.10315901786088943, 0.0, 0.0, 0.0, 0.10315901786088943, 0.0, 0.10315901786088943, 0.0, 0.10315901786088943, 0.10315901786088943, 0.0, 0.0, 0.0, 0.0846419632434845, 0.0, 0.0, 0.0, 0.0, 0.10315901786088943, 0.0, 0.0, 0.0, 0.10315901786088943]",-0.0034613484553496637
93,0.9346966646734846,"[0.9979992255268941, 1.0318634563325457, 1.005538647855269, 1.0158929932531129, 1.0014278472319316, 1.0130581682617879, 0.9957547854531358, 0.9980488515491996, 1.002745511559828, 1.0041707822795838, 0.9951158945932977, 1.007511178094159, 0.9996526109722208, 0.9783803867183746, 1.0219048575008405, 1.000916272270048, 0.9938180493630674, 0.9801629284257042, 1.0046865241445282, 0.996829735932795, 1.0023187681372918, 0.9921111308274353, 0.9830154196831851, 0.997108468299727, 0.9884530784950405, 0.9930165840905165, 1.0180511392774598, 0.9915816254609902, 0.9572164575931026, 0.9925770016114263]","[0.9774345736550595, 1.0113828003444887, 1.0078759290686221, 0.9941806468442411, 1.0277375995042948, 0.989379611955849, 0.9915705176407166, 1.0100425414659933, 1.0078355211213816, 1.002727909549266, 1.011124646180197, 0.9942416193896954, 0.9787693189226875, 1.0098103335245656, 1.0105311126283094, 0.9934229377847423, 0.9823417725610085, 1.0060345354678517, 0.9887342266955153, 1.0062625561618996, 1.0016255877036015, 0.9827833587338358, 1.011533473920652, 1.0164085987777571, 1.0122582201568688, 0.979375428611178, 1.0244721187499686, 0.995608893669072, 0.9988355963129852, 1.0156858203647496]","[-0.02256542634494052, 0.011382800344488686, 0.007875929068622112, -0.005819353155758877, 0.027737599504294774, -0.010620388044150997, -0.008429482359283424, 0.01004254146599326, 0.007835521121381639, 0.00272790954926605, 0.01112464618019704, -0.0057583806103046475, -0.02123068107731252, 0.009810333524565618, 0.010531112628309414, -0.006577062215257667, -0.01765822743899148, 0.006034535467851709, -0.01126577330448475, 0.006262556161899635, 0.0016255877036015498, -0.01721664126616418, 0.011533473920652071, 0.016408598777757133, 0.012258220156868838, -0.02062457138882201, 0.024472118749968574, -0.004391106330927985, -0.001164403687014759, 0.015685820364749636]","[0.10036268085241318, 0.0, 0.0, 0.0, 0.0, 0.10036268085241318, 0.0, 0.0, 0.10036268085241318, 0.09673590213060379, 0.0, 0.0, 0.0, 0.10036268085241318, 0.0, 0.0, 0.0, 0.0, 0.0, 0.10036268085241318, 0.0, 0.10036268085241318, 0.0, 0.10036268085241318, 0.0, 0.0, 0.0, 0.10036268085241318, 0.0, 0.10036268085241318]","[3.3662248474391157e-22, 1.0, 4.472647426709959e-22, 0.0, 0.0, 0.0, 5.582063183563562e-22, 5.037159851884953e-22, 0.0, 0.0, 0.0, 0.0, 0.0, 0.0, 0.0, 4.749572044722986e-22, 0.0, 0.0, 0.0, 3.3676917893277483e-22, 4.476641706745375e-22, 0.0, 0.0, 0.0, 0.0, 0.0, 4.473839710034404e-22, 0.0, 0.0, 4.2009859016410646e-22]","[0.0, 0.9380500076868463, 0.0, 0.00207579073638645, 0.009775278851561368, 0.0, 0.0, 0.004984870958159892, 0.0, 0.0, 0.0, 0.00876421948483807, 0.006133412090628857, 0.0, 0.005426204663759844, 0.0, 0.008272509315551095, 0.0, 0.0, 0.0, 0.0, 0.0, 0.006281973506198847, 0.0, 0.002813315780766834, 0.0, 0.0, 0.0, 0.003347150808515947, 0.004075266116786487]","[0.10036268085241318, 0.0, 0.0, 0.0, 0.0, 0.10036268085241318, 0.0, 0.0, 0.10036268085241318, 0.09673590213060379, 0.0, 0.0, 0.0, 0.10036268085241318, 0.0, 0.0, 0.0, 0.0, 0.0, 0.10036268085241318, 0.0, 0.10036268085241318, 0.0, 0.10036268085241318, 0.0, 0.0, 0.0, 0.10036268085241318, 0.0, 0.10036268085241318]",-5.883789809225617e-05
94,0.9356592447297625,"[0.9774345736550595, 1.0113828003444887, 1.0078759290686221, 0.9941806468442411, 1.0277375995042948, 0.989379611955849, 0.9915705176407166, 1.0100425414659933, 1.0078355211213816, 1.002727909549266, 1.011124646180197, 0.9942416193896954, 0.9787693189226875, 1.0098103335245656, 1.0105311126283094, 0.9934229377847423, 0.9823417725610085, 1.0060345354678517, 0.9887342266955153, 1.0062625561618996, 1.0016255877036015, 0.9827833587338358, 1.011533473920652, 1.0164085987777571, 1.0122582201568688, 0.979375428611178, 1.0244721187499686, 0.995608893669072, 0.9988355963129852, 1.0156858203647496]","[0.9930027174486561, 1.0001581162095152, 1.0024515722073466, 0.9816450222342004, 1.0084986215620741, 0.9769344464900526, 0.9958724902396356, 1.0107496087694723, 0.995454717463206, 0.9967474374841128, 0.9894909996350015, 1.0052547457577095, 0.994342801416656, 0.9889792447243775, 1.0002590475019748, 0.9991008819116023, 1.005275613557385, 1.0020932480701772, 0.9673609874277049, 0.9823637467258753, 0.9965440326395983, 1.0006616632729648, 1.0242903094827993, 0.98698985788005, 1.0125055673195549, 1.004221861703077, 1.02183147948503, 1.0065950356187254, 1.009199113562748, 0.9859656846237213]","[-0.0069972825513439085, 0.00015811620951522443, 0.0024515722073465973, -0.01835497776579964, 0.008498621562074149, -0.023065553509947434, -0.004127509760364356, 0.010749608769472285, -0.004545282536793982, -0.003252562515887236, -0.010509000364998466, 0.005254745757709456, -0.005657198583344014, -0.011020755275622518, 0.0002590475019748073, -0.0008991180883977101, 0.005275613557385039, 0.0020932480701771894, -0.03263901257229507, -0.017636253274124658, -0.003455967360401657, 0.0006616632729647964, 0.02429030948279931, -0.013010142119949997, 0.012505567319554878, 0.004221861703076923, 0.02183147948503006, 0.006595035618725431, 0.009199113562748051, -0.01403431537627875]","[0.0, 0.12030938267707825, 0.07029163837432861, 0.0, 0.07504922151565552, 0.06695892661809921, 0.12187586724758148, 0.0, 0.0, 0.12187586724758148, 0.0, 0.0, 0.12187586724758148, 0.0, 0.0, 0.0, 0.0, 0.0, 0.0, 0.0, 0.0, 0.0, 0.05801146477460861, 0.0, 0.0, 0.0, 0.0, 0.12187586724758148, 0.12187586724758148, 0.0]","[2.2558032020274628e-22, 1.0, 0.0, 0.0, 0.0, 0.0, 3.3602911966869718e-22, 0.0, 0.0, 0.0, 0.0, 0.0, 0.0, 0.0, 2.2483466744030147e-22, 4.748022388580585e-22, 3.360673866825859e-22, 0.0, 0.0, 2.25493644394282e-22, 3.364120670552149e-22, 0.0, 2.25048602037314e-22, 0.0, 0.0, 0.0, 2.2497166594315685e-22, 0.0, 0.0, 0.0]","[0.0, 0.9022927961501426, 0.0020056557963712626, 0.0, 0.007710669624919233, 0.002419530801726359, 0.0, 0.0, 0.005431395516362888, 0.020907620434751, 0.004824801258231146, 0.0, 0.0, 0.0, 0.0, 0.0, 0.0044961324463818056, 0.007021367399835515, 0.002949022259099988, 0.011482922366597596, 0.003897934122531899, 0.0009072823392860282, 0.0, 0.0, 0.0, 0.0034928936014997983, 0.0, 0.017806664927771106, 0.0, 0.002353310954491918]","[0.0, 0.12030938267707825, 0.07029163837432861, 0.0, 0.07504922151565552, 0.06695892661809921, 0.12187586724758148, 0.0, 0.0, 0.12187586724758148, 0.0, 0.0, 0.12187586724758148, 0.0, 0.0, 0.0, 0.0, 0.0, 0.0, 0.0, 0.0, 0.0, 0.05801146477460861, 0.0, 0.0, 0.0, 0.0, 0.12187586724758148, 0.12187586724758148, 0.0]",0.0005871349892796864
95,0.9412571256093911,"[0.9930027174486561, 1.0001581162095152, 1.0024515722073466, 0.9816450222342004, 1.0084986215620741, 0.9769344464900526, 0.9958724902396356, 1.0107496087694723, 0.995454717463206, 0.9967474374841128, 0.9894909996350015, 1.0052547457577095, 0.994342801416656, 0.9889792447243775, 1.0002590475019748, 0.9991008819116023, 1.005275613557385, 1.0020932480701772, 0.9673609874277049, 0.9823637467258753, 0.9965440326395983, 1.0006616632729648, 1.0242903094827993, 0.98698985788005, 1.0125055673195549, 1.004221861703077, 1.02183147948503, 1.0065950356187254, 1.009199113562748, 0.9859656846237213]","[0.9936739520611306, 0.9970913809515991, 1.0047148208651235, 0.9934688520265269, 1.0193126773050556, 1.0054551637940254, 0.9872673582775258, 1.0021015992370428, 1.010109173866413, 0.9714235231431217, 0.9969713463443223, 0.9794425469921496, 1.0019714727167826, 1.0089792523413539, 1.00221922973301, 1.0041325036580224, 0.9997499879311228, 0.9930876691401763, 1.0017592663007022, 1.0174661038752808, 0.9890212556913419, 1.036162299220137, 1.0298879736068798, 0.9983377274529269, 1.0180839138062199, 1.0025998779392513, 0.9952899810511304, 1.0146511035220043, 0.9888888951907977, 1.0129619918473305]","[-0.0063260479388693724, -0.0029086190484008956, 0.004714820865123537, -0.006531147973473095, 0.019312677305055592, 0.005455163794025442, -0.012732641722474236, 0.002101599237042784, 0.010109173866412968, -0.028576476856878252, -0.0030286536556777266, -0.02055745300785039, 0.001971472716782552, 0.008979252341353883, 0.0022192297330099198, 0.004132503658022424, -0.0002500120688772034, -0.006912330859823679, 0.0017592663007022225, 0.017466103875280803, -0.010978744308658084, 0.03616229922013692, 0.02988797360687978, -0.0016622725470730737, 0.018083913806219876, 0.002599877939251316, -0.0047100189488695765, 0.014651103522004272, -0.011111104809202299, 0.01296199184733049]","[0.0, 0.09858537465333939, 0.0, 0.10305527597665787, 0.10305527597665787, 0.09159565716981888, 0.10305527597665787, 0.10305527597665787, 0.0, 0.0, 0.0, 0.0, 0.0, 0.10305527597665787, 0.0, 0.0, 0.10305527597665787, 0.0, 0.0, 0.0, 0.0, 0.0, 0.10046076774597168, 0.0, 0.09102650731801987, 0.0, 0.0, 0.0, 0.0, 0.0]","[0.0, 1.0, 2.930450087611827e-24, 2.2305119193951643e-24, 1.1408278359014144e-22, 0.0, 1.1410946939254741e-22, -5.1656814166762826e-23, 0.0, 0.0, 0.0, 0.0, 0.0, 0.0, 1.6936256555256845e-22, 0.0, 0.0, 0.0, 0.0, 0.0, 0.0, 0.0, 0.0, 2.9863669582974388e-24, -1.0720179565639649e-22, 0.0, 2.9920601181466123e-24, 0.0, 0.0, 0.0]","[0.0, 0.9111556188181172, 0.004393550286146326, 0.0065720188830946545, 0.0072866038715472415, 0.0011053457953271492, 0.0, 0.0, 0.0, 0.0005049127007397518, 0.0, 0.0056011414789030505, 0.020355750681816692, 0.001966502172671233, 0.005414038253990732, 0.0077411703041807955, 0.0, 0.004541780537557251, 0.0, 0.0, 0.0, 0.00335437150591836, 0.0013895543424006878, 0.0, 0.00288741605846256, 0.0021503188830841132, 0.0, 0.0013251065819931602, 0.0, 0.012254798844049187]","[0.0, 0.09858538210391998, 0.0, 0.10305528342723846, 0.10305528342723846, 0.09159566462039948, 0.10305528342723846, 0.10305528342723846, 0.0, 0.0, 0.0, 0.0, 0.0, 0.10305528342723846, 0.0, 0.0, 0.10305528342723846, 0.0, 0.0, 0.0, 0.0, 0.0, 0.10046077519655228, 0.0, 0.09102651476860046, 0.0, 0.0, 0.0, 0.0, 0.0]",0.005595234569322636
96,0.9384021138757935,"[0.9936739520611306, 0.9970913809515991, 1.0047148208651235, 0.9934688520265269, 1.0193126773050556, 1.0054551637940254, 0.9872673582775258, 1.0021015992370428, 1.010109173866413, 0.9714235231431217, 0.9969713463443223, 0.9794425469921496, 1.0019714727167826, 1.0089792523413539, 1.00221922973301, 1.0041325036580224, 0.9997499879311228, 0.9930876691401763, 1.0017592663007022, 1.0174661038752808, 0.9890212556913419, 1.036162299220137, 1.0298879736068798, 0.9983377274529269, 1.0180839138062199, 1.0025998779392513, 0.9952899810511304, 1.0146511035220043, 0.9888888951907977, 1.0129619918473305]","[0.9936749221375784, 0.9894636832694539, 1.004714274431454, 0.9939255328833868, 1.0133707734968462, 0.9917188386605222, 1.0045902709575274, 1.0019663058219719, 0.9905866377386934, 0.9797747743297871, 1.0050428130519728, 1.0043750343271032, 1.0131329575033423, 1.0085496570333345, 0.9911826933788817, 1.0213095235732808, 0.9907348272794737, 0.9963701771401526, 0.9906812134267612, 1.0167432032714419, 1.0006422086174782, 0.9902100543293586, 1.0077464070119921, 0.9878282422132669, 1.0107190435162536, 0.9999174680892725, 1.018143730468059, 1.0075943887008447, 1.0148563469610041, 1.0053123761792035]","[-0.006325077862421646, -0.010536316730546114, 0.004714274431453891, -0.006074467116613191, 0.013370773496846233, -0.00828116133947776, 0.004590270957527398, 0.001966305821971881, -0.009413362261306624, -0.0202252256702129, 0.00504281305197285, 0.004375034327103178, 0.013132957503342313, 0.008549657033334546, -0.008817306621118348, 0.021309523573280753, -0.009265172720526293, -0.0036298228598473647, -0.009318786573238813, 0.016743203271441853, 0.0006422086174782127, -0.009789945670641398, 0.00774640701199214, -0.012171757786733073, 0.010719043516253635, -8.253191072749022e-05, 0.01814373046805895, 0.007594388700844723, 0.01485634696100413, 0.005312376179203548]","[0.07953600585460663, 0.0, 0.10536270588636398, 0.0, 0.0, 0.10536270588636398, 0.10536270588636398, 0.0, 0.10536270588636398, 0.0775623768568039, 0.0, 0.0, 0.0, 0.0, 0.0, 0.10536270588636398, 0.0, 0.0, 0.0, 0.0, 0.0, 0.10536270588636398, 0.0, 0.10536270588636398, 0.0, 0.10536270588636398, 0.0, 0.0, 0.0, 0.0]","[1.1520685612124225e-22, 1.0, 0.0, 0.0, 0.0, 0.0, 0.0, 0.0, 0.0, 0.0, 0.0, 0.0, 0.0, 0.0, 1.420501582215251e-22, 2.254764423516343e-22, 3.3652676874971084e-22, 0.0, 3.3708417028487975e-22, 1.150438974909765e-22, 0.0, 0.0, 0.0, 0.0, 1.1548661109357445e-22, 0.0, 2.25493903633697e-22, 0.0, 3.365414082146858e-22, 0.0]","[0.0, 0.9160332698139526, 0.006550905898871773, 0.004793380606032783, 0.0, 0.0, 0.0, 0.012234371294406849, 0.0, 0.002975271451881711, 0.0, 0.0027255307897641468, 0.0, 0.0, 0.0, 0.0, 0.007119174401737093, 0.0, 0.007101858822010689, 0.002894559597066761, 0.00908345123020633, 0.010585025317643403, 0.0, 0.0, 0.004225168900178606, 0.0, 0.0, 0.013678031876247223, 0.0, 0.0]","[0.07953600585460663, 0.0, 0.10536270588636398, 0.0, 0.0, 0.10536270588636398, 0.10536270588636398, 0.0, 0.10536270588636398, 0.0775623768568039, 0.0, 0.0, 0.0, 0.0, 0.0, 0.10536270588636398, 0.0, 0.0, 0.0, 0.0, 0.0, 0.10536270588636398, 0.0, 0.10536270588636398, 0.0, 0.10536270588636398, 0.0, 0.0, 0.0, 0.0]",-0.0034573026364828553
97,0.9391187763714985,"[0.9936749221375784, 0.9894636832694539, 1.004714274431454, 0.9939255328833868, 1.0133707734968462, 0.9917188386605222, 1.0045902709575274, 1.0019663058219719, 0.9905866377386934, 0.9797747743297871, 1.0050428130519728, 1.0043750343271032, 1.0131329575033423, 1.0085496570333345, 0.9911826933788817, 1.0213095235732808, 0.9907348272794737, 0.9963701771401526, 0.9906812134267612, 1.0167432032714419, 1.0006422086174782, 0.9902100543293586, 1.0077464070119921, 0.9878282422132669, 1.0107190435162536, 0.9999174680892725, 1.018143730468059, 1.0075943887008447, 1.0148563469610041, 1.0053123761792035]","[0.997705750958455, 1.0043006671585062, 0.9874918684643482, 0.9704527404612266, 1.007763144898953, 0.9939966078897463, 1.0026054353726002, 1.0011744002516378, 1.0052925482588608, 0.9871505976324176, 0.9971634102781846, 1.0032974887048556, 0.9962248763021089, 1.0049385977507515, 1.0025278473649029, 1.017235459482419, 0.9948806915290489, 1.0126315003263389, 1.011425489555387, 1.0073980857811504, 0.9844708000820893, 0.9946971184510418, 1.0091627576939681, 0.984581306220274, 1.0104579083836063, 0.995019278195528, 0.9940551896377819, 1.009216864715297, 1.0131753748983747, 0.9950279582824851]","[-0.00229424904154496, 0.004300667158506188, -0.012508131535651779, -0.02954725953877335, 0.007763144898953023, -0.006003392110253691, 0.0026054353726001622, 0.0011744002516378416, 0.00529254825886083, -0.012849402367582363, -0.0028365897218154412, 0.003297488704855578, -0.003775123697891125, 0.00493859775075145, 0.0025278473649028577, 0.01723545948241889, -0.0051193084709511005, 0.012631500326338863, 0.011425489555386914, 0.007398085781150421, -0.015529199917910685, -0.005302881548958194, 0.009162757693968127, -0.015418693779726045, 0.010457908383606274, -0.004980721804471955, -0.005944810362218056, 0.009216864715297035, 0.013175374898374725, -0.0049720417175148635]","[0.0, 0.0, 0.0, 0.0, 0.08674954622983932, 0.06440574675798416, 0.0, 0.030613835901021957, 0.0, 0.0, 0.0, 0.0, 0.0, 0.0, 0.1319313496351242, 0.0, 0.12785305082798004, 0.0, 0.0, 0.14008723199367523, 0.0, 0.1381848007440567, 0.0, 0.0, 0.0, 0.0, 0.14008723199367523, 0.14008723199367523, 0.0, 0.0]","[0.0, 0.0, 0.0, 0.0, 0.0, 0.0, 0.0, 0.0, 0.0, 7.864149156063913e-22, 8.95571482676775e-22, 0.0, 1.0068066128012452e-21, 7.856067711565795e-22, 0.0, 0.0, 7.856580318682167e-22, 8.95693935151532e-22, 7.8716545148563215e-22, 0.0, 0.0, 0.0, 1.0, 0.0, 8.950879532568666e-22, 0.0, 0.0, 0.0, 7.858681051513355e-22, 0.0]","[0.0, 0.02041880105069017, 0.0, 0.007366167212854093, 0.0, 0.001455996933738456, 0.01528777620115734, 0.0025991187419744507, 0.010573795162164315, 0.015294732502275232, 0.0029933465116336656, 0.007532658643908186, 0.0, 0.0, 0.0, 0.002201705318008066, 0.0, 0.0, 0.013193439178070098, 0.0, 0.005483174258586, 0.0, 0.8777475539682676, 0.008590136154363529, 0.0, 0.005684696536390319, 0.0, 0.0, 0.0034946423090231587, 8.225931689562527e-05]","[0.0, 0.0, 0.0, 0.0, 0.08674954622983932, 0.06440574675798416, 0.0, 0.030613835901021957, 0.0, 0.0, 0.0, 0.0, 0.0, 0.0, 0.1319313496351242, 0.0, 0.12785305082798004, 0.0, 0.0, 0.14008723199367523, 0.0, 0.1381848007440567, 0.0, 0.0, 0.0, 0.0, 0.14008723199367523, 0.14008723199367523, 0.0, 0.0]",0.0003631443244670172
98,0.9350167392187287,"[0.997705750958455, 1.0043006671585062, 0.9874918684643482, 0.9704527404612266, 1.007763144898953, 0.9939966078897463, 1.0026054353726002, 1.0011744002516378, 1.0052925482588608, 0.9871505976324176, 0.9971634102781846, 1.0032974887048556, 0.9962248763021089, 1.0049385977507515, 1.0025278473649029, 1.017235459482419, 0.9948806915290489, 1.0126315003263389, 1.011425489555387, 1.0073980857811504, 0.9844708000820893, 0.9946971184510418, 1.0091627576939681, 0.984581306220274, 1.0104579083836063, 0.995019278195528, 0.9940551896377819, 1.009216864715297, 1.0131753748983747, 0.9950279582824851]","[0.9892538675231285, 0.9640827712518132, 0.9936561371776846, 0.9763506667708702, 0.9996133437416209, 0.9975180731621767, 0.9914422191920675, 1.0067908993685584, 0.9771821181174185, 0.9841287377524339, 0.9706755288685615, 0.9894901250325624, 0.9951223146699434, 1.0109114149826592, 1.0143262786370992, 0.9868084090044213, 0.9851738536162598, 1.0030081472207613, 1.0147974724873943, 1.0082989399722038, 1.0150404571855745, 1.0059753622840213, 0.9950780814761064, 1.020289991178507, 1.0002156304974112, 0.980250453187776, 1.0151790722854392, 1.000832615486369, 1.0190448272357675, 0.9920202979852675]","[-0.010746132476871506, -0.035917228748186814, -0.00634386282231536, -0.023649333229129765, -0.00038665625837908113, -0.002481926837823334, -0.008557780807932458, 0.006790899368558367, -0.022817881882581492, -0.015871262247566076, -0.029324471131438545, -0.010509874967437605, -0.004877685330056614, 0.01091141498265924, 0.014326278637099232, -0.01319159099557865, -0.014826146383740246, 0.003008147220761259, 0.01479747248739427, 0.008298939972203767, 0.015040457185574452, 0.0059753622840212905, -0.004921918523893565, 0.02028999117850705, 0.00021563049741124551, -0.01974954681222396, 0.015179072285439243, 0.0008326154863689261, 0.019044827235767503, -0.007979702014732526]","[0.10500066727399826, 0.0, 0.0, 0.0, 0.0, 0.10500066727399826, 0.0, 0.0, 0.0, 0.0, 0.10500066727399826, 0.10500066727399826, 0.0, 0.0, 0.10500066727399826, 0.0, 0.06542014330625534, 0.10500066727399826, 0.0, 0.0, 0.0, 0.10500066727399826, 0.0, 0.0, 0.0, 0.09457450360059738, 0.10500066727399826, 0.0, 0.0, 0.0]","[1.1569234701913962e-22, 0.0, 0.0, 0.0, 0.0, 0.0, 0.0, 6.061185778210815e-23, -1.0586172653215853e-22, 0.0, 0.0, 0.0, 0.0, 0.0, 0.0, 1.0, -1.0495043095701778e-22, 0.0, -1.0621159597019228e-22, 0.0, 0.0, -1.0596293354060147e-22, 0.0, 0.0, 0.0, -1.0604932194485126e-22, 0.0, -1.0511861484476383e-22, 0.0, -1.0552959088448937e-22]","[0.0, 0.0, 0.0, 0.0025223962739027526, 0.0, 0.0, 0.0, 0.00167134452492666, 0.0, 0.011606466255868237, 0.010023957138997229, 0.016803557789347112, 0.0, 0.0, 0.0041845028468448535, 0.8918894421682506, 0.0, 0.008673441741904429, 0.0, 0.0, 0.007804808822093757, 0.0, 0.008476425520961697, 0.008595253461936429, 0.012787149504383455, 0.006228522472501258, 0.0004583049050021466, 0.004477585565055434, 0.0, 0.003796841008023951]","[0.10500066727399826, 0.0, 0.0, 0.0, 0.0, 0.10500066727399826, 0.0, 0.0, 0.0, 0.0, 0.10500066727399826, 0.10500066727399826, 0.0, 0.0, 0.10500066727399826, 0.0, 0.06542014330625534, 0.10500066727399826, 0.0, 0.0, 0.0, 0.10500066727399826, 0.0, 0.0, 0.0, 0.09457450360059738, 0.10500066727399826, 0.0, 0.0, 0.0]",-0.004747282034999844
99,0.9319865460442044,"[0.9892538675231285, 0.9640827712518132, 0.9936561371776846, 0.9763506667708702, 0.9996133437416209, 0.9975180731621767, 0.9914422191920675, 1.0067908993685584, 0.9771821181174185, 0.9841287377524339, 0.9706755288685615, 0.9894901250325624, 0.9951223146699434, 1.0109114149826592, 1.0143262786370992, 0.9868084090044213, 0.9851738536162598, 1.0030081472207613, 1.0147974724873943, 1.0082989399722038, 1.0150404571855745, 1.0059753622840213, 0.9950780814761064, 1.020289991178507, 1.0002156304974112, 0.980250453187776, 1.0151790722854392, 1.000832615486369, 1.0190448272357675, 0.9920202979852675]","[0.991348074047507, 0.9906134702635433, 0.9918985647028894, 1.0126908081350958, 1.0005582813552256, 0.9990056998362011, 0.9962137342806607, 1.0012876594006228, 0.9929211183012977, 1.0031395933017029, 1.0103772984321393, 1.011523563249392, 1.004242522599063, 1.0082311635802308, 0.9916228867014343, 0.9993566865541135, 0.995728096933524, 0.9978880240033288, 0.9926977580358276, 0.979648759020406, 0.9996137956456367, 1.0249940947196097, 0.9961829532771465, 1.0058599688202523, 0.9836632338062336, 0.9964589025237619, 0.9942055854606209, 0.97806702914424, 0.9922608395832966, 1.0049004180550387]","[-0.008651925952492978, -0.009386529736456706, -0.008101435297110604, 0.012690808135095821, 0.0005582813552256205, -0.0009943001637988669, -0.0037862657193392657, 0.0012876594006228093, -0.0070788816987022996, 0.003139593301702881, 0.010377298432139304, 0.011523563249391966, 0.004242522599062992, 0.008231163580230794, -0.00837711329856572, -0.0006433134458865286, -0.004271903066475957, -0.0021119759966712337, -0.007302241964172396, -0.020351240979593954, -0.00038620435436331757, 0.024994094719609672, -0.0038170467228535454, 0.005859968820252304, -0.01633676619376645, -0.0035410974762380976, -0.005794414539379122, -0.02193297085575996, -0.007739160416703417, 0.004900418055038713]","[0.0, 0.0, 0.09999999403953552, 0.0, 0.0, 0.09999999403953552, 0.0, 0.09999999403953552, 0.0, 0.09999999403953552, 0.0, 0.09999999403953552, 0.0, 0.0, 0.0, 0.0, 0.0, 0.0, 0.0, 0.09999999403953552, 0.0, 0.0, 0.0, 0.09999999403953552, 0.0, 0.0, 0.0, 0.09999999403953552, 0.09999999403953552, 0.09999999403953552]","[0.0, 0.0, 0.0, 5.630504898044223e-22, 3.393886507269659e-22, 0.0, 0.0, 2.8556861846346865e-22, 0.0, 0.0, 0.0, 0.0, 0.0, 0.0, 3.4145624317872515e-22, 0.0, 0.0, 2.2936897075643405e-22, 0.0, 0.0, 2.3024112113677225e-22, 0.0, 1.0, 0.0, 0.0, 3.410752294012197e-22, 2.2930383909674396e-22, 2.2980549373610043e-22, 0.0, 0.0]","[0.015084047656556802, 0.0019619752694010205, 0.00041882977552859, 0.0, 0.0, 0.01197125374772213, 0.0, 0.0, 0.026735768689465204, 0.0, 0.006073236745557399, 0.0048114571703288846, 0.018847513424738473, 0.009110289171791677, 0.0, 0.0123297233328174, 0.0, 0.0, 0.0, 0.0099450794552157, 0.0, 0.0, 0.854226836985011, 0.0015345227895000606, 0.0, 0.012830043974565842, 0.010363690246128722, 0.0, 0.0037557315656710872, 0.0]","[0.0, 0.0, 0.09999999403953552, 0.0, 0.0, 0.09999999403953552, 0.0, 0.09999999403953552, 0.0, 0.09999999403953552, 0.0, 0.09999999403953552, 0.0, 0.0, 0.0, 0.0, 0.0, 0.0, 0.0, 0.09999999403953552, 0.0, 0.0, 0.0, 0.09999999403953552, 0.0, 0.0, 0.0, 0.09999999403953552, 0.09999999403953552, 0.09999999403953552]",-0.003656184353782249
