step,portfolio_value,prev_prices,curr_prices,returns,action,expert_action,sub_expert_action,real_action,reward
1,1.002430809593079,"[1.0205120772141607, 0.9963987805311555, 0.9918729201421231, 1.0002587826092924, 0.9924627033290062, 0.9947269412146248, 1.0054972223464023, 1.0128281740245186, 1.0100685896660868, 1.0012990893720974, 0.9958960329730349, 1.011537582230142, 0.987698867802646, 1.0071499497040621, 1.000343387735923, 0.9925565839782958, 1.0071689029131679, 0.9854308341324056, 0.9898502468845048, 1.0002988361623633, 0.9883491910571155, 1.0099305008527122, 0.9858899129617182, 1.007931363360254, 0.9999971583206378, 1.003034336323175, 1.0055543326540444, 1.006822346823592, 0.993687863420122, 1.0099810729055687]","[0.9965214055373487, 1.016332546507786, 0.9913744564066264, 0.9929110998311815, 1.0038802739149386, 0.9911515232010437, 1.0043437462060063, 0.9993156991298445, 0.9851383446221107, 1.00546011998786, 1.0052697429444433, 1.0049836456219352, 0.9879739188697628, 1.0106597297436632, 1.0145191802910167, 1.0176709950907303, 0.986216696342222, 1.0279553216574653, 1.0153307224022823, 0.9857437047913938, 0.9819090803542962, 0.9999626283122818, 0.9953056313855319, 1.0046235830787007, 0.9844550154530509, 1.0009782973060541, 0.9941130039648799, 1.0108637156645939, 0.9891779080688256, 1.0137100510790584]","[-0.0034785944626513077, 0.016332546507785928, -0.008625543593373641, -0.007088900168818468, 0.0038802739149386145, -0.008848476798956284, 0.004343746206006305, -0.0006843008701554743, -0.014861655377889305, 0.0054601199878598905, 0.0052697429444432675, 0.0049836456219352065, -0.012026081130237176, 0.010659729743663249, 0.014519180291016731, 0.017670995090730335, -0.013783303657778023, 0.027955321657465282, 0.015330722402282282, -0.014256295208606162, -0.01809091964570375, -3.737168771822397e-05, -0.004694368614468147, 0.004623583078700699, -0.015544984546949081, 0.0009782973060541433, -0.005886996035120107, 0.010863715664593876, -0.010822091931174449, 0.013710051079058427]","[0.0, 0.09635167568922043, 0.1004185825586319, 0.0, 0.0, 0.1004185825586319, 0.0, 0.0, 0.0, 0.0, 0.1004185825586319, 0.1004185825586319, 0.1004185825586319, 0.0, 0.0, 0.0, 0.0, 0.1004185825586319, 0.1004185825586319, 0.0, 0.0, 0.0, 0.1004185825586319, 0.0, 0.0, 0.0, 0.0, 0.0, 0.10029967874288559, 0.0]","[0.0, 0.1, 0.1, 0.1, 0.1, 0.1, 0.1, 0.1, 0.1, 0.0, 0.0, 0.0, 0.0, 0.0, 0.0, 0.0, 0.0, 0.0, 0.0, 0.0, 0.0, 0.0, 0.0, 0.0, 0.0, 0.0, 0.0, 0.0, 0.1, 0.1]","[0.0015689454818779338, 0.09959231399626464, 0.06816289359255734, 0.09014131574229967, 0.10363239641214711, 0.09160013802915178, 0.09463716318382583, 0.10894834188529187, 0.09988612032829984, 0.003008375535879341, 0.001152050515298493, 0.010546751291649127, 0.0, 0.0, 0.0, 0.0, 0.0, 0.008399603303779592, 0.0, 0.007814124497531147, 0.0008724007678839506, 0.0, 0.0, 0.008384145858604397, 0.0, 0.0, 0.0, 0.0, 0.09472847661227773, 0.10692444296538026]","[0.0, 0.09635167568922043, 0.1004185825586319, 0.0, 0.0, 0.1004185825586319, 0.0, 0.0, 0.0, 0.0, 0.1004185825586319, 0.1004185825586319, 0.1004185825586319, 0.0, 0.0, 0.0, 0.0, 0.1004185825586319, 0.1004185825586319, 0.0, 0.0, 0.0, 0.1004185825586319, 0.0, 0.0, 0.0, 0.0, 0.0, 0.10029967874288559, 0.0]",0.002427874819506599
2,0.9991268386809949,"[0.9965214055373487, 1.016332546507786, 0.9913744564066264, 0.9929110998311815, 1.0038802739149386, 0.9911515232010437, 1.0043437462060063, 0.9993156991298445, 0.9851383446221107, 1.00546011998786, 1.0052697429444433, 1.0049836456219352, 0.9879739188697628, 1.0106597297436632, 1.0145191802910167, 1.0176709950907303, 0.986216696342222, 1.0279553216574653, 1.0153307224022823, 0.9857437047913938, 0.9819090803542962, 0.9999626283122818, 0.9953056313855319, 1.0046235830787007, 0.9844550154530509, 1.0009782973060541, 0.9941130039648799, 1.0108637156645939, 0.9891779080688256, 1.0137100510790584]","[1.008788066974381, 1.0074118481047714, 1.0078865625422266, 0.9764444476748708, 0.9954816564333788, 0.9793456977245489, 1.0066547775478423, 0.981746951812925, 1.0074097166824902, 0.9711419988157465, 0.9915686670312129, 0.9959552791562102, 0.9794452430208938, 1.0020222993415697, 1.0205951259236703, 0.9795146389139711, 1.0146938029212935, 0.9988695710998334, 0.9962153217419827, 0.9847907995576497, 1.0013425081132747, 1.0035736093432441, 0.9975131229951122, 0.9994765341685719, 0.9980012564070367, 1.0179767974254097, 0.9782051155415514, 0.9927664948651277, 0.9953480826884122, 1.0123518953449508]","[0.008788066974380948, 0.007411848104771357, 0.007886562542226638, -0.02355555232512918, -0.004518343566621175, -0.020654302275451064, 0.006654777547842272, -0.01825304818707496, 0.007409716682490242, -0.028858001184253523, -0.008431332968787064, -0.0040447208437898174, -0.020554756979106248, 0.002022299341569722, 0.0205951259236703, -0.02048536108602894, 0.01469380292129352, -0.001130428900166569, -0.0037846782580173155, -0.015209200442350301, 0.001342508113274743, 0.003573609343244133, -0.002486877004887811, -0.0005234658314281493, -0.001998743592963259, 0.017976797425409696, -0.02179488445844857, -0.007233505134872309, -0.004651917311587761, 0.012351895344950847]","[0.11350584030151367, 0.0, 0.0, 0.0, 0.0, 0.0, 0.11350584030151367, 0.11350584030151367, 0.0, 0.08859627693891525, 0.0, 0.0, 0.0, 0.0, 0.06626942753791809, 0.08560269325971603, 0.0, 0.11350584030151367, 0.0, 0.0, 0.0, 0.11350584030151367, 0.0, 0.0, 0.0, 0.0, 0.07849667221307755, 0.0, 0.0, 0.11350584030151367]","[0.0, 0.1, 0.1, 0.1, 0.1, 0.1, 0.1, 0.1, 0.1, 0.0, 0.0, 0.0, 0.0, 0.0, 0.0, 0.0, 0.0, 0.0, 0.0, 0.0, 0.0, 0.0, 0.0, 0.0, 0.0, 0.0, 0.0, 0.0, 0.1, 0.1]","[0.0023903952263326415, 0.07652297438105174, 0.07401498565888322, 0.09656892079642251, 0.09472937502294768, 0.09988159980130175, 0.09692641373433367, 0.07773840052455007, 0.09037201381859976, 0.0, 0.011986710125373282, 0.013601970170081124, 0.0, 0.007845933525791597, 0.002238230218500391, 0.0, 0.001883073572369047, 0.007123184978941288, 0.0, 0.007240126067859472, 0.004203500614766996, 0.0, 0.005756867132837509, 0.0044105881974110025, 0.002883519572013602, 0.020186640990500226, 0.002243434562376534, 0.009363998047538185, 0.10624830736550692, 0.08363883589370986]","[0.11350582540035248, 0.0, 0.0, 0.0, 0.0, 0.0, 0.11350582540035248, 0.11350582540035248, 0.0, 0.08859626948833466, 0.0, 0.0, 0.0, 0.0, 0.0662694200873375, 0.08560268580913544, 0.0, 0.11350582540035248, 0.0, 0.0, 0.0, 0.11350582540035248, 0.0, 0.0, 0.0, 0.0, 0.07849666476249695, 0.0, 0.0, 0.11350582540035248]",-0.003301410176095768
3,0.9976523988782598,"[1.008788066974381, 1.0074118481047714, 1.0078865625422266, 0.9764444476748708, 0.9954816564333788, 0.9793456977245489, 1.0066547775478423, 0.981746951812925, 1.0074097166824902, 0.9711419988157465, 0.9915686670312129, 0.9959552791562102, 0.9794452430208938, 1.0020222993415697, 1.0205951259236703, 0.9795146389139711, 1.0146938029212935, 0.9988695710998334, 0.9962153217419827, 0.9847907995576497, 1.0013425081132747, 1.0035736093432441, 0.9975131229951122, 0.9994765341685719, 0.9980012564070367, 1.0179767974254097, 0.9782051155415514, 0.9927664948651277, 0.9953480826884122, 1.0123518953449508]","[1.0051408165874314, 0.9759167055842746, 0.986383211576944, 0.9845880570750796, 0.9794256612660482, 0.9886139309683336, 0.9791877993772027, 0.97121870883174, 1.0082783500594334, 0.9864147920648401, 1.0040795359859311, 1.0199008132585048, 0.9883084753711054, 1.0068592576521564, 1.026322231830161, 0.9963246786057776, 0.9843666540751401, 1.0116638595836094, 0.9961460452564869, 1.0087561886788359, 1.0197317166605517, 0.9945050986475997, 0.983156956946814, 1.0214876294004918, 0.9945110448215083, 0.9942323656039783, 0.9887291044524851, 0.9859549905689408, 0.9976173904665727, 0.9781364075363024]","[0.005140816587431374, -0.02408329441572543, -0.013616788423056025, -0.01541194292492043, -0.020574338733951758, -0.01138606903166639, -0.020812200622797317, -0.028781291168260004, 0.008278350059433448, -0.013585207935159938, 0.0040795359859311375, 0.01990081325850479, -0.011691524628894556, 0.0068592576521564474, 0.026322231830161025, -0.0036753213942224416, -0.015633345924859876, 0.011663859583609382, -0.0038539547435131327, 0.008756188678835874, 0.019731716660551735, -0.005494901352400272, -0.016843043053185958, 0.02148762940049176, -0.0054889551784916835, -0.005767634396021681, -0.011270895547514925, -0.014045009431059241, -0.0023826095334272823, -0.021863592463697623]","[0.1119941994547844, 0.0, 0.0, 0.0, 0.0, 0.0, 0.1119941994547844, 0.1119941994547844, 0.0, 0.1119941994547844, 0.1119941994547844, 0.1056056097149849, 0.0, 0.0, 0.0, 0.0, 0.04160270839929581, 0.09063473343849182, 0.0901917964220047, 0.0, 0.0, 0.0, 0.0, 0.1119941994547844, 0.0, 0.0, 0.0, 0.0, 0.0, 0.0]","[0.0, 1.0, 0.0, 0.0, 1.110234531549239e-22, 0.0, 0.0, 0.0, 1.1102665931367283e-22, 0.0, 0.0, 0.0, 0.0, 1.1102342827499051e-22, 1.110249660175768e-22, 2.220426457830323e-22, 1.110273070485947e-22, 0.0, 0.0, 0.0, 3.3307096686301684e-22, 0.0, 1.1102456171403692e-22, 0.0, 0.0, 0.0, 0.0, 0.0, 1.1102497581670835e-22, 0.0]","[0.0008868577658151558, 0.9056341384680232, 0.005829150241568866, 0.0, 0.007106613249872186, 0.004848684350400839, 0.0, 0.0035132479602991594, 0.0, 0.020340225066078892, 0.0, 0.0012619618001719435, 0.003876309859808609, 0.0, 0.006559530369695201, 0.0, 0.0, 0.006857368979503057, 0.0, 0.0, 0.0, 0.015521644470473873, 0.0, 0.0, 0.00948579516957934, 0.0, 0.0028301586186483454, 0.0, 0.0, 0.005448313630061535]","[0.1119941994547844, 0.0, 0.0, 0.0, 0.0, 0.0, 0.1119941994547844, 0.1119941994547844, 0.0, 0.1119941994547844, 0.1119941994547844, 0.1056056097149849, 0.0, 0.0, 0.0, 0.0, 0.04160270839929581, 0.09063473343849182, 0.0901917964220047, 0.0, 0.0, 0.0, 0.0, 0.1119941994547844, 0.0, 0.0, 0.0, 0.0, 0.0, 0.0]",-0.001997482220210613
4,0.9961739398179154,"[1.0051408165874314, 0.9759167055842746, 0.986383211576944, 0.9845880570750796, 0.9794256612660482, 0.9886139309683336, 0.9791877993772027, 0.97121870883174, 1.0082783500594334, 0.9864147920648401, 1.0040795359859311, 1.0199008132585048, 0.9883084753711054, 1.0068592576521564, 1.026322231830161, 0.9963246786057776, 0.9843666540751401, 1.0116638595836094, 0.9961460452564869, 1.0087561886788359, 1.0197317166605517, 0.9945050986475997, 0.983156956946814, 1.0214876294004918, 0.9945110448215083, 0.9942323656039783, 0.9887291044524851, 0.9859549905689408, 0.9976173904665727, 0.9781364075363024]","[1.0266977556712997, 0.9742684344168717, 0.9856699822472891, 1.00440345510601, 0.9980043075399404, 1.0068987488703625, 0.9971894882312414, 0.9859941897759034, 0.9993783611072368, 1.0194034434825123, 0.981916583383481, 1.003489749964349, 0.9868799569736619, 1.019393828654294, 1.0024955983074555, 0.9990914359391743, 0.9989845242801301, 1.0017203136376465, 1.0026171570200808, 0.9942978814060526, 1.0216438958866436, 0.9970350422696621, 1.0079295356949307, 0.9989547771735913, 1.0097490838158307, 0.9744915563075642, 0.9877193570859037, 0.9838511588841199, 1.0129594943568732, 0.9917218014144916]","[0.026697755671299728, -0.02573156558312828, -0.014330017752710922, 0.004403455106009924, -0.001995692460059595, 0.006898748870362459, -0.0028105117687585723, -0.014005810224096638, -0.0006216388927632321, 0.019403443482512328, -0.01808341661651902, 0.0034897499643489205, -0.013120043026338069, 0.019393828654294065, 0.0024955983074554933, -0.0009085640608257339, -0.0010154757198699293, 0.0017203136376464645, 0.002617157020080807, -0.005702118593947425, 0.021643895886643616, -0.0029649577303378916, 0.007929535694930712, -0.0010452228264087315, 0.009749083815830728, -0.025508443692435767, -0.012280642914096251, -0.016148841115880108, 0.012959494356873158, -0.008278198585508378]","[0.0, 0.0, 0.0, 0.0, 0.0, 0.0, 0.03668862208724022, 0.0, 0.0, 0.0, 0.12087961286306381, 0.0, 0.0, 0.0, 0.0, 0.12087961286306381, 0.0, 0.1159835085272789, 0.0, 0.12087961286306381, 0.0485818013548851, 0.07346837222576141, 0.12087961286306381, 0.0, 0.0, 0.0, 0.0, 0.12087961286306381, 0.12087961286306381, 0.0]","[0.0, 0.0, 0.0, 0.0, 0.0, 0.0, -8.326465554090005e-23, 1.0, -1.1100863681254285e-22, -5.550892754797731e-23, 6.954363547347201e-27, 0.0, 0.0, 6.534082492651152e-27, 0.0, 0.0, 0.0, -2.775255351495104e-23, 0.0, 0.0, 0.0, 0.0, -5.550614128509709e-23, 0.0, 0.0, 0.0, 0.0, -4.163192146548375e-23, 0.0, -8.32671348197916e-23]","[0.0, 0.015759631007133502, 0.011148196486881734, 0.0, 0.003619554987706164, 0.001818818671122231, 0.0, 0.884768392081283, 0.007475261610927148, 0.004891387841667921, 0.0, 0.015794120458565805, 0.010587191984575268, 0.005942172243423935, 0.0, 0.0, 0.0, 0.0, 0.0, 0.007638503876336266, 0.0017520918382955162, 0.0, 0.010770823338215585, 0.0, 0.0, 0.005775072532093905, 0.0, 0.00882115980025399, 0.0034376212415178913, 0.0]","[0.0, 0.0, 0.0, 0.0, 0.0, 0.0, 0.03668862581253052, 0.0, 0.0, 0.0, 0.120879627764225, 0.0, 0.0, 0.0, 0.0, 0.120879627764225, 0.0, 0.1159835234284401, 0.0, 0.120879627764225, 0.0485818088054657, 0.07346837967634201, 0.120879627764225, 0.0, 0.0, 0.0, 0.0, 0.120879627764225, 0.120879627764225, 0.0]",-0.0018771219270909698
5,0.993794854902545,"[1.0266977556712997, 0.9742684344168717, 0.9856699822472891, 1.00440345510601, 0.9980043075399404, 1.0068987488703625, 0.9971894882312414, 0.9859941897759034, 0.9993783611072368, 1.0194034434825123, 0.981916583383481, 1.003489749964349, 0.9868799569736619, 1.019393828654294, 1.0024955983074555, 0.9990914359391743, 0.9989845242801301, 1.0017203136376465, 1.0026171570200808, 0.9942978814060526, 1.0216438958866436, 0.9970350422696621, 1.0079295356949307, 0.9989547771735913, 1.0097490838158307, 0.9744915563075642, 0.9877193570859037, 0.9838511588841199, 1.0129594943568732, 0.9917218014144916]","[0.9937405610359409, 1.0160482098874952, 1.0172192294090912, 1.0258052154285429, 0.9919629798678298, 1.0031823348153694, 1.002854273727192, 1.0180516056984392, 0.983759217188506, 1.0079465053041157, 1.0062328027390273, 1.0111627041275018, 0.993233497744942, 1.0061490407863878, 0.9910044260630696, 1.0111174825336713, 1.0019083095455334, 1.0119886476936757, 1.006340293594475, 0.9948446336866146, 1.0082815113655168, 0.9925096267177882, 0.9922263114804809, 0.9990114366019521, 0.9921622829762217, 1.004103354931518, 1.0255342126289035, 0.9685566708850565, 0.973687404450835, 0.9755067290707691]","[-0.006259438964059116, 0.016048209887495224, 0.017219229409091152, 0.02580521542854286, -0.008037020132170225, 0.0031823348153694475, 0.002854273727191936, 0.01805160569843922, -0.016240782811493992, 0.00794650530411567, 0.0062328027390272656, 0.011162704127501755, -0.006766502255058038, 0.006149040786387783, -0.008995573936930401, 0.011117482533671286, 0.0019083095455334487, 0.011988647693675691, 0.006340293594474966, -0.005155366313385423, 0.008281511365516803, -0.007490373282211804, -0.007773688519519095, -0.0009885633980478703, -0.007837717023778334, 0.004103354931517922, 0.02553421262890354, -0.03144332911494352, -0.026312595549164985, -0.024493270929230926]","[0.0, 0.0, 0.0, 0.0, 0.03286982327699661, 0.0801243782043457, 0.09259497374296188, 0.0, 0.0, 0.16957779228687286, 0.0, 0.0, 0.11712269484996796, 0.0, 0.0, 0.0, 0.0, 0.04308440536260605, 0.11212218552827835, 0.0, 0.0, 0.0, 0.0, 0.16957779228687286, 0.013348111882805824, 0.0, 0.0, 0.0, 0.0, 0.16957779228687286]","[1.11101281540128e-22, 1.0, 0.0, -1.1095175876106657e-22, 0.0, -1.1094745720115801e-22, 0.0, 0.0, 6.860880756739393e-26, 0.0, 0.0, -1.1095258382329177e-22, 0.0, 0.0, 0.0, -1.1097160343227997e-22, 0.0, 0.0, 0.0, -1.1094411035399703e-22, 0.0, 0.0, 0.0, -1.1095725149786052e-22, 0.0, 0.0, 0.0, 0.0, -1.109449931324908e-22, 0.0]","[0.006693886133982366, 0.9186523884356066, 0.0, 0.0019448358622911582, 0.0, 0.008200183585191983, 0.009196080256262151, 0.0036029824160238163, 0.007528454573678174, 0.0, 0.0, 0.0, 0.00652054084000913, 0.0037158243014543753, 0.0, 8.347738123697476e-05, 0.0, 0.0, 0.010481170432515128, 0.003263412972108584, 0.0, 0.00442001389438642, 0.0, 0.004795422398948487, 0.0, 0.0012995642491317896, 0.0, 0.0010753548028187348, 0.0, 0.008526407464354081]","[0.0, 0.0, 0.0, 0.0, 0.03286982700228691, 0.0801243856549263, 0.09259498119354248, 0.0, 0.0, 0.16957780718803406, 0.0, 0.0, 0.11712270230054855, 0.0, 0.0, 0.0, 0.0, 0.04308440908789635, 0.11212219297885895, 0.0, 0.0, 0.0, 0.0, 0.16957780718803406, 0.013348112814128399, 0.0, 0.0, 0.0, 0.0, 0.16957780718803406]",-0.0029212836312389884
6,0.9966035953983079,"[0.9937405610359409, 1.0160482098874952, 1.0172192294090912, 1.0258052154285429, 0.9919629798678298, 1.0031823348153694, 1.002854273727192, 1.0180516056984392, 0.983759217188506, 1.0079465053041157, 1.0062328027390273, 1.0111627041275018, 0.993233497744942, 1.0061490407863878, 0.9910044260630696, 1.0111174825336713, 1.0019083095455334, 1.0119886476936757, 1.006340293594475, 0.9948446336866146, 1.0082815113655168, 0.9925096267177882, 0.9922263114804809, 0.9990114366019521, 0.9921622829762217, 1.004103354931518, 1.0255342126289035, 0.9685566708850565, 0.973687404450835, 0.9755067290707691]","[1.0133578500617086, 1.008635133659524, 0.9901236472184528, 0.9969535292712656, 1.0129577874159554, 1.0347542188268453, 1.0132502738568514, 1.0085232479815698, 1.0082065027368419, 1.010912511335946, 1.019440206247396, 1.0149853729495957, 0.9981383794296902, 1.0037307687737853, 1.010536847102237, 0.9724055065731044, 1.0248255098300179, 1.0030167263030623, 1.0052561804702032, 0.9980233032075263, 1.0068553562585427, 1.018747862899537, 0.979300534143812, 1.0080231639673414, 1.0039176717067035, 1.0054334733151353, 0.9786617168461929, 0.9834679764594032, 1.018467215709647, 1.0033489653863668]","[0.013357850061708643, 0.008635133659524064, -0.009876352781547193, -0.0030464707287344295, 0.012957787415955435, 0.03475421882684526, 0.013250273856851402, 0.008523247981569781, 0.00820650273684187, 0.010912511335946062, 0.019440206247395952, 0.014985372949595677, -0.0018616205703098077, 0.003730768773785309, 0.010536847102236901, -0.027594493426895572, 0.024825509830017856, 0.003016726303062267, 0.005256180470203153, -0.001976696792473698, 0.006855356258542722, 0.018747862899537004, -0.020699465856187982, 0.008023163967341373, 0.0039176717067035405, 0.005433473315135329, -0.021338283153807147, -0.016532023540596796, 0.018467215709647045, 0.0033489653863667534]","[0.0, 0.0, 0.10908948630094528, 0.0, 0.0, 0.10908948630094528, 0.041271794587373734, 0.10908948630094528, 0.10908948630094528, 0.0, 0.0, 0.10908948630094528, 0.0, 0.10908948630094528, 0.0, 0.0, 0.0, 0.0, 0.0, 0.08601225167512894, 0.0, 0.0, 0.0, 0.0, 0.0, 0.0, 0.10908948630094528, 0.10908948630094528, 0.0, 0.0]","[0.0, 0.0, 1.3523841674147793e-24, 0.0, 0.0, 1.1253805389950054e-22, 1.2463250265367297e-24, 1.9160485833252873e-24, 0.0, 1.128542276246799e-22, 0.0, 0.0, 1.1194199773932302e-24, 0.0, 1.0, 1.1243298318901078e-22, 0.0, 0.0, 1.1594262970739998e-24, 0.0, 0.0, 0.0, 0.0, 0.0, 9.996570961593032e-25, 0.0, 0.0, 0.0, 0.0, 0.0]","[0.005209288265054295, 0.0, 0.003392446552700523, 0.009046563079727206, 0.0, 0.0009461676954422227, 0.0, 0.0, 0.0, 0.01144000359917888, 0.0038514872216672026, 0.0, 0.0, 0.0, 0.9265385584519374, 0.0, 0.0, 0.0, 0.0, 0.001271280746862285, 0.0, 0.010085025258327265, 0.004236790626306562, 0.0, 0.0, 0.0, 0.0, 0.011558982909091563, 0.012423405593704591, 0.0]","[0.0, 0.0, 0.10908948630094528, 0.0, 0.0, 0.10908948630094528, 0.041271794587373734, 0.10908948630094528, 0.10908948630094528, 0.0, 0.0, 0.10908948630094528, 0.0, 0.10908948630094528, 0.0, 0.0, 0.0, 0.0, 0.0, 0.08601225167512894, 0.0, 0.0, 0.0, 0.0, 0.0, 0.0, 0.10908948630094528, 0.10908948630094528, 0.0, 0.0]",0.0024736968012295463
7,0.9971629075604278,"[1.0133578500617086, 1.008635133659524, 0.9901236472184528, 0.9969535292712656, 1.0129577874159554, 1.0347542188268453, 1.0132502738568514, 1.0085232479815698, 1.0082065027368419, 1.010912511335946, 1.019440206247396, 1.0149853729495957, 0.9981383794296902, 1.0037307687737853, 1.010536847102237, 0.9724055065731044, 1.0248255098300179, 1.0030167263030623, 1.0052561804702032, 0.9980233032075263, 1.0068553562585427, 1.018747862899537, 0.979300534143812, 1.0080231639673414, 1.0039176717067035, 1.0054334733151353, 0.9786617168461929, 0.9834679764594032, 1.018467215709647, 1.0033489653863668]","[0.9919664838062882, 1.0215519605904966, 1.0206066454214617, 1.0051461806839712, 0.9782328147692879, 1.002542850104464, 1.0049974881297197, 1.007283109919157, 1.0048837071190782, 1.0105870032298683, 0.9891467492534279, 1.0011052467985042, 1.0256610240076924, 0.9842335813878033, 1.0207397642091578, 0.9974285866661992, 0.9839178809059727, 1.0122444423287358, 1.0103820041109335, 0.9842208546392756, 1.0226785181332128, 1.0176973638220457, 1.0083365948038039, 0.9812512670362391, 1.0255952850502967, 1.0037615070090269, 0.9923067633464119, 1.0016368829171507, 0.9807555160079819, 0.9928636960830414]","[-0.008033516193711843, 0.021551960590496577, 0.020606645421461733, 0.005146180683971213, -0.021767185230712083, 0.0025428501044639784, 0.004997488129719674, 0.007283109919157038, 0.004883707119078151, 0.010587003229868275, -0.010853250746572063, 0.0011052467985042114, 0.025661024007692435, -0.015766418612196742, 0.020739764209157796, -0.0025714133338008427, -0.016082119094027347, 0.012244442328735783, 0.010382004110933485, -0.015779145360724445, 0.022678518133212755, 0.017697363822045675, 0.008336594803803887, -0.018748732963760895, 0.025595285050296734, 0.0037615070090268876, -0.00769323665358812, 0.001636882917150695, -0.019244483992018058, -0.007136303916958631]","[0.10589198768138885, 0.09440018236637115, 0.0, 0.0, 0.0, 0.10589198768138885, 0.0, 0.0, 0.0, 0.10589198768138885, 0.0, 0.0, 0.0, 0.10589198768138885, 0.0, 0.10589198768138885, 0.0, 0.0, 0.0, 0.0, 0.05846388265490532, 0.0, 0.0, 0.0, 0.0, 0.0, 0.10589198768138885, 0.10589198768138885, 0.0, 0.10589198768138885]","[0.0, -1.1078391331621923e-22, 0.0, 0.0, 0.0, 3.0420332177342217e-25, 0.0, -2.7517020806148036e-23, 0.0, 1.1117253144476155e-22, 0.0, -1.1077445016237061e-22, 0.0, 0.0, 0.0, 0.0, 0.0, 0.0, 2.2220358035337102e-22, 1.1123885157887214e-22, 0.0, 0.0, 1.0, 1.1125029519267522e-22, 1.3002437156309044e-25, 0.0, 0.0, 0.0, 0.0, 0.0]","[0.020663342831206247, 0.0, 0.0, 0.0, 0.0, 0.002590169045095812, 0.006717930494282629, 0.0, 0.007131593975209373, 0.0, 0.0051746999956558655, 0.0, 0.0, 0.0023962243937124725, 0.01785148913570048, 0.011956564638901511, 0.017859359906519306, 0.0, 0.0, 0.0, 0.00041390356220879576, 0.0, 0.8879900176310465, 0.0, 0.014285613179011818, 0.0, 0.003182900462084162, 0.0017861907493653551, 0.0, 0.0]","[0.10589198768138885, 0.09440018236637115, 0.0, 0.0, 0.0, 0.10589198768138885, 0.0, 0.0, 0.0, 0.10589198768138885, 0.0, 0.0, 0.0, 0.10589198768138885, 0.0, 0.10589198768138885, 0.0, 0.0, 0.0, 0.0, 0.05846388265490532, 0.0, 0.0, 0.0, 0.0, 0.0, 0.10589198768138885, 0.10589198768138885, 0.0, 0.10589198768138885]",7.450931848645862e-05
8,0.9954386519957663,"[0.9919664838062882, 1.0215519605904966, 1.0206066454214617, 1.0051461806839712, 0.9782328147692879, 1.002542850104464, 1.0049974881297197, 1.007283109919157, 1.0048837071190782, 1.0105870032298683, 0.9891467492534279, 1.0011052467985042, 1.0256610240076924, 0.9842335813878033, 1.0207397642091578, 0.9974285866661992, 0.9839178809059727, 1.0122444423287358, 1.0103820041109335, 0.9842208546392756, 1.0226785181332128, 1.0176973638220457, 1.0083365948038039, 0.9812512670362391, 1.0255952850502967, 1.0037615070090269, 0.9923067633464119, 1.0016368829171507, 0.9807555160079819, 0.9928636960830414]","[1.0002429704070386, 0.999421007210802, 0.9912403304899816, 1.002200729122186, 0.9908728573073167, 0.9927314149510222, 0.9992215517120983, 0.9981575896837193, 0.9955414692487689, 0.9900391452742574, 0.9945034582326656, 0.9999030222612382, 0.9788341915203992, 0.9872311937969658, 0.991043241612123, 1.0242949297328159, 0.9986297551095751, 0.9940696916782208, 0.9940500365927322, 0.9954115142150938, 0.9854543323525212, 1.0138962303295234, 1.0047836494198068, 1.0032357410132604, 1.0006861174317716, 0.9855626873678471, 0.9939183088093021, 1.0116477332661544, 0.9935464036668241, 0.988679957701002]","[0.00024297040703857853, -0.0005789927891980406, -0.008759669510018386, 0.0022007291221859404, -0.009127142692683332, -0.00726858504897776, -0.0007784482879017451, -0.0018424103162807404, -0.004458530751231149, -0.009960854725742596, -0.005496541767334384, -9.697773876182758e-05, -0.02116580847960081, -0.012768806203034222, -0.008956758387877017, 0.024294929732815884, -0.001370244890424921, -0.00593030832177921, -0.005949963407267833, -0.004588485784906227, -0.014545667647478777, 0.013896230329523362, 0.004783649419806801, 0.003235741013260407, 0.0006861174317716046, -0.014437312632152866, -0.006081691190697902, 0.011647733266154425, -0.006453596333175882, -0.011320042298997968]","[0.0, 0.0, 0.09010905027389526, 0.0, 0.10536886006593704, 0.10536886006593704, 0.0, 0.0, 0.0, 0.0, 0.0, 0.09524142742156982, 0.10536886006593704, 0.0, 0.08364004641771317, 0.10536886006593704, 0.0, 0.0, 0.0, 0.10536886006593704, 0.0, 0.0, 0.09879624843597412, 0.0, 0.0, 0.0, 0.0, 0.10536886006593704, 0.0, 0.0]","[0.0, 1.0, 0.0, -2.7740846841920576e-22, 0.0, 0.0, 0.0, 0.0, -2.2183203373873006e-22, -3.3288089768729593e-22, 0.0, 0.0, 0.0, -2.2180758488084334e-22, 0.0, -3.3291129293554537e-22, 0.0, -3.329231783515147e-22, 0.0, -2.2181164205410865e-22, 0.0, 0.0, -3.3289838039802553e-22, 0.0, 0.0, 0.0, 0.0, 0.0, -3.327965909945304e-22, 0.0]","[0.003137893065464821, 0.8511408487650087, 0.012383371778414651, 0.0, 0.008087887260402313, 0.0, 0.0, 0.00886999412153741, 0.0, 0.009349294782409616, 0.0025929144216177034, 0.02137094347589998, 0.0, 0.010265781486581707, 0.01605402900017878, 0.0007748049419889421, 0.004760074187978857, 0.00734808527146794, 0.0, 0.002873567717513052, 0.0, 0.0011851586601571546, 0.001526209046774689, 0.0044454027207934095, 0.0, 0.0, 0.012416169845914433, 0.000399821285623496, 0.008514969766327525, 0.012502778397944874]","[0.0, 0.0, 0.09010905772447586, 0.0, 0.10536886751651764, 0.10536886751651764, 0.0, 0.0, 0.0, 0.0, 0.0, 0.09524143487215042, 0.10536886751651764, 0.0, 0.08364005386829376, 0.10536886751651764, 0.0, 0.0, 0.0, 0.10536886751651764, 0.0, 0.0, 0.09879625588655472, 0.0, 0.0, 0.0, 0.0, 0.10536886751651764, 0.0, 0.0]",-0.002056989485676307
9,0.9888938374066114,"[1.0002429704070386, 0.999421007210802, 0.9912403304899816, 1.002200729122186, 0.9908728573073167, 0.9927314149510222, 0.9992215517120983, 0.9981575896837193, 0.9955414692487689, 0.9900391452742574, 0.9945034582326656, 0.9999030222612382, 0.9788341915203992, 0.9872311937969658, 0.991043241612123, 1.0242949297328159, 0.9986297551095751, 0.9940696916782208, 0.9940500365927322, 0.9954115142150938, 0.9854543323525212, 1.0138962303295234, 1.0047836494198068, 1.0032357410132604, 1.0006861174317716, 0.9855626873678471, 0.9939183088093021, 1.0116477332661544, 0.9935464036668241, 0.988679957701002]","[0.9850760984858874, 0.9948527292590167, 0.9879712301899998, 0.9915820585171133, 0.9866655182009144, 0.9803109522664127, 1.0015379271588662, 1.0137847793892651, 0.9805522954821616, 1.0062903485211256, 0.9970032052799402, 0.9911495054546299, 0.9901263419970154, 0.984697831975716, 0.979853565219643, 0.9816304624118408, 1.0069905788407854, 1.0119410769687296, 1.0002089215676757, 1.008323450400935, 1.0133832313490312, 1.016678798784326, 1.021124300024377, 1.0085534239159792, 1.0045350320663646, 1.0049351734306133, 1.001530975556094, 0.9923355808467231, 0.9701731751636441, 0.9998748755094482]","[-0.014923901514112603, -0.005147270740983312, -0.012028769810000228, -0.00841794148288666, -0.013334481799085585, -0.01968904773358726, 0.001537927158866248, 0.013784779389265145, -0.019447704517838393, 0.006290348521125644, -0.002996794720059759, -0.008850494545370124, -0.009873658002984564, -0.015302168024283969, -0.020146434780357048, -0.01836953758815918, 0.006990578840785355, 0.011941076968729591, 0.0002089215676757128, 0.008323450400935073, 0.013383231349031188, 0.016678798784325988, 0.02112430002437704, 0.008553423915979241, 0.00453503206636463, 0.004935173430613338, 0.0015309755560939386, -0.007664419153276869, -0.029826824836355903, -0.00012512449055179786]","[0.0, 0.10168980062007904, 0.10168980062007904, 0.0, 0.10168980062007904, 0.0, 0.10168980062007904, 0.10168980062007904, 0.10168980062007904, 0.0, 0.09887250512838364, 0.0, 0.0, 0.0, 0.09813356399536133, 0.10168980062007904, 0.0, 0.09116528928279877, 0.0, 0.0, 0.0, 0.0, 0.0, 0.0, 0.0, 0.0, 0.0, 0.0, 0.0, 0.0]","[0.0, 3.894361277198989e-22, 7.409087378500845e-25, 0.0, 0.0, 0.0, 0.0, 7.098422306000508e-25, 2.225717377072515e-22, 0.0, 2.224898828065053e-22, 0.0, 2.2280961461484196e-22, 1.0, 2.224918054515836e-22, 1.1152771144818694e-22, 0.0, 0.0, 0.0, 0.0, 0.0, 2.2281786997642236e-22, 0.0, 0.0, 0.0, 0.0, 0.0, 0.0, 0.0, 0.0]","[0.0037215278761462325, 0.0, 0.0017313284005106451, 0.0037145820581353864, 0.018466301972068788, 0.0, 0.006112712236201573, 0.004445917686781822, 0.0, 0.001473440527280597, 0.013260039845463518, 0.0, 0.008130781039427099, 0.8644329156222906, 0.0, 0.0, 0.0013317793030304672, 0.008975761002314373, 0.0, 0.0, 0.0, 0.011451446988656262, 0.0021880535742434754, 0.0, 0.008832046272803547, 0.017464317533674806, 0.009740329345990435, 0.0, 0.011840491615396175, 0.002686227099584198]","[0.0, 0.10168980807065964, 0.10168980807065964, 0.0, 0.10168980807065964, 0.0, 0.10168980807065964, 0.10168980807065964, 0.10168980807065964, 0.0, 0.09887251257896423, 0.0, 0.0, 0.0, 0.09813357144594193, 0.10168980807065964, 0.0, 0.09116529673337936, 0.0, 0.0, 0.0, 0.0, 0.0, 0.0, 0.0, 0.0, 0.0, 0.0, 0.0, 0.0]",-0.0071186436802304605
10,0.9784775898185677,"[0.9850760984858874, 0.9948527292590167, 0.9879712301899998, 0.9915820585171133, 0.9866655182009144, 0.9803109522664127, 1.0015379271588662, 1.0137847793892651, 0.9805522954821616, 1.0062903485211256, 0.9970032052799402, 0.9911495054546299, 0.9901263419970154, 0.984697831975716, 0.979853565219643, 0.9816304624118408, 1.0069905788407854, 1.0119410769687296, 1.0002089215676757, 1.008323450400935, 1.0133832313490312, 1.016678798784326, 1.021124300024377, 1.0085534239159792, 1.0045350320663646, 1.0049351734306133, 1.001530975556094, 0.9923355808467231, 0.9701731751636441, 0.9998748755094482]","[0.9985576744403111, 0.9877784510755294, 1.0145936283887416, 0.9904528164288479, 1.0087464156709196, 1.0225374121265398, 0.9999355896430716, 1.016874730576795, 1.0087576845559145, 0.9939064619278644, 1.0069550977547708, 0.9791246622504503, 1.0196002569278075, 0.9877649979418095, 1.0054379541050469, 1.02678351233436, 0.9912222376098431, 0.9798959769228561, 1.006243199449458, 0.9907512584331646, 0.9764285778177892, 1.018588469707696, 0.9933092709104312, 0.9836795072687289, 1.0061348031123494, 0.9988084097884352, 0.9793041230511549, 0.9862222440729245, 0.9793784162061626, 1.0103783638769432]","[-0.0014423255596889284, -0.012221548924470582, 0.014593628388741564, -0.00954718357115214, 0.008746415670919605, 0.022537412126539813, -6.441035692839048e-05, 0.016874730576794894, 0.008757684555914524, -0.00609353807213564, 0.006955097754770767, -0.02087533774954975, 0.019600256927807536, -0.012235002058190503, 0.005437954105046883, 0.02678351233436005, -0.008777762390156929, -0.020104023077143873, 0.006243199449458059, -0.009248741566835417, -0.023571422182210755, 0.018588469707695898, -0.006690729089568803, -0.01632049273127112, 0.006134803112349374, -0.0011915902115647858, -0.020695876948845116, -0.01377775592707553, -0.020621583793837384, 0.010378363876943242]","[0.0, 0.10280495136976242, 0.0, 0.10280495136976242, 0.0, 0.10280495136976242, 0.0, 0.0, 0.0, 0.0, 0.0, 0.10280495136976242, 0.0, 0.0, 0.0, 0.0, 0.0, 0.10280495136976242, 0.10280495136976242, 0.10280495136976242, 0.10280495136976242, 0.0, 0.0, 0.0, 0.0, 0.0, 0.07475546002388, 0.0, 0.10280495136976242, 0.0]","[1.1125950889391443e-22, 0.0, 0.0, 0.0, 0.0, 1.112238492039844e-22, 0.0, 0.0, 0.0, 1.111910727914185e-22, 0.0, 0.0, 3.3313440678584354e-22, 3.7995004479707096e-25, 0.0, 0.0, 2.8025465303819714e-23, 1.113525327462017e-22, 0.0, 1.1128764032707005e-22, 0.0, 0.0, 0.0, 0.0, 1.0, 0.0, 0.0, 0.0, 1.112692666503333e-22, 0.0]","[0.0010318189522401536, 0.013162523373073037, 0.001270701864275334, 0.0, 0.0, 0.0, 0.0, 0.016010554550826363, 0.0, 0.0, 0.0, 0.007289721495259163, 0.003083133936921339, 0.0, 0.00869788234828597, 0.010224494264076884, 0.0, 0.0, 0.004049977944209415, 0.0, 0.0006036667024954044, 0.000937456137015991, 0.01692990390735768, 0.017107470378989915, 0.872699011067832, 0.0, 0.0023768088611176527, 0.0, 0.017150450003546407, 0.007374424212477268]","[0.0, 0.10280495136976242, 0.0, 0.10280495136976242, 0.0, 0.10280495136976242, 0.0, 0.0, 0.0, 0.0, 0.0, 0.10280495136976242, 0.0, 0.0, 0.0, 0.0, 0.0, 0.10280495136976242, 0.10280495136976242, 0.10280495136976242, 0.10280495136976242, 0.0, 0.0, 0.0, 0.0, 0.0, 0.07475546002388, 0.0, 0.10280495136976242, 0.0]",-0.01109071711106403
11,0.9804286458501908,"[0.9985576744403111, 0.9877784510755294, 1.0145936283887416, 0.9904528164288479, 1.0087464156709196, 1.0225374121265398, 0.9999355896430716, 1.016874730576795, 1.0087576845559145, 0.9939064619278644, 1.0069550977547708, 0.9791246622504503, 1.0196002569278075, 0.9877649979418095, 1.0054379541050469, 1.02678351233436, 0.9912222376098431, 0.9798959769228561, 1.006243199449458, 0.9907512584331646, 0.9764285778177892, 1.018588469707696, 0.9933092709104312, 0.9836795072687289, 1.0061348031123494, 0.9988084097884352, 0.9793041230511549, 0.9862222440729245, 0.9793784162061626, 1.0103783638769432]","[0.9950354250384089, 0.9897556392189666, 1.0061901636682071, 0.9807359967367745, 1.00069817498072, 0.9963403876397998, 0.995754975348095, 1.0105589548559677, 0.9933476162062386, 1.0235426364933995, 0.9727913142361055, 0.9988677759827254, 1.0013638805682519, 1.0035094206425146, 0.9907019857605842, 0.9797700565809275, 0.9658348114258468, 0.9807178198430939, 1.015175561621591, 0.9862205227291813, 1.0171455719114346, 0.9782174364873971, 0.9995936642100678, 1.016975415993668, 1.0164279427125034, 0.9912357475946785, 1.013941185765301, 1.0095170638665214, 0.993103398518104, 0.9846695254202797]","[-0.004964574961591084, -0.010244360781033413, 0.006190163668207127, -0.019264003263225526, 0.0006981749807200011, -0.0036596123602001818, -0.004245024651905016, 0.010558954855967695, -0.006652383793761429, 0.023542636493399494, -0.027208685763894458, -0.0011322240172746412, 0.001363880568251874, 0.0035094206425145824, -0.009298014239415786, -0.02022994341907247, -0.03416518857415318, -0.01928218015690608, 0.01517556162159095, -0.01377947727081874, 0.01714557191143462, -0.02178256351260288, -0.00040633578993221064, 0.01697541599366792, 0.016427942712503363, -0.008764252405321526, 0.0139411857653009, 0.009517063866521402, -0.00689660148189597, -0.015330474579720255]","[0.0, 0.10000000149011612, 0.10000000149011612, 0.0, 0.0, 0.10000000149011612, 0.10000000149011612, 0.0, 0.0, 0.10000000149011612, 0.0, 0.0, 0.10000000149011612, 0.0, 0.0, 0.0, 0.0, 0.0, 0.0, 0.0, 0.10000000149011612, 0.0, 0.0, 0.0, 0.0, 0.10000000149011612, 0.10000000149011612, 0.0, 0.0, 0.10000000149011612]","[0.0, 2.2204910283757157e-22, 0.0, 0.0, 0.0, 1.1102705661607215e-22, 1.1102770036971164e-22, 1.0, 0.0, 1.1102728478176303e-22, 1.110280449540158e-22, 0.0, 0.0, 0.0, 1.0390148612424164e-26, 0.0, 0.0, 0.0, 1.1102829480105563e-22, 0.0, 0.0, 0.0, 0.0, 0.0, 0.0, 1.1102834389532103e-22, 0.0, 0.0, 1.0321443757960072e-26, 0.0]","[0.0, 0.011795567795137336, 0.0, 0.0, 0.007201977850992189, 0.0, 0.0, 0.92209463359989, 0.009337555804412642, 0.0, 0.0018573163208119308, 0.0069927968900233475, 0.0, 0.0, 0.014443067090764304, 0.0, 0.0, 0.0, 0.0, 0.0, 0.0, 0.008058080654749842, 0.009414869446103572, 0.0, 0.0, 0.0, 0.0, 0.0, 0.0020378572245632757, 0.006766277322551486]","[0.0, 0.09999998658895493, 0.09999998658895493, 0.0, 0.0, 0.09999998658895493, 0.09999998658895493, 0.0, 0.0, 0.09999998658895493, 0.0, 0.0, 0.09999998658895493, 0.0, 0.0, 0.0, 0.0, 0.0, 0.0, 0.0, 0.09999998658895493, 0.0, 0.0, 0.0, 0.0, 0.09999998658895493, 0.09999998658895493, 0.0, 0.0, 0.09999998658895493]",0.001356426566588664
12,0.9760594806058035,"[0.9950354250384089, 0.9897556392189666, 1.0061901636682071, 0.9807359967367745, 1.00069817498072, 0.9963403876397998, 0.995754975348095, 1.0105589548559677, 0.9933476162062386, 1.0235426364933995, 0.9727913142361055, 0.9988677759827254, 1.0013638805682519, 1.0035094206425146, 0.9907019857605842, 0.9797700565809275, 0.9658348114258468, 0.9807178198430939, 1.015175561621591, 0.9862205227291813, 1.0171455719114346, 0.9782174364873971, 0.9995936642100678, 1.016975415993668, 1.0164279427125034, 0.9912357475946785, 1.013941185765301, 1.0095170638665214, 0.993103398518104, 0.9846695254202797]","[1.0087382251137618, 0.9902269687085598, 1.0069819647326415, 1.0049417713344058, 0.9885670978020225, 0.9821352443127798, 0.9787029748118117, 1.0305918447818614, 0.9948926037926332, 1.0100459945756535, 0.9926106039353737, 0.9944700494802019, 1.013712881704538, 1.0027298824524205, 0.9987339758971316, 1.003627861017879, 0.9945757432519915, 1.0066947063198635, 0.9965534147471984, 1.000346251029001, 0.9889733881768094, 0.9813896627415268, 0.9983344074408909, 1.019882507178479, 0.9941619569456036, 1.001112520925705, 0.9880290590939341, 0.9944381734967144, 1.0052261794950594, 1.0195433003172287]","[0.008738225113761766, -0.009773031291440248, 0.006981964732641455, 0.0049417713344057645, -0.011432902197977546, -0.017864755687220235, -0.021297025188188323, 0.030591844781861388, -0.005107396207366777, 0.010045994575653472, -0.007389396064626297, -0.005529950519798099, 0.013712881704537994, 0.0027298824524204512, -0.0012660241028683572, 0.0036278610178790416, -0.005424256748008505, 0.006694706319863464, -0.003446585252801615, 0.00034625102900109894, -0.011026611823190646, -0.018610337258473164, -0.0016655925591091414, 0.019882507178478948, -0.005838043054396391, 0.0011125209257050184, -0.011970940906065874, -0.005561826503285627, 0.005226179495059435, 0.01954330031722873]","[0.0, 0.101053886115551, 0.0, 0.0, 0.0, 0.101053886115551, 0.101053886115551, 0.0, 0.0, 0.0, 0.09051495045423508, 0.0, 0.101053886115551, 0.0, 0.0, 0.0, 0.0, 0.101053886115551, 0.0, 0.0, 0.101053886115551, 0.0, 0.0, 0.101053886115551, 0.101053886115551, 0.0, 0.101053886115551, 0.0, 0.0, 0.0]","[0.0, 2.222213022522738e-22, 0.0, 1.1120557803910603e-22, 0.0, 0.0, 0.0, 0.0, 0.0, 0.0, 0.0, 0.0, 1.0, 1.1127394988025307e-22, 0.0, 1.111687554418607e-22, 0.0, 0.0, 0.0, 0.0, 0.0, 1.1116727393334731e-22, 0.0, 0.0, 1.8049625589559567e-22, 1.1119268552817612e-22, 0.0, 1.1119473410750235e-22, 1.1127547249273371e-22, 0.0]","[0.0062225519984850045, 0.0, 0.008208264812944045, 0.0, 0.0060058597079427865, 0.0, 0.0, 0.005468589326891771, 0.0, 0.005127570447227466, 0.004289339213338693, 0.0, 0.9199181706686168, 0.008612492432765757, 0.001156837439444517, 0.0030245599709944064, 0.0, 0.0, 0.0, 0.00456487946722389, 0.0022254894240633003, 0.004162525972816946, 0.0, 0.0013248062172356151, 0.0013950513438212415, 0.0, 0.004275816365178504, 0.007982784433392415, 0.0, 0.006034410757616549]","[0.0, 0.10105390101671219, 0.0, 0.0, 0.0, 0.10105390101671219, 0.10105390101671219, 0.0, 0.0, 0.0, 0.09051495790481567, 0.0, 0.10105390101671219, 0.0, 0.0, 0.0, 0.0, 0.10105390101671219, 0.0, 0.0, 0.10105390101671219, 0.0, 0.0, 0.10105390101671219, 0.10105390101671219, 0.0, 0.10105390101671219, 0.0, 0.0, 0.0]",-0.004946720678965287
13,0.972198732045242,"[1.0087382251137618, 0.9902269687085598, 1.0069819647326415, 1.0049417713344058, 0.9885670978020225, 0.9821352443127798, 0.9787029748118117, 1.0305918447818614, 0.9948926037926332, 1.0100459945756535, 0.9926106039353737, 0.9944700494802019, 1.013712881704538, 1.0027298824524205, 0.9987339758971316, 1.003627861017879, 0.9945757432519915, 1.0066947063198635, 0.9965534147471984, 1.000346251029001, 0.9889733881768094, 0.9813896627415268, 0.9983344074408909, 1.019882507178479, 0.9941619569456036, 1.001112520925705, 0.9880290590939341, 0.9944381734967144, 1.0052261794950594, 1.0195433003172287]","[1.0035384567179324, 0.9993302575943793, 0.9814718793476496, 1.0043239599788782, 0.9991144114082595, 1.0134642020260909, 0.995439719824139, 0.9956998724429108, 1.0060066580441087, 0.988795147071009, 1.0082036645783277, 0.9864224238255107, 0.9977458929579168, 0.9892518513515538, 1.013411917286807, 1.0094214618794508, 0.9809553245986211, 1.0043151892772604, 1.004742891591614, 0.9750829442890204, 0.9923384857915138, 0.9977709752052073, 0.9990290487217859, 1.0028387745531642, 0.9913619998811065, 1.0214198294748966, 0.9882104131634073, 0.9849434209213532, 1.0060060343021047, 0.9958525289581903]","[0.0035384567179324034, -0.0006697424056206769, -0.018528120652350433, 0.004323959978878245, -0.0008855885917404827, 0.013464202026090888, -0.004560280175860965, -0.004300127557089195, 0.006006658044108715, -0.011204852928990983, 0.008203664578327663, -0.013577576174489292, -0.0022541070420831755, -0.010748148648446199, 0.013411917286807018, 0.00942146187945081, -0.019044675401378885, 0.004315189277260378, 0.004742891591613896, -0.024917055710979574, -0.007661514208486153, -0.0022290247947927, -0.0009709512782141161, 0.0028387745531641695, -0.008638000118893485, 0.021419829474896623, -0.011789586836592703, -0.01505657907864677, 0.006006034302104668, -0.0041474710418096805]","[0.0, 0.0, 0.10002442449331284, 0.0, 0.10002442449331284, 0.0, 0.0, 0.0, 0.0, 0.0, 0.0, 0.0, 0.10002442449331284, 0.09978000074625015, 0.0, 0.10002442449331284, 0.10002442449331284, 0.0, 0.10002442449331284, 0.0, 0.0, 0.0, 0.0, 0.0, 0.10002442449331284, 0.10002442449331284, 0.0, 0.10002442449331284, 0.0, 0.0]","[0.0, 0.0, 2.22727170854082e-22, 0.0, 0.0, 1.1150805943159775e-22, 0.0, 1.1133139688533131e-22, 8.582649554550903e-25, 1.0, 0.0, 0.0, 0.0, 0.0, 9.720459136891903e-25, 7.807488143395427e-25, 9.25257673606062e-25, 0.0, 0.0, 0.0, 0.0, 0.0, 0.0, 0.0, 0.0, 8.9756839698782e-25, 0.0, 0.0, 0.0, 7.993998403957315e-25]","[0.0, 0.0, 0.02394549884522314, 0.0, 0.0, 0.0038849276579269107, 0.005996000371259653, 0.0, 0.006345178559907922, 0.8790143603485596, 0.0027199934951782252, 0.0006635911210061944, 0.0, 0.0, 0.0, 0.0, 0.004520333324790135, 0.00527733419856967, 0.000284618886264921, 0.020786843278425202, 0.0, 0.012580048910649084, 0.0, 0.003250462977077595, 0.0002929020371758952, 0.0, 0.017909458236143753, 0.0031953267893511106, 0.0010081335558021715, 0.008324987406689036]","[0.0, 0.0, 0.10002444684505463, 0.0, 0.10002444684505463, 0.0, 0.0, 0.0, 0.0, 0.0, 0.0, 0.0, 0.10002444684505463, 0.09978002309799194, 0.0, 0.10002444684505463, 0.10002444684505463, 0.0, 0.10002444684505463, 0.0, 0.0, 0.0, 0.0, 0.0, 0.10002444684505463, 0.10002444684505463, 0.0, 0.10002444684505463, 0.0, 0.0]",-0.004322096066200948
14,0.9711030900375079,"[1.0035384567179324, 0.9993302575943793, 0.9814718793476496, 1.0043239599788782, 0.9991144114082595, 1.0134642020260909, 0.995439719824139, 0.9956998724429108, 1.0060066580441087, 0.988795147071009, 1.0082036645783277, 0.9864224238255107, 0.9977458929579168, 0.9892518513515538, 1.013411917286807, 1.0094214618794508, 0.9809553245986211, 1.0043151892772604, 1.004742891591614, 0.9750829442890204, 0.9923384857915138, 0.9977709752052073, 0.9990290487217859, 1.0028387745531642, 0.9913619998811065, 1.0214198294748966, 0.9882104131634073, 0.9849434209213532, 1.0060060343021047, 0.9958525289581903]","[1.0038734673136303, 1.0066980713002929, 1.0162250809823192, 0.9955341285596306, 0.9885656853141882, 1.0125363498367828, 0.9906955968588089, 0.9916342849652304, 0.9937919371987392, 1.006907437855071, 1.025814829866531, 0.9944220747808682, 1.0039311119263399, 1.023732923455354, 1.003132761311942, 0.9716439410582578, 0.9933836315578065, 1.0216205894832526, 0.9921381945447393, 0.9928311890826366, 0.9758276657399044, 1.0001989398349294, 1.0254730386464666, 0.996094173993865, 0.9838930507378352, 0.9935939529789722, 0.9931142250843157, 1.0025002146706086, 0.9911429596702408, 0.9998717685589379]","[0.003873467313630252, 0.006698071300292874, 0.01622508098231923, -0.004465871440369362, -0.011434314685811797, 0.012536349836782756, -0.009304403141191075, -0.008365715034769572, -0.00620806280126085, 0.006907437855071086, 0.025814829866531053, -0.005577925219131807, 0.003931111926339881, 0.02373292345535405, 0.003132761311942067, -0.0283560589417422, -0.006616368442193488, 0.021620589483252628, -0.007861805455260718, -0.007168810917363433, -0.024172334260095574, 0.00019893983492935696, 0.02547303864646655, -0.0039058260061349825, -0.016106949262164827, -0.006406047021027761, -0.006885774915684317, 0.0025002146706085693, -0.008857040329759203, -0.00012823144106210993]","[0.10185994952917099, 0.0, 0.0, 0.0, 0.02164648286998272, 0.09665465354919434, 0.11001381278038025, 0.0, 0.11657853424549103, 0.12428920716047287, 0.0, 0.0, 0.0, 0.0, 0.0, 0.05608973652124405, 0.0, 0.12428920716047287, 0.0, 0.0, 0.12428920716047287, 0.0, 0.0, 0.0, 0.0, 0.0, 0.0, 0.12428920716047287, 0.0, 0.0]","[2.445857505070232e-25, 0.0, 0.0, 0.0, 0.0, 0.0, 0.0, 1.0, 2.429959739158733e-25, 0.0, 0.0, 2.457980016882425e-25, 0.0, 2.338286213362999e-25, 2.223408322161625e-22, 0.0, 1.9767605049639424e-25, 2.222624900822124e-22, 0.0, 0.0, 0.0, 2.0243913101236049e-25, 0.0, 0.0, 0.0, 0.0, 0.0, 0.0, 2.5146165320918004e-25, 0.0]","[0.0, 0.00625183212215484, 0.0, 0.0, 0.00854146912101847, 0.0031918397756203476, 0.0, 0.9385827255075827, 0.0, 0.010647153792808332, 0.0029651069285053498, 0.0014464391146197294, 0.0, 0.0, 0.0, 0.0, 0.0, 0.0, 0.0, 0.0, 0.0, 0.0038363607809462877, 0.0, 0.007917890074888962, 0.0, 0.004962812690025785, 0.0, 0.0, 0.011656370091829238, 0.0]","[0.10185995697975159, 0.0, 0.0, 0.0, 0.02164648473262787, 0.09665466099977493, 0.11001382023096085, 0.0, 0.11657854169607162, 0.12428921461105347, 0.0, 0.0, 0.0, 0.0, 0.0, 0.05608974024653435, 0.0, 0.12428921461105347, 0.0, 0.0, 0.12428921461105347, 0.0, 0.0, 0.0, 0.0, 0.0, 0.0, 0.12428921461105347, 0.0, 0.0]",-0.0015178069604954133
15,0.970766134715614,"[1.0038734673136303, 1.0066980713002929, 1.0162250809823192, 0.9955341285596306, 0.9885656853141882, 1.0125363498367828, 0.9906955968588089, 0.9916342849652304, 0.9937919371987392, 1.006907437855071, 1.025814829866531, 0.9944220747808682, 1.0039311119263399, 1.023732923455354, 1.003132761311942, 0.9716439410582578, 0.9933836315578065, 1.0216205894832526, 0.9921381945447393, 0.9928311890826366, 0.9758276657399044, 1.0001989398349294, 1.0254730386464666, 0.996094173993865, 0.9838930507378352, 0.9935939529789722, 0.9931142250843157, 1.0025002146706086, 0.9911429596702408, 0.9998717685589379]","[0.9764545172151786, 1.0079731758233934, 0.9990094405241952, 1.0055003663549282, 1.0040636820520072, 0.9984746877930627, 0.988706952443371, 1.0174916959737341, 1.0163538096064715, 1.012478006022597, 1.01601588493868, 1.0014301479357715, 0.9844234841768447, 0.9894120118220938, 0.9946229746918096, 0.9903834732745226, 0.9955227480573833, 0.9899482880737138, 0.991219030212315, 0.9858308241709846, 0.9925871869637586, 0.9966724223502911, 1.0260950972782326, 1.0115361973099477, 1.0052725019074213, 0.9834584615700148, 1.006009845202477, 0.993613220685698, 0.9936410574291471, 1.0032142163632514]","[-0.02354548278482138, 0.007973175823393408, -0.000990559475804842, 0.005500366354928232, 0.004063682052007245, -0.0015253122069373015, -0.011293047556628966, 0.017491695973734123, 0.01635380960647148, 0.012478006022597077, 0.016015884938680003, 0.001430147935771453, -0.015576515823155335, -0.010587988177906182, -0.005377025308190397, -0.009616526725477414, -0.004477251942616722, -0.010051711926286178, -0.008780969787684945, -0.014169175829015446, -0.007412813036241417, -0.0033275776497089238, 0.02609509727823256, 0.011536197309947704, 0.005272501907421345, -0.01654153842998518, 0.006009845202477049, -0.006386779314301982, -0.006358942570852899, 0.0032142163632513654]","[0.0, 0.0, 0.0, 0.0, 0.0801091119647026, 0.11307638883590698, 0.11307638883590698, 0.11307638883590698, 0.08510033786296844, 0.0, 0.0, 0.0, 0.0, 0.0, 0.10954681783914566, 0.0, 0.0, 0.0, 0.08205866813659668, 0.0, 0.11051271855831146, 0.0, 0.0, 0.0, 0.0, 0.0, 0.0, 0.11307638883590698, 0.0, 0.08036673069000244]","[2.870059136835472e-25, 1.0, 0.0, 0.0, 0.0, 0.0, 0.0, 0.0, 2.4869661561769475e-25, 2.222797922362394e-22, 2.2219784412048392e-22, 0.0, 0.0, 0.0, 0.0, 0.0, 0.0, 0.0, 0.0, 2.72696808864574e-25, 2.651370315503246e-25, 0.0, 0.0, 2.831291060686451e-25, 0.0, 1.1114169599055662e-22, 0.0, 0.0, 2.9257792791698684e-25, 0.0]","[0.003166336153813724, 0.9225817105778155, 0.0, 0.0021843460340527916, 0.0, 0.011083452016720731, 0.0, 0.009423135125275208, 0.0027122324041128107, 0.006263779505188203, 0.0, 0.0014518952445862086, 0.0, 0.0, 0.003133613220184199, 0.0, 0.0025599269783614822, 0.0, 0.0035126972800866344, 0.0, 0.003187279768237545, 0.010382128435960435, 0.002754358709388865, 0.015603108546215789, 0.0, 0.0, 0.0, 0.0, 0.0, 0.0]","[0.0, 0.0, 0.0, 0.0, 0.0801091194152832, 0.11307639628648758, 0.11307639628648758, 0.11307639628648758, 0.08510034531354904, 0.0, 0.0, 0.0, 0.0, 0.0, 0.10954682528972626, 0.0, 0.0, 0.0, 0.08205867558717728, 0.0, 0.11051272600889206, 0.0, 0.0, 0.0, 0.0, 0.0, 0.0, 0.11307639628648758, 0.0, 0.08036673814058304]",-0.0007816610963591703
16,0.9673993344088716,"[0.9764545172151786, 1.0079731758233934, 0.9990094405241952, 1.0055003663549282, 1.0040636820520072, 0.9984746877930627, 0.988706952443371, 1.0174916959737341, 1.0163538096064715, 1.012478006022597, 1.01601588493868, 1.0014301479357715, 0.9844234841768447, 0.9894120118220938, 0.9946229746918096, 0.9903834732745226, 0.9955227480573833, 0.9899482880737138, 0.991219030212315, 0.9858308241709846, 0.9925871869637586, 0.9966724223502911, 1.0260950972782326, 1.0115361973099477, 1.0052725019074213, 0.9834584615700148, 1.006009845202477, 0.993613220685698, 0.9936410574291471, 1.0032142163632514]","[1.0106824217878871, 1.006828279814164, 0.9946904948459665, 0.9940703213775991, 1.0006001539090732, 1.000982309517005, 0.9997119769109408, 0.9917948759744302, 0.9827867516319968, 1.0019991000584791, 0.9918074557890127, 0.9920211856374691, 1.0127217168075804, 0.9966070394101357, 0.9823177648002508, 0.9677124849062294, 0.9711019857669201, 0.9821251772377425, 1.0039210134088443, 1.001242975941062, 1.0143221106854083, 1.0135418976062953, 1.0068535202281337, 1.0032893549087132, 0.9818353493590692, 0.986068924673776, 1.0130179064442277, 1.0002170154836114, 0.9746696347138277, 0.9970656831648347]","[0.010682421787887142, 0.006828279814163896, -0.0053095051540335, -0.005929678622400902, 0.0006001539090731978, 0.0009823095170049534, -0.00028802308905917506, -0.008205124025569832, -0.017213248368003198, 0.001999100058479142, -0.008192544210987251, -0.007978814362530895, 0.012721716807580385, -0.003392960589864269, -0.017682235199749208, -0.03228751509377059, -0.028898014233079916, -0.017874822762257492, 0.0039210134088443205, 0.00124297594106193, 0.01432211068540834, 0.013541897606295317, 0.0068535202281336804, 0.0032893549087131824, -0.018164650640930757, -0.013931075326223952, 0.013017906444227734, 0.00021701548361141576, -0.025330365286172274, -0.002934316835165318]","[0.0, 0.0, 0.0, 0.09015157073736191, 0.0, 0.10875432193279266, 0.0, 0.09043148905038834, 0.0, 0.10875432193279266, 0.0, 0.10826684534549713, 0.10875432193279266, 0.0, 0.0, 0.10875432193279266, 0.06170077249407768, 0.0, 0.0, 0.0, 0.10567767918109894, 0.0, 0.10875432193279266, 0.0, 0.0, 0.0, 0.0, 0.0, 0.0, 0.0]","[0.0, 2.2205929577095764e-22, 2.2205877322456365e-22, 1.11033206637319e-22, 0.0, 0.0, 2.2205881561351135e-22, 1.1103461242442995e-22, 0.0, 1.6042478746776618e-26, 0.0, 0.0, 0.0, 2.2206074107506957e-22, 0.0, 1.0, 0.0, 0.0, 0.0, 0.0, 1.7445560311349515e-26, 0.0, 0.0, 1.1103750930040022e-22, 0.0, 0.0, 0.0, 0.0, 0.0, 0.0]","[0.0, 0.0040442226459933865, 0.0, 0.0, 0.015268127591367543, 0.0, 0.0, 0.010543275589247917, 0.007407477765068106, 0.0, 0.0, 0.009616751914820027, 0.018711067642504287, 0.0, 0.0, 0.8816865440509487, 0.0, 0.009287295412038607, 0.0020358520997439244, 0.0040199385020827745, 0.0, 0.0, 0.0, 0.008391417413027668, 0.009016450984005352, 0.0006335678339738133, 0.01771060313002584, 0.0016274074251520197, 0.0, 0.0]","[0.0, 0.0, 0.0, 0.09015157073736191, 0.0, 0.10875432193279266, 0.0, 0.09043148905038834, 0.0, 0.10875432193279266, 0.0, 0.10826684534549713, 0.10875432193279266, 0.0, 0.0, 0.10875432193279266, 0.06170077249407768, 0.0, 0.0, 0.0, 0.10567767918109894, 0.0, 0.10875432193279266, 0.0, 0.0, 0.0, 0.0, 0.0, 0.0, 0.0]",-0.003993336023353253
17,0.970313957070976,"[1.0106824217878871, 1.006828279814164, 0.9946904948459665, 0.9940703213775991, 1.0006001539090732, 1.000982309517005, 0.9997119769109408, 0.9917948759744302, 0.9827867516319968, 1.0019991000584791, 0.9918074557890127, 0.9920211856374691, 1.0127217168075804, 0.9966070394101357, 0.9823177648002508, 0.9677124849062294, 0.9711019857669201, 0.9821251772377425, 1.0039210134088443, 1.001242975941062, 1.0143221106854083, 1.0135418976062953, 1.0068535202281337, 1.0032893549087132, 0.9818353493590692, 0.986068924673776, 1.0130179064442277, 1.0002170154836114, 0.9746696347138277, 0.9970656831648347]","[0.9968153136373956, 1.007158506507676, 1.0209292952317763, 1.009606218943336, 1.0113984780198575, 1.013250433107159, 1.033491475711389, 1.0070332234919452, 0.993304560900654, 0.9963841320231367, 1.0054491917801178, 0.9736048934216387, 1.0298421345233926, 0.9972435483243574, 1.0003126889176557, 0.9989622418163553, 0.9952947242372079, 0.9731962295471619, 1.0013173562038111, 1.003527373817815, 1.0050361132541437, 1.012971217494991, 0.9914857351102523, 1.0040987143515294, 1.0151227005551813, 0.9855239067180621, 1.0053963246179647, 0.9852065098654431, 1.0123287157146013, 0.9772486457388941]","[-0.003184686362604383, 0.007158506507676021, 0.020929295231776335, 0.009606218943335909, 0.011398478019857494, 0.01325043310715901, 0.03349147571138911, 0.00703322349194524, -0.006695439099346001, -0.0036158679768633073, 0.005449191780117824, -0.026395106578361305, 0.02984213452339257, -0.002756451675642646, 0.0003126889176556791, -0.0010377581836447103, -0.004705275762792116, -0.026803770452838105, 0.0013173562038111264, 0.0035273738178149827, 0.005036113254143659, 0.012971217494990972, -0.008514264889747714, 0.00409871435152942, 0.015122700555181279, -0.014476093281937885, 0.005396324617964687, -0.014793490134556886, 0.012328715714601257, -0.02275135426110586]","[0.0, 0.0, 0.0, 0.12166684865951538, 0.0, 0.0, 0.0, 0.0, 0.0, 0.06633470952510834, 0.12166684865951538, 0.0, 0.08682557940483093, 0.12166684865951538, 0.06993658095598221, 0.0, 0.12166684865951538, 0.0, 0.0, 0.0, 0.0, 0.0, 0.12166684865951538, 0.12166684865951538, 0.0, 0.0, 0.046902015805244446, 0.0, 0.0, 0.0]","[0.0, 0.0, 3.667017052136114e-25, 0.0, 0.0, 3.335075796434037e-22, 3.7660346264404224e-25, 0.0, 0.0, 0.0, 0.0, 0.0, 3.2184855941991776e-25, 0.0, 0.0, 0.0, 0.0, 3.8315135944699844e-25, 0.0, 4.276112211015845e-25, 0.0, 0.0, 0.0, 0.0, 4.561038785960842e-25, 0.0, 0.0, 2.9188055946933172e-25, 3.2475729295566976e-25, 1.0]","[0.0, 0.002077987065936071, 0.0, 0.0, 0.0017195957039372377, 0.0, 0.006649819084233396, 0.0, 0.005754115276740112, 0.002412934873342781, 0.004261359967662042, 0.01666672150890097, 0.0, 0.007503193083954489, 0.010460701190175, 0.02070589338288203, 0.0, 0.0, 0.0, 0.0, 0.0, 0.009735392151070743, 0.0, 0.022103648392763155, 0.010258853088979804, 0.011005560972402689, 0.005118321083073978, 0.0, 0.010457168235824169, 0.8531087349381213]","[0.0, 0.0, 0.0, 0.12166684865951538, 0.0, 0.0, 0.0, 0.0, 0.0, 0.06633470952510834, 0.12166684865951538, 0.0, 0.08682557940483093, 0.12166684865951538, 0.06993658095598221, 0.0, 0.12166684865951538, 0.0, 0.0, 0.0, 0.0, 0.0, 0.12166684865951538, 0.12166684865951538, 0.0, 0.0, 0.046902015805244446, 0.0, 0.0, 0.0]",0.002599613442910041
18,0.968295413914211,"[0.9968153136373956, 1.007158506507676, 1.0209292952317763, 1.009606218943336, 1.0113984780198575, 1.013250433107159, 1.033491475711389, 1.0070332234919452, 0.993304560900654, 0.9963841320231367, 1.0054491917801178, 0.9736048934216387, 1.0298421345233926, 0.9972435483243574, 1.0003126889176557, 0.9989622418163553, 0.9952947242372079, 0.9731962295471619, 1.0013173562038111, 1.003527373817815, 1.0050361132541437, 1.012971217494991, 0.9914857351102523, 1.0040987143515294, 1.0151227005551813, 0.9855239067180621, 1.0053963246179647, 0.9852065098654431, 1.0123287157146013, 0.9772486457388941]","[0.9925706447426967, 0.9973431102936852, 1.0161085571498951, 1.0345940147428447, 0.9955779781089752, 1.0134210432280306, 0.992535817700489, 1.0188750875588184, 1.008747445674108, 1.0128847094247302, 0.9962633926706193, 0.987622923915959, 1.0131254231146403, 1.0099275949675701, 0.9921808758113339, 1.005601460928756, 0.9893688312301375, 0.9870499495296226, 0.9867905681744016, 1.0037806618118996, 1.0054966716300433, 0.9847673111255147, 0.9763389123766296, 1.0057431172351983, 0.9896937066797912, 1.0045387066621887, 0.9832995727644747, 1.0077988489103404, 0.9947349026657085, 1.033755053268706]","[-0.007429355257303261, -0.0026568897063148356, 0.01610855714989512, 0.034594014742844736, -0.004422021891024808, 0.013421043228030616, -0.0074641822995109575, 0.018875087558818393, 0.008747445674107901, 0.01288470942473019, -0.003736607329380748, -0.012377076084041039, 0.013125423114640267, 0.00992759496757012, -0.007819124188666149, 0.005601460928756019, -0.010631168769862476, -0.01295005047037745, -0.013209431825598417, 0.0037806618118996216, 0.005496671630043304, -0.015232688874485256, -0.02366108762337038, 0.0057431172351982696, -0.010306293320208826, 0.004538706662188696, -0.01670042723552534, 0.007798848910340439, -0.00526509733429148, 0.03375505326870609]","[0.0, 0.0, 0.1003551259636879, 0.0, 0.0, 0.0, 0.0, 0.1010429859161377, 0.1010429859161377, 0.0, 0.0, 0.0, 0.0, 0.0, 0.0, 0.09255677461624146, 0.0, 0.0, 0.1010429859161377, 0.0, 0.0, 0.099787138402462, 0.1010429859161377, 0.0, 0.0, 0.1010429859161377, 0.1010429859161377, 0.0, 0.1010429859161377, 0.0]","[0.0, 0.0, 5.55350148607197e-23, 0.0, 2.2206662525019138e-22, 0.0, 2.2206876511551547e-22, 2.3346948624622215e-26, 0.0, 5.552555940750938e-23, 0.0, 1.0, 2.940423557428922e-26, 0.0, 5.552368817397541e-23, 0.0, 0.0, 0.0, 0.0, 0.0, 0.0, 2.1872721667159698e-26, 1.1104271513526221e-22, 0.0, 0.0, 0.0, 0.0, 0.0, 0.0, 0.0]","[0.008697351658008844, 0.0, 0.004872705550288318, 0.0, 0.01264696719749574, 0.0, 0.0, 0.0, 0.0, 0.0, 0.0006012161587580662, 0.9103294227472103, 0.001330942957357334, 0.013116240285445665, 0.0054078114266854094, 0.0, 0.0005711322579649055, 0.0, 0.0028666291957172444, 0.0, 0.0, 0.0, 0.0, 0.0028192770288728713, 0.01247531237086285, 0.0, 0.0, 0.0, 0.020617794711608416, 0.003647196453723954]","[0.0, 0.0, 0.1003551334142685, 0.0, 0.0, 0.0, 0.0, 0.10104299336671829, 0.10104299336671829, 0.0, 0.0, 0.0, 0.0, 0.0, 0.0, 0.09255678206682205, 0.0, 0.0, 0.10104299336671829, 0.0, 0.0, 0.0997871458530426, 0.10104299336671829, 0.0, 0.0, 0.10104299336671829, 0.10104299336671829, 0.0, 0.10104299336671829, 0.0]",-0.0024301724415269
19,0.9675236377933784,"[0.9925706447426967, 0.9973431102936852, 1.0161085571498951, 1.0345940147428447, 0.9955779781089752, 1.0134210432280306, 0.992535817700489, 1.0188750875588184, 1.008747445674108, 1.0128847094247302, 0.9962633926706193, 0.987622923915959, 1.0131254231146403, 1.0099275949675701, 0.9921808758113339, 1.005601460928756, 0.9893688312301375, 0.9870499495296226, 0.9867905681744016, 1.0037806618118996, 1.0054966716300433, 0.9847673111255147, 0.9763389123766296, 1.0057431172351983, 0.9896937066797912, 1.0045387066621887, 0.9832995727644747, 1.0077988489103404, 0.9947349026657085, 1.033755053268706]","[1.014078526516196, 1.0022563077928275, 0.9941187016214635, 1.001860146404046, 0.9685584524229753, 0.9971577577437433, 0.9942982668236402, 0.9963682688267074, 1.0173923899675665, 1.0021587047057763, 0.9945218776560357, 0.9991665646222062, 0.9905880158323239, 0.9844770243613188, 0.9909482787182421, 0.9882052756614395, 0.9807059883699436, 1.0114189792409232, 0.9888899826701217, 0.993268714425487, 1.0073814234210197, 0.9817276948729434, 1.0208330908834509, 0.9972018059093313, 1.0003902015436923, 0.9792762861843739, 0.9989529118260663, 0.9992093353228914, 1.0077576496273202, 1.0107973597464615]","[0.01407852651619601, 0.0022563077928274833, -0.005881298378536459, 0.0018601464040459703, -0.031441547577024664, -0.002842242256256733, -0.005701733176359802, -0.0036317311732926294, 0.017392389967566535, 0.002158704705776282, -0.005478122343964276, -0.0008334353777937897, -0.00941198416767608, -0.015522975638681213, -0.009051721281757907, -0.011794724338560547, -0.019294011630056396, 0.011418979240923166, -0.011110017329878263, -0.0067312855745129685, 0.007381423421019662, -0.018272305127056576, 0.020833090883450867, -0.0027981940906687264, 0.0003902015436922923, -0.0207237138156261, -0.00104708817393373, -0.0007906646771086434, 0.007757649627320173, 0.010797359746461455]","[0.09234769642353058, 0.0, 0.0, 0.0, 0.0, 0.11410752683877945, 0.0, 0.0, 0.11410752683877945, 0.0, 0.0, 0.11410752683877945, 0.0, 0.11410752683877945, 0.0, 0.0, 0.0, 0.11410752683877945, 0.11410752683877945, 0.0, 0.0, 0.09850315004587173, 0.0, 0.0, 0.0, 0.0, 0.10916280746459961, 0.01534124556928873, 0.0, 0.0]","[0.0, 0.0, 3.3318329505993817e-22, 0.0, -5.539339488712531e-23, 0.0, 0.0, 1.1119505257003349e-22, -5.538355682096851e-23, 9.003622957950799e-26, -2.764522019422922e-23, 0.0, 0.0, 1.0, 9.893205685180188e-26, 1.5275584536278103e-25, 0.0, 0.0, 0.0, 0.0, 0.0, 0.0, 0.0, 0.0, 0.0, 0.0, 0.0, 0.0, 0.0, 1.0409281262714894e-25]","[0.0029553530761045705, 0.0, 0.0033885817983263806, 0.0, 0.0, 0.0, 0.00039016089449038965, 0.003011967222442804, 0.008431094239191944, 0.007725448459551737, 0.0, 0.0, 0.000662644467248759, 0.8863988791933256, 0.0055540500002269465, 0.010397272610239774, 0.0, 0.004264466035569346, 0.012682407603303547, 0.009443856298110554, 0.018719645370804783, 0.0, 0.0, 0.01367873165190555, 0.0, 0.012295441079157277, 0.0, 0.0, 0.0, 0.0]","[0.09234768897294998, 0.0, 0.0, 0.0, 0.0, 0.11410751193761826, 0.0, 0.0, 0.11410751193761826, 0.0, 0.0, 0.11410751193761826, 0.0, 0.11410751193761826, 0.0, 0.0, 0.0, 0.11410751193761826, 0.11410751193761826, 0.0, 0.0, 0.09850313514471054, 0.0, 0.0, 0.0, 0.0, 0.10916279256343842, 0.015341243706643581, 0.0, 0.0]",-0.0011900428681000615
20,0.9668690707316397,"[1.014078526516196, 1.0022563077928275, 0.9941187016214635, 1.001860146404046, 0.9685584524229753, 0.9971577577437433, 0.9942982668236402, 0.9963682688267074, 1.0173923899675665, 1.0021587047057763, 0.9945218776560357, 0.9991665646222062, 0.9905880158323239, 0.9844770243613188, 0.9909482787182421, 0.9882052756614395, 0.9807059883699436, 1.0114189792409232, 0.9888899826701217, 0.993268714425487, 1.0073814234210197, 0.9817276948729434, 1.0208330908834509, 0.9972018059093313, 1.0003902015436923, 0.9792762861843739, 0.9989529118260663, 0.9992093353228914, 1.0077576496273202, 1.0107973597464615]","[0.9722976241194599, 1.001447766271842, 1.0094366356900506, 0.9904581460076962, 0.9899866349974692, 0.9944321600940796, 0.9928973521020886, 1.00312799173449, 0.9780190296378982, 0.9979511223462384, 1.0078166097226793, 0.9961502021164038, 1.0138527824101367, 1.0283179845850308, 0.9853640140843232, 1.0064688451005177, 1.0136365919287416, 1.024463911519138, 0.9893073893651322, 0.9907851852943432, 0.980590653570392, 1.0119584697434625, 0.9878644506408115, 1.0101627630726255, 1.0154832155720332, 1.0208767043287414, 1.001764798217523, 1.009194807875769, 0.9963190295332089, 1.0194866559816342]","[-0.027702375880540142, 0.0014477662718419548, 0.009436635690050599, -0.009541853992303784, -0.010013365002530805, -0.005567839905920358, -0.007102647897911374, 0.0031279917344899655, -0.02198097036210178, -0.002048877653761605, 0.00781660972267928, -0.0038497978835961844, 0.013852782410136655, 0.028317984585030764, -0.01463598591567683, 0.006468845100517706, 0.01363659192874156, 0.02446391151913807, -0.010692610634867816, -0.00921481470565677, -0.01940934642960801, 0.011958469743462485, -0.01213554935918848, 0.010162763072625536, 0.015483215572033249, 0.020876704328741447, 0.001764798217523067, 0.009194807875769095, -0.003680970466791056, 0.019486655981634238]","[0.0, 0.0, 0.0, 0.0, 0.09999999403953552, 0.0, 0.0, 0.0, 0.09999999403953552, 0.09999999403953552, 0.09999999403953552, 0.09999999403953552, 0.09999999403953552, 0.09999999403953552, 0.09999999403953552, 0.09999999403953552, 0.0, 0.0, 0.09999999403953552, 0.0, 0.0, 0.0, 0.0, 0.0, 0.0, 0.0, 0.0, 0.0, 0.0, 0.0]","[0.0, 0.0, 2.2233557655980396e-22, 0.0, 3.3332624321953347e-22, 1.3903347074414152e-22, 0.0, 2.8580900831212475e-25, 0.0, 1.1119571205158727e-22, 1.1121733654707725e-22, 1.0, 3.555124805635413e-25, 0.0, 0.0, 2.222850614819596e-22, 0.0, 0.0, 0.0, 2.2222809379308143e-22, 0.0, 0.0, 0.0, 0.0, 0.0, 0.0, 0.0, 0.0, 0.0, 0.0]","[0.013043492547830531, 0.008491931678280926, 0.0, 0.010447696741564188, 0.0, 0.015872468883620927, 0.002557398090702395, 0.0018664873731354004, 0.010301827483293991, 0.00014289331898203073, 0.00032540513094842714, 0.9134216914290425, 0.0042824924769604734, 0.0, 0.0, 0.0, 0.004953912774395246, 0.002483692357634904, 0.006063489094002636, 0.0, 0.004343432975571292, 0.0, 0.0, 0.0, 0.0, 0.0, 0.0, 0.0, 0.0014016876440341283, 0.0]","[0.0, 0.0, 0.0, 0.0, 0.10000000149011612, 0.0, 0.0, 0.0, 0.10000000149011612, 0.10000000149011612, 0.10000000149011612, 0.10000000149011612, 0.10000000149011612, 0.10000000149011612, 0.10000000149011612, 0.10000000149011612, 0.0, 0.0, 0.10000000149011612, 0.0, 0.0, 0.0, 0.0, 0.0, 0.0, 0.0, 0.0, 0.0, 0.0, 0.0]",-0.0011071665105260977
21,0.9645187004559218,"[0.9722976241194599, 1.001447766271842, 1.0094366356900506, 0.9904581460076962, 0.9899866349974692, 0.9944321600940796, 0.9928973521020886, 1.00312799173449, 0.9780190296378982, 0.9979511223462384, 1.0078166097226793, 0.9961502021164038, 1.0138527824101367, 1.0283179845850308, 0.9853640140843232, 1.0064688451005177, 1.0136365919287416, 1.024463911519138, 0.9893073893651322, 0.9907851852943432, 0.980590653570392, 1.0119584697434625, 0.9878644506408115, 1.0101627630726255, 1.0154832155720332, 1.0208767043287414, 1.001764798217523, 1.009194807875769, 0.9963190295332089, 1.0194866559816342]","[1.003137487969176, 0.9961614606962359, 0.9967948712433544, 1.0048334953499398, 1.0081709561305257, 0.9973333328677345, 0.9883954467977837, 1.0054318698726692, 1.0069742294167694, 1.0023366336814208, 0.9911173964989085, 1.0002898899688668, 0.9857622622720439, 1.0080722212511173, 0.9987640520005531, 1.040257074641266, 1.0053113620509515, 0.9874503015562369, 1.01434508103552, 1.0077282483237446, 1.0186234899878925, 0.9841793064667737, 1.0082020615943443, 1.0046227894939355, 1.0287927874463942, 1.0040412807741237, 0.9847201747740372, 0.9907806774562915, 0.999458188374253, 0.999007512371347]","[0.0031374879691759006, -0.003838539303764099, -0.003205128756645581, 0.00483349534993982, 0.008170956130525653, -0.002666667132265488, -0.011604553202216317, 0.005431869872669193, 0.006974229416769395, 0.0023366336814207855, -0.00888260350109149, 0.00028988996886680773, -0.014237737727956112, 0.008072221251117284, -0.0012359479994469291, 0.040257074641266044, 0.005311362050951507, -0.01254969844376308, 0.014345081035519902, 0.007728248323744635, 0.01862348998789254, -0.01582069353322635, 0.008202061594344334, 0.004622789493935464, 0.02879278744639424, 0.00404128077412369, -0.015279825225962829, -0.009219322543708497, -0.0005418116257469574, -0.0009924876286530049]","[0.0, 0.10000000149011612, 0.10000000149011612, 0.0, 0.0, 0.0, 0.10000000149011612, 0.10000000149011612, 0.0, 0.0, 0.0, 0.0, 0.10000000149011612, 0.0, 0.0, 0.0, 0.0, 0.10000000149011612, 0.0, 0.10000000149011612, 0.10000000149011612, 0.0, 0.0, 0.10000000149011612, 0.0, 0.0, 0.10000000149011612, 0.0, 0.0, 0.0]","[0.0, 0.0, 0.0, 2.777321624108613e-23, 0.0, 1.0, 0.0, 1.1104477143371568e-22, 0.0, 0.0, 8.328273152433419e-23, 0.0, 0.0, 0.0, 0.0, 0.0, 0.0, 3.3618916012682965e-26, 1.1104495615042702e-22, 0.0, 0.0, 1.1104151458140913e-22, 3.04707385402931e-26, 1.1105323710068303e-22, 0.0, 0.0, 0.0, 3.02634992338133e-26, 0.0, 0.0]","[0.0009070543560698419, 0.0012889301439871943, 0.0, 0.0, 0.0055304596750197854, 0.9061586015551092, 0.021052685143324076, 0.012800684249513895, 0.0016082072464984427, 0.011625575084601153, 0.004532171813107293, 0.0, 0.0, 0.0, 0.0, 0.0, 0.0, 0.0, 0.000663427240457383, 0.0, 0.0, 0.0, 0.007094446261901623, 0.016627419028334655, 0.0, 0.0, 0.0, 0.0, 0.003631608331005062, 0.006478729871070361]","[0.0, 0.10000000149011612, 0.10000000149011612, 0.0, 0.0, 0.0, 0.10000000149011612, 0.10000000149011612, 0.0, 0.0, 0.0, 0.0, 0.10000000149011612, 0.0, 0.0, 0.0, 0.0, 0.10000000149011612, 0.0, 0.10000000149011612, 0.10000000149011612, 0.0, 0.0, 0.10000000149011612, 0.0, 0.0, 0.10000000149011612, 0.0, 0.0, 0.0]",-0.0029128771481671525
22,0.9677987036222645,"[1.003137487969176, 0.9961614606962359, 0.9967948712433544, 1.0048334953499398, 1.0081709561305257, 0.9973333328677345, 0.9883954467977837, 1.0054318698726692, 1.0069742294167694, 1.0023366336814208, 0.9911173964989085, 1.0002898899688668, 0.9857622622720439, 1.0080722212511173, 0.9987640520005531, 1.040257074641266, 1.0053113620509515, 0.9874503015562369, 1.01434508103552, 1.0077282483237446, 1.0186234899878925, 0.9841793064667737, 1.0082020615943443, 1.0046227894939355, 1.0287927874463942, 1.0040412807741237, 0.9847201747740372, 0.9907806774562915, 0.999458188374253, 0.999007512371347]","[1.0115458946026852, 0.9999709220742572, 1.0082689036977184, 0.9921535706720616, 1.0080450066728777, 0.9939496296760618, 1.0111256975340919, 0.9875375395171211, 1.0201921578131186, 0.9909927700314873, 0.995412835223521, 1.009894754227317, 0.9995580189927719, 0.9876536533612216, 1.0209337621750907, 0.9989361172702126, 1.0246809984279985, 1.024669542595319, 1.009931247463773, 1.0235499882883285, 0.9992734552778786, 1.0083313957845808, 1.018608623635045, 0.9995614763471102, 1.021258967844211, 0.9838924890988657, 1.0021011026050985, 0.9997676705762882, 1.013372262366197, 0.9956670072116639]","[0.01154589460268518, -2.907792574280421e-05, 0.008268903697718377, -0.007846429327938442, 0.008045006672877664, -0.006050370323938181, 0.011125697534091872, -0.012462460482878912, 0.02019215781311856, -0.009007229968512664, -0.004587164776479025, 0.009894754227316893, -0.0004419810072281427, -0.012346346638778427, 0.020933762175090687, -0.0010638827297874132, 0.024680998427998535, 0.02466954259531895, 0.009931247463772941, 0.02354998828832855, -0.0007265447221214139, 0.008331395784580753, 0.018608623635044896, -0.00043852365288976625, 0.021258967844210996, -0.01610751090113427, 0.002101102605098548, -0.00023232942371176346, 0.01337226236619693, -0.004332992788336099]","[0.10596758872270584, 0.0, 0.0, 0.12126169353723526, 0.07529301196336746, 0.0, 0.11822343617677689, 0.12126169353723526, 0.0, 0.0, 0.0, 0.0, 0.0, 0.12126169353723526, 0.06106818467378616, 0.0, 0.12126169353723526, 0.0, 0.0, 0.0, 0.0, 0.0, 0.0, 0.09420157968997955, 0.0, 0.0, 0.0, 0.06019943580031395, 0.0, 0.0]","[0.0, 0.0, 0.0, 0.0, 0.0, 0.0, 1.0, 2.775727737891111e-23, 0.0, 2.7757428022069874e-23, 0.0, 2.0163346367207282e-27, 0.0, 1.9848911340766844e-27, 0.0, 2.000545092664664e-27, 0.0, 2.1110179750186713e-27, 0.0, 0.0, 5.551256431230619e-23, 2.7756307674724857e-23, 0.0, 0.0, 0.0, 0.0, 0.0, 0.0, 0.0, 2.1441732441972864e-27]","[0.0025223273256346746, 0.0003859593212057484, 0.0, 0.0, 0.0, 0.009058244241431621, 0.921843986365322, 0.0, 0.0, 0.00670907133364387, 0.0, 0.0025323875348107518, 0.00037156531996513563, 0.0009012394498927708, 0.009857009701637384, 0.0, 0.008005126857209846, 0.0, 0.0, 0.0, 0.0, 0.007839757949122486, 0.0, 0.00010211611659475025, 0.0, 0.0, 0.0, 0.0250361482285495, 0.004835060254979525, 0.0]","[0.10596758872270584, 0.0, 0.0, 0.12126169353723526, 0.07529301196336746, 0.0, 0.11822343617677689, 0.12126169353723526, 0.0, 0.0, 0.0, 0.0, 0.0, 0.12126169353723526, 0.06106818467378616, 0.0, 0.12126169353723526, 0.0, 0.0, 0.0, 0.0, 0.0, 0.0, 0.09420157968997955, 0.0, 0.0, 0.0, 0.06019943580031395, 0.0, 0.0]",0.0029844555629468324
23,0.9703647651880504,"[1.0115458946026852, 0.9999709220742572, 1.0082689036977184, 0.9921535706720616, 1.0080450066728777, 0.9939496296760618, 1.0111256975340919, 0.9875375395171211, 1.0201921578131186, 0.9909927700314873, 0.995412835223521, 1.009894754227317, 0.9995580189927719, 0.9876536533612216, 1.0209337621750907, 0.9989361172702126, 1.0246809984279985, 1.024669542595319, 1.009931247463773, 1.0235499882883285, 0.9992734552778786, 1.0083313957845808, 1.018608623635045, 0.9995614763471102, 1.021258967844211, 0.9838924890988657, 1.0021011026050985, 0.9997676705762882, 1.013372262366197, 0.9956670072116639]","[1.0003426010251455, 1.0176076765439703, 1.0179855223012573, 1.0042812952216524, 0.9918365321526549, 0.9971533532463239, 0.9981226135147482, 1.01368615551106, 0.9925971557558244, 1.0054449023188174, 1.0036573556120434, 0.9932027450321428, 1.0042133842449188, 1.0123878775626194, 1.012473646980962, 1.0108016825019388, 1.0076383260572184, 0.9714846810579391, 0.9869258358627608, 1.0193409088867664, 1.027211392851896, 0.9898114559617059, 1.0087697649550351, 1.0027558619283363, 0.998499284553442, 1.005893429438174, 0.9708033203503398, 1.0018459565501294, 1.0202782904044085, 0.9939705139823691]","[0.00034260102514549473, 0.01760767654397033, 0.017985522301257273, 0.004281295221652437, -0.008163467847345118, -0.0028466467536760742, -0.0018773864852518196, 0.013686155511059894, -0.007402844244175588, 0.005444902318817446, 0.003657355612043389, -0.006797254967857214, 0.004213384244918794, 0.012387877562619387, 0.012473646980962094, 0.010801682501938803, 0.00763832605721837, -0.02851531894206094, -0.013074164137239164, 0.019340908886766428, 0.027211392851896, -0.010188544038294056, 0.00876976495503512, 0.002755861928336323, -0.0015007154465580541, 0.005893429438174058, -0.029196679649660218, 0.001845956550129424, 0.02027829040440854, -0.0060294860176308696]","[0.0, 0.0, 0.0, 0.0, 0.0, 0.0, 0.0, 0.0, 0.0, 0.0, 0.12467809021472931, 0.0, 0.12467809021472931, 0.0, 0.0, 0.0, 0.12467809021472931, 0.09127219021320343, 0.0, 0.0, 0.09112011641263962, 0.12467809021472931, 0.0, 0.0, 0.08033525943756104, 0.03272606059908867, 0.0, 0.0, 0.12467809021472931, 0.08115583658218384]","[1.0, 2.776287914829997e-22, 1.6660778238247902e-22, 0.0, 0.0, 1.6658335400416095e-22, 1.6658831989896676e-22, 2.776398518922106e-22, 0.0, 0.0, 0.0, 0.0, 1.6660300413179806e-22, 0.0, 0.0, 1.6660190735321334e-22, 0.0, 0.0, 0.0, 0.0, 0.0, 0.0, 1.110711950631302e-22, 0.0, 0.0, 1.1109650530165864e-22, 0.0, 0.0, 0.0, 0.0]","[0.9278922198529053, 0.0057405285882342165, 0.0, 0.0, 0.003300607084713295, 0.0, 0.013041519135400149, 0.0027053909833260276, 0.0037174261648495787, 0.0, 0.0, 0.0028388278774625787, 0.0016036806745954885, 0.008511368441585596, 0.0, 0.010782166433752995, 0.005167597649970293, 0.004401778848019104, 0.0, 0.0, 0.0, 0.0, 0.0, 0.003615331677305944, 0.003690625822123517, 0.0, 0.0, 0.002990930765755809, 0.0, 0.0]","[0.0, 0.0, 0.0, 0.0, 0.0, 0.0, 0.0, 0.0, 0.0, 0.0, 0.1246781051158905, 0.0, 0.1246781051158905, 0.0, 0.0, 0.0, 0.1246781051158905, 0.09127219766378403, 0.0, 0.0, 0.09112012386322021, 0.1246781051158905, 0.0, 0.0, 0.08033526688814163, 0.03272606432437897, 0.0, 0.0, 0.1246781051158905, 0.08115584403276443]",0.002122733241428543
24,0.9757239592432025,"[1.0003426010251455, 1.0176076765439703, 1.0179855223012573, 1.0042812952216524, 0.9918365321526549, 0.9971533532463239, 0.9981226135147482, 1.01368615551106, 0.9925971557558244, 1.0054449023188174, 1.0036573556120434, 0.9932027450321428, 1.0042133842449188, 1.0123878775626194, 1.012473646980962, 1.0108016825019388, 1.0076383260572184, 0.9714846810579391, 0.9869258358627608, 1.0193409088867664, 1.027211392851896, 0.9898114559617059, 1.0087697649550351, 1.0027558619283363, 0.998499284553442, 1.005893429438174, 0.9708033203503398, 1.0018459565501294, 1.0202782904044085, 0.9939705139823691]","[0.998380608700865, 0.9915232257585557, 1.0093985775507388, 1.0016231138199854, 1.0253576154574922, 1.001811399426625, 1.00137061302324, 1.0012294756508382, 1.0063018516995026, 1.0067945955406719, 0.9945319635941187, 1.0214809581018216, 1.0049332243439, 1.0090438961275827, 1.0108165490803016, 0.9951561928618954, 0.9924134940590422, 1.0009135399871645, 1.012565553160652, 0.9945955826231719, 1.0007032999402914, 1.0180159985699164, 1.0032507720065351, 1.0081526942050576, 0.9797457037687495, 0.9956824849040274, 0.9981009400014503, 0.9944456500728893, 1.0244333371206575, 1.0173022831425906]","[-0.0016193912991350201, -0.00847677424144433, 0.009398577550738807, 0.0016231138199853667, 0.025357615457492155, 0.0018113994266248934, 0.0013706130232400415, 0.0012294756508381965, 0.006301851699502592, 0.006794595540671855, -0.005468036405881338, 0.0214809581018216, 0.004933224343899978, 0.009043896127582718, 0.010816549080301607, -0.004843807138104617, -0.007586505940957777, 0.00091353998716448, 0.01256555316065211, -0.0054044173768280634, 0.0007032999402913909, 0.018015998569916425, 0.0032507720065351187, 0.008152694205057598, -0.020254296231250524, -0.004317515095972557, -0.0018990599985496681, -0.00555434992711068, 0.02443333712065754, 0.017302283142590635]","[0.0, 0.13685110211372375, 0.02277137152850628, 0.10555114597082138, 0.13685110211372375, 0.0, 0.0, 0.0, 0.0, 0.13051801919937134, 0.0, 0.0, 0.0, 0.0, 0.031168727204203606, 0.0, 0.0, 0.13685110211372375, 0.0, 0.0, 0.03919769451022148, 0.0, 0.13685110211372375, 0.12338860332965851, 0.0, 0.0, 0.0, 0.0, 0.0, 0.0]","[0.0, 0.0, 0.0, 0.0, 8.332193423510859e-23, 0.0, 0.0, 0.0, 0.0, 1.1108999850882289e-22, 0.0, 0.0, 0.0, 0.0, 1.1106736492156818e-22, 1.1106393068341003e-22, 0.0, 1.1106449364351798e-22, 0.0, 0.0, 0.0, 0.0, 7.466465854369436e-26, 0.0, 1.1108205610623621e-22, 1.0, 6.697954170866425e-26, 0.0, 0.0, 5.554438922765714e-23]","[0.0, 0.0, 0.0025584812037111582, 0.012973171056518138, 0.006047487362705693, 0.006311417378362876, 0.009666020913622463, 0.0, 0.01662295360137189, 0.0019802926468658233, 0.0, 0.0, 0.0004390688950554307, 0.025283900257117634, 0.0, 0.0, 0.0, 0.005047302933245853, 0.0, 0.0, 0.0, 0.0, 0.012247585380559515, 0.0033312900626116236, 0.0, 0.8912956388896668, 0.0, 0.00440336292906587, 0.0, 0.001792026489519099]","[0.0, 0.13685111701488495, 0.022771373391151428, 0.10555115342140198, 0.13685111701488495, 0.0, 0.0, 0.0, 0.0, 0.13051803410053253, 0.0, 0.0, 0.0, 0.0, 0.031168729066848755, 0.0, 0.0, 0.13685111701488495, 0.0, 0.0, 0.03919769823551178, 0.0, 0.13685111701488495, 0.1233886107802391, 0.0, 0.0, 0.0, 0.0, 0.0, 0.0]",0.005112329076286342
25,0.9688036924605058,"[0.998380608700865, 0.9915232257585557, 1.0093985775507388, 1.0016231138199854, 1.0253576154574922, 1.001811399426625, 1.00137061302324, 1.0012294756508382, 1.0063018516995026, 1.0067945955406719, 0.9945319635941187, 1.0214809581018216, 1.0049332243439, 1.0090438961275827, 1.0108165490803016, 0.9951561928618954, 0.9924134940590422, 1.0009135399871645, 1.012565553160652, 0.9945955826231719, 1.0007032999402914, 1.0180159985699164, 1.0032507720065351, 1.0081526942050576, 0.9797457037687495, 0.9956824849040274, 0.9981009400014503, 0.9944456500728893, 1.0244333371206575, 1.0173022831425906]","[0.9943445161204056, 0.9772907444672518, 0.9948738982673743, 0.9879589982012735, 1.0062953327948452, 0.9808986829158394, 0.9899585988023129, 1.0007056249991673, 0.9868958672824701, 0.9795902503411874, 0.9792910794487838, 1.0152572092445271, 1.00171067765571, 1.0010692516662572, 0.9939889628747984, 1.0000116961465007, 0.9951082889317222, 1.0089257781425602, 0.9951023080914589, 0.9831165635456655, 0.9993853751871277, 0.9987395237908264, 1.0180828560275224, 0.9931436548329812, 1.0018424941468493, 0.9948134895054713, 0.9923946108245992, 0.974387601620154, 0.9993586396672476, 0.9977783916903775]","[-0.0056554838795943585, -0.022709255532748163, -0.005126101732625732, -0.01204100179872647, 0.0062953327948451765, -0.01910131708416063, -0.01004140119768715, 0.0007056249991672647, -0.01310413271752986, -0.020409749658812593, -0.020708920551216203, 0.015257209244527115, 0.0017106776557100911, 0.0010692516662571538, -0.006011037125201568, 1.1696146500650428e-05, -0.004891711068277793, 0.008925778142560237, -0.0048976919085410575, -0.016883436454334544, -0.0006146248128723331, -0.0012604762091735777, 0.018082856027522354, -0.006856345167018829, 0.0018424941468493383, -0.005186510494528673, -0.007605389175400767, -0.02561239837984597, -0.0006413603327524164, -0.0022216083096224803]","[0.0, 0.0, 0.0, 0.0, 0.09673378616571426, 0.10773970186710358, 0.0, 0.0, 0.08314705640077591, 0.0, 0.0, 0.10773970186710358, 0.0, 0.0, 0.0, 0.10773970186710358, 0.0, 0.0, 0.06594132632017136, 0.10773970186710358, 0.0, 0.0, 0.0, 0.10773970186710358, 0.0, 0.10773970186710358, 0.0, 0.10773970186710358, 0.0, 0.0]","[0.0, 0.0, 1.110917825609009e-22, 5.222229610279151e-26, 0.0, 1.0, 0.0, 0.0, 0.0, 0.0, 1.110681537855549e-22, 0.0, 0.0, 0.0, 1.110951570613344e-22, 0.0, 0.0, 0.0, 0.0, 8.743965385063019e-26, 0.0, 5.628109639371841e-26, 0.0, 9.069135082790284e-26, 0.0, 7.769913219365553e-26, 0.0, 0.0, 6.361778630916164e-26, 0.0]","[0.0, 0.0, 0.0, 0.0, 0.0057775394874741886, 0.9350667118979005, 0.0, 0.0, 0.0, 0.007427169688830821, 0.014406126061103218, 0.0, 0.0, 0.0, 0.0, 0.0136953645492372, 0.0, 0.0, 0.0, 0.006843542335345033, 0.0, 0.0, 0.008920327680601841, 7.956819844394446e-05, 0.0, 0.0, 0.0, 0.0, 0.0, 0.00778365010106336]","[0.0, 0.0, 0.0, 0.0, 0.09673377126455307, 0.10773968696594238, 0.0, 0.0, 0.08314704895019531, 0.0, 0.0, 0.10773968696594238, 0.0, 0.0, 0.0, 0.10773968696594238, 0.0, 0.0, 0.06594131886959076, 0.10773968696594238, 0.0, 0.0, 0.0, 0.10773968696594238, 0.0, 0.10773968696594238, 0.0, 0.10773968696594238, 0.0, 0.0]",-0.007506328908279075
26,0.9696835116783326,"[0.9943445161204056, 0.9772907444672518, 0.9948738982673743, 0.9879589982012735, 1.0062953327948452, 0.9808986829158394, 0.9899585988023129, 1.0007056249991673, 0.9868958672824701, 0.9795902503411874, 0.9792910794487838, 1.0152572092445271, 1.00171067765571, 1.0010692516662572, 0.9939889628747984, 1.0000116961465007, 0.9951082889317222, 1.0089257781425602, 0.9951023080914589, 0.9831165635456655, 0.9993853751871277, 0.9987395237908264, 1.0180828560275224, 0.9931436548329812, 1.0018424941468493, 0.9948134895054713, 0.9923946108245992, 0.974387601620154, 0.9993586396672476, 0.9977783916903775]","[1.0117692943167598, 0.9988325157068623, 1.0175541773152514, 1.0123611627266649, 0.9992402105545745, 1.0002791495972552, 1.010702336515695, 0.9800401267376884, 0.9996534867433112, 1.017261502581858, 0.9725788841366056, 1.0069977190630042, 1.0158208144007024, 0.9988827274160461, 0.9981672758989628, 0.9981488892458699, 1.0172856538065875, 1.0105285048583796, 1.0212902217497535, 1.0068610828800666, 0.9803581947871253, 1.0086895240268945, 1.0106231717934957, 1.0035212786975813, 0.9808457705888803, 0.9666736481673994, 1.008374148167801, 0.9822457717238781, 0.9841725320553681, 0.9972305505507707]","[0.01176929431675977, -0.0011674842931377327, 0.01755417731525144, 0.012361162726664876, -0.0007597894454255405, 0.0002791495972551683, 0.010702336515695077, -0.019959873262311634, -0.0003465132566887741, 0.0172615025818581, -0.027421115863394352, 0.006997719063004171, 0.015820814400702377, -0.0011172725839538877, -0.0018327241010371864, -0.0018511107541301364, 0.01728565380658753, 0.01052850485837964, 0.02129022174975348, 0.0068610828800665935, -0.01964180521287473, 0.00868952402689449, 0.0106231717934957, 0.0035212786975813426, -0.01915422941111966, -0.033326351832600576, 0.008374148167801021, -0.01775422827612194, -0.015827467944631857, -0.0027694494492293]","[0.10205453634262085, 0.0, 0.0, 0.009508977644145489, 0.0, 0.0, 0.11579416692256927, 0.0, 0.0, 0.13695289194583893, 0.09394536912441254, 0.0, 0.0, 0.12237858027219772, 0.0, 0.13695289194583893, 0.0, 0.0, 0.0, 0.0, 0.0, 0.0, 0.0, 0.08997946977615356, 0.0, 0.0, 0.0, 0.05548026040196419, 0.0, 0.13695289194583893]","[0.0, 5.7979830083318935e-25, 0.0, 2.2257742923699365e-22, 1.0, 1.1136767344600032e-22, 0.0, 0.0, 0.0, 0.0, 0.0, 0.0, 0.0, 0.0, 0.0, 1.6695186367071725e-22, 0.0, 2.2273760813097058e-22, 0.0, 5.104105208552809e-25, 0.0, 0.0, 5.4161437618448465e-25, 0.0, 5.130542433491973e-25, 5.084865199223259e-25, 0.0, 0.0, 0.0, 0.0]","[0.00694654364108877, 0.0, 0.002890578184449387, 0.004403387458887667, 0.9245399956671707, 0.00476673275239226, 0.0, 0.01159379239584368, 0.0, 0.0, 0.0, 0.0, 0.0, 0.0, 0.010917600872922486, 0.0, 0.0047134095687684984, 0.0, 0.003831392082504634, 0.004235578171278419, 0.0, 0.0, 0.008269623627647658, 0.0, 0.0, 0.0, 0.010627549902684667, 0.0, 0.0022638156743611986, 0.0]","[0.10205453634262085, 0.0, 0.0, 0.009508977644145489, 0.0, 0.0, 0.11579416692256927, 0.0, 0.0, 0.13695289194583893, 0.09394536912441254, 0.0, 0.0, 0.12237858027219772, 0.0, 0.13695289194583893, 0.0, 0.0, 0.0, 0.0, 0.0, 0.0, 0.0, 0.08997946977615356, 0.0, 0.0, 0.0, 0.05548026040196419, 0.0, 0.13695289194583893]",0.00048239054810482083
27,0.9681574504678039,"[1.0117692943167598, 0.9988325157068623, 1.0175541773152514, 1.0123611627266649, 0.9992402105545745, 1.0002791495972552, 1.010702336515695, 0.9800401267376884, 0.9996534867433112, 1.017261502581858, 0.9725788841366056, 1.0069977190630042, 1.0158208144007024, 0.9988827274160461, 0.9981672758989628, 0.9981488892458699, 1.0172856538065875, 1.0105285048583796, 1.0212902217497535, 1.0068610828800666, 0.9803581947871253, 1.0086895240268945, 1.0106231717934957, 1.0035212786975813, 0.9808457705888803, 0.9666736481673994, 1.008374148167801, 0.9822457717238781, 0.9841725320553681, 0.9972305505507707]","[0.9843723420745529, 0.9953347436258944, 1.0049195461862943, 1.004717952019101, 1.0020792448496365, 0.9823062217745405, 0.9967435537711663, 0.9848247638292854, 0.9905565655552101, 0.9876494943679766, 0.9984273120180446, 0.9854825442563263, 0.9787405317847837, 0.989303225662038, 1.0007622442201436, 0.9975083560471665, 0.9834487474782779, 1.0057433170783054, 0.9760087708623587, 1.0286239571110785, 0.9988762738955965, 1.0053502059791166, 0.982185661209376, 0.9872569016331554, 0.9851186784695362, 0.9992100173396512, 1.0188606144739285, 1.0205048058942539, 1.0033684565138519, 1.0041762057336063]","[-0.01562765792544707, -0.004665256374105642, 0.00491954618629431, 0.004717952019100968, 0.002079244849636508, -0.017693778225459478, -0.003256446228833698, -0.01517523617071459, -0.0094434344447899, -0.012350505632023445, -0.001572687981955423, -0.01451745574367369, -0.021259468215216293, -0.010696774337962012, 0.0007622442201435931, -0.002491643952833522, -0.01655125252172207, 0.005743317078305443, -0.02399122913764129, 0.028623957111078457, -0.0011237261044034774, 0.005350205979116618, -0.017814338790623996, -0.012743098366844618, -0.014881321530463842, -0.000789982660348798, 0.018860614473928505, 0.020504805894253852, 0.0033684565138518696, 0.004176205733606331]","[0.11372727155685425, 0.0, 0.06639906018972397, 0.0, 0.0, 0.09435656666755676, 0.11372727155685425, 0.0, 0.0, 0.0, 0.0, 0.06928054988384247, 0.0, 0.09920049458742142, 0.11372727155685425, 0.0, 0.10212697833776474, 0.0, 0.0, 0.11372727155685425, 0.0, 0.0, 0.0, 0.0, 0.0, 0.0, 0.0, 0.11372727155685425, 0.0, 0.0]","[0.0, 0.0, 2.2289439853764033e-22, 0.0, 1.0, 0.0, 0.0, 0.0, 4.4487987817781e-22, 0.0, 2.228963191427736e-22, 4.44840840397513e-22, 0.0, 0.0, 0.0, 0.0, 3.337597983010962e-22, 0.0, 0.0, 2.2291405534286175e-22, 2.2305298002834353e-22, 0.0, 0.0, 0.0, 2.229283857345992e-22, 2.229211811234186e-22, 0.0, 0.0, 0.0, 0.0]","[0.0015192530789454267, 0.00028889788728436635, 0.0, 0.0, 0.9238501887514106, 0.012693999707546597, 0.0030935615909448784, 0.009131986026106344, 0.006894808123201402, 0.0, 0.000848015466570006, 0.0, 0.010626564508213808, 0.0012893804981506942, 0.012445983010986478, 0.0, 0.00018879689139418985, 0.0, 0.002991626905510406, 0.0, 0.0, 0.0, 0.0, 0.0, 0.0, 0.0, 0.011112946911086082, 0.0, 0.0030239906426485492, 0.0]","[0.11372727155685425, 0.0, 0.06639906018972397, 0.0, 0.0, 0.09435656666755676, 0.11372727155685425, 0.0, 0.0, 0.0, 0.0, 0.06928054988384247, 0.0, 0.09920049458742142, 0.11372727155685425, 0.0, 0.10212697833776474, 0.0, 0.0, 0.11372727155685425, 0.0, 0.0, 0.0, 0.0, 0.0, 0.0, 0.0, 0.11372727155685425, 0.0, 0.0]",-0.0020611356299084773
28,0.9653681916024723,"[0.9843723420745529, 0.9953347436258944, 1.0049195461862943, 1.004717952019101, 1.0020792448496365, 0.9823062217745405, 0.9967435537711663, 0.9848247638292854, 0.9905565655552101, 0.9876494943679766, 0.9984273120180446, 0.9854825442563263, 0.9787405317847837, 0.989303225662038, 1.0007622442201436, 0.9975083560471665, 0.9834487474782779, 1.0057433170783054, 0.9760087708623587, 1.0286239571110785, 0.9988762738955965, 1.0053502059791166, 0.982185661209376, 0.9872569016331554, 0.9851186784695362, 0.9992100173396512, 1.0188606144739285, 1.0205048058942539, 1.0033684565138519, 1.0041762057336063]","[1.009944561681955, 0.9861204076799246, 1.0241687223361078, 0.9962773555171142, 1.0071012385781726, 1.0142932223100172, 0.9578151455200263, 0.9965416157096386, 0.9941382073002394, 0.9946800960540847, 1.002963623694791, 1.030167628813382, 0.9988261710099259, 1.0114314175035442, 1.000047542244019, 0.9931739384370585, 0.9868744281572125, 0.9936031730427272, 1.0079230349666208, 0.9863509652322937, 1.0017171162033347, 0.984380277438562, 0.9725667962399217, 0.9989650176541784, 1.0170559347532133, 0.9960160921426519, 0.9974654665385013, 0.9907411324474028, 1.0024868720985636, 1.0184149451250633]","[0.0099445616819549, -0.013879592320075407, 0.024168722336107784, -0.0037226444828858396, 0.007101238578172575, 0.014293222310017173, -0.042184854479973666, -0.0034583842903613826, -0.005861792699760615, -0.005319903945915305, 0.0029636236947909733, 0.030167628813382086, -0.0011738289900741217, 0.01143141750354415, 4.7542244018927704e-05, -0.006826061562941521, -0.013125571842787509, -0.006396826957272839, 0.007923034966620834, -0.013649034767706292, 0.001717116203334701, -0.015619722561437954, -0.027433203760078295, -0.0010349823458215557, 0.01705593475321332, -0.003983907857348146, -0.002534533461498678, -0.009258867552597194, 0.002486872098563575, 0.018414945125063253]","[0.0, 0.0, 0.13308987021446228, 0.0, 0.13308987021446228, 0.0, 0.06253115087747574, 0.0, 0.0, 0.0, 0.0, 0.0, 0.0, 0.0, 0.0, 0.0, 0.050116587430238724, 0.061309657990932465, 0.0, 0.13308987021446228, 0.0, 0.05910204350948334, 0.0, 0.0, 0.0, 0.13308987021446228, 0.13308987021446228, 0.0, 0.10149124264717102, 0.0]","[0.0, 1.6654924568931973e-22, 0.0, 1.0, 0.0, 0.0, 3.3308569741061145e-22, 0.0, 0.0, 0.0, 1.6655194862260385e-22, 1.1104449049138137e-22, 0.0, 0.0, 1.110467281754577e-22, 0.0, 0.0, 1.1104506219367052e-22, 0.0, 0.0, 0.0, 1.110456745716001e-22, 1.1104467462877298e-22, 0.0, 0.0, 0.0, 0.0, 0.0, 0.0, 2.220625206343383e-22]","[0.00019912528815600074, 0.010800514536661573, 0.003286173860330164, 0.8960504357817083, 0.0054249922739862165, 0.01117822716615017, 0.0033557594965880626, 0.0, 0.0, 0.0, 0.0, 0.0, 0.0, 0.003870891702682215, 0.0031374502794202135, 0.0, 0.0030009883305435713, 0.0, 0.004524739871975727, 0.0, 0.01345637201771811, 0.0027088870085117812, 0.0036977496323185167, 0.004900630092433009, 0.01455664393550416, 0.0, 0.0, 0.004782994819761502, 0.011067423905550523, 0.0]","[0.0, 0.0, 0.13308987021446228, 0.0, 0.13308987021446228, 0.0, 0.06253115087747574, 0.0, 0.0, 0.0, 0.0, 0.0, 0.0, 0.0, 0.0, 0.0, 0.050116587430238724, 0.061309657990932465, 0.0, 0.13308987021446228, 0.0, 0.05910204350948334, 0.0, 0.0, 0.0, 0.13308987021446228, 0.13308987021446228, 0.0, 0.10149124264717102, 0.0]",-0.003359120944191786
29,0.9610098087815591,"[1.009944561681955, 0.9861204076799246, 1.0241687223361078, 0.9962773555171142, 1.0071012385781726, 1.0142932223100172, 0.9578151455200263, 0.9965416157096386, 0.9941382073002394, 0.9946800960540847, 1.002963623694791, 1.030167628813382, 0.9988261710099259, 1.0114314175035442, 1.000047542244019, 0.9931739384370585, 0.9868744281572125, 0.9936031730427272, 1.0079230349666208, 0.9863509652322937, 1.0017171162033347, 0.984380277438562, 0.9725667962399217, 0.9989650176541784, 1.0170559347532133, 0.9960160921426519, 0.9974654665385013, 0.9907411324474028, 1.0024868720985636, 1.0184149451250633]","[0.9999637233756712, 1.005515433214756, 1.0030693762252405, 0.9866171184898583, 0.9934731073318149, 0.9874881475557696, 0.9859079743034527, 1.0007992517200428, 1.0183122595902707, 0.9875684524499875, 0.9964604960012892, 0.9849986882074582, 0.9982013265900448, 1.0232120730911873, 1.001092035455935, 0.9781428853774755, 1.0201881215830029, 0.9937253851889009, 0.9862642936438741, 1.0100816031103643, 0.9901484806558611, 1.0114874039767823, 1.0039564115844404, 1.012241087314586, 0.9920447106661425, 0.9783840376293365, 0.9904598276769914, 1.0072442168010525, 0.9964527756227358, 1.0017570163638072]","[-3.627662432881262e-05, 0.005515433214756005, 0.0030693762252405055, -0.013382881510141664, -0.006526892668185069, -0.012511852444230365, -0.014092025696547328, 0.000799251720042804, 0.01831225959027072, -0.012431547550012523, -0.0035395039987108357, -0.015001311792541827, -0.0017986734099552093, 0.023212073091187335, 0.0010920354559349477, -0.021857114622524487, 0.02018812158300287, -0.006274614811099144, -0.013735706356125865, 0.010081603110364323, -0.00985151934413886, 0.011487403976782273, 0.003956411584440378, 0.012241087314585952, -0.007955289333857474, -0.021615962370663544, -0.009540172323008633, 0.007244216801052472, -0.00354722437726418, 0.0017570163638072067]","[0.0, 0.11658529192209244, 0.0, 0.0, 0.0, 0.0, 0.0, 0.0, 0.0, 0.0, 0.09264060109853745, 0.0, 0.11658529192209244, 0.0, 0.10724031180143356, 0.10801167041063309, 0.0, 0.08121058344841003, 0.0, 0.0, 0.0, 0.0, 0.0, 0.11458667367696762, 0.08910015970468521, 0.10755409300327301, 0.0, 0.0, 0.06648533046245575, 0.0]","[1.0750947705973805e-26, 0.0, 1.0, 3.470165394565747e-23, 0.0, 0.0, 0.0, 0.0, 5.552132411191688e-23, 2.776434499484291e-23, 0.0, 1.0123646130439639e-26, 0.0, 0.0, 0.0, 0.0, 0.0, 0.0, 0.0, 5.551962811027446e-23, 0.0, 0.0, 1.0957647752069176e-26, 1.120476151211757e-26, 0.0, 0.0, 0.0, 0.0, 5.552194596850328e-23, 0.0]","[0.0, 0.0025309875421948695, 0.9114701476355582, 0.0, 0.018385813163766983, 0.0, 0.0, 0.0, 0.0, 0.0, 0.01611611541222325, 0.0, 0.0025092059355645248, 0.0, 0.012026160370898304, 0.0, 0.0022047251630907296, 0.0, 0.0, 0.0, 0.003802197931014854, 0.0030495218345131746, 0.0031993695655320575, 0.0, 0.0, 0.012495490154817497, 0.001399345316026386, 0.0, 0.0, 0.010810919974799023]","[0.0, 0.11658529192209244, 0.0, 0.0, 0.0, 0.0, 0.0, 0.0, 0.0, 0.0, 0.09264060109853745, 0.0, 0.11658529192209244, 0.0, 0.10724031180143356, 0.10801167041063309, 0.0, 0.08121058344841003, 0.0, 0.0, 0.0, 0.0, 0.0, 0.11458667367696762, 0.08910015970468521, 0.10755409300327301, 0.0, 0.0, 0.06648533046245575, 0.0]",-0.004997451414473017
30,0.9675288099263016,"[0.9999637233756712, 1.005515433214756, 1.0030693762252405, 0.9866171184898583, 0.9934731073318149, 0.9874881475557696, 0.9859079743034527, 1.0007992517200428, 1.0183122595902707, 0.9875684524499875, 0.9964604960012892, 0.9849986882074582, 0.9982013265900448, 1.0232120730911873, 1.001092035455935, 0.9781428853774755, 1.0201881215830029, 0.9937253851889009, 0.9862642936438741, 1.0100816031103643, 0.9901484806558611, 1.0114874039767823, 1.0039564115844404, 1.012241087314586, 0.9920447106661425, 0.9783840376293365, 0.9904598276769914, 1.0072442168010525, 0.9964527756227358, 1.0017570163638072]","[0.9867277687558517, 1.0147887180683708, 1.011409186912568, 1.0018483705387458, 1.0075614570962776, 0.9838850751771279, 1.013419850938105, 1.0165896229379758, 0.9938236417922165, 0.9911962704428864, 0.9830583259898191, 1.0330192292216531, 0.9645999471749056, 0.9959812109338461, 0.9847213444132411, 1.0074346802834635, 1.0083856746496862, 0.988154569627507, 1.0019821231369017, 0.9854340543243776, 1.0093458337649064, 1.0076527308868544, 1.0106912891067779, 1.0072590764768354, 1.0146844631477998, 1.0044029859705412, 0.9965821865558822, 0.99237975150648, 0.992321794677487, 0.9854779203523198]","[-0.013272231244148336, 0.014788718068370788, 0.011409186912568092, 0.0018483705387457583, 0.007561457096277646, -0.016114924822872134, 0.013419850938104938, 0.016589622937975834, -0.0061763582077835055, -0.008803729557113615, -0.016941674010180874, 0.033019229221653124, -0.0354000528250944, -0.004018789066153938, -0.015278655586758894, 0.007434680283463502, 0.008385674649686203, -0.011845430372492971, 0.0019821231369017145, -0.014565945675622416, 0.009345833764906386, 0.007652730886854364, 0.010691289106777857, 0.0072590764768354354, 0.014684463147799809, 0.004402985970541229, -0.0034178134441178454, -0.007620248493520054, -0.007678205322512954, -0.014522079647680153]","[0.0, 0.12494253367185593, 0.12494253367185593, 0.06497553735971451, 0.0, 0.0, 0.0, 0.0, 0.050537433475255966, 0.09058544784784317, 0.0, 0.11591696739196777, 0.0, 0.12494253367185593, 0.0, 0.0, 0.0, 0.0, 0.12494253367185593, 0.0, 0.0, 0.0, 0.12494253367185593, 0.0, 0.0, 0.0, 0.0, 0.0, 0.05327197164297104, 0.0]","[1.0, 1.1104078168648737e-22, 2.220622436825308e-22, 0.0, 0.0, 0.0, 0.0, 2.1027857800643825e-26, 0.0, 0.0, 0.0, 0.0, 0.0, 1.1103598811773001e-22, 2.2205536236873586e-22, 0.0, 1.110368170318151e-22, 0.0, 0.0, 0.0, 2.220555843036582e-22, 2.2206145895081937e-22, 1.1103537493861358e-22, 0.0, 0.0, 0.0, 0.0, 0.0, 0.0, 0.0]","[0.8435663237647647, 0.0, 0.0038023676274022136, 0.0, 0.006876398225715501, 0.0, 0.019375517781417943, 0.0, 0.008316101768204591, 0.004652149968400709, 0.005334064408860895, 0.0, 0.01684342418542518, 0.008360011804754564, 0.014956114888767875, 0.012424559768478496, 0.0, 0.00016937646408992922, 0.0, 0.014332093046797252, 0.009577012238378122, 0.005918918861863708, 0.0, 1.3126030181873966e-05, 0.00500394001927752, 0.010111247010699957, 0.006085064878040218, 0.0, 0.0, 0.00428218725847898]","[0.0, 0.12494253367185593, 0.12494253367185593, 0.06497553735971451, 0.0, 0.0, 0.0, 0.0, 0.050537433475255966, 0.09058544784784317, 0.0, 0.11591696739196777, 0.0, 0.12494253367185593, 0.0, 0.0, 0.0, 0.0, 0.12494253367185593, 0.0, 0.0, 0.0, 0.12494253367185593, 0.0, 0.0, 0.0, 0.0, 0.0, 0.05327197164297104, 0.0]",0.006303366111691245
31,0.9666791161238791,"[0.9867277687558517, 1.0147887180683708, 1.011409186912568, 1.0018483705387458, 1.0075614570962776, 0.9838850751771279, 1.013419850938105, 1.0165896229379758, 0.9938236417922165, 0.9911962704428864, 0.9830583259898191, 1.0330192292216531, 0.9645999471749056, 0.9959812109338461, 0.9847213444132411, 1.0074346802834635, 1.0083856746496862, 0.988154569627507, 1.0019821231369017, 0.9854340543243776, 1.0093458337649064, 1.0076527308868544, 1.0106912891067779, 1.0072590764768354, 1.0146844631477998, 1.0044029859705412, 0.9965821865558822, 0.99237975150648, 0.992321794677487, 0.9854779203523198]","[1.0006408554687374, 0.9944732709448133, 0.9908550288048152, 0.9986561025106572, 0.9921612427037935, 0.9932162068823173, 0.985869698677511, 0.9857836451408117, 1.0079516116999816, 1.0097276391450085, 1.0167292904814145, 1.012951452707518, 1.0042673706445822, 1.0065375592122754, 1.0058935223735155, 0.9962345912490794, 1.0169625708079955, 1.0104364966329735, 0.998203481470556, 0.9926183761654295, 1.0127854053133574, 0.9963190904347168, 0.9880202286694744, 1.003509413858211, 0.9819983612168438, 1.0016423464477533, 0.9966726339616259, 1.007254823595407, 1.0028291224680803, 1.0143443057752204]","[0.000640855468737378, -0.0055267290551866965, -0.009144971195184759, -0.0013438974893428268, -0.007838757296206533, -0.006783793117682735, -0.014130301322489047, -0.014216354859188263, 0.007951611699981598, 0.009727639145008515, 0.01672929048141447, 0.012951452707518074, 0.004267370644582158, 0.00653755921227539, 0.005893522373515481, -0.0037654087509205736, 0.01696257080799546, 0.010436496632973524, -0.0017965185294439578, -0.007381623834570528, 0.012785405313357368, -0.003680909565283219, -0.011979771330525635, 0.003509413858211019, -0.018001638783156193, 0.0016423464477532956, -0.0033273660383741355, 0.007254823595407078, 0.002829122468080314, 0.01434430577522039]","[0.05402574688196182, 0.08154891431331635, 0.0, 0.0, 0.0, 0.0, 0.0, 0.0, 0.0, 0.11032740771770477, 0.0, 0.0, 0.0, 0.11592192947864532, 0.0, 0.0, 0.0, 0.0, 0.11592192947864532, 0.0, 0.0, 0.0, 0.09266572445631027, 0.0, 0.11592192947864532, 0.11592192947864532, 0.0, 0.0818224772810936, 0.11592192947864532, 0.0]","[1.1192931397762872e-22, 1.0, 2.2256569993844634e-22, 0.0, 0.0, 0.0, 0.0, 0.0, 0.0, 0.0, 2.2255245318274766e-22, 1.118613614684381e-22, 0.0, 2.2284796542055007e-22, 0.0, 0.0, 0.0, 0.0, 0.0, 0.0, 0.0, 0.0, 0.0, 0.0, 0.0, 3.3359744315250453e-22, 0.0, 3.335923449232004e-22, 1.1195390389370606e-22, 1.118277977418739e-22]","[0.0053866317623935305, 0.8900235878358334, 0.0010771189533044278, 0.013557736393072155, 0.013166501908733322, 0.008953538234883778, 0.00802950175179137, 0.0, 0.0035604557671747687, 0.002462556636924065, 0.0, 0.020120243124150564, 0.0007246372662257764, 0.0019861008211449695, 0.0, 0.004620501474202915, 0.000343782625453378, 0.0, 0.004434812899903334, 0.00791606168134969, 0.0003028516148557804, 0.0, 0.0003827083107898273, 0.0, 0.0, 0.009425523684766263, 0.003427310368793957, 0.0, 9.783688425277445e-05, 0.0]","[0.05402575805783272, 0.08154892921447754, 0.0, 0.0, 0.0, 0.0, 0.0, 0.0, 0.0, 0.11032743006944656, 0.0, 0.0, 0.0, 0.11592195183038712, 0.0, 0.0, 0.0, 0.0, 0.11592195183038712, 0.0, 0.0, 0.0, 0.09266573935747147, 0.0, 0.11592195183038712, 0.11592195183038712, 0.0, 0.08182249218225479, 0.11592195183038712, 0.0]",-0.0012658081531312627
32,0.9678502619695335,"[1.0006408554687374, 0.9944732709448133, 0.9908550288048152, 0.9986561025106572, 0.9921612427037935, 0.9932162068823173, 0.985869698677511, 0.9857836451408117, 1.0079516116999816, 1.0097276391450085, 1.0167292904814145, 1.012951452707518, 1.0042673706445822, 1.0065375592122754, 1.0058935223735155, 0.9962345912490794, 1.0169625708079955, 1.0104364966329735, 0.998203481470556, 0.9926183761654295, 1.0127854053133574, 0.9963190904347168, 0.9880202286694744, 1.003509413858211, 0.9819983612168438, 1.0016423464477533, 0.9966726339616259, 1.007254823595407, 1.0028291224680803, 1.0143443057752204]","[1.0126881964712071, 1.0078549499393692, 1.020408505169734, 0.97308773626764, 1.0050387056017016, 1.0083747923962671, 1.0038147847914023, 1.0012590011603684, 0.9907854746985884, 1.0034969476606326, 1.0010247940616115, 0.9982625957408652, 0.9876360931552646, 0.9909792564512396, 1.0099935837782827, 0.9803289775369315, 0.9865739524712349, 0.9893118403932583, 0.9896177876748825, 0.9889271465100119, 1.0018073556819407, 0.9997899792950458, 1.001051317792692, 1.0033554565094922, 1.0027228739907037, 1.0107356083308612, 0.9863707341436534, 1.0006776742771213, 1.0242483364651365, 1.0017272769793033]","[0.012688196471207114, 0.007854949939369194, 0.020408505169734026, -0.026912263732359998, 0.00503870560170161, 0.00837479239626715, 0.0038147847914022925, 0.001259001160368367, -0.009214525301411647, 0.0034969476606325767, 0.0010247940616114892, -0.0017374042591348227, -0.012363906844735428, -0.009020743548760368, 0.009993583778282744, -0.01967102246306851, -0.013426047528765084, -0.010688159606741743, -0.01038221232511749, -0.0110728534899881, 0.001807355681940681, -0.00021002070495423908, 0.0010513177926920747, 0.003355456509492205, 0.0027228739907037003, 0.01073560833086118, -0.013629265856346606, 0.0006776742771212874, 0.024248336465136466, 0.001727276979303305]","[0.0, 0.0, 0.089767225086689, 0.0, 0.0, 0.0, 0.11762622743844986, 0.0, 0.08478393405675888, 0.0, 0.0, 0.0, 0.0, 0.09590590745210648, 0.09806922823190689, 0.11762622743844986, 0.0, 0.0, 0.0, 0.0, 0.06146455928683281, 0.0, 0.0, 0.09950415790081024, 0.0, 0.11762622743844986, 0.0, 0.0, 0.0, 0.11762622743844986]","[0.0, 2.2877829176492793e-22, 2.56161787623083e-22, 0.0, 0.0, 0.0, 2.3023349363451674e-22, 0.0, 2.2912898951307514e-22, 0.0, 0.0, 0.0, 3.3858514908103403e-22, 1.0, 0.0, 2.287576025688117e-22, 0.0, 0.0, 2.286393767306663e-22, 0.0, 0.0, 3.4034461025686863e-22, 2.296240053948761e-22, 0.0, 0.0, 0.0, 0.0, 0.0, 0.0, 0.0]","[0.0, 0.0, 0.0, 0.004698348249163116, 0.0, 0.0, 0.0, 0.0021802407141650465, 0.0019235495373043161, 0.0, 0.0, 0.005131123873782338, 0.0, 0.9177218855906203, 0.0028982504386213925, 0.01004797961406674, 0.0, 0.005800309208167387, 0.018799254500965, 0.004655440644793472, 0.0, 0.0, 0.0, 0.0, 0.0, 0.0, 0.0, 0.008009858181965738, 0.00943157398884105, 0.008702185457544325]","[0.0, 0.0, 0.089767225086689, 0.0, 0.0, 0.0, 0.11762622743844986, 0.0, 0.08478393405675888, 0.0, 0.0, 0.0, 0.0, 0.09590590745210648, 0.09806922823190689, 0.11762622743844986, 0.0, 0.0, 0.0, 0.0, 0.06146455928683281, 0.0, 0.0, 0.09950415790081024, 0.0, 0.11762622743844986, 0.0, 0.0, 0.0, 0.11762622743844986]",0.0008089805939079823
33,0.9609892906646896,"[1.0126881964712071, 1.0078549499393692, 1.020408505169734, 0.97308773626764, 1.0050387056017016, 1.0083747923962671, 1.0038147847914023, 1.0012590011603684, 0.9907854746985884, 1.0034969476606326, 1.0010247940616115, 0.9982625957408652, 0.9876360931552646, 0.9909792564512396, 1.0099935837782827, 0.9803289775369315, 0.9865739524712349, 0.9893118403932583, 0.9896177876748825, 0.9889271465100119, 1.0018073556819407, 0.9997899792950458, 1.001051317792692, 1.0033554565094922, 1.0027228739907037, 1.0107356083308612, 0.9863707341436534, 1.0006776742771213, 1.0242483364651365, 1.0017272769793033]","[0.9959436566481494, 0.9887095773097311, 1.0014375776344675, 0.9885890848999939, 1.0202426408164202, 0.9869294294725355, 0.9998723450948882, 0.9937981176096955, 1.0001069910953102, 0.9940663829513182, 1.0168466854868543, 1.0053552862177373, 1.0129068281589848, 1.003633037621118, 0.9737516220853139, 1.003203225465169, 1.0113402695284732, 0.9869159505883929, 1.0098145871776114, 1.00372724329605, 1.013342539859389, 0.9997851589549931, 0.9900599330729823, 0.9913416154942073, 1.002437232363315, 0.9937139931359249, 0.9992386391832674, 0.9727593724743308, 1.0077790332952834, 0.9942843716699369]","[-0.0040563433518505665, -0.01129042269026892, 0.0014375776344675018, -0.011410915100006136, 0.020242640816420243, -0.01307057052746452, -0.0001276549051117959, -0.006201882390304503, 0.0001069910953102049, -0.005933617048681783, 0.016846685486854307, 0.005355286217737287, 0.012906828158984807, 0.003633037621117996, -0.02624837791468615, 0.003203225465169046, 0.011340269528473224, -0.013084049411607124, 0.009814587177611411, 0.003727243296050009, 0.013342539859388935, -0.00021484104500690826, -0.009940066927017654, -0.008658384505792704, 0.002437232363315056, -0.0062860068640751, -0.0007613608167326147, -0.027240627525669248, 0.0077790332952834, -0.005715628330063116]","[0.10860985517501831, 0.0, 0.0, 0.0, 0.0, 0.0, 0.07341951876878738, 0.11623118817806244, 0.0, 0.0, 0.11623118817806244, 0.0, 0.0, 0.0, 0.11623118817806244, 0.0, 0.0, 0.02181456983089447, 0.0, 0.0, 0.0, 0.0, 0.0, 0.0, 0.0, 0.09876890480518341, 0.11623118817806244, 0.11623118817806244, 0.0, 0.11623118817806244]","[1.1536323509380914e-22, 0.0, 1.0, 2.253959623676532e-22, 0.0, 0.0, 0.0, 0.0, 1.154342952650691e-22, 0.0, 0.0, 1.1518433552906775e-22, 0.0, 1.700742905568747e-22, 0.0, 2.26059228980836e-22, 0.0, 0.0, 0.0, 0.0, 2.5424503774549454e-22, 2.260126180434043e-22, 0.0, 0.0, 0.0, 0.0, 2.2540452105857762e-22, 0.0, 0.0, 0.0]","[0.0, 0.0, 0.8951772559247998, 0.003284124647816634, 0.011260866821605238, 0.0, 0.0, 0.0, 0.017661033969571294, 0.014820732479325428, 0.0031120878546860888, 0.001950604117585862, 0.0, 0.003018574745031572, 0.0, 0.0, 0.010073177321400199, 0.0, 0.0, 0.0, 0.0, 0.0, 0.0, 0.0, 0.01867400252850417, 0.013194178704459698, 0.007773360885213956, 0.0, 0.0, 0.0]","[0.10860985517501831, 0.0, 0.0, 0.0, 0.0, 0.0, 0.07341951876878738, 0.11623118817806244, 0.0, 0.0, 0.11623118817806244, 0.0, 0.0, 0.0, 0.11623118817806244, 0.0, 0.0, 0.02181456983089447, 0.0, 0.0, 0.0, 0.0, 0.0, 0.0, 0.0, 0.09876890480518341, 0.11623118817806244, 0.11623118817806244, 0.0, 0.11623118817806244]",-0.0074656688246149345
34,0.9585651926105758,"[0.9959436566481494, 0.9887095773097311, 1.0014375776344675, 0.9885890848999939, 1.0202426408164202, 0.9869294294725355, 0.9998723450948882, 0.9937981176096955, 1.0001069910953102, 0.9940663829513182, 1.0168466854868543, 1.0053552862177373, 1.0129068281589848, 1.003633037621118, 0.9737516220853139, 1.003203225465169, 1.0113402695284732, 0.9869159505883929, 1.0098145871776114, 1.00372724329605, 1.013342539859389, 0.9997851589549931, 0.9900599330729823, 0.9913416154942073, 1.002437232363315, 0.9937139931359249, 0.9992386391832674, 0.9727593724743308, 1.0077790332952834, 0.9942843716699369]","[1.0432511875611763, 0.9951172006921698, 1.0019076410071206, 0.9923886684275662, 0.9852260080342393, 0.9767986375673058, 1.00002068503127, 1.0127003040420477, 1.011440266024884, 1.0079955944295431, 1.0086646898590326, 0.9820143516071447, 0.9954174371352371, 0.9660154594690026, 0.9972864886334006, 0.9865643799710324, 0.9779933249801287, 0.993073987012388, 1.004441769321339, 0.9963613136504642, 0.9987428225900387, 1.0016017280510892, 1.001084421420309, 0.9811339636902521, 0.9890969778358683, 0.9987338456344536, 0.9956031322229519, 1.0131755716406086, 1.0148578712076266, 1.0097178269261948]","[0.043251187561176296, -0.004882799307830199, 0.0019076410071205974, -0.007611331572433766, -0.01477399196576068, -0.023201362432694217, 2.0685031270062382e-05, 0.012700304042047694, 0.011440266024884016, 0.007995594429543118, 0.00866468985903257, -0.017985648392855325, -0.004582562864762885, -0.03398454053099742, -0.0027135113665993638, -0.013435620028967588, -0.022006675019871302, -0.006926012987611974, 0.004441769321338995, -0.0036386863495357913, -0.0012571774099613409, 0.0016017280510891574, 0.0010844214203089564, -0.018866036309747924, -0.010903022164131748, -0.0012661543655464458, -0.0043968677770480635, 0.013175571640608563, 0.014857871207626605, 0.009717826926194828]","[0.0, 0.0, 0.0, 0.0, 0.0, 0.0, 0.0, 0.0, 0.10661893337965012, 0.0, 0.0, 0.0, 0.0, 0.07841434329748154, 0.0, 0.10661893337965012, 0.0, 0.10493215173482895, 0.10661893337965012, 0.0, 0.0, 0.10661893337965012, 0.07855065166950226, 0.0, 0.0, 0.10661893337965012, 0.10661893337965012, 0.0, 0.0, 0.09838918596506119]","[1.1486970678797127e-22, 0.0, 1.0, 0.0, 0.0, 0.0, 0.0, 0.0, 0.0, 0.0, 1.1476252319674705e-22, 1.1473123813804842e-22, 3.3501999693501e-22, 0.0, 0.0, 0.0, 1.1475053025533854e-22, 0.0, 0.0, 0.0, 3.3703103177613935e-22, 0.0, 3.36889347168336e-22, 0.0, 2.2491198293957615e-22, 0.0, 0.0, 0.0, 1.1467027742015731e-22, 0.0]","[0.008395235266941607, 0.0, 0.8794695498824285, 0.015604307793915514, 0.0035128139305250507, 0.0, 0.012376775926504312, 0.003581035001035091, 0.02401078208984062, 0.0016359417146970781, 0.0, 0.0026988564557803765, 0.0, 0.0, 0.0, 0.0, 0.00835258357063644, 0.0, 0.0, 0.02386854768644379, 0.0025264036963328707, 0.0, 0.0, 0.0, 0.0, 0.0, 0.0070333050805991065, 0.006933861904319729, 0.0, 0.0]","[0.0, 0.0, 0.0, 0.0, 0.0, 0.0, 0.0, 0.0, 0.10661894083023071, 0.0, 0.0, 0.0, 0.0, 0.07841435074806213, 0.0, 0.10661894083023071, 0.0, 0.10493215918540955, 0.10661894083023071, 0.0, 0.0, 0.10661894083023071, 0.07855065912008286, 0.0, 0.0, 0.10661894083023071, 0.10661894083023071, 0.0, 0.0, 0.09838919341564178]",-0.00288066270580975
35,0.958178979322005,"[1.0432511875611763, 0.9951172006921698, 1.0019076410071206, 0.9923886684275662, 0.9852260080342393, 0.9767986375673058, 1.00002068503127, 1.0127003040420477, 1.011440266024884, 1.0079955944295431, 1.0086646898590326, 0.9820143516071447, 0.9954174371352371, 0.9660154594690026, 0.9972864886334006, 0.9865643799710324, 0.9779933249801287, 0.993073987012388, 1.004441769321339, 0.9963613136504642, 0.9987428225900387, 1.0016017280510892, 1.001084421420309, 0.9811339636902521, 0.9890969778358683, 0.9987338456344536, 0.9956031322229519, 1.0131755716406086, 1.0148578712076266, 1.0097178269261948]","[0.994932623517784, 0.9939684361280576, 1.005589250426783, 1.0166706889262296, 0.9834557299098319, 0.9901680828954118, 1.0014235213976952, 1.0137272366532424, 1.011682574535952, 1.0101308383688816, 1.0074927472744164, 0.9913055622438732, 1.0009292373702974, 1.0213808900566974, 1.0039618007220317, 0.9953812956086958, 0.9850454503508725, 0.9823209461158421, 1.0080587235289995, 0.9880826500664657, 0.9852718218343214, 1.0036597166946464, 1.002005822947855, 1.0127127296061271, 0.9939623085708542, 0.9720331125374355, 0.9883907331339661, 0.9857126961458652, 1.0090788995027935, 1.0080154311457323]","[-0.005067376482216002, -0.006031563871942369, 0.005589250426782932, 0.016670688926229582, -0.016544270090168123, -0.009831917104588195, 0.0014235213976951933, 0.01372723665324238, 0.011682574535951895, 0.010130838368881623, 0.0074927472744164, -0.008694437756126772, 0.0009292373702973755, 0.02138089005669741, 0.003961800722031672, -0.004618704391304185, -0.014954549649127458, -0.017679053884157914, 0.0080587235289995, -0.011917349933534327, -0.014728178165678618, 0.0036597166946463755, 0.002005822947855007, 0.012712729606127127, -0.006037691429145786, -0.027966887462564483, -0.011609266866033918, -0.014287303854134792, 0.009078899502793503, 0.008015431145732332]","[0.0, 0.10844863951206207, 0.08356498181819916, 0.0, 0.0, 0.0, 0.0, 0.0, 0.0, 0.0, 0.10644475370645523, 0.10844863951206207, 0.10844863951206207, 0.0, 0.0, 0.0, 0.0, 0.0, 0.10844863951206207, 0.0, 0.08043817430734634, 0.10844863951206207, 0.0, 0.0, 0.0, 0.0, 0.0, 0.07886024564504623, 0.0, 0.10844863951206207]","[0.0, -1.0854417007871848e-22, 1.0, 0.0, 0.0, -1.0809158778921836e-22, 0.0, 0.0, 0.0, 0.0, 0.0, 0.0, 0.0, 0.0, -1.0748842618938569e-22, 4.477429713400517e-22, 0.0, 4.638745554081544e-24, 0.0, 3.328571244456337e-24, 0.0, -1.6294111420099675e-22, 0.0, 5.963925557356938e-23, 0.0, 0.0, 0.0, 3.2898379829577348e-24, 0.0, 0.0]","[0.0, 0.0, 0.9161487020819888, 0.0, 0.004396859072022222, 0.0, 0.011525183964516477, 0.0, 0.0, 0.004723507261592134, 0.0, 0.016690442144633583, 0.0, 0.0, 0.0, 0.001223486609630382, 0.0038862789032598996, 0.0045839912419544495, 0.0, 0.0, 0.002554662866253919, 0.005072152459789974, 0.008892101306215134, 0.0, 0.0018320215773042503, 0.0022884414982063867, 0.0, 0.0036451228956358435, 0.0026772058390819625, 0.009859840277914403]","[0.0, 0.10844864696264267, 0.08356498926877975, 0.0, 0.0, 0.0, 0.0, 0.0, 0.0, 0.0, 0.10644476115703583, 0.10844864696264267, 0.10844864696264267, 0.0, 0.0, 0.0, 0.0, 0.0, 0.10844864696264267, 0.0, 0.08043818175792694, 0.10844864696264267, 0.0, 0.0, 0.0, 0.0, 0.0, 0.07886025309562683, 0.0, 0.10844864696264267]",-0.000793198279638951
36,0.9560684069632263,"[0.994932623517784, 0.9939684361280576, 1.005589250426783, 1.0166706889262296, 0.9834557299098319, 0.9901680828954118, 1.0014235213976952, 1.0137272366532424, 1.011682574535952, 1.0101308383688816, 1.0074927472744164, 0.9913055622438732, 1.0009292373702974, 1.0213808900566974, 1.0039618007220317, 0.9953812956086958, 0.9850454503508725, 0.9823209461158421, 1.0080587235289995, 0.9880826500664657, 0.9852718218343214, 1.0036597166946464, 1.002005822947855, 1.0127127296061271, 0.9939623085708542, 0.9720331125374355, 0.9883907331339661, 0.9857126961458652, 1.0090788995027935, 1.0080154311457323]","[1.0089039892712883, 1.0199428271097166, 0.9872693799455678, 0.9941890120875194, 0.9819666222146083, 0.9851199368749027, 0.985223073556734, 0.9900658160231044, 0.9955378295431467, 1.0002362232707105, 0.9832604193401904, 0.9958597699678211, 0.9977877763422199, 0.9978572292067188, 0.9736048632887478, 0.9768874798891586, 1.0008627071045002, 1.0127402693976713, 1.0027832955578102, 0.9994365995103962, 1.0131403527915008, 0.9971366929859795, 1.0037649932501898, 1.0054487415632978, 1.0198847818308687, 0.9869214358926854, 0.9958864088452852, 1.0055662546187032, 0.9787472573563474, 1.0084589124033634]","[0.008903989271288326, 0.01994282710971662, -0.012730620054432151, -0.005810987912480581, -0.018033377785391713, -0.014880063125097265, -0.014776926443266003, -0.009934183976895605, -0.004462170456853265, 0.00023622327071048943, -0.016739580659809628, -0.004140230032178893, -0.002212223657780066, -0.002142770793281179, -0.026395136711252154, -0.023112520110841417, 0.0008627071045002044, 0.012740269397671256, 0.002783295557810206, -0.0005634004896037936, 0.013140352791500831, -0.0028633070140204886, 0.003764993250189752, 0.0054487415632977765, 0.019884781830868725, -0.013078564107314561, -0.0041135911547147685, 0.0055662546187031925, -0.021252742643652622, 0.008458912403363383]","[0.0, 0.0, 0.0, 0.0, 0.0, 0.0, 0.0, 0.0, 0.0, 0.11886264383792877, 0.0, 0.11886264383792877, 0.0, 0.0, 0.07497064769268036, 0.0, 0.11532179266214371, 0.0, 0.0, 0.0, 0.10872435569763184, 0.0, 0.11886264383792877, 0.09371894598007202, 0.0, 0.0, 0.0664120614528656, 0.0, 0.11886264383792877, 0.06540162861347198]","[-2.181711478737867e-22, 0.0, 1.0, 0.0, 0.0, 0.0, 0.0, 0.0, 3.893404669028209e-24, 0.0, -2.183387743018807e-22, 0.0, 0.0, 0.0, 0.0, 3.549456038844544e-24, -2.183620280971258e-22, 0.0, 0.0, 0.0, -2.180774219291308e-22, 0.0, -2.1823350541165894e-22, -1.9027816587335692e-22, 0.0, 0.0, 0.0, 0.0, -2.1843674994500362e-22, 0.0]","[0.002445982978199146, 0.003286325227301645, 0.8976996383788728, 0.0, 0.0, 0.009771224260019966, 0.0, 0.0, 0.007202516086839419, 0.0, 0.006717300431771219, 0.02055924417593325, 0.0, 0.002635196778683122, 0.014265143595034922, 0.0, 0.012826917817878366, 0.0, 0.0, 0.0015763172412753624, 0.0, 0.0, 0.0, 0.0, 2.5555937571263717e-05, 0.0, 0.0, 0.0, 0.0, 0.020988637090619565]","[0.0, 0.0, 0.0, 0.0, 0.0, 0.0, 0.0, 0.0, 0.0, 0.11886265128850937, 0.0, 0.11886265128850937, 0.0, 0.0, 0.07497065514326096, 0.0, 0.1153218001127243, 0.0, 0.0, 0.0, 0.10872436314821243, 0.0, 0.11886265128850937, 0.09371895343065262, 0.0, 0.0, 0.0664120689034462, 0.0, 0.11886265128850937, 0.06540163606405258]",-0.0026416905006677797
37,0.9602648562910446,"[1.0089039892712883, 1.0199428271097166, 0.9872693799455678, 0.9941890120875194, 0.9819666222146083, 0.9851199368749027, 0.985223073556734, 0.9900658160231044, 0.9955378295431467, 1.0002362232707105, 0.9832604193401904, 0.9958597699678211, 0.9977877763422199, 0.9978572292067188, 0.9736048632887478, 0.9768874798891586, 1.0008627071045002, 1.0127402693976713, 1.0027832955578102, 0.9994365995103962, 1.0131403527915008, 0.9971366929859795, 1.0037649932501898, 1.0054487415632978, 1.0198847818308687, 0.9869214358926854, 0.9958864088452852, 1.0055662546187032, 0.9787472573563474, 1.0084589124033634]","[1.0044287438570334, 1.0053799915666675, 1.0357064599050387, 1.0160650313305297, 1.0059908602587304, 0.9984268365082034, 0.9853718807653676, 1.021217471863685, 1.0031732781661178, 1.0038462302609816, 1.0125221148791093, 1.009627169460363, 0.9835779596430443, 0.9765043474522684, 1.006083383082313, 0.9778992967114799, 0.9951782160029496, 1.0151664029743972, 0.995541872601008, 1.0054415115671373, 0.98435951772225, 1.0133358313812153, 0.9849243626181488, 0.9946157937239102, 1.018851880385485, 0.9949664969026684, 0.9994595560264891, 0.9870085191182453, 0.9876219351183632, 1.0123552395260367]","[0.0044287438570334015, 0.005379991566667464, 0.035706459905038734, 0.016065031330529722, 0.005990860258730413, -0.001573163491796592, -0.014628119234632364, 0.021217471863685056, 0.003173278166117788, 0.0038462302609816312, 0.012522114879109258, 0.009627169460362905, -0.016422040356955714, -0.02349565254773156, 0.006083383082313043, -0.022100703288520096, -0.004821783997050355, 0.015166402974397197, -0.0044581273989919845, 0.005441511567137347, -0.015640482277749945, 0.013335831381215302, -0.015075637381851248, -0.00538420627608982, 0.01885188038548491, -0.0050335030973316375, -0.0005404439735109401, -0.012991480881754724, -0.012378064881636841, 0.012355239526036677]","[0.0, 0.0, 0.12194827198982239, 0.0, 0.10560021549463272, 0.0, 0.0, 0.12194827198982239, 0.0, 0.0, 0.0, 0.0, 0.0, 0.0, 0.12194827198982239, 0.0, 0.0, 0.0, 0.0, 0.0, 0.08986491709947586, 0.0, 0.08031800389289856, 0.07593923062086105, 0.0, 0.0, 0.0, 0.07421601563692093, 0.10148809850215912, 0.1067286804318428]","[0.0, 0.0, 1.0, 0.0, 4.472155213003842e-22, 0.0, 0.0, 3.3553288471330076e-22, 4.480918576355305e-22, 0.0, 0.0, 0.0, 3.3515992991415115e-22, 0.0, 3.363814514805798e-22, 4.475950094763657e-22, 0.0, 4.489250694779714e-22, 0.0, 0.0, 3.928154486297115e-22, 0.0, 0.0, 0.0, 0.0, 0.0, 0.0, 0.0, 0.0, 5.584825697539707e-22]","[0.0, 0.0, 0.9611322173725355, 0.0, 0.0022792919384855875, 0.0, 0.0, 0.0, 0.0, 0.0, 0.0, 0.00684765881623837, 0.0, 0.0104152897737692, 0.0035190542891525185, 0.0, 0.0, 0.0006871404569317476, 0.0, 0.0, 0.005253131844157336, 0.0, 0.002115098241337434, 0.0, 0.0, 0.0, 0.0, 0.005223171923493919, 0.0, 0.0025279453438985756]","[0.0, 0.0, 0.12194827198982239, 0.0, 0.10560021549463272, 0.0, 0.0, 0.12194827198982239, 0.0, 0.0, 0.0, 0.0, 0.0, 0.0, 0.12194827198982239, 0.0, 0.0, 0.0, 0.0, 0.0, 0.08986491709947586, 0.0, 0.08031800389289856, 0.07593923062086105, 0.0, 0.0, 0.0, 0.07421601563692093, 0.10148809850215912, 0.1067286804318428]",0.003967760778655973
38,0.9623314811347494,"[1.0044287438570334, 1.0053799915666675, 1.0357064599050387, 1.0160650313305297, 1.0059908602587304, 0.9984268365082034, 0.9853718807653676, 1.021217471863685, 1.0031732781661178, 1.0038462302609816, 1.0125221148791093, 1.009627169460363, 0.9835779596430443, 0.9765043474522684, 1.006083383082313, 0.9778992967114799, 0.9951782160029496, 1.0151664029743972, 0.995541872601008, 1.0054415115671373, 0.98435951772225, 1.0133358313812153, 0.9849243626181488, 0.9946157937239102, 1.018851880385485, 0.9949664969026684, 0.9994595560264891, 0.9870085191182453, 0.9876219351183632, 1.0123552395260367]","[0.996835140276562, 1.0215769449032657, 1.0103312072652808, 0.9925131733712635, 0.9998070807096402, 1.0075951509619414, 1.0121386219536073, 1.0111856007111188, 0.9812178391916593, 1.013894942643284, 1.0034469214760318, 0.9972007461608998, 0.9968867212512893, 0.9739548283436318, 0.990481244323843, 1.0086259553828483, 0.9886549284694734, 0.9950776919978785, 1.0050555507632541, 1.0167586614861297, 1.0057117742981465, 0.9996948938504723, 0.9670934784781047, 1.0147309756278748, 0.9879446676122621, 0.9988720815341661, 0.9878651681279353, 1.0090554979772066, 0.982768168191987, 0.9965153949920996]","[-0.0031648597234380516, 0.02157694490326567, 0.010331207265280806, -0.007486826628736454, -0.00019291929035980537, 0.00759515096194141, 0.012138621953607265, 0.011185600711118848, -0.01878216080834072, 0.013894942643283947, 0.0034469214760317612, -0.0027992538391001798, -0.0031132787487107016, -0.026045171656368216, -0.009518755676157009, 0.008625955382848272, -0.011345071530526551, -0.004922308002121456, 0.005055550763254146, 0.0167586614861297, 0.00571177429814651, -0.00030510614952772297, -0.03290652152189533, 0.014730975627874843, -0.012055332387737927, -0.0011279184658339325, -0.012134831872064655, 0.009055497977206617, -0.01723183180801302, -0.0034846050079003765]","[0.0, 0.0, 0.054141588509082794, 0.10309726744890213, 0.12064968049526215, 0.0, 0.0, 0.0, 0.0, 0.10929667949676514, 0.0, 0.0, 0.0, 0.0, 0.0, 0.0, 0.0, 0.10025890171527863, 0.1171245127916336, 0.0, 0.12064968049526215, 0.0, 0.0, 0.0, 0.0, 0.07994809001684189, 0.07515784353017807, 0.11967575550079346, 0.0, 0.0]","[1.150189029847809e-22, 0.0, 1.0, 0.0, 0.0, 3.3606598723717707e-22, 0.0, 0.0, 0.0, 2.2547443390560664e-22, 0.0, 0.0, 0.0, 0.0, 0.0, 0.0, 0.0, 1.1539721471647074e-22, 0.0, 0.0, 1.1552174510631876e-22, 2.8096233091797033e-22, 1.1528019491722693e-22, 1.1529627969863975e-22, 0.0, 0.0, 0.0, 3.367635696448636e-22, 0.0, 0.0]","[0.0024298639555257596, 0.0013485019552090462, 0.8792454669869401, 0.009819325126491104, 0.0, 0.003143026800593593, 0.013182466717045057, 0.0, 0.0, 0.0, 0.0, 0.009688167647661339, 0.011516321418022491, 0.014865677074456697, 0.0, 0.018051755914732223, 0.017748125261854347, 0.0, 0.0, 0.0, 0.0, 0.006295480853948765, 0.008238188511817691, 0.0, 0.0, 0.001585005026646691, 0.002842626749055313, 0.0, 0.0, 0.0]","[0.0, 0.0, 0.05414159223437309, 0.10309727489948273, 0.12064968794584274, 0.0, 0.0, 0.0, 0.0, 0.10929668694734573, 0.0, 0.0, 0.0, 0.0, 0.0, 0.0, 0.0, 0.10025890916585922, 0.1171245202422142, 0.0, 0.12064968794584274, 0.0, 0.0, 0.0, 0.0, 0.07994809746742249, 0.07515785098075867, 0.11967576295137405, 0.0, 0.0]",0.0017818314453985722
39,0.9607480879049629,"[0.996835140276562, 1.0215769449032657, 1.0103312072652808, 0.9925131733712635, 0.9998070807096402, 1.0075951509619414, 1.0121386219536073, 1.0111856007111188, 0.9812178391916593, 1.013894942643284, 1.0034469214760318, 0.9972007461608998, 0.9968867212512893, 0.9739548283436318, 0.990481244323843, 1.0086259553828483, 0.9886549284694734, 0.9950776919978785, 1.0050555507632541, 1.0167586614861297, 1.0057117742981465, 0.9996948938504723, 0.9670934784781047, 1.0147309756278748, 0.9879446676122621, 0.9988720815341661, 0.9878651681279353, 1.0090554979772066, 0.982768168191987, 0.9965153949920996]","[0.9995875509618071, 0.9944495319187034, 0.9875777747864997, 1.0058601237815685, 0.9957590870715134, 1.0046106353418212, 1.0009185002742547, 0.9724831186208721, 1.0082283944078463, 1.0009214524056869, 0.9839080599680418, 0.9994769045053677, 0.9886925783917561, 1.0027467055664734, 1.010833817604406, 1.0013258219212413, 1.005499704334896, 1.0136629311394558, 1.0070291919149033, 0.9984375958794763, 1.0035032388151455, 0.9807055495718212, 0.9846302220839532, 0.9931006666378763, 0.9952661978140578, 0.9936709657122405, 1.012757451942757, 1.0247721035941924, 1.020850996548554, 0.9871065248394816]","[-0.0004124490381929302, -0.005550468081296556, -0.012422225213500337, 0.005860123781568527, -0.0042409129284866065, 0.0046106353418211565, 0.0009185002742546633, -0.02751688137912789, 0.008228394407846285, 0.0009214524056868623, -0.01609194003195824, -0.000523095494632253, -0.01130742160824394, 0.002746705566473384, 0.010833817604406049, 0.0013258219212413103, 0.005499704334896105, 0.013662931139455825, 0.0070291919149032545, -0.0015624041205236638, 0.0035032388151454708, -0.01929445042817879, -0.015369777916046767, -0.006899333362123672, -0.004733802185942215, -0.00632903428775955, 0.012757451942756903, 0.024772103594192352, 0.020850996548553935, -0.01289347516051842]","[0.09527083486318588, 0.0, 0.10295820236206055, 0.0, 0.0, 0.10295820236206055, 0.10295820236206055, 0.0, 0.10295820236206055, 0.0, 0.09752532839775085, 0.0, 0.0, 0.10295820236206055, 0.0, 0.09765560925006866, 0.0, 0.0, 0.09660562872886658, 0.0, 0.0, 0.0, 0.0, 0.0, 0.0, 0.0, 0.0, 0.0, 0.0, 0.09815166145563126]","[-3.296307586794962e-22, 0.0, 1.0, -2.1959091751347563e-22, 0.0, 0.0, 0.0, -2.270333091017918e-22, 0.0, -2.191291864157902e-22, -2.1909012372474497e-22, 0.0, 0.0, -2.187364273683856e-22, 0.0, 0.0, 0.0, 0.0, 0.0, 0.0, -1.0718130690490587e-22, 0.0, 0.0, -2.1842302297639187e-22, 0.0, 0.0, 0.0, 0.0, -1.0770098890798022e-22, 0.0]","[0.0, 0.0, 0.9178513855720405, 0.0, 0.0011701463344379996, 0.0, 0.0, 0.0, 0.011591392784586839, 0.0, 0.008178088138387902, 0.0, 0.0, 0.005142947740684081, 0.0, 0.0, 0.0, 0.01072320608957925, 0.0239573778712866, 0.00046138903652664936, 0.0, 0.0, 0.0, 0.001891246812025165, 0.0, 0.0, 0.0, 0.0, 0.009243900942217187, 0.009788918678227912]","[0.09527081996202469, 0.0, 0.10295818746089935, 0.0, 0.0, 0.10295818746089935, 0.10295818746089935, 0.0, 0.10295818746089935, 0.0, 0.09752531349658966, 0.0, 0.0, 0.10295818746089935, 0.0, 0.09765559434890747, 0.0, 0.0, 0.09660561382770538, 0.0, 0.0, 0.0, 0.0, 0.0, 0.0, 0.0, 0.0, 0.0, 0.0, 0.09815164655447006]",-0.002069165072432054
40,0.9686831258597478,"[0.9995875509618071, 0.9944495319187034, 0.9875777747864997, 1.0058601237815685, 0.9957590870715134, 1.0046106353418212, 1.0009185002742547, 0.9724831186208721, 1.0082283944078463, 1.0009214524056869, 0.9839080599680418, 0.9994769045053677, 0.9886925783917561, 1.0027467055664734, 1.010833817604406, 1.0013258219212413, 1.005499704334896, 1.0136629311394558, 1.0070291919149033, 0.9984375958794763, 1.0035032388151455, 0.9807055495718212, 0.9846302220839532, 0.9931006666378763, 0.9952661978140578, 0.9936709657122405, 1.012757451942757, 1.0247721035941924, 1.020850996548554, 0.9871065248394816]","[1.0118222373173675, 1.0098447210231007, 1.003192804327852, 1.004644855637504, 0.994332292981891, 0.9714108395728298, 1.0167250125281297, 1.0066795558416302, 0.9966088648273268, 0.9889932120814113, 0.9768221943324557, 1.0108523098673639, 0.9807642431295114, 1.0118436058993274, 0.994096086285252, 1.0038275690511695, 1.0177013029299675, 1.0038370881275245, 0.9978737729078151, 1.026712609069581, 0.9811613269478565, 1.0067392429553523, 1.0199881207209052, 1.0022412909605039, 1.0104191635060733, 1.01681386177072, 0.9771582845198591, 1.0149626203880466, 1.0142327608478627, 1.004385720511994]","[0.011822237317367534, 0.009844721023100744, 0.0031928043278519613, 0.004644855637504053, -0.005667707018109036, -0.02858916042717019, 0.016725012528129746, 0.006679555841630158, -0.0033911351726731986, -0.011006787918588667, -0.02317780566754435, 0.010852309867363852, -0.01923575687048862, 0.011843605899327425, -0.005903913714747966, 0.0038275690511695437, 0.017701302929967522, 0.0038370881275244795, -0.002126227092184907, 0.02671260906958106, -0.018838673052143484, 0.006739242955352331, 0.019988120720905167, 0.00224129096050385, 0.010419163506073303, 0.016813861770720084, -0.02284171548014091, 0.014962620388046632, 0.014232760847862735, 0.004385720511993929]","[0.0, 0.11170413345098495, 0.0, 0.0, 0.0, 0.0, 0.0, 0.0, 0.0, 0.0, 0.0, 0.0, 0.0, 0.10015179961919785, 0.11170413345098495, 0.0, 0.07404334843158722, 0.11170413345098495, 0.11170413345098495, 0.0, 0.0, 0.08444715291261673, 0.0, 0.0, 0.0, 0.11170413345098495, 0.0, 0.11170413345098495, 0.07113280892372131, 0.0]","[3.373927692875285e-22, 0.0, 1.0, 0.0, 3.363992289849319e-22, 0.0, 0.0, 0.0, 0.0, 0.0, 3.3665067396729147e-22, 0.0, 0.0, 2.262554781175403e-22, 0.0, 3.3728573305305616e-22, 0.0, 3.3795681417783285e-22, 0.0, 0.0, 2.824005893557029e-22, 0.0, 0.0, 0.0, 2.253012967109329e-22, 0.0, 5.587950290412962e-22, 0.0, 0.0, 0.0]","[0.0, 0.0, 0.9252591462040287, 0.0, 0.0, 0.0, 0.007130072376609653, 0.0, 0.0050563528361344335, 0.0, 0.0, 0.0, 0.010440263360685003, 0.006457969380939846, 0.006996680159860108, 0.00814636180712242, 0.0, 0.007982713511506317, 0.0, 0.0, 0.008676990472554678, 0.0, 0.0056402912746351475, 0.0, 0.0017548426929339435, 0.0054726990079869186, 0.00015333247476631727, 0.0, 0.0008322844402366764, 0.0]","[0.0, 0.11170414835214615, 0.0, 0.0, 0.0, 0.0, 0.0, 0.0, 0.0, 0.0, 0.0, 0.0, 0.0, 0.10015181452035904, 0.11170414835214615, 0.0, 0.07404335588216782, 0.11170414835214615, 0.11170414835214615, 0.0, 0.0, 0.08444716036319733, 0.0, 0.0, 0.0, 0.11170414835214615, 0.0, 0.11170414835214615, 0.07113281637430191, 0.0]",0.007768430693211457
41,0.9651678047179194,"[1.0118222373173675, 1.0098447210231007, 1.003192804327852, 1.004644855637504, 0.994332292981891, 0.9714108395728298, 1.0167250125281297, 1.0066795558416302, 0.9966088648273268, 0.9889932120814113, 0.9768221943324557, 1.0108523098673639, 0.9807642431295114, 1.0118436058993274, 0.994096086285252, 1.0038275690511695, 1.0177013029299675, 1.0038370881275245, 0.9978737729078151, 1.026712609069581, 0.9811613269478565, 1.0067392429553523, 1.0199881207209052, 1.0022412909605039, 1.0104191635060733, 1.01681386177072, 0.9771582845198591, 1.0149626203880466, 1.0142327608478627, 1.004385720511994]","[0.9883167654355701, 0.9990844518879896, 0.9927126351359322, 0.995925294942396, 1.0101708630751267, 1.0119063130060149, 0.9703909314246552, 0.9883072847641935, 0.9950222301009334, 1.0007740586732163, 1.0109593490703548, 1.0035897840662544, 1.0088875677167892, 1.002163992900537, 1.011071361705077, 1.0059083253408465, 1.01348511475221, 0.9841013242111007, 0.9856750033008905, 1.0066120704984187, 0.9817336138627869, 0.9826565580743313, 1.0111321528409019, 0.9894140451188493, 1.0034817070914455, 0.9924094017314977, 0.9980634156917273, 1.0064742405059088, 0.9983230391556096, 0.9905560425383374]","[-0.011683234564429879, -0.0009155481120104447, -0.00728736486406778, -0.004074705057603989, 0.010170863075126713, 0.011906313006014857, -0.029609068575344843, -0.011692715235806506, -0.00497776989906662, 0.0007740586732163379, 0.010959349070354785, 0.003589784066254431, 0.008887567716789224, 0.0021639929005370373, 0.011071361705077054, 0.00590832534084651, 0.013485114752209926, -0.015898675788899252, -0.014324996699109471, 0.006612070498418721, -0.018266386137213098, -0.017343441925668723, 0.011132152840901854, -0.010585954881150661, 0.003481707091445463, -0.00759059826850228, -0.0019365843082727041, 0.006474240505908835, -0.001676960844390396, -0.0094439574616626]","[0.0, 0.0, 0.09486307948827744, 0.0, 0.0, 0.0, 0.0, 0.10227437317371368, 0.0, 0.10227437317371368, 0.0, 0.10227437317371368, 0.0, 0.0, 0.0, 0.0, 0.0, 0.0, 0.0, 0.0, 0.10227437317371368, 0.0, 0.10227437317371368, 0.0, 0.10227437317371368, 0.10227437317371368, 0.0, 0.0, 0.0963980183005333, 0.09281828254461288]","[0.0, 0.0, 1.0, 0.0, 5.579492574670493e-22, 5.579148434778518e-22, 0.0, 5.015032827654597e-22, 0.0, 5.027213240563009e-22, 0.0, 0.0, 0.0, 0.0, 0.0, 0.0, 0.0, 3.3723045881434844e-22, 4.476520757112272e-22, 0.0, 0.0, 0.0, 3.369781715072684e-22, 7.80944552713463e-22, 0.0, 5.583119790885807e-22, 0.0, 0.0, 0.0, 0.0]","[0.0007135800654165118, 0.0008469625431268071, 0.8442574011696528, 0.0, 0.014434175794889694, 0.01098595606429459, 0.0, 0.0002799432895132532, 0.009799974863343441, 0.0011781629681471627, 0.00993824780197021, 0.004689911321121889, 0.0036561837445032, 0.0, 0.015390112645964607, 0.01615971246974644, 0.007725356181049042, 0.0012098279369399173, 0.0, 0.0067696134075964365, 0.0, 0.0031321404424854895, 0.006470829231553367, 0.0, 0.00964895725100881, 0.00972060062189433, 0.0, 0.010016249100145681, 0.012976101085636446, 0.0]","[0.0, 0.0, 0.09486308693885803, 0.0, 0.0, 0.0, 0.0, 0.10227438062429428, 0.0, 0.10227438062429428, 0.0, 0.10227438062429428, 0.0, 0.0, 0.0, 0.0, 0.0, 0.0, 0.0, 0.0, 0.10227438062429428, 0.0, 0.10227438062429428, 0.0, 0.10227438062429428, 0.10227438062429428, 0.0, 0.0, 0.09639802575111389, 0.09281828999519348]",-0.004083991926604724
42,0.968626066666445,"[0.9883167654355701, 0.9990844518879896, 0.9927126351359322, 0.995925294942396, 1.0101708630751267, 1.0119063130060149, 0.9703909314246552, 0.9883072847641935, 0.9950222301009334, 1.0007740586732163, 1.0109593490703548, 1.0035897840662544, 1.0088875677167892, 1.002163992900537, 1.011071361705077, 1.0059083253408465, 1.01348511475221, 0.9841013242111007, 0.9856750033008905, 1.0066120704984187, 0.9817336138627869, 0.9826565580743313, 1.0111321528409019, 0.9894140451188493, 1.0034817070914455, 0.9924094017314977, 0.9980634156917273, 1.0064742405059088, 0.9983230391556096, 0.9905560425383374]","[1.0101232728043281, 1.0093262674865748, 0.992818982648093, 0.9736234071090544, 1.0122388108991822, 0.9864354078162287, 1.0101824601438822, 0.9961282289500761, 1.0188543752707688, 1.0033342344311937, 0.9923893841157617, 0.9889839546524, 1.010047483740158, 0.9746359648130295, 1.0247175955785774, 0.9986500392690231, 0.9957642256453354, 0.9908524779669752, 1.0027487394761307, 0.9938108280264973, 0.9918573093384514, 0.9904721784810453, 0.9773238790015082, 0.9875741379168858, 1.0271923276718453, 0.9928491723929159, 1.0099441761308496, 1.0082776223558036, 1.0241399477235564, 0.9964718763274366]","[0.01012327280432812, 0.009326267486574835, -0.007181017351907015, -0.026376592890945627, 0.012238810899182218, -0.013564592183771262, 0.010182460143882244, -0.0038717710499238667, 0.01885437527076883, 0.003334234431193739, -0.007610615884238281, -0.011016045347600034, 0.01004748374015807, -0.0253640351869705, 0.024717595578577445, -0.001349960730976929, -0.004235774354664601, -0.009147522033024824, 0.002748739476130746, -0.006189171973502661, -0.008142690661548602, -0.009527821518954704, -0.02267612099849181, -0.012425862083114247, 0.027192327671845318, -0.007150827607084076, 0.009944176130849636, 0.008277622355803649, 0.024139947723556432, -0.003528123672563388]","[0.0, 0.0, 0.0, 0.0, 0.08809687197208405, 0.0, 0.0, 0.0, 0.0, 0.0, 0.10352258384227753, 0.0, 0.10486292839050293, 0.0, 0.10486292839050293, 0.0, 0.10486292839050293, 0.0, 0.10486292839050293, 0.09829246997833252, 0.0, 0.10486292839050293, 0.0, 0.09190332144498825, 0.09387011080980301, 0.0, 0.0, 0.0, 0.0, 0.0]","[0.0, 0.0, 1.0, 0.0, 2.25302597702803e-22, 2.252707058683198e-22, 0.0, 0.0, 0.0, 1.977793175164836e-22, 2.2549614503404775e-22, 0.0, 0.0, 1.1507238384066524e-22, 0.0, 0.0, 2.2633867466730806e-22, 4.552245026812628e-24, 0.0, 0.0, 0.0, 0.0, 2.264990017346312e-22, 0.0, 0.0, 0.0, 0.0, 0.0, 0.0, 2.2524675973053384e-22]","[0.0, 0.0, 0.8916705010609709, 0.00240732646019137, 0.0, 0.0, 0.01141089632104151, 0.011252020994405294, 0.0, 0.00631240727193893, 0.0026532765616770456, 0.0, 0.0, 0.01165069972818128, 0.006090396545010606, 0.0013169706711567985, 0.017608863071622915, 0.005017856279598875, 0.0, 0.0, 0.0027034545462616072, 0.0023156195757656436, 0.00025525023147987514, 0.0, 0.0018587640321603956, 0.00888719602226667, 0.0, 0.0, 0.005731208454346378, 0.01085729217192364]","[0.0, 0.0, 0.0, 0.0, 0.08809687197208405, 0.0, 0.0, 0.0, 0.0, 0.0, 0.10352258384227753, 0.0, 0.10486292839050293, 0.0, 0.10486292839050293, 0.0, 0.10486292839050293, 0.0, 0.10486292839050293, 0.09829246997833252, 0.0, 0.10486292839050293, 0.0, 0.09190332144498825, 0.09387011080980301, 0.0, 0.0, 0.0, 0.0, 0.0]",0.0031393034771937077
43,0.9692971103378426,"[1.0101232728043281, 1.0093262674865748, 0.992818982648093, 0.9736234071090544, 1.0122388108991822, 0.9864354078162287, 1.0101824601438822, 0.9961282289500761, 1.0188543752707688, 1.0033342344311937, 0.9923893841157617, 0.9889839546524, 1.010047483740158, 0.9746359648130295, 1.0247175955785774, 0.9986500392690231, 0.9957642256453354, 0.9908524779669752, 1.0027487394761307, 0.9938108280264973, 0.9918573093384514, 0.9904721784810453, 0.9773238790015082, 0.9875741379168858, 1.0271923276718453, 0.9928491723929159, 1.0099441761308496, 1.0082776223558036, 1.0241399477235564, 0.9964718763274366]","[0.9812643008288093, 1.0166510177123647, 1.0102809657620415, 1.0117199328814466, 1.0019335761321098, 1.0028023753485504, 1.0280355167894457, 1.005199492517985, 1.0143672145683977, 0.994953205951555, 1.0228704799766333, 0.9840347747030224, 1.0034230385550045, 0.9849821643623027, 0.9987713618420883, 1.0090317746874202, 1.0071014361492068, 0.9781880632682357, 1.0070197939286731, 0.9701206049355388, 0.9967621165790851, 1.0028358248957967, 1.0040297539531973, 1.0084353157568, 1.0213487958393452, 0.9958234934585113, 0.994036597250293, 1.0044414809914624, 0.9915841950297412, 0.9880979702641508]","[-0.018735699171190667, 0.016651017712364657, 0.010280965762041516, 0.01171993288144657, 0.00193357613210976, 0.0028023753485504344, 0.028035516789445714, 0.005199492517985016, 0.014367214568397735, -0.005046794048444991, 0.022870479976633273, -0.015965225296977636, 0.003423038555004476, -0.015017835637697319, -0.0012286381579117434, 0.009031774687420224, 0.007101436149206775, -0.021811936731764292, 0.007019793928673135, -0.029879395064461245, -0.003237883420914911, 0.0028358248957967014, 0.004029753953197268, 0.00843531575680001, 0.021348795839345236, -0.0041765065414887115, -0.00596340274970697, 0.004441480991462354, -0.008415804970258844, -0.011902029735849196]","[0.06902647018432617, 0.0, 0.0, 0.0, 0.0, 0.06887251138687134, 0.0, 0.0, 0.11549844592809677, 0.11648540198802948, 0.0, 0.0, 0.0, 0.09096230566501617, 0.0, 0.11648540198802948, 0.10581029951572418, 0.11648540198802948, 0.0, 0.0, 0.0, 0.0, 0.08388835191726685, 0.0, 0.11648540198802948, 0.0, 0.0, 0.0, 0.0, 0.0]","[0.0, 0.0, 1.0, 0.0, 0.0, 0.0, 3.3641246570114295e-22, 0.0, 0.0, 0.0, 0.0, 2.2553604275285007e-22, 3.3573863164902227e-22, 2.2568381522212613e-22, 2.2559503691446017e-22, 0.0, 0.0, 0.0, 0.0, 0.0, 2.261390178240565e-22, 3.360672170774913e-22, 0.0, 3.923865764421863e-22, 0.0, 0.0, 3.3642123450640207e-22, 0.0, 0.0, 0.0]","[0.006866410100402765, 0.019695936387440046, 0.9322338739248668, 0.0, 0.0011025725343792978, 0.008401747819206613, 0.0, 0.0, 0.0, 0.0, 0.00026336935192213423, 0.0, 0.0, 0.00038849502018063476, 0.009873816292367806, 0.0, 0.0029987553536154057, 0.0, 0.0, 0.003309580677976891, 0.002285760437444012, 0.0, 0.005371972771095631, 0.0, 0.0, 0.0, 0.0, 0.007207709329102176, 0.0, 0.0]","[0.06902647018432617, 0.0, 0.0, 0.0, 0.0, 0.06887251138687134, 0.0, 0.0, 0.11549844592809677, 0.11648540198802948, 0.0, 0.0, 0.0, 0.09096230566501617, 0.0, 0.11648540198802948, 0.10581029951572418, 0.11648540198802948, 0.0, 0.0, 0.0, 0.0, 0.08388835191726685, 0.0, 0.11648540198802948, 0.0, 0.0, 0.0, 0.0, 0.0]",0.00025689133636897996
44,0.9741672347534509,"[0.9812643008288093, 1.0166510177123647, 1.0102809657620415, 1.0117199328814466, 1.0019335761321098, 1.0028023753485504, 1.0280355167894457, 1.005199492517985, 1.0143672145683977, 0.994953205951555, 1.0228704799766333, 0.9840347747030224, 1.0034230385550045, 0.9849821643623027, 0.9987713618420883, 1.0090317746874202, 1.0071014361492068, 0.9781880632682357, 1.0070197939286731, 0.9701206049355388, 0.9967621165790851, 1.0028358248957967, 1.0040297539531973, 1.0084353157568, 1.0213487958393452, 0.9958234934585113, 0.994036597250293, 1.0044414809914624, 0.9915841950297412, 0.9880979702641508]","[1.0049010724976164, 1.016636942894089, 1.0092950641833265, 1.0333123449078732, 1.0171058942388103, 0.9734922361618213, 0.9804564841005781, 1.011085516382497, 0.9885499521206882, 1.0138152906366036, 0.9856589457412378, 0.9980523735517262, 1.0241421417148833, 0.9817353900474021, 0.9971961754274026, 0.986849999699393, 1.0003069925840355, 0.9986841855136789, 1.0036538528018804, 0.9839469778584622, 0.9898364052943353, 0.9964471300647488, 1.0388683851578098, 0.9848765254520425, 0.9908733148900961, 1.0015589423875668, 0.9934698554429918, 1.0097029136859577, 1.0149434388884677, 0.9804461449006102]","[0.004901072497616399, 0.016636942894088902, 0.009295064183326485, 0.03331234490787316, 0.01710589423881026, -0.026507763838178655, -0.019543515899421937, 0.011085516382496996, -0.011450047879311809, 0.013815290636603583, -0.014341054258762198, -0.0019476264482738426, 0.02414214171488327, -0.018264609952597932, -0.0028038245725974242, -0.013150000300606979, 0.0003069925840355481, -0.0013158144863211207, 0.003653852801880353, -0.01605302214153781, -0.010163594705664747, -0.0035528699352511683, 0.03886838515780977, -0.015123474547957483, -0.009126685109903887, 0.0015589423875668196, -0.006530144557008177, 0.00970291368595766, 0.01494343888846772, -0.019553855099389783]","[0.06662138551473618, 0.0, 0.0, 0.0, 0.11791737377643585, 0.0, 0.0, 0.0, 0.11791737377643585, 0.0, 0.11791737377643585, 0.09834175556898117, 0.08082596957683563, 0.0, 0.08487400412559509, 0.1006876528263092, 0.0, 0.0, 0.0, 0.0, 0.0, 0.0, 0.11791737377643585, 0.0, 0.0, 0.0, 0.0, 0.09697972238063812, 0.0, 0.0]","[-2.190616214530082e-22, 0.0, 1.0, -3.3098229281847073e-22, -2.1962486442922454e-22, 0.0, 0.0, 0.0, 0.0, -2.195004800525997e-22, 0.0, 0.0, -2.2000408580998273e-22, 0.0, 0.0, 0.0, 0.0, 0.0, 0.0, -2.194651206259332e-22, -3.2993357852413114e-22, 0.0, 0.0, -3.856839469022758e-22, 0.0, 0.0, 0.0, 0.0, 0.0, -3.3075725264996046e-22]","[0.011849324967147903, 0.0031056934999333613, 0.8700879969161062, 0.0, 0.016188829730513415, 0.0031592660737311614, 0.008690721935430936, 0.0, 0.004983125199483253, 0.0, 0.0, 0.005271401690803314, 0.008446251425875139, 0.0, 0.006484384224053461, 0.007671907903548067, 0.0, 0.007960627023918445, 0.002081362021569395, 0.008794873432646816, 0.013092475832945304, 0.0, 0.0, 0.0, 0.005337406145390317, 0.0034271870119271706, 0.0, 0.0, 0.0013173234966690536, 0.012049841468307345]","[0.06662138551473618, 0.0, 0.0, 0.0, 0.11791737377643585, 0.0, 0.0, 0.0, 0.11791737377643585, 0.0, 0.11791737377643585, 0.09834175556898117, 0.08082596957683563, 0.0, 0.08487400412559509, 0.1006876528263092, 0.0, 0.0, 0.0, 0.0, 0.0, 0.0, 0.11791737377643585, 0.0, 0.0, 0.0, 0.0, 0.09697972238063812, 0.0, 0.0]",0.004640188712667147
45,0.9796746696216919,"[1.0049010724976164, 1.016636942894089, 1.0092950641833265, 1.0333123449078732, 1.0171058942388103, 0.9734922361618213, 0.9804564841005781, 1.011085516382497, 0.9885499521206882, 1.0138152906366036, 0.9856589457412378, 0.9980523735517262, 1.0241421417148833, 0.9817353900474021, 0.9971961754274026, 0.986849999699393, 1.0003069925840355, 0.9986841855136789, 1.0036538528018804, 0.9839469778584622, 0.9898364052943353, 0.9964471300647488, 1.0388683851578098, 0.9848765254520425, 0.9908733148900961, 1.0015589423875668, 0.9934698554429918, 1.0097029136859577, 1.0149434388884677, 0.9804461449006102]","[1.0069813661661744, 1.0228098219785082, 0.9964906626206946, 0.9954078242005938, 1.0030675249348977, 0.998779954193469, 1.0089375969792493, 1.0035669307325306, 0.9993040043795581, 1.013213582002458, 1.019332400288573, 0.9762115368934275, 0.9971523673197137, 1.0069927720956853, 0.9990859806205503, 0.9991551393827638, 1.0158543523188583, 1.004354927290138, 1.0188734408939537, 1.021980746842675, 1.0159619904732136, 0.9770966191164079, 0.9909848388622623, 1.0203792870547042, 0.9950258530102404, 0.9950390680298288, 0.9968583741411038, 0.9950599229474796, 1.009715612244911, 1.0004776037468501]","[0.006981366166174396, 0.022809821978508227, -0.003509337379305366, -0.004592175799406184, 0.003067524934897703, -0.0012200458065310116, 0.00893759697924934, 0.00356693073253056, -0.0006959956204418694, 0.013213582002457924, 0.01933240028857308, -0.023788463106572455, -0.002847632680286316, 0.0069927720956852735, -0.000914019379449682, -0.0008448606172362094, 0.015854352318858345, 0.004354927290137978, 0.018873440893953708, 0.021980746842674925, 0.01596199047321356, -0.022903380883592117, -0.009015161137737704, 0.020379287054704154, -0.00497414698975962, -0.004960931970171223, -0.003141625858896213, -0.00494007705252042, 0.00971561224491091, 0.0004776037468501304]","[0.06763920187950134, 0.1129293441772461, 0.13689598441123962, 0.0, 0.0, 0.0, 0.0, 0.0, 0.08716759830713272, 0.07026297599077225, 0.06300978362560272, 0.0, 0.0, 0.0, 0.0, 0.0, 0.0, 0.12017721682786942, 0.0, 0.0, 0.06812599301338196, 0.0, 0.0, 0.0, 0.0, 0.0, 0.0, 0.13689598441123962, 0.0, 0.13689598441123962]","[2.2492889490944083e-22, 0.0, 1.0, 0.0, 0.0, 0.0, 0.0, 0.0, 2.250162917059576e-22, 0.0, 0.0, 0.0, 0.0, 0.0, 0.0, 0.0, 2.2503052566561237e-22, 0.0, 0.0, 0.0, 2.2510131344566694e-22, 0.0, 2.2492961706229575e-22, 0.0, 3.3538366449937434e-22, 0.0, 4.46567983932702e-22, 2.2494035731723868e-22, 2.2511455857434e-22, 0.0]","[0.002906863274089845, 0.0014038006534403547, 0.9102217829874228, 0.0, 0.0, 0.00035770940378436407, 0.01030496122704892, 0.00010042562975575681, 0.0, 0.0, 0.00503776351653899, 0.0, 0.011474279027715363, 0.008083823217632518, 0.009629428818760095, 0.0, 0.0, 0.001025662280600659, 0.016435292722449354, 0.0008421977389707404, 0.0, 0.0, 0.0036365712962580106, 0.0, 0.0, 0.0, 0.003500907095595956, 0.0035599538022677056, 0.007002252248028347, 0.004476325059640163]","[0.06763919442892075, 0.1129293292760849, 0.13689596951007843, 0.0, 0.0, 0.0, 0.0, 0.0, 0.08716759085655212, 0.07026296854019165, 0.06300977617502213, 0.0, 0.0, 0.0, 0.0, 0.0, 0.0, 0.12017720192670822, 0.0, 0.0, 0.06812598556280136, 0.0, 0.0, 0.0, 0.0, 0.0, 0.0, 0.13689596951007843, 0.0, 0.13689596951007843]",0.0052084998722722285
46,0.9723203847345949,"[1.0069813661661744, 1.0228098219785082, 0.9964906626206946, 0.9954078242005938, 1.0030675249348977, 0.998779954193469, 1.0089375969792493, 1.0035669307325306, 0.9993040043795581, 1.013213582002458, 1.019332400288573, 0.9762115368934275, 0.9971523673197137, 1.0069927720956853, 0.9990859806205503, 0.9991551393827638, 1.0158543523188583, 1.004354927290138, 1.0188734408939537, 1.021980746842675, 1.0159619904732136, 0.9770966191164079, 0.9909848388622623, 1.0203792870547042, 0.9950258530102404, 0.9950390680298288, 0.9968583741411038, 0.9950599229474796, 1.009715612244911, 1.0004776037468501]","[0.9852002146119426, 1.0109043965216005, 0.9978076941939079, 1.0015635320946836, 0.9985916299259957, 0.9927814089069587, 0.9819895396660336, 1.0028893056694221, 0.9937301859300446, 0.9851615531469242, 0.9809522942642424, 0.9981035121396628, 1.009447614960134, 1.0025891985236992, 0.9964064113367064, 0.9811974740029353, 1.001909294025618, 1.0041615797311894, 1.0016922936967578, 1.0015593045825852, 0.9846965402607205, 1.0138303058447466, 0.9998862675110461, 0.9772761617523399, 0.9963892364445986, 1.0033521878646523, 0.9886991878569402, 0.9854908590214231, 0.9724979246004322, 1.0026273002626727]","[-0.014799785388057374, 0.010904396521600468, -0.0021923058060920875, 0.0015635320946836284, -0.0014083700740042948, -0.007218591093041349, -0.01801046033396636, 0.0028893056694221375, -0.006269814069955415, -0.014838446853075782, -0.019047705735757647, -0.0018964878603372481, 0.00944761496013391, 0.00258919852369921, -0.003593588663293623, -0.018802525997064667, 0.0019092940256180135, 0.004161579731189358, 0.0016922936967578295, 0.0015593045825852414, -0.01530345973927949, 0.013830305844746649, -0.0001137324889538549, -0.02272383824766011, -0.003610763555401353, 0.0033521878646523007, -0.01130081214305978, -0.014509140978576918, -0.027502075399567838, 0.0026273002626726605]","[0.10717549175024033, 0.0, 0.0, 0.0, 0.0, 0.08562291413545609, 0.08373769372701645, 0.0, 0.10717549175024033, 0.0, 0.10717549175024033, 0.10717549175024033, 0.0, 0.0, 0.09350722283124924, 0.0, 0.1034887507557869, 0.0, 0.0, 0.0, 0.0, 0.10717549175024033, 0.0, 0.0977659672498703, 0.0, 0.0, 0.0, 0.0, 0.0, 0.0]","[0.0, 0.0, 1.0, 0.0, 0.0, 0.0, 1.1393403894840732e-22, 2.2373929581981116e-22, 3.4434658524214794e-24, 0.0, 0.0, 0.0, 0.0, 0.0, 0.0, 2.253631964321462e-22, 2.255689631078793e-22, 3.692225570748616e-24, 0.0, 0.0, 3.641682315778781e-24, 0.0, 0.0, 5.891535009158185e-23, 0.0, 0.0, 0.0, 0.0, 3.5926013685711684e-24, 0.0]","[0.0, 0.0, 0.8863566626925193, 0.009979158039810726, 0.006108657473728488, 0.0, 6.639636287544675e-05, 0.0, 0.01418660655469831, 0.00395712877509314, 0.0, 0.013586309485596299, 0.004207528733231299, 0.0, 0.0, 0.025495608839530826, 0.0, 0.011335869710961722, 0.01385212060898358, 0.0, 0.0, 0.0, 0.0, 0.0, 0.0038360430990471493, 0.007031909623923584, 0.0, 0.0, 0.0, 0.0]","[0.10717549175024033, 0.0, 0.0, 0.0, 0.0, 0.08562291413545609, 0.08373769372701645, 0.0, 0.10717549175024033, 0.0, 0.10717549175024033, 0.10717549175024033, 0.0, 0.0, 0.09350722283124924, 0.0, 0.1034887507557869, 0.0, 0.0, 0.0, 0.0, 0.10717549175024033, 0.0, 0.0977659672498703, 0.0, 0.0, 0.0, 0.0, 0.0, 0.0]",-0.007997494613220168
47,0.9780730708829175,"[0.9852002146119426, 1.0109043965216005, 0.9978076941939079, 1.0015635320946836, 0.9985916299259957, 0.9927814089069587, 0.9819895396660336, 1.0028893056694221, 0.9937301859300446, 0.9851615531469242, 0.9809522942642424, 0.9981035121396628, 1.009447614960134, 1.0025891985236992, 0.9964064113367064, 0.9811974740029353, 1.001909294025618, 1.0041615797311894, 1.0016922936967578, 1.0015593045825852, 0.9846965402607205, 1.0138303058447466, 0.9998862675110461, 0.9772761617523399, 0.9963892364445986, 1.0033521878646523, 0.9886991878569402, 0.9854908590214231, 0.9724979246004322, 1.0026273002626727]","[0.9865873640605958, 0.9685188497684573, 0.994760416144161, 1.0092337579528867, 1.012752012085041, 1.0142379138956277, 0.9887339795239901, 0.9785154466106157, 1.005219170436741, 1.012273909400269, 1.0064368272917434, 1.0025772901427645, 1.0005823292549636, 1.0134696944175, 1.010598010477493, 1.0010950712268079, 0.995438976538366, 0.994661709593273, 0.9950229132058309, 0.9682419584761823, 1.0147684717769152, 1.0119790696749114, 1.0094412208489876, 1.005216271447243, 0.9984346607889334, 1.0135859496442745, 1.0076711216125824, 1.0006729209486902, 0.9997329062061333, 1.0067788646405695]","[-0.013412635939404227, -0.03148115023154274, -0.005239583855839003, 0.009233757952886723, 0.012752012085041065, 0.014237913895627674, -0.011266020476009886, -0.021484553389384264, 0.005219170436741027, 0.012273909400269067, 0.006436827291743441, 0.0025772901427645323, 0.0005823292549635983, 0.0134696944174999, 0.01059801047749298, 0.0010950712268078533, -0.004561023461634006, -0.005338290406726953, -0.004977086794169083, -0.03175804152381767, 0.014768471776915204, 0.011979069674911358, 0.009441220848987575, 0.005216271447243015, -0.0015653392110666076, 0.013585949644274509, 0.007671121612582432, 0.0006729209486902032, -0.00026709379386669063, 0.006778864640569537]","[0.0, 0.0, 0.06404593586921692, 0.0, 0.11436084657907486, 0.0, 0.0, 0.0, 0.11436084657907486, 0.0, 0.0, 0.0, 0.0, 0.08944988995790482, 0.0, 0.11436084657907486, 0.0, 0.0, 0.050108131021261215, 0.0, 0.11436084657907486, 0.0, 0.0, 0.11023098975419998, 0.0, 0.0, 0.0, 0.11436084657907486, 0.0, 0.11436084657907486]","[0.0, 8.561268714775244e-23, 1.0, 0.0, 0.0, 0.0, 0.0, 1.403974755537584e-22, 2.253220411519644e-22, 1.1377452208437468e-22, 0.0, 0.0, 2.2419648884106494e-22, 0.0, 0.0, 0.0, 2.254113355718776e-22, 0.0, 0.0, 0.0, 1.1447962623765167e-22, 0.0, 0.0, 0.0, 0.0, 0.0, 0.0, 2.252383547010856e-22, 0.0, 1.1356405034638002e-22]","[0.010480425458718976, 0.0, 0.876263094806707, 0.0, 0.003265777471455181, 0.007281283580095929, 0.00615448916921987, 0.009327624741145773, 0.0, 0.00676794735990769, 0.013947447767883819, 0.0, 0.0, 0.0, 0.00711620760316435, 0.013132014465853943, 0.011434811350478252, 0.0, 0.0, 0.005708890672557893, 0.0, 0.003497613449699902, 0.0, 0.0, 0.0, 0.0, 0.011020049347279653, 0.0, 0.0030204587610855754, 0.011581863994746054]","[0.0, 0.0, 0.06404593586921692, 0.0, 0.11436084657907486, 0.0, 0.0, 0.0, 0.11436084657907486, 0.0, 0.0, 0.0, 0.0, 0.08944988995790482, 0.0, 0.11436084657907486, 0.0, 0.0, 0.050108131021261215, 0.0, 0.11436084657907486, 0.0, 0.0, 0.11023098975419998, 0.0, 0.0, 0.0, 0.11436084657907486, 0.0, 0.11436084657907486]",0.005522224931218807
48,0.974323245332359,"[0.9865873640605958, 0.9685188497684573, 0.994760416144161, 1.0092337579528867, 1.012752012085041, 1.0142379138956277, 0.9887339795239901, 0.9785154466106157, 1.005219170436741, 1.012273909400269, 1.0064368272917434, 1.0025772901427645, 1.0005823292549636, 1.0134696944175, 1.010598010477493, 1.0010950712268079, 0.995438976538366, 0.994661709593273, 0.9950229132058309, 0.9682419584761823, 1.0147684717769152, 1.0119790696749114, 1.0094412208489876, 1.005216271447243, 0.9984346607889334, 1.0135859496442745, 1.0076711216125824, 1.0006729209486902, 0.9997329062061333, 1.0067788646405695]","[0.9771763373710264, 1.0079704818502708, 0.9884600257175479, 0.9834462815117564, 1.0057822745514788, 1.0063405014141973, 0.9856902446398774, 0.9802120592132525, 0.973952985383198, 1.0119414962068263, 1.0355917841487494, 0.9999351660770486, 0.9882547052383382, 1.0023340575634119, 1.0196407353923989, 0.9906449826531176, 1.0078865945861246, 0.9850327552444387, 0.9998204506567613, 1.007105985414854, 0.9912026623398708, 0.9932039536344729, 1.0046910534343787, 1.0189298263211863, 0.9962574078741957, 0.9933656688445442, 0.9865936792587189, 0.9947179245290817, 1.010011279512269, 0.9974905513183675]","[-0.022823662628973618, 0.007970481850270827, -0.011539974282452126, -0.016553718488243607, 0.005782274551478839, 0.006340501414197286, -0.014309755360122578, -0.019787940786747504, -0.026047014616802033, 0.011941496206826274, 0.03559178414874942, -6.483392295142387e-05, -0.011745294761661751, 0.002334057563411873, 0.019640735392398856, -0.009355017346882377, 0.007886594586124618, -0.014967244755561326, -0.0001795493432387163, 0.007105985414854077, -0.008797337660129245, -0.006796046365527109, 0.0046910534343787, 0.018929826321186338, -0.0037425921258043005, -0.006634331155455753, -0.01340632074128112, -0.0052820754709183015, 0.0100112795122691, -0.002509448681632498]","[0.10000000149011612, 0.10000000149011612, 0.0, 0.0, 0.10000000149011612, 0.0, 0.10000000149011612, 0.0, 0.10000000149011612, 0.10000000149011612, 0.0, 0.0, 0.0, 0.0, 0.0, 0.0, 0.10000000149011612, 0.0, 0.0, 0.0, 0.0, 0.10000000149011612, 0.10000000149011612, 0.0, 0.0, 0.10000000149011612, 0.0, 0.0, 0.0, 0.0]","[1.1429852154167222e-22, 0.0, 1.0, 0.0, 0.0, 0.0, 0.0, 0.0, 0.0, 4.1924123918412875e-22, 0.0, 3.3599389718335345e-22, 0.0, 1.143121793986731e-22, 0.0, 3.3635485394431355e-22, 0.0, 1.1465192861410949e-22, 1.1419475490762194e-22, 0.0, 0.0, 0.0, 0.0, 0.0, 0.0, 3.3599061888080956e-22, 0.0, 1.143533763775493e-22, 0.0, 0.0]","[0.009412057487726805, 0.0, 0.9134957176017645, 0.0, 0.008064752169972546, 0.016455657951586315, 0.0, 0.0, 0.0, 0.00060537988076043, 0.00323892686668312, 0.0, 0.005619290089549676, 0.0, 0.0, 0.017692843573923995, 0.0, 0.00983173069221037, 0.0006457933157696818, 0.0, 0.0008321894688168864, 0.0, 0.0, 0.004050790768631306, 0.0, 0.009038181234502868, 0.0, 0.001016688898101469, 0.0, 0.0]","[0.10000000149011612, 0.10000000149011612, 0.0, 0.0, 0.10000000149011612, 0.0, 0.10000000149011612, 0.0, 0.10000000149011612, 0.10000000149011612, 0.0, 0.0, 0.0, 0.0, 0.0, 0.0, 0.10000000149011612, 0.0, 0.0, 0.0, 0.0, 0.10000000149011612, 0.10000000149011612, 0.0, 0.0, 0.10000000149011612, 0.0, 0.0, 0.0, 0.0]",-0.004275444639632275
49,0.9793093612148998,"[0.9771763373710264, 1.0079704818502708, 0.9884600257175479, 0.9834462815117564, 1.0057822745514788, 1.0063405014141973, 0.9856902446398774, 0.9802120592132525, 0.973952985383198, 1.0119414962068263, 1.0355917841487494, 0.9999351660770486, 0.9882547052383382, 1.0023340575634119, 1.0196407353923989, 0.9906449826531176, 1.0078865945861246, 0.9850327552444387, 0.9998204506567613, 1.007105985414854, 0.9912026623398708, 0.9932039536344729, 1.0046910534343787, 1.0189298263211863, 0.9962574078741957, 0.9933656688445442, 0.9865936792587189, 0.9947179245290817, 1.010011279512269, 0.9974905513183675]","[1.006575767904623, 1.0056991107654638, 0.9856690745378175, 0.9890483995215315, 0.9674647204841926, 0.9965752927610881, 1.0043186171931293, 0.9750918759724697, 1.0063285691726886, 1.0136464186630298, 1.0049436037667334, 1.0283118126367712, 0.9653042960991667, 1.0008400817403087, 0.9888541839328515, 1.001103148184299, 1.0109033995923857, 1.0258105418406442, 0.9944751995378271, 1.0147600134023402, 0.9987330533496696, 0.9917300503097356, 0.9952684194165765, 1.0130808042082444, 1.0061192072566336, 1.0001823206243583, 1.0091004994579023, 0.9913074270619584, 1.003956949170188, 1.0019648644833978]","[0.006575767904622998, 0.005699110765463811, -0.014330925462182509, -0.010951600478468548, -0.03253527951580737, -0.0034247072389118616, 0.004318617193129315, -0.024908124027530287, 0.006328569172688647, 0.013646418663029847, 0.004943603766733418, 0.028311812636771183, -0.03469570390083332, 0.0008400817403086958, -0.011145816067148484, 0.0011031481842989077, 0.010903399592385732, 0.02581054184064424, -0.005524800462172852, 0.014760013402340233, -0.0012669466503304472, -0.0082699496902644, -0.004731580583423489, 0.013080804208244423, 0.006119207256633619, 0.00018232062435830088, 0.009100499457902256, -0.008692572938041598, 0.003956949170188073, 0.0019648644833978324]","[0.1245519369840622, 0.0, 0.0, 0.0, 0.0, 0.1245519369840622, 0.0, 0.007257293444126844, 0.1245519369840622, 0.0, 0.0, 0.0, 0.0, 0.0, 0.0, 0.0, 0.0, 0.04590682312846184, 0.1245519369840622, 0.0, 0.0, 0.0, 0.0, 0.1245519369840622, 0.1245519369840622, 0.0, 0.08552752435207367, 0.0, 0.113996721804142, 0.0]","[0.0, 2.793929184567769e-24, 1.0, 0.0, 0.0, 0.0, 3.2758669173626004e-24, 0.0, -1.071484612513066e-22, 0.0, 0.0, 0.0, 0.0, -1.0709372553342622e-22, 0.0, -1.0717040807659505e-22, -1.0686037634846804e-22, -1.0682100728356876e-22, 0.0, 0.0, 0.0, 0.0, 0.0, 4.1183732545743016e-24, 0.0, 0.0, 0.0, 1.14967043441435e-22, 0.0, 0.0]","[0.004048475985237195, 0.0, 0.8864052878650256, 0.009790699182927345, 0.00801126184823643, 0.016302795675063854, 0.01353841470433541, 0.0, 0.0, 0.0, 0.0, 0.004946047780152042, 0.0, 0.005213426822734053, 0.006184534129574685, 0.0, 0.014707479955726847, 0.005984942649817995, 0.0, 0.002924382742064198, 0.002996647661610997, 0.0, 0.0, 0.00223344040416646, 0.0, 0.0, 0.008867136111448024, 0.0, 0.0, 0.007845026481878951]","[0.1245519369840622, 0.0, 0.0, 0.0, 0.0, 0.1245519369840622, 0.0, 0.007257293444126844, 0.1245519369840622, 0.0, 0.0, 0.0, 0.0, 0.0, 0.0, 0.0, 0.0, 0.04590682312846184, 0.1245519369840622, 0.0, 0.0, 0.0, 0.0, 0.1245519369840622, 0.1245519369840622, 0.0, 0.08552752435207367, 0.0, 0.113996721804142, 0.0]",0.0046528776201363664
50,0.9828359319150514,"[1.006575767904623, 1.0056991107654638, 0.9856690745378175, 0.9890483995215315, 0.9674647204841926, 0.9965752927610881, 1.0043186171931293, 0.9750918759724697, 1.0063285691726886, 1.0136464186630298, 1.0049436037667334, 1.0283118126367712, 0.9653042960991667, 1.0008400817403087, 0.9888541839328515, 1.001103148184299, 1.0109033995923857, 1.0258105418406442, 0.9944751995378271, 1.0147600134023402, 0.9987330533496696, 0.9917300503097356, 0.9952684194165765, 1.0130808042082444, 1.0061192072566336, 1.0001823206243583, 1.0091004994579023, 0.9913074270619584, 1.003956949170188, 1.0019648644833978]","[1.0010068057649633, 0.9881708251807984, 0.9788144858011337, 0.9820223579354453, 0.9888370996886332, 1.0130857930550534, 0.99211816980858, 0.9771007612326706, 1.0031134593621025, 1.0134459352048941, 0.9950136750732855, 0.9770797653676223, 0.9982687679448038, 0.9845583712843634, 0.9857481144754393, 1.007455682397337, 1.0170494750062502, 1.026256164845653, 0.9861192995231187, 1.0023394887226118, 1.0101230891862867, 1.0271205960687155, 1.007273631969948, 1.0121733369742505, 0.9982074612782692, 1.002497351291228, 1.0011931890651735, 1.0129864589785222, 0.9884001528536621, 0.9750131741332547]","[0.001006805764963259, -0.011829174819201649, -0.021185514198866273, -0.017977642064554655, -0.011162900311366797, 0.013085793055053418, -0.00788183019141997, -0.022899238767329355, 0.0031134593621024997, 0.013445935204894122, -0.004986324926714469, -0.02292023463237769, -0.001731232055196208, -0.01544162871563659, -0.014251885524560692, 0.007455682397337071, 0.017049475006250203, 0.026256164845652963, -0.01388070047688128, 0.0023394887226118044, 0.010123089186286682, 0.02712059606871553, 0.007273631969948013, 0.012173336974250493, -0.0017925387217307964, 0.002497351291228078, 0.0011931890651735166, 0.012986458978522242, -0.011599847146337883, -0.024986825866745277]","[0.10474653542041779, 0.0, 0.0, 0.0, 0.0, 0.10474653542041779, 0.10474653542041779, 0.0, 0.0, 0.0, 0.10474653542041779, 0.0, 0.0, 0.10474653542041779, 0.0, 0.09353431314229965, 0.0, 0.0, 0.0, 0.0, 0.09238134324550629, 0.10474653542041779, 0.10474653542041779, 0.0, 0.08085867762565613, 0.0, 0.0, 0.0, 0.0, 0.0]","[0.0, 3.3619746674588e-22, 1.0, 0.0, 0.0, 0.0, 0.0, 3.348768897952904e-22, 0.0, 3.6479820307779788e-22, 0.0, 0.0, 0.0, 0.0, 0.0, 0.0, 0.0, 4.489091445641514e-22, 4.481269309768593e-22, 0.0, 3.3768290904360266e-22, 0.0, 0.0, 0.0, 2.8101053079382847e-22, 4.479143245011364e-22, 4.480174801993935e-22, 0.0, 0.0, 0.0]","[0.0, 0.01610567017576875, 0.8996766529915267, 0.0, 0.0, 0.0, 0.005916485495887598, 0.008075652570510593, 0.0, 0.0, 0.001801009491505177, 0.0, 0.0, 0.002402022294607739, 0.0011250239720464253, 0.0, 0.0, 0.002875158666375859, 0.0, 0.0013488735445032786, 0.002586046637812421, 0.0, 0.0020603340044356086, 0.0, 0.0, 0.022035692526222346, 0.0, 0.0, 0.033991377628797836, 0.0]","[0.10474652051925659, 0.0, 0.0, 0.0, 0.0, 0.10474652051925659, 0.10474652051925659, 0.0, 0.0, 0.0, 0.10474652051925659, 0.0, 0.0, 0.10474652051925659, 0.0, 0.09353430569171906, 0.0, 0.0, 0.0, 0.0, 0.09238133579492569, 0.10474652051925659, 0.10474652051925659, 0.0, 0.08085867017507553, 0.0, 0.0, 0.0, 0.0, 0.0]",0.003209819335713615
51,0.9872335821525031,"[1.0010068057649633, 0.9881708251807984, 0.9788144858011337, 0.9820223579354453, 0.9888370996886332, 1.0130857930550534, 0.99211816980858, 0.9771007612326706, 1.0031134593621025, 1.0134459352048941, 0.9950136750732855, 0.9770797653676223, 0.9982687679448038, 0.9845583712843634, 0.9857481144754393, 1.007455682397337, 1.0170494750062502, 1.026256164845653, 0.9861192995231187, 1.0023394887226118, 1.0101230891862867, 1.0271205960687155, 1.007273631969948, 1.0121733369742505, 0.9982074612782692, 1.002497351291228, 1.0011931890651735, 1.0129864589785222, 0.9884001528536621, 0.9750131741332547]","[1.029117191158851, 0.9849139870932148, 1.0127102436129924, 1.0033305332942386, 0.9905407200879538, 0.9910269753060431, 0.9780953855547837, 1.0056630833301379, 1.0099881445922294, 0.9966121697098436, 1.004830731401225, 1.0018959496461537, 0.9924482210886034, 0.9822606751292449, 1.0394790202139728, 0.9847240074925269, 1.020515698935472, 1.00322525372742, 1.0040583106285002, 1.0119572311251694, 0.9997659557431475, 0.9716986143253354, 0.9927577652202738, 0.9790938978366882, 0.9994890761942864, 0.980283274285662, 1.0020407098103579, 1.0156338131939344, 1.0024112668992835, 1.005296292455671]","[0.02911719115885103, -0.01508601290678524, 0.012710243612992445, 0.0033305332942386023, -0.009459279912046203, -0.008973024693956888, -0.021904614445216297, 0.005663083330137875, 0.009988144592229409, -0.003387830290156435, 0.00483073140122503, 0.001895949646153694, -0.007551778911396578, -0.017739324870755135, 0.03947902021397276, -0.015275992507473135, 0.020515698935472004, 0.0032252537274199966, 0.00405831062850015, 0.011957231125169443, -0.00023404425685247254, -0.02830138567466456, -0.007242234779726187, -0.02090610216331179, -0.0005109238057136034, -0.019716725714338024, 0.002040709810357866, 0.01563381319393442, 0.002411266899283504, 0.005296292455670981]","[0.10525619983673096, 0.0, 0.10525619983673096, 0.0, 0.06753348559141159, 0.10525619983673096, 0.10525619983673096, 0.0, 0.09807884693145752, 0.10525619983673096, 0.0, 0.0, 0.10525619983673096, 0.0, 0.10525619983673096, 0.0, 0.0, 0.0, 0.0, 0.0, 0.09759429842233658, 0.0, 0.0, 0.0, 0.0, 0.0, 0.0, 0.0, 0.0, 0.0]","[0.0, 0.0, 0.0, 0.0, 5.583048088175013e-22, 0.0, 0.0, 6.130448620185819e-22, 5.582940152897954e-22, 1.0, 0.0, 0.0, 0.0, 7.800995693776606e-22, 0.0, 0.0, 5.58684874544436e-22, 0.0, 0.0, 0.0, 0.0, 5.586286750458422e-22, 0.0, 0.0, 6.694860295497264e-22, 5.586961586018766e-22, 7.79241024937415e-22, 0.0, 0.0, 0.0]","[7.635538168924554e-05, 0.0007758281725381216, 0.0, 0.0, 0.017596577485589595, 0.012907825317741204, 0.010155721237551525, 0.0017471275934844506, 0.004366402248628104, 0.879517567327269, 0.0034506544794867485, 0.011583822283131897, 0.006891976739124567, 0.008124836904579175, 0.0, 0.003909718759961483, 0.0, 0.0, 0.0006089112767987125, 0.0023270333142052903, 0.0, 0.0, 0.0, 0.011170964177991296, 0.00293588759256002, 0.002144922789866428, 0.0, 0.01970786691780326, 0.0, 0.0]","[0.10525619983673096, 0.0, 0.10525619983673096, 0.0, 0.06753348559141159, 0.10525619983673096, 0.10525619983673096, 0.0, 0.09807884693145752, 0.10525619983673096, 0.0, 0.0, 0.10525619983673096, 0.0, 0.10525619983673096, 0.0, 0.0, 0.0, 0.0, 0.0, 0.09759429842233658, 0.0, 0.0, 0.0, 0.0, 0.0, 0.0, 0.0, 0.0, 0.0]",0.0039664680940184405
52,0.9901907685665244,"[1.029117191158851, 0.9849139870932148, 1.0127102436129924, 1.0033305332942386, 0.9905407200879538, 0.9910269753060431, 0.9780953855547837, 1.0056630833301379, 1.0099881445922294, 0.9966121697098436, 1.004830731401225, 1.0018959496461537, 0.9924482210886034, 0.9822606751292449, 1.0394790202139728, 0.9847240074925269, 1.020515698935472, 1.00322525372742, 1.0040583106285002, 1.0119572311251694, 0.9997659557431475, 0.9716986143253354, 0.9927577652202738, 0.9790938978366882, 0.9994890761942864, 0.980283274285662, 1.0020407098103579, 1.0156338131939344, 1.0024112668992835, 1.005296292455671]","[0.994682948019648, 1.0151292916509662, 0.9987250303859668, 0.9995355707252773, 1.017651630316107, 0.992236168564746, 1.0087799307289376, 0.9997462100976499, 1.0071187123536351, 0.983030200258071, 0.9951649777202446, 0.987653881790495, 0.9833649758573086, 1.0057207216125068, 0.9974495861920185, 1.0000001498559494, 1.0179995114347369, 0.9849005330196269, 0.9897745754207686, 1.0197242866606016, 0.9918177365306367, 0.9913372293978266, 1.01494357335502, 0.9975379386947847, 1.009785889844808, 0.9974488798200984, 0.9918532927935731, 1.0131910167872553, 1.0298643851531257, 0.9849763453648449]","[-0.005317051980352039, 0.015129291650966215, -0.0012749696140331723, -0.0004644292747226775, 0.017651630316106948, -0.007763831435254054, 0.008779930728937568, -0.0002537899023501433, 0.007118712353635148, -0.016969799741929026, -0.004835022279755408, -0.012346118209505041, -0.016635024142691357, 0.005720721612506807, -0.0025504138079814886, 1.4985594942729108e-07, 0.01799951143473688, -0.015099466980373122, -0.010225424579231368, 0.019724286660601553, -0.008182263469363349, -0.008662770602173353, 0.014943573355020057, -0.002462061305215313, 0.009785889844807993, -0.002551120179901556, -0.00814670720642685, 0.013191016787255316, 0.029864385153125728, -0.015023654635155093]","[0.0, 0.0, 0.0, 0.0, 0.0, 0.10617459565401077, 0.0, 0.07925627380609512, 0.09269213676452637, 0.10617459565401077, 0.0, 0.0, 0.0, 0.0, 0.0, 0.0, 0.10617459565401077, 0.0, 0.0, 0.0, 0.08482950180768967, 0.0, 0.10617459565401077, 0.10617459565401077, 0.10617459565401077, 0.0, 0.0, 0.10617459565401077, 0.0, 0.0]","[0.0, 2.252801325774109e-22, 1.0, 0.0, 0.0, 0.0, 0.0, 0.0, 0.0, 0.0, 0.0, 0.0, 0.0, 0.0, 0.0, 1.155693994170682e-22, 1.158767211491408e-22, 0.0, 0.0, 0.0, 2.2686964420990427e-22, 0.0, 1.1553740642349987e-22, 1.4369569764594295e-22, 0.0, 3.3717901750286777e-22, 0.0, 1.1545343655585193e-22, 1.1561447197096414e-22, 0.0]","[0.007816267242894788, 0.014888291656898442, 0.8819380694764544, 0.0077718964442348975, 0.0030303155034277895, 0.0, 0.0, 0.0035446068738739893, 0.0, 0.0034503171523565432, 0.0, 0.0006604635576749473, 0.002421267510812219, 0.0, 0.016055846992939122, 0.0, 0.0, 0.007145098368288759, 0.0, 0.011711825450020365, 0.0012204541614426237, 0.005976131824917881, 0.0008910697855409128, 0.0, 0.006967864415891945, 0.0, 0.005981018240795552, 0.006621870193025603, 0.011907325148509406, 0.0]","[0.0, 0.0, 0.0, 0.0, 0.0, 0.10617458075284958, 0.0, 0.07925626635551453, 0.09269212931394577, 0.10617458075284958, 0.0, 0.0, 0.0, 0.0, 0.0, 0.0, 0.10617458075284958, 0.0, 0.0, 0.0, 0.08482949435710907, 0.0, 0.10617458075284958, 0.10617458075284958, 0.10617458075284958, 0.0, 0.0, 0.10617458075284958, 0.0, 0.0]",0.002585703631575727
53,0.994909359669975,"[0.994682948019648, 1.0151292916509662, 0.9987250303859668, 0.9995355707252773, 1.017651630316107, 0.992236168564746, 1.0087799307289376, 0.9997462100976499, 1.0071187123536351, 0.983030200258071, 0.9951649777202446, 0.987653881790495, 0.9833649758573086, 1.0057207216125068, 0.9974495861920185, 1.0000001498559494, 1.0179995114347369, 0.9849005330196269, 0.9897745754207686, 1.0197242866606016, 0.9918177365306367, 0.9913372293978266, 1.01494357335502, 0.9975379386947847, 1.009785889844808, 0.9974488798200984, 0.9918532927935731, 1.0131910167872553, 1.0298643851531257, 0.9849763453648449]","[0.9894763347146711, 0.999405971225607, 1.0170947044851495, 1.0050315551835238, 0.9925053351404838, 1.0238541101222105, 1.001326405036416, 1.011278726110453, 1.0137067666637736, 1.0057074662414758, 1.0052007417352757, 1.0127029675437118, 1.0053612624647514, 0.9992996387524927, 0.9942988429193192, 1.0008372090163695, 1.0139653226313565, 0.9926208110326017, 1.0114210543507274, 1.0044661819932152, 0.9998911972459996, 0.9899224314163892, 1.0168557853527458, 1.001161038815951, 1.0091435379008733, 0.9956262392526466, 0.9825284973023248, 1.0051960723327, 0.9932882147110588, 0.9995586500541132]","[-0.010523665285328887, -0.0005940287743929629, 0.017094704485149492, 0.005031555183523828, -0.00749466485951622, 0.023854110122210503, 0.0013264050364159008, 0.011278726110452997, 0.013706766663773573, 0.005707466241475778, 0.005200741735275738, 0.012702967543711807, 0.005361262464751437, -0.0007003612475072751, -0.005701157080680752, 0.0008372090163695223, 0.013965322631356525, -0.007379188967398309, 0.011421054350727378, 0.004466181993215246, -0.00010880275400038109, -0.010077568583610752, 0.01685578535274579, 0.0011610388159510876, 0.0091435379008733, -0.004373760747353406, -0.017471502697675168, 0.00519607233270003, -0.00671178528894123, -0.0004413499458868486]","[0.0649043619632721, 0.0, 0.0, 0.0, 0.0, 0.1125086173415184, 0.0, 0.1125086173415184, 0.10230211913585663, 0.0, 0.0, 0.0, 0.0, 0.0, 0.1125086173415184, 0.10962571948766708, 0.1125086173415184, 0.0, 0.0, 0.09147833287715912, 0.0, 0.0950634777545929, 0.0, 0.0, 0.0, 0.08659151941537857, 0.0, 0.0, 0.0, 0.0]","[2.259732131962674e-22, 0.0, 1.0, 0.0, 0.0, 2.258300721540178e-22, 0.0, 2.237277293686555e-22, 0.0, 1.7059226597647714e-22, 0.0, 0.0, 0.0, 0.0, 0.0, 0.0, 0.0, 0.0, 0.0, 0.0, 1.1563202896404133e-22, 0.0, 0.0, 0.0, 3.0877136413429244e-22, 2.2599306692705525e-22, 0.0, 0.0, 2.2653321771357854e-22, 2.252102904073886e-22]","[0.0, 0.0, 0.8969533110412621, 0.0, 0.0021542517983052087, 0.011546290835714654, 0.012164652559716075, 0.0, 0.009051110598446098, 0.0057475344013645895, 0.0, 0.0, 0.019814903173655463, 0.0, 0.0, 0.0, 0.0, 0.00969549937792425, 0.01028449783534039, 0.0, 0.003101830908595872, 0.0, 0.0, 0.0, 0.003801368638998075, 0.0, 0.010805885774821129, 0.0, 0.0, 0.004878863055855988]","[0.0649043619632721, 0.0, 0.0, 0.0, 0.0, 0.1125086173415184, 0.0, 0.1125086173415184, 0.10230211913585663, 0.0, 0.0, 0.0, 0.0, 0.0, 0.1125086173415184, 0.10962571948766708, 0.1125086173415184, 0.0, 0.0, 0.09147833287715912, 0.0, 0.0950634777545929, 0.0, 0.0, 0.0, 0.08659151941537857, 0.0, 0.0, 0.0, 0.0]",0.004324814407344443
54,0.994952455309052,"[0.9894763347146711, 0.999405971225607, 1.0170947044851495, 1.0050315551835238, 0.9925053351404838, 1.0238541101222105, 1.001326405036416, 1.011278726110453, 1.0137067666637736, 1.0057074662414758, 1.0052007417352757, 1.0127029675437118, 1.0053612624647514, 0.9992996387524927, 0.9942988429193192, 1.0008372090163695, 1.0139653226313565, 0.9926208110326017, 1.0114210543507274, 1.0044661819932152, 0.9998911972459996, 0.9899224314163892, 1.0168557853527458, 1.001161038815951, 1.0091435379008733, 0.9956262392526466, 0.9825284973023248, 1.0051960723327, 0.9932882147110588, 0.9995586500541132]","[1.0023963872895385, 0.9651095161117967, 1.0075906929223295, 0.9876457240574843, 0.9725155997294783, 0.9913977230867308, 0.9835599041168189, 0.9759655009083718, 0.9931840930475117, 1.0237479662158688, 1.010034021093678, 1.006998905106248, 0.9913554406796291, 1.0087382636537645, 1.0012969108447947, 1.0208112290558211, 1.0079204889629931, 0.9969693104776439, 0.9870902650994215, 1.0106914529084527, 1.030859624552438, 1.0042113293375654, 0.9981493298185422, 0.9891870584720923, 0.9814915002319609, 0.9962448012464395, 1.0097633829815102, 1.0019828807525684, 0.9908336508588377, 1.0231346682161555]","[0.002396387289538504, -0.03489048388820326, 0.0075906929223295005, -0.012354275942515702, -0.02748440027052168, -0.008602276913269202, -0.01644009588318107, -0.024034499091628247, -0.006815906952488349, 0.023747966215868832, 0.010034021093678014, 0.00699890510624801, -0.008644559320370893, 0.00873826365376451, 0.0012969108447946631, 0.020811229055821112, 0.007920488962993133, -0.003030689522356078, -0.012909734900578451, 0.010691452908452748, 0.03085962455243796, 0.004211329337565406, -0.001850670181457792, -0.010812941527907682, -0.018508499768039144, -0.0037551987535604514, 0.009763382981510249, 0.001982880752568361, -0.009166349141162322, 0.023134668216155507]","[0.0, 0.0, 0.0, 0.0, 0.081636942923069, 0.12552286684513092, 0.0, 0.06269978731870651, 0.0, 0.0, 0.12552286684513092, 0.0, 0.0, 0.0, 0.0, 0.0, 0.0, 0.0, 0.0, 0.12552286684513092, 0.06625913828611374, 0.12552286684513092, 0.08811990916728973, 0.0, 0.07366988807916641, 0.0, 0.12552286684513092, 0.0, 0.0, 0.0]","[0.0, 4.190201952370529e-22, 1.0, 0.0, 0.0, 0.0, 0.0, 0.0, 0.0, 3.7812642422953074e-22, 4.473785177805659e-22, 0.0, 0.0, 3.3658132011449547e-22, 0.0, 5.587984621947706e-22, 0.0, 0.0, 0.0, 0.0, 0.0, 0.0, 3.3666872490439187e-22, 5.035756165824897e-22, 3.914845805726124e-22, 0.0, 0.0, 3.366525494964196e-22, 0.0, 0.0]","[0.011460064974877174, 0.0021207281533050645, 0.9049651219129236, 0.0, 0.0, 0.0, 0.0, 0.005670555700291706, 0.012399741617895851, 0.0, 0.0, 0.0, 0.0, 0.0, 0.005618635165387138, 0.0026693951118976623, 0.0, 0.008979953272154433, 0.0, 0.005326282503208047, 0.006657880934254066, 0.005724953285800741, 0.0, 0.008179846260594528, 0.007911823986592419, 0.0, 0.012315017120817557, 0.0, 0.0, 0.0]","[0.0, 0.0, 0.0, 0.0, 0.081636942923069, 0.12552286684513092, 0.0, 0.06269978731870651, 0.0, 0.0, 0.12552286684513092, 0.0, 0.0, 0.0, 0.0, 0.0, 0.0, 0.0, 0.0, 0.12552286684513092, 0.06625913828611374, 0.12552286684513092, 0.08811990916728973, 0.0, 0.07366988807916641, 0.0, 0.12552286684513092, 0.0, 0.0, 0.0]",-0.0003318891530380197
55,1.0017115076025662,"[1.0023963872895385, 0.9651095161117967, 1.0075906929223295, 0.9876457240574843, 0.9725155997294783, 0.9913977230867308, 0.9835599041168189, 0.9759655009083718, 0.9931840930475117, 1.0237479662158688, 1.010034021093678, 1.006998905106248, 0.9913554406796291, 1.0087382636537645, 1.0012969108447947, 1.0208112290558211, 1.0079204889629931, 0.9969693104776439, 0.9870902650994215, 1.0106914529084527, 1.030859624552438, 1.0042113293375654, 0.9981493298185422, 0.9891870584720923, 0.9814915002319609, 0.9962448012464395, 1.0097633829815102, 1.0019828807525684, 0.9908336508588377, 1.0231346682161555]","[1.004206157914136, 1.0021992937431004, 0.9991969949369254, 1.0122866322704451, 0.9778222008024983, 0.991853145579367, 0.9937168644372502, 1.0097811049670817, 1.006943075259523, 0.9890247853863967, 0.9861580365645372, 1.0144689516220249, 0.9727202302104698, 1.012052345458278, 1.0161503294679348, 1.0101755751884534, 1.0088719142113094, 1.0141866029551412, 1.0326487002040907, 0.9852945290394116, 1.0166287831755914, 1.013635548511657, 0.9792887349206435, 1.0145224367830001, 1.0088931325036656, 0.9920537652460582, 0.9933178934635507, 0.9756447613979349, 1.012258658897139, 0.9988123052536021]","[0.004206157914135922, 0.00219929374310035, -0.0008030050630746244, 0.01228663227044513, -0.022177799197501735, -0.00814685442063301, -0.006283135562749842, 0.009781104967081733, 0.0069430752595229794, -0.01097521461360329, -0.013841963435462845, 0.014468951622024884, -0.027279769789530173, 0.012052345458277935, 0.01615032946793482, 0.010175575188453356, 0.008871914211309395, 0.014186602955141181, 0.03264870020409072, -0.014705470960588385, 0.016628783175591355, 0.013635548511657047, -0.0207112650793565, 0.014522436783000137, 0.008893132503665635, -0.00794623475394185, -0.006682106536449295, -0.02435523860206512, 0.012258658897138952, -0.0011876947463979048]","[0.10458356887102127, 0.10458356887102127, 0.0, 0.0, 0.0, 0.08270235359668732, 0.0, 0.0, 0.0, 0.0, 0.0, 0.10382510721683502, 0.0, 0.10458356887102127, 0.09583038091659546, 0.0, 0.0, 0.0, 0.10458356887102127, 0.10458356887102127, 0.0, 0.0, 0.0, 0.09014076739549637, 0.0, 0.0, 0.10458356887102127, 0.0, 0.0, 0.0]","[0.0, 0.0, 1.0, 0.0, 0.0, 0.0, 0.0, 0.0, 2.255992260185489e-22, 3.572821979911757e-22, 0.0, 0.0, 0.0, 0.0, 3.3618133482078365e-22, 0.0, 0.0, 0.0, 0.0, 0.0, 2.2588966500866965e-22, 0.0, 2.2567898744885296e-22, 6.424060461036959e-22, 4.748166980467462e-22, 2.25414836783094e-22, 0.0, 0.0, 2.2592777045706572e-22, 0.0]","[0.011118504033167075, 0.00219307569481321, 0.9382888947160456, 0.0, 0.0, 0.0016994580069217453, 0.0, 9.674082578541193e-05, 0.002997723192266026, 0.0, 0.0, 0.0, 0.0, 0.0, 0.0, 0.007423344234798543, 0.0, 0.0, 0.0, 0.00995626223708184, 0.00621687508316956, 0.0, 0.0037791177784897304, 0.005976075476179284, 0.0, 0.0002355302009567528, 0.004095608471185539, 0.0, 0.005922790049139725, 0.0]","[0.10458355396986008, 0.10458355396986008, 0.0, 0.0, 0.0, 0.08270234614610672, 0.0, 0.0, 0.0, 0.0, 0.0, 0.10382509231567383, 0.0, 0.10458355396986008, 0.09583036601543427, 0.0, 0.0, 0.0, 0.10458355396986008, 0.10458355396986008, 0.0, 0.0, 0.0, 0.09014075994491577, 0.0, 0.0, 0.10458355396986008, 0.0, 0.0, 0.0]",0.0064000410747459624
56,1.0022192629477116,"[1.004206157914136, 1.0021992937431004, 0.9991969949369254, 1.0122866322704451, 0.9778222008024983, 0.991853145579367, 0.9937168644372502, 1.0097811049670817, 1.006943075259523, 0.9890247853863967, 0.9861580365645372, 1.0144689516220249, 0.9727202302104698, 1.012052345458278, 1.0161503294679348, 1.0101755751884534, 1.0088719142113094, 1.0141866029551412, 1.0326487002040907, 0.9852945290394116, 1.0166287831755914, 1.013635548511657, 0.9792887349206435, 1.0145224367830001, 1.0088931325036656, 0.9920537652460582, 0.9933178934635507, 0.9756447613979349, 1.012258658897139, 0.9988123052536021]","[1.0158232553196473, 0.994295601442958, 0.9979556817683013, 0.9989261413058398, 1.0031848399770384, 0.9832557038116042, 1.0003961869074893, 0.99533685071249, 0.9844289286265289, 0.9857881950522239, 1.0167678896276713, 0.9907535529294729, 1.0142971462636055, 0.9800021694126178, 0.9961154037869865, 1.0026691469503553, 0.9846736456989841, 0.991176339178008, 0.9924774083969556, 1.0010423391719447, 0.9980020043758745, 1.030140721930252, 0.9879558521429247, 0.9949906942358199, 1.0050710164681904, 1.0001896616134789, 0.9972308432718155, 0.9892086092121525, 1.0082922770039797, 0.9967636677951218]","[0.015823255319647345, -0.0057043985570419675, -0.002044318231698705, -0.0010738586941602124, 0.003184839977038445, -0.01674429618839579, 0.0003961869074893265, -0.004663149287509993, -0.015571071373471135, -0.014211804947776074, 0.016767889627671284, -0.00924644707052713, 0.014297146263605454, -0.019997830587382248, -0.0038845962130135137, 0.00266914695035525, -0.015326354301015921, -0.008823660821992041, -0.00752259160304436, 0.0010423391719447395, -0.0019979956241255037, 0.03014072193025208, -0.012044147857075305, -0.0050093057641801275, 0.005071016468190415, 0.00018966161347888644, -0.002769156728184452, -0.010791390787847521, 0.00829227700397972, -0.0032363322048781784]","[0.10808495432138443, 0.0725058764219284, 0.0, 0.0, 0.0, 0.10808495432138443, 0.0, 0.0, 0.10808495432138443, 0.0, 0.06312409788370132, 0.10808495432138443, 0.0, 0.0, 0.0, 0.0, 0.0, 0.0, 0.10808495432138443, 0.0, 0.0, 0.10808495432138443, 0.0, 0.0, 0.10808495432138443, 0.0, 0.0, 0.0, 0.0, 0.10777535289525986]","[3.8384804195544466e-24, 0.0, 1.0, 0.0, 0.0, 0.0, 1.146184201201346e-22, 0.0, 0.0, 0.0, 0.0, 0.0, 0.0, 3.990946987158093e-24, 0.0, 0.0, 4.4251905778907385e-24, 0.0, 0.0, 0.0, 4.377792036800881e-24, 1.146396855051864e-22, 0.0, 0.0, 0.0, 0.0, 1.1480415727852045e-22, 1.150371047976924e-22, 4.3804861539480944e-24, 0.0]","[0.010587153946337169, 0.004656830312442497, 0.9081426888682221, 0.0, 0.0017014542357282802, 0.0073647868705056015, 0.0, 0.004828990354150263, 0.0, 0.008138006098360233, 0.0, 0.00833290317798017, 0.0, 0.0, 0.0, 0.003970284208154079, 0.003475961873759135, 0.0, 0.005598346273970704, 0.0, 0.011662755072628756, 0.0, 0.007593272807462248, 0.0, 0.003539911973236799, 0.0, 0.0, 0.0, 0.0, 0.010406653927062078]","[0.10808495432138443, 0.0725058764219284, 0.0, 0.0, 0.0, 0.10808495432138443, 0.0, 0.0, 0.10808495432138443, 0.0, 0.06312409788370132, 0.10808495432138443, 0.0, 0.0, 0.0, 0.0, 0.0, 0.0, 0.10808495432138443, 0.0, 0.0, 0.10808495432138443, 0.0, 0.0, 0.10808495432138443, 0.0, 0.0, 0.0, 0.0, 0.10777535289525986]",9.972765479515221e-05
57,1.0003792966273042,"[1.0158232553196473, 0.994295601442958, 0.9979556817683013, 0.9989261413058398, 1.0031848399770384, 0.9832557038116042, 1.0003961869074893, 0.99533685071249, 0.9844289286265289, 0.9857881950522239, 1.0167678896276713, 0.9907535529294729, 1.0142971462636055, 0.9800021694126178, 0.9961154037869865, 1.0026691469503553, 0.9846736456989841, 0.991176339178008, 0.9924774083969556, 1.0010423391719447, 0.9980020043758745, 1.030140721930252, 0.9879558521429247, 0.9949906942358199, 1.0050710164681904, 1.0001896616134789, 0.9972308432718155, 0.9892086092121525, 1.0082922770039797, 0.9967636677951218]","[1.001570900735274, 0.9964338178796541, 1.0072708071509913, 1.0047180586742783, 1.004699330076487, 1.0101317027728667, 1.0103250106449488, 0.9856859240191272, 0.9968459523644493, 1.007167126494628, 1.01238593007019, 1.0111513665544307, 1.0065080651773026, 1.019430208441636, 0.9923226719217912, 0.9990014713917144, 0.9882656849357583, 0.9982729265890333, 0.9911548254613969, 0.9842214494373066, 1.0077852129880203, 1.022599359973238, 1.0021611025004076, 0.9972559715358453, 0.9993645675963151, 0.9881677028287955, 0.9979396623443497, 0.9901131900467688, 0.9967202384095404, 1.0122258295650375]","[0.0015709007352739945, -0.0035661821203458732, 0.007270807150991265, 0.004718058674278325, 0.0046993300764870405, 0.01013170277286668, 0.01032501064494884, -0.014314075980872754, -0.0031540476355507163, 0.007167126494628029, 0.012385930070190065, 0.01115136655443072, 0.006508065177302624, 0.01943020844163601, -0.007677328078208756, -0.0009985286082856426, -0.011734315064241718, -0.001727073410966673, -0.008845174538603118, -0.015778550562693394, 0.0077852129880202625, 0.02259935997323792, 0.0021611025004075746, -0.0027440284641546686, -0.0006354324036849102, -0.011832297171204487, -0.0020603376556502795, -0.009886809953231213, -0.003279761590459618, 0.012225829565037483]","[0.0, 0.0, 0.0, 0.0, 0.0, 0.0, 0.0, 0.0, 0.10387629270553589, 0.0, 0.0, 0.0, 0.0, 0.0, 0.0, 0.0, 0.10387629270553589, 0.0, 0.0, 0.10387629270553589, 0.10387629270553589, 0.0910312756896019, 0.10387629270553589, 0.10387629270553589, 0.10387629270553589, 0.10387629270553589, 0.07795822620391846, 0.0, 0.0, 0.0]","[2.2540201323894505e-22, 2.2478537780548806e-22, 1.0, 0.0, 0.0, 2.2508890223541534e-22, 0.0, 0.0, 0.0, 3.2247954487727193e-22, 0.0, 0.0, 0.0, 0.0, 0.0, 0.0, 2.259085413993442e-22, 1.1520251035430812e-22, 2.252642023572687e-22, 0.0, 0.0, 0.0, 0.0, 2.537757895737543e-22, 0.0, 3.3637433421109254e-22, 0.0, 0.0, 0.0, 0.0]","[0.00809718691769069, 0.0, 0.8723884281131881, 0.0, 0.00478027850878433, 0.004540287705726595, 0.012294767732109494, 0.0, 0.0020201607096143478, 0.0, 0.0, 0.008211397228750996, 0.0, 0.008905317599318606, 0.0, 0.019398749175623314, 0.015578750351984938, 0.0033276213795214965, 0.007941423247842843, 0.009572733677678934, 0.0, 0.0, 0.00916108251502184, 0.005997105679394434, 0.0, 0.005023999754861754, 0.0025140238534359757, 0.000246685849451344, 0.0, 0.0]","[0.0, 0.0, 0.0, 0.0, 0.0, 0.0, 0.0, 0.0, 0.10387630760669708, 0.0, 0.0, 0.0, 0.0, 0.0, 0.0, 0.0, 0.10387630760669708, 0.0, 0.0, 0.10387630760669708, 0.10387630760669708, 0.0910312831401825, 0.10387630760669708, 0.10387630760669708, 0.10387630760669708, 0.10387630760669708, 0.07795823365449905, 0.0, 0.0, 0.0]",-0.002227596679266723
58,1.0069813293928391,"[1.001570900735274, 0.9964338178796541, 1.0072708071509913, 1.0047180586742783, 1.004699330076487, 1.0101317027728667, 1.0103250106449488, 0.9856859240191272, 0.9968459523644493, 1.007167126494628, 1.01238593007019, 1.0111513665544307, 1.0065080651773026, 1.019430208441636, 0.9923226719217912, 0.9990014713917144, 0.9882656849357583, 0.9982729265890333, 0.9911548254613969, 0.9842214494373066, 1.0077852129880203, 1.022599359973238, 1.0021611025004076, 0.9972559715358453, 0.9993645675963151, 0.9881677028287955, 0.9979396623443497, 0.9901131900467688, 0.9967202384095404, 1.0122258295650375]","[0.9993032930302497, 0.9986889647463927, 1.004306126099335, 1.024249606628564, 0.9990695492654116, 1.0103370158821543, 1.0064673017572145, 0.9925008442376047, 1.0312839081999179, 1.0055997211447445, 0.9926370245300252, 0.9884396983640249, 1.0125706220497763, 1.0163825370933424, 0.9970305582255331, 1.0055479202254989, 0.9855266617503138, 1.0083592478908598, 1.009548439367611, 0.9989945619853163, 0.9961386240257288, 1.011059291443592, 0.9919519319762089, 1.0141676943010327, 1.016388501196898, 0.9938692574648832, 1.0220005867751047, 1.0177807878735594, 0.9938379187657733, 1.0276144338949391]","[-0.000696706969750327, -0.0013110352536073178, 0.004306126099334895, 0.024249606628564013, -0.0009304507345884172, 0.010337015882154299, 0.00646730175721455, -0.007499155762395349, 0.03128390819991789, 0.005599721144744496, -0.007362975469974775, -0.011560301635975101, 0.012570622049776325, 0.016382537093342364, -0.0029694417744668966, 0.005547920225498881, -0.014473338249686218, 0.008359247890859844, 0.009548439367611072, -0.0010054380146836683, -0.003861375974271164, 0.011059291443592079, -0.0080480680237911, 0.014167694301032707, 0.016388501196898053, -0.0061307425351168066, 0.022000586775104747, 0.01778078787355941, -0.0061620812342266795, 0.027614433894939117]","[0.0, 0.0, 0.07131287455558777, 0.0, 0.0, 0.0, 0.04911263659596443, 0.11404296010732651, 0.11404296010732651, 0.11404296010732651, 0.09148639440536499, 0.0, 0.1099584773182869, 0.0, 0.0, 0.0, 0.0, 0.0, 0.11404296010732651, 0.0, 0.0, 0.0, 0.0, 0.10791481286287308, 0.0, 0.0, 0.0, 0.0, 0.11404296010732651, 0.0]","[0.0, 3.360970203318537e-22, 1.0, 0.0, 0.0, 0.0, 0.0, 0.0, 2.258972829244163e-22, 0.0, 0.0, 0.0, 0.0, 2.2583645352721403e-22, 0.0, 2.2604287782944517e-22, 0.0, 2.266726184519647e-22, 0.0, 4.477419344809994e-22, 0.0, 0.0, 2.259355425797119e-22, 0.0, 0.0, 2.2571787525313327e-22, 0.0, 2.2591350354397923e-22, 0.0, 0.0]","[0.0, 0.0, 0.8688945754264252, 0.00836038393893896, 0.0, 0.0, 0.012553654226370309, 0.006155605367112011, 0.00629130663086863, 0.0, 0.0027209520634188847, 0.0015306770425508997, 0.004154352564052627, 0.009081297213005338, 0.0, 0.0038748563908272177, 0.004602106142241904, 0.002870456190927733, 0.016175332305193534, 0.00236205684015306, 0.0, 0.0, 0.003774004834880674, 0.01528234708019525, 0.0, 0.010033429902173294, 0.011027560650502312, 0.005573842329137289, 0.0, 0.004681202861024679]","[0.0, 0.0, 0.07131287455558777, 0.0, 0.0, 0.0, 0.04911263659596443, 0.11404296010732651, 0.11404296010732651, 0.11404296010732651, 0.09148639440536499, 0.0, 0.1099584773182869, 0.0, 0.0, 0.0, 0.0, 0.0, 0.11404296010732651, 0.0, 0.0, 0.0, 0.0, 0.10791481286287308, 0.0, 0.0, 0.0, 0.0, 0.11404296010732651, 0.0]",0.006110105481908328
59,1.0126343286240558,"[0.9993032930302497, 0.9986889647463927, 1.004306126099335, 1.024249606628564, 0.9990695492654116, 1.0103370158821543, 1.0064673017572145, 0.9925008442376047, 1.0312839081999179, 1.0055997211447445, 0.9926370245300252, 0.9884396983640249, 1.0125706220497763, 1.0163825370933424, 0.9970305582255331, 1.0055479202254989, 0.9855266617503138, 1.0083592478908598, 1.009548439367611, 0.9989945619853163, 0.9961386240257288, 1.011059291443592, 0.9919519319762089, 1.0141676943010327, 1.016388501196898, 0.9938692574648832, 1.0220005867751047, 1.0177807878735594, 0.9938379187657733, 1.0276144338949391]","[0.9999378414786613, 1.0041856569226266, 0.9964533939825214, 0.9787874354866003, 0.9989691847225474, 0.9982993881911366, 1.0007214714604382, 1.00603542049803, 0.9910827996182132, 0.9983044339749114, 1.0078595461963162, 1.0004681395896537, 1.001922102061731, 1.014079992770279, 1.0227241002962073, 1.0029920826618266, 0.9939121306660917, 1.014995427137602, 1.0069023466387281, 1.013950214224336, 0.989840950496483, 1.0196840777994025, 0.9989768354106213, 0.9999376043083585, 0.9863010333121139, 1.0292289935014063, 1.0200469909861707, 1.008955195880653, 0.9890910584003209, 0.9902164693541792]","[-6.215852133872879e-05, 0.004185656922626624, -0.003546606017478582, -0.0212125645133997, -0.0010308152774526347, -0.0017006118088633837, 0.0007214714604382166, 0.006035420498029964, -0.008917200381786783, -0.0016955660250885796, 0.007859546196316236, 0.0004681395896537488, 0.0019221020617310458, 0.014079992770279048, 0.022724100296207306, 0.0029920826618266005, -0.006087869333908258, 0.014995427137602046, 0.00690234663872813, 0.013950214224335955, -0.010159049503516981, 0.01968407779940251, -0.0010231645893786778, -6.23956916414592e-05, -0.01369896668788606, 0.029228993501406286, 0.020046990986170687, 0.008955195880653077, -0.010908941599679145, -0.009783530645820826]","[0.07871907949447632, 0.10940743237733841, 0.0, 0.0, 0.10940743237733841, 0.0, 0.0, 0.09755773842334747, 0.0, 0.0, 0.0, 0.0, 0.0, 0.0, 0.10940743237733841, 0.0, 0.0, 0.0, 0.10940743237733841, 0.0, 0.09544411301612854, 0.0, 0.0, 0.10940743237733841, 0.0, 0.0, 0.07183444499969482, 0.10940743237733841, 0.0, 0.0]","[4.473229860897062e-22, 0.0, 1.0, 0.0, 0.0, 3.3600414260064167e-22, 0.0, 3.3449787015954574e-22, 3.364825814210101e-22, 3.9174554987635564e-22, 0.0, 0.0, 0.0, 0.0, 0.0, 0.0, 4.477983416287376e-22, 2.2608441017897668e-22, 0.0, 0.0, 2.256958185019266e-22, 0.0, 0.0, 0.0, 0.0, 0.0, 4.472848541867364e-22, 0.0, 0.0, 0.0]","[0.016438191905563216, 0.013553321575845071, 0.8837707173799131, 0.01676906495449628, 0.0, 0.0, 0.0, 0.0, 0.004450345610578729, 0.0, 0.010982767585267485, 0.0, 0.0, 0.01223641893273684, 0.0, 0.0, 0.0, 0.0, 0.0, 0.009576244381473658, 0.0001026910756757507, 0.0, 0.0003168429346958767, 0.0, 0.011339996084344762, 0.0, 0.004100820744216261, 0.001971749970544556, 0.004475696368992027, 0.009915130495656326]","[0.07871908694505692, 0.109407439827919, 0.0, 0.0, 0.109407439827919, 0.0, 0.0, 0.09755774587392807, 0.0, 0.0, 0.0, 0.0, 0.0, 0.0, 0.109407439827919, 0.0, 0.0, 0.0, 0.109407439827919, 0.0, 0.09544412046670914, 0.0, 0.0, 0.109407439827919, 0.0, 0.0, 0.07183445245027542, 0.109407439827919, 0.0, 0.0]",0.005232049146413732
60,1.0139220205567,"[0.9999378414786613, 1.0041856569226266, 0.9964533939825214, 0.9787874354866003, 0.9989691847225474, 0.9982993881911366, 1.0007214714604382, 1.00603542049803, 0.9910827996182132, 0.9983044339749114, 1.0078595461963162, 1.0004681395896537, 1.001922102061731, 1.014079992770279, 1.0227241002962073, 1.0029920826618266, 0.9939121306660917, 1.014995427137602, 1.0069023466387281, 1.013950214224336, 0.989840950496483, 1.0196840777994025, 0.9989768354106213, 0.9999376043083585, 0.9863010333121139, 1.0292289935014063, 1.0200469909861707, 1.008955195880653, 0.9890910584003209, 0.9902164693541792]","[0.9986810007074363, 1.0033972067646606, 0.972015245443777, 1.0110125590406578, 0.9869750976520594, 1.011236494439509, 1.017190803775504, 0.9869003064970328, 0.9890789679934838, 0.9966814147920509, 0.979533865957798, 0.9987277776507257, 0.9807007033346913, 0.9980390817862166, 1.0353031445982304, 0.9949351614159532, 0.9939603269464963, 0.9923138252922753, 1.016374423354791, 1.0026599633755886, 0.9792628413362141, 0.9896463040867823, 0.9990128168554179, 0.9994592556271829, 0.9966559607660682, 0.9960602024324243, 1.0056591863629882, 1.0070405045846262, 0.9882874641343892, 1.0169248869011598]","[-0.0013189992925637384, 0.0033972067646605986, -0.027984754556222957, 0.011012559040657788, -0.013024902347940626, 0.011236494439508915, 0.01719080377550397, -0.013099693502967247, -0.010921032006516174, -0.003318585207949143, -0.02046613404220199, -0.0012722223492742657, -0.01929929666530872, -0.0019609182137834136, 0.03530314459823036, -0.005064838584046827, -0.006039673053503725, -0.007686174707724702, 0.01637442335479089, 0.002659963375588603, -0.020737158663785893, -0.010353695913217664, -0.0009871831445821266, -0.0005407443728171479, -0.0033440392339317837, -0.003939797567575676, 0.005659186362988233, 0.007040504584626239, -0.01171253586561083, 0.016924886901159786]","[0.0, 0.0, 0.03268072381615639, 0.0, 0.0, 0.0, 0.0, 0.06013578176498413, 0.0, 0.0, 0.0, 0.0, 0.0, 0.0, 0.1174674853682518, 0.09873051196336746, 0.06326368451118469, 0.12554436922073364, 0.0, 0.12554436922073364, 0.0, 0.0, 0.12554436922073364, 0.0, 0.12554436922073364, 0.0, 0.0, 0.12554436922073364, 0.0, 0.0]","[0.0, 0.0, 1.0, 0.0, 3.355374465325968e-22, 0.0, 0.0, 0.0, 2.250789532172048e-22, 0.0, 3.3584035825795677e-22, 0.0, 0.0, 0.0, 4.468269094673216e-22, 0.0, 0.0, 0.0, 0.0, 3.3595722741866405e-22, 2.2526227540118884e-22, 0.0, 3.360527706307561e-22, 2.809913379004491e-22, 0.0, 3.3602286025771096e-22, 0.0, 0.0, 0.0, 0.0]","[0.0038591061248613506, 0.0, 0.9220374812798617, 0.0, 0.002029445680861541, 0.012513224033865336, 0.004296988954057368, 0.0, 0.012037671886466225, 0.0, 0.0, 0.0, 0.0, 0.00010466707728192755, 0.014643092099301277, 0.0, 0.0009970687142881471, 0.0005110722522898203, 0.008960148668666523, 0.0, 0.001975508370995952, 0.0, 0.0, 0.005622236566187583, 0.001667219927471731, 0.0, 0.004711970535408929, 0.00226026336784912, 0.0017728344602856033, 0.0]","[0.0, 0.0, 0.03268072381615639, 0.0, 0.0, 0.0, 0.0, 0.06013578176498413, 0.0, 0.0, 0.0, 0.0, 0.0, 0.0, 0.1174674853682518, 0.09873051196336746, 0.06326368451118469, 0.12554436922073364, 0.0, 0.12554436922073364, 0.0, 0.0, 0.12554436922073364, 0.0, 0.12554436922073364, 0.0, 0.0, 0.12554436922073364, 0.0, 0.0]",0.0008187190348554543
61,1.018133796344756,"[0.9986810007074363, 1.0033972067646606, 0.972015245443777, 1.0110125590406578, 0.9869750976520594, 1.011236494439509, 1.017190803775504, 0.9869003064970328, 0.9890789679934838, 0.9966814147920509, 0.979533865957798, 0.9987277776507257, 0.9807007033346913, 0.9980390817862166, 1.0353031445982304, 0.9949351614159532, 0.9939603269464963, 0.9923138252922753, 1.016374423354791, 1.0026599633755886, 0.9792628413362141, 0.9896463040867823, 0.9990128168554179, 0.9994592556271829, 0.9966559607660682, 0.9960602024324243, 1.0056591863629882, 1.0070405045846262, 0.9882874641343892, 1.0169248869011598]","[0.9856989845391818, 0.9843359749324692, 1.0058420049099819, 1.0069635291336818, 1.0078171673233984, 1.0165999436488233, 0.9874543976656426, 1.0186571878558164, 0.99907273003601, 0.9970505549512511, 0.991037976999371, 1.008110060712869, 1.0185420038880262, 1.0054037292369085, 1.0202390034468687, 1.0086378363652002, 0.994491142196409, 1.0047615340332676, 1.0133025162250613, 1.0078291646226136, 0.9869148530601749, 1.00135973443563, 0.9882136333209596, 0.9676402854465805, 1.0083063980547329, 0.9942583140179383, 0.9921247229527426, 1.0017244979975053, 1.0064078391009548, 1.0145887580324395]","[-0.01430101546081819, -0.01566402506753084, 0.005842004909981879, 0.006963529133681812, 0.007817167323398433, 0.016599943648823334, -0.01254560233435742, 0.01865718785581638, -0.0009272699639899518, -0.0029494450487489443, -0.008962023000628982, 0.008110060712869016, 0.01854200388802618, 0.005403729236908461, 0.020239003446868686, 0.008637836365200213, -0.005508857803591005, 0.004761534033267623, 0.01330251622506129, 0.007829164622613627, -0.013085146939825099, 0.0013597344356299779, -0.011786366679040428, -0.03235971455341946, 0.008306398054732878, -0.005741685982061706, -0.007875277047257434, 0.001724497997505292, 0.006407839100954771, 0.01458875803243953]","[0.062190666794776917, 0.0, 0.08727030456066132, 0.0, 0.0, 0.0, 0.0, 0.0, 0.0, 0.0, 0.0, 0.0, 0.0, 0.0, 0.09443914145231247, 0.11108088493347168, 0.0, 0.0, 0.08961458504199982, 0.11108088493347168, 0.11108088493347168, 0.11108088493347168, 0.0, 0.0, 0.0, 0.0, 0.0, 0.11108088493347168, 0.11108088493347168, 0.0]","[0.0, -1.0821158503301536e-22, 1.0, -1.085452719848991e-22, 2.758937567379828e-24, 0.0, 0.0, 0.0, 0.0, -2.8238461550785487e-25, 0.0, 0.0, 0.0, 0.0, -7.976989285255863e-23, 0.0, 0.0, 0.0, 0.0, 0.0, 0.0, 0.0, 0.0, -3.778573170243633e-23, -1.22031077242143e-22, 0.0, 0.0, 3.573332343951449e-24, 0.0, -1.0821920097044678e-22]","[0.0, 0.0015903183905248445, 0.9280055999303543, 0.0, 0.006342721783501444, 0.0, 0.00455524103105539, 0.013190026044510927, 0.0013507924161938803, 0.0, 0.007157351924268806, 0.007665229361193271, 0.0, 0.0011575671587684309, 0.0, 0.0, 0.0025595953632653067, 0.010440730181084398, 0.0018064276921188993, 0.0016882278366662066, 0.0, 0.0, 0.0, 0.0, 0.0, 0.0, 0.0055068897255138565, 0.001676200726393246, 0.002896090593674159, 0.0024109898409128585]","[0.062190666794776917, 0.0, 0.08727030456066132, 0.0, 0.0, 0.0, 0.0, 0.0, 0.0, 0.0, 0.0, 0.0, 0.0, 0.0, 0.09443914145231247, 0.11108088493347168, 0.0, 0.0, 0.08961458504199982, 0.11108088493347168, 0.11108088493347168, 0.11108088493347168, 0.0, 0.0, 0.0, 0.0, 0.0, 0.11108088493347168, 0.11108088493347168, 0.0]",0.003737124486018464
62,1.024857225931856,"[0.9856989845391818, 0.9843359749324692, 1.0058420049099819, 1.0069635291336818, 1.0078171673233984, 1.0165999436488233, 0.9874543976656426, 1.0186571878558164, 0.99907273003601, 0.9970505549512511, 0.991037976999371, 1.008110060712869, 1.0185420038880262, 1.0054037292369085, 1.0202390034468687, 1.0086378363652002, 0.994491142196409, 1.0047615340332676, 1.0133025162250613, 1.0078291646226136, 0.9869148530601749, 1.00135973443563, 0.9882136333209596, 0.9676402854465805, 1.0083063980547329, 0.9942583140179383, 0.9921247229527426, 1.0017244979975053, 1.0064078391009548, 1.0145887580324395]","[0.9810601802843963, 1.0009909284823306, 0.9914999247764534, 1.0139085320148529, 1.0085219019365521, 0.9946617172809779, 0.9883923287946215, 1.002675709208006, 1.010468817619065, 0.9790581735134825, 0.976234607319568, 1.0148356692045952, 1.0062351146274138, 1.0137458355599847, 1.0044017686785585, 0.9968656527634725, 0.9863004913075675, 0.9884488749859014, 0.9773208404656578, 0.9852787513366931, 0.9910618156063153, 1.0000351443680042, 1.0088303363396631, 1.023039101351402, 1.004349136420141, 1.0088837056292723, 0.9828486703305189, 1.0118777495627047, 0.9791665064907327, 0.9793460561676125]","[-0.018939819715603656, 0.000990928482330622, -0.008500075223546566, 0.01390853201485287, 0.008521901936552112, -0.005338282719022147, -0.011607671205378534, 0.002675709208006083, 0.01046881761906504, -0.020941826486517545, -0.023765392680431985, 0.014835669204595225, 0.006235114627413774, 0.013745835559984654, 0.00440176867855846, -0.0031343472365275016, -0.013699508692432527, -0.011551125014098607, -0.022679159534342186, -0.01472124866330693, -0.008938184393684656, 3.514436800422516e-05, 0.008830336339663125, 0.02303910135140197, 0.004349136420140898, 0.00888370562927232, -0.017151329669481075, 0.01187774956270471, -0.02083349350926733, -0.0206539438323875]","[0.0, 0.0, 0.0, 0.0, 0.10095253586769104, 0.10095253586769104, 0.0, 0.0, 0.0, 0.0, 0.0, 0.10095253586769104, 0.10095253586769104, 0.0, 0.10095253586769104, 0.0, 0.10095253586769104, 0.0, 0.0, 0.0, 0.0, 0.0, 0.10095253586769104, 0.09142719209194183, 0.0, 0.10095253586769104, 0.0, 0.10095253586769104, 0.0, 0.0]","[0.0, 0.0, 1.0, 0.0, 0.0, 0.0, 0.0, 0.0, 2.2540006858279863e-22, 0.0, 0.0, 0.0, 0.0, 0.0, 3.0870475273178153e-22, 0.0, 0.0, 0.0, 2.2533014869456973e-22, 3.3643100589840493e-22, 2.255314314417767e-22, 2.806074366146966e-22, 0.0, 2.2587303761729504e-22, 0.0, 0.0, 3.36492462914576e-22, 3.3655587633044394e-22, 0.0, 0.0]","[0.0, 0.003457020756344662, 0.8664302452350084, 0.0, 0.0005813507336510257, 0.0, 0.0, 0.0, 0.0, 0.0, 0.0116668350546977, 0.006356140999284292, 0.0, 0.0, 0.0, 0.013880426125071805, 0.0, 0.0, 0.019754138365234118, 6.364566452281143e-05, 0.01679222996101067, 0.010369417622374652, 0.0023645046870259413, 0.0, 0.0010271623106578385, 1.920188957144335e-05, 0.009334336593973383, 0.007851361951869832, 0.013236612888355604, 0.016815369161346055]","[0.0, 0.0, 0.0, 0.0, 0.10095253586769104, 0.10095253586769104, 0.0, 0.0, 0.0, 0.0, 0.0, 0.10095253586769104, 0.10095253586769104, 0.0, 0.10095253586769104, 0.0, 0.10095253586769104, 0.0, 0.0, 0.0, 0.0, 0.0, 0.10095253586769104, 0.09142719209194183, 0.0, 0.10095253586769104, 0.0, 0.10095253586769104, 0.0, 0.0]",0.006197702770509819
63,1.0243737280238572,"[0.9810601802843963, 1.0009909284823306, 0.9914999247764534, 1.0139085320148529, 1.0085219019365521, 0.9946617172809779, 0.9883923287946215, 1.002675709208006, 1.010468817619065, 0.9790581735134825, 0.976234607319568, 1.0148356692045952, 1.0062351146274138, 1.0137458355599847, 1.0044017686785585, 0.9968656527634725, 0.9863004913075675, 0.9884488749859014, 0.9773208404656578, 0.9852787513366931, 0.9910618156063153, 1.0000351443680042, 1.0088303363396631, 1.023039101351402, 1.004349136420141, 1.0088837056292723, 0.9828486703305189, 1.0118777495627047, 0.9791665064907327, 0.9793460561676125]","[1.0022638255218181, 0.9852343385822985, 1.016834201275939, 1.000977409258008, 0.9939863785893918, 1.0077827328135973, 0.9906590731914114, 1.0114530818815017, 1.0134301861951738, 1.028634434626884, 0.9858992967907536, 0.9907712194606667, 0.9942499822117652, 0.9868085244895691, 1.037770999321828, 0.9922478372897786, 0.989189661698605, 1.0087049024276378, 1.0021945749974337, 1.0123442985640183, 1.0081421524415135, 0.9983505043085994, 0.9741093965493884, 1.0159412875948506, 1.0173608388914732, 1.0066537151779065, 1.0043160707811325, 1.00570678358896, 1.0059001402961751, 0.9853710265794853]","[0.0022638255218181413, -0.014765661417701526, 0.016834201275939042, 0.000977409258007933, -0.006013621410608239, 0.007782732813597315, -0.009340926808588557, 0.011453081881501737, 0.013430186195173777, 0.028634434626884087, -0.01410070320924639, -0.009228780539333292, -0.005750017788234807, -0.013191475510430872, 0.037770999321828036, -0.007752162710221389, -0.010810338301394995, 0.008704902427637773, 0.002194574997433696, 0.012344298564018308, 0.008142152441513506, -0.0016494956914006043, -0.02589060345061156, 0.015941287594850584, 0.017360838891473218, 0.006653715177906472, 0.004316070781132497, 0.005706783588959929, 0.005900140296175138, -0.014628973420514724]","[0.0, 0.10077109187841415, 0.0, 0.0, 0.10077109187841415, 0.0, 0.0, 0.10077109187841415, 0.0, 0.0, 0.0, 0.0, 0.10077109187841415, 0.10077109187841415, 0.0, 0.0, 0.10077109187841415, 0.10077109187841415, 0.0, 0.0930602103471756, 0.0, 0.10077109187841415, 0.0, 0.10077109187841415, 0.0, 0.0, 0.0, 0.0, 0.0, 0.0]","[0.0, 0.0, 1.0, 0.0, 0.0, 0.0, 0.0, 0.0, 0.0, 0.0, 0.0, 0.0, 0.0, 0.0, 3.097760780907807e-22, 0.0, 1.1577454442110416e-22, 0.0, 0.0, 1.1526472398669492e-22, 0.0, 0.0, 1.1547472411837223e-22, 3.658522702463581e-22, 2.2578561572205924e-22, 1.154497410629857e-22, 1.1534918922201348e-22, 1.1557702868809783e-22, 0.0, 0.0]","[0.007639364112599394, 0.011596131844469126, 0.8721121517474496, 0.001688838348000879, 0.015340474413666743, 0.0, 0.0, 0.0, 0.008016099336893309, 0.007561439027746542, 0.01659490952403009, 0.0, 0.0, 0.0, 0.0014141414980669577, 0.0, 0.0, 0.0, 0.01568911989849933, 0.0027495230877287373, 0.0, 0.007885549408822435, 0.0, 0.0008198050441396136, 0.0, 0.0, 0.0, 0.0158584668093134, 0.0, 0.015033985898574083]","[0.0, 0.10077109187841415, 0.0, 0.0, 0.10077109187841415, 0.0, 0.0, 0.10077109187841415, 0.0, 0.0, 0.0, 0.0, 0.10077109187841415, 0.10077109187841415, 0.0, 0.0, 0.10077109187841415, 0.10077109187841415, 0.0, 0.0930602103471756, 0.0, 0.10077109187841415, 0.0, 0.10077109187841415, 0.0, 0.0, 0.0, 0.0, 0.0, 0.0]",-0.0009031777973277947
64,1.0256823496205514,"[1.0022638255218181, 0.9852343385822985, 1.016834201275939, 1.000977409258008, 0.9939863785893918, 1.0077827328135973, 0.9906590731914114, 1.0114530818815017, 1.0134301861951738, 1.028634434626884, 0.9858992967907536, 0.9907712194606667, 0.9942499822117652, 0.9868085244895691, 1.037770999321828, 0.9922478372897786, 0.989189661698605, 1.0087049024276378, 1.0021945749974337, 1.0123442985640183, 1.0081421524415135, 0.9983505043085994, 0.9741093965493884, 1.0159412875948506, 1.0173608388914732, 1.0066537151779065, 1.0043160707811325, 1.00570678358896, 1.0059001402961751, 0.9853710265794853]","[1.0110513948561228, 1.0189690641836575, 1.0005770196538317, 0.9842390431664061, 1.0006339081939606, 0.981502240229906, 0.9868514867994246, 1.0003169948362967, 1.002427292699828, 0.9947793987448389, 1.0149839500073736, 0.9885367198171334, 0.9824399412193505, 1.012450932829117, 1.000930545922707, 0.9969398891413394, 1.0036775267426274, 1.010423096608844, 1.0128929880545066, 0.9881356489616892, 0.9944608170757927, 1.0296177919058942, 1.0095503888479622, 1.0186316753154392, 1.0206490688238572, 1.0032946765908795, 0.9904982432143803, 1.011325640661118, 0.9980897629438366, 0.9874872127803277]","[0.011051394856122831, 0.018969064183657514, 0.0005770196538317229, -0.01576095683359391, 0.0006339081939605862, -0.018497759770094047, -0.013148513200575418, 0.0003169948362966579, 0.0024272926998281097, -0.005220601255161106, 0.014983950007373625, -0.011463280182866575, -0.01756005878064948, 0.012450932829116912, 0.0009305459227069157, -0.0030601108586606474, 0.003677526742627446, 0.010423096608844107, 0.01289298805450656, -0.01186435103831085, -0.005539182924207298, 0.029617791905894197, 0.009550388847962221, 0.01863167531543919, 0.020649068823857197, 0.003294676590879453, -0.009501756785619708, 0.011325640661117964, -0.001910237056163444, -0.012512787219672306]","[0.10000000149011612, 0.0, 0.0, 0.0, 0.10000000149011612, 0.0, 0.0, 0.0, 0.0, 0.0, 0.0, 0.0, 0.10000000149011612, 0.0, 0.10000000149011612, 0.10000000149011612, 0.10000000149011612, 0.0, 0.10000000149011612, 0.0, 0.0, 0.0, 0.0, 0.10000000149011612, 0.0, 0.0, 0.0, 0.0, 0.10000000149011612, 0.10000000149011612]","[0.0, -4.399188089019541e-22, 0.0, 0.0, -4.39585683840902e-22, -3.3043690920325125e-22, 0.0, 0.0, 0.0, 1.0, 0.0, 0.0, -2.187708504787873e-22, 0.0, -3.8504288587616574e-22, 0.0, -2.179327621016085e-22, 0.0, -3.2988370437112026e-22, 0.0, 0.0, -4.397659868908829e-22, 0.0, -4.136365667624883e-22, 0.0, 0.0, 0.0, 0.0, 0.0, 0.0]","[0.001784102515015988, 0.008285871430967937, 0.011341504687952288, 0.007073728849035528, 0.0, 0.0, 0.013368394552857725, 0.010808532276510251, 0.0, 0.8978628874418286, 0.008307396983344689, 0.0043210459882703075, 0.0, 0.0, 0.005862162379961942, 0.003832713367709055, 0.0012544812212281753, 0.005121102092240316, 0.003331488294223822, 0.0044455436508042305, 0.0031017509174560503, 0.0, 0.0, 0.0, 0.003891597193562323, 0.0, 0.0, 0.00273479932297727, 0.0019842901985500927, 0.0012866066355035136]","[0.10000000149011612, 0.0, 0.0, 0.0, 0.10000000149011612, 0.0, 0.0, 0.0, 0.0, 0.0, 0.0, 0.0, 0.10000000149011612, 0.0, 0.10000000149011612, 0.10000000149011612, 0.10000000149011612, 0.0, 0.10000000149011612, 0.0, 0.0, 0.0, 0.0, 0.10000000149011612, 0.0, 0.0, 0.0, 0.0, 0.10000000149011612, 0.10000000149011612]",0.0008471547694878141
65,1.024669128605041,"[1.0110513948561228, 1.0189690641836575, 1.0005770196538317, 0.9842390431664061, 1.0006339081939606, 0.981502240229906, 0.9868514867994246, 1.0003169948362967, 1.002427292699828, 0.9947793987448389, 1.0149839500073736, 0.9885367198171334, 0.9824399412193505, 1.012450932829117, 1.000930545922707, 0.9969398891413394, 1.0036775267426274, 1.010423096608844, 1.0128929880545066, 0.9881356489616892, 0.9944608170757927, 1.0296177919058942, 1.0095503888479622, 1.0186316753154392, 1.0206490688238572, 1.0032946765908795, 0.9904982432143803, 1.011325640661118, 0.9980897629438366, 0.9874872127803277]","[0.9943392907115898, 1.0023943938861575, 0.9877234575143607, 1.002324874897263, 1.002855151367719, 0.9836147988875131, 1.0091898083500397, 1.000945385863821, 1.0051398441234183, 1.003028260011777, 0.9966335309076808, 0.9980138681291724, 1.0157291319825088, 0.9953682919497975, 1.0115758207492518, 0.9914638427321113, 0.9905082029128834, 1.008621088048996, 1.0128429535892667, 0.9904044152772097, 0.9978649312953948, 0.9992624622387939, 1.011423474784518, 0.9906597207022747, 0.983978235555762, 0.9878299860530094, 1.0124739423808302, 1.0171622558808406, 0.9965313706508069, 1.004064874245584]","[-0.005660709288410226, 0.0023943938861574754, -0.012276542485639252, 0.002324874897263074, 0.0028551513677190776, -0.01638520111248687, 0.009189808350039685, 0.000945385863821091, 0.00513984412341828, 0.0030282600117770286, -0.003366469092319191, -0.0019861318708276343, 0.015729131982508804, -0.004631708050202521, 0.011575820749251786, -0.0085361572678887, -0.00949179708711656, 0.008621088048996084, 0.012842953589266681, -0.009595584722790318, -0.0021350687046052252, -0.0007375377612061085, 0.011423474784518106, -0.009340279297725296, -0.016021764444237974, -0.012170013946990577, 0.012473942380830216, 0.017162255880840638, -0.0034686293491931197, 0.004064874245583994]","[0.0, 0.1029033213853836, 0.0, 0.0, 0.0, 0.0, 0.0, 0.0, 0.1029033213853836, 0.1029033213853836, 0.0, 0.0, 0.0, 0.0, 0.0, 0.1029033213853836, 0.1029033213853836, 0.0, 0.08886635303497314, 0.0, 0.1029033213853836, 0.0, 0.09079113602638245, 0.1029033213853836, 0.0, 0.10001925379037857, 0.0, 0.0, 0.0, 0.0]","[1.1333261918734974e-22, 0.0, 1.0, 0.0, 2.2416149078356726e-22, 0.0, 2.2462123129552897e-22, 0.0, 0.0, 0.0, 0.0, 2.242329211031551e-22, 0.0, 0.0, 1.4120404678689505e-22, 0.0, 2.249624416878215e-22, 1.1385927648343733e-22, 0.0, 0.0, 1.1344324520732698e-22, 0.0, 0.0, 0.0, 0.0, 0.0, 0.0, 2.248008502551936e-22, 0.0, 0.0]","[0.0, 0.0, 0.8739565076916714, 0.0, 0.002118257622471098, 0.0, 0.0, 0.008097168097001596, 0.005491181497102774, 0.0, 0.03097164144770421, 0.0, 0.0, 0.0, 0.004141412120665148, 0.0, 0.0, 0.0, 0.006795072339393633, 0.01698188908225206, 0.0008974482419219593, 0.012805760548186405, 0.013538899648841899, 0.0, 0.006670760024149861, 0.0, 0.0, 0.008421279661306081, 0.0, 0.009112721977331798]","[0.0, 0.1029033213853836, 0.0, 0.0, 0.0, 0.0, 0.0, 0.0, 0.1029033213853836, 0.1029033213853836, 0.0, 0.0, 0.0, 0.0, 0.0, 0.1029033213853836, 0.1029033213853836, 0.0, 0.08886635303497314, 0.0, 0.1029033213853836, 0.0, 0.09079113602638245, 0.1029033213853836, 0.0, 0.10001925379037857, 0.0, 0.0, 0.0, 0.0]",-0.0013989062175897317
66,1.026023033160837,"[0.9943392907115898, 1.0023943938861575, 0.9877234575143607, 1.002324874897263, 1.002855151367719, 0.9836147988875131, 1.0091898083500397, 1.000945385863821, 1.0051398441234183, 1.003028260011777, 0.9966335309076808, 0.9980138681291724, 1.0157291319825088, 0.9953682919497975, 1.0115758207492518, 0.9914638427321113, 0.9905082029128834, 1.008621088048996, 1.0128429535892667, 0.9904044152772097, 0.9978649312953948, 0.9992624622387939, 1.011423474784518, 0.9906597207022747, 0.983978235555762, 0.9878299860530094, 1.0124739423808302, 1.0171622558808406, 0.9965313706508069, 1.004064874245584]","[0.9803317490158708, 0.9809835544066525, 0.9971726151587705, 0.9955866588091241, 1.01554429016791, 0.9881125616555615, 0.9961585372275993, 1.0117408870923499, 1.0080451262453318, 1.017733596739184, 0.9935543915227082, 1.0107759985413678, 0.9807936255875597, 1.0058359100405239, 1.011650604845987, 1.0129057460572966, 0.9848135474532875, 1.0083988872697442, 0.9980630514776259, 0.9821091518661245, 0.9900625341023109, 1.002002375843194, 0.9829971340220662, 0.9904939278579369, 1.0003297463509708, 1.0092275254694048, 0.9956357774741329, 0.9974395685695956, 1.0090440947504742, 1.0108507699557203]","[-0.019668250984129165, -0.019016445593347475, -0.0028273848412294633, -0.004413341190875886, 0.015544290167909924, -0.011887438344438506, -0.0038414627724007167, 0.011740887092349883, 0.008045126245331824, 0.017733596739184065, -0.006445608477291809, 0.010775998541367793, -0.01920637441244033, 0.005835910040523862, 0.011650604845987012, 0.012905746057296552, -0.01518645254671247, 0.008398887269744248, -0.0019369485223741378, -0.017890848133875537, -0.009937465897689068, 0.0020023758431939598, -0.017002865977933768, -0.009506072142063116, 0.0003297463509708276, 0.009227525469404751, -0.004364222525867101, -0.0025604314304044085, 0.009044094750474185, 0.010850769955720319]","[0.0, 0.0, 0.0, 0.0, 0.08623054623603821, 0.1101100891828537, 0.0, 0.1101100891828537, 0.0, 0.0, 0.0, 0.0, 0.0, 0.1101100891828537, 0.1101100891828537, 0.0, 0.08778221160173416, 0.0, 0.1101100891828537, 0.0, 0.08482330292463303, 0.0, 0.0, 0.0, 0.0, 0.0805034264922142, 0.0, 0.1101100891828537, 0.0, 0.0]","[0.0, 0.0, 1.0, 0.0, 0.0, 0.0, 0.0, 0.0, 2.2541526457065327e-22, 0.0, 0.0, 0.0, 0.0, 0.0, 0.0, 0.0, 3.3698119869319944e-22, 2.2604299450382195e-22, 2.254702407462798e-22, 3.3629971207400053e-22, 0.0, 0.0, 0.0, 2.2589495987696186e-22, 1.970570160413984e-22, 0.0, 0.0, 3.3679932089812543e-22, 0.0, 2.249085957588199e-22]","[0.0, 0.0003030850450033878, 0.897823568630308, 0.01373783432810289, 0.0, 0.01457103442612923, 0.005736457806051406, 0.0, 0.0, 0.005051724997945698, 0.005800434116564063, 0.0016236177700825972, 0.013128377205603795, 0.0, 0.0, 0.0019738336564373445, 0.0, 0.005960164224871051, 0.004022169475282274, 0.0, 0.0, 0.0, 0.005011144109012764, 0.0, 0.0023391711479569996, 0.014777364832943896, 0.0026289221949988783, 0.0, 0.005511096032705369, 0.0]","[0.0, 0.0, 0.0, 0.0, 0.08623054623603821, 0.1101100891828537, 0.0, 0.1101100891828537, 0.0, 0.0, 0.0, 0.0, 0.0, 0.1101100891828537, 0.1101100891828537, 0.0, 0.08778221160173416, 0.0, 0.1101100891828537, 0.0, 0.08482330292463303, 0.0, 0.0, 0.0, 0.0, 0.0805034264922142, 0.0, 0.1101100891828537, 0.0, 0.0]",0.0009165301358281738
67,1.0260748055835236,"[0.9803317490158708, 0.9809835544066525, 0.9971726151587705, 0.9955866588091241, 1.01554429016791, 0.9881125616555615, 0.9961585372275993, 1.0117408870923499, 1.0080451262453318, 1.017733596739184, 0.9935543915227082, 1.0107759985413678, 0.9807936255875597, 1.0058359100405239, 1.011650604845987, 1.0129057460572966, 0.9848135474532875, 1.0083988872697442, 0.9980630514776259, 0.9821091518661245, 0.9900625341023109, 1.002002375843194, 0.9829971340220662, 0.9904939278579369, 1.0003297463509708, 1.0092275254694048, 0.9956357774741329, 0.9974395685695956, 1.0090440947504742, 1.0108507699557203]","[0.988001298481556, 0.9952788000858817, 0.9903587836845963, 0.9949757881372959, 1.0069000895089428, 0.9915756362978947, 1.016096966755452, 0.9938888331842985, 1.0209718957447425, 0.9814216066169689, 1.0144054500063673, 1.0022814253873322, 0.99214064360499, 1.0021728879580571, 1.0026420468723758, 0.9999166826834118, 0.9882122120375819, 0.9912428832148508, 0.9787076862647135, 1.0052103470213303, 0.9966826386140213, 0.9828173102202858, 1.0087604263106495, 0.9936302811927558, 1.0040109170555114, 1.0031250465374615, 0.9981921554278913, 0.995322543473172, 1.0031621813206868, 0.9915770388434699]","[-0.011998701518443955, -0.004721199914118346, -0.009641216315403711, -0.0050242118627040755, 0.0069000895089428305, -0.008424363702105309, 0.016096966755452025, -0.006111166815701452, 0.020971895744742453, -0.018578393383031133, 0.014405450006367282, 0.0022814253873322254, -0.007859356395010009, 0.002172887958057146, 0.0026420468723757917, -8.331731658817176e-05, -0.011787787962418084, -0.008757116785149233, -0.021292313735286506, 0.005210347021330275, -0.003317361385978712, -0.017182689779714155, 0.00876042631064955, -0.00636971880724424, 0.004010917055511376, 0.0031250465374614844, -0.0018078445721086966, -0.00467745652682805, 0.0031621813206867966, -0.008422961156530073]","[0.0, 0.0, 0.10032057762145996, 0.0, 0.0, 0.10032057762145996, 0.0, 0.10032057762145996, 0.10032057762145996, 0.10032057762145996, 0.10032057762145996, 0.10032057762145996, 0.0, 0.0, 0.09711484611034393, 0.10032057762145996, 0.0, 0.0, 0.0, 0.0, 0.0, 0.0, 0.0, 0.0, 0.0, 0.10032057762145996, 0.0, 0.0, 0.0, 0.0]","[0.0, 0.0, 1.0, 0.0, 0.0, 0.0, 3.3680327129475314e-22, 0.0, 0.0, 0.0, 0.0, 0.0, 0.0, 0.0, 0.0, 3.3705811394417234e-22, 3.3705635288615714e-22, 4.483801319820828e-22, 0.0, 0.0, 0.0, 0.0, 5.592771521995446e-22, 3.37136769718125e-22, 3.915122406521327e-22, 0.0, 3.372413096145887e-22, 3.371912440765267e-22, 0.0, 0.0]","[0.0, 0.00872146109851644, 0.9228595858690105, 0.002796347449070691, 0.0, 0.0004201857560123189, 0.0, 0.0, 0.013644205667831102, 0.0, 0.0, 0.0, 0.010406474312421416, 0.009947997994239254, 0.0, 0.003335801003760577, 0.0, 0.0, 0.011752859797579132, 0.0009570913027622366, 0.01326311166067984, 0.0, 0.0, 0.0, 0.0, 0.0, 0.0, 0.0, 0.0018948780881164935, 0.0]","[0.0, 0.0, 0.10032057762145996, 0.0, 0.0, 0.10032057762145996, 0.0, 0.10032057762145996, 0.10032057762145996, 0.10032057762145996, 0.10032057762145996, 0.10032057762145996, 0.0, 0.0, 0.09711484611034393, 0.10032057762145996, 0.0, 0.0, 0.0, 0.0, 0.0, 0.0, 0.0, 0.0, 0.0, 0.10032057762145996, 0.0, 0.0, 0.0, 0.0]",-0.0004164655766125953
68,1.0300441865801608,"[0.988001298481556, 0.9952788000858817, 0.9903587836845963, 0.9949757881372959, 1.0069000895089428, 0.9915756362978947, 1.016096966755452, 0.9938888331842985, 1.0209718957447425, 0.9814216066169689, 1.0144054500063673, 1.0022814253873322, 0.99214064360499, 1.0021728879580571, 1.0026420468723758, 0.9999166826834118, 0.9882122120375819, 0.9912428832148508, 0.9787076862647135, 1.0052103470213303, 0.9966826386140213, 0.9828173102202858, 1.0087604263106495, 0.9936302811927558, 1.0040109170555114, 1.0031250465374615, 0.9981921554278913, 0.995322543473172, 1.0031621813206868, 0.9915770388434699]","[0.9927566416913282, 0.994705819138194, 0.9942353614454514, 1.0148755722884997, 1.0026916503097474, 1.0160386461014588, 1.0000942571143765, 1.0167538843226134, 0.9835594678444367, 0.9988883094359365, 1.0241902524824642, 1.0025835721350687, 0.9959251026413143, 0.9988060563428891, 1.0047012984163182, 0.9983363252610541, 1.007082984999329, 0.9960171327387514, 0.9910943812946087, 0.9946576982242697, 0.9790695529329538, 1.007641992985442, 0.9901265234420423, 1.0021773505568015, 1.0049916037696531, 1.0075358609454894, 0.9799244019690861, 1.0027175636739214, 1.0000062993692256, 1.0159241701184172]","[-0.007243358308671843, -0.005294180861805997, -0.005764638554548562, 0.014875572288499672, 0.0026916503097473843, 0.016038646101458776, 9.425711437649475e-05, 0.016753884322613377, -0.016440532155563292, -0.0011116905640634611, 0.024190252482464203, 0.002583572135068657, -0.004074897358685714, -0.0011939436571108963, 0.004701298416318167, -0.0016636747389459083, 0.007082984999329023, -0.003982867261248635, -0.008905618705391305, -0.0053423017757302516, -0.020930447067046165, 0.007641992985442103, -0.009873476557957672, 0.0021773505568014606, 0.00499160376965313, 0.007535860945489414, -0.020075598030913855, 0.002717563673921397, 6.299369225581941e-06, 0.01592417011841718]","[0.0, 0.0, 0.0, 0.0, 0.10040801018476486, 0.0, 0.09945045411586761, 0.10040801018476486, 0.0, 0.0, 0.10040801018476486, 0.0, 0.0, 0.0, 0.0, 0.0, 0.10040801018476486, 0.09753425419330597, 0.0, 0.0, 0.10040801018476486, 0.0, 0.0, 0.0, 0.10040801018476486, 0.10015928745269775, 0.0, 0.0, 0.10040801018476486, 0.0]","[1.1374697393373978e-22, 0.0, 1.0, 0.0, 0.0, 0.0, 0.0, 0.0, 0.0, 0.0, 2.7885442012430888e-24, 0.0, 0.0, 0.0, 0.0, -1.074752466532643e-22, 0.0, -1.0717453917475535e-22, 0.0, 0.0, 0.0, 0.0, -1.072810493869153e-22, -9.369475672877436e-23, 3.219211365213949e-22, 0.0, 1.1467201635925228e-22, -1.0739181076124902e-22, 0.0, 0.0]","[0.005599296328504032, 0.0, 0.9129851038743896, 0.013823210414630128, 0.0, 0.0, 0.013455777984905642, 0.0, 0.0, 0.0, 0.007004838038335669, 0.005509166604190448, 0.007868458577331835, 0.0, 0.0, 0.0, 0.0, 0.008336650920368303, 0.004991414732356058, 0.0, 0.0, 0.0, 0.0037207198237408875, 0.0, 0.0, 0.0007978461047808205, 0.0, 0.0, 0.009753794241952931, 0.006153722354513562]","[0.0, 0.0, 0.0, 0.0, 0.10040801018476486, 0.0, 0.09945045411586761, 0.10040801018476486, 0.0, 0.0, 0.10040801018476486, 0.0, 0.0, 0.0, 0.0, 0.0, 0.10040801018476486, 0.09753425419330597, 0.0, 0.0, 0.10040801018476486, 0.0, 0.0, 0.0, 0.10040801018476486, 0.10015928745269775, 0.0, 0.0, 0.10040801018476486, 0.0]",0.003435387056671242
69,1.0319575104055871,"[0.9927566416913282, 0.994705819138194, 0.9942353614454514, 1.0148755722884997, 1.0026916503097474, 1.0160386461014588, 1.0000942571143765, 1.0167538843226134, 0.9835594678444367, 0.9988883094359365, 1.0241902524824642, 1.0025835721350687, 0.9959251026413143, 0.9988060563428891, 1.0047012984163182, 0.9983363252610541, 1.007082984999329, 0.9960171327387514, 0.9910943812946087, 0.9946576982242697, 0.9790695529329538, 1.007641992985442, 0.9901265234420423, 1.0021773505568015, 1.0049916037696531, 1.0075358609454894, 0.9799244019690861, 1.0027175636739214, 1.0000062993692256, 1.0159241701184172]","[0.9892640342288175, 1.0079041879382784, 0.9926895019630838, 1.0168584207104736, 0.9837913072528686, 1.019023158593505, 1.0149819077392555, 0.9988329412220203, 0.9982676022284339, 1.0077112199236185, 1.001835020858482, 1.0136706993832643, 0.9702972719556524, 1.0005074952811712, 1.0137880937823993, 1.002775267047109, 0.9962698384916443, 1.011892802222742, 0.9948755833042618, 1.008811932530165, 1.0083839797526741, 1.0057889521273202, 0.9799580696157448, 1.015458263895467, 1.0006337486136163, 0.9940695468241203, 0.9951029313121753, 0.9899815236581231, 0.9983933092858834, 1.012309110500572]","[-0.01073596577118252, 0.007904187938278406, -0.007310498036916191, 0.01685842071047361, -0.016208692747131437, 0.019023158593505007, 0.014981907739255451, -0.0011670587779797348, -0.0017323977715660854, 0.007711219923618451, 0.0018350208584820837, 0.013670699383264262, -0.029702728044347593, 0.0005074952811712219, 0.013788093782399313, 0.0027752670471090646, -0.0037301615083557005, 0.011892802222742027, -0.005124416695738154, 0.00881193253016499, 0.008383979752674131, 0.005788952127320224, -0.02004193038425517, 0.015458263895467006, 0.000633748613616314, -0.005930453175879702, -0.0048970686878246905, -0.010018476341876914, -0.0016066907141165654, 0.01230911050057193]","[0.0, 0.11189769953489304, 0.0, 0.09110695123672485, 0.0, 0.0, 0.0, 0.08450916409492493, 0.0, 0.0, 0.0, 0.0, 0.11189769953489304, 0.07951734960079193, 0.0, 0.0, 0.0, 0.0861501470208168, 0.0, 0.0, 0.0, 0.0, 0.0, 0.11189769953489304, 0.0, 0.0, 0.0, 0.10543988645076752, 0.11189769953489304, 0.10568571090698242]","[0.0, 0.0, 1.0, 0.0, 0.0, -2.197028295801066e-22, 0.0, -5.413814098435845e-23, 0.0, -5.315185776451862e-23, 0.0, 0.0, 0.0, 0.0, -1.9148186763584891e-22, 0.0, 0.0, -3.297331976883764e-22, 0.0, -1.084593719964832e-22, 0.0, 0.0, 0.0, -1.4967116329848946e-22, -3.1681214136130583e-22, 0.0, -1.0791879941897614e-22, 0.0, 0.0, 0.0]","[0.010798467297547186, 0.0040019290406944985, 0.8817908409736553, 0.00598930869447568, 0.0, 0.008512741646527813, 0.009916681629814454, 0.0, 0.0, 0.0076919227338000514, 0.0, 0.008111719171668932, 0.006943557224732489, 0.0023461427603195645, 0.0, 0.0, 0.0, 0.0, 0.0, 0.009438107773160197, 0.007423695391498071, 0.0, 0.0030403860743552944, 0.0, 0.0, 0.0, 0.005471675436908951, 0.010025363699712785, 0.018497460451128354, 0.0]","[0.0, 0.11189769953489304, 0.0, 0.09110695123672485, 0.0, 0.0, 0.0, 0.08450916409492493, 0.0, 0.0, 0.0, 0.0, 0.11189769953489304, 0.07951734960079193, 0.0, 0.0, 0.0, 0.0861501470208168, 0.0, 0.0, 0.0, 0.0, 0.0, 0.11189769953489304, 0.0, 0.0, 0.0, 0.10543988645076752, 0.11189769953489304, 0.10568571090698242]",0.0014465627719290684
70,1.030734683066284,"[0.9892640342288175, 1.0079041879382784, 0.9926895019630838, 1.0168584207104736, 0.9837913072528686, 1.019023158593505, 1.0149819077392555, 0.9988329412220203, 0.9982676022284339, 1.0077112199236185, 1.001835020858482, 1.0136706993832643, 0.9702972719556524, 1.0005074952811712, 1.0137880937823993, 1.002775267047109, 0.9962698384916443, 1.011892802222742, 0.9948755833042618, 1.008811932530165, 1.0083839797526741, 1.0057889521273202, 0.9799580696157448, 1.015458263895467, 1.0006337486136163, 0.9940695468241203, 0.9951029313121753, 0.9899815236581231, 0.9983933092858834, 1.012309110500572]","[1.0068533521315408, 1.004585387990909, 0.9855282031255969, 0.9944113232480032, 0.9838812923280117, 1.0006198950143554, 1.0061026652474063, 1.0104727338672825, 0.9971256890371024, 1.0223334454842927, 1.0135650491651864, 0.9935024616206807, 0.9923245590567167, 1.0005288473636724, 1.0307371709661253, 0.9964495288161439, 0.9892148321514725, 1.009179037633627, 1.005972317935171, 1.0201345378313047, 0.9728178163129787, 1.010195339503908, 0.981668949700638, 1.0003036821957196, 0.9908568833631402, 1.0105667679366572, 1.0178068750360496, 0.9943416028925652, 0.9815423290952158, 1.0090893864602963]","[0.006853352131540813, 0.004585387990909018, -0.014471796874403142, -0.005588676751996813, -0.016118707671988308, 0.0006198950143554427, 0.006102665247406325, 0.010472733867282535, -0.002874310962897586, 0.022333445484292724, 0.013565049165186416, -0.006497538379319323, -0.007675440943283318, 0.0005288473636724245, 0.03073717096612527, -0.0035504711838560965, -0.010785167848527455, 0.00917903763362693, 0.0059723179351709454, 0.0201345378313047, -0.0271821836870213, 0.010195339503908052, -0.018331050299361995, 0.0003036821957196345, -0.00914311663685985, 0.010566767936657229, 0.017806875036049608, -0.005658397107434765, -0.01845767090478423, 0.009089386460296334]","[0.10112173855304718, 0.0, 0.10112173855304718, 0.0, 0.0, 0.10112173855304718, 0.0, 0.0, 0.0, 0.10112173855304718, 0.10112173855304718, 0.0, 0.10112173855304718, 0.0, 0.0, 0.0, 0.10112173855304718, 0.10112173855304718, 0.0, 0.0, 0.09700437635183334, 0.0, 0.0, 0.0, 0.0, 0.0, 0.0, 0.09402173012495041, 0.0, 0.0]","[0.0, 0.0, 1.0, 3.3585527020041875e-22, 0.0, 0.0, 4.477630984357952e-22, 3.346737604479638e-22, 0.0, 2.804284622622436e-22, 0.0, 3.361489277399513e-22, 0.0, 0.0, 3.539645120195649e-22, 0.0, 4.476567846253487e-22, 0.0, 0.0, 0.0, 0.0, 0.0, 0.0, 0.0, 0.0, 0.0, 0.0, 0.0, 3.363557918845224e-22, 3.359417523897531e-22]","[0.008556525109407676, 0.0, 0.897966678235435, 0.0, 0.00455372699290421, 0.00020449799140607395, 0.0, 0.0, 0.0, 0.002577248480007766, 0.0022456916021745417, 0.006305334993578535, 0.018354618898217955, 0.0031867503921672083, 0.0, 0.0, 0.0, 0.0, 0.008870397863540044, 0.0, 0.0, 0.011126413666511044, 0.0, 0.0, 0.008049301158928674, 0.006786153064846675, 0.014051963948207262, 0.0, 0.0, 0.007164697602667568]","[0.10112173855304718, 0.0, 0.10112173855304718, 0.0, 0.0, 0.10112173855304718, 0.0, 0.0, 0.0, 0.10112173855304718, 0.10112173855304718, 0.0, 0.10112173855304718, 0.0, 0.0, 0.0, 0.10112173855304718, 0.10112173855304718, 0.0, 0.0, 0.09700437635183334, 0.0, 0.0, 0.0, 0.0, 0.0, 0.0, 0.09402173012495041, 0.0, 0.0]",-0.0016161926944029585
71,1.02968592472937,"[1.0068533521315408, 1.004585387990909, 0.9855282031255969, 0.9944113232480032, 0.9838812923280117, 1.0006198950143554, 1.0061026652474063, 1.0104727338672825, 0.9971256890371024, 1.0223334454842927, 1.0135650491651864, 0.9935024616206807, 0.9923245590567167, 1.0005288473636724, 1.0307371709661253, 0.9964495288161439, 0.9892148321514725, 1.009179037633627, 1.005972317935171, 1.0201345378313047, 0.9728178163129787, 1.010195339503908, 0.981668949700638, 1.0003036821957196, 0.9908568833631402, 1.0105667679366572, 1.0178068750360496, 0.9943416028925652, 0.9815423290952158, 1.0090893864602963]","[1.0008601634533598, 0.9689756613776643, 1.005900807517193, 1.008744607681762, 1.0023154337716358, 0.9938439102668355, 0.9995440159442813, 1.0133681820476892, 0.9971936285684146, 1.0048313619192701, 1.0082157433995136, 1.0034083142644565, 0.9842528370297569, 1.0009933791501693, 1.0036878987386142, 0.9915215224282091, 1.0004973563481354, 1.0326222536960636, 0.9873552248778001, 0.9921370910976541, 1.0022156398522972, 0.9940100398660723, 1.0002829612645667, 0.9892950798751861, 1.0071385584615968, 1.0112587118968812, 0.996485891706563, 1.0045380010265585, 1.0123850581417808, 0.9993085824942108]","[0.000860163453359819, -0.031024338622335668, 0.0059008075171929075, 0.008744607681762107, 0.0023154337716357887, -0.006156089733164505, -0.0004559840557186723, 0.013368182047689192, -0.0028063714315853527, 0.0048313619192701385, 0.008215743399513586, 0.0034083142644565356, -0.015747162970243145, 0.0009933791501692824, 0.0036878987386141926, -0.008478477571790877, 0.0004973563481354137, 0.03262225369606364, -0.012644775122199858, -0.007862908902345866, 0.0022156398522972243, -0.005989960133927719, 0.0002829612645667279, -0.010704920124813944, 0.007138558461596833, 0.011258711896881213, -0.0035141082934370127, 0.004538001026558547, 0.012385058141780814, -0.0006914175057891603]","[0.0, 0.0, 0.058150239288806915, 0.0, 0.11472196131944656, 0.148058220744133, 0.0, 0.0, 0.148058220744133, 0.07158985733985901, 0.0, 0.0, 0.09861365705728531, 0.0, 0.0, 0.0, 0.0, 0.0, 0.07006136327981949, 0.0, 0.0, 0.09446942061185837, 0.0, 0.0, 0.0, 0.06339068710803986, 0.0, 0.0, 0.13288633525371552, 0.0]","[0.0, 0.0, 2.972630550841696e-22, 2.2735363323989757e-22, 0.0, 0.0, 2.2754782961569657e-22, 0.0, 0.0, 2.7207751676329225e-22, 0.0, 0.0, 2.280117187009365e-22, 0.0, 1.0, 0.0, 0.0, 0.0, 0.0, 0.0, 2.2855899106486716e-22, 2.2803976466594344e-22, 0.0, 0.0, 2.8318730134835116e-22, 0.0, 4.487726952964566e-22, 0.0, 0.0, 0.0]","[0.0, 0.0, 1.1419949705977936e-05, 0.007332904106948132, 0.0, 0.0, 0.0015361704058749165, 0.0, 0.0, 0.0, 0.0, 0.004772301660961302, 0.0040887018508696206, 0.0, 0.9437755070724484, 0.0, 0.0, 1.8905239350246656e-05, 0.009065384300890171, 0.003505658751914041, 0.006294293826535933, 0.0, 0.0, 0.0, 0.01144618227313432, 0.004658227659390688, 0.0, 0.003494342901976373, 0.0, 0.0]","[0.0, 0.0, 0.058150243014097214, 0.0, 0.11472196877002716, 0.1480582356452942, 0.0, 0.0, 0.1480582356452942, 0.0715898647904396, 0.0, 0.0, 0.0986136645078659, 0.0, 0.0, 0.0, 0.0, 0.0, 0.07006137073040009, 0.0, 0.0, 0.09446942806243896, 0.0, 0.0, 0.0, 0.06339069455862045, 0.0, 0.0, 0.1328863501548767, 0.0]",-0.001496401183839239
72,1.0336016154355878,"[1.0008601634533598, 0.9689756613776643, 1.005900807517193, 1.008744607681762, 1.0023154337716358, 0.9938439102668355, 0.9995440159442813, 1.0133681820476892, 0.9971936285684146, 1.0048313619192701, 1.0082157433995136, 1.0034083142644565, 0.9842528370297569, 1.0009933791501693, 1.0036878987386142, 0.9915215224282091, 1.0004973563481354, 1.0326222536960636, 0.9873552248778001, 0.9921370910976541, 1.0022156398522972, 0.9940100398660723, 1.0002829612645667, 0.9892950798751861, 1.0071385584615968, 1.0112587118968812, 0.996485891706563, 1.0045380010265585, 1.0123850581417808, 0.9993085824942108]","[1.0185700184154616, 0.9875682648809159, 0.9694355878700227, 1.0065850564546974, 0.9917081032136145, 0.9841381888918574, 1.0018143731600202, 0.986296706315688, 0.9985443300284104, 0.9931610396874275, 1.0151346758309794, 1.0097059904876844, 1.0167926289610054, 1.0154747728538134, 1.0064383891954505, 1.0054309936768722, 1.0042610531599048, 1.0081712118096164, 1.0091407503992549, 1.0030826153638184, 0.9936108164216709, 0.9887720098988119, 1.0186122851068673, 1.0111928698983763, 0.9912216869373296, 0.9965462874251408, 0.9974063031586062, 0.9911009574375311, 1.0018526573464868, 1.023232559418541]","[0.018570018415461576, -0.01243173511908413, -0.030564412129977292, 0.006585056454697424, -0.008291896786385533, -0.015861811108142554, 0.0018143731600201995, -0.013703293684312001, -0.0014556699715896348, -0.006838960312572473, 0.015134675830979383, 0.00970599048768439, 0.016792628961005418, 0.015474772853813379, 0.006438389195450478, 0.0054309936768721645, 0.004261053159904771, 0.008171211809616441, 0.009140750399254882, 0.003082615363818375, -0.006389183578329072, -0.011227990101188134, 0.0186122851068673, 0.011192869898376312, -0.008778313062670406, -0.003453712574859158, -0.0025936968413937667, -0.008899042562468873, 0.0018526573464867635, 0.023232559418540966]","[0.0, 0.0, 0.0, 0.0, 0.11814984679222107, 0.07836811244487762, 0.11814984679222107, 0.0, 0.09019909054040909, 0.06978841871023178, 0.0, 0.11814984679222107, 0.0, 0.0, 0.0, 0.0, 0.0, 0.0, 0.10208166390657425, 0.0, 0.0, 0.0, 0.11814984679222107, 0.0, 0.06881348043680191, 0.0, 0.0, 0.0, 0.0, 0.11814984679222107]","[0.0, -2.16531727778996e-22, 6.070006853824917e-23, -1.0619765187686084e-22, 4.694351243791947e-24, 0.0, 0.0, 0.0, -1.0675637742261452e-22, 5.981361242732125e-23, 0.0, 0.0, 0.0, 0.0, 1.0, 0.0, 0.0, 0.0, 0.0, 0.0, -2.1629930635609214e-22, 0.0, -2.161868903306023e-22, 0.0, 0.0, 0.0, 4.100083378901283e-24, 0.0, 0.0, 0.0]","[0.012393707905878515, 0.007868065190260488, 0.0, 0.0, 0.017785804891398582, 0.003934522633797719, 0.0, 0.0, 0.0, 0.0021907050299357677, 0.007631513235265584, 0.0, 0.0, 0.0, 0.8655170866870934, 0.0, 0.014427362563974047, 0.0, 0.0, 0.0, 0.008797527114626303, 0.0028513788136454057, 0.015848527043646126, 0.011020397074490342, 0.014173640489801454, 0.0, 0.009520328252426321, 0.0, 0.005038246515756089, 0.0010011865580039042]","[0.0, 0.0, 0.0, 0.0, 0.11814984679222107, 0.07836811244487762, 0.11814984679222107, 0.0, 0.09019909054040909, 0.06978841871023178, 0.0, 0.11814984679222107, 0.0, 0.0, 0.0, 0.0, 0.0, 0.0, 0.10208166390657425, 0.0, 0.0, 0.0, 0.11814984679222107, 0.0, 0.06881348043680191, 0.0, 0.0, 0.0, 0.0, 0.11814984679222107]",0.003403500188487965
73,1.03332660221269,"[1.0185700184154616, 0.9875682648809159, 0.9694355878700227, 1.0065850564546974, 0.9917081032136145, 0.9841381888918574, 1.0018143731600202, 0.986296706315688, 0.9985443300284104, 0.9931610396874275, 1.0151346758309794, 1.0097059904876844, 1.0167926289610054, 1.0154747728538134, 1.0064383891954505, 1.0054309936768722, 1.0042610531599048, 1.0081712118096164, 1.0091407503992549, 1.0030826153638184, 0.9936108164216709, 0.9887720098988119, 1.0186122851068673, 1.0111928698983763, 0.9912216869373296, 0.9965462874251408, 0.9974063031586062, 0.9911009574375311, 1.0018526573464868, 1.023232559418541]","[1.0014732866542364, 1.0014845346543106, 0.9938243667202131, 1.0027209353864854, 1.0101659131205323, 1.0070935985235057, 1.0045362198084375, 0.985551239073446, 0.9749109372159798, 1.0050638040307556, 1.0164149039413841, 1.010487717350151, 0.9939060220307829, 1.0275042283079692, 1.0058759745876387, 1.0195168063871956, 0.9923293895533051, 0.9751923315975713, 1.0161003482808855, 0.9909020377562463, 1.0190995780794472, 0.9991864866816134, 1.0005667768021589, 0.9843134743481602, 0.9966816952280488, 1.0096955517171575, 0.9941336333148365, 0.9779000329243053, 0.9925060838641419, 1.0270492988489706]","[0.0014732866542364054, 0.001484534654310643, -0.006175633279786874, 0.0027209353864854346, 0.010165913120532277, 0.007093598523505662, 0.004536219808437547, -0.014448760926554005, -0.025089062784020233, 0.00506380403075557, 0.016414903941384118, 0.010487717350150971, -0.006093977969217068, 0.02750422830796917, 0.005875974587638666, 0.01951680638719555, -0.007670610446694925, -0.02480766840242865, 0.016100348280885468, -0.009097962243753699, 0.019099578079447177, -0.0008135133183866383, 0.0005667768021588859, -0.01568652565183981, -0.003318304771951164, 0.009695551717157525, -0.005866366685163493, -0.022099967075694726, -0.007493916135858147, 0.02704929884897056]","[0.0, 0.036718256771564484, 0.0, 0.0, 0.0, 0.0, 0.0, 0.0, 0.124701589345932, 0.0, 0.13947808742523193, 0.06240055710077286, 0.0, 0.0, 0.0, 0.0, 0.13982608914375305, 0.0, 0.03996161371469498, 0.0, 0.0, 0.13982608914375305, 0.0, 0.0, 0.0, 0.07477565109729767, 0.0, 0.13982608914375305, 0.0, 0.10248589515686035]","[0.0, 0.0, 3.411610002814552e-22, 0.0, 0.0, 2.2824668527261753e-22, 0.0, 0.0, 0.0, 2.564963603579112e-22, 0.0, 0.0, 1.192969836687632e-22, 1.1914121371530405e-22, 1.0, 0.0, 0.0, 0.0, 0.0, 0.0, 0.0, 1.1965267719906746e-22, 5.643284303638288e-22, 0.0, 2.2982149917536256e-22, 0.0, 0.0, 0.0, 0.0, 1.4602409566042226e-22]","[0.0, 0.0, 1.9990414926531207e-05, 0.0011371665497343787, 0.0, 0.007264777186987094, 0.0, 8.401007003871393e-05, 0.0, 0.0, 0.0, 0.0, 0.01859158289055369, 0.004166210775175426, 0.9082723890322058, 0.006026489515033273, 0.00510897757159039, 0.0, 0.006089883835018069, 0.0, 0.021607801808258557, 0.009315237040572381, 0.0, 0.002794022501303655, 0.0005599364806347866, 0.0046551769424029695, 0.0, 0.002290439253332953, 0.0, 0.002015908132231384]","[0.0, 0.03671826049685478, 0.0, 0.0, 0.0, 0.0, 0.0, 0.0, 0.1247016042470932, 0.0, 0.13947810232639313, 0.062400564551353455, 0.0, 0.0, 0.0, 0.0, 0.13982610404491425, 0.0, 0.039961617439985275, 0.0, 0.0, 0.13982610404491425, 0.0, 0.0, 0.0, 0.07477565854787827, 0.0, 0.13982610404491425, 0.0, 0.10248591005802155]",-0.0006864719130381242
74,1.0359195913762074,"[1.0014732866542364, 1.0014845346543106, 0.9938243667202131, 1.0027209353864854, 1.0101659131205323, 1.0070935985235057, 1.0045362198084375, 0.985551239073446, 0.9749109372159798, 1.0050638040307556, 1.0164149039413841, 1.010487717350151, 0.9939060220307829, 1.0275042283079692, 1.0058759745876387, 1.0195168063871956, 0.9923293895533051, 0.9751923315975713, 1.0161003482808855, 0.9909020377562463, 1.0190995780794472, 0.9991864866816134, 1.0005667768021589, 0.9843134743481602, 0.9966816952280488, 1.0096955517171575, 0.9941336333148365, 0.9779000329243053, 0.9925060838641419, 1.0270492988489706]","[1.0121354096519488, 0.9949321678535399, 1.0129533053704713, 1.0101944398577185, 0.9943643397935076, 1.0070532125255243, 0.9880794341781707, 0.9878786729407231, 0.9832717139045364, 0.9807414455704491, 0.9938714238366018, 0.9947415012263898, 1.0171388054413786, 0.9951410728968316, 0.9990094307872321, 0.998927477243226, 1.0154338588752312, 1.0316458013463483, 0.9736620373119005, 1.0092901138329498, 0.9923266067324185, 1.0124329429479808, 1.0125910748679177, 0.9864783241635399, 0.9825780895817833, 1.0048374648279899, 1.026329365562095, 0.9954690285786455, 0.9972568504443255, 1.025812536742443]","[0.012135409651948814, -0.005067832146460116, 0.012953305370471346, 0.010194439857718507, -0.005635660206492421, 0.007053212525524266, -0.011920565821829321, -0.012121327059276932, -0.016728286095463618, -0.019258554429550934, -0.006128576163398236, -0.005258498773610176, 0.01713880544137858, -0.004858927103168376, -0.0009905692127678556, -0.0010725227567740525, 0.015433858875231188, 0.03164580134634831, -0.026337962688099514, 0.009290113832949753, -0.007673393267581541, 0.012432942947980807, 0.012591074867917662, -0.013521675836460134, -0.017421910418216724, 0.004837464827989857, 0.026329365562095086, -0.004530971421354502, -0.002743149555674451, 0.025812536742443104]","[0.0, 0.0, 0.0, 0.0, 0.0, 0.10584452748298645, 0.08465256541967392, 0.08418574929237366, 0.0, 0.0, 0.0, 0.0, 0.0, 0.12779417634010315, 0.0, 0.09172417968511581, 0.12779417634010315, 0.0, 0.0, 0.0, 0.0, 0.0, 0.052625373005867004, 0.0, 0.0, 0.12779417634010315, 0.06979088485240936, 0.12779417634010315, 0.0, 0.0]","[0.0, 1.1910108703578697e-22, 0.0, 0.0, 0.0, 0.0, 0.0, 0.0, 0.0, 2.0041557080109685e-22, 1.733281143432071e-22, 0.0, 0.0, 0.0, 1.0, 0.0, 0.0, 0.0, 0.0, 2.279172644651018e-22, 1.1937863770580137e-22, 0.0, 5.636769181109345e-22, 0.0, 2.2921295806492774e-22, 0.0, 3.390291813817316e-22, 0.0, 0.0, 1.4543908425549709e-22]","[0.0, 0.0, 0.008067455290654075, 0.010357391903132954, 0.011102305653858474, 0.0, 0.0, 0.009862549349484223, 0.0, 0.0, 0.0014528148275793663, 0.01213915206394877, 0.003180412021368589, 0.0, 0.8935193468590762, 0.000704288167802316, 0.016548235100222165, 0.0, 0.00566583245077791, 0.0, 0.0, 0.0, 0.008207285570183569, 0.0, 0.0, 0.0, 0.006248883764943591, 0.012944046976967542, 0.0, 0.0]","[0.0, 0.0, 0.0, 0.0, 0.0, 0.10584452748298645, 0.08465256541967392, 0.08418574929237366, 0.0, 0.0, 0.0, 0.0, 0.0, 0.12779417634010315, 0.0, 0.09172417968511581, 0.12779417634010315, 0.0, 0.0, 0.0, 0.0, 0.0, 0.052625373005867004, 0.0, 0.0, 0.12779417634010315, 0.06979088485240936, 0.12779417634010315, 0.0, 0.0]",0.0021059242163408353
75,1.0349373954097771,"[1.0121354096519488, 0.9949321678535399, 1.0129533053704713, 1.0101944398577185, 0.9943643397935076, 1.0070532125255243, 0.9880794341781707, 0.9878786729407231, 0.9832717139045364, 0.9807414455704491, 0.9938714238366018, 0.9947415012263898, 1.0171388054413786, 0.9951410728968316, 0.9990094307872321, 0.998927477243226, 1.0154338588752312, 1.0316458013463483, 0.9736620373119005, 1.0092901138329498, 0.9923266067324185, 1.0124329429479808, 1.0125910748679177, 0.9864783241635399, 0.9825780895817833, 1.0048374648279899, 1.026329365562095, 0.9954690285786455, 0.9972568504443255, 1.025812536742443]","[1.000824802566958, 0.9894641876805734, 0.9887591490852993, 1.0261207912427623, 1.0241782523537946, 0.9777037684274985, 0.9892429003245409, 0.9868034282476833, 1.0123014175700435, 0.9945322969004753, 0.9983319220872207, 0.9913228087860827, 0.9957356240106704, 1.0069197231802438, 0.9853983976202503, 0.9942869900973766, 1.0054227815594232, 1.0078123516068154, 0.991139709453635, 1.006033044248852, 0.9913578439144416, 1.0120759667885504, 0.9903725720895084, 1.0087137647494573, 0.995329893920189, 1.0008785226063392, 0.995004057326756, 0.9908721543175504, 0.9848904001240668, 1.0084783343426842]","[0.0008248025669579384, -0.010535812319426574, -0.011240850914700729, 0.026120791242762342, 0.02417825235379456, -0.02229623157250149, -0.010757099675459125, -0.0131965717523167, 0.012301417570043549, -0.005467703099524712, -0.0016680779127793421, -0.008677191213917301, -0.004264375989329605, 0.006919723180243809, -0.014601602379749723, -0.005713009902623356, 0.005422781559423218, 0.007812351606815371, -0.008860290546364946, 0.006033044248852093, -0.008642156085558406, 0.012075966788550385, -0.009627427910491648, 0.008713764749457287, -0.004670106079810998, 0.0008785226063392493, -0.0049959426732439915, -0.00912784568244962, -0.015109599875933188, 0.00847833434268419]","[0.0, 0.0, 0.0, 0.0, 0.10097545385360718, 0.10097545385360718, 0.0, 0.0, 0.0, 0.10097545385360718, 0.10097545385360718, 0.10097545385360718, 0.0, 0.0, 0.0, 0.0, 0.09122093766927719, 0.0, 0.0, 0.0, 0.10097545385360718, 0.10097545385360718, 0.0, 0.0, 0.10097545385360718, 0.10097545385360718, 0.0, 0.0, 0.0, 0.0]","[0.0, 2.2949084502696234e-22, 3.3995326720554445e-22, 0.0, 0.0, 0.0, 0.0, 0.0, 0.0, 0.0, 0.0, 0.0, 0.0, 0.0, 1.0, 0.0, 0.0, 0.0, 4.494395748124666e-22, 0.0, 2.2974438459526265e-22, 3.960008405321048e-22, 2.2998029282034546e-22, 3.402341873100262e-22, 2.8413247029028735e-22, 0.0, 0.0, 0.0, 3.3818952354729294e-22, 0.0]","[0.0, 0.010833198526299742, 0.008936186383799083, 0.0, 0.0, 0.0001499716692128959, 0.0, 0.010832527213915675, 0.0038036994192421456, 0.0, 0.0, 0.005979522824141269, 0.011772484946807795, 0.012833729592646026, 0.868966315140836, 0.00814463876158129, 0.01093733320563868, 0.009538901755247523, 0.012271852592629185, 0.0, 0.0, 0.0, 0.0006735878398699341, 0.0, 0.0008629462615354718, 0.023463103866597442, 0.0, 0.0, 0.0, 0.0]","[0.0, 0.0, 0.0, 0.0, 0.10097545385360718, 0.10097545385360718, 0.0, 0.0, 0.0, 0.10097545385360718, 0.10097545385360718, 0.10097545385360718, 0.0, 0.0, 0.0, 0.0, 0.09122093766927719, 0.0, 0.0, 0.0, 0.10097545385360718, 0.10097545385360718, 0.0, 0.0, 0.10097545385360718, 0.10097545385360718, 0.0, 0.0, 0.0, 0.0]",-0.0013781748493237127
76,1.028825950784238,"[1.000824802566958, 0.9894641876805734, 0.9887591490852993, 1.0261207912427623, 1.0241782523537946, 0.9777037684274985, 0.9892429003245409, 0.9868034282476833, 1.0123014175700435, 0.9945322969004753, 0.9983319220872207, 0.9913228087860827, 0.9957356240106704, 1.0069197231802438, 0.9853983976202503, 0.9942869900973766, 1.0054227815594232, 1.0078123516068154, 0.991139709453635, 1.006033044248852, 0.9913578439144416, 1.0120759667885504, 0.9903725720895084, 1.0087137647494573, 0.995329893920189, 1.0008785226063392, 0.995004057326756, 0.9908721543175504, 0.9848904001240668, 1.0084783343426842]","[0.9800468964100446, 1.0018804439575493, 0.996940460634062, 0.9968100462740686, 1.0064020929299913, 0.991503980668823, 0.9771168623680407, 0.9953560685273818, 0.9953337344038385, 1.0090562758337398, 1.0047596711764366, 0.9864355113244898, 1.0215306173545082, 0.9717044367959291, 0.9892959038952737, 1.0041597938350484, 1.009131182643432, 0.9870818332779916, 1.0234732937690663, 1.0239010396591715, 1.021435157509432, 1.0122830330102546, 1.0176682608294536, 1.0055349605476025, 1.0025756234980214, 1.0128024662796304, 0.9922017631111596, 1.000397395270501, 1.0163460248151308, 1.007032499282358]","[-0.01995310358995539, 0.0018804439575492715, -0.0030595393659379466, -0.003189953725931449, 0.0064020929299912765, -0.008496019331177052, -0.02288313763195926, -0.004643931472618212, -0.004666265596161456, 0.009056275833739802, 0.004759671176436608, -0.013564488675510189, 0.02153061735450823, -0.028295563204070895, -0.010704096104726335, 0.0041597938350483865, 0.009131182643431934, -0.012918166722008406, 0.02347329376906626, 0.023901039659171452, 0.021435157509432035, 0.012283033010254574, 0.017668260829453608, 0.0055349605476024966, 0.0025756234980214288, 0.012802466279630442, -0.007798236888840404, 0.00039739527050097756, 0.01634602481513081, 0.007032499282358051]","[0.12118690460920334, 0.0, 0.12118690460920334, 0.0, 0.12118690460920334, 0.0, 0.12118690460920334, 0.0, 0.0, 0.0, 0.0, 0.0, 0.056857459247112274, 0.12118690460920334, 0.0, 0.05505179986357689, 0.0, 0.12118690460920334, 0.03978241980075836, 0.0, 0.0, 0.12118690460920334, 0.0, 0.0, 0.0, 0.0, 0.0, 0.0, 0.0, 0.0]","[0.0, 0.0, 0.0, 0.0, 2.789490649440078e-22, 0.0, 2.339650765296957e-22, 2.3271436976293497e-22, 3.8719498325588927e-22, 0.0, 0.0, 0.0, 0.0, 0.0, 0.4629437295504136, 0.0, 0.0, 0.0, 2.7787676948639193e-22, 0.0, 0.0, 0.0, 0.0, 0.0, 3.9351855904182095e-22, 0.0, 0.0, 3.895645925596747e-22, 5.969760730319012e-22, 0.5370562704495865]","[0.002440091691979022, 0.004234178971582893, 0.0, 0.0, 0.003860317447102652, 0.0019594454455783895, 0.0, 0.0, 0.0, 0.0, 0.0, 0.0, 0.0037264042394646577, 0.021337731112384694, 0.41757451833501236, 0.005778891708762483, 0.010721118554172656, 0.0, 0.005177268012983419, 0.0, 0.0, 0.01506162556398767, 0.0, 0.0, 0.0, 0.0, 0.0, 0.0, 0.01889085804226676, 0.48923755087472226]","[0.12118690460920334, 0.0, 0.12118690460920334, 0.0, 0.12118690460920334, 0.0, 0.12118690460920334, 0.0, 0.0, 0.0, 0.0, 0.0, 0.056857459247112274, 0.12118690460920334, 0.0, 0.05505179986357689, 0.0, 0.12118690460920334, 0.03978241980075836, 0.0, 0.0, 0.12118690460920334, 0.0, 0.0, 0.0, 0.0, 0.0, 0.0, 0.0, 0.0]",-0.006328661313105644
77,1.0283548665693487,"[0.9800468964100446, 1.0018804439575493, 0.996940460634062, 0.9968100462740686, 1.0064020929299913, 0.991503980668823, 0.9771168623680407, 0.9953560685273818, 0.9953337344038385, 1.0090562758337398, 1.0047596711764366, 0.9864355113244898, 1.0215306173545082, 0.9717044367959291, 0.9892959038952737, 1.0041597938350484, 1.009131182643432, 0.9870818332779916, 1.0234732937690663, 1.0239010396591715, 1.021435157509432, 1.0122830330102546, 1.0176682608294536, 1.0055349605476025, 1.0025756234980214, 1.0128024662796304, 0.9922017631111596, 1.000397395270501, 1.0163460248151308, 1.007032499282358]","[0.9842430117831261, 0.9994420700424707, 1.0040360796654313, 1.0096203953499194, 0.9935625357329706, 1.0165024169444736, 0.9986553092027434, 1.0054598827583907, 0.9951426306405093, 1.0142491228666584, 0.9915558332194304, 1.0061132340299346, 0.9859268076264215, 0.99535370798191, 1.0082287032072517, 0.9959850491988232, 1.0115061827650822, 1.0034169409418776, 0.9865287472606966, 1.0013561499789347, 0.976144457795058, 0.9964065650486793, 1.0114933339331726, 1.0218733458380505, 0.9848643135408468, 0.9968411008152799, 0.9954510548052341, 1.0173469264978903, 0.983230141398997, 0.9937307235975977]","[-0.01575698821687388, -0.0005579299575293462, 0.004036079665431291, 0.00962039534991943, -0.0064374642670294024, 0.01650241694447363, -0.0013446907972566313, 0.005459882758390711, -0.00485736935949066, 0.01424912286665836, -0.008444166780569584, 0.006113234029934578, -0.014073192373578514, -0.00464629201808997, 0.008228703207251664, -0.004014950801176753, 0.011506182765082196, 0.003416940941877611, -0.013471252739303385, 0.0013561499789347398, -0.023855542204942015, -0.0035934349513206953, 0.011493333933172645, 0.02187334583805045, -0.015135686459153197, -0.003158899184720121, -0.0045489451947658965, 0.01734692649789027, -0.016769858601002996, -0.0062692764024022685]","[0.0, 0.0, 0.0, 0.0, 0.0, 0.0, 0.0, 0.0, 0.0, 0.0, 0.11294063925743103, 0.11294063925743103, 0.0, 0.0, 0.09091778099536896, 0.11294063925743103, 0.11294063925743103, 0.06459848582744598, 0.0, 0.0, 0.0, 0.11294063925743103, 0.05389927327632904, 0.0, 0.11294063925743103, 0.0, 0.11294063925743103, 0.0, 0.0, 0.0]","[0.0, 4.515604994598889e-22, 5.621272380007201e-22, 0.0, 0.0, 0.0, 0.0, 0.0, 0.0, 5.608360964888514e-22, 5.615976503975999e-22, 0.0, 0.0, 0.0, 1.0, 0.0, 0.0, 5.616525968152977e-22, 0.0, 0.0, 0.0, 0.0, 4.521219062514148e-22, 4.515161415708323e-22, 0.0, 0.0, 0.0, 0.0, 5.051812549323647e-22, 5.616829323319855e-22]","[0.0, 0.0, 0.00040436600756528593, 0.0, 0.0, 0.0, 0.0, 0.005287792626225788, 0.0, 0.0, 0.0, 0.020749040749574826, 0.0, 0.0, 0.9256529814384675, 0.0, 0.009075755939339925, 0.0005940598310144676, 0.0, 0.00852108686861804, 0.012207693211571703, 0.0, 0.0, 0.0, 0.005299952217564046, 0.0, 0.006262628596081642, 0.0, 0.0, 0.005944642513976717]","[0.0, 0.0, 0.0, 0.0, 0.0, 0.0, 0.0, 0.0, 0.0, 0.0, 0.11294063925743103, 0.11294063925743103, 0.0, 0.0, 0.09091778099536896, 0.11294063925743103, 0.11294063925743103, 0.06459848582744598, 0.0, 0.0, 0.0, 0.11294063925743103, 0.05389927327632904, 0.0, 0.11294063925743103, 0.0, 0.11294063925743103, 0.0, 0.0, 0.0]",-0.0008627539904766326
78,1.0320989769769418,"[0.9842430117831261, 0.9994420700424707, 1.0040360796654313, 1.0096203953499194, 0.9935625357329706, 1.0165024169444736, 0.9986553092027434, 1.0054598827583907, 0.9951426306405093, 1.0142491228666584, 0.9915558332194304, 1.0061132340299346, 0.9859268076264215, 0.99535370798191, 1.0082287032072517, 0.9959850491988232, 1.0115061827650822, 1.0034169409418776, 0.9865287472606966, 1.0013561499789347, 0.976144457795058, 0.9964065650486793, 1.0114933339331726, 1.0218733458380505, 0.9848643135408468, 0.9968411008152799, 0.9954510548052341, 1.0173469264978903, 0.983230141398997, 0.9937307235975977]","[0.9938065271049008, 1.0357560611392875, 1.0133661098132103, 1.0361203880502405, 0.9976092851188052, 0.9841930232568548, 0.9930065809358432, 0.9920596979171746, 1.0063735311471869, 1.0234531795418211, 0.9858530299522179, 0.9880128975603322, 1.0015750881506928, 1.0159671415172682, 1.0041606521191973, 1.023030441378163, 1.0202208460838713, 0.9969751502609338, 0.9981457706646554, 0.9865151357283773, 1.0158561772880748, 0.9638778991690892, 1.0044639852724238, 1.0196045684810695, 1.0064348751735126, 1.0022368905697194, 1.0137295245523286, 1.0019669850718749, 0.9858331785320924, 0.9820245293917785]","[-0.006193472895099195, 0.03575606113928753, 0.013366109813210292, 0.03612038805024054, -0.0023907148811948, -0.01580697674314524, -0.006993419064156847, -0.007940302082825368, 0.006373531147186862, 0.023453179541821134, -0.014146970047782093, -0.01198710243966783, 0.0015750881506928494, 0.01596714151726819, 0.00416065211919725, 0.023030441378163014, 0.020220846083871313, -0.0030248497390662488, -0.001854229335344626, -0.013484864271622654, 0.015856177288074758, -0.03612210083091083, 0.004463985272423754, 0.019604568481069506, 0.0064348751735126, 0.0022368905697194297, 0.013729524552328565, 0.0019669850718748716, -0.014166821467907598, -0.017975470608221467]","[0.10139776021242142, 0.10139776021242142, 0.0, 0.0, 0.0, 0.09477541595697403, 0.0, 0.0, 0.0, 0.0, 0.0, 0.10139776021242142, 0.0, 0.0, 0.10139776021242142, 0.10139776021242142, 0.0, 0.10139776021242142, 0.09788456559181213, 0.0, 0.0, 0.0, 0.0975557267665863, 0.0, 0.10139776021242142, 0.0, 0.0, 0.0, 0.0, 0.0]","[0.0, -3.2714657951343034e-22, -2.175870985001427e-22, 0.0, -3.275619366709193e-22, 0.0, -1.0588419021541424e-22, 0.0, 0.0, 0.0, -2.1823233044648125e-22, 0.0, 0.0, 0.0, 0.0, 0.0, -3.273966635135132e-22, 0.0, 0.0, 0.0, 0.0, 0.0, -1.0503134905462407e-22, -2.165987888630377e-22, -3.2744517556258564e-22, 0.0, 0.0, 0.0, 0.0, 1.0]","[0.010070162382095616, 0.011807945587160976, 0.005647276682625403, 0.0007657508722755884, 0.0, 0.0, 0.0, 0.0076438658162115355, 0.007340538786972585, 0.0020386269277408776, 0.0, 0.0, 0.005240338372118397, 0.0, 0.0, 0.011313629742877002, 0.022251541664797956, 0.0, 0.0011599158621395293, 0.005822347816142913, 0.0, 0.0, 0.0069866688037257445, 0.0, 0.0, 0.0, 0.007036340539016531, 0.0, 0.008614999654252994, 0.8862600504898464]","[0.10139776021242142, 0.10139776021242142, 0.0, 0.0, 0.0, 0.09477541595697403, 0.0, 0.0, 0.0, 0.0, 0.0, 0.10139776021242142, 0.0, 0.0, 0.10139776021242142, 0.10139776021242142, 0.0, 0.10139776021242142, 0.09788456559181213, 0.0, 0.0, 0.0, 0.0975557267665863, 0.0, 0.10139776021242142, 0.0, 0.0, 0.0, 0.0, 0.0]",0.003242402294283555
79,1.0375722282164634,"[0.9938065271049008, 1.0357560611392875, 1.0133661098132103, 1.0361203880502405, 0.9976092851188052, 0.9841930232568548, 0.9930065809358432, 0.9920596979171746, 1.0063735311471869, 1.0234531795418211, 0.9858530299522179, 0.9880128975603322, 1.0015750881506928, 1.0159671415172682, 1.0041606521191973, 1.023030441378163, 1.0202208460838713, 0.9969751502609338, 0.9981457706646554, 0.9865151357283773, 1.0158561772880748, 0.9638778991690892, 1.0044639852724238, 1.0196045684810695, 1.0064348751735126, 1.0022368905697194, 1.0137295245523286, 1.0019669850718749, 0.9858331785320924, 0.9820245293917785]","[1.0078944044871074, 0.9774632847966769, 1.0074477759911966, 1.0012732473964303, 1.0056074629427727, 1.0155663535801347, 0.9945831615131849, 0.9885783882520933, 0.9859721185815971, 1.0039938351749425, 1.0053003894717987, 1.0116993971430366, 0.9730272920051044, 0.9758704511832489, 1.003412268215535, 1.0004666873586083, 1.0073438989122199, 0.9943382261361102, 0.990262357387679, 1.0145823649231336, 1.0194542866610443, 0.986792734610267, 0.9842148920334517, 1.009629572298505, 0.9910008603653141, 0.9897169721176657, 0.9951493959196998, 1.007489701176733, 1.0116653125413477, 1.0096672181938797]","[0.007894404487107431, -0.02253671520332312, 0.007447775991196615, 0.0012732473964303104, 0.005607462942772701, 0.015566353580134695, -0.005416838486815068, -0.01142161174790668, -0.014027881418402943, 0.0039938351749424505, 0.005300389471798672, 0.011699397143036583, -0.026972707994895595, -0.024129548816751112, 0.003412268215535086, 0.0004666873586083309, 0.007343898912219871, -0.005661773863889774, -0.009737642612321018, 0.014582364923133584, 0.019454286661044318, -0.013207265389733047, -0.015785107966548306, 0.009629572298504918, -0.008999139634685904, -0.010283027882334261, -0.004850604080300247, 0.007489701176732977, 0.011665312541347728, 0.009667218193879723]","[0.0, 0.0, 0.0, 0.0, 0.0, 0.10408897697925568, 0.0, 0.0, 0.0, 0.10241923481225967, 0.0, 0.0, 0.0, 0.0, 0.10408897697925568, 0.0, 0.10408897697925568, 0.0, 0.0, 0.0, 0.08592208474874496, 0.0, 0.10408897697925568, 0.10408897697925568, 0.0, 0.0, 0.10408897697925568, 0.08303593844175339, 0.0, 0.10408897697925568]","[0.0, 0.0, 0.0, 0.0, 2.292255856726679e-22, 0.0, 2.2885421396944365e-22, 0.0, 0.0, 0.0, 1.178890872608404e-22, 0.0, 4.518039994542935e-22, 0.0, 1.0, 1.184107310377265e-22, 2.297574905208008e-22, 0.0, 0.0, 0.0, 2.304135895376358e-22, 0.0, 0.0, 0.0, 2.2944252619950785e-22, 0.0, 0.0, 0.0, 0.0, 2.010602604980077e-22]","[0.0, 0.00346213448834044, 0.020102013632732132, 0.003482563213638565, 0.0, 0.0, 0.027793402526221474, 0.0, 0.0, 0.005373809265816915, 0.0001897094462211925, 0.0006514202651774686, 0.0, 0.005893813186430254, 0.8966466554474802, 0.000833058046189672, 0.000987073184359705, 0.0005246040108238768, 0.0, 0.0036898411622077265, 0.0, 0.0035770404343256645, 0.0, 0.0, 0.0, 0.0, 0.016024741022378178, 0.01076812066765666, 0.0, 0.0]","[0.0, 0.0, 0.0, 0.0, 0.0, 0.10408896207809448, 0.0, 0.0, 0.0, 0.10241921991109848, 0.0, 0.0, 0.0, 0.0, 0.10408896207809448, 0.0, 0.10408896207809448, 0.0, 0.0, 0.0, 0.08592207729816437, 0.0, 0.10408896207809448, 0.10408896207809448, 0.0, 0.0, 0.10408896207809448, 0.08303593099117279, 0.0, 0.10408896207809448]",0.004908305607943554
80,1.036723414673793,"[1.0078944044871074, 0.9774632847966769, 1.0074477759911966, 1.0012732473964303, 1.0056074629427727, 1.0155663535801347, 0.9945831615131849, 0.9885783882520933, 0.9859721185815971, 1.0039938351749425, 1.0053003894717987, 1.0116993971430366, 0.9730272920051044, 0.9758704511832489, 1.003412268215535, 1.0004666873586083, 1.0073438989122199, 0.9943382261361102, 0.990262357387679, 1.0145823649231336, 1.0194542866610443, 0.986792734610267, 0.9842148920334517, 1.009629572298505, 0.9910008603653141, 0.9897169721176657, 0.9951493959196998, 1.007489701176733, 1.0116653125413477, 1.0096672181938797]","[1.0138913416920123, 1.0266730155944126, 0.9828454166770738, 0.9812581268646567, 1.011858855709777, 1.018566310056737, 1.0073869767933445, 1.0144900035262872, 1.0016533437523347, 1.0126258456216453, 0.9943185512938572, 0.9840539948138005, 1.0027362881483641, 0.9947533989039266, 1.0050273278521784, 1.0109589932583343, 1.0005388560352566, 0.9860670630624214, 1.0155605022933705, 0.9972263735872609, 1.0041532515106981, 1.0069731905611767, 0.9857758759347549, 0.9962687837297034, 1.009890704963714, 0.9784437079148184, 1.0084960699942935, 0.9771351421384489, 0.9827638341924166, 1.006428687431969]","[0.013891341692012338, 0.026673015594412597, -0.017154583322926187, -0.018741873135343257, 0.011858855709776961, 0.018566310056737034, 0.007386976793344546, 0.014490003526287154, 0.0016533437523347239, 0.01262584562164526, -0.005681448706142844, -0.015946005186199486, 0.00273628814836413, -0.005246601096073444, 0.005027327852178409, 0.01095899325833427, 0.0005388560352566074, -0.013932936937578577, 0.01556050229337047, -0.0027736264127391497, 0.004153251510698119, 0.006973190561176734, -0.014224124065245092, -0.0037312162702966, 0.009890704963714025, -0.021556292085181616, 0.008496069994293531, -0.022864857861551124, -0.01723616580758336, 0.006428687431969005]","[0.05202266946434975, 0.0, 0.07842712849378586, 0.0, 0.10414665192365646, 0.0, 0.0, 0.0, 0.0, 0.12366906553506851, 0.0, 0.12366906553506851, 0.0, 0.0, 0.0, 0.09647437930107117, 0.0, 0.05565769970417023, 0.0, 0.12366906553506851, 0.0, 0.0, 0.0, 0.0, 0.1185951679944992, 0.0, 0.0, 0.0, 0.12366906553506851, 0.0]","[0.0, 0.0, 0.0, 0.0, 0.0, 0.0, 0.0, 0.0, 0.0, -2.3189785515071065e-23, 0.0, 5.268522957240793e-24, 1.1702683047815264e-22, 0.0, 1.0, 0.0, 0.0, 0.0, 4.751937858761488e-24, 0.0, 0.0, -1.0453418229426126e-22, -1.0444510302075252e-22, 0.0, 1.1675631878318065e-22, 1.1649029310598357e-22, 0.0, 4.516758781511159e-24, 0.0, 0.0]","[0.008546797636336213, 0.01234817573086515, 0.008651711307437096, 0.0057966053386803934, 0.013279338504867094, 0.001661589247173646, 0.016074059651981405, 0.0, 0.0, 0.011475487093635233, 0.0, 0.0, 0.01242504955189723, 0.0, 0.8621301401145997, 0.010937959646986347, 0.0027294196429292388, 0.006856514562766868, 0.0019239601972997993, 0.0, 0.006093690550395573, 0.0, 0.0, 0.013153537076074051, 0.0, 0.005915964146074885, 0.0, 0.0, 0.0, 0.0]","[0.05202266946434975, 0.0, 0.07842712849378586, 0.0, 0.10414665192365646, 0.0, 0.0, 0.0, 0.0, 0.12366906553506851, 0.0, 0.12366906553506851, 0.0, 0.0, 0.0, 0.09647437930107117, 0.0, 0.05565769970417023, 0.0, 0.12366906553506851, 0.0, 0.0, 0.0, 0.0, 0.1185951679944992, 0.0, 0.0, 0.0, 0.12366906553506851, 0.0]",-0.001230962890769395
81,1.038320744261083,"[1.0138913416920123, 1.0266730155944126, 0.9828454166770738, 0.9812581268646567, 1.011858855709777, 1.018566310056737, 1.0073869767933445, 1.0144900035262872, 1.0016533437523347, 1.0126258456216453, 0.9943185512938572, 0.9840539948138005, 1.0027362881483641, 0.9947533989039266, 1.0050273278521784, 1.0109589932583343, 1.0005388560352566, 0.9860670630624214, 1.0155605022933705, 0.9972263735872609, 1.0041532515106981, 1.0069731905611767, 0.9857758759347549, 0.9962687837297034, 1.009890704963714, 0.9784437079148184, 1.0084960699942935, 0.9771351421384489, 0.9827638341924166, 1.006428687431969]","[0.9771020195330528, 0.9971852186509494, 1.0093230207505453, 0.9960072217366484, 1.0198445871799664, 1.0254799081296804, 0.9921426828432041, 1.0089920340271776, 0.9816890756271843, 1.0204717312096303, 1.0123527439983082, 0.9958506597523672, 1.0086172817947456, 0.9924977393186533, 1.011264792998509, 0.9912308830497957, 0.9845615482136999, 0.9794893260595653, 1.0030008243396964, 1.0131732569067688, 1.0123058431785037, 1.0077991920120088, 1.0052081161332798, 1.0130574858009336, 1.003706599931492, 1.0113982221750482, 0.9875202633966942, 1.0086869802481016, 0.9982099207686608, 1.01870026315094]","[-0.022897980466947243, -0.0028147813490505547, 0.009323020750545252, -0.003992778263351648, 0.0198445871799664, 0.025479908129680373, -0.00785731715679594, 0.008992034027177631, -0.018310924372815673, 0.020471731209630306, 0.012352743998308213, -0.0041493402476328045, 0.008617281794745635, -0.00750226068134674, 0.011264792998509021, -0.008769116950204325, -0.0154384517863001, -0.02051067394043471, 0.003000824339696395, 0.013173256906768849, 0.012305843178503695, 0.007799192012008849, 0.005208116133279761, 0.013057485800933577, 0.0037065999314920273, 0.011398222175048156, -0.012479736603305813, 0.00868698024810155, -0.0017900792313392255, 0.01870026315094009]","[0.0, 0.12841959297657013, 0.0, 0.0, 0.0, 0.04883914813399315, 0.0, 0.0, 0.0, 0.0, 0.0, 0.12841959297657013, 0.12841959297657013, 0.07809893786907196, 0.0, 0.12336038798093796, 0.0, 0.0, 0.0, 0.0, 0.12841959297657013, 0.05119922384619713, 0.0, 0.0, 0.12841959297657013, 0.0, 0.05640430375933647, 0.0, 0.0, 0.0]","[0.0, 0.0, 4.611009962699997e-24, 0.0, 0.0, 0.0, 1.1544231460932737e-22, 0.0, 0.0, 0.0, 0.0, 0.0, 0.0, 0.0, 1.0, 0.0, 0.0, 4.2902422320833815e-24, 1.1504381499646358e-22, 0.0, 5.519644192317467e-24, -1.0570739381547597e-22, -1.0543908846584827e-22, 0.0, 0.0, 1.1537816799655185e-22, 0.0, 0.0, 0.0, -5.136206636907393e-23]","[0.0, 0.0, 0.01936947462574314, 0.0, 0.0, 0.007246770356780501, 0.0052997564280025415, 0.0026825215464319502, 0.006592749402520639, 0.008708600639377343, 0.0017309461502870024, 0.0, 0.0005628227996134813, 0.01112650528247478, 0.8794531422033853, 0.0, 0.011364481515853035, 0.0021919237328459746, 0.004892909394903581, 0.0030502713573402, 0.011639567187926695, 0.0, 0.006194527218604362, 0.0, 0.008463929932082549, 0.0, 0.0, 0.0, 0.00828414241687075, 0.0011449578089562451]","[0.0, 0.12841959297657013, 0.0, 0.0, 0.0, 0.04883914813399315, 0.0, 0.0, 0.0, 0.0, 0.0, 0.12841959297657013, 0.12841959297657013, 0.07809893786907196, 0.0, 0.12336038798093796, 0.0, 0.0, 0.0, 0.0, 0.12841959297657013, 0.05119922384619713, 0.0, 0.0, 0.12841959297657013, 0.0, 0.05640430375933647, 0.0, 0.0, 0.0]",0.001121298981713614
82,1.0424737746651007,"[0.9771020195330528, 0.9971852186509494, 1.0093230207505453, 0.9960072217366484, 1.0198445871799664, 1.0254799081296804, 0.9921426828432041, 1.0089920340271776, 0.9816890756271843, 1.0204717312096303, 1.0123527439983082, 0.9958506597523672, 1.0086172817947456, 0.9924977393186533, 1.011264792998509, 0.9912308830497957, 0.9845615482136999, 0.9794893260595653, 1.0030008243396964, 1.0131732569067688, 1.0123058431785037, 1.0077991920120088, 1.0052081161332798, 1.0130574858009336, 1.003706599931492, 1.0113982221750482, 0.9875202633966942, 1.0086869802481016, 0.9982099207686608, 1.01870026315094]","[0.9942713711793965, 0.9940335053079761, 1.0137187926071423, 1.0255924094679367, 1.018183449759648, 1.0063011800761767, 1.0078338304094605, 1.0084736933217993, 1.0175872139579765, 0.992715223587339, 1.0069049807586425, 0.9752291399902108, 0.9986034266359967, 1.0089529133187083, 1.014068541921109, 0.9999677750769398, 1.002909793618261, 1.0165811985498934, 1.0043439116442743, 1.0107525207602335, 0.9852038075931853, 1.010647134495282, 1.0004070609970626, 1.0169291666194857, 0.9886577790451211, 0.9961906984654564, 1.002805966511407, 1.0102603777638808, 1.0055681551445113, 1.0348682265394846]","[-0.005728628820603543, -0.005966494692023927, 0.01371879260714226, 0.025592409467936728, 0.01818344975964803, 0.006301180076176749, 0.007833830409460507, 0.008473693321799258, 0.017587213957976466, -0.007284776412661009, 0.006904980758642543, -0.02477086000978923, -0.0013965733640033395, 0.008952913318708289, 0.014068541921109068, -3.2224923060208965e-05, 0.0029097936182609363, 0.016581198549893372, 0.004343911644274279, 0.010752520760233475, -0.014796192406814734, 0.010647134495282096, 0.00040706099706255827, 0.016929166619485736, -0.011342220954878912, -0.0038093015345436188, 0.0028059665114070764, 0.01026037776388078, 0.005568155144511255, 0.034868226539484626]","[0.11486627906560898, 0.1219303086400032, 0.0, 0.05356299504637718, 0.12762390077114105, 0.08718886226415634, 0.0, 0.0, 0.0, 0.12762390077114105, 0.0, 0.05975332483649254, 0.0, 0.0, 0.0, 0.0, 0.0, 0.12762390077114105, 0.12762390077114105, 0.0, 0.0, 0.0, 0.0, 0.052202604711055756, 0.0, 0.0, 0.0, 0.0, 0.0, 0.0]","[0.0, 0.0, 0.0, 0.0, 3.3858823973945307e-22, 0.0, 0.0, 0.0, 0.0, 0.0, 2.2710545524485827e-22, 0.0, 3.3870968000706095e-22, 0.0, 1.0, 0.0, 1.7233238481293157e-22, 2.27119955327972e-22, 3.376573999011924e-22, 0.0, 0.0, 0.0, 0.0, 0.0, 3.383532375519348e-22, 0.0, 2.26388698894943e-22, 0.0, 0.0, 2.823414511376143e-22]","[0.013659551625408202, 0.010409809275690735, 0.01701903247801004, 0.012303195338713881, 0.0, 0.0004502226144017744, 0.0022248889491826187, 0.006183862570185265, 0.0, 0.008250341190171394, 0.0, 0.0, 0.017267446966058104, 0.0, 0.8697398184840666, 0.0004843922708073326, 0.012695993906822127, 0.006307929629141753, 0.0, 0.0, 0.0, 0.0008284272650873956, 0.0, 0.0, 0.0, 0.006821210740164158, 0.0, 0.005336361159296694, 0.004071600454471019, 0.0059459150823208086]","[0.11486627906560898, 0.1219303086400032, 0.0, 0.05356299504637718, 0.12762390077114105, 0.08718886226415634, 0.0, 0.0, 0.0, 0.12762390077114105, 0.0, 0.05975332483649254, 0.0, 0.0, 0.0, 0.0, 0.0, 0.12762390077114105, 0.12762390077114105, 0.0, 0.0, 0.0, 0.0, 0.052202604711055756, 0.0, 0.0, 0.0, 0.0, 0.0, 0.0]",0.003587072183295227
83,1.0406688588573723,"[0.9942713711793965, 0.9940335053079761, 1.0137187926071423, 1.0255924094679367, 1.018183449759648, 1.0063011800761767, 1.0078338304094605, 1.0084736933217993, 1.0175872139579765, 0.992715223587339, 1.0069049807586425, 0.9752291399902108, 0.9986034266359967, 1.0089529133187083, 1.014068541921109, 0.9999677750769398, 1.002909793618261, 1.0165811985498934, 1.0043439116442743, 1.0107525207602335, 0.9852038075931853, 1.010647134495282, 1.0004070609970626, 1.0169291666194857, 0.9886577790451211, 0.9961906984654564, 1.002805966511407, 1.0102603777638808, 1.0055681551445113, 1.0348682265394846]","[0.9907479650148433, 1.016263490178835, 0.9888073849474147, 0.9998315944057009, 0.9970514099872619, 1.0079461806542371, 1.0019496528419185, 0.9774795069263071, 1.0039171288933308, 0.9714313742054653, 0.9947710916005296, 0.9810626395957189, 0.9994554341119078, 1.002839893646671, 0.9978507358921473, 0.9990224321469661, 0.9923584781754303, 0.989919610730278, 1.0099055506742374, 1.0063021774220853, 0.9982064825732194, 0.994855706968399, 0.9994669722556744, 0.9936602641540957, 1.0085831374496999, 0.9919778419303849, 0.9983763435231998, 1.0130852579411194, 1.002663965324816, 0.9759795982071561]","[-0.009252034985156699, 0.016263490178834994, -0.011192615052585286, -0.00016840559429909252, -0.0029485900127380615, 0.007946180654237134, 0.0019496528419185033, -0.02252049307369286, 0.003917128893330846, -0.028568625794534674, -0.005228908399470433, -0.018937360404281067, -0.0005445658880921522, 0.0028398936466709213, -0.0021492641078526553, -0.0009775678530339338, -0.007641521824569675, -0.01008038926972199, 0.009905550674237373, 0.0063021774220852755, -0.0017935174267805776, -0.005144293031601022, -0.0005330277443256204, -0.006339735845904304, 0.008583137449699851, -0.008022158069615148, -0.0016236564768001838, 0.013085257941119366, 0.0026639653248159423, -0.024020401792843926]","[0.0, 0.0, 0.0, 0.09931336343288422, 0.0, 0.10454994440078735, 0.09942198544740677, 0.0, 0.09282106161117554, 0.0, 0.0, 0.0, 0.0, 0.0, 0.0, 0.0, 0.0, 0.0, 0.0, 0.09388452023267746, 0.10035636276006699, 0.10454994440078735, 0.0, 0.0, 0.0, 0.10053888708353043, 0.0, 0.0, 0.10281456261873245, 0.10174942016601562]","[0.0, 0.0, -1.0619815138296972e-22, 4.729243689454448e-24, 4.981090750519635e-24, 0.0, 4.711821412865754e-24, 0.0, -1.0655033111109798e-22, 0.0, 0.0, 0.0, 0.0, 0.0, 1.0, 0.0, 0.0, -1.0634476639916408e-22, 4.187162779081723e-24, 0.0, 0.0, 0.0, 0.0, 0.0, 4.9273167095494915e-24, 0.0, 0.0, 0.0, 4.015931620266416e-24, 0.0]","[0.0, 0.011653262678979495, 0.0, 0.0, 0.012804623588559152, 0.00579760526325413, 0.007219036086081464, 0.005734705726649797, 0.0, 0.0, 0.006251993541937351, 0.0, 0.0, 0.01505231747743386, 0.8718567857610564, 0.0, 0.00349455889348637, 0.0, 0.0, 0.0025638690994656075, 0.008757630818153107, 0.0, 0.0, 0.0, 0.0029882109827924466, 0.01286162722125668, 0.01990623820692012, 0.013057534653973824, 0.0, 0.0]","[0.0, 0.0, 0.0, 0.09931336343288422, 0.0, 0.10454994440078735, 0.09942198544740677, 0.0, 0.09282106161117554, 0.0, 0.0, 0.0, 0.0, 0.0, 0.0, 0.0, 0.0, 0.0, 0.0, 0.09388452023267746, 0.10035636276006699, 0.10454994440078735, 0.0, 0.0, 0.0, 0.10053888708353043, 0.0, 0.0, 0.10281456261873245, 0.10174942016601562]",-0.002139669676565313
84,1.0378538370995,"[0.9907479650148433, 1.016263490178835, 0.9888073849474147, 0.9998315944057009, 0.9970514099872619, 1.0079461806542371, 1.0019496528419185, 0.9774795069263071, 1.0039171288933308, 0.9714313742054653, 0.9947710916005296, 0.9810626395957189, 0.9994554341119078, 1.002839893646671, 0.9978507358921473, 0.9990224321469661, 0.9923584781754303, 0.989919610730278, 1.0099055506742374, 1.0063021774220853, 0.9982064825732194, 0.994855706968399, 0.9994669722556744, 0.9936602641540957, 1.0085831374496999, 0.9919778419303849, 0.9983763435231998, 1.0130852579411194, 1.002663965324816, 0.9759795982071561]","[0.9836670973863407, 1.0067132799360092, 1.0146394761594004, 0.9976467060628617, 1.0059128236647035, 1.0022197457744075, 1.0056300227912673, 0.9987548510125945, 0.9866951476230349, 0.9882094964435055, 0.9890739219902682, 0.9948130535934812, 1.0079671060857425, 1.001666824701027, 1.005778711141111, 0.9925033868435099, 1.0051997527308674, 0.9997289036514787, 0.9964616034528536, 1.005382021397493, 1.0070147788340835, 0.9937835860734597, 0.993216114348603, 0.9873512410918845, 0.9845642406748748, 0.9904007143411251, 0.9991277748918466, 0.9990634940009638, 0.9973972713896866, 0.9801603985158203]","[-0.016332902613659273, 0.006713279936009231, 0.014639476159400422, -0.0023532939371383454, 0.00591282366470347, 0.0022197457744075333, 0.005630022791267342, -0.0012451489874054644, -0.013304852376965104, -0.01179050355649447, -0.010926078009731777, -0.005186946406518844, 0.00796710608574247, 0.0016668247010269699, 0.005778711141110948, -0.007496613156490084, 0.0051997527308673686, -0.0002710963485212936, -0.003538396547146383, 0.005382021397493109, 0.007014778834083524, -0.006216413926540265, -0.006783885651396981, -0.012648758908115454, -0.015435759325125198, -0.009599285658874912, -0.0008722251081534349, -0.0009365059990361635, -0.0026027286103134095, -0.019839601484179736]","[0.03841056302189827, 0.12451639771461487, 0.10373230278491974, 0.0, 0.0, 0.053536515682935715, 0.0, 0.0, 0.0, 0.0, 0.0, 0.12451639771461487, 0.0, 0.0, 0.1117982417345047, 0.12451639771461487, 0.0, 0.0, 0.0, 0.0, 0.0, 0.0, 0.0, 0.08302664756774902, 0.0, 0.0, 0.11143005639314651, 0.0, 0.0, 0.12451639771461487]","[0.0, 1.1705847127614167e-22, 0.0, 0.0, 0.0, 0.0, 0.0, 3.373667888377052e-22, 0.0, 1.7078211320186821e-22, 0.0, 0.0, 0.0, 0.0, 1.0, 0.0, 1.1701286105807205e-22, 0.0, 2.266693573317973e-22, 2.2693189261688205e-22, 1.1750722300499746e-22, 1.1724405352813023e-22, 3.397094949524385e-22, 0.0, 0.0, 0.0, 0.0, 0.0, 0.0, 0.0]","[0.011634650760086412, 0.011128263273279752, 0.0, 0.004477947126022181, 0.011250007354492235, 0.0, 0.0, 0.0, 0.0, 0.0, 0.002022096758699628, 0.0, 0.0, 0.01467505057505089, 0.909991858658281, 0.0, 0.0, 0.0, 0.003326732983899993, 0.008241024179131275, 0.0, 0.00046406595337823486, 0.0, 0.009269490946445203, 0.0, 0.0, 0.006295868132103487, 0.0036261747693165846, 0.003596768529812963, 0.0]","[0.03841056674718857, 0.12451641261577606, 0.10373231768608093, 0.0, 0.0, 0.05353652313351631, 0.0, 0.0, 0.0, 0.0, 0.0, 0.12451641261577606, 0.0, 0.0, 0.1117982566356659, 0.12451641261577606, 0.0, 0.0, 0.0, 0.0, 0.0, 0.0, 0.0, 0.08302665501832962, 0.0, 0.0, 0.11143007129430771, 0.0, 0.0, 0.12451641261577606]",-0.003090057375880861
85,1.0447320535566968,"[0.9836670973863407, 1.0067132799360092, 1.0146394761594004, 0.9976467060628617, 1.0059128236647035, 1.0022197457744075, 1.0056300227912673, 0.9987548510125945, 0.9866951476230349, 0.9882094964435055, 0.9890739219902682, 0.9948130535934812, 1.0079671060857425, 1.001666824701027, 1.005778711141111, 0.9925033868435099, 1.0051997527308674, 0.9997289036514787, 0.9964616034528536, 1.005382021397493, 1.0070147788340835, 0.9937835860734597, 0.993216114348603, 0.9873512410918845, 0.9845642406748748, 0.9904007143411251, 0.9991277748918466, 0.9990634940009638, 0.9973972713896866, 0.9801603985158203]","[1.0100834388577913, 1.0075650084502314, 0.9794730242488826, 1.0260848605112582, 0.9988893243578859, 1.0023485467733309, 1.035798025820984, 1.001351139910766, 1.0174282015128198, 0.9882833571900705, 1.0061780884607354, 0.9965117026285513, 0.9897837941434044, 1.0243652312950469, 1.0035350544554917, 1.00016671698018, 0.9965843004809273, 0.9951486262346727, 1.0261945443902085, 1.0194486791317061, 1.0170699866037805, 1.0108989936003556, 0.9961043045377916, 0.9898691923681815, 1.0037395567621314, 1.0158526016473446, 0.9834539125263195, 0.9797221229209644, 0.9926801927751191, 1.0023246962303598]","[0.010083438857791283, 0.007565008450231447, -0.020526975751117393, 0.026084860511258245, -0.0011106756421140895, 0.0023485467733308507, 0.035798025820984014, 0.0013511399107659638, 0.017428201512819763, -0.011716642809929456, 0.00617808846073542, -0.003488297371448734, -0.01021620585659555, 0.024365231295046863, 0.0035350544554917374, 0.00016671698018000392, -0.0034156995190727235, -0.004851373765327294, 0.02619454439020852, 0.019448679131706115, 0.01706998660378045, 0.010898993600355622, -0.0038956954622083595, -0.010130807631818506, 0.0037395567621314463, 0.01585260164734459, -0.01654608747368047, -0.02027787707903561, -0.007319807224880903, 0.0023246962303598018]","[0.0, 0.06667698174715042, 0.0, 0.0, 0.0, 0.11793066561222076, 0.04057956859469414, 0.0, 0.0, 0.0, 0.0, 0.0, 0.11793066561222076, 0.11793066561222076, 0.10588209331035614, 0.11793066561222076, 0.11793066561222076, 0.0, 0.0, 0.0, 0.0, 0.07927732169628143, 0.0, 0.0, 0.0, 0.11793066561222076, 0.0, 0.0, 0.0, 0.0]","[0.0, 0.0, -1.0570007520156861e-22, -5.0309707694508105e-23, 0.0, 0.0, 5.180276144609726e-24, 4.249729460619972e-24, 0.0, 0.0, -1.0605743805399297e-22, 0.0, 0.0, 0.0, 1.0, 5.392639355350945e-24, -1.0513157914511761e-22, 0.0, 0.0, 0.0, 0.0, 0.0, 6.5779581658275654e-24, 5.59968253745116e-24, 0.0, 0.0, 0.0, 0.0, 0.0, 0.0]","[0.0, 0.0018225702136812848, 0.014571670368650915, 0.009106527767635793, 0.0, 0.0037422050955766045, 0.0, 0.0013781103275863284, 0.0, 0.0, 0.0014522870168386351, 0.0021824536762821774, 0.0, 0.0, 0.9225491663100371, 0.0010483748699033277, 0.0, 0.005493267072921431, 0.0055793328174449635, 0.0, 0.015752621992405135, 0.0, 0.0033540291582802566, 0.0, 0.006470319832402936, 0.0015509655006221918, 0.0, 0.0, 0.0, 0.00394609797973079]","[0.0, 0.06667698919773102, 0.0, 0.0, 0.0, 0.11793068051338196, 0.040579572319984436, 0.0, 0.0, 0.0, 0.0, 0.0, 0.11793068051338196, 0.11793068051338196, 0.10588210821151733, 0.11793068051338196, 0.11793068051338196, 0.0, 0.0, 0.0, 0.0, 0.07927732914686203, 0.0, 0.0, 0.0, 0.11793068051338196, 0.0, 0.0, 0.0, 0.0]",0.006148009050871113
86,1.040883591406697,"[1.0100834388577913, 1.0075650084502314, 0.9794730242488826, 1.0260848605112582, 0.9988893243578859, 1.0023485467733309, 1.035798025820984, 1.001351139910766, 1.0174282015128198, 0.9882833571900705, 1.0061780884607354, 0.9965117026285513, 0.9897837941434044, 1.0243652312950469, 1.0035350544554917, 1.00016671698018, 0.9965843004809273, 0.9951486262346727, 1.0261945443902085, 1.0194486791317061, 1.0170699866037805, 1.0108989936003556, 0.9961043045377916, 0.9898691923681815, 1.0037395567621314, 1.0158526016473446, 0.9834539125263195, 0.9797221229209644, 0.9926801927751191, 1.0023246962303598]","[0.9926289178606669, 0.9824059998430107, 1.0162516977556706, 0.9942824771747508, 1.0112600355599255, 1.0185486228508958, 0.9978262088974411, 0.9801537226728314, 1.0152145277164137, 0.9817827486749241, 0.985528604270603, 0.9968255077554931, 0.9863334976681719, 1.0041162433355593, 0.9843904488876983, 0.994304851688415, 1.0241670866637436, 0.9958099350623196, 0.9798095149780144, 0.9911938542420841, 1.007289469858998, 1.003699523561874, 0.9931421505007596, 0.9964810130326084, 1.0057783429416927, 0.9864433980076128, 1.0106842947661154, 0.9996163264897104, 1.00316390578112, 1.0101686013166769]","[-0.007371082139333129, -0.01759400015698931, 0.01625169775567059, -0.005717522825249177, 0.011260035559925496, 0.018548622850895757, -0.0021737911025588863, -0.019846277327168593, 0.01521452771641374, -0.0182172513250759, -0.01447139572939704, -0.0031744922445069435, -0.01366650233182809, 0.0041162433355592665, -0.015609551112301667, -0.005695148311585019, 0.024167086663743564, -0.004190064937680371, -0.020190485021985616, -0.00880614575791594, 0.007289469858998032, 0.003699523561873974, -0.006857849499240398, -0.003518986967391613, 0.00577834294169266, -0.013556601992387174, 0.010684294766115432, -0.00038367351028956165, 0.0031639057811199134, 0.01016860131667685]","[0.0, 0.12307701259851456, 0.05353765934705734, 0.0, 0.07072389125823975, 0.12307701259851456, 0.0, 0.12307701259851456, 0.0, 0.12307701259851456, 0.0, 0.0, 0.0, 0.0, 0.12307701259851456, 0.0, 0.05737578123807907, 0.0, 0.0, 0.0799005851149559, 0.0, 0.12307701259851456, 0.0, 0.0, 0.0, 0.0, 0.0, 0.0, 0.0, 0.0]","[0.0, -5.515044882591801e-22, 0.0, -3.298598636818506e-22, 0.0, 0.0, 0.0, 0.0, 0.0, 0.0, 0.0, 0.0, -3.2970499105767113e-22, 0.0, 1.0, 0.0, 0.0, 0.0, -4.412524449517915e-22, 0.0, -5.512569146671797e-22, -5.513874153905515e-22, -5.512106250180035e-22, 0.0, 0.0, 0.0, -4.415796588531322e-22, -4.415798489562844e-22, 0.0, 0.0]","[0.0, 0.0, 0.0, 0.0, 0.0, 0.0, 0.0, 0.0, 0.0, 0.00798808499162288, 0.0, 0.0, 0.0029005176733000165, 0.009568775254047944, 0.8548213004633185, 0.01288543561264133, 0.0, 0.006209868179109785, 0.010345001727993781, 0.005831079125158848, 0.01108827243750832, 0.0002381317414479401, 0.0, 0.02255534354094397, 0.0, 0.02224966179441998, 0.003866720829308185, 0.006071492252300817, 0.023380314376877924, 0.0]","[0.0, 0.12307702004909515, 0.05353766307234764, 0.0, 0.07072389870882034, 0.12307702004909515, 0.0, 0.12307702004909515, 0.0, 0.12307702004909515, 0.0, 0.0, 0.0, 0.0, 0.12307702004909515, 0.0, 0.05737578496336937, 0.0, 0.0, 0.0799005925655365, 0.0, 0.12307702004909515, 0.0, 0.0, 0.0, 0.0, 0.0, 0.0, 0.0, 0.0]",-0.004162064019877833
87,1.044518870496412,"[0.9926289178606669, 0.9824059998430107, 1.0162516977556706, 0.9942824771747508, 1.0112600355599255, 1.0185486228508958, 0.9978262088974411, 0.9801537226728314, 1.0152145277164137, 0.9817827486749241, 0.985528604270603, 0.9968255077554931, 0.9863334976681719, 1.0041162433355593, 0.9843904488876983, 0.994304851688415, 1.0241670866637436, 0.9958099350623196, 0.9798095149780144, 0.9911938542420841, 1.007289469858998, 1.003699523561874, 0.9931421505007596, 0.9964810130326084, 1.0057783429416927, 0.9864433980076128, 1.0106842947661154, 0.9996163264897104, 1.00316390578112, 1.0101686013166769]","[0.9892055393839647, 1.001097686272123, 1.0076209596829984, 0.9979793803586753, 0.9977391730581345, 0.9935089476987946, 0.9847021770517252, 0.9964390444828272, 0.9959001515857293, 1.0023898154453241, 0.9963705233550274, 0.9920024422587721, 0.9903272108321056, 1.012805478167454, 0.9790366581277811, 0.993571148325064, 0.9992985311584415, 0.9971024408494206, 0.9980199002162924, 1.007190795098826, 1.0048909424091297, 0.9772304918500947, 0.9953899599157702, 1.0031526406645677, 0.9969931802580916, 1.0091483233395757, 0.9650354782204941, 1.0203553266052763, 0.9988888134499265, 0.999717433900453]","[-0.010794460616035284, 0.001097686272123033, 0.007620959682998363, -0.002020619641324717, -0.002260826941865468, -0.006491052301205391, -0.015297822948274753, -0.003560955517172837, -0.00409984841427069, 0.0023898154453241283, -0.0036294766449725957, -0.0079975577412279, -0.00967278916789438, 0.012805478167454032, -0.020963341872218932, -0.006428851674936009, -0.000701468841558528, -0.002897559150579432, -0.0019800997837076117, 0.0071907950988259195, 0.004890942409129684, -0.022769508149905304, -0.004610040084229827, 0.003152640664567663, -0.0030068197419084175, 0.009148323339575715, -0.03496452177950593, 0.02035532660527628, -0.001111186550073473, -0.0002825660995470214]","[0.0, 0.10507196933031082, 0.0, 0.0, 0.0, 0.0, 0.0, 0.0, 0.10507196933031082, 0.0, 0.0, 0.0, 0.0, 0.10507196933031082, 0.0, 0.10507196933031082, 0.10507196933031082, 0.0, 0.0, 0.10507196933031082, 0.0, 0.0, 0.07445643097162247, 0.0, 0.0, 0.08496777713298798, 0.0, 0.10507196933031082, 0.10507196933031082, 0.0]","[0.0, 0.0, 6.728565387661308e-22, 0.0, 6.730542193094366e-22, 0.0, 6.726212554914483e-22, 0.0, 8.945685134032755e-22, 8.932542880525459e-22, 0.0, 0.0, 6.7293278359626785e-22, 6.72668246216102e-22, 1.0, 0.0, 0.0, 0.0, 7.826403245323498e-22, 0.0, 0.0, 0.0, 6.740998981656205e-22, 0.0, 0.0, 0.0, 0.0, 0.0, 0.0, 0.0]","[0.01210688745666752, 0.013498833395505607, 0.0017347277922239574, 0.0050071354524527725, 0.0, 0.005284197328926655, 0.009233740389943354, 0.0, 0.0, 0.0, 0.0038260746445429343, 0.0, 0.0, 0.0, 0.8936181079535657, 0.0, 0.003019227030227592, 0.0, 0.011061565694005045, 0.0, 0.0030587378485100254, 0.006590113056675733, 0.0, 0.02171750462767807, 0.0, 0.0013535027034085414, 0.0, 0.007277130116579284, 0.001612514509087604, 0.0]","[0.0, 0.10507197678089142, 0.0, 0.0, 0.0, 0.0, 0.0, 0.0, 0.10507197678089142, 0.0, 0.0, 0.0, 0.0, 0.10507197678089142, 0.0, 0.10507197678089142, 0.10507197678089142, 0.0, 0.0, 0.10507197678089142, 0.0, 0.0, 0.07445643842220306, 0.0, 0.0, 0.08496778458356857, 0.0, 0.10507197678089142, 0.10507197678089142, 0.0]",0.003045428173377173
88,1.0450134986571233,"[0.9892055393839647, 1.001097686272123, 1.0076209596829984, 0.9979793803586753, 0.9977391730581345, 0.9935089476987946, 0.9847021770517252, 0.9964390444828272, 0.9959001515857293, 1.0023898154453241, 0.9963705233550274, 0.9920024422587721, 0.9903272108321056, 1.012805478167454, 0.9790366581277811, 0.993571148325064, 0.9992985311584415, 0.9971024408494206, 0.9980199002162924, 1.007190795098826, 1.0048909424091297, 0.9772304918500947, 0.9953899599157702, 1.0031526406645677, 0.9969931802580916, 1.0091483233395757, 0.9650354782204941, 1.0203553266052763, 0.9988888134499265, 0.999717433900453]","[0.9852500022655394, 1.0018853577370286, 0.9846663526552021, 0.9958953145439994, 0.9727764084043976, 1.014109992280386, 1.0227928508891866, 0.991305414137972, 1.0319432071492667, 1.000079471817083, 0.9986388665813554, 0.9888433478369788, 0.9955620093522957, 0.9967242301752116, 1.0105747105466714, 0.9972881866420162, 1.0086690280756936, 1.010895616626477, 0.993748338839421, 0.9926993247175327, 1.0247118138576896, 1.008548399816778, 1.0072382002202391, 1.0143932393705413, 0.9989105964738557, 0.9858774564580238, 1.0036310751737076, 1.0077572159308348, 1.0075270683825401, 0.9841732875611225]","[-0.014749997734460618, 0.0018853577370285812, -0.015333647344797918, -0.004104685456000623, -0.027223591595602392, 0.014109992280386008, 0.02279285088918659, -0.008694585862027981, 0.031943207149266684, 7.947181708289897e-05, -0.0013611334186446333, -0.011156652163021197, -0.004437990647704337, -0.003275769824788388, 0.010574710546671362, -0.002711813357983761, 0.008669028075693586, 0.01089561662647709, -0.0062516611605789585, -0.0073006752824672505, 0.024711813857689613, 0.008548399816777907, 0.007238200220239133, 0.014393239370541266, -0.0010894035261442836, -0.014122543541976174, 0.003631075173707643, 0.007757215930834782, 0.007527068382540136, -0.015826712438877455]","[0.10401064902544022, 0.10401064902544022, 0.0, 0.0, 0.10401064902544022, 0.0, 0.0, 0.0, 0.0, 0.0, 0.10401064902544022, 0.0, 0.0, 0.0, 0.10401064902544022, 0.0, 0.0, 0.0, 0.0, 0.0, 0.0737542062997818, 0.10401064902544022, 0.0, 0.0, 0.10401064902544022, 0.0, 0.10401064902544022, 0.0, 0.09416063129901886, 0.0]","[0.0, 0.0, 1.1710007972609863e-22, 8.898964701536441e-23, 0.0, 1.155200354937442e-22, 0.0, 0.0, 0.0, 0.0, 0.0, 2.2764971745732304e-22, 0.0, 1.170074817231147e-22, 1.0, 1.169041048911222e-22, 0.0, 1.1647501810877888e-22, 0.0, 0.0, 7.235169519679727e-24, 0.0, 7.015747692492155e-24, 0.0, 0.0, 0.0, 0.0, 0.0, 0.0, 0.0]","[0.0, 0.010044074728867645, 0.0, 0.0, 0.002018222039734316, 0.0, 0.0, 0.008022178543202755, 0.008669658932612043, 0.0, 0.0, 0.0020951149887658864, 0.0018676311637707479, 0.005822666523594068, 0.9159956530505425, 0.0, 0.0, 0.0, 0.012226458848287946, 0.006826579528509187, 0.0, 0.0, 0.0015778254157594214, 0.0, 0.0, 0.0, 0.0015858009266866624, 0.0, 0.011141196650587881, 0.012106938659078777]","[0.10401064902544022, 0.10401064902544022, 0.0, 0.0, 0.10401064902544022, 0.0, 0.0, 0.0, 0.0, 0.0, 0.10401064902544022, 0.0, 0.0, 0.0, 0.10401064902544022, 0.0, 0.0, 0.0, 0.0, 0.0, 0.0737542062997818, 0.10401064902544022, 0.0, 0.0, 0.10401064902544022, 0.0, 0.10401064902544022, 0.0, 0.09416063129901886, 0.0]",8.237005199580573e-05
89,1.0421335048843772,"[0.9852500022655394, 1.0018853577370286, 0.9846663526552021, 0.9958953145439994, 0.9727764084043976, 1.014109992280386, 1.0227928508891866, 0.991305414137972, 1.0319432071492667, 1.000079471817083, 0.9986388665813554, 0.9888433478369788, 0.9955620093522957, 0.9967242301752116, 1.0105747105466714, 0.9972881866420162, 1.0086690280756936, 1.010895616626477, 0.993748338839421, 0.9926993247175327, 1.0247118138576896, 1.008548399816778, 1.0072382002202391, 1.0143932393705413, 0.9989105964738557, 0.9858774564580238, 1.0036310751737076, 1.0077572159308348, 1.0075270683825401, 0.9841732875611225]","[1.0090558192925727, 1.0057898606322704, 0.9994029623144297, 0.9979569785089664, 0.9909185340666273, 1.0261026215158804, 0.9935925302788339, 1.0146837172128835, 1.0131817570547206, 0.9861055311206176, 1.0161602018202, 0.9968123503051886, 0.9844184607013815, 1.0099085909998387, 0.9994941288563131, 1.0119971534231997, 1.000746322589755, 1.0115389363133847, 0.9884037287544618, 0.9830593534646402, 0.9908303637125749, 0.9991257228631548, 0.9859763722965526, 1.002308951790356, 1.024690920683433, 0.9937904658311911, 0.9823979071160905, 1.0080110438085974, 0.999775762852886, 1.005704345154927]","[0.009055819292572709, 0.005789860632270383, -0.0005970376855702897, -0.0020430214910336364, -0.009081465933372668, 0.026102621515880386, -0.006407469721166126, 0.01468371721288353, 0.013181757054720578, -0.013894468879382393, 0.01616020182020006, -0.0031876496948114452, -0.015581539298618496, 0.009908590999838651, -0.0005058711436869423, 0.011997153423199736, 0.0007463225897550441, 0.011538936313384651, -0.011596271245538192, -0.01694064653535976, -0.009169636287425065, -0.0008742771368451807, -0.01402362770344745, 0.002308951790356062, 0.024690920683432926, -0.006209534168808872, -0.01760209288390946, 0.008011043808597407, -0.00022423714711394815, 0.005704345154927015]","[0.0, 0.0, 0.0, 0.0, 0.0, 0.0, 0.0, 0.0, 0.0, 0.0, 0.0, 0.11130807548761368, 0.0, 0.0, 0.11130807548761368, 0.07463216781616211, 0.11130807548761368, 0.08754883706569672, 0.0, 0.08922778815031052, 0.0807427167892456, 0.11130807548761368, 0.0, 0.0, 0.0, 0.0, 0.11130807548761368, 0.0, 0.11130807548761368, 0.0]","[0.0, 3.3759447207235246e-22, 3.3732678694612256e-22, 0.0, 3.373786491857704e-22, 0.0, 3.370386104553003e-22, 0.0, 0.0, 3.363287351233571e-22, 0.0, 3.3693252149178225e-22, 0.0, 0.0, 1.0, 0.0, 0.0, 0.0, 0.0, 3.3687371058317673e-22, 0.0, 0.0, 0.0, 0.0, 0.0, 0.0, 3.3617610830913763e-22, 0.0, 3.36639317849256e-22, 0.0]","[0.0, 0.002997689569987018, 0.007627376922035991, 0.0, 0.003956595254430897, 0.0074261603387053565, 0.0, 0.0, 0.0, 0.0038685347625203852, 0.0017120040877182142, 0.017837968281054543, 0.000151382107694184, 0.0, 0.8817673023286381, 0.012920810808276013, 0.0, 0.0, 0.0039880780602007055, 0.0, 0.00523067667685071, 0.004161288555730703, 0.0, 0.00857334681305375, 0.007138569697384425, 0.008049065222356176, 0.011480886836840985, 0.0, 0.0, 0.011112263676521938]","[0.0, 0.0, 0.0, 0.0, 0.0, 0.0, 0.0, 0.0, 0.0, 0.0, 0.0, 0.11130807548761368, 0.0, 0.0, 0.11130807548761368, 0.07463216781616211, 0.11130807548761368, 0.08754883706569672, 0.0, 0.08922778815031052, 0.0807427167892456, 0.11130807548761368, 0.0, 0.0, 0.0, 0.0, 0.11130807548761368, 0.0, 0.11130807548761368, 0.0]",-0.003192524453362492
90,1.0363969742053967,"[1.0090558192925727, 1.0057898606322704, 0.9994029623144297, 0.9979569785089664, 0.9909185340666273, 1.0261026215158804, 0.9935925302788339, 1.0146837172128835, 1.0131817570547206, 0.9861055311206176, 1.0161602018202, 0.9968123503051886, 0.9844184607013815, 1.0099085909998387, 0.9994941288563131, 1.0119971534231997, 1.000746322589755, 1.0115389363133847, 0.9884037287544618, 0.9830593534646402, 0.9908303637125749, 0.9991257228631548, 0.9859763722965526, 1.002308951790356, 1.024690920683433, 0.9937904658311911, 0.9823979071160905, 1.0080110438085974, 0.999775762852886, 1.005704345154927]","[0.9888812309783696, 0.9944682554402615, 0.9811436912807807, 1.0060769189416847, 1.002975435112631, 0.994914894337458, 0.9822963254901047, 0.9794851770692092, 1.0036605774571332, 0.9840846299563045, 0.9997627623490885, 0.9886870529582065, 0.9950568130145659, 0.9979283434480626, 0.9735635518284098, 1.0051855634884863, 1.002674036411188, 1.0012087975188446, 0.9930037158493161, 1.002629389966525, 1.0149975517568988, 0.9948542599054406, 0.9923027845073668, 0.9999336769028038, 1.0109478376811913, 0.9945578252998672, 0.998747623002873, 1.0151386352663763, 0.9875795347416458, 1.0012576076448554]","[-0.011118769021630448, -0.005531744559738483, -0.018856308719219284, 0.006076918941684717, 0.0029754351126309864, -0.005085105662542055, -0.017703674509895295, -0.020514822930790766, 0.0036605774571332184, -0.015915370043695476, -0.00023723765091154814, -0.01131294704179353, -0.004943186985434056, -0.0020716565519374175, -0.026436448171590188, 0.005185563488486311, 0.002674036411187908, 0.0012087975188446176, -0.0069962841506838735, 0.002629389966525064, 0.014997551756898764, -0.00514574009455937, -0.007697215492633247, -6.632309719623031e-05, 0.010947837681191341, -0.005442174700132751, -0.0012523769971269916, 0.015138635266376266, -0.012420465258354163, 0.0012576076448553852]","[0.0, 0.10145267844200134, 0.0, 0.0, 0.0, 0.0, 0.0, 0.0, 0.09633590281009674, 0.0, 0.0, 0.12309455871582031, 0.11818865686655045, 0.0, 0.09340327978134155, 0.11318904906511307, 0.10098514705896378, 0.0, 0.08207002282142639, 0.0, 0.0, 0.07273714989423752, 0.09854351729154587, 0.0, 0.0, 0.0, 0.0, 0.0, 0.0, 0.0]","[0.0, 0.0, 0.0, 0.0, 0.0, 4.4841758622272e-22, 0.0, 0.0, 4.494658798754708e-22, 0.0, 4.771793830284097e-22, 5.604718512903337e-22, 5.608239203098457e-22, 0.0, 1.0, 0.0, 0.0, 0.0, 4.488361085243538e-22, 0.0, 3.399148642857129e-22, 0.0, 3.3977067660684984e-22, 4.499904441201986e-22, 0.0, 0.0, 0.0, 0.0, 0.0, 0.0]","[0.005075337774093377, 0.0, 0.003039557169049715, 0.005231130850269504, 0.019015928683769574, 0.0, 0.007912149596670678, 0.0, 0.0, 0.0, 0.009541949836764003, 0.012417376710962434, 0.026141008466838006, 0.0, 0.8405501889979868, 0.014734372931510633, 8.261697390407122e-05, 0.0024047761088019843, 0.0, 0.0066621383332617174, 0.0, 0.0035370985010676646, 0.00935199107819663, 0.0, 0.0010097567125143645, 0.0, 0.01802654247989766, 0.0, 0.010452658263257999, 0.0048134205311832195]","[0.0, 0.10145267844200134, 0.0, 0.0, 0.0, 0.0, 0.0, 0.0, 0.09633590281009674, 0.0, 0.0, 0.12309455871582031, 0.11818865686655045, 0.0, 0.09340327978134155, 0.11318904906511307, 0.10098514705896378, 0.0, 0.08207002282142639, 0.0, 0.0, 0.07273714989423752, 0.09854351729154587, 0.0, 0.0, 0.0, 0.0, 0.0, 0.0, 0.0]",-0.005910439918228758
91,1.034969548707305,"[0.9888812309783696, 0.9944682554402615, 0.9811436912807807, 1.0060769189416847, 1.002975435112631, 0.994914894337458, 0.9822963254901047, 0.9794851770692092, 1.0036605774571332, 0.9840846299563045, 0.9997627623490885, 0.9886870529582065, 0.9950568130145659, 0.9979283434480626, 0.9735635518284098, 1.0051855634884863, 1.002674036411188, 1.0012087975188446, 0.9930037158493161, 1.002629389966525, 1.0149975517568988, 0.9948542599054406, 0.9923027845073668, 0.9999336769028038, 1.0109478376811913, 0.9945578252998672, 0.998747623002873, 1.0151386352663763, 0.9875795347416458, 1.0012576076448554]","[1.005294372864603, 1.0106732515980061, 1.0062291416432974, 1.0131847710783917, 0.99005218060616, 0.9818046117349019, 1.0094721445278512, 1.0089757007632947, 0.9698275592833222, 0.9858348622653431, 1.018298623483132, 1.0048633122644037, 1.0067256655772792, 1.0077646625082473, 0.9883290304999037, 1.0163530157648495, 0.9979187747198014, 0.997465547109977, 0.9994798138875746, 1.0023786933632675, 1.0284303168473905, 1.0186222603256632, 0.984413032356346, 0.9965160153572526, 1.0029735938865971, 0.978879001412673, 0.9915089009159751, 0.9832946437810447, 1.0016365659238242, 0.9960033452552867]","[0.005294372864603103, 0.01067325159800614, 0.006229141643297353, 0.013184771078391666, -0.00994781939384004, -0.018195388265098145, 0.009472144527851167, 0.00897570076329468, -0.030172440716677795, -0.014165137734656885, 0.018298623483131937, 0.00486331226440373, 0.006725665577279161, 0.007764662508247255, -0.011670969500096273, 0.016353015764849488, -0.0020812252801986064, -0.0025344528900229646, -0.0005201861124254359, 0.002378693363267459, 0.028430316847390502, 0.018622260325663165, -0.01558696764365397, -0.003483984642747351, 0.0029735938865971256, -0.021120998587326967, -0.0084910990840249, -0.016705356218955303, 0.001636565923824218, -0.003996654744713335]","[0.0, 0.09643350541591644, 0.15536990761756897, 0.0, 0.0, 0.0, 0.0, 0.0, 0.07175721228122711, 0.0, 0.0, 0.0, 0.0, 0.15536990761756897, 0.15536990761756897, 0.031428225338459015, 0.0, 0.0, 0.15536990761756897, 0.0, 0.05535854026675224, 0.0, 0.0, 0.0, 0.0, 0.1235428974032402, 0.0, 0.0, 0.0, 0.0]","[0.0, 2.2736651880207224e-22, 0.0, 0.0, 0.0, 0.0, 0.0, 2.2576407512624053e-22, 0.0, 0.0, 0.0, 0.0, 0.0, 0.0, 1.0, 0.0, 1.165896295033531e-22, 0.0, 1.1516814905239084e-22, 1.1576335853370545e-22, 0.0, 2.2746182043475655e-22, 2.2777253311008214e-22, 1.161816166224028e-22, 0.0, 0.0, 0.0, 1.155502986386069e-22, 0.0, 0.0]","[0.002588402014575308, 0.0, 0.0, 0.0029671072965413384, 0.0, 0.0, 0.0, 0.0023579632366371784, 0.011322505183930475, 0.0, 0.004932226430157202, 0.0022498782541089707, 0.002617313702251377, 0.0, 0.9278611644337271, 0.0, 0.0, 0.0, 0.007414233725707126, 0.00031116611628600495, 0.0, 0.0, 0.0, 0.019844220327891023, 0.0, 0.0, 0.0, 0.006353746258136281, 0.0, 0.009180073020050555]","[0.0, 0.09643350541591644, 0.15536990761756897, 0.0, 0.0, 0.0, 0.0, 0.0, 0.07175721228122711, 0.0, 0.0, 0.0, 0.0, 0.15536990761756897, 0.15536990761756897, 0.031428225338459015, 0.0, 0.0, 0.15536990761756897, 0.0, 0.05535854026675224, 0.0, 0.0, 0.0, 0.0, 0.1235428974032402, 0.0, 0.0, 0.0, 0.0]",-0.00184037922609016
92,1.03465696264593,"[1.005294372864603, 1.0106732515980061, 1.0062291416432974, 1.0131847710783917, 0.99005218060616, 0.9818046117349019, 1.0094721445278512, 1.0089757007632947, 0.9698275592833222, 0.9858348622653431, 1.018298623483132, 1.0048633122644037, 1.0067256655772792, 1.0077646625082473, 0.9883290304999037, 1.0163530157648495, 0.9979187747198014, 0.997465547109977, 0.9994798138875746, 1.0023786933632675, 1.0284303168473905, 1.0186222603256632, 0.984413032356346, 0.9965160153572526, 1.0029735938865971, 0.978879001412673, 0.9915089009159751, 0.9832946437810447, 1.0016365659238242, 0.9960033452552867]","[1.021228677980121, 0.9772268382887699, 0.9995541206093462, 0.9918976350067155, 1.0044271272499454, 1.009631383334347, 1.0026947780636437, 1.0227164425110917, 0.9960647424250063, 0.98414678938802, 0.9918292663219009, 0.9953499491143134, 0.9854055165068678, 0.9900180967395698, 0.9972882862193229, 0.9747315763679737, 1.0019103960282398, 0.97682841618915, 0.9814559796178972, 1.0035388566887118, 1.001623608697063, 0.9965444041821411, 0.9932544616534119, 1.0220376608172386, 0.9901998660229534, 1.0016197780194074, 0.9891398265946183, 0.9987960189856437, 0.9973028964837581, 0.99721845483301]","[0.021228677980120958, -0.022773161711230117, -0.00044587939065376947, -0.008102364993284539, 0.004427127249945428, 0.009631383334347099, 0.00269477806364371, 0.022716442511091728, -0.003935257574993689, -0.015853210611979973, -0.008170733678099062, -0.004650050885686596, -0.014594483493132193, -0.009981903260430247, -0.0027117137806771385, -0.025268423632026304, 0.0019103960282398358, -0.02317158381085005, -0.018544020382102788, 0.003538856688711789, 0.001623608697062906, -0.0034555958178589252, -0.006745538346588087, 0.02203766081723857, -0.009800133977046599, 0.0016197780194073808, -0.010860173405381701, -0.001203981014356259, -0.002697103516241861, -0.0027815451669900293]","[0.10109403729438782, 0.0, 0.0, 0.0, 0.0, 0.09526372700929642, 0.0, 0.0, 0.0, 0.0, 0.0, 0.0, 0.0, 0.0, 0.0, 0.0, 0.0, 0.0, 0.10109403729438782, 0.10109403729438782, 0.10109403729438782, 0.0, 0.10109403729438782, 0.0, 0.0, 0.10109403729438782, 0.10109403729438782, 0.0959840789437294, 0.0, 0.10109403729438782]","[0.0, 2.3060493024620235e-22, 0.0, 4.520317520593966e-22, 0.0, 3.3918351096762244e-22, 0.0, 3.3908071428427745e-22, 0.0, 0.0, 0.0, 0.0, 0.0, 3.4123372367348917e-22, 1.0, 0.0, 4.529417049562988e-22, 0.0, 0.0, 0.0, 2.3204257795151988e-22, 0.0, 2.310164633696384e-22, 0.0, 2.858001461963301e-22, 0.0, 0.0, 0.0, 0.0, 0.0]","[0.000404525243358237, 0.0, 0.0, 0.0, 0.005389711987431905, 0.0007303937303130096, 0.010862380240001907, 0.001788890114030198, 0.0012787664805180908, 0.0017369491556640036, 0.002094030749632756, 0.0, 0.010590302503524223, 0.008274946311024703, 0.8885197186711106, 0.0, 0.00016722714465602372, 0.00434248951625319, 0.01678221952222252, 4.529861466106961e-05, 0.0031624279833959833, 0.02033655772769361, 0.003108769982925181, 0.004636420120838852, 0.012295838939411878, 0.0, 0.003452135261332119, 0.0, 0.0, 0.0]","[0.10109403729438782, 0.0, 0.0, 0.0, 0.0, 0.09526372700929642, 0.0, 0.0, 0.0, 0.0, 0.0, 0.0, 0.0, 0.0, 0.0, 0.0, 0.0, 0.0, 0.10109403729438782, 0.10109403729438782, 0.10109403729438782, 0.0, 0.10109403729438782, 0.0, 0.0, 0.10109403729438782, 0.10109403729438782, 0.0959840789437294, 0.0, 0.10109403729438782]",-0.0006465653831957043
93,1.0397575686713552,"[1.021228677980121, 0.9772268382887699, 0.9995541206093462, 0.9918976350067155, 1.0044271272499454, 1.009631383334347, 1.0026947780636437, 1.0227164425110917, 0.9960647424250063, 0.98414678938802, 0.9918292663219009, 0.9953499491143134, 0.9854055165068678, 0.9900180967395698, 0.9972882862193229, 0.9747315763679737, 1.0019103960282398, 0.97682841618915, 0.9814559796178972, 1.0035388566887118, 1.001623608697063, 0.9965444041821411, 0.9932544616534119, 1.0220376608172386, 0.9901998660229534, 1.0016197780194074, 0.9891398265946183, 0.9987960189856437, 0.9973028964837581, 0.99721845483301]","[1.0112619972910113, 1.0114616005218091, 0.9973332644302397, 1.005816424540058, 0.9929136061235542, 0.9944281025453079, 0.9832259075198458, 1.0138130319968697, 1.0014799580777598, 1.0206244578503734, 0.9927267428728356, 1.0134292121989632, 0.9987314298216914, 1.0000587737585742, 1.011645479383814, 1.0082153905100195, 1.0109914642024016, 0.9962389777182487, 1.0042957449535426, 1.0070383141348436, 1.006539313326332, 0.9715119759262643, 1.018836285952021, 1.0106655970584408, 0.9859977078820996, 1.005558667128945, 1.0149294397539939, 1.0069712272288298, 0.992207852340692, 0.9991561190643373]","[0.011261997291011294, 0.011461600521809112, -0.00266673556976027, 0.0058164245400580405, -0.007086393876445829, -0.00557189745469211, -0.016774092480154157, 0.013813031996869674, 0.001479958077759802, 0.020624457850373368, -0.007273257127164423, 0.013429212198963203, -0.0012685701783086145, 5.877375857421541e-05, 0.011645479383814106, 0.008215390510019516, 0.010991464202401602, -0.0037610222817513472, 0.0042957449535425685, 0.007038314134843571, 0.0065393133263320635, -0.02848802407373574, 0.018836285952021026, 0.010665597058440834, -0.014002292117900383, 0.005558667128944927, 0.014929439753993856, 0.006971227228829813, -0.007792147659308024, -0.0008438809356626775]","[0.14460916817188263, 0.09336041659116745, 0.0, 0.0, 0.0, 0.0, 0.0, 0.0, 0.0, 0.09942027926445007, 0.14460916817188263, 0.0, 0.0, 0.0, 0.14460916817188263, 0.0, 0.0, 0.0, 0.0, 0.0, 0.0, 0.021156197413802147, 0.0, 0.0, 0.14044702053070068, 0.11143700033426285, 0.10035154223442078, 0.0, 0.0, 0.0]","[0.0, -4.33393938431131e-22, 0.0, -4.8799066443111427e-23, 0.0, 0.0, 0.0, 0.0, -4.352793263607346e-22, 0.0, 0.0, 0.0, 0.0, 0.0, 0.0, 0.0, -4.350987543615703e-22, 0.0, 0.0, -3.2600943728584474e-22, 0.0, 0.0, -4.3525973914167315e-22, -4.35137982482294e-22, -2.1309372671735454e-22, 0.0, 0.0, -4.346204351583996e-22, 0.0, 1.0]","[0.0, 0.0, 0.0, 0.007043923065449124, 0.0, 0.013423200633248469, 0.002868190559381007, 0.0, 0.0, 0.0, 0.0038473678643451397, 0.001039163271970654, 0.005427959369368576, 0.0, 0.014244224334596853, 0.004214365891557295, 0.0012541993584674982, 0.0, 0.0, 0.0, 0.012410127369816903, 0.0, 0.006117473776611001, 0.004085206045765981, 0.004802362391241493, 0.0, 0.0, 0.007288133412929522, 0.005827674532280036, 0.9061064281229705]","[0.14460916817188263, 0.09336041659116745, 0.0, 0.0, 0.0, 0.0, 0.0, 0.0, 0.0, 0.09942027926445007, 0.14460916817188263, 0.0, 0.0, 0.0, 0.14460916817188263, 0.0, 0.0, 0.0, 0.0, 0.0, 0.0, 0.021156197413802147, 0.0, 0.0, 0.14044702053070068, 0.11143700033426285, 0.10035154223442078, 0.0, 0.0, 0.0]",0.004484348335979127
94,1.03445584527587,"[1.0112619972910113, 1.0114616005218091, 0.9973332644302397, 1.005816424540058, 0.9929136061235542, 0.9944281025453079, 0.9832259075198458, 1.0138130319968697, 1.0014799580777598, 1.0206244578503734, 0.9927267428728356, 1.0134292121989632, 0.9987314298216914, 1.0000587737585742, 1.011645479383814, 1.0082153905100195, 1.0109914642024016, 0.9962389777182487, 1.0042957449535426, 1.0070383141348436, 1.006539313326332, 0.9715119759262643, 1.018836285952021, 1.0106655970584408, 0.9859977078820996, 1.005558667128945, 1.0149294397539939, 1.0069712272288298, 0.992207852340692, 0.9991561190643373]","[1.0141261458937478, 0.9951950130447846, 0.9968378260670492, 0.9999459602597598, 1.003328632359832, 1.0128144329075421, 1.001350659754706, 1.014439368752141, 0.9906904764577381, 1.004379493252705, 0.9857595103793826, 1.0056326207273163, 1.0059813918920477, 1.0213434646456618, 0.9948826788344074, 1.0251660220164918, 1.0119227212321131, 1.004231859996357, 1.008051626754404, 1.010078864010335, 0.9786693556942982, 0.9975276049540708, 0.9832420720770352, 1.0050265515797858, 1.0289003738776705, 1.0071047526249746, 1.0183148280836598, 1.0065080704476448, 0.9627041177903743, 0.9884356269732263]","[0.014126145893747832, -0.004804986955215362, -0.003162173932950818, -5.403974024020819e-05, 0.003328632359832051, 0.01281443290754214, 0.0013506597547059407, 0.014439368752140913, -0.009309523542261888, 0.004379493252705036, -0.014240489620617414, 0.005632620727316295, 0.005981391892047716, 0.021343464645661836, -0.005117321165592603, 0.025166022016491763, 0.011922721232113132, 0.00423185999635689, 0.008051626754403962, 0.010078864010335087, -0.02133064430570175, -0.002472395045929221, -0.01675792792296482, 0.005026551579785821, 0.028900373877670527, 0.007104752624974564, 0.018314828083659807, 0.006508070447644787, -0.03729588220962565, -0.011564373026773711]","[0.0, 0.0, 0.0, 0.0, 0.0, 0.0, 0.10841812193393707, 0.0, 0.0, 0.0, 0.0, 0.0, 0.10841812193393707, 0.0, 0.10841812193393707, 0.0, 0.0, 0.0, 0.10841812193393707, 0.0, 0.10841812193393707, 0.0, 0.06412670016288757, 0.0, 0.0, 0.06852841377258301, 0.10841812193393707, 0.0, 0.10841812193393707, 0.10841812193393707]","[0.0, 0.0, 0.0, 0.0, 0.0, 0.0, -2.1612211128557385e-22, 0.0, 0.0, -3.2828016927849274e-22, 0.0, 0.0, 0.0, 0.0, 1.0, 0.0, 0.0, 0.0, 0.0, 0.0, -4.3606731094626065e-22, -4.368023131990165e-22, -4.366844264847786e-22, 6.809750271862815e-24, 0.0, -2.1602078816050344e-22, 0.0, -2.158935504215991e-22, 0.0, -1.6053190498880808e-22]","[0.0024681363506529387, 0.0, 0.0, 0.0024844118696922073, 0.013271540857805568, 0.012349187506340458, 0.0, 0.014845265124008376, 0.0077547860630931605, 0.00444725836743377, 0.0011231824370437672, 0.0, 0.000358612074509787, 0.0017860479582741432, 0.887332592697319, 0.0016901610603982278, 0.0040030766818409036, 0.011576999719625477, 0.0052588444643398005, 0.0, 0.0, 0.006507224132241535, 0.010695505831572734, 0.0, 0.004565874005753154, 0.004024715488513688, 0.0027199263588558076, 0.0, 0.0, 0.0007366509506858262]","[0.0, 0.0, 0.0, 0.0, 0.0, 0.0, 0.10841810703277588, 0.0, 0.0, 0.0, 0.0, 0.0, 0.10841810703277588, 0.0, 0.10841810703277588, 0.0, 0.0, 0.0, 0.10841810703277588, 0.0, 0.10841810703277588, 0.0, 0.06412669271230698, 0.0, 0.0, 0.06852840632200241, 0.10841810703277588, 0.0, 0.10841810703277588, 0.10841810703277588]",-0.005522612646963493
95,1.034276159043182,"[1.0141261458937478, 0.9951950130447846, 0.9968378260670492, 0.9999459602597598, 1.003328632359832, 1.0128144329075421, 1.001350659754706, 1.014439368752141, 0.9906904764577381, 1.004379493252705, 0.9857595103793826, 1.0056326207273163, 1.0059813918920477, 1.0213434646456618, 0.9948826788344074, 1.0251660220164918, 1.0119227212321131, 1.004231859996357, 1.008051626754404, 1.010078864010335, 0.9786693556942982, 0.9975276049540708, 0.9832420720770352, 1.0050265515797858, 1.0289003738776705, 1.0071047526249746, 1.0183148280836598, 1.0065080704476448, 0.9627041177903743, 0.9884356269732263]","[0.9844101164554535, 1.0107782298208203, 1.0136134497997678, 1.00932312580471, 1.0089829596998767, 1.004286299382866, 1.024088181095915, 1.000831034976879, 0.990714413555714, 0.9893740528426574, 1.0020897065634151, 0.9901190381285476, 1.0149455155129163, 1.0081502331326995, 1.0170937820403183, 0.9815585385283858, 0.9824708144758881, 1.0068565098855649, 1.0102722353780251, 1.02257303705316, 1.0159201959471607, 0.984931184181323, 0.9921700067339979, 1.033603816909946, 1.004709248414491, 0.9792068681452282, 1.0252242145545827, 0.9868909424469532, 0.9870259738032807, 0.9944562752597255]","[-0.01558988354454649, 0.010778229820820329, 0.013613449799767752, 0.009323125804709953, 0.008982959699876725, 0.004286299382866066, 0.02408818109591504, 0.0008310349768789749, -0.00928558644428601, -0.010625947157342552, 0.002089706563415117, -0.009880961871452376, 0.01494551551291634, 0.00815023313269947, 0.017093782040318306, -0.018441461471614184, -0.017529185524111868, 0.006856509885564854, 0.01027223537802513, 0.02257303705316005, 0.015920195947160654, -0.015068815818677028, -0.007829993266002089, 0.03360381690994596, 0.004709248414491052, -0.02079313185477183, 0.02522421455458268, -0.01310905755304681, -0.01297402619671928, -0.005543724740274536]","[0.10469000786542892, 0.0, 0.0, 0.0, 0.0, 0.0, 0.0, 0.0, 0.0, 0.10469000786542892, 0.0, 0.10469000786542892, 0.0, 0.0, 0.0, 0.0, 0.10469000786542892, 0.07891558110713959, 0.0, 0.10469000786542892, 0.10469000786542892, 0.0, 0.0, 0.08356443047523499, 0.0, 0.0, 0.0, 0.0, 0.10469000786542892, 0.10469000786542892]","[0.0, 0.0, 0.0, 0.0, 0.0, 0.0, 0.0, 0.0, 0.0, 4.481252918070982e-22, 0.0, 0.0, 0.0, 0.0, 1.0, 0.0, 3.94521334147686e-22, 4.493733720707195e-22, 0.0, 5.324485602381616e-22, 3.396681484505244e-22, 3.3915091262807994e-22, 3.3917771819559506e-22, 0.0, 0.0, 0.0, 0.0, 0.0, 5.595131945063291e-22, 4.490564350640661e-22]","[0.007449767746116369, 0.010637347781829763, 0.0, 0.005540614482687597, 0.0, 0.019671557241391493, 0.0, 0.0, 0.0, 0.0, 0.00765465955659381, 0.01142239111773845, 0.0033639729766603487, 0.0, 0.8957031903666091, 0.008406613457234558, 0.0, 0.015435523584970143, 0.0, 0.0026129654957657593, 0.0, 0.0, 0.005517737468870824, 0.0020520079581197097, 0.0, 0.0, 0.004126231907637402, 0.0, 0.00040541885777463236, 0.0]","[0.10468999296426773, 0.0, 0.0, 0.0, 0.0, 0.0, 0.0, 0.0, 0.0, 0.10468999296426773, 0.0, 0.10468999296426773, 0.0, 0.0, 0.0, 0.0, 0.10468999296426773, 0.07891557365655899, 0.0, 0.10468999296426773, 0.10468999296426773, 0.0, 0.0, 0.08356442302465439, 0.0, 0.0, 0.0, 0.0, 0.10468999296426773, 0.10468999296426773]",-0.0006366061378586239
96,1.0375789267676598,"[0.9844101164554535, 1.0107782298208203, 1.0136134497997678, 1.00932312580471, 1.0089829596998767, 1.004286299382866, 1.024088181095915, 1.000831034976879, 0.990714413555714, 0.9893740528426574, 1.0020897065634151, 0.9901190381285476, 1.0149455155129163, 1.0081502331326995, 1.0170937820403183, 0.9815585385283858, 0.9824708144758881, 1.0068565098855649, 1.0102722353780251, 1.02257303705316, 1.0159201959471607, 0.984931184181323, 0.9921700067339979, 1.033603816909946, 1.004709248414491, 0.9792068681452282, 1.0252242145545827, 0.9868909424469532, 0.9870259738032807, 0.9944562752597255]","[1.0247907699844014, 1.0000457649440093, 1.0015831356709002, 1.01059808016461, 1.0017406472433872, 1.022820673258022, 0.9893668798924113, 1.0116148124653772, 1.0028777484112046, 1.0158323480781124, 1.0023913288940192, 0.9819272738246118, 1.0045302022074099, 0.9848005405043592, 0.9813364328827279, 0.9776573943320583, 0.9965239265566178, 0.9985224740839398, 1.0165633802246477, 1.019831581663578, 0.9917487714848159, 0.9897857597221679, 1.0040151017144052, 1.0089608986713874, 0.9994106703372794, 1.004914374938826, 1.0165663527197595, 1.0227435512644123, 0.9906170264982471, 1.0148467736553775]","[0.02479076998440144, 4.576494400931885e-05, 0.001583135670900182, 0.010598080164609947, 0.0017406472433871834, 0.02282067325802206, -0.010633120107588656, 0.011614812465377211, 0.0028777484112045837, 0.0158323480781124, 0.0023913288940191624, -0.018072726175388243, 0.00453020220740985, -0.015199459495640832, -0.01866356711727213, -0.022342605667941662, -0.0034760734433821883, -0.0014775259160602072, 0.01656338022464765, 0.019831581663577902, -0.008251228515184117, -0.010214240277832132, 0.0040151017144052226, 0.008960898671387385, -0.0005893296627206279, 0.004914374938826072, 0.01656635271975948, 0.0227435512644123, -0.009382973501752878, 0.014846773655377454]","[0.0, 0.0, 0.0, 0.0, 0.0, 0.0, 0.0, 0.0, 0.11150532960891724, 0.0, 0.0, 0.0808108001947403, 0.10939722508192062, 0.0, 0.0, 0.0, 0.11204502731561661, 0.0, 0.11328550428152084, 0.0, 0.08134039491415024, 0.0, 0.0, 0.11328550428152084, 0.0783143863081932, 0.09232647716999054, 0.0, 0.0, 0.0, 0.10768931359052658]","[0.0, 0.0, 0.0, 1.4547459845913837e-22, 1.1759109248701373e-22, 0.0, 0.0, 0.0, 0.0, 0.0, 0.0, 0.0, 1.1776725077551692e-22, 6.904888594932308e-24, 1.0, 1.179601474444263e-22, 0.0, 0.0, 0.0, 0.0, -1.0304101144613149e-22, -1.034641724532662e-22, -1.0347946900239733e-22, 0.0, -4.8422304373203134e-23, 0.0, 0.0, 0.0, 0.0, 0.0]","[0.003909431568415669, 0.0, 0.021107931826091456, 0.0, 0.0, 0.009195113504101623, 0.020719172587296997, 0.0, 0.0, 0.014036647825104482, 0.0, 0.011781985276059472, 0.0, 0.0, 0.8971532004886804, 0.006557318292572293, 0.0010801862445967958, 0.0, 0.0, 0.0, 0.002004040147616701, 0.0, 0.0, 0.0, 0.0, 0.0, 0.007031681414288009, 0.0, 0.005423290825176062, 0.0]","[0.0, 0.0, 0.0, 0.0, 0.0, 0.0, 0.0, 0.0, 0.11150533705949783, 0.0, 0.0, 0.08081080764532089, 0.10939723253250122, 0.0, 0.0, 0.0, 0.1120450347661972, 0.0, 0.11328551173210144, 0.0, 0.08134040236473083, 0.0, 0.0, 0.11328551173210144, 0.0783143937587738, 0.09232648462057114, 0.0, 0.0, 0.0, 0.10768932104110718]",0.0028222354691645885
97,1.0392423480947142,"[1.0247907699844014, 1.0000457649440093, 1.0015831356709002, 1.01059808016461, 1.0017406472433872, 1.022820673258022, 0.9893668798924113, 1.0116148124653772, 1.0028777484112046, 1.0158323480781124, 1.0023913288940192, 0.9819272738246118, 1.0045302022074099, 0.9848005405043592, 0.9813364328827279, 0.9776573943320583, 0.9965239265566178, 0.9985224740839398, 1.0165633802246477, 1.019831581663578, 0.9917487714848159, 0.9897857597221679, 1.0040151017144052, 1.0089608986713874, 0.9994106703372794, 1.004914374938826, 1.0165663527197595, 1.0227435512644123, 0.9906170264982471, 1.0148467736553775]","[1.0120610920400015, 1.0001672653924147, 0.9624625174353545, 1.0082733962840713, 1.004482493765727, 0.9850059696555081, 1.0034174315740059, 1.0101148105278586, 0.9862479064533188, 1.002425615724776, 0.9917143873232099, 1.0181624336431978, 0.9948618695271142, 0.9949285396961982, 0.982300648693358, 1.0136253664938406, 0.9876805177665782, 1.0082499334867978, 0.9949383522965018, 0.9996229105511055, 0.9967538096394016, 1.0169639925319391, 1.0048934086137509, 1.0084924329838818, 0.9837344881463089, 1.0025246235170888, 1.0091843042831257, 1.0138975366286398, 0.9964553558516592, 1.0100941387942466]","[0.012061092040001498, 0.00016726539241473937, -0.03753748256464551, 0.00827339628407131, 0.004482493765727069, -0.014994030344491871, 0.003417431574005869, 0.010114810527858564, -0.013752093546681166, 0.0024256157247759536, -0.008285612676790066, 0.018162433643197806, -0.005138130472885805, -0.005071460303801789, -0.01769935130664202, 0.013625366493840607, -0.01231948223342183, 0.008249933486797811, -0.005061647703498151, -0.00037708944889447427, -0.0032461903605983666, 0.016963992531939143, 0.0048934086137508714, 0.008492432983881804, -0.016265511853691073, 0.00252462351708882, 0.009184304283125666, 0.013897536628639795, -0.00354464414834077, 0.010094138794246588]","[0.0, 0.0, 0.0, 0.0, 0.0, 0.0, 0.0, 0.10556408017873764, 0.0, 0.09630732238292694, 0.0, 0.10556408017873764, 0.10556408017873764, 0.0, 0.07995406538248062, 0.0, 0.10359445214271545, 0.0, 0.0, 0.09218239784240723, 0.0, 0.0, 0.10014133900403976, 0.10556408017873764, 0.0, 0.10556408017873764, 0.0, 0.0, 0.0, 0.0]","[0.0, 3.4131126980364507e-22, 0.0, 5.2176535996835805e-22, 0.0, 0.0, 4.512591412666593e-22, 0.0, 0.0, 0.0, 0.0, 0.0, 4.522651358956863e-22, 4.521359688895862e-22, 1.0, 0.0, 0.0, 0.0, 0.0, 0.0, 0.0, 0.0, 0.0, 3.8988686840128985e-22, 3.4116491738260602e-22, 0.0, 0.0, 5.6306932070309095e-22, 4.509060134201676e-22, 0.0]","[0.009224061486560313, 0.0, 0.01518677346916791, 0.0, 0.0027730036640298307, 0.0, 0.0, 8.566503422075218e-07, 0.0025139946930522084, 0.003583400119980959, 0.01378175482842772, 0.003457867341849922, 0.0, 0.0, 0.90627816400718, 0.0034760275299358964, 0.0, 0.0, 0.0, 0.0, 0.0, 0.004178017149490325, 0.0023176943058711014, 0.0015827439130694202, 0.0058573106044589205, 0.0, 0.005303368787510097, 0.007236634254363343, 0.000885524801354717, 0.01236280239335494]","[0.0, 0.0, 0.0, 0.0, 0.0, 0.0, 0.0, 0.10556408762931824, 0.0, 0.09630732983350754, 0.0, 0.10556408762931824, 0.10556408762931824, 0.0, 0.07995407283306122, 0.0, 0.10359445959329605, 0.0, 0.0, 0.09218240529298782, 0.0, 0.0, 0.10014134645462036, 0.10556408762931824, 0.0, 0.10556408762931824, 0.0, 0.0, 0.0, 0.0]",0.0012078438895933067
98,1.0419533674362624,"[1.0120610920400015, 1.0001672653924147, 0.9624625174353545, 1.0082733962840713, 1.004482493765727, 0.9850059696555081, 1.0034174315740059, 1.0101148105278586, 0.9862479064533188, 1.002425615724776, 0.9917143873232099, 1.0181624336431978, 0.9948618695271142, 0.9949285396961982, 0.982300648693358, 1.0136253664938406, 0.9876805177665782, 1.0082499334867978, 0.9949383522965018, 0.9996229105511055, 0.9967538096394016, 1.0169639925319391, 1.0048934086137509, 1.0084924329838818, 0.9837344881463089, 1.0025246235170888, 1.0091843042831257, 1.0138975366286398, 0.9964553558516592, 1.0100941387942466]","[0.9788729235312231, 1.0120853797743126, 0.9863438084314524, 0.9992454472288771, 0.9976471089964463, 0.9789341873746836, 1.0087593892031317, 1.0129174488339412, 0.9845187493784514, 1.0174610096071093, 1.0297731460486796, 1.0162607778154036, 1.0017074136102078, 0.9939876943485757, 0.9987473173803849, 1.0091484171398832, 0.9893120117855057, 1.0045089683471753, 1.0074871971432515, 1.0045614980575175, 1.0053287668396595, 1.0091262116097894, 0.9965714288424465, 0.9906035105984642, 1.0113561349329514, 0.9711258285920644, 1.0100680036806942, 0.9973360145321565, 1.0071213596185011, 0.9941052483902099]","[-0.021127076468776873, 0.012085379774312566, -0.013656191568547582, -0.0007545527711229072, -0.0023528910035537365, -0.02106581262531637, 0.008759389203131684, 0.012917448833941192, -0.015481250621548592, 0.01746100960710928, 0.029773146048679644, 0.016260777815403582, 0.0017074136102077642, -0.006012305651424299, -0.0012526826196150864, 0.009148417139883236, -0.010687988214494348, 0.004508968347175291, 0.007487197143251523, 0.004561498057517488, 0.005328766839659549, 0.009126211609789436, -0.0034285711575534616, -0.009396489401535812, 0.0113561349329514, -0.028874171407935578, 0.01006800368069416, -0.0026639854678435215, 0.007121359618501133, -0.005894751609790139]","[0.0, 0.0, 0.0, 0.0, 0.10196270793676376, 0.0, 0.0, 0.0, 0.08389846980571747, 0.07749268412590027, 0.0, 0.06077326461672783, 0.12168267369270325, 0.0, 0.0, 0.0, 0.0, 0.06745949387550354, 0.0, 0.0, 0.0, 0.12168267369270325, 0.0, 0.0, 0.0, 0.0, 0.12168267369270325, 0.12168267369270325, 0.0, 0.12168267369270325]","[0.0, 0.0, 4.4875540262724935e-22, 3.651524100829262e-22, 0.0, 0.0, 0.0, 0.0, 0.0, 0.0, 0.0, 0.0, 0.0, 3.3759346169868866e-22, 0.0, 0.0, 3.375648832772226e-22, 0.0, 0.0, 3.510954778534011e-22, 0.0, 0.0, 4.487414026388087e-22, 1.0, 4.485338993042817e-22, 0.0, 0.0, 0.0, 4.493017816062048e-22, 3.38362331053575e-22]","[0.0, 0.0, 0.0, 0.0, 0.0014909929277677945, 0.000543699429761971, 0.002183924108691401, 0.003157758356638895, 0.004159121213323586, 0.009636086487812601, 0.006622778738723439, 0.00235633400656897, 0.0, 0.009765734066569819, 0.009673335379163242, 0.014766613812920605, 0.0, 0.0032548866303834197, 0.007422356372240421, 0.0, 0.0, 0.00011273368674893783, 0.017066737683904577, 0.864531173630454, 0.014862428790242141, 0.0, 0.021088183381193303, 0.007305121296890797, 0.0, 0.0]","[0.0, 0.0, 0.0, 0.0, 0.10196272283792496, 0.0, 0.0, 0.0, 0.08389847725629807, 0.07749269157648087, 0.0, 0.060773272067308426, 0.12168268859386444, 0.0, 0.0, 0.0, 0.0, 0.06745950132608414, 0.0, 0.0, 0.0, 0.12168268859386444, 0.0, 0.0, 0.0, 0.0, 0.12168268859386444, 0.12168268859386444, 0.0, 0.12168268859386444]",0.002182701164573304
99,1.0461385835237935,"[0.9788729235312231, 1.0120853797743126, 0.9863438084314524, 0.9992454472288771, 0.9976471089964463, 0.9789341873746836, 1.0087593892031317, 1.0129174488339412, 0.9845187493784514, 1.0174610096071093, 1.0297731460486796, 1.0162607778154036, 1.0017074136102078, 0.9939876943485757, 0.9987473173803849, 1.0091484171398832, 0.9893120117855057, 1.0045089683471753, 1.0074871971432515, 1.0045614980575175, 1.0053287668396595, 1.0091262116097894, 0.9965714288424465, 0.9906035105984642, 1.0113561349329514, 0.9711258285920644, 1.0100680036806942, 0.9973360145321565, 1.0071213596185011, 0.9941052483902099]","[1.0052673392508575, 0.9932165856723497, 1.0063079856875965, 0.9942964644789929, 1.0122005110812673, 1.0118528196056102, 0.9980268185528197, 1.0203603740449938, 0.9982001020848777, 1.0147884182744038, 0.9910594439685219, 1.0059209399113525, 1.0061173994072166, 1.022362435014679, 1.019645428785485, 0.9928757824213256, 0.9964281187364706, 1.015041662535206, 1.0197278665475413, 0.991374394807682, 1.013094566089025, 1.033862194229671, 1.0134963592838786, 1.0068599766506683, 0.9917941706699472, 0.9874572131073537, 0.9950533823421331, 1.0032481296272275, 0.9963073787633929, 1.0101986379233359]","[0.005267339250857539, -0.006783414327650283, 0.006307985687596496, -0.005703535521007108, 0.012200511081267296, 0.011852819605610243, -0.0019731814471802833, 0.0203603740449938, -0.0017998979151222505, 0.014788418274403803, -0.008940556031478142, 0.005920939911352452, 0.006117399407216562, 0.02236243501467894, 0.01964542878548503, -0.00712421757867443, -0.003571881263529364, 0.01504166253520589, 0.01972786654754133, -0.008625605192318031, 0.013094566089024928, 0.03386219422967107, 0.0134963592838786, 0.006859976650668287, -0.00820582933005276, -0.012542786892646318, -0.004946617657866859, 0.003248129627227536, -0.0036926212366070743, 0.010198637923335863]","[0.10480443388223648, 0.0, 0.06930346041917801, 0.0, 0.0, 0.0, 0.0, 0.0, 0.0, 0.0, 0.10480443388223648, 0.0, 0.0, 0.0, 0.0, 0.0, 0.0965728834271431, 0.0, 0.10480443388223648, 0.10254108905792236, 0.10480443388223648, 0.0, 0.10480443388223648, 0.10480443388223648, 0.0, 0.0, 0.0, 0.0, 0.10275595635175705, 0.0]","[0.0, 0.0, 0.0, 0.0, 0.0, 0.0, 0.0, 1.1446288132140958e-22, 0.0, 1.142953522036223e-22, 0.0, 0.0, 0.0, 0.0, 1.0, 0.0, 0.0, 0.0, 0.0, 3.369447578738172e-22, 4.669998324949845e-24, 4.751708904209699e-24, 4.808756603921457e-24, 0.0, 0.0, 2.261085229482213e-22, 0.0, 1.0124578396088514e-22, 0.0, 1.1496992975098317e-22]","[0.0020063409213315077, 0.011173687982263085, 0.0009534864519293498, 0.0, 0.0, 0.005502414939370977, 0.0, 0.0, 0.009275286480495009, 0.0, 0.0019075299677088092, 0.0, 0.0, 0.0, 0.9007371596659399, 0.009883937194232778, 0.003693220717094805, 0.009898840251455873, 0.0, 0.0008167337186246194, 0.0, 0.014128753184742797, 0.015844687482127126, 0.011058989122339479, 0.0, 0.0, 0.0, 0.0031189319203438932, 0.0, 0.0]","[0.10480443388223648, 0.0, 0.06930346041917801, 0.0, 0.0, 0.0, 0.0, 0.0, 0.0, 0.0, 0.10480443388223648, 0.0, 0.0, 0.0, 0.0, 0.0, 0.0965728834271431, 0.0, 0.10480443388223648, 0.10254108905792236, 0.10480443388223648, 0.0, 0.10480443388223648, 0.10480443388223648, 0.0, 0.0, 0.0, 0.0, 0.10275595635175705, 0.0]",0.0035867642451266435
